schema_version,campaign_id,manifest_sha256,case_order,case_id,classification,evidence_role,eligible,include_in_scientific_tables,metric,value,unit,applicable,reason
1.0.0,p1_dimer_confirmatory_r2,a041e07ae93e9a858bad809427039bf593641ad1f9e341ed89b9d91f648f297d,1,p1_dimer_ka005_fluid_f000_f1010_d0210_t000,confirmatory_new,primary,true,true,be_minus_a_rms,0.00035088543154656281,a2e0,true,scientific_magnitude_not_a_gate
1.0.0,p1_dimer_confirmatory_r2,a041e07ae93e9a858bad809427039bf593641ad1f9e341ed89b9d91f648f297d,1,p1_dimer_ka005_fluid_f000_f1010_d0210_t000,confirmatory_new,primary,true,true,epsilon_a_e,0.034875873212359881,1,true,scientific_relative_metric_not_a_gate
1.0.0,p1_dimer_confirmatory_r2,a041e07ae93e9a858bad809427039bf593641ad1f9e341ed89b9d91f648f297d,1,p1_dimer_ka005_fluid_f000_f1010_d0210_t000,confirmatory_new,primary,true,true,epsilon_be_e,0,1,true,scientific_relative_metric_not_a_gate
1.0.0,p1_dimer_confirmatory_r2,a041e07ae93e9a858bad809427039bf593641ad1f9e341ed89b9d91f648f297d,1,p1_dimer_ka005_fluid_f000_f1010_d0210_t000,confirmatory_new,primary,true,true,be_e_identity_error,0,1,true,g1_budget_1e-12
1.0.0,p1_dimer_confirmatory_r2,a041e07ae93e9a858bad809427039bf593641ad1f9e341ed89b9d91f648f297d,2,p1_dimer_ka005_fluid_f000_f1010_d0225_t000,confirmatory_new,primary,true,true,be_minus_a_rms,0.00017927495257423444,a2e0,true,scientific_magnitude_not_a_gate
1.0.0,p1_dimer_confirmatory_r2,a041e07ae93e9a858bad809427039bf593641ad1f9e341ed89b9d91f648f297d,2,p1_dimer_ka005_fluid_f000_f1010_d0225_t000,confirmatory_new,primary,true,true,epsilon_a_e,0.023746155709679247,1,true,scientific_relative_metric_not_a_gate
1.0.0,p1_dimer_confirmatory_r2,a041e07ae93e9a858bad809427039bf593641ad1f9e341ed89b9d91f648f297d,2,p1_dimer_ka005_fluid_f000_f1010_d0225_t000,confirmatory_new,primary,true,true,epsilon_be_e,0,1,true,scientific_relative_metric_not_a_gate
1.0.0,p1_dimer_confirmatory_r2,a041e07ae93e9a858bad809427039bf593641ad1f9e341ed89b9d91f648f297d,2,p1_dimer_ka005_fluid_f000_f1010_d0225_t000,confirmatory_new,primary,true,true,be_e_identity_error,0,1,true,g1_budget_1e-12
1.0.0,p1_dimer_confirmatory_r2,a041e07ae93e9a858bad809427039bf593641ad1f9e341ed89b9d91f648f297d,3,p1_dimer_ka005_fluid_f000_f1010_d0250_t000,confirmatory_new,primary,true,true,be_minus_a_rms,6.7589843810462319e-05,a2e0,true,scientific_magnitude_not_a_gate
1.0.0,p1_dimer_confirmatory_r2,a041e07ae93e9a858bad809427039bf593641ad1f9e341ed89b9d91f648f297d,3,p1_dimer_ka005_fluid_f000_f1010_d0250_t000,confirmatory_new,primary,true,true,epsilon_a_e,0.013777842318168469,1,true,scientific_relative_metric_not_a_gate
1.0.0,p1_dimer_confirmatory_r2,a041e07ae93e9a858bad809427039bf593641ad1f9e341ed89b9d91f648f297d,3,p1_dimer_ka005_fluid_f000_f1010_d0250_t000,confirmatory_new,primary,true,true,epsilon_be_e,0,1,true,scientific_relative_metric_not_a_gate
1.0.0,p1_dimer_confirmatory_r2,a041e07ae93e9a858bad809427039bf593641ad1f9e341ed89b9d91f648f297d,3,p1_dimer_ka005_fluid_f000_f1010_d0250_t000,confirmatory_new,primary,true,true,be_e_identity_error,0,1,true,g1_budget_1e-12
1.0.0,p1_dimer_confirmatory_r2,a041e07ae93e9a858bad809427039bf593641ad1f9e341ed89b9d91f648f297d,4,p1_dimer_ka005_fluid_f000_f1010_d0300_t000,confirmatory_new,primary,true,true,be_minus_a_rms,1.3446047216711084e-05,a2e0,true,scientific_magnitude_not_a_gate
1.0.0,p1_dimer_confirmatory_r2,a041e07ae93e9a858bad809427039bf593641ad1f9e341ed89b9d91f648f297d,4,p1_dimer_ka005_fluid_f000_f1010_d0300_t000,confirmatory_new,primary,true,true,epsilon_a_e,0.0057233606444230568,1,true,scientific_relative_metric_not_a_gate
1.0.0,p1_dimer_confirmatory_r2,a041e07ae93e9a858bad809427039bf593641ad1f9e341ed89b9d91f648f297d,4,p1_dimer_ka005_fluid_f000_f1010_d0300_t000,confirmatory_new,primary,true,true,epsilon_be_e,0,1,true,scientific_relative_metric_not_a_gate
1.0.0,p1_dimer_confirmatory_r2,a041e07ae93e9a858bad809427039bf593641ad1f9e341ed89b9d91f648f297d,4,p1_dimer_ka005_fluid_f000_f1010_d0300_t000,confirmatory_new,primary,true,true,be_e_identity_error,0,1,true,g1_budget_1e-12
1.0.0,p1_dimer_confirmatory_r2,a041e07ae93e9a858bad809427039bf593641ad1f9e341ed89b9d91f648f297d,5,p1_dimer_ka005_fluid_f000_f1010_d0400_t000,confirmatory_new,primary,true,true,be_minus_a_rms,9.8466064781113161e-07,a2e0,true,scientific_magnitude_not_a_gate
1.0.0,p1_dimer_confirmatory_r2,a041e07ae93e9a858bad809427039bf593641ad1f9e341ed89b9d91f648f297d,5,p1_dimer_ka005_fluid_f000_f1010_d0400_t000,confirmatory_new,primary,true,true,epsilon_a_e,0.0013265836985673952,1,true,scientific_relative_metric_not_a_gate
1.0.0,p1_dimer_confirmatory_r2,a041e07ae93e9a858bad809427039bf593641ad1f9e341ed89b9d91f648f297d,5,p1_dimer_ka005_fluid_f000_f1010_d0400_t000,confirmatory_new,primary,true,true,epsilon_be_e,0,1,true,scientific_relative_metric_not_a_gate
1.0.0,p1_dimer_confirmatory_r2,a041e07ae93e9a858bad809427039bf593641ad1f9e341ed89b9d91f648f297d,5,p1_dimer_ka005_fluid_f000_f1010_d0400_t000,confirmatory_new,primary,true,true,be_e_identity_error,0,1,true,g1_budget_1e-12
1.0.0,p1_dimer_confirmatory_r2,a041e07ae93e9a858bad809427039bf593641ad1f9e341ed89b9d91f648f297d,6,p1_dimer_ka005_fluid_f000_f1010_d0600_t000,confirmatory_new,primary,true,true,be_minus_a_rms,4.7134900861567092e-08,a2e0,true,scientific_magnitude_not_a_gate
1.0.0,p1_dimer_confirmatory_r2,a041e07ae93e9a858bad809427039bf593641ad1f9e341ed89b9d91f648f297d,6,p1_dimer_ka005_fluid_f000_f1010_d0600_t000,confirmatory_new,primary,true,true,epsilon_a_e,0.00031928377401057825,1,true,scientific_relative_metric_not_a_gate
1.0.0,p1_dimer_confirmatory_r2,a041e07ae93e9a858bad809427039bf593641ad1f9e341ed89b9d91f648f297d,6,p1_dimer_ka005_fluid_f000_f1010_d0600_t000,confirmatory_new,primary,true,true,epsilon_be_e,0,1,true,scientific_relative_metric_not_a_gate
1.0.0,p1_dimer_confirmatory_r2,a041e07ae93e9a858bad809427039bf593641ad1f9e341ed89b9d91f648f297d,6,p1_dimer_ka005_fluid_f000_f1010_d0600_t000,confirmatory_new,primary,true,true,be_e_identity_error,0,1,true,g1_budget_1e-12
1.0.0,p1_dimer_confirmatory_r2,a041e07ae93e9a858bad809427039bf593641ad1f9e341ed89b9d91f648f297d,7,p1_dimer_ka005_fluid_f000_f1010_d0800_t000,confirmatory_new,primary,true,true,be_minus_a_rms,3.1085816843987664e-08,a2e0,true,scientific_magnitude_not_a_gate
1.0.0,p1_dimer_confirmatory_r2,a041e07ae93e9a858bad809427039bf593641ad1f9e341ed89b9d91f648f297d,7,p1_dimer_ka005_fluid_f000_f1010_d0800_t000,confirmatory_new,primary,true,true,epsilon_a_e,0.0006577156180651878,1,true,scientific_relative_metric_not_a_gate
1.0.0,p1_dimer_confirmatory_r2,a041e07ae93e9a858bad809427039bf593641ad1f9e341ed89b9d91f648f297d,7,p1_dimer_ka005_fluid_f000_f1010_d0800_t000,confirmatory_new,primary,true,true,epsilon_be_e,0,1,true,scientific_relative_metric_not_a_gate
1.0.0,p1_dimer_confirmatory_r2,a041e07ae93e9a858bad809427039bf593641ad1f9e341ed89b9d91f648f297d,7,p1_dimer_ka005_fluid_f000_f1010_d0800_t000,confirmatory_new,primary,true,true,be_e_identity_error,0,1,true,g1_budget_1e-12
1.0.0,p1_dimer_confirmatory_r2,a041e07ae93e9a858bad809427039bf593641ad1f9e341ed89b9d91f648f297d,8,p1_dimer_ka005_fluid_f000_f1010_d1000_t000,confirmatory_new,primary,true,true,be_minus_a_rms,1.5202828637558277e-08,a2e0,true,scientific_magnitude_not_a_gate
1.0.0,p1_dimer_confirmatory_r2,a041e07ae93e9a858bad809427039bf593641ad1f9e341ed89b9d91f648f297d,8,p1_dimer_ka005_fluid_f000_f1010_d1000_t000,confirmatory_new,primary,true,true,epsilon_a_e,0.00077301937292118114,1,true,scientific_relative_metric_not_a_gate
1.0.0,p1_dimer_confirmatory_r2,a041e07ae93e9a858bad809427039bf593641ad1f9e341ed89b9d91f648f297d,8,p1_dimer_ka005_fluid_f000_f1010_d1000_t000,confirmatory_new,primary,true,true,epsilon_be_e,0,1,true,scientific_relative_metric_not_a_gate
1.0.0,p1_dimer_confirmatory_r2,a041e07ae93e9a858bad809427039bf593641ad1f9e341ed89b9d91f648f297d,8,p1_dimer_ka005_fluid_f000_f1010_d1000_t000,confirmatory_new,primary,true,true,be_e_identity_error,0,1,true,g1_budget_1e-12
1.0.0,p1_dimer_confirmatory_r2,a041e07ae93e9a858bad809427039bf593641ad1f9e341ed89b9d91f648f297d,9,p1_dimer_ka005_fluid_f000_f1040_d0210_t000,confirmatory_new,primary,true,true,be_minus_a_rms,0.026464247377756739,a2e0,true,scientific_magnitude_not_a_gate
1.0.0,p1_dimer_confirmatory_r2,a041e07ae93e9a858bad809427039bf593641ad1f9e341ed89b9d91f648f297d,9,p1_dimer_ka005_fluid_f000_f1040_d0210_t000,confirmatory_new,primary,true,true,epsilon_a_e,0.14554730529162471,1,true,scientific_relative_metric_not_a_gate
1.0.0,p1_dimer_confirmatory_r2,a041e07ae93e9a858bad809427039bf593641ad1f9e341ed89b9d91f648f297d,9,p1_dimer_ka005_fluid_f000_f1040_d0210_t000,confirmatory_new,primary,true,true,epsilon_be_e,0,1,true,scientific_relative_metric_not_a_gate
1.0.0,p1_dimer_confirmatory_r2,a041e07ae93e9a858bad809427039bf593641ad1f9e341ed89b9d91f648f297d,9,p1_dimer_ka005_fluid_f000_f1040_d0210_t000,confirmatory_new,primary,true,true,be_e_identity_error,0,1,true,g1_budget_1e-12
1.0.0,p1_dimer_confirmatory_r2,a041e07ae93e9a858bad809427039bf593641ad1f9e341ed89b9d91f648f297d,10,p1_dimer_ka005_fluid_f000_f1040_d0225_t000,confirmatory_new,primary,true,true,be_minus_a_rms,0.012940987301124252,a2e0,true,scientific_magnitude_not_a_gate
1.0.0,p1_dimer_confirmatory_r2,a041e07ae93e9a858bad809427039bf593641ad1f9e341ed89b9d91f648f297d,10,p1_dimer_ka005_fluid_f000_f1040_d0225_t000,confirmatory_new,primary,true,true,epsilon_a_e,0.098886675779102901,1,true,scientific_relative_metric_not_a_gate
1.0.0,p1_dimer_confirmatory_r2,a041e07ae93e9a858bad809427039bf593641ad1f9e341ed89b9d91f648f297d,10,p1_dimer_ka005_fluid_f000_f1040_d0225_t000,confirmatory_new,primary,true,true,epsilon_be_e,0,1,true,scientific_relative_metric_not_a_gate
1.0.0,p1_dimer_confirmatory_r2,a041e07ae93e9a858bad809427039bf593641ad1f9e341ed89b9d91f648f297d,10,p1_dimer_ka005_fluid_f000_f1040_d0225_t000,confirmatory_new,primary,true,true,be_e_identity_error,0,1,true,g1_budget_1e-12
1.0.0,p1_dimer_confirmatory_r2,a041e07ae93e9a858bad809427039bf593641ad1f9e341ed89b9d91f648f297d,11,p1_dimer_ka005_fluid_f000_f1040_d0250_t000,confirmatory_new,primary,true,true,be_minus_a_rms,0.0047906552326747939,a2e0,true,scientific_magnitude_not_a_gate
1.0.0,p1_dimer_confirmatory_r2,a041e07ae93e9a858bad809427039bf593641ad1f9e341ed89b9d91f648f297d,11,p1_dimer_ka005_fluid_f000_f1040_d0250_t000,confirmatory_new,primary,true,true,epsilon_a_e,0.058280277647450453,1,true,scientific_relative_metric_not_a_gate
1.0.0,p1_dimer_confirmatory_r2,a041e07ae93e9a858bad809427039bf593641ad1f9e341ed89b9d91f648f297d,11,p1_dimer_ka005_fluid_f000_f1040_d0250_t000,confirmatory_new,primary,true,true,epsilon_be_e,0,1,true,scientific_relative_metric_not_a_gate
1.0.0,p1_dimer_confirmatory_r2,a041e07ae93e9a858bad809427039bf593641ad1f9e341ed89b9d91f648f297d,11,p1_dimer_ka005_fluid_f000_f1040_d0250_t000,confirmatory_new,primary,true,true,be_e_identity_error,0,1,true,g1_budget_1e-12
1.0.0,p1_dimer_confirmatory_r2,a041e07ae93e9a858bad809427039bf593641ad1f9e341ed89b9d91f648f297d,12,p1_dimer_ka005_fluid_f000_f1040_d0300_t000,confirmatory_new,primary,true,true,be_minus_a_rms,0.00098960611897697115,a2e0,true,scientific_magnitude_not_a_gate
1.0.0,p1_dimer_confirmatory_r2,a041e07ae93e9a858bad809427039bf593641ad1f9e341ed89b9d91f648f297d,12,p1_dimer_ka005_fluid_f000_f1040_d0300_t000,confirmatory_new,primary,true,true,epsilon_a_e,0.025795373592824463,1,true,scientific_relative_metric_not_a_gate
1.0.0,p1_dimer_confirmatory_r2,a041e07ae93e9a858bad809427039bf593641ad1f9e341ed89b9d91f648f297d,12,p1_dimer_ka005_fluid_f000_f1040_d0300_t000,confirmatory_new,primary,true,true,epsilon_be_e,0,1,true,scientific_relative_metric_not_a_gate
1.0.0,p1_dimer_confirmatory_r2,a041e07ae93e9a858bad809427039bf593641ad1f9e341ed89b9d91f648f297d,12,p1_dimer_ka005_fluid_f000_f1040_d0300_t000,confirmatory_new,primary,true,true,be_e_identity_error,0,1,true,g1_budget_1e-12
1.0.0,p1_dimer_confirmatory_r2,a041e07ae93e9a858bad809427039bf593641ad1f9e341ed89b9d91f648f297d,13,p1_dimer_ka005_fluid_f000_f1040_d0400_t000,confirmatory_new,primary,true,true,be_minus_a_rms,9.7661000025913922e-05,a2e0,true,scientific_magnitude_not_a_gate
1.0.0,p1_dimer_confirmatory_r2,a041e07ae93e9a858bad809427039bf593641ad1f9e341ed89b9d91f648f297d,13,p1_dimer_ka005_fluid_f000_f1040_d0400_t000,confirmatory_new,primary,true,true,epsilon_a_e,0.0081670329735310659,1,true,scientific_relative_metric_not_a_gate
1.0.0,p1_dimer_confirmatory_r2,a041e07ae93e9a858bad809427039bf593641ad1f9e341ed89b9d91f648f297d,13,p1_dimer_ka005_fluid_f000_f1040_d0400_t000,confirmatory_new,primary,true,true,epsilon_be_e,0,1,true,scientific_relative_metric_not_a_gate
1.0.0,p1_dimer_confirmatory_r2,a041e07ae93e9a858bad809427039bf593641ad1f9e341ed89b9d91f648f297d,13,p1_dimer_ka005_fluid_f000_f1040_d0400_t000,confirmatory_new,primary,true,true,be_e_identity_error,0,1,true,g1_budget_1e-12
1.0.0,p1_dimer_confirmatory_r2,a041e07ae93e9a858bad809427039bf593641ad1f9e341ed89b9d91f648f297d,14,p1_dimer_ka005_fluid_f000_f1040_d0600_t000,confirmatory_new,primary,true,true,be_minus_a_rms,3.8890319697094076e-06,a2e0,true,scientific_magnitude_not_a_gate
1.0.0,p1_dimer_confirmatory_r2,a041e07ae93e9a858bad809427039bf593641ad1f9e341ed89b9d91f648f297d,14,p1_dimer_ka005_fluid_f000_f1040_d0600_t000,confirmatory_new,primary,true,true,epsilon_a_e,0.0016432471952311225,1,true,scientific_relative_metric_not_a_gate
1.0.0,p1_dimer_confirmatory_r2,a041e07ae93e9a858bad809427039bf593641ad1f9e341ed89b9d91f648f297d,14,p1_dimer_ka005_fluid_f000_f1040_d0600_t000,confirmatory_new,primary,true,true,epsilon_be_e,0,1,true,scientific_relative_metric_not_a_gate
1.0.0,p1_dimer_confirmatory_r2,a041e07ae93e9a858bad809427039bf593641ad1f9e341ed89b9d91f648f297d,14,p1_dimer_ka005_fluid_f000_f1040_d0600_t000,confirmatory_new,primary,true,true,be_e_identity_error,0,1,true,g1_budget_1e-12
1.0.0,p1_dimer_confirmatory_r2,a041e07ae93e9a858bad809427039bf593641ad1f9e341ed89b9d91f648f297d,15,p1_dimer_ka005_fluid_f000_f1040_d0800_t000,confirmatory_new,primary,true,true,be_minus_a_rms,2.4439675447599993e-07,a2e0,true,scientific_magnitude_not_a_gate
1.0.0,p1_dimer_confirmatory_r2,a041e07ae93e9a858bad809427039bf593641ad1f9e341ed89b9d91f648f297d,15,p1_dimer_ka005_fluid_f000_f1040_d0800_t000,confirmatory_new,primary,true,true,epsilon_a_e,0.00032286839257113925,1,true,scientific_relative_metric_not_a_gate
1.0.0,p1_dimer_confirmatory_r2,a041e07ae93e9a858bad809427039bf593641ad1f9e341ed89b9d91f648f297d,15,p1_dimer_ka005_fluid_f000_f1040_d0800_t000,confirmatory_new,primary,true,true,epsilon_be_e,0,1,true,scientific_relative_metric_not_a_gate
1.0.0,p1_dimer_confirmatory_r2,a041e07ae93e9a858bad809427039bf593641ad1f9e341ed89b9d91f648f297d,15,p1_dimer_ka005_fluid_f000_f1040_d0800_t000,confirmatory_new,primary,true,true,be_e_identity_error,0,1,true,g1_budget_1e-12
1.0.0,p1_dimer_confirmatory_r2,a041e07ae93e9a858bad809427039bf593641ad1f9e341ed89b9d91f648f297d,16,p1_dimer_ka005_fluid_f000_f1040_d1000_t000,confirmatory_new,primary,true,true,be_minus_a_rms,3.8228603579481928e-08,a2e0,true,scientific_magnitude_not_a_gate
1.0.0,p1_dimer_confirmatory_r2,a041e07ae93e9a858bad809427039bf593641ad1f9e341ed89b9d91f648f297d,16,p1_dimer_ka005_fluid_f000_f1040_d1000_t000,confirmatory_new,primary,true,true,epsilon_a_e,0.00012140919100499663,1,true,scientific_relative_metric_not_a_gate
1.0.0,p1_dimer_confirmatory_r2,a041e07ae93e9a858bad809427039bf593641ad1f9e341ed89b9d91f648f297d,16,p1_dimer_ka005_fluid_f000_f1040_d1000_t000,confirmatory_new,primary,true,true,epsilon_be_e,0,1,true,scientific_relative_metric_not_a_gate
1.0.0,p1_dimer_confirmatory_r2,a041e07ae93e9a858bad809427039bf593641ad1f9e341ed89b9d91f648f297d,16,p1_dimer_ka005_fluid_f000_f1040_d1000_t000,confirmatory_new,primary,true,true,be_e_identity_error,0,1,true,g1_budget_1e-12
1.0.0,p1_dimer_confirmatory_r2,a041e07ae93e9a858bad809427039bf593641ad1f9e341ed89b9d91f648f297d,17,p1_dimer_ka005_fluid_f000_f1060_d0210_t000,confirmatory_new,primary,true,true,be_minus_a_rms,0.10037036987475612,a2e0,true,scientific_magnitude_not_a_gate
1.0.0,p1_dimer_confirmatory_r2,a041e07ae93e9a858bad809427039bf593641ad1f9e341ed89b9d91f648f297d,17,p1_dimer_ka005_fluid_f000_f1060_d0210_t000,confirmatory_new,primary,true,true,epsilon_a_e,0.22307811240770287,1,true,scientific_relative_metric_not_a_gate
1.0.0,p1_dimer_confirmatory_r2,a041e07ae93e9a858bad809427039bf593641ad1f9e341ed89b9d91f648f297d,17,p1_dimer_ka005_fluid_f000_f1060_d0210_t000,confirmatory_new,primary,true,true,epsilon_be_e,0,1,true,scientific_relative_metric_not_a_gate
1.0.0,p1_dimer_confirmatory_r2,a041e07ae93e9a858bad809427039bf593641ad1f9e341ed89b9d91f648f297d,17,p1_dimer_ka005_fluid_f000_f1060_d0210_t000,confirmatory_new,primary,true,true,be_e_identity_error,0,1,true,g1_budget_1e-12
1.0.0,p1_dimer_confirmatory_r2,a041e07ae93e9a858bad809427039bf593641ad1f9e341ed89b9d91f648f297d,18,p1_dimer_ka005_fluid_f000_f1060_d0225_t000,confirmatory_new,primary,true,true,be_minus_a_rms,0.046973854555143524,a2e0,true,scientific_magnitude_not_a_gate
1.0.0,p1_dimer_confirmatory_r2,a041e07ae93e9a858bad809427039bf593641ad1f9e341ed89b9d91f648f297d,18,p1_dimer_ka005_fluid_f000_f1060_d0225_t000,confirmatory_new,primary,true,true,epsilon_a_e,0.15040921043685532,1,true,scientific_relative_metric_not_a_gate
1.0.0,p1_dimer_confirmatory_r2,a041e07ae93e9a858bad809427039bf593641ad1f9e341ed89b9d91f648f297d,18,p1_dimer_ka005_fluid_f000_f1060_d0225_t000,confirmatory_new,primary,true,true,epsilon_be_e,0,1,true,scientific_relative_metric_not_a_gate
1.0.0,p1_dimer_confirmatory_r2,a041e07ae93e9a858bad809427039bf593641ad1f9e341ed89b9d91f648f297d,18,p1_dimer_ka005_fluid_f000_f1060_d0225_t000,confirmatory_new,primary,true,true,be_e_identity_error,0,1,true,g1_budget_1e-12
1.0.0,p1_dimer_confirmatory_r2,a041e07ae93e9a858bad809427039bf593641ad1f9e341ed89b9d91f648f297d,19,p1_dimer_ka005_fluid_f000_f1060_d0250_t000,confirmatory_new,primary,true,true,be_minus_a_rms,0.016926207144209712,a2e0,true,scientific_magnitude_not_a_gate
1.0.0,p1_dimer_confirmatory_r2,a041e07ae93e9a858bad809427039bf593641ad1f9e341ed89b9d91f648f297d,19,p1_dimer_ka005_fluid_f000_f1060_d0250_t000,confirmatory_new,primary,true,true,epsilon_a_e,0.088573501434263721,1,true,scientific_relative_metric_not_a_gate
1.0.0,p1_dimer_confirmatory_r2,a041e07ae93e9a858bad809427039bf593641ad1f9e341ed89b9d91f648f297d,19,p1_dimer_ka005_fluid_f000_f1060_d0250_t000,confirmatory_new,primary,true,true,epsilon_be_e,0,1,true,scientific_relative_metric_not_a_gate
1.0.0,p1_dimer_confirmatory_r2,a041e07ae93e9a858bad809427039bf593641ad1f9e341ed89b9d91f648f297d,19,p1_dimer_ka005_fluid_f000_f1060_d0250_t000,confirmatory_new,primary,true,true,be_e_identity_error,0,1,true,g1_budget_1e-12
1.0.0,p1_dimer_confirmatory_r2,a041e07ae93e9a858bad809427039bf593641ad1f9e341ed89b9d91f648f297d,20,p1_dimer_ka005_fluid_f000_f1060_d0300_t000,confirmatory_new,primary,true,true,be_minus_a_rms,0.0034500586973107289,a2e0,true,scientific_magnitude_not_a_gate
1.0.0,p1_dimer_confirmatory_r2,a041e07ae93e9a858bad809427039bf593641ad1f9e341ed89b9d91f648f297d,20,p1_dimer_ka005_fluid_f000_f1060_d0300_t000,confirmatory_new,primary,true,true,epsilon_a_e,0.039410423177217623,1,true,scientific_relative_metric_not_a_gate
1.0.0,p1_dimer_confirmatory_r2,a041e07ae93e9a858bad809427039bf593641ad1f9e341ed89b9d91f648f297d,20,p1_dimer_ka005_fluid_f000_f1060_d0300_t000,confirmatory_new,primary,true,true,epsilon_be_e,0,1,true,scientific_relative_metric_not_a_gate
1.0.0,p1_dimer_confirmatory_r2,a041e07ae93e9a858bad809427039bf593641ad1f9e341ed89b9d91f648f297d,20,p1_dimer_ka005_fluid_f000_f1060_d0300_t000,confirmatory_new,primary,true,true,be_e_identity_error,0,1,true,g1_budget_1e-12
1.0.0,p1_dimer_confirmatory_r2,a041e07ae93e9a858bad809427039bf593641ad1f9e341ed89b9d91f648f297d,21,p1_dimer_ka005_fluid_f000_f1060_d0400_t000,confirmatory_new,primary,true,true,be_minus_a_rms,0.00034548659647907522,a2e0,true,scientific_magnitude_not_a_gate
1.0.0,p1_dimer_confirmatory_r2,a041e07ae93e9a858bad809427039bf593641ad1f9e341ed89b9d91f648f297d,21,p1_dimer_ka005_fluid_f000_f1060_d0400_t000,confirmatory_new,primary,true,true,epsilon_a_e,0.01278105688146638,1,true,scientific_relative_metric_not_a_gate
1.0.0,p1_dimer_confirmatory_r2,a041e07ae93e9a858bad809427039bf593641ad1f9e341ed89b9d91f648f297d,21,p1_dimer_ka005_fluid_f000_f1060_d0400_t000,confirmatory_new,primary,true,true,epsilon_be_e,0,1,true,scientific_relative_metric_not_a_gate
1.0.0,p1_dimer_confirmatory_r2,a041e07ae93e9a858bad809427039bf593641ad1f9e341ed89b9d91f648f297d,21,p1_dimer_ka005_fluid_f000_f1060_d0400_t000,confirmatory_new,primary,true,true,be_e_identity_error,0,1,true,g1_budget_1e-12
1.0.0,p1_dimer_confirmatory_r2,a041e07ae93e9a858bad809427039bf593641ad1f9e341ed89b9d91f648f297d,22,p1_dimer_ka005_fluid_f000_f1060_d0600_t000,confirmatory_new,primary,true,true,be_minus_a_rms,1.5774211454805138e-05,a2e0,true,scientific_magnitude_not_a_gate
1.0.0,p1_dimer_confirmatory_r2,a041e07ae93e9a858bad809427039bf593641ad1f9e341ed89b9d91f648f297d,22,p1_dimer_ka005_fluid_f000_f1060_d0600_t000,confirmatory_new,primary,true,true,epsilon_a_e,0.0029583806563181539,1,true,scientific_relative_metric_not_a_gate
1.0.0,p1_dimer_confirmatory_r2,a041e07ae93e9a858bad809427039bf593641ad1f9e341ed89b9d91f648f297d,22,p1_dimer_ka005_fluid_f000_f1060_d0600_t000,confirmatory_new,primary,true,true,epsilon_be_e,0,1,true,scientific_relative_metric_not_a_gate
1.0.0,p1_dimer_confirmatory_r2,a041e07ae93e9a858bad809427039bf593641ad1f9e341ed89b9d91f648f297d,22,p1_dimer_ka005_fluid_f000_f1060_d0600_t000,confirmatory_new,primary,true,true,be_e_identity_error,0,1,true,g1_budget_1e-12
1.0.0,p1_dimer_confirmatory_r2,a041e07ae93e9a858bad809427039bf593641ad1f9e341ed89b9d91f648f297d,23,p1_dimer_ka005_fluid_f000_f1060_d0800_t000,confirmatory_new,primary,true,true,be_minus_a_rms,1.6671025777667114e-06,a2e0,true,scientific_magnitude_not_a_gate
1.0.0,p1_dimer_confirmatory_r2,a041e07ae93e9a858bad809427039bf593641ad1f9e341ed89b9d91f648f297d,23,p1_dimer_ka005_fluid_f000_f1060_d0800_t000,confirmatory_new,primary,true,true,epsilon_a_e,0.0009781942654220532,1,true,scientific_relative_metric_not_a_gate
1.0.0,p1_dimer_confirmatory_r2,a041e07ae93e9a858bad809427039bf593641ad1f9e341ed89b9d91f648f297d,23,p1_dimer_ka005_fluid_f000_f1060_d0800_t000,confirmatory_new,primary,true,true,epsilon_be_e,0,1,true,scientific_relative_metric_not_a_gate
1.0.0,p1_dimer_confirmatory_r2,a041e07ae93e9a858bad809427039bf593641ad1f9e341ed89b9d91f648f297d,23,p1_dimer_ka005_fluid_f000_f1060_d0800_t000,confirmatory_new,primary,true,true,be_e_identity_error,0,1,true,g1_budget_1e-12
1.0.0,p1_dimer_confirmatory_r2,a041e07ae93e9a858bad809427039bf593641ad1f9e341ed89b9d91f648f297d,24,p1_dimer_ka005_fluid_f000_f1060_d1000_t000,confirmatory_new,primary,true,true,be_minus_a_rms,2.2223391296313528e-07,a2e0,true,scientific_magnitude_not_a_gate
1.0.0,p1_dimer_confirmatory_r2,a041e07ae93e9a858bad809427039bf593641ad1f9e341ed89b9d91f648f297d,24,p1_dimer_ka005_fluid_f000_f1060_d1000_t000,confirmatory_new,primary,true,true,epsilon_a_e,0.00031354655172090708,1,true,scientific_relative_metric_not_a_gate
1.0.0,p1_dimer_confirmatory_r2,a041e07ae93e9a858bad809427039bf593641ad1f9e341ed89b9d91f648f297d,24,p1_dimer_ka005_fluid_f000_f1060_d1000_t000,confirmatory_new,primary,true,true,epsilon_be_e,0,1,true,scientific_relative_metric_not_a_gate
1.0.0,p1_dimer_confirmatory_r2,a041e07ae93e9a858bad809427039bf593641ad1f9e341ed89b9d91f648f297d,24,p1_dimer_ka005_fluid_f000_f1060_d1000_t000,confirmatory_new,primary,true,true,be_e_identity_error,0,1,true,g1_budget_1e-12
1.0.0,p1_dimer_confirmatory_r2,a041e07ae93e9a858bad809427039bf593641ad1f9e341ed89b9d91f648f297d,25,p1_dimer_ka005_fluid_f020_f1060_d0210_t000,confirmatory_new,primary,true,true,be_minus_a_rms,0.10019082868187185,a2e0,true,scientific_magnitude_not_a_gate
1.0.0,p1_dimer_confirmatory_r2,a041e07ae93e9a858bad809427039bf593641ad1f9e341ed89b9d91f648f297d,25,p1_dimer_ka005_fluid_f020_f1060_d0210_t000,confirmatory_new,primary,true,true,epsilon_a_e,0.22276796637187998,1,true,scientific_relative_metric_not_a_gate
1.0.0,p1_dimer_confirmatory_r2,a041e07ae93e9a858bad809427039bf593641ad1f9e341ed89b9d91f648f297d,25,p1_dimer_ka005_fluid_f020_f1060_d0210_t000,confirmatory_new,primary,true,true,epsilon_be_e,0,1,true,scientific_relative_metric_not_a_gate
1.0.0,p1_dimer_confirmatory_r2,a041e07ae93e9a858bad809427039bf593641ad1f9e341ed89b9d91f648f297d,25,p1_dimer_ka005_fluid_f020_f1060_d0210_t000,confirmatory_new,primary,true,true,be_e_identity_error,0,1,true,g1_budget_1e-12
1.0.0,p1_dimer_confirmatory_r2,a041e07ae93e9a858bad809427039bf593641ad1f9e341ed89b9d91f648f297d,26,p1_dimer_ka005_fluid_f020_f1060_d0225_t000,confirmatory_new,primary,true,true,be_minus_a_rms,0.046851329257778351,a2e0,true,scientific_magnitude_not_a_gate
1.0.0,p1_dimer_confirmatory_r2,a041e07ae93e9a858bad809427039bf593641ad1f9e341ed89b9d91f648f297d,26,p1_dimer_ka005_fluid_f020_f1060_d0225_t000,confirmatory_new,primary,true,true,epsilon_a_e,0.15007576543596865,1,true,scientific_relative_metric_not_a_gate
1.0.0,p1_dimer_confirmatory_r2,a041e07ae93e9a858bad809427039bf593641ad1f9e341ed89b9d91f648f297d,26,p1_dimer_ka005_fluid_f020_f1060_d0225_t000,confirmatory_new,primary,true,true,epsilon_be_e,0,1,true,scientific_relative_metric_not_a_gate
1.0.0,p1_dimer_confirmatory_r2,a041e07ae93e9a858bad809427039bf593641ad1f9e341ed89b9d91f648f297d,26,p1_dimer_ka005_fluid_f020_f1060_d0225_t000,confirmatory_new,primary,true,true,be_e_identity_error,0,1,true,g1_budget_1e-12
1.0.0,p1_dimer_confirmatory_r2,a041e07ae93e9a858bad809427039bf593641ad1f9e341ed89b9d91f648f297d,27,p1_dimer_ka005_fluid_f020_f1060_d0250_t000,confirmatory_new,primary,true,true,be_minus_a_rms,0.016852370626690982,a2e0,true,scientific_magnitude_not_a_gate
1.0.0,p1_dimer_confirmatory_r2,a041e07ae93e9a858bad809427039bf593641ad1f9e341ed89b9d91f648f297d,27,p1_dimer_ka005_fluid_f020_f1060_d0250_t000,confirmatory_new,primary,true,true,epsilon_a_e,0.088221207753371236,1,true,scientific_relative_metric_not_a_gate
1.0.0,p1_dimer_confirmatory_r2,a041e07ae93e9a858bad809427039bf593641ad1f9e341ed89b9d91f648f297d,27,p1_dimer_ka005_fluid_f020_f1060_d0250_t000,confirmatory_new,primary,true,true,epsilon_be_e,0,1,true,scientific_relative_metric_not_a_gate
1.0.0,p1_dimer_confirmatory_r2,a041e07ae93e9a858bad809427039bf593641ad1f9e341ed89b9d91f648f297d,27,p1_dimer_ka005_fluid_f020_f1060_d0250_t000,confirmatory_new,primary,true,true,be_e_identity_error,0,1,true,g1_budget_1e-12
1.0.0,p1_dimer_confirmatory_r2,a041e07ae93e9a858bad809427039bf593641ad1f9e341ed89b9d91f648f297d,28,p1_dimer_ka005_fluid_f020_f1060_d0300_t000,confirmatory_new,primary,true,true,be_minus_a_rms,0.0034166925909254187,a2e0,true,scientific_magnitude_not_a_gate
1.0.0,p1_dimer_confirmatory_r2,a041e07ae93e9a858bad809427039bf593641ad1f9e341ed89b9d91f648f297d,28,p1_dimer_ka005_fluid_f020_f1060_d0300_t000,confirmatory_new,primary,true,true,epsilon_a_e,0.039044159733047021,1,true,scientific_relative_metric_not_a_gate
1.0.0,p1_dimer_confirmatory_r2,a041e07ae93e9a858bad809427039bf593641ad1f9e341ed89b9d91f648f297d,28,p1_dimer_ka005_fluid_f020_f1060_d0300_t000,confirmatory_new,primary,true,true,epsilon_be_e,0,1,true,scientific_relative_metric_not_a_gate
1.0.0,p1_dimer_confirmatory_r2,a041e07ae93e9a858bad809427039bf593641ad1f9e341ed89b9d91f648f297d,28,p1_dimer_ka005_fluid_f020_f1060_d0300_t000,confirmatory_new,primary,true,true,be_e_identity_error,0,1,true,g1_budget_1e-12
1.0.0,p1_dimer_confirmatory_r2,a041e07ae93e9a858bad809427039bf593641ad1f9e341ed89b9d91f648f297d,29,p1_dimer_ka005_fluid_f020_f1060_d0400_t000,confirmatory_new,primary,true,true,be_minus_a_rms,0.00033527407225808839,a2e0,true,scientific_magnitude_not_a_gate
1.0.0,p1_dimer_confirmatory_r2,a041e07ae93e9a858bad809427039bf593641ad1f9e341ed89b9d91f648f297d,29,p1_dimer_ka005_fluid_f020_f1060_d0400_t000,confirmatory_new,primary,true,true,epsilon_a_e,0.012407938835564068,1,true,scientific_relative_metric_not_a_gate
1.0.0,p1_dimer_confirmatory_r2,a041e07ae93e9a858bad809427039bf593641ad1f9e341ed89b9d91f648f297d,29,p1_dimer_ka005_fluid_f020_f1060_d0400_t000,confirmatory_new,primary,true,true,epsilon_be_e,0,1,true,scientific_relative_metric_not_a_gate
1.0.0,p1_dimer_confirmatory_r2,a041e07ae93e9a858bad809427039bf593641ad1f9e341ed89b9d91f648f297d,29,p1_dimer_ka005_fluid_f020_f1060_d0400_t000,confirmatory_new,primary,true,true,be_e_identity_error,0,1,true,g1_budget_1e-12
1.0.0,p1_dimer_confirmatory_r2,a041e07ae93e9a858bad809427039bf593641ad1f9e341ed89b9d91f648f297d,30,p1_dimer_ka005_fluid_f020_f1060_d0600_t000,confirmatory_new,primary,true,true,be_minus_a_rms,1.3767530711385895e-05,a2e0,true,scientific_magnitude_not_a_gate
1.0.0,p1_dimer_confirmatory_r2,a041e07ae93e9a858bad809427039bf593641ad1f9e341ed89b9d91f648f297d,30,p1_dimer_ka005_fluid_f020_f1060_d0600_t000,confirmatory_new,primary,true,true,epsilon_a_e,0.0025830090307546022,1,true,scientific_relative_metric_not_a_gate
1.0.0,p1_dimer_confirmatory_r2,a041e07ae93e9a858bad809427039bf593641ad1f9e341ed89b9d91f648f297d,30,p1_dimer_ka005_fluid_f020_f1060_d0600_t000,confirmatory_new,primary,true,true,epsilon_be_e,0,1,true,scientific_relative_metric_not_a_gate
1.0.0,p1_dimer_confirmatory_r2,a041e07ae93e9a858bad809427039bf593641ad1f9e341ed89b9d91f648f297d,30,p1_dimer_ka005_fluid_f020_f1060_d0600_t000,confirmatory_new,primary,true,true,be_e_identity_error,0,1,true,g1_budget_1e-12
1.0.0,p1_dimer_confirmatory_r2,a041e07ae93e9a858bad809427039bf593641ad1f9e341ed89b9d91f648f297d,31,p1_dimer_ka005_fluid_f020_f1060_d0800_t000,confirmatory_new,primary,true,true,be_minus_a_rms,1.0262734233385494e-06,a2e0,true,scientific_magnitude_not_a_gate
1.0.0,p1_dimer_confirmatory_r2,a041e07ae93e9a858bad809427039bf593641ad1f9e341ed89b9d91f648f297d,31,p1_dimer_ka005_fluid_f020_f1060_d0800_t000,confirmatory_new,primary,true,true,epsilon_a_e,0.00060240588206199796,1,true,scientific_relative_metric_not_a_gate
1.0.0,p1_dimer_confirmatory_r2,a041e07ae93e9a858bad809427039bf593641ad1f9e341ed89b9d91f648f297d,31,p1_dimer_ka005_fluid_f020_f1060_d0800_t000,confirmatory_new,primary,true,true,epsilon_be_e,0,1,true,scientific_relative_metric_not_a_gate
1.0.0,p1_dimer_confirmatory_r2,a041e07ae93e9a858bad809427039bf593641ad1f9e341ed89b9d91f648f297d,31,p1_dimer_ka005_fluid_f020_f1060_d0800_t000,confirmatory_new,primary,true,true,be_e_identity_error,0,1,true,g1_budget_1e-12
1.0.0,p1_dimer_confirmatory_r2,a041e07ae93e9a858bad809427039bf593641ad1f9e341ed89b9d91f648f297d,32,p1_dimer_ka005_fluid_f020_f1060_d1000_t000,confirmatory_new,primary,true,true,be_minus_a_rms,4.4194578180216382e-08,a2e0,true,scientific_magnitude_not_a_gate
1.0.0,p1_dimer_confirmatory_r2,a041e07ae93e9a858bad809427039bf593641ad1f9e341ed89b9d91f648f297d,32,p1_dimer_ka005_fluid_f020_f1060_d1000_t000,confirmatory_new,primary,true,true,epsilon_a_e,6.2376926345122924e-05,1,true,scientific_relative_metric_not_a_gate
1.0.0,p1_dimer_confirmatory_r2,a041e07ae93e9a858bad809427039bf593641ad1f9e341ed89b9d91f648f297d,32,p1_dimer_ka005_fluid_f020_f1060_d1000_t000,confirmatory_new,primary,true,true,epsilon_be_e,0,1,true,scientific_relative_metric_not_a_gate
1.0.0,p1_dimer_confirmatory_r2,a041e07ae93e9a858bad809427039bf593641ad1f9e341ed89b9d91f648f297d,32,p1_dimer_ka005_fluid_f020_f1060_d1000_t000,confirmatory_new,primary,true,true,be_e_identity_error,0,1,true,g1_budget_1e-12
1.0.0,p1_dimer_confirmatory_r2,a041e07ae93e9a858bad809427039bf593641ad1f9e341ed89b9d91f648f297d,33,p1_dimer_ka005_fluid_f000_f1080_d0210_t000,confirmatory_new,primary,true,true,be_minus_a_rms,0.27185501821257707,a2e0,true,scientific_magnitude_not_a_gate
1.0.0,p1_dimer_confirmatory_r2,a041e07ae93e9a858bad809427039bf593641ad1f9e341ed89b9d91f648f297d,33,p1_dimer_ka005_fluid_f000_f1080_d0210_t000,confirmatory_new,primary,true,true,epsilon_a_e,0.30432632922523778,1,true,scientific_relative_metric_not_a_gate
1.0.0,p1_dimer_confirmatory_r2,a041e07ae93e9a858bad809427039bf593641ad1f9e341ed89b9d91f648f297d,33,p1_dimer_ka005_fluid_f000_f1080_d0210_t000,confirmatory_new,primary,true,true,epsilon_be_e,0,1,true,scientific_relative_metric_not_a_gate
1.0.0,p1_dimer_confirmatory_r2,a041e07ae93e9a858bad809427039bf593641ad1f9e341ed89b9d91f648f297d,33,p1_dimer_ka005_fluid_f000_f1080_d0210_t000,confirmatory_new,primary,true,true,be_e_identity_error,0,1,true,g1_budget_1e-12
1.0.0,p1_dimer_confirmatory_r2,a041e07ae93e9a858bad809427039bf593641ad1f9e341ed89b9d91f648f297d,34,p1_dimer_ka005_fluid_f000_f1080_d0225_t000,confirmatory_new,primary,true,true,be_minus_a_rms,0.12031847636919263,a2e0,true,scientific_magnitude_not_a_gate
1.0.0,p1_dimer_confirmatory_r2,a041e07ae93e9a858bad809427039bf593641ad1f9e341ed89b9d91f648f297d,34,p1_dimer_ka005_fluid_f000_f1080_d0225_t000,confirmatory_new,primary,true,true,epsilon_a_e,0.20323314842170592,1,true,scientific_relative_metric_not_a_gate
1.0.0,p1_dimer_confirmatory_r2,a041e07ae93e9a858bad809427039bf593641ad1f9e341ed89b9d91f648f297d,34,p1_dimer_ka005_fluid_f000_f1080_d0225_t000,confirmatory_new,primary,true,true,epsilon_be_e,0,1,true,scientific_relative_metric_not_a_gate
1.0.0,p1_dimer_confirmatory_r2,a041e07ae93e9a858bad809427039bf593641ad1f9e341ed89b9d91f648f297d,34,p1_dimer_ka005_fluid_f000_f1080_d0225_t000,confirmatory_new,primary,true,true,be_e_identity_error,0,1,true,g1_budget_1e-12
1.0.0,p1_dimer_confirmatory_r2,a041e07ae93e9a858bad809427039bf593641ad1f9e341ed89b9d91f648f297d,35,p1_dimer_ka005_fluid_f000_f1080_d0250_t000,confirmatory_new,primary,true,true,be_minus_a_rms,0.041994282425608709,a2e0,true,scientific_magnitude_not_a_gate
1.0.0,p1_dimer_confirmatory_r2,a041e07ae93e9a858bad809427039bf593641ad1f9e341ed89b9d91f648f297d,35,p1_dimer_ka005_fluid_f000_f1080_d0250_t000,confirmatory_new,primary,true,true,epsilon_a_e,0.11942652643604638,1,true,scientific_relative_metric_not_a_gate
1.0.0,p1_dimer_confirmatory_r2,a041e07ae93e9a858bad809427039bf593641ad1f9e341ed89b9d91f648f297d,35,p1_dimer_ka005_fluid_f000_f1080_d0250_t000,confirmatory_new,primary,true,true,epsilon_be_e,0,1,true,scientific_relative_metric_not_a_gate
1.0.0,p1_dimer_confirmatory_r2,a041e07ae93e9a858bad809427039bf593641ad1f9e341ed89b9d91f648f297d,35,p1_dimer_ka005_fluid_f000_f1080_d0250_t000,confirmatory_new,primary,true,true,be_e_identity_error,0,1,true,g1_budget_1e-12
1.0.0,p1_dimer_confirmatory_r2,a041e07ae93e9a858bad809427039bf593641ad1f9e341ed89b9d91f648f297d,36,p1_dimer_ka005_fluid_f000_f1080_d0300_t000,confirmatory_new,primary,true,true,be_minus_a_rms,0.0084055403273984447,a2e0,true,scientific_magnitude_not_a_gate
1.0.0,p1_dimer_confirmatory_r2,a041e07ae93e9a858bad809427039bf593641ad1f9e341ed89b9d91f648f297d,36,p1_dimer_ka005_fluid_f000_f1080_d0300_t000,confirmatory_new,primary,true,true,epsilon_a_e,0.053232660823291506,1,true,scientific_relative_metric_not_a_gate
1.0.0,p1_dimer_confirmatory_r2,a041e07ae93e9a858bad809427039bf593641ad1f9e341ed89b9d91f648f297d,36,p1_dimer_ka005_fluid_f000_f1080_d0300_t000,confirmatory_new,primary,true,true,epsilon_be_e,0,1,true,scientific_relative_metric_not_a_gate
1.0.0,p1_dimer_confirmatory_r2,a041e07ae93e9a858bad809427039bf593641ad1f9e341ed89b9d91f648f297d,36,p1_dimer_ka005_fluid_f000_f1080_d0300_t000,confirmatory_new,primary,true,true,be_e_identity_error,0,1,true,g1_budget_1e-12
1.0.0,p1_dimer_confirmatory_r2,a041e07ae93e9a858bad809427039bf593641ad1f9e341ed89b9d91f648f297d,37,p1_dimer_ka005_fluid_f000_f1080_d0400_t000,confirmatory_new,primary,true,true,be_minus_a_rms,0.00084217811863774097,a2e0,true,scientific_magnitude_not_a_gate
1.0.0,p1_dimer_confirmatory_r2,a041e07ae93e9a858bad809427039bf593641ad1f9e341ed89b9d91f648f297d,37,p1_dimer_ka005_fluid_f000_f1080_d0400_t000,confirmatory_new,primary,true,true,epsilon_a_e,0.017442413497928966,1,true,scientific_relative_metric_not_a_gate
1.0.0,p1_dimer_confirmatory_r2,a041e07ae93e9a858bad809427039bf593641ad1f9e341ed89b9d91f648f297d,37,p1_dimer_ka005_fluid_f000_f1080_d0400_t000,confirmatory_new,primary,true,true,epsilon_be_e,0,1,true,scientific_relative_metric_not_a_gate
1.0.0,p1_dimer_confirmatory_r2,a041e07ae93e9a858bad809427039bf593641ad1f9e341ed89b9d91f648f297d,37,p1_dimer_ka005_fluid_f000_f1080_d0400_t000,confirmatory_new,primary,true,true,be_e_identity_error,0,1,true,g1_budget_1e-12
1.0.0,p1_dimer_confirmatory_r2,a041e07ae93e9a858bad809427039bf593641ad1f9e341ed89b9d91f648f297d,38,p1_dimer_ka005_fluid_f000_f1080_d0600_t000,confirmatory_new,primary,true,true,be_minus_a_rms,4.0621266885631016e-05,a2e0,true,scientific_magnitude_not_a_gate
1.0.0,p1_dimer_confirmatory_r2,a041e07ae93e9a858bad809427039bf593641ad1f9e341ed89b9d91f648f297d,38,p1_dimer_ka005_fluid_f000_f1080_d0600_t000,confirmatory_new,primary,true,true,epsilon_a_e,0.0042796326275784382,1,true,scientific_relative_metric_not_a_gate
1.0.0,p1_dimer_confirmatory_r2,a041e07ae93e9a858bad809427039bf593641ad1f9e341ed89b9d91f648f297d,38,p1_dimer_ka005_fluid_f000_f1080_d0600_t000,confirmatory_new,primary,true,true,epsilon_be_e,0,1,true,scientific_relative_metric_not_a_gate
1.0.0,p1_dimer_confirmatory_r2,a041e07ae93e9a858bad809427039bf593641ad1f9e341ed89b9d91f648f297d,38,p1_dimer_ka005_fluid_f000_f1080_d0600_t000,confirmatory_new,primary,true,true,be_e_identity_error,0,1,true,g1_budget_1e-12
1.0.0,p1_dimer_confirmatory_r2,a041e07ae93e9a858bad809427039bf593641ad1f9e341ed89b9d91f648f297d,39,p1_dimer_ka005_fluid_f000_f1080_d0800_t000,confirmatory_new,primary,true,true,be_minus_a_rms,4.9573648956834256e-06,a2e0,true,scientific_magnitude_not_a_gate
1.0.0,p1_dimer_confirmatory_r2,a041e07ae93e9a858bad809427039bf593641ad1f9e341ed89b9d91f648f297d,39,p1_dimer_ka005_fluid_f000_f1080_d0800_t000,confirmatory_new,primary,true,true,epsilon_a_e,0.0016351233836033551,1,true,scientific_relative_metric_not_a_gate
1.0.0,p1_dimer_confirmatory_r2,a041e07ae93e9a858bad809427039bf593641ad1f9e341ed89b9d91f648f297d,39,p1_dimer_ka005_fluid_f000_f1080_d0800_t000,confirmatory_new,primary,true,true,epsilon_be_e,0,1,true,scientific_relative_metric_not_a_gate
1.0.0,p1_dimer_confirmatory_r2,a041e07ae93e9a858bad809427039bf593641ad1f9e341ed89b9d91f648f297d,39,p1_dimer_ka005_fluid_f000_f1080_d0800_t000,confirmatory_new,primary,true,true,be_e_identity_error,0,1,true,g1_budget_1e-12
1.0.0,p1_dimer_confirmatory_r2,a041e07ae93e9a858bad809427039bf593641ad1f9e341ed89b9d91f648f297d,40,p1_dimer_ka005_fluid_f000_f1080_d1000_t000,confirmatory_new,primary,true,true,be_minus_a_rms,9.4442060147694254e-07,a2e0,true,scientific_magnitude_not_a_gate
1.0.0,p1_dimer_confirmatory_r2,a041e07ae93e9a858bad809427039bf593641ad1f9e341ed89b9d91f648f297d,40,p1_dimer_ka005_fluid_f000_f1080_d1000_t000,confirmatory_new,primary,true,true,epsilon_a_e,0.00074918725005257197,1,true,scientific_relative_metric_not_a_gate
1.0.0,p1_dimer_confirmatory_r2,a041e07ae93e9a858bad809427039bf593641ad1f9e341ed89b9d91f648f297d,40,p1_dimer_ka005_fluid_f000_f1080_d1000_t000,confirmatory_new,primary,true,true,epsilon_be_e,0,1,true,scientific_relative_metric_not_a_gate
1.0.0,p1_dimer_confirmatory_r2,a041e07ae93e9a858bad809427039bf593641ad1f9e341ed89b9d91f648f297d,40,p1_dimer_ka005_fluid_f000_f1080_d1000_t000,confirmatory_new,primary,true,true,be_e_identity_error,0,1,true,g1_budget_1e-12
1.0.0,p1_dimer_confirmatory_r2,a041e07ae93e9a858bad809427039bf593641ad1f9e341ed89b9d91f648f297d,41,p1_dimer_ka005_rigid_boundary_d0210_t000,confirmatory_new,primary,false,true,be_minus_a_rms,,a2e0,false,case_ineligible
1.0.0,p1_dimer_confirmatory_r2,a041e07ae93e9a858bad809427039bf593641ad1f9e341ed89b9d91f648f297d,41,p1_dimer_ka005_rigid_boundary_d0210_t000,confirmatory_new,primary,false,true,epsilon_a_e,,1,false,case_ineligible
1.0.0,p1_dimer_confirmatory_r2,a041e07ae93e9a858bad809427039bf593641ad1f9e341ed89b9d91f648f297d,41,p1_dimer_ka005_rigid_boundary_d0210_t000,confirmatory_new,primary,false,true,epsilon_be_e,,1,false,case_ineligible
1.0.0,p1_dimer_confirmatory_r2,a041e07ae93e9a858bad809427039bf593641ad1f9e341ed89b9d91f648f297d,41,p1_dimer_ka005_rigid_boundary_d0210_t000,confirmatory_new,primary,false,true,be_e_identity_error,,1,false,case_ineligible
1.0.0,p1_dimer_confirmatory_r2,a041e07ae93e9a858bad809427039bf593641ad1f9e341ed89b9d91f648f297d,42,p1_dimer_ka005_rigid_boundary_d0225_t000,confirmatory_new,primary,true,true,be_minus_a_rms,0.25401186163739464,a2e0,true,scientific_magnitude_not_a_gate
1.0.0,p1_dimer_confirmatory_r2,a041e07ae93e9a858bad809427039bf593641ad1f9e341ed89b9d91f648f297d,42,p1_dimer_ka005_rigid_boundary_d0225_t000,confirmatory_new,primary,true,true,epsilon_a_e,0.25630619316073167,1,true,scientific_relative_metric_not_a_gate
1.0.0,p1_dimer_confirmatory_r2,a041e07ae93e9a858bad809427039bf593641ad1f9e341ed89b9d91f648f297d,42,p1_dimer_ka005_rigid_boundary_d0225_t000,confirmatory_new,primary,true,true,epsilon_be_e,0,1,true,scientific_relative_metric_not_a_gate
1.0.0,p1_dimer_confirmatory_r2,a041e07ae93e9a858bad809427039bf593641ad1f9e341ed89b9d91f648f297d,42,p1_dimer_ka005_rigid_boundary_d0225_t000,confirmatory_new,primary,true,true,be_e_identity_error,0,1,true,g1_budget_1e-12
1.0.0,p1_dimer_confirmatory_r2,a041e07ae93e9a858bad809427039bf593641ad1f9e341ed89b9d91f648f297d,43,p1_dimer_ka005_rigid_boundary_d0250_t000,confirmatory_new,primary,true,true,be_minus_a_rms,0.085081806776280633,a2e0,true,scientific_magnitude_not_a_gate
1.0.0,p1_dimer_confirmatory_r2,a041e07ae93e9a858bad809427039bf593641ad1f9e341ed89b9d91f648f297d,43,p1_dimer_ka005_rigid_boundary_d0250_t000,confirmatory_new,primary,true,true,epsilon_a_e,0.14955705310444278,1,true,scientific_relative_metric_not_a_gate
1.0.0,p1_dimer_confirmatory_r2,a041e07ae93e9a858bad809427039bf593641ad1f9e341ed89b9d91f648f297d,43,p1_dimer_ka005_rigid_boundary_d0250_t000,confirmatory_new,primary,true,true,epsilon_be_e,0,1,true,scientific_relative_metric_not_a_gate
1.0.0,p1_dimer_confirmatory_r2,a041e07ae93e9a858bad809427039bf593641ad1f9e341ed89b9d91f648f297d,43,p1_dimer_ka005_rigid_boundary_d0250_t000,confirmatory_new,primary,true,true,be_e_identity_error,0,1,true,g1_budget_1e-12
1.0.0,p1_dimer_confirmatory_r2,a041e07ae93e9a858bad809427039bf593641ad1f9e341ed89b9d91f648f297d,44,p1_dimer_ka005_rigid_boundary_d0300_t000,confirmatory_new,primary,true,true,be_minus_a_rms,0.016464592516725857,a2e0,true,scientific_magnitude_not_a_gate
1.0.0,p1_dimer_confirmatory_r2,a041e07ae93e9a858bad809427039bf593641ad1f9e341ed89b9d91f648f297d,44,p1_dimer_ka005_rigid_boundary_d0300_t000,confirmatory_new,primary,true,true,epsilon_a_e,0.065844486250422329,1,true,scientific_relative_metric_not_a_gate
1.0.0,p1_dimer_confirmatory_r2,a041e07ae93e9a858bad809427039bf593641ad1f9e341ed89b9d91f648f297d,44,p1_dimer_ka005_rigid_boundary_d0300_t000,confirmatory_new,primary,true,true,epsilon_be_e,0,1,true,scientific_relative_metric_not_a_gate
1.0.0,p1_dimer_confirmatory_r2,a041e07ae93e9a858bad809427039bf593641ad1f9e341ed89b9d91f648f297d,44,p1_dimer_ka005_rigid_boundary_d0300_t000,confirmatory_new,primary,true,true,be_e_identity_error,0,1,true,g1_budget_1e-12
1.0.0,p1_dimer_confirmatory_r2,a041e07ae93e9a858bad809427039bf593641ad1f9e341ed89b9d91f648f297d,45,p1_dimer_ka005_rigid_boundary_d0400_t000,confirmatory_new,primary,true,true,be_minus_a_rms,0.0015646448071181542,a2e0,true,scientific_magnitude_not_a_gate
1.0.0,p1_dimer_confirmatory_r2,a041e07ae93e9a858bad809427039bf593641ad1f9e341ed89b9d91f648f297d,45,p1_dimer_ka005_rigid_boundary_d0400_t000,confirmatory_new,primary,true,true,epsilon_a_e,0.020671348495306569,1,true,scientific_relative_metric_not_a_gate
1.0.0,p1_dimer_confirmatory_r2,a041e07ae93e9a858bad809427039bf593641ad1f9e341ed89b9d91f648f297d,45,p1_dimer_ka005_rigid_boundary_d0400_t000,confirmatory_new,primary,true,true,epsilon_be_e,0,1,true,scientific_relative_metric_not_a_gate
1.0.0,p1_dimer_confirmatory_r2,a041e07ae93e9a858bad809427039bf593641ad1f9e341ed89b9d91f648f297d,45,p1_dimer_ka005_rigid_boundary_d0400_t000,confirmatory_new,primary,true,true,be_e_identity_error,0,1,true,g1_budget_1e-12
1.0.0,p1_dimer_confirmatory_r2,a041e07ae93e9a858bad809427039bf593641ad1f9e341ed89b9d91f648f297d,46,p1_dimer_ka005_rigid_boundary_d0600_t000,confirmatory_new,primary,true,true,be_minus_a_rms,6.0922747926732412e-05,a2e0,true,scientific_magnitude_not_a_gate
1.0.0,p1_dimer_confirmatory_r2,a041e07ae93e9a858bad809427039bf593641ad1f9e341ed89b9d91f648f297d,46,p1_dimer_ka005_rigid_boundary_d0600_t000,confirmatory_new,primary,true,true,epsilon_a_e,0.0041085360611245987,1,true,scientific_relative_metric_not_a_gate
1.0.0,p1_dimer_confirmatory_r2,a041e07ae93e9a858bad809427039bf593641ad1f9e341ed89b9d91f648f297d,46,p1_dimer_ka005_rigid_boundary_d0600_t000,confirmatory_new,primary,true,true,epsilon_be_e,0,1,true,scientific_relative_metric_not_a_gate
1.0.0,p1_dimer_confirmatory_r2,a041e07ae93e9a858bad809427039bf593641ad1f9e341ed89b9d91f648f297d,46,p1_dimer_ka005_rigid_boundary_d0600_t000,confirmatory_new,primary,true,true,be_e_identity_error,0,1,true,g1_budget_1e-12
1.0.0,p1_dimer_confirmatory_r2,a041e07ae93e9a858bad809427039bf593641ad1f9e341ed89b9d91f648f297d,47,p1_dimer_ka005_rigid_boundary_d0800_t000,confirmatory_new,primary,true,true,be_minus_a_rms,3.7489223420556286e-06,a2e0,true,scientific_magnitude_not_a_gate
1.0.0,p1_dimer_confirmatory_r2,a041e07ae93e9a858bad809427039bf593641ad1f9e341ed89b9d91f648f297d,47,p1_dimer_ka005_rigid_boundary_d0800_t000,confirmatory_new,primary,true,true,epsilon_a_e,0.00079205008960280389,1,true,scientific_relative_metric_not_a_gate
1.0.0,p1_dimer_confirmatory_r2,a041e07ae93e9a858bad809427039bf593641ad1f9e341ed89b9d91f648f297d,47,p1_dimer_ka005_rigid_boundary_d0800_t000,confirmatory_new,primary,true,true,epsilon_be_e,0,1,true,scientific_relative_metric_not_a_gate
1.0.0,p1_dimer_confirmatory_r2,a041e07ae93e9a858bad809427039bf593641ad1f9e341ed89b9d91f648f297d,47,p1_dimer_ka005_rigid_boundary_d0800_t000,confirmatory_new,primary,true,true,be_e_identity_error,0,1,true,g1_budget_1e-12
1.0.0,p1_dimer_confirmatory_r2,a041e07ae93e9a858bad809427039bf593641ad1f9e341ed89b9d91f648f297d,48,p1_dimer_ka005_rigid_boundary_d1000_t000,confirmatory_new,primary,true,true,be_minus_a_rms,6.2384076649716486e-07,a2e0,true,scientific_magnitude_not_a_gate
1.0.0,p1_dimer_confirmatory_r2,a041e07ae93e9a858bad809427039bf593641ad1f9e341ed89b9d91f648f297d,48,p1_dimer_ka005_rigid_boundary_d1000_t000,confirmatory_new,primary,true,true,epsilon_a_e,0.00031706026376925338,1,true,scientific_relative_metric_not_a_gate
1.0.0,p1_dimer_confirmatory_r2,a041e07ae93e9a858bad809427039bf593641ad1f9e341ed89b9d91f648f297d,48,p1_dimer_ka005_rigid_boundary_d1000_t000,confirmatory_new,primary,true,true,epsilon_be_e,0,1,true,scientific_relative_metric_not_a_gate
1.0.0,p1_dimer_confirmatory_r2,a041e07ae93e9a858bad809427039bf593641ad1f9e341ed89b9d91f648f297d,48,p1_dimer_ka005_rigid_boundary_d1000_t000,confirmatory_new,primary,true,true,be_e_identity_error,0,1,true,g1_budget_1e-12
1.0.0,p1_dimer_confirmatory_r2,a041e07ae93e9a858bad809427039bf593641ad1f9e341ed89b9d91f648f297d,49,p1_dimer_ka010_fluid_f000_f1010_d0210_t000,confirmatory_new,primary,true,true,be_minus_a_rms,0.00033473988282687293,a2e0,true,scientific_magnitude_not_a_gate
1.0.0,p1_dimer_confirmatory_r2,a041e07ae93e9a858bad809427039bf593641ad1f9e341ed89b9d91f648f297d,49,p1_dimer_ka010_fluid_f000_f1010_d0210_t000,confirmatory_new,primary,true,true,epsilon_a_e,0.033145868584280237,1,true,scientific_relative_metric_not_a_gate
1.0.0,p1_dimer_confirmatory_r2,a041e07ae93e9a858bad809427039bf593641ad1f9e341ed89b9d91f648f297d,49,p1_dimer_ka010_fluid_f000_f1010_d0210_t000,confirmatory_new,primary,true,true,epsilon_be_e,0,1,true,scientific_relative_metric_not_a_gate
1.0.0,p1_dimer_confirmatory_r2,a041e07ae93e9a858bad809427039bf593641ad1f9e341ed89b9d91f648f297d,49,p1_dimer_ka010_fluid_f000_f1010_d0210_t000,confirmatory_new,primary,true,true,be_e_identity_error,0,1,true,g1_budget_1e-12
1.0.0,p1_dimer_confirmatory_r2,a041e07ae93e9a858bad809427039bf593641ad1f9e341ed89b9d91f648f297d,50,p1_dimer_ka010_fluid_f000_f1010_d0225_t000,confirmatory_new,primary,true,true,be_minus_a_rms,0.00016602910136343657,a2e0,true,scientific_magnitude_not_a_gate
1.0.0,p1_dimer_confirmatory_r2,a041e07ae93e9a858bad809427039bf593641ad1f9e341ed89b9d91f648f297d,50,p1_dimer_ka010_fluid_f000_f1010_d0225_t000,confirmatory_new,primary,true,true,epsilon_a_e,0.021892983734392555,1,true,scientific_relative_metric_not_a_gate
1.0.0,p1_dimer_confirmatory_r2,a041e07ae93e9a858bad809427039bf593641ad1f9e341ed89b9d91f648f297d,50,p1_dimer_ka010_fluid_f000_f1010_d0225_t000,confirmatory_new,primary,true,true,epsilon_be_e,0,1,true,scientific_relative_metric_not_a_gate
1.0.0,p1_dimer_confirmatory_r2,a041e07ae93e9a858bad809427039bf593641ad1f9e341ed89b9d91f648f297d,50,p1_dimer_ka010_fluid_f000_f1010_d0225_t000,confirmatory_new,primary,true,true,be_e_identity_error,0,1,true,g1_budget_1e-12
1.0.0,p1_dimer_confirmatory_r2,a041e07ae93e9a858bad809427039bf593641ad1f9e341ed89b9d91f648f297d,51,p1_dimer_ka010_fluid_f000_f1010_d0250_t000,confirmatory_new,primary,true,true,be_minus_a_rms,5.8080114070575752e-05,a2e0,true,scientific_magnitude_not_a_gate
1.0.0,p1_dimer_confirmatory_r2,a041e07ae93e9a858bad809427039bf593641ad1f9e341ed89b9d91f648f297d,51,p1_dimer_ka010_fluid_f000_f1010_d0250_t000,confirmatory_new,primary,true,true,epsilon_a_e,0.01176995224898173,1,true,scientific_relative_metric_not_a_gate
1.0.0,p1_dimer_confirmatory_r2,a041e07ae93e9a858bad809427039bf593641ad1f9e341ed89b9d91f648f297d,51,p1_dimer_ka010_fluid_f000_f1010_d0250_t000,confirmatory_new,primary,true,true,epsilon_be_e,0,1,true,scientific_relative_metric_not_a_gate
1.0.0,p1_dimer_confirmatory_r2,a041e07ae93e9a858bad809427039bf593641ad1f9e341ed89b9d91f648f297d,51,p1_dimer_ka010_fluid_f000_f1010_d0250_t000,confirmatory_new,primary,true,true,be_e_identity_error,0,1,true,g1_budget_1e-12
1.0.0,p1_dimer_confirmatory_r2,a041e07ae93e9a858bad809427039bf593641ad1f9e341ed89b9d91f648f297d,52,p1_dimer_ka010_fluid_f000_f1010_d0300_t000,confirmatory_new,primary,true,true,be_minus_a_rms,8.3352754773383629e-06,a2e0,true,scientific_magnitude_not_a_gate
1.0.0,p1_dimer_confirmatory_r2,a041e07ae93e9a858bad809427039bf593641ad1f9e341ed89b9d91f648f297d,52,p1_dimer_ka010_fluid_f000_f1010_d0300_t000,confirmatory_new,primary,true,true,epsilon_a_e,0.0035153308521336914,1,true,scientific_relative_metric_not_a_gate
1.0.0,p1_dimer_confirmatory_r2,a041e07ae93e9a858bad809427039bf593641ad1f9e341ed89b9d91f648f297d,52,p1_dimer_ka010_fluid_f000_f1010_d0300_t000,confirmatory_new,primary,true,true,epsilon_be_e,0,1,true,scientific_relative_metric_not_a_gate
1.0.0,p1_dimer_confirmatory_r2,a041e07ae93e9a858bad809427039bf593641ad1f9e341ed89b9d91f648f297d,52,p1_dimer_ka010_fluid_f000_f1010_d0300_t000,confirmatory_new,primary,true,true,be_e_identity_error,0,1,true,g1_budget_1e-12
1.0.0,p1_dimer_confirmatory_r2,a041e07ae93e9a858bad809427039bf593641ad1f9e341ed89b9d91f648f297d,53,p1_dimer_ka010_fluid_f000_f1010_d0400_t000,confirmatory_new,primary,true,true,be_minus_a_rms,8.1905360812379278e-07,a2e0,true,scientific_magnitude_not_a_gate
1.0.0,p1_dimer_confirmatory_r2,a041e07ae93e9a858bad809427039bf593641ad1f9e341ed89b9d91f648f297d,53,p1_dimer_ka010_fluid_f000_f1010_d0400_t000,confirmatory_new,primary,true,true,epsilon_a_e,0.0010835600811971594,1,true,scientific_relative_metric_not_a_gate
1.0.0,p1_dimer_confirmatory_r2,a041e07ae93e9a858bad809427039bf593641ad1f9e341ed89b9d91f648f297d,53,p1_dimer_ka010_fluid_f000_f1010_d0400_t000,confirmatory_new,primary,true,true,epsilon_be_e,0,1,true,scientific_relative_metric_not_a_gate
1.0.0,p1_dimer_confirmatory_r2,a041e07ae93e9a858bad809427039bf593641ad1f9e341ed89b9d91f648f297d,53,p1_dimer_ka010_fluid_f000_f1010_d0400_t000,confirmatory_new,primary,true,true,be_e_identity_error,0,1,true,g1_budget_1e-12
1.0.0,p1_dimer_confirmatory_r2,a041e07ae93e9a858bad809427039bf593641ad1f9e341ed89b9d91f648f297d,54,p1_dimer_ka010_fluid_f000_f1010_d0600_t000,confirmatory_new,primary,true,true,be_minus_a_rms,4.4515659328118865e-07,a2e0,true,scientific_magnitude_not_a_gate
1.0.0,p1_dimer_confirmatory_r2,a041e07ae93e9a858bad809427039bf593641ad1f9e341ed89b9d91f648f297d,54,p1_dimer_ka010_fluid_f000_f1010_d0600_t000,confirmatory_new,primary,true,true,epsilon_a_e,0.0028819333333019019,1,true,scientific_relative_metric_not_a_gate
1.0.0,p1_dimer_confirmatory_r2,a041e07ae93e9a858bad809427039bf593641ad1f9e341ed89b9d91f648f297d,54,p1_dimer_ka010_fluid_f000_f1010_d0600_t000,confirmatory_new,primary,true,true,epsilon_be_e,0,1,true,scientific_relative_metric_not_a_gate
1.0.0,p1_dimer_confirmatory_r2,a041e07ae93e9a858bad809427039bf593641ad1f9e341ed89b9d91f648f297d,54,p1_dimer_ka010_fluid_f000_f1010_d0600_t000,confirmatory_new,primary,true,true,be_e_identity_error,0,1,true,g1_budget_1e-12
1.0.0,p1_dimer_confirmatory_r2,a041e07ae93e9a858bad809427039bf593641ad1f9e341ed89b9d91f648f297d,55,p1_dimer_ka010_fluid_f000_f1010_d0800_t000,confirmatory_new,primary,true,true,be_minus_a_rms,1.6876381687762863e-07,a2e0,true,scientific_magnitude_not_a_gate
1.0.0,p1_dimer_confirmatory_r2,a041e07ae93e9a858bad809427039bf593641ad1f9e341ed89b9d91f648f297d,55,p1_dimer_ka010_fluid_f000_f1010_d0800_t000,confirmatory_new,primary,true,true,epsilon_a_e,0.0032793089137658528,1,true,scientific_relative_metric_not_a_gate
1.0.0,p1_dimer_confirmatory_r2,a041e07ae93e9a858bad809427039bf593641ad1f9e341ed89b9d91f648f297d,55,p1_dimer_ka010_fluid_f000_f1010_d0800_t000,confirmatory_new,primary,true,true,epsilon_be_e,0,1,true,scientific_relative_metric_not_a_gate
1.0.0,p1_dimer_confirmatory_r2,a041e07ae93e9a858bad809427039bf593641ad1f9e341ed89b9d91f648f297d,55,p1_dimer_ka010_fluid_f000_f1010_d0800_t000,confirmatory_new,primary,true,true,be_e_identity_error,0,1,true,g1_budget_1e-12
1.0.0,p1_dimer_confirmatory_r2,a041e07ae93e9a858bad809427039bf593641ad1f9e341ed89b9d91f648f297d,56,p1_dimer_ka010_fluid_f000_f1010_d1000_t000,confirmatory_new,primary,true,true,be_minus_a_rms,7.7313451025537905e-08,a2e0,true,scientific_magnitude_not_a_gate
1.0.0,p1_dimer_confirmatory_r2,a041e07ae93e9a858bad809427039bf593641ad1f9e341ed89b9d91f648f297d,56,p1_dimer_ka010_fluid_f000_f1010_d1000_t000,confirmatory_new,primary,true,true,epsilon_a_e,0.0034249378562649846,1,true,scientific_relative_metric_not_a_gate
1.0.0,p1_dimer_confirmatory_r2,a041e07ae93e9a858bad809427039bf593641ad1f9e341ed89b9d91f648f297d,56,p1_dimer_ka010_fluid_f000_f1010_d1000_t000,confirmatory_new,primary,true,true,epsilon_be_e,0,1,true,scientific_relative_metric_not_a_gate
1.0.0,p1_dimer_confirmatory_r2,a041e07ae93e9a858bad809427039bf593641ad1f9e341ed89b9d91f648f297d,56,p1_dimer_ka010_fluid_f000_f1010_d1000_t000,confirmatory_new,primary,true,true,be_e_identity_error,0,1,true,g1_budget_1e-12
1.0.0,p1_dimer_confirmatory_r2,a041e07ae93e9a858bad809427039bf593641ad1f9e341ed89b9d91f648f297d,57,p1_dimer_ka010_fluid_f000_f1040_d0210_t000,confirmatory_new,primary,true,true,be_minus_a_rms,0.026561688524309651,a2e0,true,scientific_magnitude_not_a_gate
1.0.0,p1_dimer_confirmatory_r2,a041e07ae93e9a858bad809427039bf593641ad1f9e341ed89b9d91f648f297d,57,p1_dimer_ka010_fluid_f000_f1040_d0210_t000,confirmatory_new,primary,true,true,epsilon_a_e,0.14531280364863911,1,true,scientific_relative_metric_not_a_gate
1.0.0,p1_dimer_confirmatory_r2,a041e07ae93e9a858bad809427039bf593641ad1f9e341ed89b9d91f648f297d,57,p1_dimer_ka010_fluid_f000_f1040_d0210_t000,confirmatory_new,primary,true,true,epsilon_be_e,0,1,true,scientific_relative_metric_not_a_gate
1.0.0,p1_dimer_confirmatory_r2,a041e07ae93e9a858bad809427039bf593641ad1f9e341ed89b9d91f648f297d,57,p1_dimer_ka010_fluid_f000_f1040_d0210_t000,confirmatory_new,primary,true,true,be_e_identity_error,0,1,true,g1_budget_1e-12
1.0.0,p1_dimer_confirmatory_r2,a041e07ae93e9a858bad809427039bf593641ad1f9e341ed89b9d91f648f297d,58,p1_dimer_ka010_fluid_f000_f1040_d0225_t000,confirmatory_new,primary,true,true,be_minus_a_rms,0.012966777608057242,a2e0,true,scientific_magnitude_not_a_gate
1.0.0,p1_dimer_confirmatory_r2,a041e07ae93e9a858bad809427039bf593641ad1f9e341ed89b9d91f648f297d,58,p1_dimer_ka010_fluid_f000_f1040_d0225_t000,confirmatory_new,primary,true,true,epsilon_a_e,0.09849508133930672,1,true,scientific_relative_metric_not_a_gate
1.0.0,p1_dimer_confirmatory_r2,a041e07ae93e9a858bad809427039bf593641ad1f9e341ed89b9d91f648f297d,58,p1_dimer_ka010_fluid_f000_f1040_d0225_t000,confirmatory_new,primary,true,true,epsilon_be_e,0,1,true,scientific_relative_metric_not_a_gate
1.0.0,p1_dimer_confirmatory_r2,a041e07ae93e9a858bad809427039bf593641ad1f9e341ed89b9d91f648f297d,58,p1_dimer_ka010_fluid_f000_f1040_d0225_t000,confirmatory_new,primary,true,true,be_e_identity_error,0,1,true,g1_budget_1e-12
1.0.0,p1_dimer_confirmatory_r2,a041e07ae93e9a858bad809427039bf593641ad1f9e341ed89b9d91f648f297d,59,p1_dimer_ka010_fluid_f000_f1040_d0250_t000,confirmatory_new,primary,true,true,be_minus_a_rms,0.0047757679340834913,a2e0,true,scientific_magnitude_not_a_gate
1.0.0,p1_dimer_confirmatory_r2,a041e07ae93e9a858bad809427039bf593641ad1f9e341ed89b9d91f648f297d,59,p1_dimer_ka010_fluid_f000_f1040_d0250_t000,confirmatory_new,primary,true,true,epsilon_a_e,0.057678194719613531,1,true,scientific_relative_metric_not_a_gate
1.0.0,p1_dimer_confirmatory_r2,a041e07ae93e9a858bad809427039bf593641ad1f9e341ed89b9d91f648f297d,59,p1_dimer_ka010_fluid_f000_f1040_d0250_t000,confirmatory_new,primary,true,true,epsilon_be_e,0,1,true,scientific_relative_metric_not_a_gate
1.0.0,p1_dimer_confirmatory_r2,a041e07ae93e9a858bad809427039bf593641ad1f9e341ed89b9d91f648f297d,59,p1_dimer_ka010_fluid_f000_f1040_d0250_t000,confirmatory_new,primary,true,true,be_e_identity_error,0,1,true,g1_budget_1e-12
1.0.0,p1_dimer_confirmatory_r2,a041e07ae93e9a858bad809427039bf593641ad1f9e341ed89b9d91f648f297d,60,p1_dimer_ka010_fluid_f000_f1040_d0300_t000,confirmatory_new,primary,true,true,be_minus_a_rms,0.00096535244849885876,a2e0,true,scientific_magnitude_not_a_gate
1.0.0,p1_dimer_confirmatory_r2,a041e07ae93e9a858bad809427039bf593641ad1f9e341ed89b9d91f648f297d,60,p1_dimer_ka010_fluid_f000_f1040_d0300_t000,confirmatory_new,primary,true,true,epsilon_a_e,0.024899516731976518,1,true,scientific_relative_metric_not_a_gate
1.0.0,p1_dimer_confirmatory_r2,a041e07ae93e9a858bad809427039bf593641ad1f9e341ed89b9d91f648f297d,60,p1_dimer_ka010_fluid_f000_f1040_d0300_t000,confirmatory_new,primary,true,true,epsilon_be_e,0,1,true,scientific_relative_metric_not_a_gate
1.0.0,p1_dimer_confirmatory_r2,a041e07ae93e9a858bad809427039bf593641ad1f9e341ed89b9d91f648f297d,60,p1_dimer_ka010_fluid_f000_f1040_d0300_t000,confirmatory_new,primary,true,true,be_e_identity_error,0,1,true,g1_budget_1e-12
1.0.0,p1_dimer_confirmatory_r2,a041e07ae93e9a858bad809427039bf593641ad1f9e341ed89b9d91f648f297d,61,p1_dimer_ka010_fluid_f000_f1040_d0400_t000,confirmatory_new,primary,true,true,be_minus_a_rms,8.4725517761049217e-05,a2e0,true,scientific_magnitude_not_a_gate
1.0.0,p1_dimer_confirmatory_r2,a041e07ae93e9a858bad809427039bf593641ad1f9e341ed89b9d91f648f297d,61,p1_dimer_ka010_fluid_f000_f1040_d0400_t000,confirmatory_new,primary,true,true,epsilon_a_e,0.0069492197563727365,1,true,scientific_relative_metric_not_a_gate
1.0.0,p1_dimer_confirmatory_r2,a041e07ae93e9a858bad809427039bf593641ad1f9e341ed89b9d91f648f297d,61,p1_dimer_ka010_fluid_f000_f1040_d0400_t000,confirmatory_new,primary,true,true,epsilon_be_e,0,1,true,scientific_relative_metric_not_a_gate
1.0.0,p1_dimer_confirmatory_r2,a041e07ae93e9a858bad809427039bf593641ad1f9e341ed89b9d91f648f297d,61,p1_dimer_ka010_fluid_f000_f1040_d0400_t000,confirmatory_new,primary,true,true,be_e_identity_error,0,1,true,g1_budget_1e-12
1.0.0,p1_dimer_confirmatory_r2,a041e07ae93e9a858bad809427039bf593641ad1f9e341ed89b9d91f648f297d,62,p1_dimer_ka010_fluid_f000_f1040_d0600_t000,confirmatory_new,primary,true,true,be_minus_a_rms,3.8874679396264447e-07,a2e0,true,scientific_magnitude_not_a_gate
1.0.0,p1_dimer_confirmatory_r2,a041e07ae93e9a858bad809427039bf593641ad1f9e341ed89b9d91f648f297d,62,p1_dimer_ka010_fluid_f000_f1040_d0600_t000,confirmatory_new,primary,true,true,epsilon_a_e,0.00015681949064627368,1,true,scientific_relative_metric_not_a_gate
1.0.0,p1_dimer_confirmatory_r2,a041e07ae93e9a858bad809427039bf593641ad1f9e341ed89b9d91f648f297d,62,p1_dimer_ka010_fluid_f000_f1040_d0600_t000,confirmatory_new,primary,true,true,epsilon_be_e,0,1,true,scientific_relative_metric_not_a_gate
1.0.0,p1_dimer_confirmatory_r2,a041e07ae93e9a858bad809427039bf593641ad1f9e341ed89b9d91f648f297d,62,p1_dimer_ka010_fluid_f000_f1040_d0600_t000,confirmatory_new,primary,true,true,be_e_identity_error,0,1,true,g1_budget_1e-12
1.0.0,p1_dimer_confirmatory_r2,a041e07ae93e9a858bad809427039bf593641ad1f9e341ed89b9d91f648f297d,63,p1_dimer_ka010_fluid_f000_f1040_d0800_t000,confirmatory_new,primary,true,true,be_minus_a_rms,1.056443220046532e-06,a2e0,true,scientific_magnitude_not_a_gate
1.0.0,p1_dimer_confirmatory_r2,a041e07ae93e9a858bad809427039bf593641ad1f9e341ed89b9d91f648f297d,63,p1_dimer_ka010_fluid_f000_f1040_d0800_t000,confirmatory_new,primary,true,true,epsilon_a_e,0.001280451253206696,1,true,scientific_relative_metric_not_a_gate
1.0.0,p1_dimer_confirmatory_r2,a041e07ae93e9a858bad809427039bf593641ad1f9e341ed89b9d91f648f297d,63,p1_dimer_ka010_fluid_f000_f1040_d0800_t000,confirmatory_new,primary,true,true,epsilon_be_e,0,1,true,scientific_relative_metric_not_a_gate
1.0.0,p1_dimer_confirmatory_r2,a041e07ae93e9a858bad809427039bf593641ad1f9e341ed89b9d91f648f297d,63,p1_dimer_ka010_fluid_f000_f1040_d0800_t000,confirmatory_new,primary,true,true,be_e_identity_error,0,1,true,g1_budget_1e-12
1.0.0,p1_dimer_confirmatory_r2,a041e07ae93e9a858bad809427039bf593641ad1f9e341ed89b9d91f648f297d,64,p1_dimer_ka010_fluid_f000_f1040_d1000_t000,confirmatory_new,primary,true,true,be_minus_a_rms,6.4797158542322184e-07,a2e0,true,scientific_magnitude_not_a_gate
1.0.0,p1_dimer_confirmatory_r2,a041e07ae93e9a858bad809427039bf593641ad1f9e341ed89b9d91f648f297d,64,p1_dimer_ka010_fluid_f000_f1040_d1000_t000,confirmatory_new,primary,true,true,epsilon_a_e,0.0017911250402536274,1,true,scientific_relative_metric_not_a_gate
1.0.0,p1_dimer_confirmatory_r2,a041e07ae93e9a858bad809427039bf593641ad1f9e341ed89b9d91f648f297d,64,p1_dimer_ka010_fluid_f000_f1040_d1000_t000,confirmatory_new,primary,true,true,epsilon_be_e,0,1,true,scientific_relative_metric_not_a_gate
1.0.0,p1_dimer_confirmatory_r2,a041e07ae93e9a858bad809427039bf593641ad1f9e341ed89b9d91f648f297d,64,p1_dimer_ka010_fluid_f000_f1040_d1000_t000,confirmatory_new,primary,true,true,be_e_identity_error,0,1,true,g1_budget_1e-12
1.0.0,p1_dimer_confirmatory_r2,a041e07ae93e9a858bad809427039bf593641ad1f9e341ed89b9d91f648f297d,65,p1_dimer_ka010_fluid_f000_f1060_d0210_t000,confirmatory_new,primary,true,true,be_minus_a_rms,0.10129504092229813,a2e0,true,scientific_magnitude_not_a_gate
1.0.0,p1_dimer_confirmatory_r2,a041e07ae93e9a858bad809427039bf593641ad1f9e341ed89b9d91f648f297d,65,p1_dimer_ka010_fluid_f000_f1060_d0210_t000,confirmatory_new,primary,true,true,epsilon_a_e,0.22370410764830945,1,true,scientific_relative_metric_not_a_gate
1.0.0,p1_dimer_confirmatory_r2,a041e07ae93e9a858bad809427039bf593641ad1f9e341ed89b9d91f648f297d,65,p1_dimer_ka010_fluid_f000_f1060_d0210_t000,confirmatory_new,primary,true,true,epsilon_be_e,0,1,true,scientific_relative_metric_not_a_gate
1.0.0,p1_dimer_confirmatory_r2,a041e07ae93e9a858bad809427039bf593641ad1f9e341ed89b9d91f648f297d,65,p1_dimer_ka010_fluid_f000_f1060_d0210_t000,confirmatory_new,primary,true,true,be_e_identity_error,0,1,true,g1_budget_1e-12
1.0.0,p1_dimer_confirmatory_r2,a041e07ae93e9a858bad809427039bf593641ad1f9e341ed89b9d91f648f297d,66,p1_dimer_ka010_fluid_f000_f1060_d0225_t000,confirmatory_new,primary,true,true,be_minus_a_rms,0.047459240745309939,a2e0,true,scientific_magnitude_not_a_gate
1.0.0,p1_dimer_confirmatory_r2,a041e07ae93e9a858bad809427039bf593641ad1f9e341ed89b9d91f648f297d,66,p1_dimer_ka010_fluid_f000_f1060_d0225_t000,confirmatory_new,primary,true,true,epsilon_a_e,0.15090656428841084,1,true,scientific_relative_metric_not_a_gate
1.0.0,p1_dimer_confirmatory_r2,a041e07ae93e9a858bad809427039bf593641ad1f9e341ed89b9d91f648f297d,66,p1_dimer_ka010_fluid_f000_f1060_d0225_t000,confirmatory_new,primary,true,true,epsilon_be_e,0,1,true,scientific_relative_metric_not_a_gate
1.0.0,p1_dimer_confirmatory_r2,a041e07ae93e9a858bad809427039bf593641ad1f9e341ed89b9d91f648f297d,66,p1_dimer_ka010_fluid_f000_f1060_d0225_t000,confirmatory_new,primary,true,true,be_e_identity_error,0,1,true,g1_budget_1e-12
1.0.0,p1_dimer_confirmatory_r2,a041e07ae93e9a858bad809427039bf593641ad1f9e341ed89b9d91f648f297d,67,p1_dimer_ka010_fluid_f000_f1060_d0250_t000,confirmatory_new,primary,true,true,be_minus_a_rms,0.017121941857950324,a2e0,true,scientific_magnitude_not_a_gate
1.0.0,p1_dimer_confirmatory_r2,a041e07ae93e9a858bad809427039bf593641ad1f9e341ed89b9d91f648f297d,67,p1_dimer_ka010_fluid_f000_f1060_d0250_t000,confirmatory_new,primary,true,true,epsilon_a_e,0.0888634502178825,1,true,scientific_relative_metric_not_a_gate
1.0.0,p1_dimer_confirmatory_r2,a041e07ae93e9a858bad809427039bf593641ad1f9e341ed89b9d91f648f297d,67,p1_dimer_ka010_fluid_f000_f1060_d0250_t000,confirmatory_new,primary,true,true,epsilon_be_e,0,1,true,scientific_relative_metric_not_a_gate
1.0.0,p1_dimer_confirmatory_r2,a041e07ae93e9a858bad809427039bf593641ad1f9e341ed89b9d91f648f297d,67,p1_dimer_ka010_fluid_f000_f1060_d0250_t000,confirmatory_new,primary,true,true,be_e_identity_error,0,1,true,g1_budget_1e-12
1.0.0,p1_dimer_confirmatory_r2,a041e07ae93e9a858bad809427039bf593641ad1f9e341ed89b9d91f648f297d,68,p1_dimer_ka010_fluid_f000_f1060_d0300_t000,confirmatory_new,primary,true,true,be_minus_a_rms,0.0034863287993281492,a2e0,true,scientific_magnitude_not_a_gate
1.0.0,p1_dimer_confirmatory_r2,a041e07ae93e9a858bad809427039bf593641ad1f9e341ed89b9d91f648f297d,68,p1_dimer_ka010_fluid_f000_f1060_d0300_t000,confirmatory_new,primary,true,true,epsilon_a_e,0.039372804178367915,1,true,scientific_relative_metric_not_a_gate
1.0.0,p1_dimer_confirmatory_r2,a041e07ae93e9a858bad809427039bf593641ad1f9e341ed89b9d91f648f297d,68,p1_dimer_ka010_fluid_f000_f1060_d0300_t000,confirmatory_new,primary,true,true,epsilon_be_e,0,1,true,scientific_relative_metric_not_a_gate
1.0.0,p1_dimer_confirmatory_r2,a041e07ae93e9a858bad809427039bf593641ad1f9e341ed89b9d91f648f297d,68,p1_dimer_ka010_fluid_f000_f1060_d0300_t000,confirmatory_new,primary,true,true,be_e_identity_error,0,1,true,g1_budget_1e-12
1.0.0,p1_dimer_confirmatory_r2,a041e07ae93e9a858bad809427039bf593641ad1f9e341ed89b9d91f648f297d,69,p1_dimer_ka010_fluid_f000_f1060_d0400_t000,confirmatory_new,primary,true,true,be_minus_a_rms,0.00034076414238466343,a2e0,true,scientific_magnitude_not_a_gate
1.0.0,p1_dimer_confirmatory_r2,a041e07ae93e9a858bad809427039bf593641ad1f9e341ed89b9d91f648f297d,69,p1_dimer_ka010_fluid_f000_f1060_d0400_t000,confirmatory_new,primary,true,true,epsilon_a_e,0.012354433795495908,1,true,scientific_relative_metric_not_a_gate
1.0.0,p1_dimer_confirmatory_r2,a041e07ae93e9a858bad809427039bf593641ad1f9e341ed89b9d91f648f297d,69,p1_dimer_ka010_fluid_f000_f1060_d0400_t000,confirmatory_new,primary,true,true,epsilon_be_e,0,1,true,scientific_relative_metric_not_a_gate
1.0.0,p1_dimer_confirmatory_r2,a041e07ae93e9a858bad809427039bf593641ad1f9e341ed89b9d91f648f297d,69,p1_dimer_ka010_fluid_f000_f1060_d0400_t000,confirmatory_new,primary,true,true,be_e_identity_error,0,1,true,g1_budget_1e-12
1.0.0,p1_dimer_confirmatory_r2,a041e07ae93e9a858bad809427039bf593641ad1f9e341ed89b9d91f648f297d,70,p1_dimer_ka010_fluid_f000_f1060_d0600_t000,confirmatory_new,primary,true,true,be_minus_a_rms,1.2236039380285595e-05,a2e0,true,scientific_magnitude_not_a_gate
1.0.0,p1_dimer_confirmatory_r2,a041e07ae93e9a858bad809427039bf593641ad1f9e341ed89b9d91f648f297d,70,p1_dimer_ka010_fluid_f000_f1060_d0600_t000,confirmatory_new,primary,true,true,epsilon_a_e,0.0021893128636447522,1,true,scientific_relative_metric_not_a_gate
1.0.0,p1_dimer_confirmatory_r2,a041e07ae93e9a858bad809427039bf593641ad1f9e341ed89b9d91f648f297d,70,p1_dimer_ka010_fluid_f000_f1060_d0600_t000,confirmatory_new,primary,true,true,epsilon_be_e,0,1,true,scientific_relative_metric_not_a_gate
1.0.0,p1_dimer_confirmatory_r2,a041e07ae93e9a858bad809427039bf593641ad1f9e341ed89b9d91f648f297d,70,p1_dimer_ka010_fluid_f000_f1060_d0600_t000,confirmatory_new,primary,true,true,be_e_identity_error,0,1,true,g1_budget_1e-12
1.0.0,p1_dimer_confirmatory_r2,a041e07ae93e9a858bad809427039bf593641ad1f9e341ed89b9d91f648f297d,71,p1_dimer_ka010_fluid_f000_f1060_d0800_t000,confirmatory_new,primary,true,true,be_minus_a_rms,1.0065255519472408e-07,a2e0,true,scientific_magnitude_not_a_gate
1.0.0,p1_dimer_confirmatory_r2,a041e07ae93e9a858bad809427039bf593641ad1f9e341ed89b9d91f648f297d,71,p1_dimer_ka010_fluid_f000_f1060_d0800_t000,confirmatory_new,primary,true,true,epsilon_a_e,5.4147688488355332e-05,1,true,scientific_relative_metric_not_a_gate
1.0.0,p1_dimer_confirmatory_r2,a041e07ae93e9a858bad809427039bf593641ad1f9e341ed89b9d91f648f297d,71,p1_dimer_ka010_fluid_f000_f1060_d0800_t000,confirmatory_new,primary,true,true,epsilon_be_e,0,1,true,scientific_relative_metric_not_a_gate
1.0.0,p1_dimer_confirmatory_r2,a041e07ae93e9a858bad809427039bf593641ad1f9e341ed89b9d91f648f297d,71,p1_dimer_ka010_fluid_f000_f1060_d0800_t000,confirmatory_new,primary,true,true,be_e_identity_error,0,1,true,g1_budget_1e-12
1.0.0,p1_dimer_confirmatory_r2,a041e07ae93e9a858bad809427039bf593641ad1f9e341ed89b9d91f648f297d,72,p1_dimer_ka010_fluid_f000_f1060_d1000_t000,confirmatory_new,primary,true,true,be_minus_a_rms,5.7104403621411996e-07,a2e0,true,scientific_magnitude_not_a_gate
1.0.0,p1_dimer_confirmatory_r2,a041e07ae93e9a858bad809427039bf593641ad1f9e341ed89b9d91f648f297d,72,p1_dimer_ka010_fluid_f000_f1060_d1000_t000,confirmatory_new,primary,true,true,epsilon_a_e,0.00070078385190656489,1,true,scientific_relative_metric_not_a_gate
1.0.0,p1_dimer_confirmatory_r2,a041e07ae93e9a858bad809427039bf593641ad1f9e341ed89b9d91f648f297d,72,p1_dimer_ka010_fluid_f000_f1060_d1000_t000,confirmatory_new,primary,true,true,epsilon_be_e,0,1,true,scientific_relative_metric_not_a_gate
1.0.0,p1_dimer_confirmatory_r2,a041e07ae93e9a858bad809427039bf593641ad1f9e341ed89b9d91f648f297d,72,p1_dimer_ka010_fluid_f000_f1060_d1000_t000,confirmatory_new,primary,true,true,be_e_identity_error,0,1,true,g1_budget_1e-12
1.0.0,p1_dimer_confirmatory_r2,a041e07ae93e9a858bad809427039bf593641ad1f9e341ed89b9d91f648f297d,73,p1_dimer_ka010_fluid_f020_f1060_d0210_t000,confirmatory_new,primary,true,true,be_minus_a_rms,0.10057092821230867,a2e0,true,scientific_magnitude_not_a_gate
1.0.0,p1_dimer_confirmatory_r2,a041e07ae93e9a858bad809427039bf593641ad1f9e341ed89b9d91f648f297d,73,p1_dimer_ka010_fluid_f020_f1060_d0210_t000,confirmatory_new,primary,true,true,epsilon_a_e,0.22246069782120254,1,true,scientific_relative_metric_not_a_gate
1.0.0,p1_dimer_confirmatory_r2,a041e07ae93e9a858bad809427039bf593641ad1f9e341ed89b9d91f648f297d,73,p1_dimer_ka010_fluid_f020_f1060_d0210_t000,confirmatory_new,primary,true,true,epsilon_be_e,0,1,true,scientific_relative_metric_not_a_gate
1.0.0,p1_dimer_confirmatory_r2,a041e07ae93e9a858bad809427039bf593641ad1f9e341ed89b9d91f648f297d,73,p1_dimer_ka010_fluid_f020_f1060_d0210_t000,confirmatory_new,primary,true,true,be_e_identity_error,0,1,true,g1_budget_1e-12
1.0.0,p1_dimer_confirmatory_r2,a041e07ae93e9a858bad809427039bf593641ad1f9e341ed89b9d91f648f297d,74,p1_dimer_ka010_fluid_f020_f1060_d0225_t000,confirmatory_new,primary,true,true,be_minus_a_rms,0.046964760323891658,a2e0,true,scientific_magnitude_not_a_gate
1.0.0,p1_dimer_confirmatory_r2,a041e07ae93e9a858bad809427039bf593641ad1f9e341ed89b9d91f648f297d,74,p1_dimer_ka010_fluid_f020_f1060_d0225_t000,confirmatory_new,primary,true,true,epsilon_a_e,0.14956942912510762,1,true,scientific_relative_metric_not_a_gate
1.0.0,p1_dimer_confirmatory_r2,a041e07ae93e9a858bad809427039bf593641ad1f9e341ed89b9d91f648f297d,74,p1_dimer_ka010_fluid_f020_f1060_d0225_t000,confirmatory_new,primary,true,true,epsilon_be_e,0,1,true,scientific_relative_metric_not_a_gate
1.0.0,p1_dimer_confirmatory_r2,a041e07ae93e9a858bad809427039bf593641ad1f9e341ed89b9d91f648f297d,74,p1_dimer_ka010_fluid_f020_f1060_d0225_t000,confirmatory_new,primary,true,true,be_e_identity_error,0,1,true,g1_budget_1e-12
1.0.0,p1_dimer_confirmatory_r2,a041e07ae93e9a858bad809427039bf593641ad1f9e341ed89b9d91f648f297d,75,p1_dimer_ka010_fluid_f020_f1060_d0250_t000,confirmatory_new,primary,true,true,be_minus_a_rms,0.016823577496428585,a2e0,true,scientific_magnitude_not_a_gate
1.0.0,p1_dimer_confirmatory_r2,a041e07ae93e9a858bad809427039bf593641ad1f9e341ed89b9d91f648f297d,75,p1_dimer_ka010_fluid_f020_f1060_d0250_t000,confirmatory_new,primary,true,true,epsilon_a_e,0.087450347914938234,1,true,scientific_relative_metric_not_a_gate
1.0.0,p1_dimer_confirmatory_r2,a041e07ae93e9a858bad809427039bf593641ad1f9e341ed89b9d91f648f297d,75,p1_dimer_ka010_fluid_f020_f1060_d0250_t000,confirmatory_new,primary,true,true,epsilon_be_e,0,1,true,scientific_relative_metric_not_a_gate
1.0.0,p1_dimer_confirmatory_r2,a041e07ae93e9a858bad809427039bf593641ad1f9e341ed89b9d91f648f297d,75,p1_dimer_ka010_fluid_f020_f1060_d0250_t000,confirmatory_new,primary,true,true,be_e_identity_error,0,1,true,g1_budget_1e-12
1.0.0,p1_dimer_confirmatory_r2,a041e07ae93e9a858bad809427039bf593641ad1f9e341ed89b9d91f648f297d,76,p1_dimer_ka010_fluid_f020_f1060_d0300_t000,confirmatory_new,primary,true,true,be_minus_a_rms,0.0033510701436172685,a2e0,true,scientific_magnitude_not_a_gate
1.0.0,p1_dimer_confirmatory_r2,a041e07ae93e9a858bad809427039bf593641ad1f9e341ed89b9d91f648f297d,76,p1_dimer_ka010_fluid_f020_f1060_d0300_t000,confirmatory_new,primary,true,true,epsilon_a_e,0.037903161153086631,1,true,scientific_relative_metric_not_a_gate
1.0.0,p1_dimer_confirmatory_r2,a041e07ae93e9a858bad809427039bf593641ad1f9e341ed89b9d91f648f297d,76,p1_dimer_ka010_fluid_f020_f1060_d0300_t000,confirmatory_new,primary,true,true,epsilon_be_e,0,1,true,scientific_relative_metric_not_a_gate
1.0.0,p1_dimer_confirmatory_r2,a041e07ae93e9a858bad809427039bf593641ad1f9e341ed89b9d91f648f297d,76,p1_dimer_ka010_fluid_f020_f1060_d0300_t000,confirmatory_new,primary,true,true,be_e_identity_error,0,1,true,g1_budget_1e-12
1.0.0,p1_dimer_confirmatory_r2,a041e07ae93e9a858bad809427039bf593641ad1f9e341ed89b9d91f648f297d,77,p1_dimer_ka010_fluid_f020_f1060_d0400_t000,confirmatory_new,primary,true,true,be_minus_a_rms,0.00029900113214380644,a2e0,true,scientific_magnitude_not_a_gate
1.0.0,p1_dimer_confirmatory_r2,a041e07ae93e9a858bad809427039bf593641ad1f9e341ed89b9d91f648f297d,77,p1_dimer_ka010_fluid_f020_f1060_d0400_t000,confirmatory_new,primary,true,true,epsilon_a_e,0.010856750645933444,1,true,scientific_relative_metric_not_a_gate
1.0.0,p1_dimer_confirmatory_r2,a041e07ae93e9a858bad809427039bf593641ad1f9e341ed89b9d91f648f297d,77,p1_dimer_ka010_fluid_f020_f1060_d0400_t000,confirmatory_new,primary,true,true,epsilon_be_e,0,1,true,scientific_relative_metric_not_a_gate
1.0.0,p1_dimer_confirmatory_r2,a041e07ae93e9a858bad809427039bf593641ad1f9e341ed89b9d91f648f297d,77,p1_dimer_ka010_fluid_f020_f1060_d0400_t000,confirmatory_new,primary,true,true,be_e_identity_error,0,1,true,g1_budget_1e-12
1.0.0,p1_dimer_confirmatory_r2,a041e07ae93e9a858bad809427039bf593641ad1f9e341ed89b9d91f648f297d,78,p1_dimer_ka010_fluid_f020_f1060_d0600_t000,confirmatory_new,primary,true,true,be_minus_a_rms,3.8068106963684047e-06,a2e0,true,scientific_magnitude_not_a_gate
1.0.0,p1_dimer_confirmatory_r2,a041e07ae93e9a858bad809427039bf593641ad1f9e341ed89b9d91f648f297d,78,p1_dimer_ka010_fluid_f020_f1060_d0600_t000,confirmatory_new,primary,true,true,epsilon_a_e,0.00068215604940366124,1,true,scientific_relative_metric_not_a_gate
1.0.0,p1_dimer_confirmatory_r2,a041e07ae93e9a858bad809427039bf593641ad1f9e341ed89b9d91f648f297d,78,p1_dimer_ka010_fluid_f020_f1060_d0600_t000,confirmatory_new,primary,true,true,epsilon_be_e,0,1,true,scientific_relative_metric_not_a_gate
1.0.0,p1_dimer_confirmatory_r2,a041e07ae93e9a858bad809427039bf593641ad1f9e341ed89b9d91f648f297d,78,p1_dimer_ka010_fluid_f020_f1060_d0600_t000,confirmatory_new,primary,true,true,be_e_identity_error,0,1,true,g1_budget_1e-12
1.0.0,p1_dimer_confirmatory_r2,a041e07ae93e9a858bad809427039bf593641ad1f9e341ed89b9d91f648f297d,79,p1_dimer_ka010_fluid_f020_f1060_d0800_t000,confirmatory_new,primary,true,true,be_minus_a_rms,2.7002915300301626e-06,a2e0,true,scientific_magnitude_not_a_gate
1.0.0,p1_dimer_confirmatory_r2,a041e07ae93e9a858bad809427039bf593641ad1f9e341ed89b9d91f648f297d,79,p1_dimer_ka010_fluid_f020_f1060_d0800_t000,confirmatory_new,primary,true,true,epsilon_a_e,0.0014548581987693912,1,true,scientific_relative_metric_not_a_gate
1.0.0,p1_dimer_confirmatory_r2,a041e07ae93e9a858bad809427039bf593641ad1f9e341ed89b9d91f648f297d,79,p1_dimer_ka010_fluid_f020_f1060_d0800_t000,confirmatory_new,primary,true,true,epsilon_be_e,0,1,true,scientific_relative_metric_not_a_gate
1.0.0,p1_dimer_confirmatory_r2,a041e07ae93e9a858bad809427039bf593641ad1f9e341ed89b9d91f648f297d,79,p1_dimer_ka010_fluid_f020_f1060_d0800_t000,confirmatory_new,primary,true,true,be_e_identity_error,0,1,true,g1_budget_1e-12
1.0.0,p1_dimer_confirmatory_r2,a041e07ae93e9a858bad809427039bf593641ad1f9e341ed89b9d91f648f297d,80,p1_dimer_ka010_fluid_f020_f1060_d1000_t000,confirmatory_new,primary,true,true,be_minus_a_rms,1.7984861570304435e-06,a2e0,true,scientific_magnitude_not_a_gate
1.0.0,p1_dimer_confirmatory_r2,a041e07ae93e9a858bad809427039bf593641ad1f9e341ed89b9d91f648f297d,80,p1_dimer_ka010_fluid_f020_f1060_d1000_t000,confirmatory_new,primary,true,true,epsilon_a_e,0.0022104274339925256,1,true,scientific_relative_metric_not_a_gate
1.0.0,p1_dimer_confirmatory_r2,a041e07ae93e9a858bad809427039bf593641ad1f9e341ed89b9d91f648f297d,80,p1_dimer_ka010_fluid_f020_f1060_d1000_t000,confirmatory_new,primary,true,true,epsilon_be_e,0,1,true,scientific_relative_metric_not_a_gate
1.0.0,p1_dimer_confirmatory_r2,a041e07ae93e9a858bad809427039bf593641ad1f9e341ed89b9d91f648f297d,80,p1_dimer_ka010_fluid_f020_f1060_d1000_t000,confirmatory_new,primary,true,true,be_e_identity_error,0,1,true,g1_budget_1e-12
1.0.0,p1_dimer_confirmatory_r2,a041e07ae93e9a858bad809427039bf593641ad1f9e341ed89b9d91f648f297d,81,p1_dimer_ka010_fluid_f000_f1080_d0210_t000,confirmatory_new,primary,true,true,be_minus_a_rms,0.27513625714293011,a2e0,true,scientific_magnitude_not_a_gate
1.0.0,p1_dimer_confirmatory_r2,a041e07ae93e9a858bad809427039bf593641ad1f9e341ed89b9d91f648f297d,81,p1_dimer_ka010_fluid_f000_f1080_d0210_t000,confirmatory_new,primary,true,true,epsilon_a_e,0.30569050164626033,1,true,scientific_relative_metric_not_a_gate
1.0.0,p1_dimer_confirmatory_r2,a041e07ae93e9a858bad809427039bf593641ad1f9e341ed89b9d91f648f297d,81,p1_dimer_ka010_fluid_f000_f1080_d0210_t000,confirmatory_new,primary,true,true,epsilon_be_e,0,1,true,scientific_relative_metric_not_a_gate
1.0.0,p1_dimer_confirmatory_r2,a041e07ae93e9a858bad809427039bf593641ad1f9e341ed89b9d91f648f297d,81,p1_dimer_ka010_fluid_f000_f1080_d0210_t000,confirmatory_new,primary,true,true,be_e_identity_error,0,1,true,g1_budget_1e-12
1.0.0,p1_dimer_confirmatory_r2,a041e07ae93e9a858bad809427039bf593641ad1f9e341ed89b9d91f648f297d,82,p1_dimer_ka010_fluid_f000_f1080_d0225_t000,confirmatory_new,primary,true,true,be_minus_a_rms,0.12207503078344645,a2e0,true,scientific_magnitude_not_a_gate
1.0.0,p1_dimer_confirmatory_r2,a041e07ae93e9a858bad809427039bf593641ad1f9e341ed89b9d91f648f297d,82,p1_dimer_ka010_fluid_f000_f1080_d0225_t000,confirmatory_new,primary,true,true,epsilon_a_e,0.2045479895122061,1,true,scientific_relative_metric_not_a_gate
1.0.0,p1_dimer_confirmatory_r2,a041e07ae93e9a858bad809427039bf593641ad1f9e341ed89b9d91f648f297d,82,p1_dimer_ka010_fluid_f000_f1080_d0225_t000,confirmatory_new,primary,true,true,epsilon_be_e,0,1,true,scientific_relative_metric_not_a_gate
1.0.0,p1_dimer_confirmatory_r2,a041e07ae93e9a858bad809427039bf593641ad1f9e341ed89b9d91f648f297d,82,p1_dimer_ka010_fluid_f000_f1080_d0225_t000,confirmatory_new,primary,true,true,be_e_identity_error,0,1,true,g1_budget_1e-12
1.0.0,p1_dimer_confirmatory_r2,a041e07ae93e9a858bad809427039bf593641ad1f9e341ed89b9d91f648f297d,83,p1_dimer_ka010_fluid_f000_f1080_d0250_t000,confirmatory_new,primary,true,true,be_minus_a_rms,0.042789955788523071,a2e0,true,scientific_magnitude_not_a_gate
1.0.0,p1_dimer_confirmatory_r2,a041e07ae93e9a858bad809427039bf593641ad1f9e341ed89b9d91f648f297d,83,p1_dimer_ka010_fluid_f000_f1080_d0250_t000,confirmatory_new,primary,true,true,epsilon_a_e,0.12057318984999524,1,true,scientific_relative_metric_not_a_gate
1.0.0,p1_dimer_confirmatory_r2,a041e07ae93e9a858bad809427039bf593641ad1f9e341ed89b9d91f648f297d,83,p1_dimer_ka010_fluid_f000_f1080_d0250_t000,confirmatory_new,primary,true,true,epsilon_be_e,0,1,true,scientific_relative_metric_not_a_gate
1.0.0,p1_dimer_confirmatory_r2,a041e07ae93e9a858bad809427039bf593641ad1f9e341ed89b9d91f648f297d,83,p1_dimer_ka010_fluid_f000_f1080_d0250_t000,confirmatory_new,primary,true,true,be_e_identity_error,0,1,true,g1_budget_1e-12
1.0.0,p1_dimer_confirmatory_r2,a041e07ae93e9a858bad809427039bf593641ad1f9e341ed89b9d91f648f297d,84,p1_dimer_ka010_fluid_f000_f1080_d0300_t000,confirmatory_new,primary,true,true,be_minus_a_rms,0.0086391010940814611,a2e0,true,scientific_magnitude_not_a_gate
1.0.0,p1_dimer_confirmatory_r2,a041e07ae93e9a858bad809427039bf593641ad1f9e341ed89b9d91f648f297d,84,p1_dimer_ka010_fluid_f000_f1080_d0300_t000,confirmatory_new,primary,true,true,epsilon_a_e,0.054042547361007338,1,true,scientific_relative_metric_not_a_gate
1.0.0,p1_dimer_confirmatory_r2,a041e07ae93e9a858bad809427039bf593641ad1f9e341ed89b9d91f648f297d,84,p1_dimer_ka010_fluid_f000_f1080_d0300_t000,confirmatory_new,primary,true,true,epsilon_be_e,0,1,true,scientific_relative_metric_not_a_gate
1.0.0,p1_dimer_confirmatory_r2,a041e07ae93e9a858bad809427039bf593641ad1f9e341ed89b9d91f648f297d,84,p1_dimer_ka010_fluid_f000_f1080_d0300_t000,confirmatory_new,primary,true,true,be_e_identity_error,0,1,true,g1_budget_1e-12
1.0.0,p1_dimer_confirmatory_r2,a041e07ae93e9a858bad809427039bf593641ad1f9e341ed89b9d91f648f297d,85,p1_dimer_ka010_fluid_f000_f1080_d0400_t000,confirmatory_new,primary,true,true,be_minus_a_rms,0.00087802251409167809,a2e0,true,scientific_magnitude_not_a_gate
1.0.0,p1_dimer_confirmatory_r2,a041e07ae93e9a858bad809427039bf593641ad1f9e341ed89b9d91f648f297d,85,p1_dimer_ka010_fluid_f000_f1080_d0400_t000,confirmatory_new,primary,true,true,epsilon_a_e,0.017807084327205566,1,true,scientific_relative_metric_not_a_gate
1.0.0,p1_dimer_confirmatory_r2,a041e07ae93e9a858bad809427039bf593641ad1f9e341ed89b9d91f648f297d,85,p1_dimer_ka010_fluid_f000_f1080_d0400_t000,confirmatory_new,primary,true,true,epsilon_be_e,0,1,true,scientific_relative_metric_not_a_gate
1.0.0,p1_dimer_confirmatory_r2,a041e07ae93e9a858bad809427039bf593641ad1f9e341ed89b9d91f648f297d,85,p1_dimer_ka010_fluid_f000_f1080_d0400_t000,confirmatory_new,primary,true,true,be_e_identity_error,0,1,true,g1_budget_1e-12
1.0.0,p1_dimer_confirmatory_r2,a041e07ae93e9a858bad809427039bf593641ad1f9e341ed89b9d91f648f297d,86,p1_dimer_ka010_fluid_f000_f1080_d0600_t000,confirmatory_new,primary,true,true,be_minus_a_rms,4.2125151197051902e-05,a2e0,true,scientific_magnitude_not_a_gate
1.0.0,p1_dimer_confirmatory_r2,a041e07ae93e9a858bad809427039bf593641ad1f9e341ed89b9d91f648f297d,86,p1_dimer_ka010_fluid_f000_f1080_d0600_t000,confirmatory_new,primary,true,true,epsilon_a_e,0.00423098435763838,1,true,scientific_relative_metric_not_a_gate
1.0.0,p1_dimer_confirmatory_r2,a041e07ae93e9a858bad809427039bf593641ad1f9e341ed89b9d91f648f297d,86,p1_dimer_ka010_fluid_f000_f1080_d0600_t000,confirmatory_new,primary,true,true,epsilon_be_e,0,1,true,scientific_relative_metric_not_a_gate
1.0.0,p1_dimer_confirmatory_r2,a041e07ae93e9a858bad809427039bf593641ad1f9e341ed89b9d91f648f297d,86,p1_dimer_ka010_fluid_f000_f1080_d0600_t000,confirmatory_new,primary,true,true,be_e_identity_error,0,1,true,g1_budget_1e-12
1.0.0,p1_dimer_confirmatory_r2,a041e07ae93e9a858bad809427039bf593641ad1f9e341ed89b9d91f648f297d,87,p1_dimer_ka010_fluid_f000_f1080_d0800_t000,confirmatory_new,primary,true,true,be_minus_a_rms,4.6123279410915756e-06,a2e0,true,scientific_magnitude_not_a_gate
1.0.0,p1_dimer_confirmatory_r2,a041e07ae93e9a858bad809427039bf593641ad1f9e341ed89b9d91f648f297d,87,p1_dimer_ka010_fluid_f000_f1080_d0800_t000,confirmatory_new,primary,true,true,epsilon_a_e,0.0013938485134133614,1,true,scientific_relative_metric_not_a_gate
1.0.0,p1_dimer_confirmatory_r2,a041e07ae93e9a858bad809427039bf593641ad1f9e341ed89b9d91f648f297d,87,p1_dimer_ka010_fluid_f000_f1080_d0800_t000,confirmatory_new,primary,true,true,epsilon_be_e,0,1,true,scientific_relative_metric_not_a_gate
1.0.0,p1_dimer_confirmatory_r2,a041e07ae93e9a858bad809427039bf593641ad1f9e341ed89b9d91f648f297d,87,p1_dimer_ka010_fluid_f000_f1080_d0800_t000,confirmatory_new,primary,true,true,be_e_identity_error,0,1,true,g1_budget_1e-12
1.0.0,p1_dimer_confirmatory_r2,a041e07ae93e9a858bad809427039bf593641ad1f9e341ed89b9d91f648f297d,88,p1_dimer_ka010_fluid_f000_f1080_d1000_t000,confirmatory_new,primary,true,true,be_minus_a_rms,5.7119976022896625e-07,a2e0,true,scientific_magnitude_not_a_gate
1.0.0,p1_dimer_confirmatory_r2,a041e07ae93e9a858bad809427039bf593641ad1f9e341ed89b9d91f648f297d,88,p1_dimer_ka010_fluid_f000_f1080_d1000_t000,confirmatory_new,primary,true,true,epsilon_a_e,0.00039386709590041446,1,true,scientific_relative_metric_not_a_gate
1.0.0,p1_dimer_confirmatory_r2,a041e07ae93e9a858bad809427039bf593641ad1f9e341ed89b9d91f648f297d,88,p1_dimer_ka010_fluid_f000_f1080_d1000_t000,confirmatory_new,primary,true,true,epsilon_be_e,0,1,true,scientific_relative_metric_not_a_gate
1.0.0,p1_dimer_confirmatory_r2,a041e07ae93e9a858bad809427039bf593641ad1f9e341ed89b9d91f648f297d,88,p1_dimer_ka010_fluid_f000_f1080_d1000_t000,confirmatory_new,primary,true,true,be_e_identity_error,0,1,true,g1_budget_1e-12
1.0.0,p1_dimer_confirmatory_r2,a041e07ae93e9a858bad809427039bf593641ad1f9e341ed89b9d91f648f297d,89,p1_dimer_ka010_rigid_boundary_d0210_t000,confirmatory_new,primary,false,true,be_minus_a_rms,,a2e0,false,case_ineligible
1.0.0,p1_dimer_confirmatory_r2,a041e07ae93e9a858bad809427039bf593641ad1f9e341ed89b9d91f648f297d,89,p1_dimer_ka010_rigid_boundary_d0210_t000,confirmatory_new,primary,false,true,epsilon_a_e,,1,false,case_ineligible
1.0.0,p1_dimer_confirmatory_r2,a041e07ae93e9a858bad809427039bf593641ad1f9e341ed89b9d91f648f297d,89,p1_dimer_ka010_rigid_boundary_d0210_t000,confirmatory_new,primary,false,true,epsilon_be_e,,1,false,case_ineligible
1.0.0,p1_dimer_confirmatory_r2,a041e07ae93e9a858bad809427039bf593641ad1f9e341ed89b9d91f648f297d,89,p1_dimer_ka010_rigid_boundary_d0210_t000,confirmatory_new,primary,false,true,be_e_identity_error,,1,false,case_ineligible
1.0.0,p1_dimer_confirmatory_r2,a041e07ae93e9a858bad809427039bf593641ad1f9e341ed89b9d91f648f297d,90,p1_dimer_ka010_rigid_boundary_d0225_t000,confirmatory_new,primary,true,true,be_minus_a_rms,0.25350933150001165,a2e0,true,scientific_magnitude_not_a_gate
1.0.0,p1_dimer_confirmatory_r2,a041e07ae93e9a858bad809427039bf593641ad1f9e341ed89b9d91f648f297d,90,p1_dimer_ka010_rigid_boundary_d0225_t000,confirmatory_new,primary,true,true,epsilon_a_e,0.25471332689360898,1,true,scientific_relative_metric_not_a_gate
1.0.0,p1_dimer_confirmatory_r2,a041e07ae93e9a858bad809427039bf593641ad1f9e341ed89b9d91f648f297d,90,p1_dimer_ka010_rigid_boundary_d0225_t000,confirmatory_new,primary,true,true,epsilon_be_e,0,1,true,scientific_relative_metric_not_a_gate
1.0.0,p1_dimer_confirmatory_r2,a041e07ae93e9a858bad809427039bf593641ad1f9e341ed89b9d91f648f297d,90,p1_dimer_ka010_rigid_boundary_d0225_t000,confirmatory_new,primary,true,true,be_e_identity_error,0,1,true,g1_budget_1e-12
1.0.0,p1_dimer_confirmatory_r2,a041e07ae93e9a858bad809427039bf593641ad1f9e341ed89b9d91f648f297d,91,p1_dimer_ka010_rigid_boundary_d0250_t000,confirmatory_new,primary,true,true,be_minus_a_rms,0.08435492101626102,a2e0,true,scientific_magnitude_not_a_gate
1.0.0,p1_dimer_confirmatory_r2,a041e07ae93e9a858bad809427039bf593641ad1f9e341ed89b9d91f648f297d,91,p1_dimer_ka010_rigid_boundary_d0250_t000,confirmatory_new,primary,true,true,epsilon_a_e,0.14747162080214626,1,true,scientific_relative_metric_not_a_gate
1.0.0,p1_dimer_confirmatory_r2,a041e07ae93e9a858bad809427039bf593641ad1f9e341ed89b9d91f648f297d,91,p1_dimer_ka010_rigid_boundary_d0250_t000,confirmatory_new,primary,true,true,epsilon_be_e,0,1,true,scientific_relative_metric_not_a_gate
1.0.0,p1_dimer_confirmatory_r2,a041e07ae93e9a858bad809427039bf593641ad1f9e341ed89b9d91f648f297d,91,p1_dimer_ka010_rigid_boundary_d0250_t000,confirmatory_new,primary,true,true,be_e_identity_error,0,1,true,g1_budget_1e-12
1.0.0,p1_dimer_confirmatory_r2,a041e07ae93e9a858bad809427039bf593641ad1f9e341ed89b9d91f648f297d,92,p1_dimer_ka010_rigid_boundary_d0300_t000,confirmatory_new,primary,true,true,be_minus_a_rms,0.015925686088139601,a2e0,true,scientific_magnitude_not_a_gate
1.0.0,p1_dimer_confirmatory_r2,a041e07ae93e9a858bad809427039bf593641ad1f9e341ed89b9d91f648f297d,92,p1_dimer_ka010_rigid_boundary_d0300_t000,confirmatory_new,primary,true,true,epsilon_a_e,0.063145979268463159,1,true,scientific_relative_metric_not_a_gate
1.0.0,p1_dimer_confirmatory_r2,a041e07ae93e9a858bad809427039bf593641ad1f9e341ed89b9d91f648f297d,92,p1_dimer_ka010_rigid_boundary_d0300_t000,confirmatory_new,primary,true,true,epsilon_be_e,0,1,true,scientific_relative_metric_not_a_gate
1.0.0,p1_dimer_confirmatory_r2,a041e07ae93e9a858bad809427039bf593641ad1f9e341ed89b9d91f648f297d,92,p1_dimer_ka010_rigid_boundary_d0300_t000,confirmatory_new,primary,true,true,be_e_identity_error,0,1,true,g1_budget_1e-12
1.0.0,p1_dimer_confirmatory_r2,a041e07ae93e9a858bad809427039bf593641ad1f9e341ed89b9d91f648f297d,93,p1_dimer_ka010_rigid_boundary_d0400_t000,confirmatory_new,primary,true,true,be_minus_a_rms,0.0013351913695292539,a2e0,true,scientific_magnitude_not_a_gate
1.0.0,p1_dimer_confirmatory_r2,a041e07ae93e9a858bad809427039bf593641ad1f9e341ed89b9d91f648f297d,93,p1_dimer_ka010_rigid_boundary_d0400_t000,confirmatory_new,primary,true,true,epsilon_a_e,0.017338746159560232,1,true,scientific_relative_metric_not_a_gate
1.0.0,p1_dimer_confirmatory_r2,a041e07ae93e9a858bad809427039bf593641ad1f9e341ed89b9d91f648f297d,93,p1_dimer_ka010_rigid_boundary_d0400_t000,confirmatory_new,primary,true,true,epsilon_be_e,0,1,true,scientific_relative_metric_not_a_gate
1.0.0,p1_dimer_confirmatory_r2,a041e07ae93e9a858bad809427039bf593641ad1f9e341ed89b9d91f648f297d,93,p1_dimer_ka010_rigid_boundary_d0400_t000,confirmatory_new,primary,true,true,be_e_identity_error,0,1,true,g1_budget_1e-12
1.0.0,p1_dimer_confirmatory_r2,a041e07ae93e9a858bad809427039bf593641ad1f9e341ed89b9d91f648f297d,94,p1_dimer_ka010_rigid_boundary_d0600_t000,confirmatory_new,primary,true,true,be_minus_a_rms,3.8200761673943054e-06,a2e0,true,scientific_magnitude_not_a_gate
1.0.0,p1_dimer_confirmatory_r2,a041e07ae93e9a858bad809427039bf593641ad1f9e341ed89b9d91f648f297d,94,p1_dimer_ka010_rigid_boundary_d0600_t000,confirmatory_new,primary,true,true,epsilon_a_e,0.00024653935235086007,1,true,scientific_relative_metric_not_a_gate
1.0.0,p1_dimer_confirmatory_r2,a041e07ae93e9a858bad809427039bf593641ad1f9e341ed89b9d91f648f297d,94,p1_dimer_ka010_rigid_boundary_d0600_t000,confirmatory_new,primary,true,true,epsilon_be_e,0,1,true,scientific_relative_metric_not_a_gate
1.0.0,p1_dimer_confirmatory_r2,a041e07ae93e9a858bad809427039bf593641ad1f9e341ed89b9d91f648f297d,94,p1_dimer_ka010_rigid_boundary_d0600_t000,confirmatory_new,primary,true,true,be_e_identity_error,0,1,true,g1_budget_1e-12
1.0.0,p1_dimer_confirmatory_r2,a041e07ae93e9a858bad809427039bf593641ad1f9e341ed89b9d91f648f297d,95,p1_dimer_ka010_rigid_boundary_d0800_t000,confirmatory_new,primary,true,true,be_minus_a_rms,1.7029493556364184e-05,a2e0,true,scientific_magnitude_not_a_gate
1.0.0,p1_dimer_confirmatory_r2,a041e07ae93e9a858bad809427039bf593641ad1f9e341ed89b9d91f648f297d,95,p1_dimer_ka010_rigid_boundary_d0800_t000,confirmatory_new,primary,true,true,epsilon_a_e,0.0033091590710619466,1,true,scientific_relative_metric_not_a_gate
1.0.0,p1_dimer_confirmatory_r2,a041e07ae93e9a858bad809427039bf593641ad1f9e341ed89b9d91f648f297d,95,p1_dimer_ka010_rigid_boundary_d0800_t000,confirmatory_new,primary,true,true,epsilon_be_e,0,1,true,scientific_relative_metric_not_a_gate
1.0.0,p1_dimer_confirmatory_r2,a041e07ae93e9a858bad809427039bf593641ad1f9e341ed89b9d91f648f297d,95,p1_dimer_ka010_rigid_boundary_d0800_t000,confirmatory_new,primary,true,true,be_e_identity_error,0,1,true,g1_budget_1e-12
1.0.0,p1_dimer_confirmatory_r2,a041e07ae93e9a858bad809427039bf593641ad1f9e341ed89b9d91f648f297d,96,p1_dimer_ka010_rigid_boundary_d1000_t000,confirmatory_new,primary,true,true,be_minus_a_rms,1.0280173405088563e-05,a2e0,true,scientific_magnitude_not_a_gate
1.0.0,p1_dimer_confirmatory_r2,a041e07ae93e9a858bad809427039bf593641ad1f9e341ed89b9d91f648f297d,96,p1_dimer_ka010_rigid_boundary_d1000_t000,confirmatory_new,primary,true,true,epsilon_a_e,0.0045592008244595252,1,true,scientific_relative_metric_not_a_gate
1.0.0,p1_dimer_confirmatory_r2,a041e07ae93e9a858bad809427039bf593641ad1f9e341ed89b9d91f648f297d,96,p1_dimer_ka010_rigid_boundary_d1000_t000,confirmatory_new,primary,true,true,epsilon_be_e,0,1,true,scientific_relative_metric_not_a_gate
1.0.0,p1_dimer_confirmatory_r2,a041e07ae93e9a858bad809427039bf593641ad1f9e341ed89b9d91f648f297d,96,p1_dimer_ka010_rigid_boundary_d1000_t000,confirmatory_new,primary,true,true,be_e_identity_error,0,1,true,g1_budget_1e-12
1.0.0,p1_dimer_confirmatory_r2,a041e07ae93e9a858bad809427039bf593641ad1f9e341ed89b9d91f648f297d,97,p1_dimer_ka005_fluid_f000_f1010_d0210_t045_audit,confirmatory_new,rotational_audit,true,false,be_minus_a_rms,0.00035088543154656703,a2e0,true,scientific_magnitude_not_a_gate
1.0.0,p1_dimer_confirmatory_r2,a041e07ae93e9a858bad809427039bf593641ad1f9e341ed89b9d91f648f297d,97,p1_dimer_ka005_fluid_f000_f1010_d0210_t045_audit,confirmatory_new,rotational_audit,true,false,epsilon_a_e,0.034875873212360284,1,true,scientific_relative_metric_not_a_gate
1.0.0,p1_dimer_confirmatory_r2,a041e07ae93e9a858bad809427039bf593641ad1f9e341ed89b9d91f648f297d,97,p1_dimer_ka005_fluid_f000_f1010_d0210_t045_audit,confirmatory_new,rotational_audit,true,false,epsilon_be_e,0,1,true,scientific_relative_metric_not_a_gate
1.0.0,p1_dimer_confirmatory_r2,a041e07ae93e9a858bad809427039bf593641ad1f9e341ed89b9d91f648f297d,97,p1_dimer_ka005_fluid_f000_f1010_d0210_t045_audit,confirmatory_new,rotational_audit,true,false,be_e_identity_error,0,1,true,g1_budget_1e-12
1.0.0,p1_dimer_confirmatory_r2,a041e07ae93e9a858bad809427039bf593641ad1f9e341ed89b9d91f648f297d,98,p1_dimer_ka005_fluid_f000_f1040_d1000_t045_audit,confirmatory_new,rotational_audit,true,false,be_minus_a_rms,3.8228603579472193e-08,a2e0,true,scientific_magnitude_not_a_gate
1.0.0,p1_dimer_confirmatory_r2,a041e07ae93e9a858bad809427039bf593641ad1f9e341ed89b9d91f648f297d,98,p1_dimer_ka005_fluid_f000_f1040_d1000_t045_audit,confirmatory_new,rotational_audit,true,false,epsilon_a_e,0.00012140919100496571,1,true,scientific_relative_metric_not_a_gate
1.0.0,p1_dimer_confirmatory_r2,a041e07ae93e9a858bad809427039bf593641ad1f9e341ed89b9d91f648f297d,98,p1_dimer_ka005_fluid_f000_f1040_d1000_t045_audit,confirmatory_new,rotational_audit,true,false,epsilon_be_e,0,1,true,scientific_relative_metric_not_a_gate
1.0.0,p1_dimer_confirmatory_r2,a041e07ae93e9a858bad809427039bf593641ad1f9e341ed89b9d91f648f297d,98,p1_dimer_ka005_fluid_f000_f1040_d1000_t045_audit,confirmatory_new,rotational_audit,true,false,be_e_identity_error,0,1,true,g1_budget_1e-12
1.0.0,p1_dimer_confirmatory_r2,a041e07ae93e9a858bad809427039bf593641ad1f9e341ed89b9d91f648f297d,99,p1_dimer_ka010_fluid_f000_f1060_d0210_t045_audit,confirmatory_new,rotational_audit,true,false,be_minus_a_rms,0.10129504092229803,a2e0,true,scientific_magnitude_not_a_gate
1.0.0,p1_dimer_confirmatory_r2,a041e07ae93e9a858bad809427039bf593641ad1f9e341ed89b9d91f648f297d,99,p1_dimer_ka010_fluid_f000_f1060_d0210_t045_audit,confirmatory_new,rotational_audit,true,false,epsilon_a_e,0.22370410764830928,1,true,scientific_relative_metric_not_a_gate
1.0.0,p1_dimer_confirmatory_r2,a041e07ae93e9a858bad809427039bf593641ad1f9e341ed89b9d91f648f297d,99,p1_dimer_ka010_fluid_f000_f1060_d0210_t045_audit,confirmatory_new,rotational_audit,true,false,epsilon_be_e,0,1,true,scientific_relative_metric_not_a_gate
1.0.0,p1_dimer_confirmatory_r2,a041e07ae93e9a858bad809427039bf593641ad1f9e341ed89b9d91f648f297d,99,p1_dimer_ka010_fluid_f000_f1060_d0210_t045_audit,confirmatory_new,rotational_audit,true,false,be_e_identity_error,0,1,true,g1_budget_1e-12
1.0.0,p1_dimer_confirmatory_r2,a041e07ae93e9a858bad809427039bf593641ad1f9e341ed89b9d91f648f297d,100,p1_dimer_ka010_fluid_f020_f1060_d1000_t045_audit,confirmatory_new,rotational_audit,true,false,be_minus_a_rms,1.7984861570299105e-06,a2e0,true,scientific_magnitude_not_a_gate
1.0.0,p1_dimer_confirmatory_r2,a041e07ae93e9a858bad809427039bf593641ad1f9e341ed89b9d91f648f297d,100,p1_dimer_ka010_fluid_f020_f1060_d1000_t045_audit,confirmatory_new,rotational_audit,true,false,epsilon_a_e,0.002210427433991869,1,true,scientific_relative_metric_not_a_gate
1.0.0,p1_dimer_confirmatory_r2,a041e07ae93e9a858bad809427039bf593641ad1f9e341ed89b9d91f648f297d,100,p1_dimer_ka010_fluid_f020_f1060_d1000_t045_audit,confirmatory_new,rotational_audit,true,false,epsilon_be_e,0,1,true,scientific_relative_metric_not_a_gate
1.0.0,p1_dimer_confirmatory_r2,a041e07ae93e9a858bad809427039bf593641ad1f9e341ed89b9d91f648f297d,100,p1_dimer_ka010_fluid_f020_f1060_d1000_t045_audit,confirmatory_new,rotational_audit,true,false,be_e_identity_error,0,1,true,g1_budget_1e-12
1.0.0,p1_dimer_confirmatory_r2,a041e07ae93e9a858bad809427039bf593641ad1f9e341ed89b9d91f648f297d,101,p1_dimer_ka005_fluid_f000_f1080_d0210_t045_audit,confirmatory_new,rotational_audit,true,false,be_minus_a_rms,0.27185501821257729,a2e0,true,scientific_magnitude_not_a_gate
1.0.0,p1_dimer_confirmatory_r2,a041e07ae93e9a858bad809427039bf593641ad1f9e341ed89b9d91f648f297d,101,p1_dimer_ka005_fluid_f000_f1080_d0210_t045_audit,confirmatory_new,rotational_audit,true,false,epsilon_a_e,0.30432632922523795,1,true,scientific_relative_metric_not_a_gate
1.0.0,p1_dimer_confirmatory_r2,a041e07ae93e9a858bad809427039bf593641ad1f9e341ed89b9d91f648f297d,101,p1_dimer_ka005_fluid_f000_f1080_d0210_t045_audit,confirmatory_new,rotational_audit,true,false,epsilon_be_e,0,1,true,scientific_relative_metric_not_a_gate
1.0.0,p1_dimer_confirmatory_r2,a041e07ae93e9a858bad809427039bf593641ad1f9e341ed89b9d91f648f297d,101,p1_dimer_ka005_fluid_f000_f1080_d0210_t045_audit,confirmatory_new,rotational_audit,true,false,be_e_identity_error,0,1,true,g1_budget_1e-12
1.0.0,p1_dimer_confirmatory_r2,a041e07ae93e9a858bad809427039bf593641ad1f9e341ed89b9d91f648f297d,102,p1_dimer_ka010_rigid_boundary_d1000_t045_audit,confirmatory_new,rotational_audit,true,false,be_minus_a_rms,1.0280173405087859e-05,a2e0,true,scientific_magnitude_not_a_gate
1.0.0,p1_dimer_confirmatory_r2,a041e07ae93e9a858bad809427039bf593641ad1f9e341ed89b9d91f648f297d,102,p1_dimer_ka010_rigid_boundary_d1000_t045_audit,confirmatory_new,rotational_audit,true,false,epsilon_a_e,0.0045592008244592112,1,true,scientific_relative_metric_not_a_gate
1.0.0,p1_dimer_confirmatory_r2,a041e07ae93e9a858bad809427039bf593641ad1f9e341ed89b9d91f648f297d,102,p1_dimer_ka010_rigid_boundary_d1000_t045_audit,confirmatory_new,rotational_audit,true,false,epsilon_be_e,0,1,true,scientific_relative_metric_not_a_gate
1.0.0,p1_dimer_confirmatory_r2,a041e07ae93e9a858bad809427039bf593641ad1f9e341ed89b9d91f648f297d,102,p1_dimer_ka010_rigid_boundary_d1000_t045_audit,confirmatory_new,rotational_audit,true,false,be_e_identity_error,0,1,true,g1_budget_1e-12
1.0.0,p1_dimer_confirmatory_r2,a041e07ae93e9a858bad809427039bf593641ad1f9e341ed89b9d91f648f297d,97,p1_dimer_ka005_fluid_f000_f1010_d0210_t045_audit,confirmatory_new,rotational_audit,true,false,rotational_covariance_error,5.5538249671354266e-18,1,true,g1_budget_1e-12
1.0.0,p1_dimer_confirmatory_r2,a041e07ae93e9a858bad809427039bf593641ad1f9e341ed89b9d91f648f297d,98,p1_dimer_ka005_fluid_f000_f1040_d1000_t045_audit,confirmatory_new,rotational_audit,true,false,rotational_covariance_error,3.8332335417084355e-20,1,true,g1_budget_1e-12
1.0.0,p1_dimer_confirmatory_r2,a041e07ae93e9a858bad809427039bf593641ad1f9e341ed89b9d91f648f297d,99,p1_dimer_ka010_fluid_f000_f1060_d0210_t045_audit,confirmatory_new,rotational_audit,true,false,rotational_covariance_error,1.6653345369377348e-16,1,true,g1_budget_1e-12
1.0.0,p1_dimer_confirmatory_r2,a041e07ae93e9a858bad809427039bf593641ad1f9e341ed89b9d91f648f297d,100,p1_dimer_ka010_fluid_f020_f1060_d1000_t045_audit,confirmatory_new,rotational_audit,true,false,rotational_covariance_error,4.5998802500501218e-19,1,true,g1_budget_1e-12
1.0.0,p1_dimer_confirmatory_r2,a041e07ae93e9a858bad809427039bf593641ad1f9e341ed89b9d91f648f297d,101,p1_dimer_ka005_fluid_f000_f1080_d0210_t045_audit,confirmatory_new,rotational_audit,true,false,rotational_covariance_error,5.6610488670036757e-16,1,true,g1_budget_1e-12
1.0.0,p1_dimer_confirmatory_r2,a041e07ae93e9a858bad809427039bf593641ad1f9e341ed89b9d91f648f297d,102,p1_dimer_ka010_rigid_boundary_d1000_t045_audit,confirmatory_new,rotational_audit,true,false,rotational_covariance_error,9.1997605001002437e-19,1,true,g1_budget_1e-12
