schema_version,campaign_id,manifest_sha256,git_commit,manifest_git_commit,case_order,case_id,attempt_state,attempt_count,started_utc,completed_utc,attempted_lmax,evaluated_lmax,final_lmax,effective_wall_seconds,wall_seconds_debited,case_wall_seconds,peak_rss_bytes,model_e_solve_count,wall_seconds_per_case,peak_rss_bytes_per_case,wall_seconds_campaign,worker_count,blas_threads,final_diagnostics_json,converged,eligible,failure_stage,failure_reason
1.0.0,p1_dimer_confirmatory_r2,a041e07ae93e9a858bad809427039bf593641ad1f9e341ed89b9d91f648f297d,7c565ca4007a1590182a38d8f96599dd90773f06,ee4b4428b4a122063ab28459c48e43f51fd7bc60,1,p1_dimer_ka005_fluid_f000_f1010_d0210_t000,completed,1,2026-08-20T20:34:49.082355Z,2026-08-20T20:36:12.702394Z,2;3;4;5;6;7;8;9;10;11;12;13;14;15,2;3;4;5;6;7;8;9;10;11;12;13;14;15,15,1800,83.620025009964593,83.620025009964593,177704960,14,1800,4294967296,64800,1,1,"{""active_modes_per_particle"":120,""balanced_backward_error"":1.3205488405872724e-17,""balanced_condition_number"":1.052636891552635,""effective_incident_closure_error"":2.7281456603307068e-46,""finite"":true,""force_decomposition_residual"":0.0,""full_modes_per_particle"":256,""fz_tolerance"":2.8595022461671334e-16,""max_abs_fz"":0.0,""mode_dimension_consistent"":true,""passed"":true,""planar_symmetry_pass"":true,""production_solver"":""balanced_sqrt"",""scattering_closure_error"":2.1392469288799347e-16,""system_dimension"":240}",true,true,,
1.0.0,p1_dimer_confirmatory_r2,a041e07ae93e9a858bad809427039bf593641ad1f9e341ed89b9d91f648f297d,7c565ca4007a1590182a38d8f96599dd90773f06,ee4b4428b4a122063ab28459c48e43f51fd7bc60,2,p1_dimer_ka005_fluid_f000_f1010_d0225_t000,completed,1,2026-08-20T20:36:12.719329Z,2026-08-20T20:36:26.746179Z,2;3;4;5;6;7;8;9;10;11;12;13;14,2;3;4;5;6;7;8;9;10;11;12;13;14,14,1800,14.026828920934349,14.026828920934349,177704960,13,1800,4294967296,64800,1,1,"{""active_modes_per_particle"":105,""balanced_backward_error"":2.396304335003523e-17,""balanced_condition_number"":1.02834233114538,""effective_incident_closure_error"":1.9732521703547766e-43,""finite"":true,""force_decomposition_residual"":0.0,""full_modes_per_particle"":225,""fz_tolerance"":2.1457370500343507e-16,""max_abs_fz"":0.0,""mode_dimension_consistent"":true,""passed"":true,""planar_symmetry_pass"":true,""production_solver"":""balanced_sqrt"",""scattering_closure_error"":1.41142852722038e-16,""system_dimension"":210}",true,true,,
1.0.0,p1_dimer_confirmatory_r2,a041e07ae93e9a858bad809427039bf593641ad1f9e341ed89b9d91f648f297d,7c565ca4007a1590182a38d8f96599dd90773f06,ee4b4428b4a122063ab28459c48e43f51fd7bc60,3,p1_dimer_ka005_fluid_f000_f1010_d0250_t000,completed,1,2026-08-20T20:36:26.759252Z,2026-08-20T20:36:36.209308Z,2;3;4;5;6;7;8;9;10;11;12;13,2;3;4;5;6;7;8;9;10;11;12;13,13,1800,9.450041361968033,9.450041361968033,177704960,12,1800,4294967296,64800,1,1,"{""active_modes_per_particle"":91,""balanced_backward_error"":1.0649569373332233e-17,""balanced_condition_number"":1.014619680710352,""effective_incident_closure_error"":2.6276067987288177e-40,""finite"":true,""force_decomposition_residual"":0.0,""full_modes_per_particle"":196,""fz_tolerance"":1.3942813808328717e-16,""max_abs_fz"":0.0,""mode_dimension_consistent"":true,""passed"":true,""planar_symmetry_pass"":true,""production_solver"":""balanced_sqrt"",""scattering_closure_error"":1.6337575170904734e-16,""system_dimension"":182}",true,true,,
1.0.0,p1_dimer_confirmatory_r2,a041e07ae93e9a858bad809427039bf593641ad1f9e341ed89b9d91f648f297d,7c565ca4007a1590182a38d8f96599dd90773f06,ee4b4428b4a122063ab28459c48e43f51fd7bc60,4,p1_dimer_ka005_fluid_f000_f1010_d0300_t000,completed,1,2026-08-20T20:36:36.223160Z,2026-08-20T20:36:40.126824Z,2;3;4;5;6;7;8;9;10;11,2;3;4;5;6;7;8;9;10;11,11,1800,3.9036482640076429,3.9036482640076429,177704960,10,1800,4294967296,64800,1,1,"{""active_modes_per_particle"":66,""balanced_backward_error"":1.9166712347565122e-17,""balanced_condition_number"":1.0061424588973549,""effective_incident_closure_error"":2.05547744096243e-33,""finite"":true,""force_decomposition_residual"":0.0,""full_modes_per_particle"":144,""fz_tolerance"":6.677189691920568e-17,""max_abs_fz"":0.0,""mode_dimension_consistent"":true,""passed"":true,""planar_symmetry_pass"":true,""production_solver"":""balanced_sqrt"",""scattering_closure_error"":1.899952078258994e-16,""system_dimension"":132}",true,true,,
1.0.0,p1_dimer_confirmatory_r2,a041e07ae93e9a858bad809427039bf593641ad1f9e341ed89b9d91f648f297d,7c565ca4007a1590182a38d8f96599dd90773f06,ee4b4428b4a122063ab28459c48e43f51fd7bc60,5,p1_dimer_ka005_fluid_f000_f1010_d0400_t000,completed,1,2026-08-20T20:36:40.130707Z,2026-08-20T20:36:41.502146Z,2;3;4;5;6;7;8;9,2;3;4;5;6;7;8;9,9,1800,1.3714263989822939,1.3714263989822939,177704960,8,1800,4294967296,64800,1,1,"{""active_modes_per_particle"":45,""balanced_backward_error"":1.4749103624558997e-17,""balanced_condition_number"":1.0020415285941169,""effective_incident_closure_error"":1.4461118353916282e-28,""finite"":true,""force_decomposition_residual"":0.0,""full_modes_per_particle"":100,""fz_tolerance"":2.1096097328697564e-17,""max_abs_fz"":0.0,""mode_dimension_consistent"":true,""passed"":true,""planar_symmetry_pass"":true,""production_solver"":""balanced_sqrt"",""scattering_closure_error"":1.9264022323530422e-16,""system_dimension"":90}",true,true,,
1.0.0,p1_dimer_confirmatory_r2,a041e07ae93e9a858bad809427039bf593641ad1f9e341ed89b9d91f648f297d,7c565ca4007a1590182a38d8f96599dd90773f06,ee4b4428b4a122063ab28459c48e43f51fd7bc60,6,p1_dimer_ka005_fluid_f000_f1010_d0600_t000,completed,1,2026-08-20T20:36:41.505782Z,2026-08-20T20:36:42.266134Z,2;3;4;5;6;7;8,2;3;4;5;6;7;8,8,1800,0.76033760095015168,0.76033760095015168,177704960,7,1800,4294967296,64800,1,1,"{""active_modes_per_particle"":36,""balanced_backward_error"":1.2637308686674574e-17,""balanced_condition_number"":1.0005341757970954,""effective_incident_closure_error"":1.683358707874254e-24,""finite"":true,""force_decomposition_residual"":0.0,""full_modes_per_particle"":81,""fz_tolerance"":4.195811266857473e-18,""max_abs_fz"":0.0,""mode_dimension_consistent"":true,""passed"":true,""planar_symmetry_pass"":true,""production_solver"":""balanced_sqrt"",""scattering_closure_error"":1.8866330373269968e-16,""system_dimension"":72}",true,true,,
1.0.0,p1_dimer_confirmatory_r2,a041e07ae93e9a858bad809427039bf593641ad1f9e341ed89b9d91f648f297d,7c565ca4007a1590182a38d8f96599dd90773f06,ee4b4428b4a122063ab28459c48e43f51fd7bc60,7,p1_dimer_ka005_fluid_f000_f1010_d0800_t000,completed,1,2026-08-20T20:36:42.270760Z,2026-08-20T20:36:42.661624Z,2;3;4;5;6;7,2;3;4;5;6;7,7,1800,0.39085111301392317,0.39085111301392317,177704960,6,1800,4294967296,64800,1,1,"{""active_modes_per_particle"":28,""balanced_backward_error"":2.447673339752967e-17,""balanced_condition_number"":1.0002217307872812,""effective_incident_closure_error"":8.788065396352894e-22,""finite"":true,""force_decomposition_residual"":1.4570562686474913e-39,""full_modes_per_particle"":64,""fz_tolerance"":1.3433040503821652e-18,""max_abs_fz"":0.0,""mode_dimension_consistent"":true,""passed"":true,""planar_symmetry_pass"":true,""production_solver"":""balanced_sqrt"",""scattering_closure_error"":1.9370002131928464e-16,""system_dimension"":56}",true,true,,
1.0.0,p1_dimer_confirmatory_r2,a041e07ae93e9a858bad809427039bf593641ad1f9e341ed89b9d91f648f297d,7c565ca4007a1590182a38d8f96599dd90773f06,ee4b4428b4a122063ab28459c48e43f51fd7bc60,8,p1_dimer_ka005_fluid_f000_f1010_d1000_t000,completed,1,2026-08-20T20:36:42.664992Z,2026-08-20T20:36:43.060086Z,2;3;4;5;6;7,2;3;4;5;6;7,7,1800,0.39508416899479926,0.39508416899479926,177704960,6,1800,4294967296,64800,1,1,"{""active_modes_per_particle"":28,""balanced_backward_error"":1.8244672670432423e-17,""balanced_condition_number"":1.000115355388471,""effective_incident_closure_error"":7.964936080592162e-21,""finite"":true,""force_decomposition_residual"":3.274876921258441e-39,""full_modes_per_particle"":64,""fz_tolerance"":5.589644880749491e-19,""max_abs_fz"":0.0,""mode_dimension_consistent"":true,""passed"":true,""planar_symmetry_pass"":true,""production_solver"":""balanced_sqrt"",""scattering_closure_error"":1.8701604914677672e-16,""system_dimension"":56}",true,true,,
1.0.0,p1_dimer_confirmatory_r2,a041e07ae93e9a858bad809427039bf593641ad1f9e341ed89b9d91f648f297d,7c565ca4007a1590182a38d8f96599dd90773f06,ee4b4428b4a122063ab28459c48e43f51fd7bc60,9,p1_dimer_ka005_fluid_f000_f1040_d0210_t000,completed,1,2026-08-20T20:36:43.063440Z,2026-08-20T20:38:02.709488Z,2;3;4;5;6;7;8;9;10;11;12;13;14;15;16;17,2;3;4;5;6;7;8;9;10;11;12;13;14;15;16;17,17,1800,79.646035754936747,79.646035754936747,213045248,16,1800,4294967296,64800,1,1,"{""active_modes_per_particle"":153,""balanced_backward_error"":7.339755670229849e-18,""balanced_condition_number"":1.2426868337663473,""effective_incident_closure_error"":2.3994920120787805e-53,""finite"":true,""force_decomposition_residual"":3.744899039226139e-34,""full_modes_per_particle"":324,""fz_tolerance"":5.1677985226718935e-15,""max_abs_fz"":0.0,""mode_dimension_consistent"":true,""passed"":true,""planar_symmetry_pass"":true,""production_solver"":""balanced_sqrt"",""scattering_closure_error"":1.0523074502312474e-16,""system_dimension"":306}",true,true,,
1.0.0,p1_dimer_confirmatory_r2,a041e07ae93e9a858bad809427039bf593641ad1f9e341ed89b9d91f648f297d,7c565ca4007a1590182a38d8f96599dd90773f06,ee4b4428b4a122063ab28459c48e43f51fd7bc60,10,p1_dimer_ka005_fluid_f000_f1040_d0225_t000,completed,1,2026-08-20T20:38:02.713420Z,2026-08-20T20:38:09.115106Z,2;3;4;5;6;7;8;9;10;11;12;13;14;15,2;3;4;5;6;7;8;9;10;11;12;13;14;15,15,1800,6.4016743650427088,6.4016743650427088,213045248,14,1800,4294967296,64800,1,1,"{""active_modes_per_particle"":120,""balanced_backward_error"":1.0120684833121397e-17,""balanced_condition_number"":1.1232853915899583,""effective_incident_closure_error"":1.4869683159013126e-46,""finite"":true,""force_decomposition_residual"":0.0,""full_modes_per_particle"":256,""fz_tolerance"":3.719459451106633e-15,""max_abs_fz"":0.0,""mode_dimension_consistent"":true,""passed"":true,""planar_symmetry_pass"":true,""production_solver"":""balanced_sqrt"",""scattering_closure_error"":8.763476994866876e-17,""system_dimension"":240}",true,true,,
1.0.0,p1_dimer_confirmatory_r2,a041e07ae93e9a858bad809427039bf593641ad1f9e341ed89b9d91f648f297d,7c565ca4007a1590182a38d8f96599dd90773f06,ee4b4428b4a122063ab28459c48e43f51fd7bc60,11,p1_dimer_ka005_fluid_f000_f1040_d0250_t000,completed,1,2026-08-20T20:38:09.119131Z,2026-08-20T20:38:09.158922Z,2;3;4;5;6;7;8;9;10;11;12;13,2;3;4;5;6;7;8;9;10;11;12;13,13,1800,0.039779591956175864,0.039779591956175864,213045248,12,1800,4294967296,64800,1,1,"{""active_modes_per_particle"":91,""balanced_backward_error"":1.8273880819283348e-17,""balanced_condition_number"":1.061460097364411,""effective_incident_closure_error"":1.0215779869376495e-40,""finite"":true,""force_decomposition_residual"":0.0,""full_modes_per_particle"":196,""fz_tolerance"":2.3362725179172845e-15,""max_abs_fz"":0.0,""mode_dimension_consistent"":true,""passed"":true,""planar_symmetry_pass"":true,""production_solver"":""balanced_sqrt"",""scattering_closure_error"":1.1115200151738362e-16,""system_dimension"":182}",true,true,,
1.0.0,p1_dimer_confirmatory_r2,a041e07ae93e9a858bad809427039bf593641ad1f9e341ed89b9d91f648f297d,7c565ca4007a1590182a38d8f96599dd90773f06,ee4b4428b4a122063ab28459c48e43f51fd7bc60,12,p1_dimer_ka005_fluid_f000_f1040_d0300_t000,completed,1,2026-08-20T20:38:09.162441Z,2026-08-20T20:38:09.185551Z,2;3;4;5;6;7;8;9;10;11,2;3;4;5;6;7;8;9;10;11,11,1800,0.023099228041246533,0.023099228041246533,213045248,10,1800,4294967296,64800,1,1,"{""active_modes_per_particle"":66,""balanced_backward_error"":9.533549610247503e-18,""balanced_condition_number"":1.025205768604845,""effective_incident_closure_error"":1.9051824183078144e-35,""finite"":true,""force_decomposition_residual"":0.0,""full_modes_per_particle"":144,""fz_tolerance"":1.0903620939197107e-15,""max_abs_fz"":0.0,""mode_dimension_consistent"":true,""passed"":true,""planar_symmetry_pass"":true,""production_solver"":""balanced_sqrt"",""scattering_closure_error"":9.12386885931005e-17,""system_dimension"":132}",true,true,,
1.0.0,p1_dimer_confirmatory_r2,a041e07ae93e9a858bad809427039bf593641ad1f9e341ed89b9d91f648f297d,7c565ca4007a1590182a38d8f96599dd90773f06,ee4b4428b4a122063ab28459c48e43f51fd7bc60,13,p1_dimer_ka005_fluid_f000_f1040_d0400_t000,completed,1,2026-08-20T20:38:09.188946Z,2026-08-20T20:38:09.203032Z,2;3;4;5;6;7;8;9,2;3;4;5;6;7;8;9,9,1800,0.014076301013119519,0.014076301013119519,213045248,8,1800,4294967296,64800,1,1,"{""active_modes_per_particle"":45,""balanced_backward_error"":2.0811637092738266e-17,""balanced_condition_number"":1.0082576234972886,""effective_incident_closure_error"":2.8562960359514464e-28,""finite"":true,""force_decomposition_residual"":0.0,""full_modes_per_particle"":100,""fz_tolerance"":3.39865478003466e-16,""max_abs_fz"":0.0,""mode_dimension_consistent"":true,""passed"":true,""planar_symmetry_pass"":true,""production_solver"":""balanced_sqrt"",""scattering_closure_error"":8.34340714385284e-17,""system_dimension"":90}",true,true,,
1.0.0,p1_dimer_confirmatory_r2,a041e07ae93e9a858bad809427039bf593641ad1f9e341ed89b9d91f648f297d,7c565ca4007a1590182a38d8f96599dd90773f06,ee4b4428b4a122063ab28459c48e43f51fd7bc60,14,p1_dimer_ka005_fluid_f000_f1040_d0600_t000,completed,1,2026-08-20T20:38:09.206319Z,2026-08-20T20:38:09.217481Z,2;3;4;5;6;7;8,2;3;4;5;6;7;8,8,1800,0.011152729042805731,0.011152729042805731,213045248,7,1800,4294967296,64800,1,1,"{""active_modes_per_particle"":36,""balanced_backward_error"":2.823743221167939e-17,""balanced_condition_number"":1.00214551734233,""effective_incident_closure_error"":5.87560115694791e-25,""finite"":true,""force_decomposition_residual"":0.0,""full_modes_per_particle"":81,""fz_tolerance"":6.726494767762929e-17,""max_abs_fz"":0.0,""mode_dimension_consistent"":true,""passed"":true,""planar_symmetry_pass"":true,""production_solver"":""balanced_sqrt"",""scattering_closure_error"":1.1089855842781763e-16,""system_dimension"":72}",true,true,,
1.0.0,p1_dimer_confirmatory_r2,a041e07ae93e9a858bad809427039bf593641ad1f9e341ed89b9d91f648f297d,7c565ca4007a1590182a38d8f96599dd90773f06,ee4b4428b4a122063ab28459c48e43f51fd7bc60,15,p1_dimer_ka005_fluid_f000_f1040_d0800_t000,completed,1,2026-08-20T20:38:09.220261Z,2026-08-20T20:38:09.229259Z,2;3;4;5;6;7,2;3;4;5;6;7,7,1800,0.0089884619228541851,0.0089884619228541851,213045248,6,1800,4294967296,64800,1,1,"{""active_modes_per_particle"":28,""balanced_backward_error"":1.6312059953085597e-17,""balanced_condition_number"":1.0008888351867085,""effective_incident_closure_error"":1.0031548281509424e-22,""finite"":true,""force_decomposition_residual"":3.2128547187406993e-38,""full_modes_per_particle"":64,""fz_tolerance"":2.151394717251604e-17,""max_abs_fz"":0.0,""mode_dimension_consistent"":true,""passed"":true,""planar_symmetry_pass"":true,""production_solver"":""balanced_sqrt"",""scattering_closure_error"":1.1925992261436647e-16,""system_dimension"":56}",true,true,,
1.0.0,p1_dimer_confirmatory_r2,a041e07ae93e9a858bad809427039bf593641ad1f9e341ed89b9d91f648f297d,7c565ca4007a1590182a38d8f96599dd90773f06,ee4b4428b4a122063ab28459c48e43f51fd7bc60,16,p1_dimer_ka005_fluid_f000_f1040_d1000_t000,completed,1,2026-08-20T20:38:09.231992Z,2026-08-20T20:38:09.240878Z,2;3;4;5;6;7,2;3;4;5;6;7,7,1800,0.0088768829591572285,0.0088768829591572285,213045248,6,1800,4294967296,64800,1,1,"{""active_modes_per_particle"":28,""balanced_backward_error"":1.4129114251480218e-17,""balanced_condition_number"":1.000462038372215,""effective_incident_closure_error"":5.605994068481274e-20,""finite"":true,""force_decomposition_residual"":0.0,""full_modes_per_particle"":64,""fz_tolerance"":8.94925873298523e-18,""max_abs_fz"":0.0,""mode_dimension_consistent"":true,""passed"":true,""planar_symmetry_pass"":true,""production_solver"":""balanced_sqrt"",""scattering_closure_error"":1.1260740229075254e-16,""system_dimension"":56}",true,true,,
1.0.0,p1_dimer_confirmatory_r2,a041e07ae93e9a858bad809427039bf593641ad1f9e341ed89b9d91f648f297d,7c565ca4007a1590182a38d8f96599dd90773f06,ee4b4428b4a122063ab28459c48e43f51fd7bc60,17,p1_dimer_ka005_fluid_f000_f1060_d0210_t000,completed,1,2026-08-20T20:38:09.243584Z,2026-08-20T20:40:19.827164Z,2;3;4;5;6;7;8;9;10;11;12;13;14;15;16;17;18;19,2;3;4;5;6;7;8;9;10;11;12;13;14;15;16;17;18;19,19,1800,130.58356957603246,130.58356957603246,253906944,18,1800,4294967296,64800,1,1,"{""active_modes_per_particle"":190,""balanced_backward_error"":8.041269473684348e-18,""balanced_condition_number"":1.4052683051866717,""effective_incident_closure_error"":2.835289353463774e-59,""finite"":true,""force_decomposition_residual"":0.0,""full_modes_per_particle"":400,""fz_tolerance"":1.2787886078168155e-14,""max_abs_fz"":0.0,""mode_dimension_consistent"":true,""passed"":true,""planar_symmetry_pass"":true,""production_solver"":""balanced_sqrt"",""scattering_closure_error"":1.2795690179099472e-16,""system_dimension"":380}",true,true,,
1.0.0,p1_dimer_confirmatory_r2,a041e07ae93e9a858bad809427039bf593641ad1f9e341ed89b9d91f648f297d,7c565ca4007a1590182a38d8f96599dd90773f06,ee4b4428b4a122063ab28459c48e43f51fd7bc60,18,p1_dimer_ka005_fluid_f000_f1060_d0225_t000,completed,1,2026-08-20T20:40:19.840467Z,2026-08-20T20:40:19.914920Z,2;3;4;5;6;7;8;9;10;11;12;13;14;15,2;3;4;5;6;7;8;9;10;11;12;13;14;15,15,1800,0.074438211973756552,0.074438211973756552,253906944,14,1800,4294967296,64800,1,1,"{""active_modes_per_particle"":120,""balanced_backward_error"":2.3370051429303333e-17,""balanced_condition_number"":1.1965243744774017,""effective_incident_closure_error"":7.385097478510365e-47,""finite"":true,""force_decomposition_residual"":0.0,""full_modes_per_particle"":256,""fz_tolerance"":8.876299803148293e-15,""max_abs_fz"":0.0,""mode_dimension_consistent"":true,""passed"":true,""planar_symmetry_pass"":true,""production_solver"":""balanced_sqrt"",""scattering_closure_error"":9.007619690949227e-17,""system_dimension"":240}",true,true,,
1.0.0,p1_dimer_confirmatory_r2,a041e07ae93e9a858bad809427039bf593641ad1f9e341ed89b9d91f648f297d,7c565ca4007a1590182a38d8f96599dd90773f06,ee4b4428b4a122063ab28459c48e43f51fd7bc60,19,p1_dimer_ka005_fluid_f000_f1060_d0250_t000,completed,1,2026-08-20T20:40:19.918795Z,2026-08-20T20:40:19.957688Z,2;3;4;5;6;7;8;9;10;11;12;13,2;3;4;5;6;7;8;9;10;11;12;13,13,1800,0.038879764033481479,0.038879764033481479,253906944,12,1800,4294967296,64800,1,1,"{""active_modes_per_particle"":91,""balanced_backward_error"":2.6245136303870835e-17,""balanced_condition_number"":1.0954989533729074,""effective_incident_closure_error"":8.534147127786033e-42,""finite"":true,""force_decomposition_residual"":0.0,""full_modes_per_particle"":196,""fz_tolerance"":5.43132803176571e-15,""max_abs_fz"":0.0,""mode_dimension_consistent"":true,""passed"":true,""planar_symmetry_pass"":true,""production_solver"":""balanced_sqrt"",""scattering_closure_error"":6.741396084378768e-17,""system_dimension"":182}",true,true,,
1.0.0,p1_dimer_confirmatory_r2,a041e07ae93e9a858bad809427039bf593641ad1f9e341ed89b9d91f648f297d,7c565ca4007a1590182a38d8f96599dd90773f06,ee4b4428b4a122063ab28459c48e43f51fd7bc60,20,p1_dimer_ka005_fluid_f000_f1060_d0300_t000,completed,1,2026-08-20T20:40:19.961184Z,2026-08-20T20:40:19.984209Z,2;3;4;5;6;7;8;9;10;11,2;3;4;5;6;7;8;9;10;11,11,1800,0.023014790029264987,0.023014790029264987,253906944,10,1800,4294967296,64800,1,1,"{""active_modes_per_particle"":66,""balanced_backward_error"":1.0971073697509485e-17,""balanced_condition_number"":1.0384909475391768,""effective_incident_closure_error"":1.3326510170025915e-35,""finite"":true,""force_decomposition_residual"":1.1209593381758741e-16,""full_modes_per_particle"":144,""fz_tolerance"":2.4880871076128977e-15,""max_abs_fz"":0.0,""mode_dimension_consistent"":true,""passed"":true,""planar_symmetry_pass"":true,""production_solver"":""balanced_sqrt"",""scattering_closure_error"":7.453809837807559e-17,""system_dimension"":132}",true,true,,
1.0.0,p1_dimer_confirmatory_r2,a041e07ae93e9a858bad809427039bf593641ad1f9e341ed89b9d91f648f297d,7c565ca4007a1590182a38d8f96599dd90773f06,ee4b4428b4a122063ab28459c48e43f51fd7bc60,21,p1_dimer_ka005_fluid_f000_f1060_d0400_t000,completed,1,2026-08-20T20:40:19.987604Z,2026-08-20T20:40:20.001670Z,2;3;4;5;6;7;8;9,2;3;4;5;6;7;8;9,9,1800,0.014054690022021532,0.014054690022021532,253906944,8,1800,4294967296,64800,1,1,"{""active_modes_per_particle"":45,""balanced_backward_error"":1.3142790916346828e-17,""balanced_condition_number"":1.0124829200716916,""effective_incident_closure_error"":1.4144546164879946e-29,""finite"":true,""force_decomposition_residual"":0.0,""full_modes_per_particle"":100,""fz_tolerance"":7.682713368928328e-16,""max_abs_fz"":0.0,""mode_dimension_consistent"":true,""passed"":true,""planar_symmetry_pass"":true,""production_solver"":""balanced_sqrt"",""scattering_closure_error"":9.524210279130878e-17,""system_dimension"":90}",true,true,,
1.0.0,p1_dimer_confirmatory_r2,a041e07ae93e9a858bad809427039bf593641ad1f9e341ed89b9d91f648f297d,7c565ca4007a1590182a38d8f96599dd90773f06,ee4b4428b4a122063ab28459c48e43f51fd7bc60,22,p1_dimer_ka005_fluid_f000_f1060_d0600_t000,completed,1,2026-08-20T20:40:20.004952Z,2026-08-20T20:40:20.016077Z,2;3;4;5;6;7;8,2;3;4;5;6;7;8,8,1800,0.011114767985418439,0.011114767985418439,253906944,7,1800,4294967296,64800,1,1,"{""active_modes_per_particle"":36,""balanced_backward_error"":1.030588544874685e-17,""balanced_condition_number"":1.0032275036811535,""effective_incident_closure_error"":3.0989833869375337e-25,""finite"":true,""force_decomposition_residual"":0.0,""full_modes_per_particle"":81,""fz_tolerance"":1.515457632217587e-16,""max_abs_fz"":0.0,""mode_dimension_consistent"":true,""passed"":true,""planar_symmetry_pass"":true,""production_solver"":""balanced_sqrt"",""scattering_closure_error"":7.198100404689115e-17,""system_dimension"":72}",true,true,,
1.0.0,p1_dimer_confirmatory_r2,a041e07ae93e9a858bad809427039bf593641ad1f9e341ed89b9d91f648f297d,7c565ca4007a1590182a38d8f96599dd90773f06,ee4b4428b4a122063ab28459c48e43f51fd7bc60,23,p1_dimer_ka005_fluid_f000_f1060_d0800_t000,completed,1,2026-08-20T20:40:20.018888Z,2026-08-20T20:40:20.027827Z,2;3;4;5;6;7,2;3;4;5;6;7,7,1800,0.0089295819634571671,0.0089295819634571671,253906944,6,1800,4294967296,64800,1,1,"{""active_modes_per_particle"":28,""balanced_backward_error"":2.105381492288988e-17,""balanced_condition_number"":1.0013352497960435,""effective_incident_closure_error"":2.451747959864943e-22,""finite"":true,""force_decomposition_residual"":0.0,""full_modes_per_particle"":64,""fz_tolerance"":4.843813415274879e-17,""max_abs_fz"":0.0,""mode_dimension_consistent"":true,""passed"":true,""planar_symmetry_pass"":true,""production_solver"":""balanced_sqrt"",""scattering_closure_error"":2.9081723300308997e-17,""system_dimension"":56}",true,true,,
1.0.0,p1_dimer_confirmatory_r2,a041e07ae93e9a858bad809427039bf593641ad1f9e341ed89b9d91f648f297d,7c565ca4007a1590182a38d8f96599dd90773f06,ee4b4428b4a122063ab28459c48e43f51fd7bc60,24,p1_dimer_ka005_fluid_f000_f1060_d1000_t000,completed,1,2026-08-20T20:40:20.030557Z,2026-08-20T20:40:20.039513Z,2;3;4;5;6;7,2;3;4;5;6;7,7,1800,0.0089467740617692471,0.0089467740617692471,253906944,6,1800,4294967296,64800,1,1,"{""active_modes_per_particle"":28,""balanced_backward_error"":6.659540893464941e-18,""balanced_condition_number"":1.0006937004921943,""effective_incident_closure_error"":3.73487452596082e-20,""finite"":true,""force_decomposition_residual"":0.0,""full_modes_per_particle"":64,""fz_tolerance"":2.0144593092008035e-17,""max_abs_fz"":0.0,""mode_dimension_consistent"":true,""passed"":true,""planar_symmetry_pass"":true,""production_solver"":""balanced_sqrt"",""scattering_closure_error"":9.146073692606595e-17,""system_dimension"":56}",true,true,,
1.0.0,p1_dimer_confirmatory_r2,a041e07ae93e9a858bad809427039bf593641ad1f9e341ed89b9d91f648f297d,7c565ca4007a1590182a38d8f96599dd90773f06,ee4b4428b4a122063ab28459c48e43f51fd7bc60,25,p1_dimer_ka005_fluid_f020_f1060_d0210_t000,completed,1,2026-08-20T20:40:20.042227Z,2026-08-20T20:40:20.239207Z,2;3;4;5;6;7;8;9;10;11;12;13;14;15;16;17;18;19,2;3;4;5;6;7;8;9;10;11;12;13;14;15;16;17;18;19,19,1800,0.19696856907103211,0.19696856907103211,255668224,18,1800,4294967296,64800,1,1,"{""active_modes_per_particle"":190,""balanced_backward_error"":1.388731342287353e-17,""balanced_condition_number"":1.4052530655199142,""effective_incident_closure_error"":1.434869670315612e-58,""finite"":true,""force_decomposition_residual"":1.234255313928416e-16,""full_modes_per_particle"":400,""fz_tolerance"":1.278278321055321e-14,""max_abs_fz"":0.0,""mode_dimension_consistent"":true,""passed"":true,""planar_symmetry_pass"":true,""production_solver"":""balanced_sqrt"",""scattering_closure_error"":1.7125033571805382e-16,""system_dimension"":380}",true,true,,
1.0.0,p1_dimer_confirmatory_r2,a041e07ae93e9a858bad809427039bf593641ad1f9e341ed89b9d91f648f297d,7c565ca4007a1590182a38d8f96599dd90773f06,ee4b4428b4a122063ab28459c48e43f51fd7bc60,26,p1_dimer_ka005_fluid_f020_f1060_d0225_t000,completed,1,2026-08-20T20:40:20.243322Z,2026-08-20T20:40:20.310008Z,2;3;4;5;6;7;8;9;10;11;12;13;14;15,2;3;4;5;6;7;8;9;10;11;12;13;14;15,15,1800,0.066671460052020848,0.066671460052020848,255668224,14,1800,4294967296,64800,1,1,"{""active_modes_per_particle"":120,""balanced_backward_error"":7.520282905360903e-18,""balanced_condition_number"":1.1965111379850368,""effective_incident_closure_error"":2.374160639603855e-47,""finite"":true,""force_decomposition_residual"":1.2573433415610577e-16,""full_modes_per_particle"":256,""fz_tolerance"":8.872817424748706e-15,""max_abs_fz"":0.0,""mode_dimension_consistent"":true,""passed"":true,""planar_symmetry_pass"":true,""production_solver"":""balanced_sqrt"",""scattering_closure_error"":1.268219108707261e-16,""system_dimension"":240}",true,true,,
1.0.0,p1_dimer_confirmatory_r2,a041e07ae93e9a858bad809427039bf593641ad1f9e341ed89b9d91f648f297d,7c565ca4007a1590182a38d8f96599dd90773f06,ee4b4428b4a122063ab28459c48e43f51fd7bc60,27,p1_dimer_ka005_fluid_f020_f1060_d0250_t000,completed,1,2026-08-20T20:40:20.313761Z,2026-08-20T20:40:20.352678Z,2;3;4;5;6;7;8;9;10;11;12;13,2;3;4;5;6;7;8;9;10;11;12;13,13,1800,0.03890467097517103,0.03890467097517103,255668224,12,1800,4294967296,64800,1,1,"{""active_modes_per_particle"":91,""balanced_backward_error"":2.8390719909891325e-17,""balanced_condition_number"":1.0954895877880662,""effective_incident_closure_error"":4.2034231691491785e-41,""finite"":true,""force_decomposition_residual"":0.0,""full_modes_per_particle"":196,""fz_tolerance"":5.429229471719439e-15,""max_abs_fz"":0.0,""mode_dimension_consistent"":true,""passed"":true,""planar_symmetry_pass"":true,""production_solver"":""balanced_sqrt"",""scattering_closure_error"":1.6049878044857916e-16,""system_dimension"":182}",true,true,,
1.0.0,p1_dimer_confirmatory_r2,a041e07ae93e9a858bad809427039bf593641ad1f9e341ed89b9d91f648f297d,7c565ca4007a1590182a38d8f96599dd90773f06,ee4b4428b4a122063ab28459c48e43f51fd7bc60,28,p1_dimer_ka005_fluid_f020_f1060_d0300_t000,completed,1,2026-08-20T20:40:20.356171Z,2026-08-20T20:40:20.379274Z,2;3;4;5;6;7;8;9;10;11,2;3;4;5;6;7;8;9;10;11,11,1800,0.023092034040018916,0.023092034040018916,255668224,10,1800,4294967296,64800,1,1,"{""active_modes_per_particle"":66,""balanced_backward_error"":4.480675502944306e-18,""balanced_condition_number"":1.038485903195012,""effective_incident_closure_error"":3.3692200218993133e-35,""finite"":true,""force_decomposition_residual"":0.0,""full_modes_per_particle"":144,""fz_tolerance"":2.4871387858323905e-15,""max_abs_fz"":0.0,""mode_dimension_consistent"":true,""passed"":true,""planar_symmetry_pass"":true,""production_solver"":""balanced_sqrt"",""scattering_closure_error"":1.0378314417768988e-16,""system_dimension"":132}",true,true,,
1.0.0,p1_dimer_confirmatory_r2,a041e07ae93e9a858bad809427039bf593641ad1f9e341ed89b9d91f648f297d,7c565ca4007a1590182a38d8f96599dd90773f06,ee4b4428b4a122063ab28459c48e43f51fd7bc60,29,p1_dimer_ka005_fluid_f020_f1060_d0400_t000,completed,1,2026-08-20T20:40:20.382684Z,2026-08-20T20:40:20.396698Z,2;3;4;5;6;7;8;9,2;3;4;5;6;7;8;9,9,1800,0.014004036085680127,0.014004036085680127,255668224,8,1800,4294967296,64800,1,1,"{""active_modes_per_particle"":45,""balanced_backward_error"":1.3144018879818331e-17,""balanced_condition_number"":1.0124809403823394,""effective_incident_closure_error"":1.6374623548798158e-29,""finite"":true,""force_decomposition_residual"":0.0,""full_modes_per_particle"":100,""fz_tolerance"":7.679810794968729e-16,""max_abs_fz"":0.0,""mode_dimension_consistent"":true,""passed"":true,""planar_symmetry_pass"":true,""production_solver"":""balanced_sqrt"",""scattering_closure_error"":1.3430533012635494e-16,""system_dimension"":90}",true,true,,
1.0.0,p1_dimer_confirmatory_r2,a041e07ae93e9a858bad809427039bf593641ad1f9e341ed89b9d91f648f297d,7c565ca4007a1590182a38d8f96599dd90773f06,ee4b4428b4a122063ab28459c48e43f51fd7bc60,30,p1_dimer_ka005_fluid_f020_f1060_d0600_t000,completed,1,2026-08-20T20:40:20.399983Z,2026-08-20T20:40:20.411123Z,2;3;4;5;6;7;8,2;3;4;5;6;7;8,8,1800,0.01113047800026834,0.01113047800026834,255668224,7,1800,4294967296,64800,1,1,"{""active_modes_per_particle"":36,""balanced_backward_error"":2.3046818688646524e-17,""balanced_condition_number"":1.003226936109962,""effective_incident_closure_error"":3.9232518752921853e-25,""finite"":true,""force_decomposition_residual"":0.0,""full_modes_per_particle"":81,""fz_tolerance"":1.5148872992474965e-16,""max_abs_fz"":0.0,""mode_dimension_consistent"":true,""passed"":true,""planar_symmetry_pass"":true,""production_solver"":""balanced_sqrt"",""scattering_closure_error"":1.633314334802341e-16,""system_dimension"":72}",true,true,,
1.0.0,p1_dimer_confirmatory_r2,a041e07ae93e9a858bad809427039bf593641ad1f9e341ed89b9d91f648f297d,7c565ca4007a1590182a38d8f96599dd90773f06,ee4b4428b4a122063ab28459c48e43f51fd7bc60,31,p1_dimer_ka005_fluid_f020_f1060_d0800_t000,completed,1,2026-08-20T20:40:20.413902Z,2026-08-20T20:40:20.422864Z,2;3;4;5;6;7,2;3;4;5;6;7,7,1800,0.0089529360411688685,0.0089529360411688685,255668224,6,1800,4294967296,64800,1,1,"{""active_modes_per_particle"":28,""balanced_backward_error"":2.5787977237920476e-17,""balanced_condition_number"":1.0013350074766523,""effective_incident_closure_error"":9.246602267706044e-23,""finite"":true,""force_decomposition_residual"":0.0,""full_modes_per_particle"":64,""fz_tolerance"":4.84199206927271e-17,""max_abs_fz"":0.0,""mode_dimension_consistent"":true,""passed"":true,""planar_symmetry_pass"":true,""production_solver"":""balanced_sqrt"",""scattering_closure_error"":6.494086640122369e-17,""system_dimension"":56}",true,true,,
1.0.0,p1_dimer_confirmatory_r2,a041e07ae93e9a858bad809427039bf593641ad1f9e341ed89b9d91f648f297d,7c565ca4007a1590182a38d8f96599dd90773f06,ee4b4428b4a122063ab28459c48e43f51fd7bc60,32,p1_dimer_ka005_fluid_f020_f1060_d1000_t000,completed,1,2026-08-20T20:40:20.425610Z,2026-08-20T20:40:20.434522Z,2;3;4;5;6;7,2;3;4;5;6;7,7,1800,0.0089024009648710489,0.0089024009648710489,255668224,6,1800,4294967296,64800,1,1,"{""active_modes_per_particle"":28,""balanced_backward_error"":1.6314005912765273e-17,""balanced_condition_number"":1.0006935728584228,""effective_incident_closure_error"":2.639446443696108e-20,""finite"":true,""force_decomposition_residual"":4.179181064637388e-38,""full_modes_per_particle"":64,""fz_tolerance"":2.0137020738848778e-17,""max_abs_fz"":0.0,""mode_dimension_consistent"":true,""passed"":true,""planar_symmetry_pass"":true,""production_solver"":""balanced_sqrt"",""scattering_closure_error"":1.1526734023796525e-16,""system_dimension"":56}",true,true,,
1.0.0,p1_dimer_confirmatory_r2,a041e07ae93e9a858bad809427039bf593641ad1f9e341ed89b9d91f648f297d,7c565ca4007a1590182a38d8f96599dd90773f06,ee4b4428b4a122063ab28459c48e43f51fd7bc60,33,p1_dimer_ka005_fluid_f000_f1080_d0210_t000,completed,1,2026-08-20T20:40:20.437253Z,2026-08-20T20:41:52.026239Z,2;3;4;5;6;7;8;9;10;11;12;13;14;15;16;17;18;19;20,2;3;4;5;6;7;8;9;10;11;12;13;14;15;16;17;18;19;20,20,1800,91.588974664919078,91.588974664919078,291237888,19,1800,4294967296,64800,1,1,"{""active_modes_per_particle"":210,""balanced_backward_error"":3.336660754038218e-17,""balanced_condition_number"":1.609113196146197,""effective_incident_closure_error"":2.0588547626006172e-61,""finite"":true,""force_decomposition_residual"":8.788148875034372e-17,""full_modes_per_particle"":441,""fz_tolerance"":2.5389141828462896e-14,""max_abs_fz"":0.0,""mode_dimension_consistent"":true,""passed"":true,""planar_symmetry_pass"":true,""production_solver"":""balanced_sqrt"",""scattering_closure_error"":6.66633548472182e-17,""system_dimension"":420}",true,true,,
1.0.0,p1_dimer_confirmatory_r2,a041e07ae93e9a858bad809427039bf593641ad1f9e341ed89b9d91f648f297d,7c565ca4007a1590182a38d8f96599dd90773f06,ee4b4428b4a122063ab28459c48e43f51fd7bc60,34,p1_dimer_ka005_fluid_f000_f1080_d0225_t000,completed,1,2026-08-20T20:41:52.039304Z,2026-08-20T20:42:00.604085Z,2;3;4;5;6;7;8;9;10;11;12;13;14;15;16,2;3;4;5;6;7;8;9;10;11;12;13;14;15;16,16,1800,8.5647586360573769,8.5647586360573769,291237888,15,1800,4294967296,64800,1,1,"{""active_modes_per_particle"":136,""balanced_backward_error"":4.609813031610568e-17,""balanced_condition_number"":1.2797714857048164,""effective_incident_closure_error"":4.863069370399853e-50,""finite"":true,""force_decomposition_residual"":0.0,""full_modes_per_particle"":289,""fz_tolerance"":1.682627465564025e-14,""max_abs_fz"":0.0,""mode_dimension_consistent"":true,""passed"":true,""planar_symmetry_pass"":true,""production_solver"":""balanced_sqrt"",""scattering_closure_error"":1.2623937323953668e-16,""system_dimension"":272}",true,true,,
1.0.0,p1_dimer_confirmatory_r2,a041e07ae93e9a858bad809427039bf593641ad1f9e341ed89b9d91f648f297d,7c565ca4007a1590182a38d8f96599dd90773f06,ee4b4428b4a122063ab28459c48e43f51fd7bc60,35,p1_dimer_ka005_fluid_f000_f1080_d0250_t000,completed,1,2026-08-20T20:42:00.607996Z,2026-08-20T20:42:00.647153Z,2;3;4;5;6;7;8;9;10;11;12;13,2;3;4;5;6;7;8;9;10;11;12;13,13,1800,0.039144400041550398,0.039144400041550398,291237888,12,1800,4294967296,64800,1,1,"{""active_modes_per_particle"":91,""balanced_backward_error"":2.0848420718478313e-17,""balanced_condition_number"":1.132151734739557,""effective_incident_closure_error"":3.799684483285362e-41,""finite"":true,""force_decomposition_residual"":0.0,""full_modes_per_particle"":196,""fz_tolerance"":9.994004920490801e-15,""max_abs_fz"":0.0,""mode_dimension_consistent"":true,""passed"":true,""planar_symmetry_pass"":true,""production_solver"":""balanced_sqrt"",""scattering_closure_error"":1.0792904085525223e-16,""system_dimension"":182}",true,true,,
1.0.0,p1_dimer_confirmatory_r2,a041e07ae93e9a858bad809427039bf593641ad1f9e341ed89b9d91f648f297d,7c565ca4007a1590182a38d8f96599dd90773f06,ee4b4428b4a122063ab28459c48e43f51fd7bc60,36,p1_dimer_ka005_fluid_f000_f1080_d0300_t000,completed,1,2026-08-20T20:42:00.650661Z,2026-08-20T20:42:00.673474Z,2;3;4;5;6;7;8;9;10;11,2;3;4;5;6;7;8;9;10;11,11,1800,0.02280367398634553,0.02280367398634553,291237888,10,1800,4294967296,64800,1,1,"{""active_modes_per_particle"":66,""balanced_backward_error"":3.2786494531953326e-17,""balanced_condition_number"":1.0522862660217116,""effective_incident_closure_error"":3.569934618012333e-35,""finite"":true,""force_decomposition_residual"":0.0,""full_modes_per_particle"":144,""fz_tolerance"":4.4878430102132514e-15,""max_abs_fz"":0.0,""mode_dimension_consistent"":true,""passed"":true,""planar_symmetry_pass"":true,""production_solver"":""balanced_sqrt"",""scattering_closure_error"":1.0734789230985034e-16,""system_dimension"":132}",true,true,,
1.0.0,p1_dimer_confirmatory_r2,a041e07ae93e9a858bad809427039bf593641ad1f9e341ed89b9d91f648f297d,7c565ca4007a1590182a38d8f96599dd90773f06,ee4b4428b4a122063ab28459c48e43f51fd7bc60,37,p1_dimer_ka005_fluid_f000_f1080_d0400_t000,completed,1,2026-08-20T20:42:00.676864Z,2026-08-20T20:42:00.690808Z,2;3;4;5;6;7;8;9,2;3;4;5;6;7;8;9,9,1800,0.013934475020505488,0.013934475020505488,291237888,8,1800,4294967296,64800,1,1,"{""active_modes_per_particle"":45,""balanced_backward_error"":3.2144606401087164e-17,""balanced_condition_number"":1.0167783478164352,""effective_incident_closure_error"":5.677228794209002e-30,""finite"":true,""force_decomposition_residual"":0.0,""full_modes_per_particle"":100,""fz_tolerance"":1.3722952835287534e-15,""max_abs_fz"":0.0,""mode_dimension_consistent"":true,""passed"":true,""planar_symmetry_pass"":true,""production_solver"":""balanced_sqrt"",""scattering_closure_error"":1.480758490590359e-16,""system_dimension"":90}",true,true,,
1.0.0,p1_dimer_confirmatory_r2,a041e07ae93e9a858bad809427039bf593641ad1f9e341ed89b9d91f648f297d,7c565ca4007a1590182a38d8f96599dd90773f06,ee4b4428b4a122063ab28459c48e43f51fd7bc60,38,p1_dimer_ka005_fluid_f000_f1080_d0600_t000,completed,1,2026-08-20T20:42:00.694123Z,2026-08-20T20:42:00.705256Z,2;3;4;5;6;7;8,2;3;4;5;6;7;8,8,1800,0.011123434989713132,0.011123434989713132,291237888,7,1800,4294967296,64800,1,1,"{""active_modes_per_particle"":36,""balanced_backward_error"":3.568333628743656e-17,""balanced_condition_number"":1.0043161200874597,""effective_incident_closure_error"":3.0515561026523496e-25,""finite"":true,""force_decomposition_residual"":0.0,""full_modes_per_particle"":81,""fz_tolerance"":2.6977218480820094e-16,""max_abs_fz"":0.0,""mode_dimension_consistent"":true,""passed"":true,""planar_symmetry_pass"":true,""production_solver"":""balanced_sqrt"",""scattering_closure_error"":7.939793873353867e-17,""system_dimension"":72}",true,true,,
1.0.0,p1_dimer_confirmatory_r2,a041e07ae93e9a858bad809427039bf593641ad1f9e341ed89b9d91f648f297d,7c565ca4007a1590182a38d8f96599dd90773f06,ee4b4428b4a122063ab28459c48e43f51fd7bc60,39,p1_dimer_ka005_fluid_f000_f1080_d0800_t000,completed,1,2026-08-20T20:42:00.708042Z,2026-08-20T20:42:00.717007Z,2;3;4;5;6;7,2;3;4;5;6;7,7,1800,0.0089563219808042049,0.0089563219808042049,291237888,6,1800,4294967296,64800,1,1,"{""active_modes_per_particle"":28,""balanced_backward_error"":2.823999628853795e-17,""balanced_condition_number"":1.0017830938340622,""effective_incident_closure_error"":1.3759760957199012e-22,""finite"":true,""force_decomposition_residual"":0.0,""full_modes_per_particle"":64,""fz_tolerance"":8.616890078050395e-17,""max_abs_fz"":0.0,""mode_dimension_consistent"":true,""passed"":true,""planar_symmetry_pass"":true,""production_solver"":""balanced_sqrt"",""scattering_closure_error"":1.0874452513728363e-16,""system_dimension"":56}",true,true,,
1.0.0,p1_dimer_confirmatory_r2,a041e07ae93e9a858bad809427039bf593641ad1f9e341ed89b9d91f648f297d,7c565ca4007a1590182a38d8f96599dd90773f06,ee4b4428b4a122063ab28459c48e43f51fd7bc60,40,p1_dimer_ka005_fluid_f000_f1080_d1000_t000,completed,1,2026-08-20T20:42:00.719760Z,2026-08-20T20:42:00.728644Z,2;3;4;5;6;7,2;3;4;5;6;7,7,1800,0.0088747789850458503,0.0088747789850458503,291237888,6,1800,4294967296,64800,1,1,"{""active_modes_per_particle"":28,""balanced_backward_error"":1.6310046986143076e-17,""balanced_condition_number"":1.0009258213746277,""effective_incident_closure_error"":2.8296864697835484e-22,""finite"":true,""force_decomposition_residual"":0.0,""full_modes_per_particle"":64,""fz_tolerance"":3.582822306890765e-17,""max_abs_fz"":0.0,""mode_dimension_consistent"":true,""passed"":true,""planar_symmetry_pass"":true,""production_solver"":""balanced_sqrt"",""scattering_closure_error"":5.750695460905576e-17,""system_dimension"":56}",true,true,,
1.0.0,p1_dimer_confirmatory_r2,a041e07ae93e9a858bad809427039bf593641ad1f9e341ed89b9d91f648f297d,7c565ca4007a1590182a38d8f96599dd90773f06,ee4b4428b4a122063ab28459c48e43f51fd7bc60,41,p1_dimer_ka005_rigid_boundary_d0210_t000,completed,1,2026-08-20T20:42:00.731386Z,2026-08-20T20:43:53.334647Z,2;3;4;5;6;7;8;9;10;11;12;13;14;15;16;17;18;19;20;21,2;3;4;5;6;7;8;9;10;11;12;13;14;15;16;17;18;19;20;21,21,1800,112.60325091599952,112.60325091599952,325238784,20,1800,4294967296,64800,1,1,"{""active_modes_per_particle"":231,""balanced_backward_error"":2.6944916917703274e-17,""balanced_condition_number"":1.8728647385749972,""effective_incident_closure_error"":3.3231141617843866e-65,""finite"":true,""force_decomposition_residual"":0.0,""full_modes_per_particle"":484,""fz_tolerance"":4.517260298330441e-14,""max_abs_fz"":0.0,""mode_dimension_consistent"":true,""passed"":true,""planar_symmetry_pass"":true,""production_solver"":""balanced_sqrt"",""scattering_closure_error"":1.178672744076771e-16,""system_dimension"":462}",false,false,pair_eligibility,"1:(0, 1)=convergence"
1.0.0,p1_dimer_confirmatory_r2,a041e07ae93e9a858bad809427039bf593641ad1f9e341ed89b9d91f648f297d,7c565ca4007a1590182a38d8f96599dd90773f06,ee4b4428b4a122063ab28459c48e43f51fd7bc60,42,p1_dimer_ka005_rigid_boundary_d0225_t000,completed,1,2026-08-20T20:43:53.348127Z,2026-08-20T20:43:53.443524Z,2;3;4;5;6;7;8;9;10;11;12;13;14;15;16,2;3;4;5;6;7;8;9;10;11;12;13;14;15;16,16,1800,0.09538079600315541,0.09538079600315541,325238784,15,1800,4294967296,64800,1,1,"{""active_modes_per_particle"":136,""balanced_backward_error"":2.243362343009469e-17,""balanced_condition_number"":1.3752863085226714,""effective_incident_closure_error"":5.527577213188958e-50,""finite"":true,""force_decomposition_residual"":7.921370647841598e-17,""full_modes_per_particle"":289,""fz_tolerance"":2.8167291762656085e-14,""max_abs_fz"":0.0,""mode_dimension_consistent"":true,""passed"":true,""planar_symmetry_pass"":true,""production_solver"":""balanced_sqrt"",""scattering_closure_error"":7.958749206557926e-17,""system_dimension"":272}",true,true,,
1.0.0,p1_dimer_confirmatory_r2,a041e07ae93e9a858bad809427039bf593641ad1f9e341ed89b9d91f648f297d,7c565ca4007a1590182a38d8f96599dd90773f06,ee4b4428b4a122063ab28459c48e43f51fd7bc60,43,p1_dimer_ka005_rigid_boundary_d0250_t000,completed,1,2026-08-20T20:43:53.447513Z,2026-08-20T20:43:53.485313Z,2;3;4;5;6;7;8;9;10;11;12;13,2;3;4;5;6;7;8;9;10;11;12;13,13,1800,0.037787104956805706,0.037787104956805706,325238784,12,1800,4294967296,64800,1,1,"{""active_modes_per_particle"":91,""balanced_backward_error"":2.7454359423100324e-17,""balanced_condition_number"":1.1717333372569754,""effective_incident_closure_error"":5.161993937361126e-42,""finite"":true,""force_decomposition_residual"":0.0,""full_modes_per_particle"":196,""fz_tolerance"":1.6168882308215205e-14,""max_abs_fz"":0.0,""mode_dimension_consistent"":true,""passed"":true,""planar_symmetry_pass"":true,""production_solver"":""balanced_sqrt"",""scattering_closure_error"":3.693136967342474e-17,""system_dimension"":182}",true,true,,
1.0.0,p1_dimer_confirmatory_r2,a041e07ae93e9a858bad809427039bf593641ad1f9e341ed89b9d91f648f297d,7c565ca4007a1590182a38d8f96599dd90773f06,ee4b4428b4a122063ab28459c48e43f51fd7bc60,44,p1_dimer_ka005_rigid_boundary_d0300_t000,completed,1,2026-08-20T20:43:53.488996Z,2026-08-20T20:43:53.510996Z,2;3;4;5;6;7;8;9;10;11,2;3;4;5;6;7;8;9;10;11,11,1800,0.021988726104609668,0.021988726104609668,325238784,10,1800,4294967296,64800,1,1,"{""active_modes_per_particle"":66,""balanced_backward_error"":2.2849938384153457e-17,""balanced_condition_number"":1.0666053374636986,""effective_incident_closure_error"":1.4185163495715468e-35,""finite"":true,""force_decomposition_residual"":0.0,""full_modes_per_particle"":144,""fz_tolerance"":7.106925591622869e-15,""max_abs_fz"":0.0,""mode_dimension_consistent"":true,""passed"":true,""planar_symmetry_pass"":true,""production_solver"":""balanced_sqrt"",""scattering_closure_error"":4.5841957127980995e-17,""system_dimension"":132}",true,true,,
1.0.0,p1_dimer_confirmatory_r2,a041e07ae93e9a858bad809427039bf593641ad1f9e341ed89b9d91f648f297d,7c565ca4007a1590182a38d8f96599dd90773f06,ee4b4428b4a122063ab28459c48e43f51fd7bc60,45,p1_dimer_ka005_rigid_boundary_d0400_t000,completed,1,2026-08-20T20:43:53.514439Z,2026-08-20T20:43:53.527712Z,2;3;4;5;6;7;8;9,2;3;4;5;6;7;8;9,9,1800,0.013263345928862691,0.013263345928862691,325238784,8,1800,4294967296,64800,1,1,"{""active_modes_per_particle"":45,""balanced_backward_error"":1.1724305061550066e-17,""balanced_condition_number"":1.021135451782997,""effective_incident_closure_error"":1.90294703917301e-29,""finite"":true,""force_decomposition_residual"":0.0,""full_modes_per_particle"":100,""fz_tolerance"":2.151281039057495e-15,""max_abs_fz"":0.0,""mode_dimension_consistent"":true,""passed"":true,""planar_symmetry_pass"":true,""production_solver"":""balanced_sqrt"",""scattering_closure_error"":1.089443943028025e-16,""system_dimension"":90}",true,true,,
1.0.0,p1_dimer_confirmatory_r2,a041e07ae93e9a858bad809427039bf593641ad1f9e341ed89b9d91f648f297d,7c565ca4007a1590182a38d8f96599dd90773f06,ee4b4428b4a122063ab28459c48e43f51fd7bc60,46,p1_dimer_ka005_rigid_boundary_d0600_t000,completed,1,2026-08-20T20:43:53.531072Z,2026-08-20T20:43:53.541578Z,2;3;4;5;6;7;8,2;3;4;5;6;7;8,8,1800,0.010496789938770235,0.010496789938770235,325238784,7,1800,4294967296,64800,1,1,"{""active_modes_per_particle"":36,""balanced_backward_error"":2.0599587570836152e-17,""balanced_condition_number"":1.0054079663997122,""effective_incident_closure_error"":8.844464425222512e-26,""finite"":true,""force_decomposition_residual"":0.0,""full_modes_per_particle"":81,""fz_tolerance"":4.214466207706544e-16,""max_abs_fz"":0.0,""mode_dimension_consistent"":true,""passed"":true,""planar_symmetry_pass"":true,""production_solver"":""balanced_sqrt"",""scattering_closure_error"":6.772267574084237e-17,""system_dimension"":72}",true,true,,
1.0.0,p1_dimer_confirmatory_r2,a041e07ae93e9a858bad809427039bf593641ad1f9e341ed89b9d91f648f297d,7c565ca4007a1590182a38d8f96599dd90773f06,ee4b4428b4a122063ab28459c48e43f51fd7bc60,47,p1_dimer_ka005_rigid_boundary_d0800_t000,completed,1,2026-08-20T20:43:53.544390Z,2026-08-20T20:43:53.552776Z,2;3;4;5;6;7,2;3;4;5;6;7,7,1800,0.0083777470281347632,0.0083777470281347632,325238784,6,1800,4294967296,64800,1,1,"{""active_modes_per_particle"":28,""balanced_backward_error"":2.7286258293668212e-17,""balanced_condition_number"":1.0022308306706378,""effective_incident_closure_error"":1.6256208268511129e-22,""finite"":true,""force_decomposition_residual"":0.0,""full_modes_per_particle"":64,""fz_tolerance"":1.3452530702507423e-16,""max_abs_fz"":0.0,""mode_dimension_consistent"":true,""passed"":true,""planar_symmetry_pass"":true,""production_solver"":""balanced_sqrt"",""scattering_closure_error"":7.50369130253267e-17,""system_dimension"":56}",true,true,,
1.0.0,p1_dimer_confirmatory_r2,a041e07ae93e9a858bad809427039bf593641ad1f9e341ed89b9d91f648f297d,7c565ca4007a1590182a38d8f96599dd90773f06,ee4b4428b4a122063ab28459c48e43f51fd7bc60,48,p1_dimer_ka005_rigid_boundary_d1000_t000,completed,1,2026-08-20T20:43:53.555532Z,2026-08-20T20:43:53.563826Z,2;3;4;5;6;7,2;3;4;5;6;7,7,1800,0.0082848629681393504,0.0082848629681393504,325238784,6,1800,4294967296,64800,1,1,"{""active_modes_per_particle"":28,""balanced_backward_error"":2.729812873367243e-17,""balanced_condition_number"":1.0011575745578312,""effective_incident_closure_error"":2.8700504252434756e-22,""finite"":true,""force_decomposition_residual"":0.0,""full_modes_per_particle"":64,""fz_tolerance"":5.592192722430437e-17,""max_abs_fz"":0.0,""mode_dimension_consistent"":true,""passed"":true,""planar_symmetry_pass"":true,""production_solver"":""balanced_sqrt"",""scattering_closure_error"":9.290882029298476e-17,""system_dimension"":56}",true,true,,
1.0.0,p1_dimer_confirmatory_r2,a041e07ae93e9a858bad809427039bf593641ad1f9e341ed89b9d91f648f297d,7c565ca4007a1590182a38d8f96599dd90773f06,ee4b4428b4a122063ab28459c48e43f51fd7bc60,49,p1_dimer_ka010_fluid_f000_f1010_d0210_t000,completed,1,2026-08-20T20:43:53.566595Z,2026-08-20T20:44:14.197072Z,2;3;4;5;6;7;8;9;10;11;12;13;14;15,2;3;4;5;6;7;8;9;10;11;12;13;14;15,15,1800,20.630467551993206,20.630467551993206,325238784,14,1800,4294967296,64800,1,1,"{""active_modes_per_particle"":120,""balanced_backward_error"":2.5068708804231652e-17,""balanced_condition_number"":1.0526787592878075,""effective_incident_closure_error"":3.4552942076341775e-41,""finite"":true,""force_decomposition_residual"":0.0,""full_modes_per_particle"":256,""fz_tolerance"":2.8703063430912537e-16,""max_abs_fz"":0.0,""mode_dimension_consistent"":true,""passed"":true,""planar_symmetry_pass"":true,""production_solver"":""balanced_sqrt"",""scattering_closure_error"":1.8202669974071133e-16,""system_dimension"":240}",true,true,,
1.0.0,p1_dimer_confirmatory_r2,a041e07ae93e9a858bad809427039bf593641ad1f9e341ed89b9d91f648f297d,7c565ca4007a1590182a38d8f96599dd90773f06,ee4b4428b4a122063ab28459c48e43f51fd7bc60,50,p1_dimer_ka010_fluid_f000_f1010_d0225_t000,completed,1,2026-08-20T20:44:14.209910Z,2026-08-20T20:44:28.351411Z,2;3;4;5;6;7;8;9;10;11;12;13;14,2;3;4;5;6;7;8;9;10;11;12;13;14,14,1800,14.141484985942952,14.141484985942952,325238784,13,1800,4294967296,64800,1,1,"{""active_modes_per_particle"":105,""balanced_backward_error"":1.0906504721575326e-17,""balanced_condition_number"":1.0284122141019323,""effective_incident_closure_error"":2.169378034949225e-38,""finite"":true,""force_decomposition_residual"":0.0,""full_modes_per_particle"":225,""fz_tolerance"":2.155407838964266e-16,""max_abs_fz"":0.0,""mode_dimension_consistent"":true,""passed"":true,""planar_symmetry_pass"":true,""production_solver"":""balanced_sqrt"",""scattering_closure_error"":1.5600312378195966e-16,""system_dimension"":210}",true,true,,
1.0.0,p1_dimer_confirmatory_r2,a041e07ae93e9a858bad809427039bf593641ad1f9e341ed89b9d91f648f297d,7c565ca4007a1590182a38d8f96599dd90773f06,ee4b4428b4a122063ab28459c48e43f51fd7bc60,51,p1_dimer_ka010_fluid_f000_f1010_d0250_t000,completed,1,2026-08-20T20:44:28.365021Z,2026-08-20T20:44:37.900556Z,2;3;4;5;6;7;8;9;10;11;12;13,2;3;4;5;6;7;8;9;10;11;12;13,13,1800,9.5355206440435722,9.5355206440435722,325238784,12,1800,4294967296,64800,1,1,"{""active_modes_per_particle"":91,""balanced_backward_error"":1.3478888955146736e-17,""balanced_condition_number"":1.0147089866584593,""effective_incident_closure_error"":6.926175695211612e-38,""finite"":true,""force_decomposition_residual"":0.0,""full_modes_per_particle"":196,""fz_tolerance"":1.4025002743247627e-16,""max_abs_fz"":0.0,""mode_dimension_consistent"":true,""passed"":true,""planar_symmetry_pass"":true,""production_solver"":""balanced_sqrt"",""scattering_closure_error"":1.3926231381897992e-16,""system_dimension"":182}",true,true,,
1.0.0,p1_dimer_confirmatory_r2,a041e07ae93e9a858bad809427039bf593641ad1f9e341ed89b9d91f648f297d,7c565ca4007a1590182a38d8f96599dd90773f06,ee4b4428b4a122063ab28459c48e43f51fd7bc60,52,p1_dimer_ka010_fluid_f000_f1010_d0300_t000,completed,1,2026-08-20T20:44:37.904461Z,2026-08-20T20:44:41.811803Z,2;3;4;5;6;7;8;9;10;11,2;3;4;5;6;7;8;9;10;11,11,1800,3.9073264790931717,3.9073264790931717,325238784,10,1800,4294967296,64800,1,1,"{""active_modes_per_particle"":66,""balanced_backward_error"":1.1072818176232325e-17,""balanced_condition_number"":1.0062370639588778,""effective_incident_closure_error"":8.227449058371186e-31,""finite"":true,""force_decomposition_residual"":0.0,""full_modes_per_particle"":144,""fz_tolerance"":6.739131751865994e-17,""max_abs_fz"":0.0,""mode_dimension_consistent"":true,""passed"":true,""planar_symmetry_pass"":true,""production_solver"":""balanced_sqrt"",""scattering_closure_error"":1.1018432354863438e-16,""system_dimension"":132}",true,true,,
1.0.0,p1_dimer_confirmatory_r2,a041e07ae93e9a858bad809427039bf593641ad1f9e341ed89b9d91f648f297d,7c565ca4007a1590182a38d8f96599dd90773f06,ee4b4428b4a122063ab28459c48e43f51fd7bc60,53,p1_dimer_ka010_fluid_f000_f1010_d0400_t000,completed,1,2026-08-20T20:44:41.824858Z,2026-08-20T20:44:43.213180Z,2;3;4;5;6;7;8;9,2;3;4;5;6;7;8;9,9,1800,1.3883104649139568,1.3883104649139568,325238784,8,1800,4294967296,64800,1,1,"{""active_modes_per_particle"":45,""balanced_backward_error"":3.492493774665391e-17,""balanced_condition_number"":1.0021220125316352,""effective_incident_closure_error"":5.45619242188361e-26,""finite"":true,""force_decomposition_residual"":2.0805970207769173e-38,""full_modes_per_particle"":100,""fz_tolerance"":2.148372209531657e-17,""max_abs_fz"":0.0,""mode_dimension_consistent"":true,""passed"":true,""planar_symmetry_pass"":true,""production_solver"":""balanced_sqrt"",""scattering_closure_error"":1.2799062378660295e-16,""system_dimension"":90}",true,true,,
1.0.0,p1_dimer_confirmatory_r2,a041e07ae93e9a858bad809427039bf593641ad1f9e341ed89b9d91f648f297d,7c565ca4007a1590182a38d8f96599dd90773f06,ee4b4428b4a122063ab28459c48e43f51fd7bc60,54,p1_dimer_ka010_fluid_f000_f1010_d0600_t000,completed,1,2026-08-20T20:44:43.216864Z,2026-08-20T20:44:43.978917Z,2;3;4;5;6;7;8,2;3;4;5;6;7;8,8,1800,0.76203896105289459,0.76203896105289459,325238784,7,1800,4294967296,64800,1,1,"{""active_modes_per_particle"":36,""balanced_backward_error"":1.7883481411085294e-17,""balanced_condition_number"":1.0005882429877035,""effective_incident_closure_error"":2.959145675117177e-22,""finite"":true,""force_decomposition_residual"":3.777065964519915e-38,""full_modes_per_particle"":81,""fz_tolerance"":4.3901471276473445e-18,""max_abs_fz"":0.0,""mode_dimension_consistent"":true,""passed"":true,""planar_symmetry_pass"":true,""production_solver"":""balanced_sqrt"",""scattering_closure_error"":1.400244210948669e-16,""system_dimension"":72}",true,true,,
1.0.0,p1_dimer_confirmatory_r2,a041e07ae93e9a858bad809427039bf593641ad1f9e341ed89b9d91f648f297d,7c565ca4007a1590182a38d8f96599dd90773f06,ee4b4428b4a122063ab28459c48e43f51fd7bc60,55,p1_dimer_ka010_fluid_f000_f1010_d0800_t000,completed,1,2026-08-20T20:44:43.983255Z,2026-08-20T20:44:44.375621Z,2;3;4;5;6;7,2;3;4;5;6;7,7,1800,0.39235554402694106,0.39235554402694106,325238784,6,1800,4294967296,64800,1,1,"{""active_modes_per_particle"":28,""balanced_backward_error"":2.309209257155637e-17,""balanced_condition_number"":1.0002592964948005,""effective_incident_closure_error"":2.074400143146781e-19,""finite"":true,""force_decomposition_residual"":3.5735232373809336e-38,""full_modes_per_particle"":64,""fz_tolerance"":1.462672865470811e-18,""max_abs_fz"":0.0,""mode_dimension_consistent"":true,""passed"":true,""planar_symmetry_pass"":true,""production_solver"":""balanced_sqrt"",""scattering_closure_error"":1.2978792353003332e-16,""system_dimension"":56}",true,true,,
1.0.0,p1_dimer_confirmatory_r2,a041e07ae93e9a858bad809427039bf593641ad1f9e341ed89b9d91f648f297d,7c565ca4007a1590182a38d8f96599dd90773f06,ee4b4428b4a122063ab28459c48e43f51fd7bc60,56,p1_dimer_ka010_fluid_f000_f1010_d1000_t000,completed,1,2026-08-20T20:44:44.379126Z,2026-08-20T20:44:44.772064Z,2;3;4;5;6;7,2;3;4;5;6;7,7,1800,0.39292643393855542,0.39292643393855542,325238784,6,1800,4294967296,64800,1,1,"{""active_modes_per_particle"":28,""balanced_backward_error"":2.5818984015223918e-17,""balanced_condition_number"":1.0001418470691623,""effective_incident_closure_error"":1.1574164883558618e-18,""finite"":true,""force_decomposition_residual"":0.0,""full_modes_per_particle"":64,""fz_tolerance"":6.415825723932784e-19,""max_abs_fz"":0.0,""mode_dimension_consistent"":true,""passed"":true,""planar_symmetry_pass"":true,""production_solver"":""balanced_sqrt"",""scattering_closure_error"":1.8161501163553296e-16,""system_dimension"":56}",true,true,,
1.0.0,p1_dimer_confirmatory_r2,a041e07ae93e9a858bad809427039bf593641ad1f9e341ed89b9d91f648f297d,7c565ca4007a1590182a38d8f96599dd90773f06,ee4b4428b4a122063ab28459c48e43f51fd7bc60,57,p1_dimer_ka010_fluid_f000_f1040_d0210_t000,completed,1,2026-08-20T20:44:44.775607Z,2026-08-20T20:45:04.861852Z,2;3;4;5;6;7;8;9;10;11;12;13;14;15;16;17,2;3;4;5;6;7;8;9;10;11;12;13;14;15;16;17,17,1800,20.086229539010674,20.086229539010674,325238784,16,1800,4294967296,64800,1,1,"{""active_modes_per_particle"":153,""balanced_backward_error"":2.0074477638950327e-17,""balanced_condition_number"":1.2428963320711766,""effective_incident_closure_error"":5.889465503187493e-48,""finite"":true,""force_decomposition_residual"":0.0,""full_modes_per_particle"":324,""fz_tolerance"":5.1951966672132655e-15,""max_abs_fz"":0.0,""mode_dimension_consistent"":true,""passed"":true,""planar_symmetry_pass"":true,""production_solver"":""balanced_sqrt"",""scattering_closure_error"":1.7961259753249392e-16,""system_dimension"":306}",true,true,,
1.0.0,p1_dimer_confirmatory_r2,a041e07ae93e9a858bad809427039bf593641ad1f9e341ed89b9d91f648f297d,7c565ca4007a1590182a38d8f96599dd90773f06,ee4b4428b4a122063ab28459c48e43f51fd7bc60,58,p1_dimer_ka010_fluid_f000_f1040_d0225_t000,completed,1,2026-08-20T20:45:04.866097Z,2026-08-20T20:45:11.316022Z,2;3;4;5;6;7;8;9;10;11;12;13;14;15,2;3;4;5;6;7;8;9;10;11;12;13;14;15,15,1800,6.4499095900682732,6.4499095900682732,325238784,14,1800,4294967296,64800,1,1,"{""active_modes_per_particle"":120,""balanced_backward_error"":3.500647978900038e-17,""balanced_condition_number"":1.1236026640088765,""effective_incident_closure_error"":2.3136717398423398e-42,""finite"":true,""force_decomposition_residual"":0.0,""full_modes_per_particle"":256,""fz_tolerance"":3.741689233752615e-15,""max_abs_fz"":0.0,""mode_dimension_consistent"":true,""passed"":true,""planar_symmetry_pass"":true,""production_solver"":""balanced_sqrt"",""scattering_closure_error"":7.635861107371793e-17,""system_dimension"":240}",true,true,,
1.0.0,p1_dimer_confirmatory_r2,a041e07ae93e9a858bad809427039bf593641ad1f9e341ed89b9d91f648f297d,7c565ca4007a1590182a38d8f96599dd90773f06,ee4b4428b4a122063ab28459c48e43f51fd7bc60,59,p1_dimer_ka010_fluid_f000_f1040_d0250_t000,completed,1,2026-08-20T20:45:11.321380Z,2026-08-20T20:45:11.361502Z,2;3;4;5;6;7;8;9;10;11;12;13,2;3;4;5;6;7;8;9;10;11;12;13,13,1800,0.040107456035912037,0.040107456035912037,325238784,12,1800,4294967296,64800,1,1,"{""active_modes_per_particle"":91,""balanced_backward_error"":2.110645229120219e-17,""balanced_condition_number"":1.0618425157010691,""effective_incident_closure_error"":2.6822917357283983e-37,""finite"":true,""force_decomposition_residual"":0.0,""full_modes_per_particle"":196,""fz_tolerance"":2.3533241494364044e-15,""max_abs_fz"":0.0,""mode_dimension_consistent"":true,""passed"":true,""planar_symmetry_pass"":true,""production_solver"":""balanced_sqrt"",""scattering_closure_error"":1.3104796899335518e-16,""system_dimension"":182}",true,true,,
1.0.0,p1_dimer_confirmatory_r2,a041e07ae93e9a858bad809427039bf593641ad1f9e341ed89b9d91f648f297d,7c565ca4007a1590182a38d8f96599dd90773f06,ee4b4428b4a122063ab28459c48e43f51fd7bc60,60,p1_dimer_ka010_fluid_f000_f1040_d0300_t000,completed,1,2026-08-20T20:45:11.365144Z,2026-08-20T20:45:11.388422Z,2;3;4;5;6;7;8;9;10;11,2;3;4;5;6;7;8;9;10;11,11,1800,0.023267542943358421,0.023267542943358421,325238784,10,1800,4294967296,64800,1,1,"{""active_modes_per_particle"":66,""balanced_backward_error"":3.303071012519685e-17,""balanced_condition_number"":1.0255965614227058,""effective_incident_closure_error"":5.038506342657322e-31,""finite"":true,""force_decomposition_residual"":0.0,""full_modes_per_particle"":144,""fz_tolerance"":1.1019076026454942e-15,""max_abs_fz"":0.0,""mode_dimension_consistent"":true,""passed"":true,""planar_symmetry_pass"":true,""production_solver"":""balanced_sqrt"",""scattering_closure_error"":1.2693978456167884e-16,""system_dimension"":132}",true,true,,
1.0.0,p1_dimer_confirmatory_r2,a041e07ae93e9a858bad809427039bf593641ad1f9e341ed89b9d91f648f297d,7c565ca4007a1590182a38d8f96599dd90773f06,ee4b4428b4a122063ab28459c48e43f51fd7bc60,61,p1_dimer_ka010_fluid_f000_f1040_d0400_t000,completed,1,2026-08-20T20:45:11.391888Z,2026-08-20T20:45:11.406081Z,2;3;4;5;6;7;8;9,2;3;4;5;6;7;8;9,9,1800,0.014183001010678709,0.014183001010678709,325238784,8,1800,4294967296,64800,1,1,"{""active_modes_per_particle"":45,""balanced_backward_error"":4.747159366276018e-17,""balanced_condition_number"":1.00858401450616,""effective_incident_closure_error"":1.907868736095749e-26,""finite"":true,""force_decomposition_residual"":5.45402782988852e-36,""full_modes_per_particle"":100,""fz_tolerance"":3.465200600307385e-16,""max_abs_fz"":0.0,""mode_dimension_consistent"":true,""passed"":true,""planar_symmetry_pass"":true,""production_solver"":""balanced_sqrt"",""scattering_closure_error"":6.842878932041886e-17,""system_dimension"":90}",true,true,,
1.0.0,p1_dimer_confirmatory_r2,a041e07ae93e9a858bad809427039bf593641ad1f9e341ed89b9d91f648f297d,7c565ca4007a1590182a38d8f96599dd90773f06,ee4b4428b4a122063ab28459c48e43f51fd7bc60,62,p1_dimer_ka010_fluid_f000_f1040_d0600_t000,completed,1,2026-08-20T20:45:11.409474Z,2026-08-20T20:45:11.420736Z,2;3;4;5;6;7;8,2;3;4;5;6;7;8,8,1800,0.011252155993133783,0.011252155993133783,325238784,7,1800,4294967296,64800,1,1,"{""active_modes_per_particle"":36,""balanced_backward_error"":2.5265219984229505e-17,""balanced_condition_number"":1.0023630587172065,""effective_incident_closure_error"":4.0257383003657926e-23,""finite"":true,""force_decomposition_residual"":0.0,""full_modes_per_particle"":81,""fz_tolerance"":7.045583667230178e-17,""max_abs_fz"":0.0,""mode_dimension_consistent"":true,""passed"":true,""planar_symmetry_pass"":true,""production_solver"":""balanced_sqrt"",""scattering_closure_error"":1.1550977361345845e-16,""system_dimension"":72}",true,true,,
1.0.0,p1_dimer_confirmatory_r2,a041e07ae93e9a858bad809427039bf593641ad1f9e341ed89b9d91f648f297d,7c565ca4007a1590182a38d8f96599dd90773f06,ee4b4428b4a122063ab28459c48e43f51fd7bc60,63,p1_dimer_ka010_fluid_f000_f1040_d0800_t000,completed,1,2026-08-20T20:45:11.423561Z,2026-08-20T20:45:11.432597Z,2;3;4;5;6;7,2;3;4;5;6;7,7,1800,0.0090266340412199497,0.0090266340412199497,325238784,6,1800,4294967296,64800,1,1,"{""active_modes_per_particle"":28,""balanced_backward_error"":3.263666123601369e-17,""balanced_condition_number"":1.001039680021397,""effective_incident_closure_error"":2.5134799948189373e-20,""finite"":true,""force_decomposition_residual"":0.0,""full_modes_per_particle"":64,""fz_tolerance"":2.3449484823953685e-17,""max_abs_fz"":0.0,""mode_dimension_consistent"":true,""passed"":true,""planar_symmetry_pass"":true,""production_solver"":""balanced_sqrt"",""scattering_closure_error"":2.9822750809517747e-17,""system_dimension"":56}",true,true,,
1.0.0,p1_dimer_confirmatory_r2,a041e07ae93e9a858bad809427039bf593641ad1f9e341ed89b9d91f648f297d,7c565ca4007a1590182a38d8f96599dd90773f06,ee4b4428b4a122063ab28459c48e43f51fd7bc60,64,p1_dimer_ka010_fluid_f000_f1040_d1000_t000,completed,1,2026-08-20T20:45:11.435361Z,2026-08-20T20:45:11.444283Z,2;3;4;5;6;7,2;3;4;5;6;7,7,1800,0.0089128200197592378,0.0089128200197592378,325238784,6,1800,4294967296,64800,1,1,"{""active_modes_per_particle"":28,""balanced_backward_error"":2.826965523851673e-17,""balanced_condition_number"":1.0005683349999288,""effective_incident_closure_error"":4.393776639679134e-19,""finite"":true,""force_decomposition_residual"":0.0,""full_modes_per_particle"":64,""fz_tolerance"":1.0282062785214151e-17,""max_abs_fz"":0.0,""mode_dimension_consistent"":true,""passed"":true,""planar_symmetry_pass"":true,""production_solver"":""balanced_sqrt"",""scattering_closure_error"":5.986235295348433e-17,""system_dimension"":56}",true,true,,
1.0.0,p1_dimer_confirmatory_r2,a041e07ae93e9a858bad809427039bf593641ad1f9e341ed89b9d91f648f297d,7c565ca4007a1590182a38d8f96599dd90773f06,ee4b4428b4a122063ab28459c48e43f51fd7bc60,65,p1_dimer_ka010_fluid_f000_f1060_d0210_t000,completed,1,2026-08-20T20:45:11.447029Z,2026-08-20T20:45:45.638572Z,2;3;4;5;6;7;8;9;10;11;12;13;14;15;16;17;18;19,2;3;4;5;6;7;8;9;10;11;12;13;14;15;16;17;18;19,19,1800,34.191531455959193,34.191531455959193,325238784,18,1800,4294967296,64800,1,1,"{""active_modes_per_particle"":190,""balanced_backward_error"":1.6036656827613392e-17,""balanced_condition_number"":1.405642351210989,""effective_incident_closure_error"":3.746269726508869e-53,""finite"":true,""force_decomposition_residual"":0.0,""full_modes_per_particle"":400,""fz_tolerance"":1.286958138632193e-14,""max_abs_fz"":0.0,""mode_dimension_consistent"":true,""passed"":true,""planar_symmetry_pass"":true,""production_solver"":""balanced_sqrt"",""scattering_closure_error"":8.825666570143955e-17,""system_dimension"":380}",true,true,,
1.0.0,p1_dimer_confirmatory_r2,a041e07ae93e9a858bad809427039bf593641ad1f9e341ed89b9d91f648f297d,7c565ca4007a1590182a38d8f96599dd90773f06,ee4b4428b4a122063ab28459c48e43f51fd7bc60,66,p1_dimer_ka010_fluid_f000_f1060_d0225_t000,completed,1,2026-08-20T20:45:45.642694Z,2026-08-20T20:45:45.710164Z,2;3;4;5;6;7;8;9;10;11;12;13;14;15,2;3;4;5;6;7;8;9;10;11;12;13;14;15,15,1800,0.067456691991537809,0.067456691991537809,325238784,14,1800,4294967296,64800,1,1,"{""active_modes_per_particle"":120,""balanced_backward_error"":1.4935723089204517e-17,""balanced_condition_number"":1.197045958419596,""effective_incident_closure_error"":3.9671236024708773e-41,""finite"":true,""force_decomposition_residual"":2.165124316647216e-34,""full_modes_per_particle"":256,""fz_tolerance"":8.938463058988209e-15,""max_abs_fz"":0.0,""mode_dimension_consistent"":true,""passed"":true,""planar_symmetry_pass"":true,""production_solver"":""balanced_sqrt"",""scattering_closure_error"":6.504662917174805e-17,""system_dimension"":240}",true,true,,
1.0.0,p1_dimer_confirmatory_r2,a041e07ae93e9a858bad809427039bf593641ad1f9e341ed89b9d91f648f297d,7c565ca4007a1590182a38d8f96599dd90773f06,ee4b4428b4a122063ab28459c48e43f51fd7bc60,67,p1_dimer_ka010_fluid_f000_f1060_d0250_t000,completed,1,2026-08-20T20:45:45.713953Z,2026-08-20T20:45:45.753113Z,2;3;4;5;6;7;8;9;10;11;12;13,2;3;4;5;6;7;8;9;10;11;12;13,13,1800,0.039149509975686669,0.039149509975686669,325238784,12,1800,4294967296,64800,1,1,"{""active_modes_per_particle"":91,""balanced_backward_error"":2.864221537924565e-17,""balanced_condition_number"":1.096100478184678,""effective_incident_closure_error"":1.5565873954708187e-38,""finite"":true,""force_decomposition_residual"":0.0,""full_modes_per_particle"":196,""fz_tolerance"":5.476209343411331e-15,""max_abs_fz"":0.0,""mode_dimension_consistent"":true,""passed"":true,""planar_symmetry_pass"":true,""production_solver"":""balanced_sqrt"",""scattering_closure_error"":1.2637112421870397e-16,""system_dimension"":182}",true,true,,
1.0.0,p1_dimer_confirmatory_r2,a041e07ae93e9a858bad809427039bf593641ad1f9e341ed89b9d91f648f297d,7c565ca4007a1590182a38d8f96599dd90773f06,ee4b4428b4a122063ab28459c48e43f51fd7bc60,68,p1_dimer_ka010_fluid_f000_f1060_d0300_t000,completed,1,2026-08-20T20:45:45.756659Z,2026-08-20T20:45:45.779866Z,2;3;4;5;6;7;8;9;10;11,2;3;4;5;6;7;8;9;10;11,11,1800,0.023196900961920619,0.023196900961920619,325238784,10,1800,4294967296,64800,1,1,"{""active_modes_per_particle"":66,""balanced_backward_error"":2.283089212416e-17,""balanced_condition_number"":1.039090056238708,""effective_incident_closure_error"":1.085524521258352e-32,""finite"":true,""force_decomposition_residual"":0.0,""full_modes_per_particle"":144,""fz_tolerance"":2.5166463547900978e-15,""max_abs_fz"":0.0,""mode_dimension_consistent"":true,""passed"":true,""planar_symmetry_pass"":true,""production_solver"":""balanced_sqrt"",""scattering_closure_error"":1.0084879255576087e-17,""system_dimension"":132}",true,true,,
1.0.0,p1_dimer_confirmatory_r2,a041e07ae93e9a858bad809427039bf593641ad1f9e341ed89b9d91f648f297d,7c565ca4007a1590182a38d8f96599dd90773f06,ee4b4428b4a122063ab28459c48e43f51fd7bc60,69,p1_dimer_ka010_fluid_f000_f1060_d0400_t000,completed,1,2026-08-20T20:45:45.783290Z,2026-08-20T20:45:45.797511Z,2;3;4;5;6;7;8;9,2;3;4;5;6;7;8;9,9,1800,0.014211134053766727,0.014211134053766727,325238784,8,1800,4294967296,64800,1,1,"{""active_modes_per_particle"":45,""balanced_backward_error"":2.276517232343122e-17,""balanced_condition_number"":1.012977017081234,""effective_incident_closure_error"":1.4411269671675838e-26,""finite"":true,""force_decomposition_residual"":9.643273500763827e-36,""full_modes_per_particle"":100,""fz_tolerance"":7.839371354022429e-16,""max_abs_fz"":0.0,""mode_dimension_consistent"":true,""passed"":true,""planar_symmetry_pass"":true,""production_solver"":""balanced_sqrt"",""scattering_closure_error"":1.0057086112874411e-16,""system_dimension"":90}",true,true,,
1.0.0,p1_dimer_confirmatory_r2,a041e07ae93e9a858bad809427039bf593641ad1f9e341ed89b9d91f648f297d,7c565ca4007a1590182a38d8f96599dd90773f06,ee4b4428b4a122063ab28459c48e43f51fd7bc60,70,p1_dimer_ka010_fluid_f000_f1060_d0600_t000,completed,1,2026-08-20T20:45:45.800848Z,2026-08-20T20:45:45.812150Z,2;3;4;5;6;7;8,2;3;4;5;6;7;8,8,1800,0.011292541981674731,0.011292541981674731,325238784,7,1800,4294967296,64800,1,1,"{""active_modes_per_particle"":36,""balanced_backward_error"":2.0614883467963885e-17,""balanced_condition_number"":1.003555093027418,""effective_incident_closure_error"":1.8836594806137184e-23,""finite"":true,""force_decomposition_residual"":1.218323033255113e-32,""full_modes_per_particle"":81,""fz_tolerance"":1.5884854175957947e-16,""max_abs_fz"":0.0,""mode_dimension_consistent"":true,""passed"":true,""planar_symmetry_pass"":true,""production_solver"":""balanced_sqrt"",""scattering_closure_error"":7.851296182576193e-17,""system_dimension"":72}",true,true,,
1.0.0,p1_dimer_confirmatory_r2,a041e07ae93e9a858bad809427039bf593641ad1f9e341ed89b9d91f648f297d,7c565ca4007a1590182a38d8f96599dd90773f06,ee4b4428b4a122063ab28459c48e43f51fd7bc60,71,p1_dimer_ka010_fluid_f000_f1060_d0800_t000,completed,1,2026-08-20T20:45:45.814956Z,2026-08-20T20:45:45.824151Z,2;3;4;5;6;7,2;3;4;5;6;7,7,1800,0.009185982053168118,0.009185982053168118,325238784,6,1800,4294967296,64800,1,1,"{""active_modes_per_particle"":28,""balanced_backward_error"":1.8834902386897608e-17,""balanced_condition_number"":1.0015621022950667,""effective_incident_closure_error"":6.908008076941784e-21,""finite"":true,""force_decomposition_residual"":3.5772612056110325e-35,""full_modes_per_particle"":64,""fz_tolerance"":5.283175989659019e-17,""max_abs_fz"":0.0,""mode_dimension_consistent"":true,""passed"":true,""planar_symmetry_pass"":true,""production_solver"":""balanced_sqrt"",""scattering_closure_error"":1.4056977111019077e-16,""system_dimension"":56}",true,true,,
1.0.0,p1_dimer_confirmatory_r2,a041e07ae93e9a858bad809427039bf593641ad1f9e341ed89b9d91f648f297d,7c565ca4007a1590182a38d8f96599dd90773f06,ee4b4428b4a122063ab28459c48e43f51fd7bc60,72,p1_dimer_ka010_fluid_f000_f1060_d1000_t000,completed,1,2026-08-20T20:45:45.826946Z,2026-08-20T20:45:45.835836Z,2;3;4;5;6;7,2;3;4;5;6;7,7,1800,0.0088807200081646442,0.0088807200081646442,325238784,6,1800,4294967296,64800,1,1,"{""active_modes_per_particle"":28,""balanced_backward_error"":3.1243228515238564e-17,""balanced_condition_number"":1.0008534781551577,""effective_incident_closure_error"":1.5981325092153075e-19,""finite"":true,""force_decomposition_residual"":5.179924397039229e-37,""full_modes_per_particle"":64,""fz_tolerance"":2.3159848254332725e-17,""max_abs_fz"":0.0,""mode_dimension_consistent"":true,""passed"":true,""planar_symmetry_pass"":true,""production_solver"":""balanced_sqrt"",""scattering_closure_error"":1.1019978703268984e-16,""system_dimension"":56}",true,true,,
1.0.0,p1_dimer_confirmatory_r2,a041e07ae93e9a858bad809427039bf593641ad1f9e341ed89b9d91f648f297d,7c565ca4007a1590182a38d8f96599dd90773f06,ee4b4428b4a122063ab28459c48e43f51fd7bc60,73,p1_dimer_ka010_fluid_f020_f1060_d0210_t000,completed,1,2026-08-20T20:45:45.838597Z,2026-08-20T20:45:46.034875Z,2;3;4;5;6;7;8;9;10;11;12;13;14;15;16;17;18;19,2;3;4;5;6;7;8;9;10;11;12;13;14;15;16;17;18;19,19,1800,0.19626735500060022,0.19626735500060022,325238784,18,1800,4294967296,64800,1,1,"{""active_modes_per_particle"":190,""balanced_backward_error"":3.26546732585925e-17,""balanced_condition_number"":1.4055809986686947,""effective_incident_closure_error"":5.395079223375581e-53,""finite"":true,""force_decomposition_residual"":0.0,""full_modes_per_particle"":400,""fz_tolerance"":1.2849000865283748e-14,""max_abs_fz"":0.0,""mode_dimension_consistent"":true,""passed"":true,""planar_symmetry_pass"":true,""production_solver"":""balanced_sqrt"",""scattering_closure_error"":3.6886098828885295e-17,""system_dimension"":380}",true,true,,
1.0.0,p1_dimer_confirmatory_r2,a041e07ae93e9a858bad809427039bf593641ad1f9e341ed89b9d91f648f297d,7c565ca4007a1590182a38d8f96599dd90773f06,ee4b4428b4a122063ab28459c48e43f51fd7bc60,74,p1_dimer_ka010_fluid_f020_f1060_d0225_t000,completed,1,2026-08-20T20:45:46.039005Z,2026-08-20T20:45:46.106177Z,2;3;4;5;6;7;8;9;10;11;12;13;14;15,2;3;4;5;6;7;8;9;10;11;12;13;14;15,15,1800,0.067158933961763978,0.067158933961763978,325238784,14,1800,4294967296,64800,1,1,"{""active_modes_per_particle"":120,""balanced_backward_error"":2.0027475759663457e-17,""balanced_condition_number"":1.1969924358609205,""effective_incident_closure_error"":1.3198750896099628e-42,""finite"":true,""force_decomposition_residual"":0.0,""full_modes_per_particle"":256,""fz_tolerance"":8.924409080131635e-15,""max_abs_fz"":0.0,""mode_dimension_consistent"":true,""passed"":true,""planar_symmetry_pass"":true,""production_solver"":""balanced_sqrt"",""scattering_closure_error"":8.671318788960143e-17,""system_dimension"":240}",true,true,,
1.0.0,p1_dimer_confirmatory_r2,a041e07ae93e9a858bad809427039bf593641ad1f9e341ed89b9d91f648f297d,7c565ca4007a1590182a38d8f96599dd90773f06,ee4b4428b4a122063ab28459c48e43f51fd7bc60,75,p1_dimer_ka010_fluid_f020_f1060_d0250_t000,completed,1,2026-08-20T20:45:46.110026Z,2026-08-20T20:45:46.149153Z,2;3;4;5;6;7;8;9;10;11;12;13,2;3;4;5;6;7;8;9;10;11;12;13,13,1800,0.039116027066484094,0.039116027066484094,325238784,12,1800,4294967296,64800,1,1,"{""active_modes_per_particle"":91,""balanced_backward_error"":1.6245462565992664e-17,""balanced_condition_number"":1.0960623915177898,""effective_incident_closure_error"":6.96686243329026e-38,""finite"":true,""force_decomposition_residual"":0.0,""full_modes_per_particle"":196,""fz_tolerance"":5.467729318223773e-15,""max_abs_fz"":0.0,""mode_dimension_consistent"":true,""passed"":true,""planar_symmetry_pass"":true,""production_solver"":""balanced_sqrt"",""scattering_closure_error"":6.224392443479351e-17,""system_dimension"":182}",true,true,,
1.0.0,p1_dimer_confirmatory_r2,a041e07ae93e9a858bad809427039bf593641ad1f9e341ed89b9d91f648f297d,7c565ca4007a1590182a38d8f96599dd90773f06,ee4b4428b4a122063ab28459c48e43f51fd7bc60,76,p1_dimer_ka010_fluid_f020_f1060_d0300_t000,completed,1,2026-08-20T20:45:46.152695Z,2026-08-20T20:45:46.175904Z,2;3;4;5;6;7;8;9;10;11,2;3;4;5;6;7;8;9;10;11,11,1800,0.023198333103209734,0.023198333103209734,325238784,10,1800,4294967296,64800,1,1,"{""active_modes_per_particle"":66,""balanced_backward_error"":1.0973837463009152e-17,""balanced_condition_number"":1.0390693247110119,""effective_incident_closure_error"":3.307435927531363e-31,""finite"":true,""force_decomposition_residual"":0.0,""full_modes_per_particle"":144,""fz_tolerance"":2.512802072579536e-15,""max_abs_fz"":0.0,""mode_dimension_consistent"":true,""passed"":true,""planar_symmetry_pass"":true,""production_solver"":""balanced_sqrt"",""scattering_closure_error"":6.71857334684023e-17,""system_dimension"":132}",true,true,,
1.0.0,p1_dimer_confirmatory_r2,a041e07ae93e9a858bad809427039bf593641ad1f9e341ed89b9d91f648f297d,7c565ca4007a1590182a38d8f96599dd90773f06,ee4b4428b4a122063ab28459c48e43f51fd7bc60,77,p1_dimer_ka010_fluid_f020_f1060_d0400_t000,completed,1,2026-08-20T20:45:46.179361Z,2026-08-20T20:45:46.193620Z,2;3;4;5;6;7;8;9,2;3;4;5;6;7;8;9,9,1800,0.014245898928493261,0.014245898928493261,325238784,8,1800,4294967296,64800,1,1,"{""active_modes_per_particle"":45,""balanced_backward_error"":3.308959644883827e-17,""balanced_condition_number"":1.0129686884036464,""effective_incident_closure_error"":1.7526866988804402e-26,""finite"":true,""force_decomposition_residual"":0.0,""full_modes_per_particle"":100,""fz_tolerance"":7.827501592602383e-16,""max_abs_fz"":0.0,""mode_dimension_consistent"":true,""passed"":true,""planar_symmetry_pass"":true,""production_solver"":""balanced_sqrt"",""scattering_closure_error"":5.092337576845586e-17,""system_dimension"":90}",true,true,,
1.0.0,p1_dimer_confirmatory_r2,a041e07ae93e9a858bad809427039bf593641ad1f9e341ed89b9d91f648f297d,7c565ca4007a1590182a38d8f96599dd90773f06,ee4b4428b4a122063ab28459c48e43f51fd7bc60,78,p1_dimer_ka010_fluid_f020_f1060_d0600_t000,completed,1,2026-08-20T20:45:46.196991Z,2026-08-20T20:45:46.208288Z,2;3;4;5;6;7;8,2;3;4;5;6;7;8,8,1800,0.011288443929515779,0.011288443929515779,325238784,7,1800,4294967296,64800,1,1,"{""active_modes_per_particle"":36,""balanced_backward_error"":1.458244784948437e-17,""balanced_condition_number"":1.0035525682038988,""effective_incident_closure_error"":1.77077098450676e-23,""finite"":true,""force_decomposition_residual"":0.0,""full_modes_per_particle"":81,""fz_tolerance"":1.5860896867120275e-16,""max_abs_fz"":0.0,""mode_dimension_consistent"":true,""passed"":true,""planar_symmetry_pass"":true,""production_solver"":""balanced_sqrt"",""scattering_closure_error"":7.565654438463298e-17,""system_dimension"":72}",true,true,,
1.0.0,p1_dimer_confirmatory_r2,a041e07ae93e9a858bad809427039bf593641ad1f9e341ed89b9d91f648f297d,7c565ca4007a1590182a38d8f96599dd90773f06,ee4b4428b4a122063ab28459c48e43f51fd7bc60,79,p1_dimer_ka010_fluid_f020_f1060_d0800_t000,completed,1,2026-08-20T20:45:46.211146Z,2026-08-20T20:45:46.220158Z,2;3;4;5;6;7,2;3;4;5;6;7,7,1800,0.0090033001033589244,0.0090033001033589244,325238784,6,1800,4294967296,64800,1,1,"{""active_modes_per_particle"":28,""balanced_backward_error"":9.421006592571974e-18,""balanced_condition_number"":1.0015609601531128,""effective_incident_closure_error"":7.994259314388132e-20,""finite"":true,""force_decomposition_residual"":3.936027399325344e-38,""full_modes_per_particle"":64,""fz_tolerance"":5.275215227766912e-17,""max_abs_fz"":0.0,""mode_dimension_consistent"":true,""passed"":true,""planar_symmetry_pass"":true,""production_solver"":""balanced_sqrt"",""scattering_closure_error"":3.4840146957989974e-17,""system_dimension"":56}",true,true,,
1.0.0,p1_dimer_confirmatory_r2,a041e07ae93e9a858bad809427039bf593641ad1f9e341ed89b9d91f648f297d,7c565ca4007a1590182a38d8f96599dd90773f06,ee4b4428b4a122063ab28459c48e43f51fd7bc60,80,p1_dimer_ka010_fluid_f020_f1060_d1000_t000,completed,1,2026-08-20T20:45:46.222936Z,2026-08-20T20:45:46.231918Z,2;3;4;5;6;7,2;3;4;5;6;7,7,1800,0.0089730630861595273,0.0089730630861595273,325238784,6,1800,4294967296,64800,1,1,"{""active_modes_per_particle"":28,""balanced_backward_error"":1.6322405571424494e-17,""balanced_condition_number"":1.000852846875323,""effective_incident_closure_error"":2.461265096610562e-19,""finite"":true,""force_decomposition_residual"":1.7540574039157049e-37,""full_modes_per_particle"":64,""fz_tolerance"":2.3124962251032245e-17,""max_abs_fz"":0.0,""mode_dimension_consistent"":true,""passed"":true,""planar_symmetry_pass"":true,""production_solver"":""balanced_sqrt"",""scattering_closure_error"":1.4141323527046468e-16,""system_dimension"":56}",true,true,,
1.0.0,p1_dimer_confirmatory_r2,a041e07ae93e9a858bad809427039bf593641ad1f9e341ed89b9d91f648f297d,7c565ca4007a1590182a38d8f96599dd90773f06,ee4b4428b4a122063ab28459c48e43f51fd7bc60,81,p1_dimer_ka010_fluid_f000_f1080_d0210_t000,completed,1,2026-08-20T20:45:46.234696Z,2026-08-20T20:46:11.177546Z,2;3;4;5;6;7;8;9;10;11;12;13;14;15;16;17;18;19;20,2;3;4;5;6;7;8;9;10;11;12;13;14;15;16;17;18;19;20,20,1800,24.94284056907054,24.94284056907054,325238784,19,1800,4294967296,64800,1,1,"{""active_modes_per_particle"":210,""balanced_backward_error"":3.448055587643356e-17,""balanced_condition_number"":1.60972397079146,""effective_incident_closure_error"":1.0008397728773083e-55,""finite"":true,""force_decomposition_residual"":0.0,""full_modes_per_particle"":441,""fz_tolerance"":2.558091505026304e-14,""max_abs_fz"":0.0,""mode_dimension_consistent"":true,""passed"":true,""planar_symmetry_pass"":true,""production_solver"":""balanced_sqrt"",""scattering_closure_error"":1.2030285958027073e-16,""system_dimension"":420}",true,true,,
1.0.0,p1_dimer_confirmatory_r2,a041e07ae93e9a858bad809427039bf593641ad1f9e341ed89b9d91f648f297d,7c565ca4007a1590182a38d8f96599dd90773f06,ee4b4428b4a122063ab28459c48e43f51fd7bc60,82,p1_dimer_ka010_fluid_f000_f1080_d0225_t000,completed,1,2026-08-20T20:46:11.181726Z,2026-08-20T20:46:11.249160Z,2;3;4;5;6;7;8;9;10;11;12;13;14;15,2;3;4;5;6;7;8;9;10;11;12;13;14;15,15,1800,0.067422347026877105,0.067422347026877105,325238784,14,1800,4294967296,64800,1,1,"{""active_modes_per_particle"":120,""balanced_backward_error"":1.5182458885854515e-17,""balanced_condition_number"":1.2805282190813534,""effective_incident_closure_error"":6.161906070990081e-43,""finite"":true,""force_decomposition_residual"":0.0,""full_modes_per_particle"":256,""fz_tolerance"":1.6962186046945708e-14,""max_abs_fz"":0.0,""mode_dimension_consistent"":true,""passed"":true,""planar_symmetry_pass"":true,""production_solver"":""balanced_sqrt"",""scattering_closure_error"":1.238672764630409e-16,""system_dimension"":240}",true,true,,
1.0.0,p1_dimer_confirmatory_r2,a041e07ae93e9a858bad809427039bf593641ad1f9e341ed89b9d91f648f297d,7c565ca4007a1590182a38d8f96599dd90773f06,ee4b4428b4a122063ab28459c48e43f51fd7bc60,83,p1_dimer_ka010_fluid_f000_f1080_d0250_t000,completed,1,2026-08-20T20:46:11.253030Z,2026-08-20T20:46:11.292212Z,2;3;4;5;6;7;8;9;10;11;12;13,2;3;4;5;6;7;8;9;10;11;12;13,13,1800,0.039170509902760386,0.039170509902760386,325238784,12,1800,4294967296,64800,1,1,"{""active_modes_per_particle"":91,""balanced_backward_error"":3.016865351934947e-17,""balanced_condition_number"":1.1329944902350995,""effective_incident_closure_error"":1.401611126493916e-37,""finite"":true,""force_decomposition_residual"":0.0,""full_modes_per_particle"":196,""fz_tolerance"":1.0086518333588607e-14,""max_abs_fz"":0.0,""mode_dimension_consistent"":true,""passed"":true,""planar_symmetry_pass"":true,""production_solver"":""balanced_sqrt"",""scattering_closure_error"":1.2981112835898248e-16,""system_dimension"":182}",true,true,,
1.0.0,p1_dimer_confirmatory_r2,a041e07ae93e9a858bad809427039bf593641ad1f9e341ed89b9d91f648f297d,7c565ca4007a1590182a38d8f96599dd90773f06,ee4b4428b4a122063ab28459c48e43f51fd7bc60,84,p1_dimer_ka010_fluid_f000_f1080_d0300_t000,completed,1,2026-08-20T20:46:11.295756Z,2026-08-20T20:46:11.318978Z,2;3;4;5;6;7;8;9;10;11,2;3;4;5;6;7;8;9;10;11,11,1800,0.023211878957226872,0.023211878957226872,325238784,10,1800,4294967296,64800,1,1,"{""active_modes_per_particle"":66,""balanced_backward_error"":3.138009980823027e-17,""balanced_condition_number"":1.0531030048333399,""effective_incident_closure_error"":2.1851591406832074e-32,""finite"":true,""force_decomposition_residual"":0.0,""full_modes_per_particle"":144,""fz_tolerance"":4.543420564461191e-15,""max_abs_fz"":0.0,""mode_dimension_consistent"":true,""passed"":true,""planar_symmetry_pass"":true,""production_solver"":""balanced_sqrt"",""scattering_closure_error"":1.1643830948459428e-16,""system_dimension"":132}",true,true,,
1.0.0,p1_dimer_confirmatory_r2,a041e07ae93e9a858bad809427039bf593641ad1f9e341ed89b9d91f648f297d,7c565ca4007a1590182a38d8f96599dd90773f06,ee4b4428b4a122063ab28459c48e43f51fd7bc60,85,p1_dimer_ka010_fluid_f000_f1080_d0400_t000,completed,1,2026-08-20T20:46:11.322438Z,2026-08-20T20:46:11.336581Z,2;3;4;5;6;7;8;9,2;3;4;5;6;7;8;9,9,1800,0.014133878983557224,0.014133878983557224,325238784,8,1800,4294967296,64800,1,1,"{""active_modes_per_particle"":45,""balanced_backward_error"":6.560526963357178e-18,""balanced_condition_number"":1.0174432422288238,""effective_incident_closure_error"":4.387326873829926e-27,""finite"":true,""force_decomposition_residual"":5.394394328036828e-36,""full_modes_per_particle"":100,""fz_tolerance"":1.4014029647032401e-15,""max_abs_fz"":0.0,""mode_dimension_consistent"":true,""passed"":true,""planar_symmetry_pass"":true,""production_solver"":""balanced_sqrt"",""scattering_closure_error"":1.5862067049419032e-16,""system_dimension"":90}",true,true,,
1.0.0,p1_dimer_confirmatory_r2,a041e07ae93e9a858bad809427039bf593641ad1f9e341ed89b9d91f648f297d,7c565ca4007a1590182a38d8f96599dd90773f06,ee4b4428b4a122063ab28459c48e43f51fd7bc60,86,p1_dimer_ka010_fluid_f000_f1080_d0600_t000,completed,1,2026-08-20T20:46:11.339924Z,2026-08-20T20:46:11.351219Z,2;3;4;5;6;7;8,2;3;4;5;6;7;8,8,1800,0.011285468004643917,0.011285468004643917,325238784,7,1800,4294967296,64800,1,1,"{""active_modes_per_particle"":36,""balanced_backward_error"":1.927026060274423e-17,""balanced_condition_number"":1.0047546208661533,""effective_incident_closure_error"":3.4010009346057434e-23,""finite"":true,""force_decomposition_residual"":0.0,""full_modes_per_particle"":81,""fz_tolerance"":2.8297642010256155e-16,""max_abs_fz"":0.0,""mode_dimension_consistent"":true,""passed"":true,""planar_symmetry_pass"":true,""production_solver"":""balanced_sqrt"",""scattering_closure_error"":1.3078486806654678e-16,""system_dimension"":72}",true,true,,
1.0.0,p1_dimer_confirmatory_r2,a041e07ae93e9a858bad809427039bf593641ad1f9e341ed89b9d91f648f297d,7c565ca4007a1590182a38d8f96599dd90773f06,ee4b4428b4a122063ab28459c48e43f51fd7bc60,87,p1_dimer_ka010_fluid_f000_f1080_d0800_t000,completed,1,2026-08-20T20:46:11.354043Z,2026-08-20T20:46:11.363056Z,2;3;4;5;6;7,2;3;4;5;6;7,7,1800,0.0090042810188606381,0.0090042810188606381,325238784,6,1800,4294967296,64800,1,1,"{""active_modes_per_particle"":28,""balanced_backward_error"":1.630464559717249e-17,""balanced_condition_number"":1.002086350933962,""effective_incident_closure_error"":1.388533795742438e-20,""finite"":true,""force_decomposition_residual"":0.0,""full_modes_per_particle"":64,""fz_tolerance"":9.404913322927371e-17,""max_abs_fz"":0.0,""mode_dimension_consistent"":true,""passed"":true,""planar_symmetry_pass"":true,""production_solver"":""balanced_sqrt"",""scattering_closure_error"":1.287752948687224e-16,""system_dimension"":56}",true,true,,
1.0.0,p1_dimer_confirmatory_r2,a041e07ae93e9a858bad809427039bf593641ad1f9e341ed89b9d91f648f297d,7c565ca4007a1590182a38d8f96599dd90773f06,ee4b4428b4a122063ab28459c48e43f51fd7bc60,88,p1_dimer_ka010_fluid_f000_f1080_d1000_t000,completed,1,2026-08-20T20:46:11.365838Z,2026-08-20T20:46:11.374782Z,2;3;4;5;6;7,2;3;4;5;6;7,7,1800,0.0089345710584893823,0.0089345710584893823,325238784,6,1800,4294967296,64800,1,1,"{""active_modes_per_particle"":28,""balanced_backward_error"":2.4466467567905407e-17,""balanced_condition_number"":1.001139306826332,""effective_incident_closure_error"":1.6507158677377567e-19,""finite"":true,""force_decomposition_residual"":0.0,""full_modes_per_particle"":64,""fz_tolerance"":4.1218151454948776e-17,""max_abs_fz"":0.0,""mode_dimension_consistent"":true,""passed"":true,""planar_symmetry_pass"":true,""production_solver"":""balanced_sqrt"",""scattering_closure_error"":1.4745901610441593e-16,""system_dimension"":56}",true,true,,
1.0.0,p1_dimer_confirmatory_r2,a041e07ae93e9a858bad809427039bf593641ad1f9e341ed89b9d91f648f297d,7c565ca4007a1590182a38d8f96599dd90773f06,ee4b4428b4a122063ab28459c48e43f51fd7bc60,89,p1_dimer_ka010_rigid_boundary_d0210_t000,completed,1,2026-08-20T20:46:11.377561Z,2026-08-20T20:46:42.761270Z,2;3;4;5;6;7;8;9;10;11;12;13;14;15;16;17;18;19;20;21,2;3;4;5;6;7;8;9;10;11;12;13;14;15;16;17;18;19;20;21,21,1800,31.383698126999661,31.383698126999661,335622144,20,1800,4294967296,64800,1,1,"{""active_modes_per_particle"":231,""balanced_backward_error"":8.800585723035575e-18,""balanced_condition_number"":1.8733698935724223,""effective_incident_closure_error"":1.5392786988670949e-58,""finite"":true,""force_decomposition_residual"":0.0,""full_modes_per_particle"":484,""fz_tolerance"":4.5339026926502547e-14,""max_abs_fz"":0.0,""mode_dimension_consistent"":true,""passed"":true,""planar_symmetry_pass"":true,""production_solver"":""balanced_sqrt"",""scattering_closure_error"":1.0758152454081565e-16,""system_dimension"":462}",false,false,pair_eligibility,"1:(0, 1)=convergence"
1.0.0,p1_dimer_confirmatory_r2,a041e07ae93e9a858bad809427039bf593641ad1f9e341ed89b9d91f648f297d,7c565ca4007a1590182a38d8f96599dd90773f06,ee4b4428b4a122063ab28459c48e43f51fd7bc60,90,p1_dimer_ka010_rigid_boundary_d0225_t000,completed,1,2026-08-20T20:46:42.765659Z,2026-08-20T20:46:51.487836Z,2;3;4;5;6;7;8;9;10;11;12;13;14;15;16,2;3;4;5;6;7;8;9;10;11;12;13;14;15;16,16,1800,8.7221626969985664,8.7221626969985664,335622144,15,1800,4294967296,64800,1,1,"{""active_modes_per_particle"":136,""balanced_backward_error"":1.4387866286122684e-17,""balanced_condition_number"":1.3760282552380165,""effective_incident_closure_error"":7.979534999049828e-46,""finite"":true,""force_decomposition_residual"":0.0,""full_modes_per_particle"":289,""fz_tolerance"":2.8287363859837684e-14,""max_abs_fz"":0.0,""mode_dimension_consistent"":true,""passed"":true,""planar_symmetry_pass"":true,""production_solver"":""balanced_sqrt"",""scattering_closure_error"":1.2482037914720432e-16,""system_dimension"":272}",true,true,,
1.0.0,p1_dimer_confirmatory_r2,a041e07ae93e9a858bad809427039bf593641ad1f9e341ed89b9d91f648f297d,7c565ca4007a1590182a38d8f96599dd90773f06,ee4b4428b4a122063ab28459c48e43f51fd7bc60,91,p1_dimer_ka010_rigid_boundary_d0250_t000,completed,1,2026-08-20T20:46:51.491783Z,2026-08-20T20:46:51.530183Z,2;3;4;5;6;7;8;9;10;11;12;13,2;3;4;5;6;7;8;9;10;11;12;13,13,1800,0.038386709988117218,0.038386709988117218,335622144,12,1800,4294967296,64800,1,1,"{""active_modes_per_particle"":91,""balanced_backward_error"":7.239915127316428e-18,""balanced_condition_number"":1.1726315920859272,""effective_incident_closure_error"":5.39925849006844e-36,""finite"":true,""force_decomposition_residual"":0.0,""full_modes_per_particle"":196,""fz_tolerance"":1.625744018481662e-14,""max_abs_fz"":0.0,""mode_dimension_consistent"":true,""passed"":true,""planar_symmetry_pass"":true,""production_solver"":""balanced_sqrt"",""scattering_closure_error"":1.0658404110817842e-16,""system_dimension"":182}",true,true,,
1.0.0,p1_dimer_confirmatory_r2,a041e07ae93e9a858bad809427039bf593641ad1f9e341ed89b9d91f648f297d,7c565ca4007a1590182a38d8f96599dd90773f06,ee4b4428b4a122063ab28459c48e43f51fd7bc60,92,p1_dimer_ka010_rigid_boundary_d0300_t000,completed,1,2026-08-20T20:46:51.533762Z,2026-08-20T20:46:51.555823Z,2;3;4;5;6;7;8;9;10;11,2;3;4;5;6;7;8;9;10;11,11,1800,0.022051222971640527,0.022051222971640527,335622144,10,1800,4294967296,64800,1,1,"{""active_modes_per_particle"":66,""balanced_backward_error"":9.751720699044467e-18,""balanced_condition_number"":1.0675402197075947,""effective_incident_closure_error"":9.316668069412939e-33,""finite"":true,""force_decomposition_residual"":0.0,""full_modes_per_particle"":144,""fz_tolerance"":7.168076696578996e-15,""max_abs_fz"":0.0,""mode_dimension_consistent"":true,""passed"":true,""planar_symmetry_pass"":true,""production_solver"":""balanced_sqrt"",""scattering_closure_error"":1.2190778093949323e-16,""system_dimension"":132}",true,true,,
1.0.0,p1_dimer_confirmatory_r2,a041e07ae93e9a858bad809427039bf593641ad1f9e341ed89b9d91f648f297d,7c565ca4007a1590182a38d8f96599dd90773f06,ee4b4428b4a122063ab28459c48e43f51fd7bc60,93,p1_dimer_ka010_rigid_boundary_d0400_t000,completed,1,2026-08-20T20:46:51.559252Z,2026-08-20T20:46:51.572545Z,2;3;4;5;6;7;8;9,2;3;4;5;6;7;8;9,9,1800,0.013283806038089097,0.013283806038089097,335622144,8,1800,4294967296,64800,1,1,"{""active_modes_per_particle"":45,""balanced_backward_error"":2.2721043391634098e-17,""balanced_condition_number"":1.0219311701526927,""effective_incident_closure_error"":1.492489880985806e-26,""finite"":true,""force_decomposition_residual"":0.0,""full_modes_per_particle"":100,""fz_tolerance"":2.1886485210362024e-15,""max_abs_fz"":0.0,""mode_dimension_consistent"":true,""passed"":true,""planar_symmetry_pass"":true,""production_solver"":""balanced_sqrt"",""scattering_closure_error"":1.3621705397660356e-16,""system_dimension"":90}",true,true,,
1.0.0,p1_dimer_confirmatory_r2,a041e07ae93e9a858bad809427039bf593641ad1f9e341ed89b9d91f648f297d,7c565ca4007a1590182a38d8f96599dd90773f06,ee4b4428b4a122063ab28459c48e43f51fd7bc60,94,p1_dimer_ka010_rigid_boundary_d0600_t000,completed,1,2026-08-20T20:46:51.575876Z,2026-08-20T20:46:51.586359Z,2;3;4;5;6;7;8,2;3;4;5;6;7;8,8,1800,0.01047335600014776,0.01047335600014776,335622144,7,1800,4294967296,64800,1,1,"{""active_modes_per_particle"":36,""balanced_backward_error"":2.2585767032613295e-17,""balanced_condition_number"":1.005945103000414,""effective_incident_closure_error"":2.80764560868564e-23,""finite"":true,""force_decomposition_residual"":0.0,""full_modes_per_particle"":81,""fz_tolerance"":4.4038849699409277e-16,""max_abs_fz"":0.0,""mode_dimension_consistent"":true,""passed"":true,""planar_symmetry_pass"":true,""production_solver"":""balanced_sqrt"",""scattering_closure_error"":8.722065047932129e-17,""system_dimension"":72}",true,true,,
1.0.0,p1_dimer_confirmatory_r2,a041e07ae93e9a858bad809427039bf593641ad1f9e341ed89b9d91f648f297d,7c565ca4007a1590182a38d8f96599dd90773f06,ee4b4428b4a122063ab28459c48e43f51fd7bc60,95,p1_dimer_ka010_rigid_boundary_d0800_t000,completed,1,2026-08-20T20:46:51.589148Z,2026-08-20T20:46:51.597518Z,2;3;4;5;6;7,2;3;4;5;6;7,7,1800,0.0083611459704115987,0.0083611459704115987,335622144,6,1800,4294967296,64800,1,1,"{""active_modes_per_particle"":28,""balanced_backward_error"":7.299625621070883e-18,""balanced_condition_number"":1.0026048671869032,""effective_incident_closure_error"":2.75896476204583e-21,""finite"":true,""force_decomposition_residual"":3.9748618983966944e-37,""full_modes_per_particle"":64,""fz_tolerance"":1.4626293484604134e-16,""max_abs_fz"":0.0,""mode_dimension_consistent"":true,""passed"":true,""planar_symmetry_pass"":true,""production_solver"":""balanced_sqrt"",""scattering_closure_error"":8.972251674726768e-17,""system_dimension"":56}",true,true,,
1.0.0,p1_dimer_confirmatory_r2,a041e07ae93e9a858bad809427039bf593641ad1f9e341ed89b9d91f648f297d,7c565ca4007a1590182a38d8f96599dd90773f06,ee4b4428b4a122063ab28459c48e43f51fd7bc60,96,p1_dimer_ka010_rigid_boundary_d1000_t000,completed,1,2026-08-20T20:46:51.600278Z,2026-08-20T20:46:51.608570Z,2;3;4;5;6;7,2;3;4;5;6;7,7,1800,0.0082839310634881258,0.0082839310634881258,335622144,6,1800,4294967296,64800,1,1,"{""active_modes_per_particle"":28,""balanced_backward_error"":1.0328222038257503e-17,""balanced_condition_number"":1.0014216286004165,""effective_incident_closure_error"":1.855593964290154e-19,""finite"":true,""force_decomposition_residual"":1.1796245678749362e-34,""full_modes_per_particle"":64,""fz_tolerance"":6.408581518192519e-17,""max_abs_fz"":0.0,""mode_dimension_consistent"":true,""passed"":true,""planar_symmetry_pass"":true,""production_solver"":""balanced_sqrt"",""scattering_closure_error"":3.754769443735658e-17,""system_dimension"":56}",true,true,,
1.0.0,p1_dimer_confirmatory_r2,a041e07ae93e9a858bad809427039bf593641ad1f9e341ed89b9d91f648f297d,7c565ca4007a1590182a38d8f96599dd90773f06,ee4b4428b4a122063ab28459c48e43f51fd7bc60,97,p1_dimer_ka005_fluid_f000_f1010_d0210_t045_audit,completed,1,2026-08-20T20:46:51.611330Z,2026-08-20T20:47:12.049956Z,2;3;4;5;6;7;8;9;10;11;12;13;14;15,2;3;4;5;6;7;8;9;10;11;12;13;14;15,15,1800,20.438615776016377,20.438615776016377,335622144,14,1800,4294967296,64800,1,1,"{""active_modes_per_particle"":120,""balanced_backward_error"":1.7217335784637915e-17,""balanced_condition_number"":1.052636891552635,""effective_incident_closure_error"":2.6701000079832446e-46,""finite"":true,""force_decomposition_residual"":0.0,""full_modes_per_particle"":256,""fz_tolerance"":2.859502246167135e-16,""max_abs_fz"":0.0,""mode_dimension_consistent"":true,""passed"":true,""planar_symmetry_pass"":true,""production_solver"":""balanced_sqrt"",""scattering_closure_error"":2.139270961651384e-16,""system_dimension"":240}",true,true,,
1.0.0,p1_dimer_confirmatory_r2,a041e07ae93e9a858bad809427039bf593641ad1f9e341ed89b9d91f648f297d,7c565ca4007a1590182a38d8f96599dd90773f06,ee4b4428b4a122063ab28459c48e43f51fd7bc60,98,p1_dimer_ka005_fluid_f000_f1040_d1000_t045_audit,completed,1,2026-08-20T20:47:12.053927Z,2026-08-20T20:47:12.441794Z,2;3;4;5;6;7,2;3;4;5;6;7,7,1800,0.38785634795203805,0.38785634795203805,335622144,6,1800,4294967296,64800,1,1,"{""active_modes_per_particle"":28,""balanced_backward_error"":8.157448419585773e-18,""balanced_condition_number"":1.0004620383722147,""effective_incident_closure_error"":5.606556815762404e-20,""finite"":true,""force_decomposition_residual"":0.0,""full_modes_per_particle"":64,""fz_tolerance"":8.94925873298523e-18,""max_abs_fz"":0.0,""mode_dimension_consistent"":true,""passed"":true,""planar_symmetry_pass"":true,""production_solver"":""balanced_sqrt"",""scattering_closure_error"":1.1260740229074027e-16,""system_dimension"":56}",true,true,,
1.0.0,p1_dimer_confirmatory_r2,a041e07ae93e9a858bad809427039bf593641ad1f9e341ed89b9d91f648f297d,7c565ca4007a1590182a38d8f96599dd90773f06,ee4b4428b4a122063ab28459c48e43f51fd7bc60,99,p1_dimer_ka010_fluid_f000_f1060_d0210_t045_audit,completed,1,2026-08-20T20:47:12.445471Z,2026-08-20T20:48:26.969172Z,2;3;4;5;6;7;8;9;10;11;12;13;14;15;16;17;18;19,2;3;4;5;6;7;8;9;10;11;12;13;14;15;16;17;18;19,19,1800,74.523689999943599,74.523689999943599,335622144,18,1800,4294967296,64800,1,1,"{""active_modes_per_particle"":190,""balanced_backward_error"":1.1943017110409704e-17,""balanced_condition_number"":1.4056423512109884,""effective_incident_closure_error"":2.8097022948816516e-53,""finite"":true,""force_decomposition_residual"":0.0,""full_modes_per_particle"":400,""fz_tolerance"":1.2869581386321927e-14,""max_abs_fz"":0.0,""mode_dimension_consistent"":true,""passed"":true,""planar_symmetry_pass"":true,""production_solver"":""balanced_sqrt"",""scattering_closure_error"":9.031352419150946e-17,""system_dimension"":380}",true,true,,
1.0.0,p1_dimer_confirmatory_r2,a041e07ae93e9a858bad809427039bf593641ad1f9e341ed89b9d91f648f297d,7c565ca4007a1590182a38d8f96599dd90773f06,ee4b4428b4a122063ab28459c48e43f51fd7bc60,100,p1_dimer_ka010_fluid_f020_f1060_d1000_t045_audit,completed,1,2026-08-20T20:48:26.973330Z,2026-08-20T20:48:27.368005Z,2;3;4;5;6;7,2;3;4;5;6;7,7,1800,0.39465830102562904,0.39465830102562904,335622144,6,1800,4294967296,64800,1,1,"{""active_modes_per_particle"":28,""balanced_backward_error"":2.4932873263976204e-17,""balanced_condition_number"":1.0008528468753228,""effective_incident_closure_error"":2.4611608670786684e-19,""finite"":true,""force_decomposition_residual"":0.0,""full_modes_per_particle"":64,""fz_tolerance"":2.3124962251032257e-17,""max_abs_fz"":0.0,""mode_dimension_consistent"":true,""passed"":true,""planar_symmetry_pass"":true,""production_solver"":""balanced_sqrt"",""scattering_closure_error"":1.4141437778209714e-16,""system_dimension"":56}",true,true,,
1.0.0,p1_dimer_confirmatory_r2,a041e07ae93e9a858bad809427039bf593641ad1f9e341ed89b9d91f648f297d,7c565ca4007a1590182a38d8f96599dd90773f06,ee4b4428b4a122063ab28459c48e43f51fd7bc60,101,p1_dimer_ka005_fluid_f000_f1080_d0210_t045_audit,completed,1,2026-08-20T20:48:27.371752Z,2026-08-20T20:49:46.448147Z,2;3;4;5;6;7;8;9;10;11;12;13;14;15;16;17;18;19;20,2;3;4;5;6;7;8;9;10;11;12;13;14;15;16;17;18;19;20,20,1800,79.076381411054172,79.076381411054172,335622144,19,1800,4294967296,64800,1,1,"{""active_modes_per_particle"":210,""balanced_backward_error"":3.760803048563864e-17,""balanced_condition_number"":1.6091131961461969,""effective_incident_closure_error"":1.785648414358153e-61,""finite"":true,""force_decomposition_residual"":0.0,""full_modes_per_particle"":441,""fz_tolerance"":2.5389141828462906e-14,""max_abs_fz"":0.0,""mode_dimension_consistent"":true,""passed"":true,""planar_symmetry_pass"":true,""production_solver"":""balanced_sqrt"",""scattering_closure_error"":4.959963102560871e-17,""system_dimension"":420}",true,true,,
1.0.0,p1_dimer_confirmatory_r2,a041e07ae93e9a858bad809427039bf593641ad1f9e341ed89b9d91f648f297d,7c565ca4007a1590182a38d8f96599dd90773f06,ee4b4428b4a122063ab28459c48e43f51fd7bc60,102,p1_dimer_ka010_rigid_boundary_d1000_t045_audit,completed,1,2026-08-20T20:49:46.452684Z,2026-08-20T20:49:46.462009Z,2;3;4;5;6;7,2;3;4;5;6;7,7,1800,0.0093090940499678254,0.0093090940499678254,335622144,6,1800,4294967296,64800,1,1,"{""active_modes_per_particle"":28,""balanced_backward_error"":1.2649432666890951e-17,""balanced_condition_number"":1.0014216286004165,""effective_incident_closure_error"":1.8604521552406796e-19,""finite"":true,""force_decomposition_residual"":0.0,""full_modes_per_particle"":64,""fz_tolerance"":6.408581518192521e-17,""max_abs_fz"":0.0,""mode_dimension_consistent"":true,""passed"":true,""planar_symmetry_pass"":true,""production_solver"":""balanced_sqrt"",""scattering_closure_error"":3.754769443189523e-17,""system_dimension"":56}",true,true,,
