schema_version,campaign_id,case_id,solve_id,classification,created_utc,completed_utc,git_commit,campaign_manifest_path,campaign_manifest_sha256,confirmatory_manifest_sha256,command,environment_json,radius_m,k_rad_m,ka,energy_density_j_m3,f0,f0_applicable,f1,material_model,temporal_convention,particle_count,particle_index,family,position_x_m,position_y_m,position_z_m,minimum_distance_m,distance_ratio,coordinate_sha256,model,force_channel,lmax,full_modes_per_particle,active_modes_per_particle,system_dimension,solver_name,force_x_n,force_y_n,force_z_n,force_x_over_a2e0,force_y_over_a2e0,force_z_over_a2e0,successive_change,absolute_change,change_applicable,confirmation_lmax,confirmed,finite,diagnostics_pass,eligible,failure_stage,ineligibility_reason,stop_reason,evidence_role,include_in_scientific_tables
1.0.0,p1_dimer_resource_pilot,p1_pilot_rigid_ka010_d0210_t000,d97b7c88e857e92b1bdf3ec3b8418ca3ce4339ecd4cb57436fca988016901f61,development,2026-08-19T20:17:27.345044Z,2026-08-19T20:25:41.478313Z,a5a2a9c58f5e65b7986e24c7c64879246d946131,campaigns/p1/pilot_manifest.yaml,d8f56ce20f6f0821d84fd6f36e1f76c855f63f55d809ba9a7201ba52097a43bf,9d360de6e61d901cff3f84c477f367773251103db12386dbb8156bd1ec2addca,/home/luigui/Documents/silva-bruus-multiscattering/.venv/bin/python scripts/run_p1_5_timed_pilot.py --execute,"{""machine"":""x86_64"",""mkl_num_threads"":""1"",""numexpr_num_threads"":""1"",""numpy_version"":""2.5.1"",""omp_num_threads"":""1"",""openblas_num_threads"":""1"",""platform"":""Linux-7.0.0-28-generic-x86_64-with-glibc2.39"",""python_executable"":""/home/luigui/Documents/silva-bruus-multiscattering/.venv/bin/python"",""python_version"":""3.12.3"",""pythonhashseed"":""0"",""scipy_version"":""1.18.0"",""veclib_maximum_threads"":""1""}",1,0.10000000000000001,0.10000000000000001,1,0,false,1,rigid,exp(-i omega t),2,0,resource_pilot,-1.05,-0,-0,2.1000000000000001,2.1000000000000001,35c18368ed60abca1eef89b8aeeb1f09b16a455ce330dc4b04a08155543fb053,B_E,total,2,9,3,6,balanced_sqrt,1.1688981782766579,2.5981967655329892e-18,0,1.1688981782766579,2.5981967655329892e-18,0,0,0,false,,false,true,true,false,convergence,unconfirmed_at_21,unconfirmed_at_21,resource_pilot,false
1.0.0,p1_dimer_resource_pilot,p1_pilot_rigid_ka010_d0210_t000,d97b7c88e857e92b1bdf3ec3b8418ca3ce4339ecd4cb57436fca988016901f61,development,2026-08-19T20:17:27.345044Z,2026-08-19T20:25:41.478313Z,a5a2a9c58f5e65b7986e24c7c64879246d946131,campaigns/p1/pilot_manifest.yaml,d8f56ce20f6f0821d84fd6f36e1f76c855f63f55d809ba9a7201ba52097a43bf,9d360de6e61d901cff3f84c477f367773251103db12386dbb8156bd1ec2addca,/home/luigui/Documents/silva-bruus-multiscattering/.venv/bin/python scripts/run_p1_5_timed_pilot.py --execute,"{""machine"":""x86_64"",""mkl_num_threads"":""1"",""numexpr_num_threads"":""1"",""numpy_version"":""2.5.1"",""omp_num_threads"":""1"",""openblas_num_threads"":""1"",""platform"":""Linux-7.0.0-28-generic-x86_64-with-glibc2.39"",""python_executable"":""/home/luigui/Documents/silva-bruus-multiscattering/.venv/bin/python"",""python_version"":""3.12.3"",""pythonhashseed"":""0"",""scipy_version"":""1.18.0"",""veclib_maximum_threads"":""1""}",1,0.10000000000000001,0.10000000000000001,1,0,false,1,rigid,exp(-i omega t),2,1,resource_pilot,1.05,0,0,2.1000000000000001,2.1000000000000001,35c18368ed60abca1eef89b8aeeb1f09b16a455ce330dc4b04a08155543fb053,B_E,total,2,9,3,6,balanced_sqrt,-1.1688981782766579,1.4552580440351267e-16,0,-1.1688981782766579,1.4552580440351267e-16,0,0,0,false,,false,true,true,false,convergence,unconfirmed_at_21,unconfirmed_at_21,resource_pilot,false
1.0.0,p1_dimer_resource_pilot,p1_pilot_rigid_ka010_d0210_t000,d97b7c88e857e92b1bdf3ec3b8418ca3ce4339ecd4cb57436fca988016901f61,development,2026-08-19T20:17:27.345044Z,2026-08-19T20:25:41.478313Z,a5a2a9c58f5e65b7986e24c7c64879246d946131,campaigns/p1/pilot_manifest.yaml,d8f56ce20f6f0821d84fd6f36e1f76c855f63f55d809ba9a7201ba52097a43bf,9d360de6e61d901cff3f84c477f367773251103db12386dbb8156bd1ec2addca,/home/luigui/Documents/silva-bruus-multiscattering/.venv/bin/python scripts/run_p1_5_timed_pilot.py --execute,"{""machine"":""x86_64"",""mkl_num_threads"":""1"",""numexpr_num_threads"":""1"",""numpy_version"":""2.5.1"",""omp_num_threads"":""1"",""openblas_num_threads"":""1"",""platform"":""Linux-7.0.0-28-generic-x86_64-with-glibc2.39"",""python_executable"":""/home/luigui/Documents/silva-bruus-multiscattering/.venv/bin/python"",""python_version"":""3.12.3"",""pythonhashseed"":""0"",""scipy_version"":""1.18.0"",""veclib_maximum_threads"":""1""}",1,0.10000000000000001,0.10000000000000001,1,0,false,1,rigid,exp(-i omega t),2,0,resource_pilot,-1.05,-0,-0,2.1000000000000001,2.1000000000000001,35c18368ed60abca1eef89b8aeeb1f09b16a455ce330dc4b04a08155543fb053,B_E,interaction,2,9,3,6,balanced_sqrt,1.1688981782766579,2.5981967655329892e-18,0,1.1688981782766579,2.5981967655329892e-18,0,0,0,false,,false,true,true,false,convergence,unconfirmed_at_21,unconfirmed_at_21,resource_pilot,false
1.0.0,p1_dimer_resource_pilot,p1_pilot_rigid_ka010_d0210_t000,d97b7c88e857e92b1bdf3ec3b8418ca3ce4339ecd4cb57436fca988016901f61,development,2026-08-19T20:17:27.345044Z,2026-08-19T20:25:41.478313Z,a5a2a9c58f5e65b7986e24c7c64879246d946131,campaigns/p1/pilot_manifest.yaml,d8f56ce20f6f0821d84fd6f36e1f76c855f63f55d809ba9a7201ba52097a43bf,9d360de6e61d901cff3f84c477f367773251103db12386dbb8156bd1ec2addca,/home/luigui/Documents/silva-bruus-multiscattering/.venv/bin/python scripts/run_p1_5_timed_pilot.py --execute,"{""machine"":""x86_64"",""mkl_num_threads"":""1"",""numexpr_num_threads"":""1"",""numpy_version"":""2.5.1"",""omp_num_threads"":""1"",""openblas_num_threads"":""1"",""platform"":""Linux-7.0.0-28-generic-x86_64-with-glibc2.39"",""python_executable"":""/home/luigui/Documents/silva-bruus-multiscattering/.venv/bin/python"",""python_version"":""3.12.3"",""pythonhashseed"":""0"",""scipy_version"":""1.18.0"",""veclib_maximum_threads"":""1""}",1,0.10000000000000001,0.10000000000000001,1,0,false,1,rigid,exp(-i omega t),2,1,resource_pilot,1.05,0,0,2.1000000000000001,2.1000000000000001,35c18368ed60abca1eef89b8aeeb1f09b16a455ce330dc4b04a08155543fb053,B_E,interaction,2,9,3,6,balanced_sqrt,-1.1688981782766579,1.4552580440351267e-16,0,-1.1688981782766579,1.4552580440351267e-16,0,0,0,false,,false,true,true,false,convergence,unconfirmed_at_21,unconfirmed_at_21,resource_pilot,false
1.0.0,p1_dimer_resource_pilot,p1_pilot_rigid_ka010_d0210_t000,d97b7c88e857e92b1bdf3ec3b8418ca3ce4339ecd4cb57436fca988016901f61,development,2026-08-19T20:17:27.345044Z,2026-08-19T20:25:41.478313Z,a5a2a9c58f5e65b7986e24c7c64879246d946131,campaigns/p1/pilot_manifest.yaml,d8f56ce20f6f0821d84fd6f36e1f76c855f63f55d809ba9a7201ba52097a43bf,9d360de6e61d901cff3f84c477f367773251103db12386dbb8156bd1ec2addca,/home/luigui/Documents/silva-bruus-multiscattering/.venv/bin/python scripts/run_p1_5_timed_pilot.py --execute,"{""machine"":""x86_64"",""mkl_num_threads"":""1"",""numexpr_num_threads"":""1"",""numpy_version"":""2.5.1"",""omp_num_threads"":""1"",""openblas_num_threads"":""1"",""platform"":""Linux-7.0.0-28-generic-x86_64-with-glibc2.39"",""python_executable"":""/home/luigui/Documents/silva-bruus-multiscattering/.venv/bin/python"",""python_version"":""3.12.3"",""pythonhashseed"":""0"",""scipy_version"":""1.18.0"",""veclib_maximum_threads"":""1""}",1,0.10000000000000001,0.10000000000000001,1,0,false,1,rigid,exp(-i omega t),2,0,resource_pilot,-1.05,-0,-0,2.1000000000000001,2.1000000000000001,35c18368ed60abca1eef89b8aeeb1f09b16a455ce330dc4b04a08155543fb053,B_E,external_scattered,2,9,3,6,balanced_sqrt,1.1012681558070057,2.4508763303739021e-18,0,1.1012681558070057,2.4508763303739021e-18,0,0,0,false,,false,true,true,false,convergence,unconfirmed_at_21,unconfirmed_at_21,resource_pilot,false
1.0.0,p1_dimer_resource_pilot,p1_pilot_rigid_ka010_d0210_t000,d97b7c88e857e92b1bdf3ec3b8418ca3ce4339ecd4cb57436fca988016901f61,development,2026-08-19T20:17:27.345044Z,2026-08-19T20:25:41.478313Z,a5a2a9c58f5e65b7986e24c7c64879246d946131,campaigns/p1/pilot_manifest.yaml,d8f56ce20f6f0821d84fd6f36e1f76c855f63f55d809ba9a7201ba52097a43bf,9d360de6e61d901cff3f84c477f367773251103db12386dbb8156bd1ec2addca,/home/luigui/Documents/silva-bruus-multiscattering/.venv/bin/python scripts/run_p1_5_timed_pilot.py --execute,"{""machine"":""x86_64"",""mkl_num_threads"":""1"",""numexpr_num_threads"":""1"",""numpy_version"":""2.5.1"",""omp_num_threads"":""1"",""openblas_num_threads"":""1"",""platform"":""Linux-7.0.0-28-generic-x86_64-with-glibc2.39"",""python_executable"":""/home/luigui/Documents/silva-bruus-multiscattering/.venv/bin/python"",""python_version"":""3.12.3"",""pythonhashseed"":""0"",""scipy_version"":""1.18.0"",""veclib_maximum_threads"":""1""}",1,0.10000000000000001,0.10000000000000001,1,0,false,1,rigid,exp(-i omega t),2,1,resource_pilot,1.05,0,0,2.1000000000000001,2.1000000000000001,35c18368ed60abca1eef89b8aeeb1f09b16a455ce330dc4b04a08155543fb053,B_E,external_scattered,2,9,3,6,balanced_sqrt,-1.1012681558070057,1.3707496853211415e-16,0,-1.1012681558070057,1.3707496853211415e-16,0,0,0,false,,false,true,true,false,convergence,unconfirmed_at_21,unconfirmed_at_21,resource_pilot,false
1.0.0,p1_dimer_resource_pilot,p1_pilot_rigid_ka010_d0210_t000,d97b7c88e857e92b1bdf3ec3b8418ca3ce4339ecd4cb57436fca988016901f61,development,2026-08-19T20:17:27.345044Z,2026-08-19T20:25:41.478313Z,a5a2a9c58f5e65b7986e24c7c64879246d946131,campaigns/p1/pilot_manifest.yaml,d8f56ce20f6f0821d84fd6f36e1f76c855f63f55d809ba9a7201ba52097a43bf,9d360de6e61d901cff3f84c477f367773251103db12386dbb8156bd1ec2addca,/home/luigui/Documents/silva-bruus-multiscattering/.venv/bin/python scripts/run_p1_5_timed_pilot.py --execute,"{""machine"":""x86_64"",""mkl_num_threads"":""1"",""numexpr_num_threads"":""1"",""numpy_version"":""2.5.1"",""omp_num_threads"":""1"",""openblas_num_threads"":""1"",""platform"":""Linux-7.0.0-28-generic-x86_64-with-glibc2.39"",""python_executable"":""/home/luigui/Documents/silva-bruus-multiscattering/.venv/bin/python"",""python_version"":""3.12.3"",""pythonhashseed"":""0"",""scipy_version"":""1.18.0"",""veclib_maximum_threads"":""1""}",1,0.10000000000000001,0.10000000000000001,1,0,false,1,rigid,exp(-i omega t),2,0,resource_pilot,-1.05,-0,-0,2.1000000000000001,2.1000000000000001,35c18368ed60abca1eef89b8aeeb1f09b16a455ce330dc4b04a08155543fb053,B_E,scattered_scattered,2,9,3,6,balanced_sqrt,0.067630022469652107,1.4732043515908703e-19,0,0.067630022469652107,1.4732043515908703e-19,0,0,0,false,,false,true,true,false,convergence,unconfirmed_at_21,unconfirmed_at_21,resource_pilot,false
1.0.0,p1_dimer_resource_pilot,p1_pilot_rigid_ka010_d0210_t000,d97b7c88e857e92b1bdf3ec3b8418ca3ce4339ecd4cb57436fca988016901f61,development,2026-08-19T20:17:27.345044Z,2026-08-19T20:25:41.478313Z,a5a2a9c58f5e65b7986e24c7c64879246d946131,campaigns/p1/pilot_manifest.yaml,d8f56ce20f6f0821d84fd6f36e1f76c855f63f55d809ba9a7201ba52097a43bf,9d360de6e61d901cff3f84c477f367773251103db12386dbb8156bd1ec2addca,/home/luigui/Documents/silva-bruus-multiscattering/.venv/bin/python scripts/run_p1_5_timed_pilot.py --execute,"{""machine"":""x86_64"",""mkl_num_threads"":""1"",""numexpr_num_threads"":""1"",""numpy_version"":""2.5.1"",""omp_num_threads"":""1"",""openblas_num_threads"":""1"",""platform"":""Linux-7.0.0-28-generic-x86_64-with-glibc2.39"",""python_executable"":""/home/luigui/Documents/silva-bruus-multiscattering/.venv/bin/python"",""python_version"":""3.12.3"",""pythonhashseed"":""0"",""scipy_version"":""1.18.0"",""veclib_maximum_threads"":""1""}",1,0.10000000000000001,0.10000000000000001,1,0,false,1,rigid,exp(-i omega t),2,1,resource_pilot,1.05,0,0,2.1000000000000001,2.1000000000000001,35c18368ed60abca1eef89b8aeeb1f09b16a455ce330dc4b04a08155543fb053,B_E,scattered_scattered,2,9,3,6,balanced_sqrt,-0.067630022469652107,8.450835871398537e-18,0,-0.067630022469652107,8.450835871398537e-18,0,0,0,false,,false,true,true,false,convergence,unconfirmed_at_21,unconfirmed_at_21,resource_pilot,false
1.0.0,p1_dimer_resource_pilot,p1_pilot_rigid_ka010_d0210_t000,d97b7c88e857e92b1bdf3ec3b8418ca3ce4339ecd4cb57436fca988016901f61,development,2026-08-19T20:17:27.345044Z,2026-08-19T20:25:41.478313Z,a5a2a9c58f5e65b7986e24c7c64879246d946131,campaigns/p1/pilot_manifest.yaml,d8f56ce20f6f0821d84fd6f36e1f76c855f63f55d809ba9a7201ba52097a43bf,9d360de6e61d901cff3f84c477f367773251103db12386dbb8156bd1ec2addca,/home/luigui/Documents/silva-bruus-multiscattering/.venv/bin/python scripts/run_p1_5_timed_pilot.py --execute,"{""machine"":""x86_64"",""mkl_num_threads"":""1"",""numexpr_num_threads"":""1"",""numpy_version"":""2.5.1"",""omp_num_threads"":""1"",""openblas_num_threads"":""1"",""platform"":""Linux-7.0.0-28-generic-x86_64-with-glibc2.39"",""python_executable"":""/home/luigui/Documents/silva-bruus-multiscattering/.venv/bin/python"",""python_version"":""3.12.3"",""pythonhashseed"":""0"",""scipy_version"":""1.18.0"",""veclib_maximum_threads"":""1""}",1,0.10000000000000001,0.10000000000000001,1,0,false,1,rigid,exp(-i omega t),2,0,resource_pilot,-1.05,-0,-0,2.1000000000000001,2.1000000000000001,35c18368ed60abca1eef89b8aeeb1f09b16a455ce330dc4b04a08155543fb053,B_E,total,3,16,6,12,balanced_sqrt,1.3256610399914373,4.9641484297208664e-18,0,1.3256610399914373,4.9641484297208664e-18,0,0.11825259774986821,0.15676286171477938,true,,false,true,true,false,convergence,unconfirmed_at_21,unconfirmed_at_21,resource_pilot,false
1.0.0,p1_dimer_resource_pilot,p1_pilot_rigid_ka010_d0210_t000,d97b7c88e857e92b1bdf3ec3b8418ca3ce4339ecd4cb57436fca988016901f61,development,2026-08-19T20:17:27.345044Z,2026-08-19T20:25:41.478313Z,a5a2a9c58f5e65b7986e24c7c64879246d946131,campaigns/p1/pilot_manifest.yaml,d8f56ce20f6f0821d84fd6f36e1f76c855f63f55d809ba9a7201ba52097a43bf,9d360de6e61d901cff3f84c477f367773251103db12386dbb8156bd1ec2addca,/home/luigui/Documents/silva-bruus-multiscattering/.venv/bin/python scripts/run_p1_5_timed_pilot.py --execute,"{""machine"":""x86_64"",""mkl_num_threads"":""1"",""numexpr_num_threads"":""1"",""numpy_version"":""2.5.1"",""omp_num_threads"":""1"",""openblas_num_threads"":""1"",""platform"":""Linux-7.0.0-28-generic-x86_64-with-glibc2.39"",""python_executable"":""/home/luigui/Documents/silva-bruus-multiscattering/.venv/bin/python"",""python_version"":""3.12.3"",""pythonhashseed"":""0"",""scipy_version"":""1.18.0"",""veclib_maximum_threads"":""1""}",1,0.10000000000000001,0.10000000000000001,1,0,false,1,rigid,exp(-i omega t),2,1,resource_pilot,1.05,0,0,2.1000000000000001,2.1000000000000001,35c18368ed60abca1eef89b8aeeb1f09b16a455ce330dc4b04a08155543fb053,B_E,total,3,16,6,12,balanced_sqrt,-1.3256610399914373,1.6842413935436402e-16,0,-1.3256610399914373,1.6842413935436402e-16,0,0.11825259774986821,0.15676286171477938,true,,false,true,true,false,convergence,unconfirmed_at_21,unconfirmed_at_21,resource_pilot,false
1.0.0,p1_dimer_resource_pilot,p1_pilot_rigid_ka010_d0210_t000,d97b7c88e857e92b1bdf3ec3b8418ca3ce4339ecd4cb57436fca988016901f61,development,2026-08-19T20:17:27.345044Z,2026-08-19T20:25:41.478313Z,a5a2a9c58f5e65b7986e24c7c64879246d946131,campaigns/p1/pilot_manifest.yaml,d8f56ce20f6f0821d84fd6f36e1f76c855f63f55d809ba9a7201ba52097a43bf,9d360de6e61d901cff3f84c477f367773251103db12386dbb8156bd1ec2addca,/home/luigui/Documents/silva-bruus-multiscattering/.venv/bin/python scripts/run_p1_5_timed_pilot.py --execute,"{""machine"":""x86_64"",""mkl_num_threads"":""1"",""numexpr_num_threads"":""1"",""numpy_version"":""2.5.1"",""omp_num_threads"":""1"",""openblas_num_threads"":""1"",""platform"":""Linux-7.0.0-28-generic-x86_64-with-glibc2.39"",""python_executable"":""/home/luigui/Documents/silva-bruus-multiscattering/.venv/bin/python"",""python_version"":""3.12.3"",""pythonhashseed"":""0"",""scipy_version"":""1.18.0"",""veclib_maximum_threads"":""1""}",1,0.10000000000000001,0.10000000000000001,1,0,false,1,rigid,exp(-i omega t),2,0,resource_pilot,-1.05,-0,-0,2.1000000000000001,2.1000000000000001,35c18368ed60abca1eef89b8aeeb1f09b16a455ce330dc4b04a08155543fb053,B_E,interaction,3,16,6,12,balanced_sqrt,1.3256610399914373,4.9641484297208664e-18,0,1.3256610399914373,4.9641484297208664e-18,0,0.11825259774986821,0.15676286171477938,true,,false,true,true,false,convergence,unconfirmed_at_21,unconfirmed_at_21,resource_pilot,false
1.0.0,p1_dimer_resource_pilot,p1_pilot_rigid_ka010_d0210_t000,d97b7c88e857e92b1bdf3ec3b8418ca3ce4339ecd4cb57436fca988016901f61,development,2026-08-19T20:17:27.345044Z,2026-08-19T20:25:41.478313Z,a5a2a9c58f5e65b7986e24c7c64879246d946131,campaigns/p1/pilot_manifest.yaml,d8f56ce20f6f0821d84fd6f36e1f76c855f63f55d809ba9a7201ba52097a43bf,9d360de6e61d901cff3f84c477f367773251103db12386dbb8156bd1ec2addca,/home/luigui/Documents/silva-bruus-multiscattering/.venv/bin/python scripts/run_p1_5_timed_pilot.py --execute,"{""machine"":""x86_64"",""mkl_num_threads"":""1"",""numexpr_num_threads"":""1"",""numpy_version"":""2.5.1"",""omp_num_threads"":""1"",""openblas_num_threads"":""1"",""platform"":""Linux-7.0.0-28-generic-x86_64-with-glibc2.39"",""python_executable"":""/home/luigui/Documents/silva-bruus-multiscattering/.venv/bin/python"",""python_version"":""3.12.3"",""pythonhashseed"":""0"",""scipy_version"":""1.18.0"",""veclib_maximum_threads"":""1""}",1,0.10000000000000001,0.10000000000000001,1,0,false,1,rigid,exp(-i omega t),2,1,resource_pilot,1.05,0,0,2.1000000000000001,2.1000000000000001,35c18368ed60abca1eef89b8aeeb1f09b16a455ce330dc4b04a08155543fb053,B_E,interaction,3,16,6,12,balanced_sqrt,-1.3256610399914373,1.6842413935436402e-16,0,-1.3256610399914373,1.6842413935436402e-16,0,0.11825259774986821,0.15676286171477938,true,,false,true,true,false,convergence,unconfirmed_at_21,unconfirmed_at_21,resource_pilot,false
1.0.0,p1_dimer_resource_pilot,p1_pilot_rigid_ka010_d0210_t000,d97b7c88e857e92b1bdf3ec3b8418ca3ce4339ecd4cb57436fca988016901f61,development,2026-08-19T20:17:27.345044Z,2026-08-19T20:25:41.478313Z,a5a2a9c58f5e65b7986e24c7c64879246d946131,campaigns/p1/pilot_manifest.yaml,d8f56ce20f6f0821d84fd6f36e1f76c855f63f55d809ba9a7201ba52097a43bf,9d360de6e61d901cff3f84c477f367773251103db12386dbb8156bd1ec2addca,/home/luigui/Documents/silva-bruus-multiscattering/.venv/bin/python scripts/run_p1_5_timed_pilot.py --execute,"{""machine"":""x86_64"",""mkl_num_threads"":""1"",""numexpr_num_threads"":""1"",""numpy_version"":""2.5.1"",""omp_num_threads"":""1"",""openblas_num_threads"":""1"",""platform"":""Linux-7.0.0-28-generic-x86_64-with-glibc2.39"",""python_executable"":""/home/luigui/Documents/silva-bruus-multiscattering/.venv/bin/python"",""python_version"":""3.12.3"",""pythonhashseed"":""0"",""scipy_version"":""1.18.0"",""veclib_maximum_threads"":""1""}",1,0.10000000000000001,0.10000000000000001,1,0,false,1,rigid,exp(-i omega t),2,0,resource_pilot,-1.05,-0,-0,2.1000000000000001,2.1000000000000001,35c18368ed60abca1eef89b8aeeb1f09b16a455ce330dc4b04a08155543fb053,B_E,external_scattered,3,16,6,12,balanced_sqrt,1.1583748029910201,4.3157587790994282e-18,0,1.1583748029910201,4.3157587790994282e-18,0,0.049298937646572047,0.057106647184014481,true,,false,true,true,false,convergence,unconfirmed_at_21,unconfirmed_at_21,resource_pilot,false
1.0.0,p1_dimer_resource_pilot,p1_pilot_rigid_ka010_d0210_t000,d97b7c88e857e92b1bdf3ec3b8418ca3ce4339ecd4cb57436fca988016901f61,development,2026-08-19T20:17:27.345044Z,2026-08-19T20:25:41.478313Z,a5a2a9c58f5e65b7986e24c7c64879246d946131,campaigns/p1/pilot_manifest.yaml,d8f56ce20f6f0821d84fd6f36e1f76c855f63f55d809ba9a7201ba52097a43bf,9d360de6e61d901cff3f84c477f367773251103db12386dbb8156bd1ec2addca,/home/luigui/Documents/silva-bruus-multiscattering/.venv/bin/python scripts/run_p1_5_timed_pilot.py --execute,"{""machine"":""x86_64"",""mkl_num_threads"":""1"",""numexpr_num_threads"":""1"",""numpy_version"":""2.5.1"",""omp_num_threads"":""1"",""openblas_num_threads"":""1"",""platform"":""Linux-7.0.0-28-generic-x86_64-with-glibc2.39"",""python_executable"":""/home/luigui/Documents/silva-bruus-multiscattering/.venv/bin/python"",""python_version"":""3.12.3"",""pythonhashseed"":""0"",""scipy_version"":""1.18.0"",""veclib_maximum_threads"":""1""}",1,0.10000000000000001,0.10000000000000001,1,0,false,1,rigid,exp(-i omega t),2,1,resource_pilot,1.05,0,0,2.1000000000000001,2.1000000000000001,35c18368ed60abca1eef89b8aeeb1f09b16a455ce330dc4b04a08155543fb053,B_E,external_scattered,3,16,6,12,balanced_sqrt,-1.1583748029910201,1.4712942716162644e-16,0,-1.1583748029910201,1.4712942716162644e-16,0,0.049298937646572047,0.057106647184014481,true,,false,true,true,false,convergence,unconfirmed_at_21,unconfirmed_at_21,resource_pilot,false
1.0.0,p1_dimer_resource_pilot,p1_pilot_rigid_ka010_d0210_t000,d97b7c88e857e92b1bdf3ec3b8418ca3ce4339ecd4cb57436fca988016901f61,development,2026-08-19T20:17:27.345044Z,2026-08-19T20:25:41.478313Z,a5a2a9c58f5e65b7986e24c7c64879246d946131,campaigns/p1/pilot_manifest.yaml,d8f56ce20f6f0821d84fd6f36e1f76c855f63f55d809ba9a7201ba52097a43bf,9d360de6e61d901cff3f84c477f367773251103db12386dbb8156bd1ec2addca,/home/luigui/Documents/silva-bruus-multiscattering/.venv/bin/python scripts/run_p1_5_timed_pilot.py --execute,"{""machine"":""x86_64"",""mkl_num_threads"":""1"",""numexpr_num_threads"":""1"",""numpy_version"":""2.5.1"",""omp_num_threads"":""1"",""openblas_num_threads"":""1"",""platform"":""Linux-7.0.0-28-generic-x86_64-with-glibc2.39"",""python_executable"":""/home/luigui/Documents/silva-bruus-multiscattering/.venv/bin/python"",""python_version"":""3.12.3"",""pythonhashseed"":""0"",""scipy_version"":""1.18.0"",""veclib_maximum_threads"":""1""}",1,0.10000000000000001,0.10000000000000001,1,0,false,1,rigid,exp(-i omega t),2,0,resource_pilot,-1.05,-0,-0,2.1000000000000001,2.1000000000000001,35c18368ed60abca1eef89b8aeeb1f09b16a455ce330dc4b04a08155543fb053,B_E,scattered_scattered,3,16,6,12,balanced_sqrt,0.16728623700041714,6.4838965062143781e-19,0,0.16728623700041714,6.4838965062143781e-19,0,0.59572273438439849,0.099656214530765036,true,,false,true,true,false,convergence,unconfirmed_at_21,unconfirmed_at_21,resource_pilot,false
1.0.0,p1_dimer_resource_pilot,p1_pilot_rigid_ka010_d0210_t000,d97b7c88e857e92b1bdf3ec3b8418ca3ce4339ecd4cb57436fca988016901f61,development,2026-08-19T20:17:27.345044Z,2026-08-19T20:25:41.478313Z,a5a2a9c58f5e65b7986e24c7c64879246d946131,campaigns/p1/pilot_manifest.yaml,d8f56ce20f6f0821d84fd6f36e1f76c855f63f55d809ba9a7201ba52097a43bf,9d360de6e61d901cff3f84c477f367773251103db12386dbb8156bd1ec2addca,/home/luigui/Documents/silva-bruus-multiscattering/.venv/bin/python scripts/run_p1_5_timed_pilot.py --execute,"{""machine"":""x86_64"",""mkl_num_threads"":""1"",""numexpr_num_threads"":""1"",""numpy_version"":""2.5.1"",""omp_num_threads"":""1"",""openblas_num_threads"":""1"",""platform"":""Linux-7.0.0-28-generic-x86_64-with-glibc2.39"",""python_executable"":""/home/luigui/Documents/silva-bruus-multiscattering/.venv/bin/python"",""python_version"":""3.12.3"",""pythonhashseed"":""0"",""scipy_version"":""1.18.0"",""veclib_maximum_threads"":""1""}",1,0.10000000000000001,0.10000000000000001,1,0,false,1,rigid,exp(-i omega t),2,1,resource_pilot,1.05,0,0,2.1000000000000001,2.1000000000000001,35c18368ed60abca1eef89b8aeeb1f09b16a455ce330dc4b04a08155543fb053,B_E,scattered_scattered,3,16,6,12,balanced_sqrt,-0.16728623700041714,2.1294712192737576e-17,0,-0.16728623700041714,2.1294712192737576e-17,0,0.59572273438439849,0.099656214530765036,true,,false,true,true,false,convergence,unconfirmed_at_21,unconfirmed_at_21,resource_pilot,false
1.0.0,p1_dimer_resource_pilot,p1_pilot_rigid_ka010_d0210_t000,d97b7c88e857e92b1bdf3ec3b8418ca3ce4339ecd4cb57436fca988016901f61,development,2026-08-19T20:17:27.345044Z,2026-08-19T20:25:41.478313Z,a5a2a9c58f5e65b7986e24c7c64879246d946131,campaigns/p1/pilot_manifest.yaml,d8f56ce20f6f0821d84fd6f36e1f76c855f63f55d809ba9a7201ba52097a43bf,9d360de6e61d901cff3f84c477f367773251103db12386dbb8156bd1ec2addca,/home/luigui/Documents/silva-bruus-multiscattering/.venv/bin/python scripts/run_p1_5_timed_pilot.py --execute,"{""machine"":""x86_64"",""mkl_num_threads"":""1"",""numexpr_num_threads"":""1"",""numpy_version"":""2.5.1"",""omp_num_threads"":""1"",""openblas_num_threads"":""1"",""platform"":""Linux-7.0.0-28-generic-x86_64-with-glibc2.39"",""python_executable"":""/home/luigui/Documents/silva-bruus-multiscattering/.venv/bin/python"",""python_version"":""3.12.3"",""pythonhashseed"":""0"",""scipy_version"":""1.18.0"",""veclib_maximum_threads"":""1""}",1,0.10000000000000001,0.10000000000000001,1,0,false,1,rigid,exp(-i omega t),2,0,resource_pilot,-1.05,-0,-0,2.1000000000000001,2.1000000000000001,35c18368ed60abca1eef89b8aeeb1f09b16a455ce330dc4b04a08155543fb053,B_E,total,4,25,10,20,balanced_sqrt,1.4406635683119156,1.1896338953033912e-17,0,1.4406635683119156,1.1896338953033912e-17,0,0.079826082126329717,0.11500252832047819,true,,false,true,true,false,convergence,unconfirmed_at_21,unconfirmed_at_21,resource_pilot,false
1.0.0,p1_dimer_resource_pilot,p1_pilot_rigid_ka010_d0210_t000,d97b7c88e857e92b1bdf3ec3b8418ca3ce4339ecd4cb57436fca988016901f61,development,2026-08-19T20:17:27.345044Z,2026-08-19T20:25:41.478313Z,a5a2a9c58f5e65b7986e24c7c64879246d946131,campaigns/p1/pilot_manifest.yaml,d8f56ce20f6f0821d84fd6f36e1f76c855f63f55d809ba9a7201ba52097a43bf,9d360de6e61d901cff3f84c477f367773251103db12386dbb8156bd1ec2addca,/home/luigui/Documents/silva-bruus-multiscattering/.venv/bin/python scripts/run_p1_5_timed_pilot.py --execute,"{""machine"":""x86_64"",""mkl_num_threads"":""1"",""numexpr_num_threads"":""1"",""numpy_version"":""2.5.1"",""omp_num_threads"":""1"",""openblas_num_threads"":""1"",""platform"":""Linux-7.0.0-28-generic-x86_64-with-glibc2.39"",""python_executable"":""/home/luigui/Documents/silva-bruus-multiscattering/.venv/bin/python"",""python_version"":""3.12.3"",""pythonhashseed"":""0"",""scipy_version"":""1.18.0"",""veclib_maximum_threads"":""1""}",1,0.10000000000000001,0.10000000000000001,1,0,false,1,rigid,exp(-i omega t),2,1,resource_pilot,1.05,0,0,2.1000000000000001,2.1000000000000001,35c18368ed60abca1eef89b8aeeb1f09b16a455ce330dc4b04a08155543fb053,B_E,total,4,25,10,20,balanced_sqrt,-1.4406635683119153,1.8613124643650809e-16,0,-1.4406635683119153,1.8613124643650809e-16,0,0.079826082126329717,0.11500252832047819,true,,false,true,true,false,convergence,unconfirmed_at_21,unconfirmed_at_21,resource_pilot,false
1.0.0,p1_dimer_resource_pilot,p1_pilot_rigid_ka010_d0210_t000,d97b7c88e857e92b1bdf3ec3b8418ca3ce4339ecd4cb57436fca988016901f61,development,2026-08-19T20:17:27.345044Z,2026-08-19T20:25:41.478313Z,a5a2a9c58f5e65b7986e24c7c64879246d946131,campaigns/p1/pilot_manifest.yaml,d8f56ce20f6f0821d84fd6f36e1f76c855f63f55d809ba9a7201ba52097a43bf,9d360de6e61d901cff3f84c477f367773251103db12386dbb8156bd1ec2addca,/home/luigui/Documents/silva-bruus-multiscattering/.venv/bin/python scripts/run_p1_5_timed_pilot.py --execute,"{""machine"":""x86_64"",""mkl_num_threads"":""1"",""numexpr_num_threads"":""1"",""numpy_version"":""2.5.1"",""omp_num_threads"":""1"",""openblas_num_threads"":""1"",""platform"":""Linux-7.0.0-28-generic-x86_64-with-glibc2.39"",""python_executable"":""/home/luigui/Documents/silva-bruus-multiscattering/.venv/bin/python"",""python_version"":""3.12.3"",""pythonhashseed"":""0"",""scipy_version"":""1.18.0"",""veclib_maximum_threads"":""1""}",1,0.10000000000000001,0.10000000000000001,1,0,false,1,rigid,exp(-i omega t),2,0,resource_pilot,-1.05,-0,-0,2.1000000000000001,2.1000000000000001,35c18368ed60abca1eef89b8aeeb1f09b16a455ce330dc4b04a08155543fb053,B_E,interaction,4,25,10,20,balanced_sqrt,1.4406635683119156,1.1896338953033912e-17,0,1.4406635683119156,1.1896338953033912e-17,0,0.079826082126329717,0.11500252832047819,true,,false,true,true,false,convergence,unconfirmed_at_21,unconfirmed_at_21,resource_pilot,false
1.0.0,p1_dimer_resource_pilot,p1_pilot_rigid_ka010_d0210_t000,d97b7c88e857e92b1bdf3ec3b8418ca3ce4339ecd4cb57436fca988016901f61,development,2026-08-19T20:17:27.345044Z,2026-08-19T20:25:41.478313Z,a5a2a9c58f5e65b7986e24c7c64879246d946131,campaigns/p1/pilot_manifest.yaml,d8f56ce20f6f0821d84fd6f36e1f76c855f63f55d809ba9a7201ba52097a43bf,9d360de6e61d901cff3f84c477f367773251103db12386dbb8156bd1ec2addca,/home/luigui/Documents/silva-bruus-multiscattering/.venv/bin/python scripts/run_p1_5_timed_pilot.py --execute,"{""machine"":""x86_64"",""mkl_num_threads"":""1"",""numexpr_num_threads"":""1"",""numpy_version"":""2.5.1"",""omp_num_threads"":""1"",""openblas_num_threads"":""1"",""platform"":""Linux-7.0.0-28-generic-x86_64-with-glibc2.39"",""python_executable"":""/home/luigui/Documents/silva-bruus-multiscattering/.venv/bin/python"",""python_version"":""3.12.3"",""pythonhashseed"":""0"",""scipy_version"":""1.18.0"",""veclib_maximum_threads"":""1""}",1,0.10000000000000001,0.10000000000000001,1,0,false,1,rigid,exp(-i omega t),2,1,resource_pilot,1.05,0,0,2.1000000000000001,2.1000000000000001,35c18368ed60abca1eef89b8aeeb1f09b16a455ce330dc4b04a08155543fb053,B_E,interaction,4,25,10,20,balanced_sqrt,-1.4406635683119153,1.8613124643650809e-16,0,-1.4406635683119153,1.8613124643650809e-16,0,0.079826082126329717,0.11500252832047819,true,,false,true,true,false,convergence,unconfirmed_at_21,unconfirmed_at_21,resource_pilot,false
1.0.0,p1_dimer_resource_pilot,p1_pilot_rigid_ka010_d0210_t000,d97b7c88e857e92b1bdf3ec3b8418ca3ce4339ecd4cb57436fca988016901f61,development,2026-08-19T20:17:27.345044Z,2026-08-19T20:25:41.478313Z,a5a2a9c58f5e65b7986e24c7c64879246d946131,campaigns/p1/pilot_manifest.yaml,d8f56ce20f6f0821d84fd6f36e1f76c855f63f55d809ba9a7201ba52097a43bf,9d360de6e61d901cff3f84c477f367773251103db12386dbb8156bd1ec2addca,/home/luigui/Documents/silva-bruus-multiscattering/.venv/bin/python scripts/run_p1_5_timed_pilot.py --execute,"{""machine"":""x86_64"",""mkl_num_threads"":""1"",""numexpr_num_threads"":""1"",""numpy_version"":""2.5.1"",""omp_num_threads"":""1"",""openblas_num_threads"":""1"",""platform"":""Linux-7.0.0-28-generic-x86_64-with-glibc2.39"",""python_executable"":""/home/luigui/Documents/silva-bruus-multiscattering/.venv/bin/python"",""python_version"":""3.12.3"",""pythonhashseed"":""0"",""scipy_version"":""1.18.0"",""veclib_maximum_threads"":""1""}",1,0.10000000000000001,0.10000000000000001,1,0,false,1,rigid,exp(-i omega t),2,0,resource_pilot,-1.05,-0,-0,2.1000000000000001,2.1000000000000001,35c18368ed60abca1eef89b8aeeb1f09b16a455ce330dc4b04a08155543fb053,B_E,external_scattered,4,25,10,20,balanced_sqrt,1.1912578146218211,9.631135272427893e-18,0,1.1912578146218211,9.631135272427893e-18,0,0.027603606227959959,0.032883011630800874,true,,false,true,true,false,convergence,unconfirmed_at_21,unconfirmed_at_21,resource_pilot,false
1.0.0,p1_dimer_resource_pilot,p1_pilot_rigid_ka010_d0210_t000,d97b7c88e857e92b1bdf3ec3b8418ca3ce4339ecd4cb57436fca988016901f61,development,2026-08-19T20:17:27.345044Z,2026-08-19T20:25:41.478313Z,a5a2a9c58f5e65b7986e24c7c64879246d946131,campaigns/p1/pilot_manifest.yaml,d8f56ce20f6f0821d84fd6f36e1f76c855f63f55d809ba9a7201ba52097a43bf,9d360de6e61d901cff3f84c477f367773251103db12386dbb8156bd1ec2addca,/home/luigui/Documents/silva-bruus-multiscattering/.venv/bin/python scripts/run_p1_5_timed_pilot.py --execute,"{""machine"":""x86_64"",""mkl_num_threads"":""1"",""numexpr_num_threads"":""1"",""numpy_version"":""2.5.1"",""omp_num_threads"":""1"",""openblas_num_threads"":""1"",""platform"":""Linux-7.0.0-28-generic-x86_64-with-glibc2.39"",""python_executable"":""/home/luigui/Documents/silva-bruus-multiscattering/.venv/bin/python"",""python_version"":""3.12.3"",""pythonhashseed"":""0"",""scipy_version"":""1.18.0"",""veclib_maximum_threads"":""1""}",1,0.10000000000000001,0.10000000000000001,1,0,false,1,rigid,exp(-i omega t),2,1,resource_pilot,1.05,0,0,2.1000000000000001,2.1000000000000001,35c18368ed60abca1eef89b8aeeb1f09b16a455ce330dc4b04a08155543fb053,B_E,external_scattered,4,25,10,20,balanced_sqrt,-1.1912578146218209,1.536771020338153e-16,0,-1.1912578146218209,1.536771020338153e-16,0,0.027603606227959959,0.032883011630800874,true,,false,true,true,false,convergence,unconfirmed_at_21,unconfirmed_at_21,resource_pilot,false
1.0.0,p1_dimer_resource_pilot,p1_pilot_rigid_ka010_d0210_t000,d97b7c88e857e92b1bdf3ec3b8418ca3ce4339ecd4cb57436fca988016901f61,development,2026-08-19T20:17:27.345044Z,2026-08-19T20:25:41.478313Z,a5a2a9c58f5e65b7986e24c7c64879246d946131,campaigns/p1/pilot_manifest.yaml,d8f56ce20f6f0821d84fd6f36e1f76c855f63f55d809ba9a7201ba52097a43bf,9d360de6e61d901cff3f84c477f367773251103db12386dbb8156bd1ec2addca,/home/luigui/Documents/silva-bruus-multiscattering/.venv/bin/python scripts/run_p1_5_timed_pilot.py --execute,"{""machine"":""x86_64"",""mkl_num_threads"":""1"",""numexpr_num_threads"":""1"",""numpy_version"":""2.5.1"",""omp_num_threads"":""1"",""openblas_num_threads"":""1"",""platform"":""Linux-7.0.0-28-generic-x86_64-with-glibc2.39"",""python_executable"":""/home/luigui/Documents/silva-bruus-multiscattering/.venv/bin/python"",""python_version"":""3.12.3"",""pythonhashseed"":""0"",""scipy_version"":""1.18.0"",""veclib_maximum_threads"":""1""}",1,0.10000000000000001,0.10000000000000001,1,0,false,1,rigid,exp(-i omega t),2,0,resource_pilot,-1.05,-0,-0,2.1000000000000001,2.1000000000000001,35c18368ed60abca1eef89b8aeeb1f09b16a455ce330dc4b04a08155543fb053,B_E,scattered_scattered,4,25,10,20,balanced_sqrt,0.24940575369009452,2.2652036806060187e-18,0,0.24940575369009452,2.2652036806060187e-18,0,0.3292607146173423,0.082119516689677374,true,,false,true,true,false,convergence,unconfirmed_at_21,unconfirmed_at_21,resource_pilot,false
1.0.0,p1_dimer_resource_pilot,p1_pilot_rigid_ka010_d0210_t000,d97b7c88e857e92b1bdf3ec3b8418ca3ce4339ecd4cb57436fca988016901f61,development,2026-08-19T20:17:27.345044Z,2026-08-19T20:25:41.478313Z,a5a2a9c58f5e65b7986e24c7c64879246d946131,campaigns/p1/pilot_manifest.yaml,d8f56ce20f6f0821d84fd6f36e1f76c855f63f55d809ba9a7201ba52097a43bf,9d360de6e61d901cff3f84c477f367773251103db12386dbb8156bd1ec2addca,/home/luigui/Documents/silva-bruus-multiscattering/.venv/bin/python scripts/run_p1_5_timed_pilot.py --execute,"{""machine"":""x86_64"",""mkl_num_threads"":""1"",""numexpr_num_threads"":""1"",""numpy_version"":""2.5.1"",""omp_num_threads"":""1"",""openblas_num_threads"":""1"",""platform"":""Linux-7.0.0-28-generic-x86_64-with-glibc2.39"",""python_executable"":""/home/luigui/Documents/silva-bruus-multiscattering/.venv/bin/python"",""python_version"":""3.12.3"",""pythonhashseed"":""0"",""scipy_version"":""1.18.0"",""veclib_maximum_threads"":""1""}",1,0.10000000000000001,0.10000000000000001,1,0,false,1,rigid,exp(-i omega t),2,1,resource_pilot,1.05,0,0,2.1000000000000001,2.1000000000000001,35c18368ed60abca1eef89b8aeeb1f09b16a455ce330dc4b04a08155543fb053,B_E,scattered_scattered,4,25,10,20,balanced_sqrt,-0.24940575369009452,3.2454144402692797e-17,0,-0.24940575369009452,3.2454144402692797e-17,0,0.3292607146173423,0.082119516689677374,true,,false,true,true,false,convergence,unconfirmed_at_21,unconfirmed_at_21,resource_pilot,false
1.0.0,p1_dimer_resource_pilot,p1_pilot_rigid_ka010_d0210_t000,d97b7c88e857e92b1bdf3ec3b8418ca3ce4339ecd4cb57436fca988016901f61,development,2026-08-19T20:17:27.345044Z,2026-08-19T20:25:41.478313Z,a5a2a9c58f5e65b7986e24c7c64879246d946131,campaigns/p1/pilot_manifest.yaml,d8f56ce20f6f0821d84fd6f36e1f76c855f63f55d809ba9a7201ba52097a43bf,9d360de6e61d901cff3f84c477f367773251103db12386dbb8156bd1ec2addca,/home/luigui/Documents/silva-bruus-multiscattering/.venv/bin/python scripts/run_p1_5_timed_pilot.py --execute,"{""machine"":""x86_64"",""mkl_num_threads"":""1"",""numexpr_num_threads"":""1"",""numpy_version"":""2.5.1"",""omp_num_threads"":""1"",""openblas_num_threads"":""1"",""platform"":""Linux-7.0.0-28-generic-x86_64-with-glibc2.39"",""python_executable"":""/home/luigui/Documents/silva-bruus-multiscattering/.venv/bin/python"",""python_version"":""3.12.3"",""pythonhashseed"":""0"",""scipy_version"":""1.18.0"",""veclib_maximum_threads"":""1""}",1,0.10000000000000001,0.10000000000000001,1,0,false,1,rigid,exp(-i omega t),2,0,resource_pilot,-1.05,-0,-0,2.1000000000000001,2.1000000000000001,35c18368ed60abca1eef89b8aeeb1f09b16a455ce330dc4b04a08155543fb053,B_E,total,5,36,15,30,balanced_sqrt,1.5109770471833026,1.458730117822895e-17,0,1.5109770471833026,1.458730117822895e-17,0,0.046535107202629038,0.070313478871386836,true,,false,true,true,false,convergence,unconfirmed_at_21,unconfirmed_at_21,resource_pilot,false
1.0.0,p1_dimer_resource_pilot,p1_pilot_rigid_ka010_d0210_t000,d97b7c88e857e92b1bdf3ec3b8418ca3ce4339ecd4cb57436fca988016901f61,development,2026-08-19T20:17:27.345044Z,2026-08-19T20:25:41.478313Z,a5a2a9c58f5e65b7986e24c7c64879246d946131,campaigns/p1/pilot_manifest.yaml,d8f56ce20f6f0821d84fd6f36e1f76c855f63f55d809ba9a7201ba52097a43bf,9d360de6e61d901cff3f84c477f367773251103db12386dbb8156bd1ec2addca,/home/luigui/Documents/silva-bruus-multiscattering/.venv/bin/python scripts/run_p1_5_timed_pilot.py --execute,"{""machine"":""x86_64"",""mkl_num_threads"":""1"",""numexpr_num_threads"":""1"",""numpy_version"":""2.5.1"",""omp_num_threads"":""1"",""openblas_num_threads"":""1"",""platform"":""Linux-7.0.0-28-generic-x86_64-with-glibc2.39"",""python_executable"":""/home/luigui/Documents/silva-bruus-multiscattering/.venv/bin/python"",""python_version"":""3.12.3"",""pythonhashseed"":""0"",""scipy_version"":""1.18.0"",""veclib_maximum_threads"":""1""}",1,0.10000000000000001,0.10000000000000001,1,0,false,1,rigid,exp(-i omega t),2,1,resource_pilot,1.05,0,0,2.1000000000000001,2.1000000000000001,35c18368ed60abca1eef89b8aeeb1f09b16a455ce330dc4b04a08155543fb053,B_E,total,5,36,15,30,balanced_sqrt,-1.5109770471833019,1.9981288581249469e-16,0,-1.5109770471833019,1.9981288581249469e-16,0,0.046535107202629038,0.070313478871386836,true,,false,true,true,false,convergence,unconfirmed_at_21,unconfirmed_at_21,resource_pilot,false
1.0.0,p1_dimer_resource_pilot,p1_pilot_rigid_ka010_d0210_t000,d97b7c88e857e92b1bdf3ec3b8418ca3ce4339ecd4cb57436fca988016901f61,development,2026-08-19T20:17:27.345044Z,2026-08-19T20:25:41.478313Z,a5a2a9c58f5e65b7986e24c7c64879246d946131,campaigns/p1/pilot_manifest.yaml,d8f56ce20f6f0821d84fd6f36e1f76c855f63f55d809ba9a7201ba52097a43bf,9d360de6e61d901cff3f84c477f367773251103db12386dbb8156bd1ec2addca,/home/luigui/Documents/silva-bruus-multiscattering/.venv/bin/python scripts/run_p1_5_timed_pilot.py --execute,"{""machine"":""x86_64"",""mkl_num_threads"":""1"",""numexpr_num_threads"":""1"",""numpy_version"":""2.5.1"",""omp_num_threads"":""1"",""openblas_num_threads"":""1"",""platform"":""Linux-7.0.0-28-generic-x86_64-with-glibc2.39"",""python_executable"":""/home/luigui/Documents/silva-bruus-multiscattering/.venv/bin/python"",""python_version"":""3.12.3"",""pythonhashseed"":""0"",""scipy_version"":""1.18.0"",""veclib_maximum_threads"":""1""}",1,0.10000000000000001,0.10000000000000001,1,0,false,1,rigid,exp(-i omega t),2,0,resource_pilot,-1.05,-0,-0,2.1000000000000001,2.1000000000000001,35c18368ed60abca1eef89b8aeeb1f09b16a455ce330dc4b04a08155543fb053,B_E,interaction,5,36,15,30,balanced_sqrt,1.5109770471833026,1.458730117822895e-17,0,1.5109770471833026,1.458730117822895e-17,0,0.046535107202629038,0.070313478871386836,true,,false,true,true,false,convergence,unconfirmed_at_21,unconfirmed_at_21,resource_pilot,false
1.0.0,p1_dimer_resource_pilot,p1_pilot_rigid_ka010_d0210_t000,d97b7c88e857e92b1bdf3ec3b8418ca3ce4339ecd4cb57436fca988016901f61,development,2026-08-19T20:17:27.345044Z,2026-08-19T20:25:41.478313Z,a5a2a9c58f5e65b7986e24c7c64879246d946131,campaigns/p1/pilot_manifest.yaml,d8f56ce20f6f0821d84fd6f36e1f76c855f63f55d809ba9a7201ba52097a43bf,9d360de6e61d901cff3f84c477f367773251103db12386dbb8156bd1ec2addca,/home/luigui/Documents/silva-bruus-multiscattering/.venv/bin/python scripts/run_p1_5_timed_pilot.py --execute,"{""machine"":""x86_64"",""mkl_num_threads"":""1"",""numexpr_num_threads"":""1"",""numpy_version"":""2.5.1"",""omp_num_threads"":""1"",""openblas_num_threads"":""1"",""platform"":""Linux-7.0.0-28-generic-x86_64-with-glibc2.39"",""python_executable"":""/home/luigui/Documents/silva-bruus-multiscattering/.venv/bin/python"",""python_version"":""3.12.3"",""pythonhashseed"":""0"",""scipy_version"":""1.18.0"",""veclib_maximum_threads"":""1""}",1,0.10000000000000001,0.10000000000000001,1,0,false,1,rigid,exp(-i omega t),2,1,resource_pilot,1.05,0,0,2.1000000000000001,2.1000000000000001,35c18368ed60abca1eef89b8aeeb1f09b16a455ce330dc4b04a08155543fb053,B_E,interaction,5,36,15,30,balanced_sqrt,-1.5109770471833019,1.9981288581249469e-16,0,-1.5109770471833019,1.9981288581249469e-16,0,0.046535107202629038,0.070313478871386836,true,,false,true,true,false,convergence,unconfirmed_at_21,unconfirmed_at_21,resource_pilot,false
1.0.0,p1_dimer_resource_pilot,p1_pilot_rigid_ka010_d0210_t000,d97b7c88e857e92b1bdf3ec3b8418ca3ce4339ecd4cb57436fca988016901f61,development,2026-08-19T20:17:27.345044Z,2026-08-19T20:25:41.478313Z,a5a2a9c58f5e65b7986e24c7c64879246d946131,campaigns/p1/pilot_manifest.yaml,d8f56ce20f6f0821d84fd6f36e1f76c855f63f55d809ba9a7201ba52097a43bf,9d360de6e61d901cff3f84c477f367773251103db12386dbb8156bd1ec2addca,/home/luigui/Documents/silva-bruus-multiscattering/.venv/bin/python scripts/run_p1_5_timed_pilot.py --execute,"{""machine"":""x86_64"",""mkl_num_threads"":""1"",""numexpr_num_threads"":""1"",""numpy_version"":""2.5.1"",""omp_num_threads"":""1"",""openblas_num_threads"":""1"",""platform"":""Linux-7.0.0-28-generic-x86_64-with-glibc2.39"",""python_executable"":""/home/luigui/Documents/silva-bruus-multiscattering/.venv/bin/python"",""python_version"":""3.12.3"",""pythonhashseed"":""0"",""scipy_version"":""1.18.0"",""veclib_maximum_threads"":""1""}",1,0.10000000000000001,0.10000000000000001,1,0,false,1,rigid,exp(-i omega t),2,0,resource_pilot,-1.05,-0,-0,2.1000000000000001,2.1000000000000001,35c18368ed60abca1eef89b8aeeb1f09b16a455ce330dc4b04a08155543fb053,B_E,external_scattered,5,36,15,30,balanced_sqrt,1.2077281905376389,1.1216261020791361e-17,0,1.2077281905376389,1.1216261020791361e-17,0,0.013637485689959461,0.016470375915817681,true,,false,true,true,false,convergence,unconfirmed_at_21,unconfirmed_at_21,resource_pilot,false
1.0.0,p1_dimer_resource_pilot,p1_pilot_rigid_ka010_d0210_t000,d97b7c88e857e92b1bdf3ec3b8418ca3ce4339ecd4cb57436fca988016901f61,development,2026-08-19T20:17:27.345044Z,2026-08-19T20:25:41.478313Z,a5a2a9c58f5e65b7986e24c7c64879246d946131,campaigns/p1/pilot_manifest.yaml,d8f56ce20f6f0821d84fd6f36e1f76c855f63f55d809ba9a7201ba52097a43bf,9d360de6e61d901cff3f84c477f367773251103db12386dbb8156bd1ec2addca,/home/luigui/Documents/silva-bruus-multiscattering/.venv/bin/python scripts/run_p1_5_timed_pilot.py --execute,"{""machine"":""x86_64"",""mkl_num_threads"":""1"",""numexpr_num_threads"":""1"",""numpy_version"":""2.5.1"",""omp_num_threads"":""1"",""openblas_num_threads"":""1"",""platform"":""Linux-7.0.0-28-generic-x86_64-with-glibc2.39"",""python_executable"":""/home/luigui/Documents/silva-bruus-multiscattering/.venv/bin/python"",""python_version"":""3.12.3"",""pythonhashseed"":""0"",""scipy_version"":""1.18.0"",""veclib_maximum_threads"":""1""}",1,0.10000000000000001,0.10000000000000001,1,0,false,1,rigid,exp(-i omega t),2,1,resource_pilot,1.05,0,0,2.1000000000000001,2.1000000000000001,35c18368ed60abca1eef89b8aeeb1f09b16a455ce330dc4b04a08155543fb053,B_E,external_scattered,5,36,15,30,balanced_sqrt,-1.2077281905376385,1.5905899409177468e-16,0,-1.2077281905376385,1.5905899409177468e-16,0,0.013637485689959461,0.016470375915817681,true,,false,true,true,false,convergence,unconfirmed_at_21,unconfirmed_at_21,resource_pilot,false
1.0.0,p1_dimer_resource_pilot,p1_pilot_rigid_ka010_d0210_t000,d97b7c88e857e92b1bdf3ec3b8418ca3ce4339ecd4cb57436fca988016901f61,development,2026-08-19T20:17:27.345044Z,2026-08-19T20:25:41.478313Z,a5a2a9c58f5e65b7986e24c7c64879246d946131,campaigns/p1/pilot_manifest.yaml,d8f56ce20f6f0821d84fd6f36e1f76c855f63f55d809ba9a7201ba52097a43bf,9d360de6e61d901cff3f84c477f367773251103db12386dbb8156bd1ec2addca,/home/luigui/Documents/silva-bruus-multiscattering/.venv/bin/python scripts/run_p1_5_timed_pilot.py --execute,"{""machine"":""x86_64"",""mkl_num_threads"":""1"",""numexpr_num_threads"":""1"",""numpy_version"":""2.5.1"",""omp_num_threads"":""1"",""openblas_num_threads"":""1"",""platform"":""Linux-7.0.0-28-generic-x86_64-with-glibc2.39"",""python_executable"":""/home/luigui/Documents/silva-bruus-multiscattering/.venv/bin/python"",""python_version"":""3.12.3"",""pythonhashseed"":""0"",""scipy_version"":""1.18.0"",""veclib_maximum_threads"":""1""}",1,0.10000000000000001,0.10000000000000001,1,0,false,1,rigid,exp(-i omega t),2,0,resource_pilot,-1.05,-0,-0,2.1000000000000001,2.1000000000000001,35c18368ed60abca1eef89b8aeeb1f09b16a455ce330dc4b04a08155543fb053,B_E,scattered_scattered,5,36,15,30,balanced_sqrt,0.30324885664566364,3.3710401574375886e-18,0,0.30324885664566364,3.3710401574375886e-18,0,0.17755418289501748,0.0538431029555691,true,,false,true,true,false,convergence,unconfirmed_at_21,unconfirmed_at_21,resource_pilot,false
1.0.0,p1_dimer_resource_pilot,p1_pilot_rigid_ka010_d0210_t000,d97b7c88e857e92b1bdf3ec3b8418ca3ce4339ecd4cb57436fca988016901f61,development,2026-08-19T20:17:27.345044Z,2026-08-19T20:25:41.478313Z,a5a2a9c58f5e65b7986e24c7c64879246d946131,campaigns/p1/pilot_manifest.yaml,d8f56ce20f6f0821d84fd6f36e1f76c855f63f55d809ba9a7201ba52097a43bf,9d360de6e61d901cff3f84c477f367773251103db12386dbb8156bd1ec2addca,/home/luigui/Documents/silva-bruus-multiscattering/.venv/bin/python scripts/run_p1_5_timed_pilot.py --execute,"{""machine"":""x86_64"",""mkl_num_threads"":""1"",""numexpr_num_threads"":""1"",""numpy_version"":""2.5.1"",""omp_num_threads"":""1"",""openblas_num_threads"":""1"",""platform"":""Linux-7.0.0-28-generic-x86_64-with-glibc2.39"",""python_executable"":""/home/luigui/Documents/silva-bruus-multiscattering/.venv/bin/python"",""python_version"":""3.12.3"",""pythonhashseed"":""0"",""scipy_version"":""1.18.0"",""veclib_maximum_threads"":""1""}",1,0.10000000000000001,0.10000000000000001,1,0,false,1,rigid,exp(-i omega t),2,1,resource_pilot,1.05,0,0,2.1000000000000001,2.1000000000000001,35c18368ed60abca1eef89b8aeeb1f09b16a455ce330dc4b04a08155543fb053,B_E,scattered_scattered,5,36,15,30,balanced_sqrt,-0.30324885664566359,4.0753891720720031e-17,0,-0.30324885664566359,4.0753891720720031e-17,0,0.17755418289501748,0.0538431029555691,true,,false,true,true,false,convergence,unconfirmed_at_21,unconfirmed_at_21,resource_pilot,false
1.0.0,p1_dimer_resource_pilot,p1_pilot_rigid_ka010_d0210_t000,d97b7c88e857e92b1bdf3ec3b8418ca3ce4339ecd4cb57436fca988016901f61,development,2026-08-19T20:17:27.345044Z,2026-08-19T20:25:41.478313Z,a5a2a9c58f5e65b7986e24c7c64879246d946131,campaigns/p1/pilot_manifest.yaml,d8f56ce20f6f0821d84fd6f36e1f76c855f63f55d809ba9a7201ba52097a43bf,9d360de6e61d901cff3f84c477f367773251103db12386dbb8156bd1ec2addca,/home/luigui/Documents/silva-bruus-multiscattering/.venv/bin/python scripts/run_p1_5_timed_pilot.py --execute,"{""machine"":""x86_64"",""mkl_num_threads"":""1"",""numexpr_num_threads"":""1"",""numpy_version"":""2.5.1"",""omp_num_threads"":""1"",""openblas_num_threads"":""1"",""platform"":""Linux-7.0.0-28-generic-x86_64-with-glibc2.39"",""python_executable"":""/home/luigui/Documents/silva-bruus-multiscattering/.venv/bin/python"",""python_version"":""3.12.3"",""pythonhashseed"":""0"",""scipy_version"":""1.18.0"",""veclib_maximum_threads"":""1""}",1,0.10000000000000001,0.10000000000000001,1,0,false,1,rigid,exp(-i omega t),2,0,resource_pilot,-1.05,-0,-0,2.1000000000000001,2.1000000000000001,35c18368ed60abca1eef89b8aeeb1f09b16a455ce330dc4b04a08155543fb053,B_E,total,6,49,21,42,balanced_sqrt,1.5504857013814624,1.8344965020631023e-17,0,1.5504857013814624,1.8344965020631023e-17,0,0.025481469556899672,0.039508654198159965,true,,false,true,true,false,convergence,unconfirmed_at_21,unconfirmed_at_21,resource_pilot,false
1.0.0,p1_dimer_resource_pilot,p1_pilot_rigid_ka010_d0210_t000,d97b7c88e857e92b1bdf3ec3b8418ca3ce4339ecd4cb57436fca988016901f61,development,2026-08-19T20:17:27.345044Z,2026-08-19T20:25:41.478313Z,a5a2a9c58f5e65b7986e24c7c64879246d946131,campaigns/p1/pilot_manifest.yaml,d8f56ce20f6f0821d84fd6f36e1f76c855f63f55d809ba9a7201ba52097a43bf,9d360de6e61d901cff3f84c477f367773251103db12386dbb8156bd1ec2addca,/home/luigui/Documents/silva-bruus-multiscattering/.venv/bin/python scripts/run_p1_5_timed_pilot.py --execute,"{""machine"":""x86_64"",""mkl_num_threads"":""1"",""numexpr_num_threads"":""1"",""numpy_version"":""2.5.1"",""omp_num_threads"":""1"",""openblas_num_threads"":""1"",""platform"":""Linux-7.0.0-28-generic-x86_64-with-glibc2.39"",""python_executable"":""/home/luigui/Documents/silva-bruus-multiscattering/.venv/bin/python"",""python_version"":""3.12.3"",""pythonhashseed"":""0"",""scipy_version"":""1.18.0"",""veclib_maximum_threads"":""1""}",1,0.10000000000000001,0.10000000000000001,1,0,false,1,rigid,exp(-i omega t),2,1,resource_pilot,1.05,0,0,2.1000000000000001,2.1000000000000001,35c18368ed60abca1eef89b8aeeb1f09b16a455ce330dc4b04a08155543fb053,B_E,total,6,49,21,42,balanced_sqrt,-1.5504857013814621,2.0609360571972169e-16,0,-1.5504857013814621,2.0609360571972169e-16,0,0.025481469556899672,0.039508654198159965,true,,false,true,true,false,convergence,unconfirmed_at_21,unconfirmed_at_21,resource_pilot,false
1.0.0,p1_dimer_resource_pilot,p1_pilot_rigid_ka010_d0210_t000,d97b7c88e857e92b1bdf3ec3b8418ca3ce4339ecd4cb57436fca988016901f61,development,2026-08-19T20:17:27.345044Z,2026-08-19T20:25:41.478313Z,a5a2a9c58f5e65b7986e24c7c64879246d946131,campaigns/p1/pilot_manifest.yaml,d8f56ce20f6f0821d84fd6f36e1f76c855f63f55d809ba9a7201ba52097a43bf,9d360de6e61d901cff3f84c477f367773251103db12386dbb8156bd1ec2addca,/home/luigui/Documents/silva-bruus-multiscattering/.venv/bin/python scripts/run_p1_5_timed_pilot.py --execute,"{""machine"":""x86_64"",""mkl_num_threads"":""1"",""numexpr_num_threads"":""1"",""numpy_version"":""2.5.1"",""omp_num_threads"":""1"",""openblas_num_threads"":""1"",""platform"":""Linux-7.0.0-28-generic-x86_64-with-glibc2.39"",""python_executable"":""/home/luigui/Documents/silva-bruus-multiscattering/.venv/bin/python"",""python_version"":""3.12.3"",""pythonhashseed"":""0"",""scipy_version"":""1.18.0"",""veclib_maximum_threads"":""1""}",1,0.10000000000000001,0.10000000000000001,1,0,false,1,rigid,exp(-i omega t),2,0,resource_pilot,-1.05,-0,-0,2.1000000000000001,2.1000000000000001,35c18368ed60abca1eef89b8aeeb1f09b16a455ce330dc4b04a08155543fb053,B_E,interaction,6,49,21,42,balanced_sqrt,1.5504857013814624,1.8344965020631023e-17,0,1.5504857013814624,1.8344965020631023e-17,0,0.025481469556899672,0.039508654198159965,true,,false,true,true,false,convergence,unconfirmed_at_21,unconfirmed_at_21,resource_pilot,false
1.0.0,p1_dimer_resource_pilot,p1_pilot_rigid_ka010_d0210_t000,d97b7c88e857e92b1bdf3ec3b8418ca3ce4339ecd4cb57436fca988016901f61,development,2026-08-19T20:17:27.345044Z,2026-08-19T20:25:41.478313Z,a5a2a9c58f5e65b7986e24c7c64879246d946131,campaigns/p1/pilot_manifest.yaml,d8f56ce20f6f0821d84fd6f36e1f76c855f63f55d809ba9a7201ba52097a43bf,9d360de6e61d901cff3f84c477f367773251103db12386dbb8156bd1ec2addca,/home/luigui/Documents/silva-bruus-multiscattering/.venv/bin/python scripts/run_p1_5_timed_pilot.py --execute,"{""machine"":""x86_64"",""mkl_num_threads"":""1"",""numexpr_num_threads"":""1"",""numpy_version"":""2.5.1"",""omp_num_threads"":""1"",""openblas_num_threads"":""1"",""platform"":""Linux-7.0.0-28-generic-x86_64-with-glibc2.39"",""python_executable"":""/home/luigui/Documents/silva-bruus-multiscattering/.venv/bin/python"",""python_version"":""3.12.3"",""pythonhashseed"":""0"",""scipy_version"":""1.18.0"",""veclib_maximum_threads"":""1""}",1,0.10000000000000001,0.10000000000000001,1,0,false,1,rigid,exp(-i omega t),2,1,resource_pilot,1.05,0,0,2.1000000000000001,2.1000000000000001,35c18368ed60abca1eef89b8aeeb1f09b16a455ce330dc4b04a08155543fb053,B_E,interaction,6,49,21,42,balanced_sqrt,-1.5504857013814621,2.0609360571972169e-16,0,-1.5504857013814621,2.0609360571972169e-16,0,0.025481469556899672,0.039508654198159965,true,,false,true,true,false,convergence,unconfirmed_at_21,unconfirmed_at_21,resource_pilot,false
1.0.0,p1_dimer_resource_pilot,p1_pilot_rigid_ka010_d0210_t000,d97b7c88e857e92b1bdf3ec3b8418ca3ce4339ecd4cb57436fca988016901f61,development,2026-08-19T20:17:27.345044Z,2026-08-19T20:25:41.478313Z,a5a2a9c58f5e65b7986e24c7c64879246d946131,campaigns/p1/pilot_manifest.yaml,d8f56ce20f6f0821d84fd6f36e1f76c855f63f55d809ba9a7201ba52097a43bf,9d360de6e61d901cff3f84c477f367773251103db12386dbb8156bd1ec2addca,/home/luigui/Documents/silva-bruus-multiscattering/.venv/bin/python scripts/run_p1_5_timed_pilot.py --execute,"{""machine"":""x86_64"",""mkl_num_threads"":""1"",""numexpr_num_threads"":""1"",""numpy_version"":""2.5.1"",""omp_num_threads"":""1"",""openblas_num_threads"":""1"",""platform"":""Linux-7.0.0-28-generic-x86_64-with-glibc2.39"",""python_executable"":""/home/luigui/Documents/silva-bruus-multiscattering/.venv/bin/python"",""python_version"":""3.12.3"",""pythonhashseed"":""0"",""scipy_version"":""1.18.0"",""veclib_maximum_threads"":""1""}",1,0.10000000000000001,0.10000000000000001,1,0,false,1,rigid,exp(-i omega t),2,0,resource_pilot,-1.05,-0,-0,2.1000000000000001,2.1000000000000001,35c18368ed60abca1eef89b8aeeb1f09b16a455ce330dc4b04a08155543fb053,B_E,external_scattered,6,49,21,42,balanced_sqrt,1.2156289893417318,1.3150389607058549e-17,0,1.2156289893417318,1.3150389607058549e-17,0,0.0064993504378103289,0.0079007988040931121,true,,false,true,true,false,convergence,unconfirmed_at_21,unconfirmed_at_21,resource_pilot,false
1.0.0,p1_dimer_resource_pilot,p1_pilot_rigid_ka010_d0210_t000,d97b7c88e857e92b1bdf3ec3b8418ca3ce4339ecd4cb57436fca988016901f61,development,2026-08-19T20:17:27.345044Z,2026-08-19T20:25:41.478313Z,a5a2a9c58f5e65b7986e24c7c64879246d946131,campaigns/p1/pilot_manifest.yaml,d8f56ce20f6f0821d84fd6f36e1f76c855f63f55d809ba9a7201ba52097a43bf,9d360de6e61d901cff3f84c477f367773251103db12386dbb8156bd1ec2addca,/home/luigui/Documents/silva-bruus-multiscattering/.venv/bin/python scripts/run_p1_5_timed_pilot.py --execute,"{""machine"":""x86_64"",""mkl_num_threads"":""1"",""numexpr_num_threads"":""1"",""numpy_version"":""2.5.1"",""omp_num_threads"":""1"",""openblas_num_threads"":""1"",""platform"":""Linux-7.0.0-28-generic-x86_64-with-glibc2.39"",""python_executable"":""/home/luigui/Documents/silva-bruus-multiscattering/.venv/bin/python"",""python_version"":""3.12.3"",""pythonhashseed"":""0"",""scipy_version"":""1.18.0"",""veclib_maximum_threads"":""1""}",1,0.10000000000000001,0.10000000000000001,1,0,false,1,rigid,exp(-i omega t),2,1,resource_pilot,1.05,0,0,2.1000000000000001,2.1000000000000001,35c18368ed60abca1eef89b8aeeb1f09b16a455ce330dc4b04a08155543fb053,B_E,external_scattered,6,49,21,42,balanced_sqrt,-1.2156289893417318,1.6036348332176545e-16,0,-1.2156289893417318,1.6036348332176545e-16,0,0.0064993504378103289,0.0079007988040931121,true,,false,true,true,false,convergence,unconfirmed_at_21,unconfirmed_at_21,resource_pilot,false
1.0.0,p1_dimer_resource_pilot,p1_pilot_rigid_ka010_d0210_t000,d97b7c88e857e92b1bdf3ec3b8418ca3ce4339ecd4cb57436fca988016901f61,development,2026-08-19T20:17:27.345044Z,2026-08-19T20:25:41.478313Z,a5a2a9c58f5e65b7986e24c7c64879246d946131,campaigns/p1/pilot_manifest.yaml,d8f56ce20f6f0821d84fd6f36e1f76c855f63f55d809ba9a7201ba52097a43bf,9d360de6e61d901cff3f84c477f367773251103db12386dbb8156bd1ec2addca,/home/luigui/Documents/silva-bruus-multiscattering/.venv/bin/python scripts/run_p1_5_timed_pilot.py --execute,"{""machine"":""x86_64"",""mkl_num_threads"":""1"",""numexpr_num_threads"":""1"",""numpy_version"":""2.5.1"",""omp_num_threads"":""1"",""openblas_num_threads"":""1"",""platform"":""Linux-7.0.0-28-generic-x86_64-with-glibc2.39"",""python_executable"":""/home/luigui/Documents/silva-bruus-multiscattering/.venv/bin/python"",""python_version"":""3.12.3"",""pythonhashseed"":""0"",""scipy_version"":""1.18.0"",""veclib_maximum_threads"":""1""}",1,0.10000000000000001,0.10000000000000001,1,0,false,1,rigid,exp(-i omega t),2,0,resource_pilot,-1.05,-0,-0,2.1000000000000001,2.1000000000000001,35c18368ed60abca1eef89b8aeeb1f09b16a455ce330dc4b04a08155543fb053,B_E,scattered_scattered,6,49,21,42,balanced_sqrt,0.33485671203973044,5.1945754135724744e-18,0,0.33485671203973044,5.1945754135724744e-18,0,0.09439218106614071,0.031607855394066769,true,,false,true,true,false,convergence,unconfirmed_at_21,unconfirmed_at_21,resource_pilot,false
1.0.0,p1_dimer_resource_pilot,p1_pilot_rigid_ka010_d0210_t000,d97b7c88e857e92b1bdf3ec3b8418ca3ce4339ecd4cb57436fca988016901f61,development,2026-08-19T20:17:27.345044Z,2026-08-19T20:25:41.478313Z,a5a2a9c58f5e65b7986e24c7c64879246d946131,campaigns/p1/pilot_manifest.yaml,d8f56ce20f6f0821d84fd6f36e1f76c855f63f55d809ba9a7201ba52097a43bf,9d360de6e61d901cff3f84c477f367773251103db12386dbb8156bd1ec2addca,/home/luigui/Documents/silva-bruus-multiscattering/.venv/bin/python scripts/run_p1_5_timed_pilot.py --execute,"{""machine"":""x86_64"",""mkl_num_threads"":""1"",""numexpr_num_threads"":""1"",""numpy_version"":""2.5.1"",""omp_num_threads"":""1"",""openblas_num_threads"":""1"",""platform"":""Linux-7.0.0-28-generic-x86_64-with-glibc2.39"",""python_executable"":""/home/luigui/Documents/silva-bruus-multiscattering/.venv/bin/python"",""python_version"":""3.12.3"",""pythonhashseed"":""0"",""scipy_version"":""1.18.0"",""veclib_maximum_threads"":""1""}",1,0.10000000000000001,0.10000000000000001,1,0,false,1,rigid,exp(-i omega t),2,1,resource_pilot,1.05,0,0,2.1000000000000001,2.1000000000000001,35c18368ed60abca1eef89b8aeeb1f09b16a455ce330dc4b04a08155543fb053,B_E,scattered_scattered,6,49,21,42,balanced_sqrt,-0.33485671203973033,4.5730122397956228e-17,0,-0.33485671203973033,4.5730122397956228e-17,0,0.09439218106614071,0.031607855394066769,true,,false,true,true,false,convergence,unconfirmed_at_21,unconfirmed_at_21,resource_pilot,false
1.0.0,p1_dimer_resource_pilot,p1_pilot_rigid_ka010_d0210_t000,d97b7c88e857e92b1bdf3ec3b8418ca3ce4339ecd4cb57436fca988016901f61,development,2026-08-19T20:17:27.345044Z,2026-08-19T20:25:41.478313Z,a5a2a9c58f5e65b7986e24c7c64879246d946131,campaigns/p1/pilot_manifest.yaml,d8f56ce20f6f0821d84fd6f36e1f76c855f63f55d809ba9a7201ba52097a43bf,9d360de6e61d901cff3f84c477f367773251103db12386dbb8156bd1ec2addca,/home/luigui/Documents/silva-bruus-multiscattering/.venv/bin/python scripts/run_p1_5_timed_pilot.py --execute,"{""machine"":""x86_64"",""mkl_num_threads"":""1"",""numexpr_num_threads"":""1"",""numpy_version"":""2.5.1"",""omp_num_threads"":""1"",""openblas_num_threads"":""1"",""platform"":""Linux-7.0.0-28-generic-x86_64-with-glibc2.39"",""python_executable"":""/home/luigui/Documents/silva-bruus-multiscattering/.venv/bin/python"",""python_version"":""3.12.3"",""pythonhashseed"":""0"",""scipy_version"":""1.18.0"",""veclib_maximum_threads"":""1""}",1,0.10000000000000001,0.10000000000000001,1,0,false,1,rigid,exp(-i omega t),2,0,resource_pilot,-1.05,-0,-0,2.1000000000000001,2.1000000000000001,35c18368ed60abca1eef89b8aeeb1f09b16a455ce330dc4b04a08155543fb053,B_E,total,7,64,28,56,balanced_sqrt,1.5717087715473537,1.8977864533618156e-17,0,1.5717087715473537,1.8977864533618156e-17,0,0.013503182364374741,0.021223070165891311,true,,false,true,true,false,convergence,unconfirmed_at_21,unconfirmed_at_21,resource_pilot,false
1.0.0,p1_dimer_resource_pilot,p1_pilot_rigid_ka010_d0210_t000,d97b7c88e857e92b1bdf3ec3b8418ca3ce4339ecd4cb57436fca988016901f61,development,2026-08-19T20:17:27.345044Z,2026-08-19T20:25:41.478313Z,a5a2a9c58f5e65b7986e24c7c64879246d946131,campaigns/p1/pilot_manifest.yaml,d8f56ce20f6f0821d84fd6f36e1f76c855f63f55d809ba9a7201ba52097a43bf,9d360de6e61d901cff3f84c477f367773251103db12386dbb8156bd1ec2addca,/home/luigui/Documents/silva-bruus-multiscattering/.venv/bin/python scripts/run_p1_5_timed_pilot.py --execute,"{""machine"":""x86_64"",""mkl_num_threads"":""1"",""numexpr_num_threads"":""1"",""numpy_version"":""2.5.1"",""omp_num_threads"":""1"",""openblas_num_threads"":""1"",""platform"":""Linux-7.0.0-28-generic-x86_64-with-glibc2.39"",""python_executable"":""/home/luigui/Documents/silva-bruus-multiscattering/.venv/bin/python"",""python_version"":""3.12.3"",""pythonhashseed"":""0"",""scipy_version"":""1.18.0"",""veclib_maximum_threads"":""1""}",1,0.10000000000000001,0.10000000000000001,1,0,false,1,rigid,exp(-i omega t),2,1,resource_pilot,1.05,0,0,2.1000000000000001,2.1000000000000001,35c18368ed60abca1eef89b8aeeb1f09b16a455ce330dc4b04a08155543fb053,B_E,total,7,64,28,56,balanced_sqrt,-1.5717087715473534,2.0947692146813058e-16,0,-1.5717087715473534,2.0947692146813058e-16,0,0.013503182364374741,0.021223070165891311,true,,false,true,true,false,convergence,unconfirmed_at_21,unconfirmed_at_21,resource_pilot,false
1.0.0,p1_dimer_resource_pilot,p1_pilot_rigid_ka010_d0210_t000,d97b7c88e857e92b1bdf3ec3b8418ca3ce4339ecd4cb57436fca988016901f61,development,2026-08-19T20:17:27.345044Z,2026-08-19T20:25:41.478313Z,a5a2a9c58f5e65b7986e24c7c64879246d946131,campaigns/p1/pilot_manifest.yaml,d8f56ce20f6f0821d84fd6f36e1f76c855f63f55d809ba9a7201ba52097a43bf,9d360de6e61d901cff3f84c477f367773251103db12386dbb8156bd1ec2addca,/home/luigui/Documents/silva-bruus-multiscattering/.venv/bin/python scripts/run_p1_5_timed_pilot.py --execute,"{""machine"":""x86_64"",""mkl_num_threads"":""1"",""numexpr_num_threads"":""1"",""numpy_version"":""2.5.1"",""omp_num_threads"":""1"",""openblas_num_threads"":""1"",""platform"":""Linux-7.0.0-28-generic-x86_64-with-glibc2.39"",""python_executable"":""/home/luigui/Documents/silva-bruus-multiscattering/.venv/bin/python"",""python_version"":""3.12.3"",""pythonhashseed"":""0"",""scipy_version"":""1.18.0"",""veclib_maximum_threads"":""1""}",1,0.10000000000000001,0.10000000000000001,1,0,false,1,rigid,exp(-i omega t),2,0,resource_pilot,-1.05,-0,-0,2.1000000000000001,2.1000000000000001,35c18368ed60abca1eef89b8aeeb1f09b16a455ce330dc4b04a08155543fb053,B_E,interaction,7,64,28,56,balanced_sqrt,1.5717087715473537,1.8977864533618156e-17,0,1.5717087715473537,1.8977864533618156e-17,0,0.013503182364374741,0.021223070165891311,true,,false,true,true,false,convergence,unconfirmed_at_21,unconfirmed_at_21,resource_pilot,false
1.0.0,p1_dimer_resource_pilot,p1_pilot_rigid_ka010_d0210_t000,d97b7c88e857e92b1bdf3ec3b8418ca3ce4339ecd4cb57436fca988016901f61,development,2026-08-19T20:17:27.345044Z,2026-08-19T20:25:41.478313Z,a5a2a9c58f5e65b7986e24c7c64879246d946131,campaigns/p1/pilot_manifest.yaml,d8f56ce20f6f0821d84fd6f36e1f76c855f63f55d809ba9a7201ba52097a43bf,9d360de6e61d901cff3f84c477f367773251103db12386dbb8156bd1ec2addca,/home/luigui/Documents/silva-bruus-multiscattering/.venv/bin/python scripts/run_p1_5_timed_pilot.py --execute,"{""machine"":""x86_64"",""mkl_num_threads"":""1"",""numexpr_num_threads"":""1"",""numpy_version"":""2.5.1"",""omp_num_threads"":""1"",""openblas_num_threads"":""1"",""platform"":""Linux-7.0.0-28-generic-x86_64-with-glibc2.39"",""python_executable"":""/home/luigui/Documents/silva-bruus-multiscattering/.venv/bin/python"",""python_version"":""3.12.3"",""pythonhashseed"":""0"",""scipy_version"":""1.18.0"",""veclib_maximum_threads"":""1""}",1,0.10000000000000001,0.10000000000000001,1,0,false,1,rigid,exp(-i omega t),2,1,resource_pilot,1.05,0,0,2.1000000000000001,2.1000000000000001,35c18368ed60abca1eef89b8aeeb1f09b16a455ce330dc4b04a08155543fb053,B_E,interaction,7,64,28,56,balanced_sqrt,-1.5717087715473534,2.0947692146813058e-16,0,-1.5717087715473534,2.0947692146813058e-16,0,0.013503182364374741,0.021223070165891311,true,,false,true,true,false,convergence,unconfirmed_at_21,unconfirmed_at_21,resource_pilot,false
1.0.0,p1_dimer_resource_pilot,p1_pilot_rigid_ka010_d0210_t000,d97b7c88e857e92b1bdf3ec3b8418ca3ce4339ecd4cb57436fca988016901f61,development,2026-08-19T20:17:27.345044Z,2026-08-19T20:25:41.478313Z,a5a2a9c58f5e65b7986e24c7c64879246d946131,campaigns/p1/pilot_manifest.yaml,d8f56ce20f6f0821d84fd6f36e1f76c855f63f55d809ba9a7201ba52097a43bf,9d360de6e61d901cff3f84c477f367773251103db12386dbb8156bd1ec2addca,/home/luigui/Documents/silva-bruus-multiscattering/.venv/bin/python scripts/run_p1_5_timed_pilot.py --execute,"{""machine"":""x86_64"",""mkl_num_threads"":""1"",""numexpr_num_threads"":""1"",""numpy_version"":""2.5.1"",""omp_num_threads"":""1"",""openblas_num_threads"":""1"",""platform"":""Linux-7.0.0-28-generic-x86_64-with-glibc2.39"",""python_executable"":""/home/luigui/Documents/silva-bruus-multiscattering/.venv/bin/python"",""python_version"":""3.12.3"",""pythonhashseed"":""0"",""scipy_version"":""1.18.0"",""veclib_maximum_threads"":""1""}",1,0.10000000000000001,0.10000000000000001,1,0,false,1,rigid,exp(-i omega t),2,0,resource_pilot,-1.05,-0,-0,2.1000000000000001,2.1000000000000001,35c18368ed60abca1eef89b8aeeb1f09b16a455ce330dc4b04a08155543fb053,B_E,external_scattered,7,64,28,56,balanced_sqrt,1.2192997778501216,1.3298158311749918e-17,0,1.2192997778501216,1.3298158311749918e-17,0,0.0030105709646417855,0.0036707885083897551,true,,false,true,true,false,convergence,unconfirmed_at_21,unconfirmed_at_21,resource_pilot,false
1.0.0,p1_dimer_resource_pilot,p1_pilot_rigid_ka010_d0210_t000,d97b7c88e857e92b1bdf3ec3b8418ca3ce4339ecd4cb57436fca988016901f61,development,2026-08-19T20:17:27.345044Z,2026-08-19T20:25:41.478313Z,a5a2a9c58f5e65b7986e24c7c64879246d946131,campaigns/p1/pilot_manifest.yaml,d8f56ce20f6f0821d84fd6f36e1f76c855f63f55d809ba9a7201ba52097a43bf,9d360de6e61d901cff3f84c477f367773251103db12386dbb8156bd1ec2addca,/home/luigui/Documents/silva-bruus-multiscattering/.venv/bin/python scripts/run_p1_5_timed_pilot.py --execute,"{""machine"":""x86_64"",""mkl_num_threads"":""1"",""numexpr_num_threads"":""1"",""numpy_version"":""2.5.1"",""omp_num_threads"":""1"",""openblas_num_threads"":""1"",""platform"":""Linux-7.0.0-28-generic-x86_64-with-glibc2.39"",""python_executable"":""/home/luigui/Documents/silva-bruus-multiscattering/.venv/bin/python"",""python_version"":""3.12.3"",""pythonhashseed"":""0"",""scipy_version"":""1.18.0"",""veclib_maximum_threads"":""1""}",1,0.10000000000000001,0.10000000000000001,1,0,false,1,rigid,exp(-i omega t),2,1,resource_pilot,1.05,0,0,2.1000000000000001,2.1000000000000001,35c18368ed60abca1eef89b8aeeb1f09b16a455ce330dc4b04a08155543fb053,B_E,external_scattered,7,64,28,56,balanced_sqrt,-1.2192997778501216,1.6066077274645786e-16,0,-1.2192997778501216,1.6066077274645786e-16,0,0.0030105709646417855,0.0036707885083897551,true,,false,true,true,false,convergence,unconfirmed_at_21,unconfirmed_at_21,resource_pilot,false
1.0.0,p1_dimer_resource_pilot,p1_pilot_rigid_ka010_d0210_t000,d97b7c88e857e92b1bdf3ec3b8418ca3ce4339ecd4cb57436fca988016901f61,development,2026-08-19T20:17:27.345044Z,2026-08-19T20:25:41.478313Z,a5a2a9c58f5e65b7986e24c7c64879246d946131,campaigns/p1/pilot_manifest.yaml,d8f56ce20f6f0821d84fd6f36e1f76c855f63f55d809ba9a7201ba52097a43bf,9d360de6e61d901cff3f84c477f367773251103db12386dbb8156bd1ec2addca,/home/luigui/Documents/silva-bruus-multiscattering/.venv/bin/python scripts/run_p1_5_timed_pilot.py --execute,"{""machine"":""x86_64"",""mkl_num_threads"":""1"",""numexpr_num_threads"":""1"",""numpy_version"":""2.5.1"",""omp_num_threads"":""1"",""openblas_num_threads"":""1"",""platform"":""Linux-7.0.0-28-generic-x86_64-with-glibc2.39"",""python_executable"":""/home/luigui/Documents/silva-bruus-multiscattering/.venv/bin/python"",""python_version"":""3.12.3"",""pythonhashseed"":""0"",""scipy_version"":""1.18.0"",""veclib_maximum_threads"":""1""}",1,0.10000000000000001,0.10000000000000001,1,0,false,1,rigid,exp(-i omega t),2,0,resource_pilot,-1.05,-0,-0,2.1000000000000001,2.1000000000000001,35c18368ed60abca1eef89b8aeeb1f09b16a455ce330dc4b04a08155543fb053,B_E,scattered_scattered,7,64,28,56,balanced_sqrt,0.35240899369723211,5.6797062218682374e-18,0,0.35240899369723211,5.6797062218682374e-18,0,0.0498065655855012,0.017552281657501667,true,,false,true,true,false,convergence,unconfirmed_at_21,unconfirmed_at_21,resource_pilot,false
1.0.0,p1_dimer_resource_pilot,p1_pilot_rigid_ka010_d0210_t000,d97b7c88e857e92b1bdf3ec3b8418ca3ce4339ecd4cb57436fca988016901f61,development,2026-08-19T20:17:27.345044Z,2026-08-19T20:25:41.478313Z,a5a2a9c58f5e65b7986e24c7c64879246d946131,campaigns/p1/pilot_manifest.yaml,d8f56ce20f6f0821d84fd6f36e1f76c855f63f55d809ba9a7201ba52097a43bf,9d360de6e61d901cff3f84c477f367773251103db12386dbb8156bd1ec2addca,/home/luigui/Documents/silva-bruus-multiscattering/.venv/bin/python scripts/run_p1_5_timed_pilot.py --execute,"{""machine"":""x86_64"",""mkl_num_threads"":""1"",""numexpr_num_threads"":""1"",""numpy_version"":""2.5.1"",""omp_num_threads"":""1"",""openblas_num_threads"":""1"",""platform"":""Linux-7.0.0-28-generic-x86_64-with-glibc2.39"",""python_executable"":""/home/luigui/Documents/silva-bruus-multiscattering/.venv/bin/python"",""python_version"":""3.12.3"",""pythonhashseed"":""0"",""scipy_version"":""1.18.0"",""veclib_maximum_threads"":""1""}",1,0.10000000000000001,0.10000000000000001,1,0,false,1,rigid,exp(-i omega t),2,1,resource_pilot,1.05,0,0,2.1000000000000001,2.1000000000000001,35c18368ed60abca1eef89b8aeeb1f09b16a455ce330dc4b04a08155543fb053,B_E,scattered_scattered,7,64,28,56,balanced_sqrt,-0.352408993697232,4.881614872167272e-17,0,-0.352408993697232,4.881614872167272e-17,0,0.0498065655855012,0.017552281657501667,true,,false,true,true,false,convergence,unconfirmed_at_21,unconfirmed_at_21,resource_pilot,false
1.0.0,p1_dimer_resource_pilot,p1_pilot_rigid_ka010_d0210_t000,d97b7c88e857e92b1bdf3ec3b8418ca3ce4339ecd4cb57436fca988016901f61,development,2026-08-19T20:17:27.345044Z,2026-08-19T20:25:41.478313Z,a5a2a9c58f5e65b7986e24c7c64879246d946131,campaigns/p1/pilot_manifest.yaml,d8f56ce20f6f0821d84fd6f36e1f76c855f63f55d809ba9a7201ba52097a43bf,9d360de6e61d901cff3f84c477f367773251103db12386dbb8156bd1ec2addca,/home/luigui/Documents/silva-bruus-multiscattering/.venv/bin/python scripts/run_p1_5_timed_pilot.py --execute,"{""machine"":""x86_64"",""mkl_num_threads"":""1"",""numexpr_num_threads"":""1"",""numpy_version"":""2.5.1"",""omp_num_threads"":""1"",""openblas_num_threads"":""1"",""platform"":""Linux-7.0.0-28-generic-x86_64-with-glibc2.39"",""python_executable"":""/home/luigui/Documents/silva-bruus-multiscattering/.venv/bin/python"",""python_version"":""3.12.3"",""pythonhashseed"":""0"",""scipy_version"":""1.18.0"",""veclib_maximum_threads"":""1""}",1,0.10000000000000001,0.10000000000000001,1,0,false,1,rigid,exp(-i omega t),2,0,resource_pilot,-1.05,-0,-0,2.1000000000000001,2.1000000000000001,35c18368ed60abca1eef89b8aeeb1f09b16a455ce330dc4b04a08155543fb053,B_E,total,8,81,36,72,balanced_sqrt,1.5828851036440639,2.3347868086613987e-17,0,1.5828851036440639,2.3347868086613987e-17,0,0.0070607349017187343,0.011176332096710317,true,,false,true,true,false,convergence,unconfirmed_at_21,unconfirmed_at_21,resource_pilot,false
1.0.0,p1_dimer_resource_pilot,p1_pilot_rigid_ka010_d0210_t000,d97b7c88e857e92b1bdf3ec3b8418ca3ce4339ecd4cb57436fca988016901f61,development,2026-08-19T20:17:27.345044Z,2026-08-19T20:25:41.478313Z,a5a2a9c58f5e65b7986e24c7c64879246d946131,campaigns/p1/pilot_manifest.yaml,d8f56ce20f6f0821d84fd6f36e1f76c855f63f55d809ba9a7201ba52097a43bf,9d360de6e61d901cff3f84c477f367773251103db12386dbb8156bd1ec2addca,/home/luigui/Documents/silva-bruus-multiscattering/.venv/bin/python scripts/run_p1_5_timed_pilot.py --execute,"{""machine"":""x86_64"",""mkl_num_threads"":""1"",""numexpr_num_threads"":""1"",""numpy_version"":""2.5.1"",""omp_num_threads"":""1"",""openblas_num_threads"":""1"",""platform"":""Linux-7.0.0-28-generic-x86_64-with-glibc2.39"",""python_executable"":""/home/luigui/Documents/silva-bruus-multiscattering/.venv/bin/python"",""python_version"":""3.12.3"",""pythonhashseed"":""0"",""scipy_version"":""1.18.0"",""veclib_maximum_threads"":""1""}",1,0.10000000000000001,0.10000000000000001,1,0,false,1,rigid,exp(-i omega t),2,1,resource_pilot,1.05,0,0,2.1000000000000001,2.1000000000000001,35c18368ed60abca1eef89b8aeeb1f09b16a455ce330dc4b04a08155543fb053,B_E,total,8,81,36,72,balanced_sqrt,-1.5828851036440639,2.1513361688917541e-16,0,-1.5828851036440639,2.1513361688917541e-16,0,0.0070607349017187343,0.011176332096710317,true,,false,true,true,false,convergence,unconfirmed_at_21,unconfirmed_at_21,resource_pilot,false
1.0.0,p1_dimer_resource_pilot,p1_pilot_rigid_ka010_d0210_t000,d97b7c88e857e92b1bdf3ec3b8418ca3ce4339ecd4cb57436fca988016901f61,development,2026-08-19T20:17:27.345044Z,2026-08-19T20:25:41.478313Z,a5a2a9c58f5e65b7986e24c7c64879246d946131,campaigns/p1/pilot_manifest.yaml,d8f56ce20f6f0821d84fd6f36e1f76c855f63f55d809ba9a7201ba52097a43bf,9d360de6e61d901cff3f84c477f367773251103db12386dbb8156bd1ec2addca,/home/luigui/Documents/silva-bruus-multiscattering/.venv/bin/python scripts/run_p1_5_timed_pilot.py --execute,"{""machine"":""x86_64"",""mkl_num_threads"":""1"",""numexpr_num_threads"":""1"",""numpy_version"":""2.5.1"",""omp_num_threads"":""1"",""openblas_num_threads"":""1"",""platform"":""Linux-7.0.0-28-generic-x86_64-with-glibc2.39"",""python_executable"":""/home/luigui/Documents/silva-bruus-multiscattering/.venv/bin/python"",""python_version"":""3.12.3"",""pythonhashseed"":""0"",""scipy_version"":""1.18.0"",""veclib_maximum_threads"":""1""}",1,0.10000000000000001,0.10000000000000001,1,0,false,1,rigid,exp(-i omega t),2,0,resource_pilot,-1.05,-0,-0,2.1000000000000001,2.1000000000000001,35c18368ed60abca1eef89b8aeeb1f09b16a455ce330dc4b04a08155543fb053,B_E,interaction,8,81,36,72,balanced_sqrt,1.5828851036440639,2.3347868086613987e-17,0,1.5828851036440639,2.3347868086613987e-17,0,0.0070607349017187343,0.011176332096710317,true,,false,true,true,false,convergence,unconfirmed_at_21,unconfirmed_at_21,resource_pilot,false
1.0.0,p1_dimer_resource_pilot,p1_pilot_rigid_ka010_d0210_t000,d97b7c88e857e92b1bdf3ec3b8418ca3ce4339ecd4cb57436fca988016901f61,development,2026-08-19T20:17:27.345044Z,2026-08-19T20:25:41.478313Z,a5a2a9c58f5e65b7986e24c7c64879246d946131,campaigns/p1/pilot_manifest.yaml,d8f56ce20f6f0821d84fd6f36e1f76c855f63f55d809ba9a7201ba52097a43bf,9d360de6e61d901cff3f84c477f367773251103db12386dbb8156bd1ec2addca,/home/luigui/Documents/silva-bruus-multiscattering/.venv/bin/python scripts/run_p1_5_timed_pilot.py --execute,"{""machine"":""x86_64"",""mkl_num_threads"":""1"",""numexpr_num_threads"":""1"",""numpy_version"":""2.5.1"",""omp_num_threads"":""1"",""openblas_num_threads"":""1"",""platform"":""Linux-7.0.0-28-generic-x86_64-with-glibc2.39"",""python_executable"":""/home/luigui/Documents/silva-bruus-multiscattering/.venv/bin/python"",""python_version"":""3.12.3"",""pythonhashseed"":""0"",""scipy_version"":""1.18.0"",""veclib_maximum_threads"":""1""}",1,0.10000000000000001,0.10000000000000001,1,0,false,1,rigid,exp(-i omega t),2,1,resource_pilot,1.05,0,0,2.1000000000000001,2.1000000000000001,35c18368ed60abca1eef89b8aeeb1f09b16a455ce330dc4b04a08155543fb053,B_E,interaction,8,81,36,72,balanced_sqrt,-1.5828851036440639,2.1513361688917541e-16,0,-1.5828851036440639,2.1513361688917541e-16,0,0.0070607349017187343,0.011176332096710317,true,,false,true,true,false,convergence,unconfirmed_at_21,unconfirmed_at_21,resource_pilot,false
1.0.0,p1_dimer_resource_pilot,p1_pilot_rigid_ka010_d0210_t000,d97b7c88e857e92b1bdf3ec3b8418ca3ce4339ecd4cb57436fca988016901f61,development,2026-08-19T20:17:27.345044Z,2026-08-19T20:25:41.478313Z,a5a2a9c58f5e65b7986e24c7c64879246d946131,campaigns/p1/pilot_manifest.yaml,d8f56ce20f6f0821d84fd6f36e1f76c855f63f55d809ba9a7201ba52097a43bf,9d360de6e61d901cff3f84c477f367773251103db12386dbb8156bd1ec2addca,/home/luigui/Documents/silva-bruus-multiscattering/.venv/bin/python scripts/run_p1_5_timed_pilot.py --execute,"{""machine"":""x86_64"",""mkl_num_threads"":""1"",""numexpr_num_threads"":""1"",""numpy_version"":""2.5.1"",""omp_num_threads"":""1"",""openblas_num_threads"":""1"",""platform"":""Linux-7.0.0-28-generic-x86_64-with-glibc2.39"",""python_executable"":""/home/luigui/Documents/silva-bruus-multiscattering/.venv/bin/python"",""python_version"":""3.12.3"",""pythonhashseed"":""0"",""scipy_version"":""1.18.0"",""veclib_maximum_threads"":""1""}",1,0.10000000000000001,0.10000000000000001,1,0,false,1,rigid,exp(-i omega t),2,0,resource_pilot,-1.05,-0,-0,2.1000000000000001,2.1000000000000001,35c18368ed60abca1eef89b8aeeb1f09b16a455ce330dc4b04a08155543fb053,B_E,external_scattered,8,81,36,72,balanced_sqrt,1.2209852681437448,1.619614941989882e-17,0,1.2209852681437448,1.619614941989882e-17,0,0.0013804345863940128,0.001685490293623193,true,,false,true,true,false,convergence,unconfirmed_at_21,unconfirmed_at_21,resource_pilot,false
1.0.0,p1_dimer_resource_pilot,p1_pilot_rigid_ka010_d0210_t000,d97b7c88e857e92b1bdf3ec3b8418ca3ce4339ecd4cb57436fca988016901f61,development,2026-08-19T20:17:27.345044Z,2026-08-19T20:25:41.478313Z,a5a2a9c58f5e65b7986e24c7c64879246d946131,campaigns/p1/pilot_manifest.yaml,d8f56ce20f6f0821d84fd6f36e1f76c855f63f55d809ba9a7201ba52097a43bf,9d360de6e61d901cff3f84c477f367773251103db12386dbb8156bd1ec2addca,/home/luigui/Documents/silva-bruus-multiscattering/.venv/bin/python scripts/run_p1_5_timed_pilot.py --execute,"{""machine"":""x86_64"",""mkl_num_threads"":""1"",""numexpr_num_threads"":""1"",""numpy_version"":""2.5.1"",""omp_num_threads"":""1"",""openblas_num_threads"":""1"",""platform"":""Linux-7.0.0-28-generic-x86_64-with-glibc2.39"",""python_executable"":""/home/luigui/Documents/silva-bruus-multiscattering/.venv/bin/python"",""python_version"":""3.12.3"",""pythonhashseed"":""0"",""scipy_version"":""1.18.0"",""veclib_maximum_threads"":""1""}",1,0.10000000000000001,0.10000000000000001,1,0,false,1,rigid,exp(-i omega t),2,1,resource_pilot,1.05,0,0,2.1000000000000001,2.1000000000000001,35c18368ed60abca1eef89b8aeeb1f09b16a455ce330dc4b04a08155543fb053,B_E,external_scattered,8,81,36,72,balanced_sqrt,-1.2209852681437448,1.6334322555708767e-16,0,-1.2209852681437448,1.6334322555708767e-16,0,0.0013804345863940128,0.001685490293623193,true,,false,true,true,false,convergence,unconfirmed_at_21,unconfirmed_at_21,resource_pilot,false
1.0.0,p1_dimer_resource_pilot,p1_pilot_rigid_ka010_d0210_t000,d97b7c88e857e92b1bdf3ec3b8418ca3ce4339ecd4cb57436fca988016901f61,development,2026-08-19T20:17:27.345044Z,2026-08-19T20:25:41.478313Z,a5a2a9c58f5e65b7986e24c7c64879246d946131,campaigns/p1/pilot_manifest.yaml,d8f56ce20f6f0821d84fd6f36e1f76c855f63f55d809ba9a7201ba52097a43bf,9d360de6e61d901cff3f84c477f367773251103db12386dbb8156bd1ec2addca,/home/luigui/Documents/silva-bruus-multiscattering/.venv/bin/python scripts/run_p1_5_timed_pilot.py --execute,"{""machine"":""x86_64"",""mkl_num_threads"":""1"",""numexpr_num_threads"":""1"",""numpy_version"":""2.5.1"",""omp_num_threads"":""1"",""openblas_num_threads"":""1"",""platform"":""Linux-7.0.0-28-generic-x86_64-with-glibc2.39"",""python_executable"":""/home/luigui/Documents/silva-bruus-multiscattering/.venv/bin/python"",""python_version"":""3.12.3"",""pythonhashseed"":""0"",""scipy_version"":""1.18.0"",""veclib_maximum_threads"":""1""}",1,0.10000000000000001,0.10000000000000001,1,0,false,1,rigid,exp(-i omega t),2,0,resource_pilot,-1.05,-0,-0,2.1000000000000001,2.1000000000000001,35c18368ed60abca1eef89b8aeeb1f09b16a455ce330dc4b04a08155543fb053,B_E,scattered_scattered,8,81,36,72,balanced_sqrt,0.36189983550031912,7.1517186667151686e-18,0,0.36189983550031912,7.1517186667151686e-18,0,0.026225051442662708,0.0094908418030870412,true,,false,true,true,false,convergence,unconfirmed_at_21,unconfirmed_at_21,resource_pilot,false
1.0.0,p1_dimer_resource_pilot,p1_pilot_rigid_ka010_d0210_t000,d97b7c88e857e92b1bdf3ec3b8418ca3ce4339ecd4cb57436fca988016901f61,development,2026-08-19T20:17:27.345044Z,2026-08-19T20:25:41.478313Z,a5a2a9c58f5e65b7986e24c7c64879246d946131,campaigns/p1/pilot_manifest.yaml,d8f56ce20f6f0821d84fd6f36e1f76c855f63f55d809ba9a7201ba52097a43bf,9d360de6e61d901cff3f84c477f367773251103db12386dbb8156bd1ec2addca,/home/luigui/Documents/silva-bruus-multiscattering/.venv/bin/python scripts/run_p1_5_timed_pilot.py --execute,"{""machine"":""x86_64"",""mkl_num_threads"":""1"",""numexpr_num_threads"":""1"",""numpy_version"":""2.5.1"",""omp_num_threads"":""1"",""openblas_num_threads"":""1"",""platform"":""Linux-7.0.0-28-generic-x86_64-with-glibc2.39"",""python_executable"":""/home/luigui/Documents/silva-bruus-multiscattering/.venv/bin/python"",""python_version"":""3.12.3"",""pythonhashseed"":""0"",""scipy_version"":""1.18.0"",""veclib_maximum_threads"":""1""}",1,0.10000000000000001,0.10000000000000001,1,0,false,1,rigid,exp(-i omega t),2,1,resource_pilot,1.05,0,0,2.1000000000000001,2.1000000000000001,35c18368ed60abca1eef89b8aeeb1f09b16a455ce330dc4b04a08155543fb053,B_E,scattered_scattered,8,81,36,72,balanced_sqrt,-0.36189983550031907,5.1790391332087722e-17,0,-0.36189983550031907,5.1790391332087722e-17,0,0.026225051442662708,0.0094908418030870412,true,,false,true,true,false,convergence,unconfirmed_at_21,unconfirmed_at_21,resource_pilot,false
1.0.0,p1_dimer_resource_pilot,p1_pilot_rigid_ka010_d0210_t000,d97b7c88e857e92b1bdf3ec3b8418ca3ce4339ecd4cb57436fca988016901f61,development,2026-08-19T20:17:27.345044Z,2026-08-19T20:25:41.478313Z,a5a2a9c58f5e65b7986e24c7c64879246d946131,campaigns/p1/pilot_manifest.yaml,d8f56ce20f6f0821d84fd6f36e1f76c855f63f55d809ba9a7201ba52097a43bf,9d360de6e61d901cff3f84c477f367773251103db12386dbb8156bd1ec2addca,/home/luigui/Documents/silva-bruus-multiscattering/.venv/bin/python scripts/run_p1_5_timed_pilot.py --execute,"{""machine"":""x86_64"",""mkl_num_threads"":""1"",""numexpr_num_threads"":""1"",""numpy_version"":""2.5.1"",""omp_num_threads"":""1"",""openblas_num_threads"":""1"",""platform"":""Linux-7.0.0-28-generic-x86_64-with-glibc2.39"",""python_executable"":""/home/luigui/Documents/silva-bruus-multiscattering/.venv/bin/python"",""python_version"":""3.12.3"",""pythonhashseed"":""0"",""scipy_version"":""1.18.0"",""veclib_maximum_threads"":""1""}",1,0.10000000000000001,0.10000000000000001,1,0,false,1,rigid,exp(-i omega t),2,0,resource_pilot,-1.05,-0,-0,2.1000000000000001,2.1000000000000001,35c18368ed60abca1eef89b8aeeb1f09b16a455ce330dc4b04a08155543fb053,B_E,total,9,100,45,90,balanced_sqrt,1.58873503858924,1.8748147958040215e-17,0,1.58873503858924,1.8748147958040215e-17,0,0.0036821337750382642,0.0058499349451761606,true,,false,true,true,false,convergence,unconfirmed_at_21,unconfirmed_at_21,resource_pilot,false
1.0.0,p1_dimer_resource_pilot,p1_pilot_rigid_ka010_d0210_t000,d97b7c88e857e92b1bdf3ec3b8418ca3ce4339ecd4cb57436fca988016901f61,development,2026-08-19T20:17:27.345044Z,2026-08-19T20:25:41.478313Z,a5a2a9c58f5e65b7986e24c7c64879246d946131,campaigns/p1/pilot_manifest.yaml,d8f56ce20f6f0821d84fd6f36e1f76c855f63f55d809ba9a7201ba52097a43bf,9d360de6e61d901cff3f84c477f367773251103db12386dbb8156bd1ec2addca,/home/luigui/Documents/silva-bruus-multiscattering/.venv/bin/python scripts/run_p1_5_timed_pilot.py --execute,"{""machine"":""x86_64"",""mkl_num_threads"":""1"",""numexpr_num_threads"":""1"",""numpy_version"":""2.5.1"",""omp_num_threads"":""1"",""openblas_num_threads"":""1"",""platform"":""Linux-7.0.0-28-generic-x86_64-with-glibc2.39"",""python_executable"":""/home/luigui/Documents/silva-bruus-multiscattering/.venv/bin/python"",""python_version"":""3.12.3"",""pythonhashseed"":""0"",""scipy_version"":""1.18.0"",""veclib_maximum_threads"":""1""}",1,0.10000000000000001,0.10000000000000001,1,0,false,1,rigid,exp(-i omega t),2,1,resource_pilot,1.05,0,0,2.1000000000000001,2.1000000000000001,35c18368ed60abca1eef89b8aeeb1f09b16a455ce330dc4b04a08155543fb053,B_E,total,9,100,45,90,balanced_sqrt,-1.58873503858924,2.1661049574042728e-16,0,-1.58873503858924,2.1661049574042728e-16,0,0.0036821337750382642,0.0058499349451761606,true,,false,true,true,false,convergence,unconfirmed_at_21,unconfirmed_at_21,resource_pilot,false
1.0.0,p1_dimer_resource_pilot,p1_pilot_rigid_ka010_d0210_t000,d97b7c88e857e92b1bdf3ec3b8418ca3ce4339ecd4cb57436fca988016901f61,development,2026-08-19T20:17:27.345044Z,2026-08-19T20:25:41.478313Z,a5a2a9c58f5e65b7986e24c7c64879246d946131,campaigns/p1/pilot_manifest.yaml,d8f56ce20f6f0821d84fd6f36e1f76c855f63f55d809ba9a7201ba52097a43bf,9d360de6e61d901cff3f84c477f367773251103db12386dbb8156bd1ec2addca,/home/luigui/Documents/silva-bruus-multiscattering/.venv/bin/python scripts/run_p1_5_timed_pilot.py --execute,"{""machine"":""x86_64"",""mkl_num_threads"":""1"",""numexpr_num_threads"":""1"",""numpy_version"":""2.5.1"",""omp_num_threads"":""1"",""openblas_num_threads"":""1"",""platform"":""Linux-7.0.0-28-generic-x86_64-with-glibc2.39"",""python_executable"":""/home/luigui/Documents/silva-bruus-multiscattering/.venv/bin/python"",""python_version"":""3.12.3"",""pythonhashseed"":""0"",""scipy_version"":""1.18.0"",""veclib_maximum_threads"":""1""}",1,0.10000000000000001,0.10000000000000001,1,0,false,1,rigid,exp(-i omega t),2,0,resource_pilot,-1.05,-0,-0,2.1000000000000001,2.1000000000000001,35c18368ed60abca1eef89b8aeeb1f09b16a455ce330dc4b04a08155543fb053,B_E,interaction,9,100,45,90,balanced_sqrt,1.58873503858924,1.8748147958040215e-17,0,1.58873503858924,1.8748147958040215e-17,0,0.0036821337750382642,0.0058499349451761606,true,,false,true,true,false,convergence,unconfirmed_at_21,unconfirmed_at_21,resource_pilot,false
1.0.0,p1_dimer_resource_pilot,p1_pilot_rigid_ka010_d0210_t000,d97b7c88e857e92b1bdf3ec3b8418ca3ce4339ecd4cb57436fca988016901f61,development,2026-08-19T20:17:27.345044Z,2026-08-19T20:25:41.478313Z,a5a2a9c58f5e65b7986e24c7c64879246d946131,campaigns/p1/pilot_manifest.yaml,d8f56ce20f6f0821d84fd6f36e1f76c855f63f55d809ba9a7201ba52097a43bf,9d360de6e61d901cff3f84c477f367773251103db12386dbb8156bd1ec2addca,/home/luigui/Documents/silva-bruus-multiscattering/.venv/bin/python scripts/run_p1_5_timed_pilot.py --execute,"{""machine"":""x86_64"",""mkl_num_threads"":""1"",""numexpr_num_threads"":""1"",""numpy_version"":""2.5.1"",""omp_num_threads"":""1"",""openblas_num_threads"":""1"",""platform"":""Linux-7.0.0-28-generic-x86_64-with-glibc2.39"",""python_executable"":""/home/luigui/Documents/silva-bruus-multiscattering/.venv/bin/python"",""python_version"":""3.12.3"",""pythonhashseed"":""0"",""scipy_version"":""1.18.0"",""veclib_maximum_threads"":""1""}",1,0.10000000000000001,0.10000000000000001,1,0,false,1,rigid,exp(-i omega t),2,1,resource_pilot,1.05,0,0,2.1000000000000001,2.1000000000000001,35c18368ed60abca1eef89b8aeeb1f09b16a455ce330dc4b04a08155543fb053,B_E,interaction,9,100,45,90,balanced_sqrt,-1.58873503858924,2.1661049574042728e-16,0,-1.58873503858924,2.1661049574042728e-16,0,0.0036821337750382642,0.0058499349451761606,true,,false,true,true,false,convergence,unconfirmed_at_21,unconfirmed_at_21,resource_pilot,false
1.0.0,p1_dimer_resource_pilot,p1_pilot_rigid_ka010_d0210_t000,d97b7c88e857e92b1bdf3ec3b8418ca3ce4339ecd4cb57436fca988016901f61,development,2026-08-19T20:17:27.345044Z,2026-08-19T20:25:41.478313Z,a5a2a9c58f5e65b7986e24c7c64879246d946131,campaigns/p1/pilot_manifest.yaml,d8f56ce20f6f0821d84fd6f36e1f76c855f63f55d809ba9a7201ba52097a43bf,9d360de6e61d901cff3f84c477f367773251103db12386dbb8156bd1ec2addca,/home/luigui/Documents/silva-bruus-multiscattering/.venv/bin/python scripts/run_p1_5_timed_pilot.py --execute,"{""machine"":""x86_64"",""mkl_num_threads"":""1"",""numexpr_num_threads"":""1"",""numpy_version"":""2.5.1"",""omp_num_threads"":""1"",""openblas_num_threads"":""1"",""platform"":""Linux-7.0.0-28-generic-x86_64-with-glibc2.39"",""python_executable"":""/home/luigui/Documents/silva-bruus-multiscattering/.venv/bin/python"",""python_version"":""3.12.3"",""pythonhashseed"":""0"",""scipy_version"":""1.18.0"",""veclib_maximum_threads"":""1""}",1,0.10000000000000001,0.10000000000000001,1,0,false,1,rigid,exp(-i omega t),2,0,resource_pilot,-1.05,-0,-0,2.1000000000000001,2.1000000000000001,35c18368ed60abca1eef89b8aeeb1f09b16a455ce330dc4b04a08155543fb053,B_E,external_scattered,9,100,45,90,balanced_sqrt,1.2217596135664524,1.2291398661803455e-17,0,1.2217596135664524,1.2291398661803455e-17,0,0.00063379523607528675,0.00077434542270760076,true,,false,true,true,false,convergence,unconfirmed_at_21,unconfirmed_at_21,resource_pilot,false
1.0.0,p1_dimer_resource_pilot,p1_pilot_rigid_ka010_d0210_t000,d97b7c88e857e92b1bdf3ec3b8418ca3ce4339ecd4cb57436fca988016901f61,development,2026-08-19T20:17:27.345044Z,2026-08-19T20:25:41.478313Z,a5a2a9c58f5e65b7986e24c7c64879246d946131,campaigns/p1/pilot_manifest.yaml,d8f56ce20f6f0821d84fd6f36e1f76c855f63f55d809ba9a7201ba52097a43bf,9d360de6e61d901cff3f84c477f367773251103db12386dbb8156bd1ec2addca,/home/luigui/Documents/silva-bruus-multiscattering/.venv/bin/python scripts/run_p1_5_timed_pilot.py --execute,"{""machine"":""x86_64"",""mkl_num_threads"":""1"",""numexpr_num_threads"":""1"",""numpy_version"":""2.5.1"",""omp_num_threads"":""1"",""openblas_num_threads"":""1"",""platform"":""Linux-7.0.0-28-generic-x86_64-with-glibc2.39"",""python_executable"":""/home/luigui/Documents/silva-bruus-multiscattering/.venv/bin/python"",""python_version"":""3.12.3"",""pythonhashseed"":""0"",""scipy_version"":""1.18.0"",""veclib_maximum_threads"":""1""}",1,0.10000000000000001,0.10000000000000001,1,0,false,1,rigid,exp(-i omega t),2,1,resource_pilot,1.05,0,0,2.1000000000000001,2.1000000000000001,35c18368ed60abca1eef89b8aeeb1f09b16a455ce330dc4b04a08155543fb053,B_E,external_scattered,9,100,45,90,balanced_sqrt,-1.2217596135664524,1.6391869800175867e-16,0,-1.2217596135664524,1.6391869800175867e-16,0,0.00063379523607528675,0.00077434542270760076,true,,false,true,true,false,convergence,unconfirmed_at_21,unconfirmed_at_21,resource_pilot,false
1.0.0,p1_dimer_resource_pilot,p1_pilot_rigid_ka010_d0210_t000,d97b7c88e857e92b1bdf3ec3b8418ca3ce4339ecd4cb57436fca988016901f61,development,2026-08-19T20:17:27.345044Z,2026-08-19T20:25:41.478313Z,a5a2a9c58f5e65b7986e24c7c64879246d946131,campaigns/p1/pilot_manifest.yaml,d8f56ce20f6f0821d84fd6f36e1f76c855f63f55d809ba9a7201ba52097a43bf,9d360de6e61d901cff3f84c477f367773251103db12386dbb8156bd1ec2addca,/home/luigui/Documents/silva-bruus-multiscattering/.venv/bin/python scripts/run_p1_5_timed_pilot.py --execute,"{""machine"":""x86_64"",""mkl_num_threads"":""1"",""numexpr_num_threads"":""1"",""numpy_version"":""2.5.1"",""omp_num_threads"":""1"",""openblas_num_threads"":""1"",""platform"":""Linux-7.0.0-28-generic-x86_64-with-glibc2.39"",""python_executable"":""/home/luigui/Documents/silva-bruus-multiscattering/.venv/bin/python"",""python_version"":""3.12.3"",""pythonhashseed"":""0"",""scipy_version"":""1.18.0"",""veclib_maximum_threads"":""1""}",1,0.10000000000000001,0.10000000000000001,1,0,false,1,rigid,exp(-i omega t),2,0,resource_pilot,-1.05,-0,-0,2.1000000000000001,2.1000000000000001,35c18368ed60abca1eef89b8aeeb1f09b16a455ce330dc4b04a08155543fb053,B_E,scattered_scattered,9,100,45,90,balanced_sqrt,0.36697542502278774,6.45674929623676e-18,0,0.36697542502278774,6.45674929623676e-18,0,0.013830870342757658,0.0050755895224685599,true,,false,true,true,false,convergence,unconfirmed_at_21,unconfirmed_at_21,resource_pilot,false
1.0.0,p1_dimer_resource_pilot,p1_pilot_rigid_ka010_d0210_t000,d97b7c88e857e92b1bdf3ec3b8418ca3ce4339ecd4cb57436fca988016901f61,development,2026-08-19T20:17:27.345044Z,2026-08-19T20:25:41.478313Z,a5a2a9c58f5e65b7986e24c7c64879246d946131,campaigns/p1/pilot_manifest.yaml,d8f56ce20f6f0821d84fd6f36e1f76c855f63f55d809ba9a7201ba52097a43bf,9d360de6e61d901cff3f84c477f367773251103db12386dbb8156bd1ec2addca,/home/luigui/Documents/silva-bruus-multiscattering/.venv/bin/python scripts/run_p1_5_timed_pilot.py --execute,"{""machine"":""x86_64"",""mkl_num_threads"":""1"",""numexpr_num_threads"":""1"",""numpy_version"":""2.5.1"",""omp_num_threads"":""1"",""openblas_num_threads"":""1"",""platform"":""Linux-7.0.0-28-generic-x86_64-with-glibc2.39"",""python_executable"":""/home/luigui/Documents/silva-bruus-multiscattering/.venv/bin/python"",""python_version"":""3.12.3"",""pythonhashseed"":""0"",""scipy_version"":""1.18.0"",""veclib_maximum_threads"":""1""}",1,0.10000000000000001,0.10000000000000001,1,0,false,1,rigid,exp(-i omega t),2,1,resource_pilot,1.05,0,0,2.1000000000000001,2.1000000000000001,35c18368ed60abca1eef89b8aeeb1f09b16a455ce330dc4b04a08155543fb053,B_E,scattered_scattered,9,100,45,90,balanced_sqrt,-0.36697542502278757,5.2691797738668593e-17,0,-0.36697542502278757,5.2691797738668593e-17,0,0.013830870342757658,0.0050755895224685599,true,,false,true,true,false,convergence,unconfirmed_at_21,unconfirmed_at_21,resource_pilot,false
1.0.0,p1_dimer_resource_pilot,p1_pilot_rigid_ka010_d0210_t000,d97b7c88e857e92b1bdf3ec3b8418ca3ce4339ecd4cb57436fca988016901f61,development,2026-08-19T20:17:27.345044Z,2026-08-19T20:25:41.478313Z,a5a2a9c58f5e65b7986e24c7c64879246d946131,campaigns/p1/pilot_manifest.yaml,d8f56ce20f6f0821d84fd6f36e1f76c855f63f55d809ba9a7201ba52097a43bf,9d360de6e61d901cff3f84c477f367773251103db12386dbb8156bd1ec2addca,/home/luigui/Documents/silva-bruus-multiscattering/.venv/bin/python scripts/run_p1_5_timed_pilot.py --execute,"{""machine"":""x86_64"",""mkl_num_threads"":""1"",""numexpr_num_threads"":""1"",""numpy_version"":""2.5.1"",""omp_num_threads"":""1"",""openblas_num_threads"":""1"",""platform"":""Linux-7.0.0-28-generic-x86_64-with-glibc2.39"",""python_executable"":""/home/luigui/Documents/silva-bruus-multiscattering/.venv/bin/python"",""python_version"":""3.12.3"",""pythonhashseed"":""0"",""scipy_version"":""1.18.0"",""veclib_maximum_threads"":""1""}",1,0.10000000000000001,0.10000000000000001,1,0,false,1,rigid,exp(-i omega t),2,0,resource_pilot,-1.05,-0,-0,2.1000000000000001,2.1000000000000001,35c18368ed60abca1eef89b8aeeb1f09b16a455ce330dc4b04a08155543fb053,B_E,total,10,121,55,110,balanced_sqrt,1.5917998139353349,2.396247197230489e-17,0,1.5917998139353349,2.396247197230489e-17,0,0.001925352245467168,0.003064775346094617,true,,false,true,true,false,convergence,unconfirmed_at_21,unconfirmed_at_21,resource_pilot,false
1.0.0,p1_dimer_resource_pilot,p1_pilot_rigid_ka010_d0210_t000,d97b7c88e857e92b1bdf3ec3b8418ca3ce4339ecd4cb57436fca988016901f61,development,2026-08-19T20:17:27.345044Z,2026-08-19T20:25:41.478313Z,a5a2a9c58f5e65b7986e24c7c64879246d946131,campaigns/p1/pilot_manifest.yaml,d8f56ce20f6f0821d84fd6f36e1f76c855f63f55d809ba9a7201ba52097a43bf,9d360de6e61d901cff3f84c477f367773251103db12386dbb8156bd1ec2addca,/home/luigui/Documents/silva-bruus-multiscattering/.venv/bin/python scripts/run_p1_5_timed_pilot.py --execute,"{""machine"":""x86_64"",""mkl_num_threads"":""1"",""numexpr_num_threads"":""1"",""numpy_version"":""2.5.1"",""omp_num_threads"":""1"",""openblas_num_threads"":""1"",""platform"":""Linux-7.0.0-28-generic-x86_64-with-glibc2.39"",""python_executable"":""/home/luigui/Documents/silva-bruus-multiscattering/.venv/bin/python"",""python_version"":""3.12.3"",""pythonhashseed"":""0"",""scipy_version"":""1.18.0"",""veclib_maximum_threads"":""1""}",1,0.10000000000000001,0.10000000000000001,1,0,false,1,rigid,exp(-i omega t),2,1,resource_pilot,1.05,0,0,2.1000000000000001,2.1000000000000001,35c18368ed60abca1eef89b8aeeb1f09b16a455ce330dc4b04a08155543fb053,B_E,total,10,121,55,110,balanced_sqrt,-1.5917998139353344,2.1598173514343172e-16,0,-1.5917998139353344,2.1598173514343172e-16,0,0.001925352245467168,0.003064775346094617,true,,false,true,true,false,convergence,unconfirmed_at_21,unconfirmed_at_21,resource_pilot,false
1.0.0,p1_dimer_resource_pilot,p1_pilot_rigid_ka010_d0210_t000,d97b7c88e857e92b1bdf3ec3b8418ca3ce4339ecd4cb57436fca988016901f61,development,2026-08-19T20:17:27.345044Z,2026-08-19T20:25:41.478313Z,a5a2a9c58f5e65b7986e24c7c64879246d946131,campaigns/p1/pilot_manifest.yaml,d8f56ce20f6f0821d84fd6f36e1f76c855f63f55d809ba9a7201ba52097a43bf,9d360de6e61d901cff3f84c477f367773251103db12386dbb8156bd1ec2addca,/home/luigui/Documents/silva-bruus-multiscattering/.venv/bin/python scripts/run_p1_5_timed_pilot.py --execute,"{""machine"":""x86_64"",""mkl_num_threads"":""1"",""numexpr_num_threads"":""1"",""numpy_version"":""2.5.1"",""omp_num_threads"":""1"",""openblas_num_threads"":""1"",""platform"":""Linux-7.0.0-28-generic-x86_64-with-glibc2.39"",""python_executable"":""/home/luigui/Documents/silva-bruus-multiscattering/.venv/bin/python"",""python_version"":""3.12.3"",""pythonhashseed"":""0"",""scipy_version"":""1.18.0"",""veclib_maximum_threads"":""1""}",1,0.10000000000000001,0.10000000000000001,1,0,false,1,rigid,exp(-i omega t),2,0,resource_pilot,-1.05,-0,-0,2.1000000000000001,2.1000000000000001,35c18368ed60abca1eef89b8aeeb1f09b16a455ce330dc4b04a08155543fb053,B_E,interaction,10,121,55,110,balanced_sqrt,1.5917998139353349,2.396247197230489e-17,0,1.5917998139353349,2.396247197230489e-17,0,0.001925352245467168,0.003064775346094617,true,,false,true,true,false,convergence,unconfirmed_at_21,unconfirmed_at_21,resource_pilot,false
1.0.0,p1_dimer_resource_pilot,p1_pilot_rigid_ka010_d0210_t000,d97b7c88e857e92b1bdf3ec3b8418ca3ce4339ecd4cb57436fca988016901f61,development,2026-08-19T20:17:27.345044Z,2026-08-19T20:25:41.478313Z,a5a2a9c58f5e65b7986e24c7c64879246d946131,campaigns/p1/pilot_manifest.yaml,d8f56ce20f6f0821d84fd6f36e1f76c855f63f55d809ba9a7201ba52097a43bf,9d360de6e61d901cff3f84c477f367773251103db12386dbb8156bd1ec2addca,/home/luigui/Documents/silva-bruus-multiscattering/.venv/bin/python scripts/run_p1_5_timed_pilot.py --execute,"{""machine"":""x86_64"",""mkl_num_threads"":""1"",""numexpr_num_threads"":""1"",""numpy_version"":""2.5.1"",""omp_num_threads"":""1"",""openblas_num_threads"":""1"",""platform"":""Linux-7.0.0-28-generic-x86_64-with-glibc2.39"",""python_executable"":""/home/luigui/Documents/silva-bruus-multiscattering/.venv/bin/python"",""python_version"":""3.12.3"",""pythonhashseed"":""0"",""scipy_version"":""1.18.0"",""veclib_maximum_threads"":""1""}",1,0.10000000000000001,0.10000000000000001,1,0,false,1,rigid,exp(-i omega t),2,1,resource_pilot,1.05,0,0,2.1000000000000001,2.1000000000000001,35c18368ed60abca1eef89b8aeeb1f09b16a455ce330dc4b04a08155543fb053,B_E,interaction,10,121,55,110,balanced_sqrt,-1.5917998139353344,2.1598173514343172e-16,0,-1.5917998139353344,2.1598173514343172e-16,0,0.001925352245467168,0.003064775346094617,true,,false,true,true,false,convergence,unconfirmed_at_21,unconfirmed_at_21,resource_pilot,false
1.0.0,p1_dimer_resource_pilot,p1_pilot_rigid_ka010_d0210_t000,d97b7c88e857e92b1bdf3ec3b8418ca3ce4339ecd4cb57436fca988016901f61,development,2026-08-19T20:17:27.345044Z,2026-08-19T20:25:41.478313Z,a5a2a9c58f5e65b7986e24c7c64879246d946131,campaigns/p1/pilot_manifest.yaml,d8f56ce20f6f0821d84fd6f36e1f76c855f63f55d809ba9a7201ba52097a43bf,9d360de6e61d901cff3f84c477f367773251103db12386dbb8156bd1ec2addca,/home/luigui/Documents/silva-bruus-multiscattering/.venv/bin/python scripts/run_p1_5_timed_pilot.py --execute,"{""machine"":""x86_64"",""mkl_num_threads"":""1"",""numexpr_num_threads"":""1"",""numpy_version"":""2.5.1"",""omp_num_threads"":""1"",""openblas_num_threads"":""1"",""platform"":""Linux-7.0.0-28-generic-x86_64-with-glibc2.39"",""python_executable"":""/home/luigui/Documents/silva-bruus-multiscattering/.venv/bin/python"",""python_version"":""3.12.3"",""pythonhashseed"":""0"",""scipy_version"":""1.18.0"",""veclib_maximum_threads"":""1""}",1,0.10000000000000001,0.10000000000000001,1,0,false,1,rigid,exp(-i omega t),2,0,resource_pilot,-1.05,-0,-0,2.1000000000000001,2.1000000000000001,35c18368ed60abca1eef89b8aeeb1f09b16a455ce330dc4b04a08155543fb053,B_E,external_scattered,10,121,55,110,balanced_sqrt,1.2221181209443281,1.6020870719921611e-17,0,1.2221181209443281,1.6020870719921611e-17,0,0.00029334920392028407,0.00035850737787557208,true,,false,true,true,false,convergence,unconfirmed_at_21,unconfirmed_at_21,resource_pilot,false
1.0.0,p1_dimer_resource_pilot,p1_pilot_rigid_ka010_d0210_t000,d97b7c88e857e92b1bdf3ec3b8418ca3ce4339ecd4cb57436fca988016901f61,development,2026-08-19T20:17:27.345044Z,2026-08-19T20:25:41.478313Z,a5a2a9c58f5e65b7986e24c7c64879246d946131,campaigns/p1/pilot_manifest.yaml,d8f56ce20f6f0821d84fd6f36e1f76c855f63f55d809ba9a7201ba52097a43bf,9d360de6e61d901cff3f84c477f367773251103db12386dbb8156bd1ec2addca,/home/luigui/Documents/silva-bruus-multiscattering/.venv/bin/python scripts/run_p1_5_timed_pilot.py --execute,"{""machine"":""x86_64"",""mkl_num_threads"":""1"",""numexpr_num_threads"":""1"",""numpy_version"":""2.5.1"",""omp_num_threads"":""1"",""openblas_num_threads"":""1"",""platform"":""Linux-7.0.0-28-generic-x86_64-with-glibc2.39"",""python_executable"":""/home/luigui/Documents/silva-bruus-multiscattering/.venv/bin/python"",""python_version"":""3.12.3"",""pythonhashseed"":""0"",""scipy_version"":""1.18.0"",""veclib_maximum_threads"":""1""}",1,0.10000000000000001,0.10000000000000001,1,0,false,1,rigid,exp(-i omega t),2,1,resource_pilot,1.05,0,0,2.1000000000000001,2.1000000000000001,35c18368ed60abca1eef89b8aeeb1f09b16a455ce330dc4b04a08155543fb053,B_E,external_scattered,10,121,55,110,balanced_sqrt,-1.2221181209443277,1.6274039947515298e-16,0,-1.2221181209443277,1.6274039947515298e-16,0,0.00029334920392028407,0.00035850737787557208,true,,false,true,true,false,convergence,unconfirmed_at_21,unconfirmed_at_21,resource_pilot,false
1.0.0,p1_dimer_resource_pilot,p1_pilot_rigid_ka010_d0210_t000,d97b7c88e857e92b1bdf3ec3b8418ca3ce4339ecd4cb57436fca988016901f61,development,2026-08-19T20:17:27.345044Z,2026-08-19T20:25:41.478313Z,a5a2a9c58f5e65b7986e24c7c64879246d946131,campaigns/p1/pilot_manifest.yaml,d8f56ce20f6f0821d84fd6f36e1f76c855f63f55d809ba9a7201ba52097a43bf,9d360de6e61d901cff3f84c477f367773251103db12386dbb8156bd1ec2addca,/home/luigui/Documents/silva-bruus-multiscattering/.venv/bin/python scripts/run_p1_5_timed_pilot.py --execute,"{""machine"":""x86_64"",""mkl_num_threads"":""1"",""numexpr_num_threads"":""1"",""numpy_version"":""2.5.1"",""omp_num_threads"":""1"",""openblas_num_threads"":""1"",""platform"":""Linux-7.0.0-28-generic-x86_64-with-glibc2.39"",""python_executable"":""/home/luigui/Documents/silva-bruus-multiscattering/.venv/bin/python"",""python_version"":""3.12.3"",""pythonhashseed"":""0"",""scipy_version"":""1.18.0"",""veclib_maximum_threads"":""1""}",1,0.10000000000000001,0.10000000000000001,1,0,false,1,rigid,exp(-i omega t),2,0,resource_pilot,-1.05,-0,-0,2.1000000000000001,2.1000000000000001,35c18368ed60abca1eef89b8aeeb1f09b16a455ce330dc4b04a08155543fb053,B_E,scattered_scattered,10,121,55,110,balanced_sqrt,0.36968169299100678,7.9416012523832789e-18,0,0.36968169299100678,7.9416012523832789e-18,0,0.0073205355296966472,0.0027062679682190727,true,,false,true,true,false,convergence,unconfirmed_at_21,unconfirmed_at_21,resource_pilot,false
1.0.0,p1_dimer_resource_pilot,p1_pilot_rigid_ka010_d0210_t000,d97b7c88e857e92b1bdf3ec3b8418ca3ce4339ecd4cb57436fca988016901f61,development,2026-08-19T20:17:27.345044Z,2026-08-19T20:25:41.478313Z,a5a2a9c58f5e65b7986e24c7c64879246d946131,campaigns/p1/pilot_manifest.yaml,d8f56ce20f6f0821d84fd6f36e1f76c855f63f55d809ba9a7201ba52097a43bf,9d360de6e61d901cff3f84c477f367773251103db12386dbb8156bd1ec2addca,/home/luigui/Documents/silva-bruus-multiscattering/.venv/bin/python scripts/run_p1_5_timed_pilot.py --execute,"{""machine"":""x86_64"",""mkl_num_threads"":""1"",""numexpr_num_threads"":""1"",""numpy_version"":""2.5.1"",""omp_num_threads"":""1"",""openblas_num_threads"":""1"",""platform"":""Linux-7.0.0-28-generic-x86_64-with-glibc2.39"",""python_executable"":""/home/luigui/Documents/silva-bruus-multiscattering/.venv/bin/python"",""python_version"":""3.12.3"",""pythonhashseed"":""0"",""scipy_version"":""1.18.0"",""veclib_maximum_threads"":""1""}",1,0.10000000000000001,0.10000000000000001,1,0,false,1,rigid,exp(-i omega t),2,1,resource_pilot,1.05,0,0,2.1000000000000001,2.1000000000000001,35c18368ed60abca1eef89b8aeeb1f09b16a455ce330dc4b04a08155543fb053,B_E,scattered_scattered,10,121,55,110,balanced_sqrt,-0.36968169299100667,5.3241335668278755e-17,0,-0.36968169299100667,5.3241335668278755e-17,0,0.0073205355296966472,0.0027062679682190727,true,,false,true,true,false,convergence,unconfirmed_at_21,unconfirmed_at_21,resource_pilot,false
1.0.0,p1_dimer_resource_pilot,p1_pilot_rigid_ka010_d0210_t000,d97b7c88e857e92b1bdf3ec3b8418ca3ce4339ecd4cb57436fca988016901f61,development,2026-08-19T20:17:27.345044Z,2026-08-19T20:25:41.478313Z,a5a2a9c58f5e65b7986e24c7c64879246d946131,campaigns/p1/pilot_manifest.yaml,d8f56ce20f6f0821d84fd6f36e1f76c855f63f55d809ba9a7201ba52097a43bf,9d360de6e61d901cff3f84c477f367773251103db12386dbb8156bd1ec2addca,/home/luigui/Documents/silva-bruus-multiscattering/.venv/bin/python scripts/run_p1_5_timed_pilot.py --execute,"{""machine"":""x86_64"",""mkl_num_threads"":""1"",""numexpr_num_threads"":""1"",""numpy_version"":""2.5.1"",""omp_num_threads"":""1"",""openblas_num_threads"":""1"",""platform"":""Linux-7.0.0-28-generic-x86_64-with-glibc2.39"",""python_executable"":""/home/luigui/Documents/silva-bruus-multiscattering/.venv/bin/python"",""python_version"":""3.12.3"",""pythonhashseed"":""0"",""scipy_version"":""1.18.0"",""veclib_maximum_threads"":""1""}",1,0.10000000000000001,0.10000000000000001,1,0,false,1,rigid,exp(-i omega t),2,0,resource_pilot,-1.05,-0,-0,2.1000000000000001,2.1000000000000001,35c18368ed60abca1eef89b8aeeb1f09b16a455ce330dc4b04a08155543fb053,B_E,total,11,144,66,132,balanced_sqrt,1.5934115848484665,1.8010581532391449e-17,0,1.5934115848484665,1.8010581532391449e-17,0,0.0010115220251051427,0.0016117709131319158,true,,false,true,true,false,convergence,unconfirmed_at_21,unconfirmed_at_21,resource_pilot,false
1.0.0,p1_dimer_resource_pilot,p1_pilot_rigid_ka010_d0210_t000,d97b7c88e857e92b1bdf3ec3b8418ca3ce4339ecd4cb57436fca988016901f61,development,2026-08-19T20:17:27.345044Z,2026-08-19T20:25:41.478313Z,a5a2a9c58f5e65b7986e24c7c64879246d946131,campaigns/p1/pilot_manifest.yaml,d8f56ce20f6f0821d84fd6f36e1f76c855f63f55d809ba9a7201ba52097a43bf,9d360de6e61d901cff3f84c477f367773251103db12386dbb8156bd1ec2addca,/home/luigui/Documents/silva-bruus-multiscattering/.venv/bin/python scripts/run_p1_5_timed_pilot.py --execute,"{""machine"":""x86_64"",""mkl_num_threads"":""1"",""numexpr_num_threads"":""1"",""numpy_version"":""2.5.1"",""omp_num_threads"":""1"",""openblas_num_threads"":""1"",""platform"":""Linux-7.0.0-28-generic-x86_64-with-glibc2.39"",""python_executable"":""/home/luigui/Documents/silva-bruus-multiscattering/.venv/bin/python"",""python_version"":""3.12.3"",""pythonhashseed"":""0"",""scipy_version"":""1.18.0"",""veclib_maximum_threads"":""1""}",1,0.10000000000000001,0.10000000000000001,1,0,false,1,rigid,exp(-i omega t),2,1,resource_pilot,1.05,0,0,2.1000000000000001,2.1000000000000001,35c18368ed60abca1eef89b8aeeb1f09b16a455ce330dc4b04a08155543fb053,B_E,total,11,144,66,132,balanced_sqrt,-1.5934115848484667,2.1675793364474283e-16,0,-1.5934115848484667,2.1675793364474283e-16,0,0.0010115220251051427,0.0016117709131319158,true,,false,true,true,false,convergence,unconfirmed_at_21,unconfirmed_at_21,resource_pilot,false
1.0.0,p1_dimer_resource_pilot,p1_pilot_rigid_ka010_d0210_t000,d97b7c88e857e92b1bdf3ec3b8418ca3ce4339ecd4cb57436fca988016901f61,development,2026-08-19T20:17:27.345044Z,2026-08-19T20:25:41.478313Z,a5a2a9c58f5e65b7986e24c7c64879246d946131,campaigns/p1/pilot_manifest.yaml,d8f56ce20f6f0821d84fd6f36e1f76c855f63f55d809ba9a7201ba52097a43bf,9d360de6e61d901cff3f84c477f367773251103db12386dbb8156bd1ec2addca,/home/luigui/Documents/silva-bruus-multiscattering/.venv/bin/python scripts/run_p1_5_timed_pilot.py --execute,"{""machine"":""x86_64"",""mkl_num_threads"":""1"",""numexpr_num_threads"":""1"",""numpy_version"":""2.5.1"",""omp_num_threads"":""1"",""openblas_num_threads"":""1"",""platform"":""Linux-7.0.0-28-generic-x86_64-with-glibc2.39"",""python_executable"":""/home/luigui/Documents/silva-bruus-multiscattering/.venv/bin/python"",""python_version"":""3.12.3"",""pythonhashseed"":""0"",""scipy_version"":""1.18.0"",""veclib_maximum_threads"":""1""}",1,0.10000000000000001,0.10000000000000001,1,0,false,1,rigid,exp(-i omega t),2,0,resource_pilot,-1.05,-0,-0,2.1000000000000001,2.1000000000000001,35c18368ed60abca1eef89b8aeeb1f09b16a455ce330dc4b04a08155543fb053,B_E,interaction,11,144,66,132,balanced_sqrt,1.5934115848484665,1.8010581532391449e-17,0,1.5934115848484665,1.8010581532391449e-17,0,0.0010115220251051427,0.0016117709131319158,true,,false,true,true,false,convergence,unconfirmed_at_21,unconfirmed_at_21,resource_pilot,false
1.0.0,p1_dimer_resource_pilot,p1_pilot_rigid_ka010_d0210_t000,d97b7c88e857e92b1bdf3ec3b8418ca3ce4339ecd4cb57436fca988016901f61,development,2026-08-19T20:17:27.345044Z,2026-08-19T20:25:41.478313Z,a5a2a9c58f5e65b7986e24c7c64879246d946131,campaigns/p1/pilot_manifest.yaml,d8f56ce20f6f0821d84fd6f36e1f76c855f63f55d809ba9a7201ba52097a43bf,9d360de6e61d901cff3f84c477f367773251103db12386dbb8156bd1ec2addca,/home/luigui/Documents/silva-bruus-multiscattering/.venv/bin/python scripts/run_p1_5_timed_pilot.py --execute,"{""machine"":""x86_64"",""mkl_num_threads"":""1"",""numexpr_num_threads"":""1"",""numpy_version"":""2.5.1"",""omp_num_threads"":""1"",""openblas_num_threads"":""1"",""platform"":""Linux-7.0.0-28-generic-x86_64-with-glibc2.39"",""python_executable"":""/home/luigui/Documents/silva-bruus-multiscattering/.venv/bin/python"",""python_version"":""3.12.3"",""pythonhashseed"":""0"",""scipy_version"":""1.18.0"",""veclib_maximum_threads"":""1""}",1,0.10000000000000001,0.10000000000000001,1,0,false,1,rigid,exp(-i omega t),2,1,resource_pilot,1.05,0,0,2.1000000000000001,2.1000000000000001,35c18368ed60abca1eef89b8aeeb1f09b16a455ce330dc4b04a08155543fb053,B_E,interaction,11,144,66,132,balanced_sqrt,-1.5934115848484667,2.1675793364474283e-16,0,-1.5934115848484667,2.1675793364474283e-16,0,0.0010115220251051427,0.0016117709131319158,true,,false,true,true,false,convergence,unconfirmed_at_21,unconfirmed_at_21,resource_pilot,false
1.0.0,p1_dimer_resource_pilot,p1_pilot_rigid_ka010_d0210_t000,d97b7c88e857e92b1bdf3ec3b8418ca3ce4339ecd4cb57436fca988016901f61,development,2026-08-19T20:17:27.345044Z,2026-08-19T20:25:41.478313Z,a5a2a9c58f5e65b7986e24c7c64879246d946131,campaigns/p1/pilot_manifest.yaml,d8f56ce20f6f0821d84fd6f36e1f76c855f63f55d809ba9a7201ba52097a43bf,9d360de6e61d901cff3f84c477f367773251103db12386dbb8156bd1ec2addca,/home/luigui/Documents/silva-bruus-multiscattering/.venv/bin/python scripts/run_p1_5_timed_pilot.py --execute,"{""machine"":""x86_64"",""mkl_num_threads"":""1"",""numexpr_num_threads"":""1"",""numpy_version"":""2.5.1"",""omp_num_threads"":""1"",""openblas_num_threads"":""1"",""platform"":""Linux-7.0.0-28-generic-x86_64-with-glibc2.39"",""python_executable"":""/home/luigui/Documents/silva-bruus-multiscattering/.venv/bin/python"",""python_version"":""3.12.3"",""pythonhashseed"":""0"",""scipy_version"":""1.18.0"",""veclib_maximum_threads"":""1""}",1,0.10000000000000001,0.10000000000000001,1,0,false,1,rigid,exp(-i omega t),2,0,resource_pilot,-1.05,-0,-0,2.1000000000000001,2.1000000000000001,35c18368ed60abca1eef89b8aeeb1f09b16a455ce330dc4b04a08155543fb053,B_E,external_scattered,11,144,66,132,balanced_sqrt,1.2222859950685863,1.1219980663003051e-17,0,1.2222859950685863,1.1219980663003051e-17,0,0.00013734438988563329,0.00016787412425844916,true,,false,true,true,false,convergence,unconfirmed_at_21,unconfirmed_at_21,resource_pilot,false
1.0.0,p1_dimer_resource_pilot,p1_pilot_rigid_ka010_d0210_t000,d97b7c88e857e92b1bdf3ec3b8418ca3ce4339ecd4cb57436fca988016901f61,development,2026-08-19T20:17:27.345044Z,2026-08-19T20:25:41.478313Z,a5a2a9c58f5e65b7986e24c7c64879246d946131,campaigns/p1/pilot_manifest.yaml,d8f56ce20f6f0821d84fd6f36e1f76c855f63f55d809ba9a7201ba52097a43bf,9d360de6e61d901cff3f84c477f367773251103db12386dbb8156bd1ec2addca,/home/luigui/Documents/silva-bruus-multiscattering/.venv/bin/python scripts/run_p1_5_timed_pilot.py --execute,"{""machine"":""x86_64"",""mkl_num_threads"":""1"",""numexpr_num_threads"":""1"",""numpy_version"":""2.5.1"",""omp_num_threads"":""1"",""openblas_num_threads"":""1"",""platform"":""Linux-7.0.0-28-generic-x86_64-with-glibc2.39"",""python_executable"":""/home/luigui/Documents/silva-bruus-multiscattering/.venv/bin/python"",""python_version"":""3.12.3"",""pythonhashseed"":""0"",""scipy_version"":""1.18.0"",""veclib_maximum_threads"":""1""}",1,0.10000000000000001,0.10000000000000001,1,0,false,1,rigid,exp(-i omega t),2,1,resource_pilot,1.05,0,0,2.1000000000000001,2.1000000000000001,35c18368ed60abca1eef89b8aeeb1f09b16a455ce330dc4b04a08155543fb053,B_E,external_scattered,11,144,66,132,balanced_sqrt,-1.2222859950685865,1.6314412632634273e-16,0,-1.2222859950685865,1.6314412632634273e-16,0,0.00013734438988563329,0.00016787412425844916,true,,false,true,true,false,convergence,unconfirmed_at_21,unconfirmed_at_21,resource_pilot,false
1.0.0,p1_dimer_resource_pilot,p1_pilot_rigid_ka010_d0210_t000,d97b7c88e857e92b1bdf3ec3b8418ca3ce4339ecd4cb57436fca988016901f61,development,2026-08-19T20:17:27.345044Z,2026-08-19T20:25:41.478313Z,a5a2a9c58f5e65b7986e24c7c64879246d946131,campaigns/p1/pilot_manifest.yaml,d8f56ce20f6f0821d84fd6f36e1f76c855f63f55d809ba9a7201ba52097a43bf,9d360de6e61d901cff3f84c477f367773251103db12386dbb8156bd1ec2addca,/home/luigui/Documents/silva-bruus-multiscattering/.venv/bin/python scripts/run_p1_5_timed_pilot.py --execute,"{""machine"":""x86_64"",""mkl_num_threads"":""1"",""numexpr_num_threads"":""1"",""numpy_version"":""2.5.1"",""omp_num_threads"":""1"",""openblas_num_threads"":""1"",""platform"":""Linux-7.0.0-28-generic-x86_64-with-glibc2.39"",""python_executable"":""/home/luigui/Documents/silva-bruus-multiscattering/.venv/bin/python"",""python_version"":""3.12.3"",""pythonhashseed"":""0"",""scipy_version"":""1.18.0"",""veclib_maximum_threads"":""1""}",1,0.10000000000000001,0.10000000000000001,1,0,false,1,rigid,exp(-i omega t),2,0,resource_pilot,-1.05,-0,-0,2.1000000000000001,2.1000000000000001,35c18368ed60abca1eef89b8aeeb1f09b16a455ce330dc4b04a08155543fb053,B_E,scattered_scattered,11,144,66,132,balanced_sqrt,0.37112558977988025,6.7906008693883972e-18,0,0.37112558977988025,6.7906008693883972e-18,0,0.0038905880613889152,0.0014438967888735221,true,,false,true,true,false,convergence,unconfirmed_at_21,unconfirmed_at_21,resource_pilot,false
1.0.0,p1_dimer_resource_pilot,p1_pilot_rigid_ka010_d0210_t000,d97b7c88e857e92b1bdf3ec3b8418ca3ce4339ecd4cb57436fca988016901f61,development,2026-08-19T20:17:27.345044Z,2026-08-19T20:25:41.478313Z,a5a2a9c58f5e65b7986e24c7c64879246d946131,campaigns/p1/pilot_manifest.yaml,d8f56ce20f6f0821d84fd6f36e1f76c855f63f55d809ba9a7201ba52097a43bf,9d360de6e61d901cff3f84c477f367773251103db12386dbb8156bd1ec2addca,/home/luigui/Documents/silva-bruus-multiscattering/.venv/bin/python scripts/run_p1_5_timed_pilot.py --execute,"{""machine"":""x86_64"",""mkl_num_threads"":""1"",""numexpr_num_threads"":""1"",""numpy_version"":""2.5.1"",""omp_num_threads"":""1"",""openblas_num_threads"":""1"",""platform"":""Linux-7.0.0-28-generic-x86_64-with-glibc2.39"",""python_executable"":""/home/luigui/Documents/silva-bruus-multiscattering/.venv/bin/python"",""python_version"":""3.12.3"",""pythonhashseed"":""0"",""scipy_version"":""1.18.0"",""veclib_maximum_threads"":""1""}",1,0.10000000000000001,0.10000000000000001,1,0,false,1,rigid,exp(-i omega t),2,1,resource_pilot,1.05,0,0,2.1000000000000001,2.1000000000000001,35c18368ed60abca1eef89b8aeeb1f09b16a455ce330dc4b04a08155543fb053,B_E,scattered_scattered,11,144,66,132,balanced_sqrt,-0.37112558977988025,5.3613807318400111e-17,0,-0.37112558977988025,5.3613807318400111e-17,0,0.0038905880613889152,0.0014438967888735221,true,,false,true,true,false,convergence,unconfirmed_at_21,unconfirmed_at_21,resource_pilot,false
1.0.0,p1_dimer_resource_pilot,p1_pilot_rigid_ka010_d0210_t000,d97b7c88e857e92b1bdf3ec3b8418ca3ce4339ecd4cb57436fca988016901f61,development,2026-08-19T20:17:27.345044Z,2026-08-19T20:25:41.478313Z,a5a2a9c58f5e65b7986e24c7c64879246d946131,campaigns/p1/pilot_manifest.yaml,d8f56ce20f6f0821d84fd6f36e1f76c855f63f55d809ba9a7201ba52097a43bf,9d360de6e61d901cff3f84c477f367773251103db12386dbb8156bd1ec2addca,/home/luigui/Documents/silva-bruus-multiscattering/.venv/bin/python scripts/run_p1_5_timed_pilot.py --execute,"{""machine"":""x86_64"",""mkl_num_threads"":""1"",""numexpr_num_threads"":""1"",""numpy_version"":""2.5.1"",""omp_num_threads"":""1"",""openblas_num_threads"":""1"",""platform"":""Linux-7.0.0-28-generic-x86_64-with-glibc2.39"",""python_executable"":""/home/luigui/Documents/silva-bruus-multiscattering/.venv/bin/python"",""python_version"":""3.12.3"",""pythonhashseed"":""0"",""scipy_version"":""1.18.0"",""veclib_maximum_threads"":""1""}",1,0.10000000000000001,0.10000000000000001,1,0,false,1,rigid,exp(-i omega t),2,0,resource_pilot,-1.05,-0,-0,2.1000000000000001,2.1000000000000001,35c18368ed60abca1eef89b8aeeb1f09b16a455ce330dc4b04a08155543fb053,B_E,total,12,169,78,156,balanced_sqrt,1.5942629623643516,1.8350883620134744e-17,0,1.5942629623643516,1.8350883620134744e-17,0,0.00053402577616345082,0.00085137751588526545,true,,false,true,true,false,convergence,unconfirmed_at_21,unconfirmed_at_21,resource_pilot,false
1.0.0,p1_dimer_resource_pilot,p1_pilot_rigid_ka010_d0210_t000,d97b7c88e857e92b1bdf3ec3b8418ca3ce4339ecd4cb57436fca988016901f61,development,2026-08-19T20:17:27.345044Z,2026-08-19T20:25:41.478313Z,a5a2a9c58f5e65b7986e24c7c64879246d946131,campaigns/p1/pilot_manifest.yaml,d8f56ce20f6f0821d84fd6f36e1f76c855f63f55d809ba9a7201ba52097a43bf,9d360de6e61d901cff3f84c477f367773251103db12386dbb8156bd1ec2addca,/home/luigui/Documents/silva-bruus-multiscattering/.venv/bin/python scripts/run_p1_5_timed_pilot.py --execute,"{""machine"":""x86_64"",""mkl_num_threads"":""1"",""numexpr_num_threads"":""1"",""numpy_version"":""2.5.1"",""omp_num_threads"":""1"",""openblas_num_threads"":""1"",""platform"":""Linux-7.0.0-28-generic-x86_64-with-glibc2.39"",""python_executable"":""/home/luigui/Documents/silva-bruus-multiscattering/.venv/bin/python"",""python_version"":""3.12.3"",""pythonhashseed"":""0"",""scipy_version"":""1.18.0"",""veclib_maximum_threads"":""1""}",1,0.10000000000000001,0.10000000000000001,1,0,false,1,rigid,exp(-i omega t),2,1,resource_pilot,1.05,0,0,2.1000000000000001,2.1000000000000001,35c18368ed60abca1eef89b8aeeb1f09b16a455ce330dc4b04a08155543fb053,B_E,total,12,169,78,156,balanced_sqrt,-1.5942629623643521,2.1750024632256518e-16,0,-1.5942629623643521,2.1750024632256518e-16,0,0.00053402577616345082,0.00085137751588526545,true,,false,true,true,false,convergence,unconfirmed_at_21,unconfirmed_at_21,resource_pilot,false
1.0.0,p1_dimer_resource_pilot,p1_pilot_rigid_ka010_d0210_t000,d97b7c88e857e92b1bdf3ec3b8418ca3ce4339ecd4cb57436fca988016901f61,development,2026-08-19T20:17:27.345044Z,2026-08-19T20:25:41.478313Z,a5a2a9c58f5e65b7986e24c7c64879246d946131,campaigns/p1/pilot_manifest.yaml,d8f56ce20f6f0821d84fd6f36e1f76c855f63f55d809ba9a7201ba52097a43bf,9d360de6e61d901cff3f84c477f367773251103db12386dbb8156bd1ec2addca,/home/luigui/Documents/silva-bruus-multiscattering/.venv/bin/python scripts/run_p1_5_timed_pilot.py --execute,"{""machine"":""x86_64"",""mkl_num_threads"":""1"",""numexpr_num_threads"":""1"",""numpy_version"":""2.5.1"",""omp_num_threads"":""1"",""openblas_num_threads"":""1"",""platform"":""Linux-7.0.0-28-generic-x86_64-with-glibc2.39"",""python_executable"":""/home/luigui/Documents/silva-bruus-multiscattering/.venv/bin/python"",""python_version"":""3.12.3"",""pythonhashseed"":""0"",""scipy_version"":""1.18.0"",""veclib_maximum_threads"":""1""}",1,0.10000000000000001,0.10000000000000001,1,0,false,1,rigid,exp(-i omega t),2,0,resource_pilot,-1.05,-0,-0,2.1000000000000001,2.1000000000000001,35c18368ed60abca1eef89b8aeeb1f09b16a455ce330dc4b04a08155543fb053,B_E,interaction,12,169,78,156,balanced_sqrt,1.5942629623643516,1.8350883620134744e-17,0,1.5942629623643516,1.8350883620134744e-17,0,0.00053402577616345082,0.00085137751588526545,true,,false,true,true,false,convergence,unconfirmed_at_21,unconfirmed_at_21,resource_pilot,false
1.0.0,p1_dimer_resource_pilot,p1_pilot_rigid_ka010_d0210_t000,d97b7c88e857e92b1bdf3ec3b8418ca3ce4339ecd4cb57436fca988016901f61,development,2026-08-19T20:17:27.345044Z,2026-08-19T20:25:41.478313Z,a5a2a9c58f5e65b7986e24c7c64879246d946131,campaigns/p1/pilot_manifest.yaml,d8f56ce20f6f0821d84fd6f36e1f76c855f63f55d809ba9a7201ba52097a43bf,9d360de6e61d901cff3f84c477f367773251103db12386dbb8156bd1ec2addca,/home/luigui/Documents/silva-bruus-multiscattering/.venv/bin/python scripts/run_p1_5_timed_pilot.py --execute,"{""machine"":""x86_64"",""mkl_num_threads"":""1"",""numexpr_num_threads"":""1"",""numpy_version"":""2.5.1"",""omp_num_threads"":""1"",""openblas_num_threads"":""1"",""platform"":""Linux-7.0.0-28-generic-x86_64-with-glibc2.39"",""python_executable"":""/home/luigui/Documents/silva-bruus-multiscattering/.venv/bin/python"",""python_version"":""3.12.3"",""pythonhashseed"":""0"",""scipy_version"":""1.18.0"",""veclib_maximum_threads"":""1""}",1,0.10000000000000001,0.10000000000000001,1,0,false,1,rigid,exp(-i omega t),2,1,resource_pilot,1.05,0,0,2.1000000000000001,2.1000000000000001,35c18368ed60abca1eef89b8aeeb1f09b16a455ce330dc4b04a08155543fb053,B_E,interaction,12,169,78,156,balanced_sqrt,-1.5942629623643521,2.1750024632256518e-16,0,-1.5942629623643521,2.1750024632256518e-16,0,0.00053402577616345082,0.00085137751588526545,true,,false,true,true,false,convergence,unconfirmed_at_21,unconfirmed_at_21,resource_pilot,false
1.0.0,p1_dimer_resource_pilot,p1_pilot_rigid_ka010_d0210_t000,d97b7c88e857e92b1bdf3ec3b8418ca3ce4339ecd4cb57436fca988016901f61,development,2026-08-19T20:17:27.345044Z,2026-08-19T20:25:41.478313Z,a5a2a9c58f5e65b7986e24c7c64879246d946131,campaigns/p1/pilot_manifest.yaml,d8f56ce20f6f0821d84fd6f36e1f76c855f63f55d809ba9a7201ba52097a43bf,9d360de6e61d901cff3f84c477f367773251103db12386dbb8156bd1ec2addca,/home/luigui/Documents/silva-bruus-multiscattering/.venv/bin/python scripts/run_p1_5_timed_pilot.py --execute,"{""machine"":""x86_64"",""mkl_num_threads"":""1"",""numexpr_num_threads"":""1"",""numpy_version"":""2.5.1"",""omp_num_threads"":""1"",""openblas_num_threads"":""1"",""platform"":""Linux-7.0.0-28-generic-x86_64-with-glibc2.39"",""python_executable"":""/home/luigui/Documents/silva-bruus-multiscattering/.venv/bin/python"",""python_version"":""3.12.3"",""pythonhashseed"":""0"",""scipy_version"":""1.18.0"",""veclib_maximum_threads"":""1""}",1,0.10000000000000001,0.10000000000000001,1,0,false,1,rigid,exp(-i omega t),2,0,resource_pilot,-1.05,-0,-0,2.1000000000000001,2.1000000000000001,35c18368ed60abca1eef89b8aeeb1f09b16a455ce330dc4b04a08155543fb053,B_E,external_scattered,12,169,78,156,balanced_sqrt,1.2223655964136566,1.1862492085132723e-17,0,1.2223655964136566,1.1862492085132723e-17,0,6.5120734176330868e-05,7.9601345070345886e-05,true,,false,true,true,false,convergence,unconfirmed_at_21,unconfirmed_at_21,resource_pilot,false
1.0.0,p1_dimer_resource_pilot,p1_pilot_rigid_ka010_d0210_t000,d97b7c88e857e92b1bdf3ec3b8418ca3ce4339ecd4cb57436fca988016901f61,development,2026-08-19T20:17:27.345044Z,2026-08-19T20:25:41.478313Z,a5a2a9c58f5e65b7986e24c7c64879246d946131,campaigns/p1/pilot_manifest.yaml,d8f56ce20f6f0821d84fd6f36e1f76c855f63f55d809ba9a7201ba52097a43bf,9d360de6e61d901cff3f84c477f367773251103db12386dbb8156bd1ec2addca,/home/luigui/Documents/silva-bruus-multiscattering/.venv/bin/python scripts/run_p1_5_timed_pilot.py --execute,"{""machine"":""x86_64"",""mkl_num_threads"":""1"",""numexpr_num_threads"":""1"",""numpy_version"":""2.5.1"",""omp_num_threads"":""1"",""openblas_num_threads"":""1"",""platform"":""Linux-7.0.0-28-generic-x86_64-with-glibc2.39"",""python_executable"":""/home/luigui/Documents/silva-bruus-multiscattering/.venv/bin/python"",""python_version"":""3.12.3"",""pythonhashseed"":""0"",""scipy_version"":""1.18.0"",""veclib_maximum_threads"":""1""}",1,0.10000000000000001,0.10000000000000001,1,0,false,1,rigid,exp(-i omega t),2,1,resource_pilot,1.05,0,0,2.1000000000000001,2.1000000000000001,35c18368ed60abca1eef89b8aeeb1f09b16a455ce330dc4b04a08155543fb053,B_E,external_scattered,12,169,78,156,balanced_sqrt,-1.2223655964136568,1.6344923891440356e-16,0,-1.2223655964136568,1.6344923891440356e-16,0,6.5120734176330868e-05,7.9601345070345886e-05,true,,false,true,true,false,convergence,unconfirmed_at_21,unconfirmed_at_21,resource_pilot,false
1.0.0,p1_dimer_resource_pilot,p1_pilot_rigid_ka010_d0210_t000,d97b7c88e857e92b1bdf3ec3b8418ca3ce4339ecd4cb57436fca988016901f61,development,2026-08-19T20:17:27.345044Z,2026-08-19T20:25:41.478313Z,a5a2a9c58f5e65b7986e24c7c64879246d946131,campaigns/p1/pilot_manifest.yaml,d8f56ce20f6f0821d84fd6f36e1f76c855f63f55d809ba9a7201ba52097a43bf,9d360de6e61d901cff3f84c477f367773251103db12386dbb8156bd1ec2addca,/home/luigui/Documents/silva-bruus-multiscattering/.venv/bin/python scripts/run_p1_5_timed_pilot.py --execute,"{""machine"":""x86_64"",""mkl_num_threads"":""1"",""numexpr_num_threads"":""1"",""numpy_version"":""2.5.1"",""omp_num_threads"":""1"",""openblas_num_threads"":""1"",""platform"":""Linux-7.0.0-28-generic-x86_64-with-glibc2.39"",""python_executable"":""/home/luigui/Documents/silva-bruus-multiscattering/.venv/bin/python"",""python_version"":""3.12.3"",""pythonhashseed"":""0"",""scipy_version"":""1.18.0"",""veclib_maximum_threads"":""1""}",1,0.10000000000000001,0.10000000000000001,1,0,false,1,rigid,exp(-i omega t),2,0,resource_pilot,-1.05,-0,-0,2.1000000000000001,2.1000000000000001,35c18368ed60abca1eef89b8aeeb1f09b16a455ce330dc4b04a08155543fb053,B_E,scattered_scattered,12,169,78,156,balanced_sqrt,0.371897365950695,6.4883915350020214e-18,0,0.371897365950695,6.4883915350020214e-18,0,0.0020752396802863715,0.00077177617081486416,true,,false,true,true,false,convergence,unconfirmed_at_21,unconfirmed_at_21,resource_pilot,false
1.0.0,p1_dimer_resource_pilot,p1_pilot_rigid_ka010_d0210_t000,d97b7c88e857e92b1bdf3ec3b8418ca3ce4339ecd4cb57436fca988016901f61,development,2026-08-19T20:17:27.345044Z,2026-08-19T20:25:41.478313Z,a5a2a9c58f5e65b7986e24c7c64879246d946131,campaigns/p1/pilot_manifest.yaml,d8f56ce20f6f0821d84fd6f36e1f76c855f63f55d809ba9a7201ba52097a43bf,9d360de6e61d901cff3f84c477f367773251103db12386dbb8156bd1ec2addca,/home/luigui/Documents/silva-bruus-multiscattering/.venv/bin/python scripts/run_p1_5_timed_pilot.py --execute,"{""machine"":""x86_64"",""mkl_num_threads"":""1"",""numexpr_num_threads"":""1"",""numpy_version"":""2.5.1"",""omp_num_threads"":""1"",""openblas_num_threads"":""1"",""platform"":""Linux-7.0.0-28-generic-x86_64-with-glibc2.39"",""python_executable"":""/home/luigui/Documents/silva-bruus-multiscattering/.venv/bin/python"",""python_version"":""3.12.3"",""pythonhashseed"":""0"",""scipy_version"":""1.18.0"",""veclib_maximum_threads"":""1""}",1,0.10000000000000001,0.10000000000000001,1,0,false,1,rigid,exp(-i omega t),2,1,resource_pilot,1.05,0,0,2.1000000000000001,2.1000000000000001,35c18368ed60abca1eef89b8aeeb1f09b16a455ce330dc4b04a08155543fb053,B_E,scattered_scattered,12,169,78,156,balanced_sqrt,-0.37189736595069522,5.4051007408161629e-17,0,-0.37189736595069522,5.4051007408161629e-17,0,0.0020752396802863715,0.00077177617081486416,true,,false,true,true,false,convergence,unconfirmed_at_21,unconfirmed_at_21,resource_pilot,false
1.0.0,p1_dimer_resource_pilot,p1_pilot_rigid_ka010_d0210_t000,d97b7c88e857e92b1bdf3ec3b8418ca3ce4339ecd4cb57436fca988016901f61,development,2026-08-19T20:17:27.345044Z,2026-08-19T20:25:41.478313Z,a5a2a9c58f5e65b7986e24c7c64879246d946131,campaigns/p1/pilot_manifest.yaml,d8f56ce20f6f0821d84fd6f36e1f76c855f63f55d809ba9a7201ba52097a43bf,9d360de6e61d901cff3f84c477f367773251103db12386dbb8156bd1ec2addca,/home/luigui/Documents/silva-bruus-multiscattering/.venv/bin/python scripts/run_p1_5_timed_pilot.py --execute,"{""machine"":""x86_64"",""mkl_num_threads"":""1"",""numexpr_num_threads"":""1"",""numpy_version"":""2.5.1"",""omp_num_threads"":""1"",""openblas_num_threads"":""1"",""platform"":""Linux-7.0.0-28-generic-x86_64-with-glibc2.39"",""python_executable"":""/home/luigui/Documents/silva-bruus-multiscattering/.venv/bin/python"",""python_version"":""3.12.3"",""pythonhashseed"":""0"",""scipy_version"":""1.18.0"",""veclib_maximum_threads"":""1""}",1,0.10000000000000001,0.10000000000000001,1,0,false,1,rigid,exp(-i omega t),2,0,resource_pilot,-1.05,-0,-0,2.1000000000000001,2.1000000000000001,35c18368ed60abca1eef89b8aeeb1f09b16a455ce330dc4b04a08155543fb053,B_E,total,13,196,91,182,balanced_sqrt,1.5947144158282127,1.8971664908330072e-17,0,1.5947144158282127,1.8971664908330072e-17,0,0.00028309361185928892,0.0004514534638608847,true,,false,true,true,false,convergence,unconfirmed_at_21,unconfirmed_at_21,resource_pilot,false
1.0.0,p1_dimer_resource_pilot,p1_pilot_rigid_ka010_d0210_t000,d97b7c88e857e92b1bdf3ec3b8418ca3ce4339ecd4cb57436fca988016901f61,development,2026-08-19T20:17:27.345044Z,2026-08-19T20:25:41.478313Z,a5a2a9c58f5e65b7986e24c7c64879246d946131,campaigns/p1/pilot_manifest.yaml,d8f56ce20f6f0821d84fd6f36e1f76c855f63f55d809ba9a7201ba52097a43bf,9d360de6e61d901cff3f84c477f367773251103db12386dbb8156bd1ec2addca,/home/luigui/Documents/silva-bruus-multiscattering/.venv/bin/python scripts/run_p1_5_timed_pilot.py --execute,"{""machine"":""x86_64"",""mkl_num_threads"":""1"",""numexpr_num_threads"":""1"",""numpy_version"":""2.5.1"",""omp_num_threads"":""1"",""openblas_num_threads"":""1"",""platform"":""Linux-7.0.0-28-generic-x86_64-with-glibc2.39"",""python_executable"":""/home/luigui/Documents/silva-bruus-multiscattering/.venv/bin/python"",""python_version"":""3.12.3"",""pythonhashseed"":""0"",""scipy_version"":""1.18.0"",""veclib_maximum_threads"":""1""}",1,0.10000000000000001,0.10000000000000001,1,0,false,1,rigid,exp(-i omega t),2,1,resource_pilot,1.05,0,0,2.1000000000000001,2.1000000000000001,35c18368ed60abca1eef89b8aeeb1f09b16a455ce330dc4b04a08155543fb053,B_E,total,13,196,91,182,balanced_sqrt,-1.5947144158282127,2.1729033097751772e-16,0,-1.5947144158282127,2.1729033097751772e-16,0,0.00028309361185928892,0.0004514534638608847,true,,false,true,true,false,convergence,unconfirmed_at_21,unconfirmed_at_21,resource_pilot,false
1.0.0,p1_dimer_resource_pilot,p1_pilot_rigid_ka010_d0210_t000,d97b7c88e857e92b1bdf3ec3b8418ca3ce4339ecd4cb57436fca988016901f61,development,2026-08-19T20:17:27.345044Z,2026-08-19T20:25:41.478313Z,a5a2a9c58f5e65b7986e24c7c64879246d946131,campaigns/p1/pilot_manifest.yaml,d8f56ce20f6f0821d84fd6f36e1f76c855f63f55d809ba9a7201ba52097a43bf,9d360de6e61d901cff3f84c477f367773251103db12386dbb8156bd1ec2addca,/home/luigui/Documents/silva-bruus-multiscattering/.venv/bin/python scripts/run_p1_5_timed_pilot.py --execute,"{""machine"":""x86_64"",""mkl_num_threads"":""1"",""numexpr_num_threads"":""1"",""numpy_version"":""2.5.1"",""omp_num_threads"":""1"",""openblas_num_threads"":""1"",""platform"":""Linux-7.0.0-28-generic-x86_64-with-glibc2.39"",""python_executable"":""/home/luigui/Documents/silva-bruus-multiscattering/.venv/bin/python"",""python_version"":""3.12.3"",""pythonhashseed"":""0"",""scipy_version"":""1.18.0"",""veclib_maximum_threads"":""1""}",1,0.10000000000000001,0.10000000000000001,1,0,false,1,rigid,exp(-i omega t),2,0,resource_pilot,-1.05,-0,-0,2.1000000000000001,2.1000000000000001,35c18368ed60abca1eef89b8aeeb1f09b16a455ce330dc4b04a08155543fb053,B_E,interaction,13,196,91,182,balanced_sqrt,1.5947144158282127,1.8971664908330072e-17,0,1.5947144158282127,1.8971664908330072e-17,0,0.00028309361185928892,0.0004514534638608847,true,,false,true,true,false,convergence,unconfirmed_at_21,unconfirmed_at_21,resource_pilot,false
1.0.0,p1_dimer_resource_pilot,p1_pilot_rigid_ka010_d0210_t000,d97b7c88e857e92b1bdf3ec3b8418ca3ce4339ecd4cb57436fca988016901f61,development,2026-08-19T20:17:27.345044Z,2026-08-19T20:25:41.478313Z,a5a2a9c58f5e65b7986e24c7c64879246d946131,campaigns/p1/pilot_manifest.yaml,d8f56ce20f6f0821d84fd6f36e1f76c855f63f55d809ba9a7201ba52097a43bf,9d360de6e61d901cff3f84c477f367773251103db12386dbb8156bd1ec2addca,/home/luigui/Documents/silva-bruus-multiscattering/.venv/bin/python scripts/run_p1_5_timed_pilot.py --execute,"{""machine"":""x86_64"",""mkl_num_threads"":""1"",""numexpr_num_threads"":""1"",""numpy_version"":""2.5.1"",""omp_num_threads"":""1"",""openblas_num_threads"":""1"",""platform"":""Linux-7.0.0-28-generic-x86_64-with-glibc2.39"",""python_executable"":""/home/luigui/Documents/silva-bruus-multiscattering/.venv/bin/python"",""python_version"":""3.12.3"",""pythonhashseed"":""0"",""scipy_version"":""1.18.0"",""veclib_maximum_threads"":""1""}",1,0.10000000000000001,0.10000000000000001,1,0,false,1,rigid,exp(-i omega t),2,1,resource_pilot,1.05,0,0,2.1000000000000001,2.1000000000000001,35c18368ed60abca1eef89b8aeeb1f09b16a455ce330dc4b04a08155543fb053,B_E,interaction,13,196,91,182,balanced_sqrt,-1.5947144158282127,2.1729033097751772e-16,0,-1.5947144158282127,2.1729033097751772e-16,0,0.00028309361185928892,0.0004514534638608847,true,,false,true,true,false,convergence,unconfirmed_at_21,unconfirmed_at_21,resource_pilot,false
1.0.0,p1_dimer_resource_pilot,p1_pilot_rigid_ka010_d0210_t000,d97b7c88e857e92b1bdf3ec3b8418ca3ce4339ecd4cb57436fca988016901f61,development,2026-08-19T20:17:27.345044Z,2026-08-19T20:25:41.478313Z,a5a2a9c58f5e65b7986e24c7c64879246d946131,campaigns/p1/pilot_manifest.yaml,d8f56ce20f6f0821d84fd6f36e1f76c855f63f55d809ba9a7201ba52097a43bf,9d360de6e61d901cff3f84c477f367773251103db12386dbb8156bd1ec2addca,/home/luigui/Documents/silva-bruus-multiscattering/.venv/bin/python scripts/run_p1_5_timed_pilot.py --execute,"{""machine"":""x86_64"",""mkl_num_threads"":""1"",""numexpr_num_threads"":""1"",""numpy_version"":""2.5.1"",""omp_num_threads"":""1"",""openblas_num_threads"":""1"",""platform"":""Linux-7.0.0-28-generic-x86_64-with-glibc2.39"",""python_executable"":""/home/luigui/Documents/silva-bruus-multiscattering/.venv/bin/python"",""python_version"":""3.12.3"",""pythonhashseed"":""0"",""scipy_version"":""1.18.0"",""veclib_maximum_threads"":""1""}",1,0.10000000000000001,0.10000000000000001,1,0,false,1,rigid,exp(-i omega t),2,0,resource_pilot,-1.05,-0,-0,2.1000000000000001,2.1000000000000001,35c18368ed60abca1eef89b8aeeb1f09b16a455ce330dc4b04a08155543fb053,B_E,external_scattered,13,196,91,182,balanced_sqrt,1.2224038067762444,1.194379676368566e-17,0,1.2224038067762444,1.194379676368566e-17,0,3.1258379903474332e-05,3.8210362587665081e-05,true,,false,true,true,false,convergence,unconfirmed_at_21,unconfirmed_at_21,resource_pilot,false
1.0.0,p1_dimer_resource_pilot,p1_pilot_rigid_ka010_d0210_t000,d97b7c88e857e92b1bdf3ec3b8418ca3ce4339ecd4cb57436fca988016901f61,development,2026-08-19T20:17:27.345044Z,2026-08-19T20:25:41.478313Z,a5a2a9c58f5e65b7986e24c7c64879246d946131,campaigns/p1/pilot_manifest.yaml,d8f56ce20f6f0821d84fd6f36e1f76c855f63f55d809ba9a7201ba52097a43bf,9d360de6e61d901cff3f84c477f367773251103db12386dbb8156bd1ec2addca,/home/luigui/Documents/silva-bruus-multiscattering/.venv/bin/python scripts/run_p1_5_timed_pilot.py --execute,"{""machine"":""x86_64"",""mkl_num_threads"":""1"",""numexpr_num_threads"":""1"",""numpy_version"":""2.5.1"",""omp_num_threads"":""1"",""openblas_num_threads"":""1"",""platform"":""Linux-7.0.0-28-generic-x86_64-with-glibc2.39"",""python_executable"":""/home/luigui/Documents/silva-bruus-multiscattering/.venv/bin/python"",""python_version"":""3.12.3"",""pythonhashseed"":""0"",""scipy_version"":""1.18.0"",""veclib_maximum_threads"":""1""}",1,0.10000000000000001,0.10000000000000001,1,0,false,1,rigid,exp(-i omega t),2,1,resource_pilot,1.05,0,0,2.1000000000000001,2.1000000000000001,35c18368ed60abca1eef89b8aeeb1f09b16a455ce330dc4b04a08155543fb053,B_E,external_scattered,13,196,91,182,balanced_sqrt,-1.2224038067762444,1.6331636324526529e-16,0,-1.2224038067762444,1.6331636324526529e-16,0,3.1258379903474332e-05,3.8210362587665081e-05,true,,false,true,true,false,convergence,unconfirmed_at_21,unconfirmed_at_21,resource_pilot,false
1.0.0,p1_dimer_resource_pilot,p1_pilot_rigid_ka010_d0210_t000,d97b7c88e857e92b1bdf3ec3b8418ca3ce4339ecd4cb57436fca988016901f61,development,2026-08-19T20:17:27.345044Z,2026-08-19T20:25:41.478313Z,a5a2a9c58f5e65b7986e24c7c64879246d946131,campaigns/p1/pilot_manifest.yaml,d8f56ce20f6f0821d84fd6f36e1f76c855f63f55d809ba9a7201ba52097a43bf,9d360de6e61d901cff3f84c477f367773251103db12386dbb8156bd1ec2addca,/home/luigui/Documents/silva-bruus-multiscattering/.venv/bin/python scripts/run_p1_5_timed_pilot.py --execute,"{""machine"":""x86_64"",""mkl_num_threads"":""1"",""numexpr_num_threads"":""1"",""numpy_version"":""2.5.1"",""omp_num_threads"":""1"",""openblas_num_threads"":""1"",""platform"":""Linux-7.0.0-28-generic-x86_64-with-glibc2.39"",""python_executable"":""/home/luigui/Documents/silva-bruus-multiscattering/.venv/bin/python"",""python_version"":""3.12.3"",""pythonhashseed"":""0"",""scipy_version"":""1.18.0"",""veclib_maximum_threads"":""1""}",1,0.10000000000000001,0.10000000000000001,1,0,false,1,rigid,exp(-i omega t),2,0,resource_pilot,-1.05,-0,-0,2.1000000000000001,2.1000000000000001,35c18368ed60abca1eef89b8aeeb1f09b16a455ce330dc4b04a08155543fb053,B_E,scattered_scattered,13,196,91,182,balanced_sqrt,0.37231060905196833,7.027868144644412e-18,0,0.37231060905196833,7.027868144644412e-18,0,0.0011099417830867278,0.00041324310127324737,true,,false,true,true,false,convergence,unconfirmed_at_21,unconfirmed_at_21,resource_pilot,false
1.0.0,p1_dimer_resource_pilot,p1_pilot_rigid_ka010_d0210_t000,d97b7c88e857e92b1bdf3ec3b8418ca3ce4339ecd4cb57436fca988016901f61,development,2026-08-19T20:17:27.345044Z,2026-08-19T20:25:41.478313Z,a5a2a9c58f5e65b7986e24c7c64879246d946131,campaigns/p1/pilot_manifest.yaml,d8f56ce20f6f0821d84fd6f36e1f76c855f63f55d809ba9a7201ba52097a43bf,9d360de6e61d901cff3f84c477f367773251103db12386dbb8156bd1ec2addca,/home/luigui/Documents/silva-bruus-multiscattering/.venv/bin/python scripts/run_p1_5_timed_pilot.py --execute,"{""machine"":""x86_64"",""mkl_num_threads"":""1"",""numexpr_num_threads"":""1"",""numpy_version"":""2.5.1"",""omp_num_threads"":""1"",""openblas_num_threads"":""1"",""platform"":""Linux-7.0.0-28-generic-x86_64-with-glibc2.39"",""python_executable"":""/home/luigui/Documents/silva-bruus-multiscattering/.venv/bin/python"",""python_version"":""3.12.3"",""pythonhashseed"":""0"",""scipy_version"":""1.18.0"",""veclib_maximum_threads"":""1""}",1,0.10000000000000001,0.10000000000000001,1,0,false,1,rigid,exp(-i omega t),2,1,resource_pilot,1.05,0,0,2.1000000000000001,2.1000000000000001,35c18368ed60abca1eef89b8aeeb1f09b16a455ce330dc4b04a08155543fb053,B_E,scattered_scattered,13,196,91,182,balanced_sqrt,-0.37231060905196839,5.3973967732252421e-17,0,-0.37231060905196839,5.3973967732252421e-17,0,0.0011099417830867278,0.00041324310127324737,true,,false,true,true,false,convergence,unconfirmed_at_21,unconfirmed_at_21,resource_pilot,false
1.0.0,p1_dimer_resource_pilot,p1_pilot_rigid_ka010_d0210_t000,d97b7c88e857e92b1bdf3ec3b8418ca3ce4339ecd4cb57436fca988016901f61,development,2026-08-19T20:17:27.345044Z,2026-08-19T20:25:41.478313Z,a5a2a9c58f5e65b7986e24c7c64879246d946131,campaigns/p1/pilot_manifest.yaml,d8f56ce20f6f0821d84fd6f36e1f76c855f63f55d809ba9a7201ba52097a43bf,9d360de6e61d901cff3f84c477f367773251103db12386dbb8156bd1ec2addca,/home/luigui/Documents/silva-bruus-multiscattering/.venv/bin/python scripts/run_p1_5_timed_pilot.py --execute,"{""machine"":""x86_64"",""mkl_num_threads"":""1"",""numexpr_num_threads"":""1"",""numpy_version"":""2.5.1"",""omp_num_threads"":""1"",""openblas_num_threads"":""1"",""platform"":""Linux-7.0.0-28-generic-x86_64-with-glibc2.39"",""python_executable"":""/home/luigui/Documents/silva-bruus-multiscattering/.venv/bin/python"",""python_version"":""3.12.3"",""pythonhashseed"":""0"",""scipy_version"":""1.18.0"",""veclib_maximum_threads"":""1""}",1,0.10000000000000001,0.10000000000000001,1,0,false,1,rigid,exp(-i omega t),2,0,resource_pilot,-1.05,-0,-0,2.1000000000000001,2.1000000000000001,35c18368ed60abca1eef89b8aeeb1f09b16a455ce330dc4b04a08155543fb053,B_E,total,14,225,105,210,balanced_sqrt,1.5949544902431492,2.0419630322401544e-17,0,1.5949544902431492,2.0419630322401544e-17,0,0.00015052116935314813,0.0002400744149364531,true,,false,true,true,false,convergence,unconfirmed_at_21,unconfirmed_at_21,resource_pilot,false
1.0.0,p1_dimer_resource_pilot,p1_pilot_rigid_ka010_d0210_t000,d97b7c88e857e92b1bdf3ec3b8418ca3ce4339ecd4cb57436fca988016901f61,development,2026-08-19T20:17:27.345044Z,2026-08-19T20:25:41.478313Z,a5a2a9c58f5e65b7986e24c7c64879246d946131,campaigns/p1/pilot_manifest.yaml,d8f56ce20f6f0821d84fd6f36e1f76c855f63f55d809ba9a7201ba52097a43bf,9d360de6e61d901cff3f84c477f367773251103db12386dbb8156bd1ec2addca,/home/luigui/Documents/silva-bruus-multiscattering/.venv/bin/python scripts/run_p1_5_timed_pilot.py --execute,"{""machine"":""x86_64"",""mkl_num_threads"":""1"",""numexpr_num_threads"":""1"",""numpy_version"":""2.5.1"",""omp_num_threads"":""1"",""openblas_num_threads"":""1"",""platform"":""Linux-7.0.0-28-generic-x86_64-with-glibc2.39"",""python_executable"":""/home/luigui/Documents/silva-bruus-multiscattering/.venv/bin/python"",""python_version"":""3.12.3"",""pythonhashseed"":""0"",""scipy_version"":""1.18.0"",""veclib_maximum_threads"":""1""}",1,0.10000000000000001,0.10000000000000001,1,0,false,1,rigid,exp(-i omega t),2,1,resource_pilot,1.05,0,0,2.1000000000000001,2.1000000000000001,35c18368ed60abca1eef89b8aeeb1f09b16a455ce330dc4b04a08155543fb053,B_E,total,14,225,105,210,balanced_sqrt,-1.5949544902431492,2.1601528942251782e-16,0,-1.5949544902431492,2.1601528942251782e-16,0,0.00015052116935314813,0.0002400744149364531,true,,false,true,true,false,convergence,unconfirmed_at_21,unconfirmed_at_21,resource_pilot,false
1.0.0,p1_dimer_resource_pilot,p1_pilot_rigid_ka010_d0210_t000,d97b7c88e857e92b1bdf3ec3b8418ca3ce4339ecd4cb57436fca988016901f61,development,2026-08-19T20:17:27.345044Z,2026-08-19T20:25:41.478313Z,a5a2a9c58f5e65b7986e24c7c64879246d946131,campaigns/p1/pilot_manifest.yaml,d8f56ce20f6f0821d84fd6f36e1f76c855f63f55d809ba9a7201ba52097a43bf,9d360de6e61d901cff3f84c477f367773251103db12386dbb8156bd1ec2addca,/home/luigui/Documents/silva-bruus-multiscattering/.venv/bin/python scripts/run_p1_5_timed_pilot.py --execute,"{""machine"":""x86_64"",""mkl_num_threads"":""1"",""numexpr_num_threads"":""1"",""numpy_version"":""2.5.1"",""omp_num_threads"":""1"",""openblas_num_threads"":""1"",""platform"":""Linux-7.0.0-28-generic-x86_64-with-glibc2.39"",""python_executable"":""/home/luigui/Documents/silva-bruus-multiscattering/.venv/bin/python"",""python_version"":""3.12.3"",""pythonhashseed"":""0"",""scipy_version"":""1.18.0"",""veclib_maximum_threads"":""1""}",1,0.10000000000000001,0.10000000000000001,1,0,false,1,rigid,exp(-i omega t),2,0,resource_pilot,-1.05,-0,-0,2.1000000000000001,2.1000000000000001,35c18368ed60abca1eef89b8aeeb1f09b16a455ce330dc4b04a08155543fb053,B_E,interaction,14,225,105,210,balanced_sqrt,1.5949544902431492,2.0419630322401544e-17,0,1.5949544902431492,2.0419630322401544e-17,0,0.00015052116935314813,0.0002400744149364531,true,,false,true,true,false,convergence,unconfirmed_at_21,unconfirmed_at_21,resource_pilot,false
1.0.0,p1_dimer_resource_pilot,p1_pilot_rigid_ka010_d0210_t000,d97b7c88e857e92b1bdf3ec3b8418ca3ce4339ecd4cb57436fca988016901f61,development,2026-08-19T20:17:27.345044Z,2026-08-19T20:25:41.478313Z,a5a2a9c58f5e65b7986e24c7c64879246d946131,campaigns/p1/pilot_manifest.yaml,d8f56ce20f6f0821d84fd6f36e1f76c855f63f55d809ba9a7201ba52097a43bf,9d360de6e61d901cff3f84c477f367773251103db12386dbb8156bd1ec2addca,/home/luigui/Documents/silva-bruus-multiscattering/.venv/bin/python scripts/run_p1_5_timed_pilot.py --execute,"{""machine"":""x86_64"",""mkl_num_threads"":""1"",""numexpr_num_threads"":""1"",""numpy_version"":""2.5.1"",""omp_num_threads"":""1"",""openblas_num_threads"":""1"",""platform"":""Linux-7.0.0-28-generic-x86_64-with-glibc2.39"",""python_executable"":""/home/luigui/Documents/silva-bruus-multiscattering/.venv/bin/python"",""python_version"":""3.12.3"",""pythonhashseed"":""0"",""scipy_version"":""1.18.0"",""veclib_maximum_threads"":""1""}",1,0.10000000000000001,0.10000000000000001,1,0,false,1,rigid,exp(-i omega t),2,1,resource_pilot,1.05,0,0,2.1000000000000001,2.1000000000000001,35c18368ed60abca1eef89b8aeeb1f09b16a455ce330dc4b04a08155543fb053,B_E,interaction,14,225,105,210,balanced_sqrt,-1.5949544902431492,2.1601528942251782e-16,0,-1.5949544902431492,2.1601528942251782e-16,0,0.00015052116935314813,0.0002400744149364531,true,,false,true,true,false,convergence,unconfirmed_at_21,unconfirmed_at_21,resource_pilot,false
1.0.0,p1_dimer_resource_pilot,p1_pilot_rigid_ka010_d0210_t000,d97b7c88e857e92b1bdf3ec3b8418ca3ce4339ecd4cb57436fca988016901f61,development,2026-08-19T20:17:27.345044Z,2026-08-19T20:25:41.478313Z,a5a2a9c58f5e65b7986e24c7c64879246d946131,campaigns/p1/pilot_manifest.yaml,d8f56ce20f6f0821d84fd6f36e1f76c855f63f55d809ba9a7201ba52097a43bf,9d360de6e61d901cff3f84c477f367773251103db12386dbb8156bd1ec2addca,/home/luigui/Documents/silva-bruus-multiscattering/.venv/bin/python scripts/run_p1_5_timed_pilot.py --execute,"{""machine"":""x86_64"",""mkl_num_threads"":""1"",""numexpr_num_threads"":""1"",""numpy_version"":""2.5.1"",""omp_num_threads"":""1"",""openblas_num_threads"":""1"",""platform"":""Linux-7.0.0-28-generic-x86_64-with-glibc2.39"",""python_executable"":""/home/luigui/Documents/silva-bruus-multiscattering/.venv/bin/python"",""python_version"":""3.12.3"",""pythonhashseed"":""0"",""scipy_version"":""1.18.0"",""veclib_maximum_threads"":""1""}",1,0.10000000000000001,0.10000000000000001,1,0,false,1,rigid,exp(-i omega t),2,0,resource_pilot,-1.05,-0,-0,2.1000000000000001,2.1000000000000001,35c18368ed60abca1eef89b8aeeb1f09b16a455ce330dc4b04a08155543fb053,B_E,external_scattered,14,225,105,210,balanced_sqrt,1.2224223536254606,1.305733573646425e-17,0,1.2224223536254606,1.305733573646425e-17,0,1.5172210456720854e-05,1.854684921620553e-05,true,,false,true,true,false,convergence,unconfirmed_at_21,unconfirmed_at_21,resource_pilot,false
1.0.0,p1_dimer_resource_pilot,p1_pilot_rigid_ka010_d0210_t000,d97b7c88e857e92b1bdf3ec3b8418ca3ce4339ecd4cb57436fca988016901f61,development,2026-08-19T20:17:27.345044Z,2026-08-19T20:25:41.478313Z,a5a2a9c58f5e65b7986e24c7c64879246d946131,campaigns/p1/pilot_manifest.yaml,d8f56ce20f6f0821d84fd6f36e1f76c855f63f55d809ba9a7201ba52097a43bf,9d360de6e61d901cff3f84c477f367773251103db12386dbb8156bd1ec2addca,/home/luigui/Documents/silva-bruus-multiscattering/.venv/bin/python scripts/run_p1_5_timed_pilot.py --execute,"{""machine"":""x86_64"",""mkl_num_threads"":""1"",""numexpr_num_threads"":""1"",""numpy_version"":""2.5.1"",""omp_num_threads"":""1"",""openblas_num_threads"":""1"",""platform"":""Linux-7.0.0-28-generic-x86_64-with-glibc2.39"",""python_executable"":""/home/luigui/Documents/silva-bruus-multiscattering/.venv/bin/python"",""python_version"":""3.12.3"",""pythonhashseed"":""0"",""scipy_version"":""1.18.0"",""veclib_maximum_threads"":""1""}",1,0.10000000000000001,0.10000000000000001,1,0,false,1,rigid,exp(-i omega t),2,1,resource_pilot,1.05,0,0,2.1000000000000001,2.1000000000000001,35c18368ed60abca1eef89b8aeeb1f09b16a455ce330dc4b04a08155543fb053,B_E,external_scattered,14,225,105,210,balanced_sqrt,-1.2224223536254606,1.6239106384383162e-16,0,-1.2224223536254606,1.6239106384383162e-16,0,1.5172210456720854e-05,1.854684921620553e-05,true,,false,true,true,false,convergence,unconfirmed_at_21,unconfirmed_at_21,resource_pilot,false
1.0.0,p1_dimer_resource_pilot,p1_pilot_rigid_ka010_d0210_t000,d97b7c88e857e92b1bdf3ec3b8418ca3ce4339ecd4cb57436fca988016901f61,development,2026-08-19T20:17:27.345044Z,2026-08-19T20:25:41.478313Z,a5a2a9c58f5e65b7986e24c7c64879246d946131,campaigns/p1/pilot_manifest.yaml,d8f56ce20f6f0821d84fd6f36e1f76c855f63f55d809ba9a7201ba52097a43bf,9d360de6e61d901cff3f84c477f367773251103db12386dbb8156bd1ec2addca,/home/luigui/Documents/silva-bruus-multiscattering/.venv/bin/python scripts/run_p1_5_timed_pilot.py --execute,"{""machine"":""x86_64"",""mkl_num_threads"":""1"",""numexpr_num_threads"":""1"",""numpy_version"":""2.5.1"",""omp_num_threads"":""1"",""openblas_num_threads"":""1"",""platform"":""Linux-7.0.0-28-generic-x86_64-with-glibc2.39"",""python_executable"":""/home/luigui/Documents/silva-bruus-multiscattering/.venv/bin/python"",""python_version"":""3.12.3"",""pythonhashseed"":""0"",""scipy_version"":""1.18.0"",""veclib_maximum_threads"":""1""}",1,0.10000000000000001,0.10000000000000001,1,0,false,1,rigid,exp(-i omega t),2,0,resource_pilot,-1.05,-0,-0,2.1000000000000001,2.1000000000000001,35c18368ed60abca1eef89b8aeeb1f09b16a455ce330dc4b04a08155543fb053,B_E,scattered_scattered,14,225,105,210,balanced_sqrt,0.37253213661768853,7.3622945859372945e-18,0,0.37253213661768853,7.3622945859372945e-18,0,0.00059465357198836021,0.0002215275657201643,true,,false,true,true,false,convergence,unconfirmed_at_21,unconfirmed_at_21,resource_pilot,false
1.0.0,p1_dimer_resource_pilot,p1_pilot_rigid_ka010_d0210_t000,d97b7c88e857e92b1bdf3ec3b8418ca3ce4339ecd4cb57436fca988016901f61,development,2026-08-19T20:17:27.345044Z,2026-08-19T20:25:41.478313Z,a5a2a9c58f5e65b7986e24c7c64879246d946131,campaigns/p1/pilot_manifest.yaml,d8f56ce20f6f0821d84fd6f36e1f76c855f63f55d809ba9a7201ba52097a43bf,9d360de6e61d901cff3f84c477f367773251103db12386dbb8156bd1ec2addca,/home/luigui/Documents/silva-bruus-multiscattering/.venv/bin/python scripts/run_p1_5_timed_pilot.py --execute,"{""machine"":""x86_64"",""mkl_num_threads"":""1"",""numexpr_num_threads"":""1"",""numpy_version"":""2.5.1"",""omp_num_threads"":""1"",""openblas_num_threads"":""1"",""platform"":""Linux-7.0.0-28-generic-x86_64-with-glibc2.39"",""python_executable"":""/home/luigui/Documents/silva-bruus-multiscattering/.venv/bin/python"",""python_version"":""3.12.3"",""pythonhashseed"":""0"",""scipy_version"":""1.18.0"",""veclib_maximum_threads"":""1""}",1,0.10000000000000001,0.10000000000000001,1,0,false,1,rigid,exp(-i omega t),2,1,resource_pilot,1.05,0,0,2.1000000000000001,2.1000000000000001,35c18368ed60abca1eef89b8aeeb1f09b16a455ce330dc4b04a08155543fb053,B_E,scattered_scattered,14,225,105,210,balanced_sqrt,-0.37253213661768853,5.3624225578686192e-17,0,-0.37253213661768853,5.3624225578686192e-17,0,0.00059465357198836021,0.0002215275657201643,true,,false,true,true,false,convergence,unconfirmed_at_21,unconfirmed_at_21,resource_pilot,false
1.0.0,p1_dimer_resource_pilot,p1_pilot_rigid_ka010_d0210_t000,d97b7c88e857e92b1bdf3ec3b8418ca3ce4339ecd4cb57436fca988016901f61,development,2026-08-19T20:17:27.345044Z,2026-08-19T20:25:41.478313Z,a5a2a9c58f5e65b7986e24c7c64879246d946131,campaigns/p1/pilot_manifest.yaml,d8f56ce20f6f0821d84fd6f36e1f76c855f63f55d809ba9a7201ba52097a43bf,9d360de6e61d901cff3f84c477f367773251103db12386dbb8156bd1ec2addca,/home/luigui/Documents/silva-bruus-multiscattering/.venv/bin/python scripts/run_p1_5_timed_pilot.py --execute,"{""machine"":""x86_64"",""mkl_num_threads"":""1"",""numexpr_num_threads"":""1"",""numpy_version"":""2.5.1"",""omp_num_threads"":""1"",""openblas_num_threads"":""1"",""platform"":""Linux-7.0.0-28-generic-x86_64-with-glibc2.39"",""python_executable"":""/home/luigui/Documents/silva-bruus-multiscattering/.venv/bin/python"",""python_version"":""3.12.3"",""pythonhashseed"":""0"",""scipy_version"":""1.18.0"",""veclib_maximum_threads"":""1""}",1,0.10000000000000001,0.10000000000000001,1,0,false,1,rigid,exp(-i omega t),2,0,resource_pilot,-1.05,-0,-0,2.1000000000000001,2.1000000000000001,35c18368ed60abca1eef89b8aeeb1f09b16a455ce330dc4b04a08155543fb053,B_E,total,15,256,120,240,balanced_sqrt,1.5950823921545507,2.3853996380677804e-17,0,1.5950823921545507,2.3853996380677804e-17,0,8.0185144059277195e-05,0.00012790191140132912,true,,false,true,true,false,convergence,unconfirmed_at_21,unconfirmed_at_21,resource_pilot,false
1.0.0,p1_dimer_resource_pilot,p1_pilot_rigid_ka010_d0210_t000,d97b7c88e857e92b1bdf3ec3b8418ca3ce4339ecd4cb57436fca988016901f61,development,2026-08-19T20:17:27.345044Z,2026-08-19T20:25:41.478313Z,a5a2a9c58f5e65b7986e24c7c64879246d946131,campaigns/p1/pilot_manifest.yaml,d8f56ce20f6f0821d84fd6f36e1f76c855f63f55d809ba9a7201ba52097a43bf,9d360de6e61d901cff3f84c477f367773251103db12386dbb8156bd1ec2addca,/home/luigui/Documents/silva-bruus-multiscattering/.venv/bin/python scripts/run_p1_5_timed_pilot.py --execute,"{""machine"":""x86_64"",""mkl_num_threads"":""1"",""numexpr_num_threads"":""1"",""numpy_version"":""2.5.1"",""omp_num_threads"":""1"",""openblas_num_threads"":""1"",""platform"":""Linux-7.0.0-28-generic-x86_64-with-glibc2.39"",""python_executable"":""/home/luigui/Documents/silva-bruus-multiscattering/.venv/bin/python"",""python_version"":""3.12.3"",""pythonhashseed"":""0"",""scipy_version"":""1.18.0"",""veclib_maximum_threads"":""1""}",1,0.10000000000000001,0.10000000000000001,1,0,false,1,rigid,exp(-i omega t),2,1,resource_pilot,1.05,0,0,2.1000000000000001,2.1000000000000001,35c18368ed60abca1eef89b8aeeb1f09b16a455ce330dc4b04a08155543fb053,B_E,total,15,256,120,240,balanced_sqrt,-1.5950823921545503,2.1492425298590785e-16,0,-1.5950823921545503,2.1492425298590785e-16,0,8.0185144059277195e-05,0.00012790191140132912,true,,false,true,true,false,convergence,unconfirmed_at_21,unconfirmed_at_21,resource_pilot,false
1.0.0,p1_dimer_resource_pilot,p1_pilot_rigid_ka010_d0210_t000,d97b7c88e857e92b1bdf3ec3b8418ca3ce4339ecd4cb57436fca988016901f61,development,2026-08-19T20:17:27.345044Z,2026-08-19T20:25:41.478313Z,a5a2a9c58f5e65b7986e24c7c64879246d946131,campaigns/p1/pilot_manifest.yaml,d8f56ce20f6f0821d84fd6f36e1f76c855f63f55d809ba9a7201ba52097a43bf,9d360de6e61d901cff3f84c477f367773251103db12386dbb8156bd1ec2addca,/home/luigui/Documents/silva-bruus-multiscattering/.venv/bin/python scripts/run_p1_5_timed_pilot.py --execute,"{""machine"":""x86_64"",""mkl_num_threads"":""1"",""numexpr_num_threads"":""1"",""numpy_version"":""2.5.1"",""omp_num_threads"":""1"",""openblas_num_threads"":""1"",""platform"":""Linux-7.0.0-28-generic-x86_64-with-glibc2.39"",""python_executable"":""/home/luigui/Documents/silva-bruus-multiscattering/.venv/bin/python"",""python_version"":""3.12.3"",""pythonhashseed"":""0"",""scipy_version"":""1.18.0"",""veclib_maximum_threads"":""1""}",1,0.10000000000000001,0.10000000000000001,1,0,false,1,rigid,exp(-i omega t),2,0,resource_pilot,-1.05,-0,-0,2.1000000000000001,2.1000000000000001,35c18368ed60abca1eef89b8aeeb1f09b16a455ce330dc4b04a08155543fb053,B_E,interaction,15,256,120,240,balanced_sqrt,1.5950823921545507,2.3853996380677804e-17,0,1.5950823921545507,2.3853996380677804e-17,0,8.0185144059277195e-05,0.00012790191140132912,true,,false,true,true,false,convergence,unconfirmed_at_21,unconfirmed_at_21,resource_pilot,false
1.0.0,p1_dimer_resource_pilot,p1_pilot_rigid_ka010_d0210_t000,d97b7c88e857e92b1bdf3ec3b8418ca3ce4339ecd4cb57436fca988016901f61,development,2026-08-19T20:17:27.345044Z,2026-08-19T20:25:41.478313Z,a5a2a9c58f5e65b7986e24c7c64879246d946131,campaigns/p1/pilot_manifest.yaml,d8f56ce20f6f0821d84fd6f36e1f76c855f63f55d809ba9a7201ba52097a43bf,9d360de6e61d901cff3f84c477f367773251103db12386dbb8156bd1ec2addca,/home/luigui/Documents/silva-bruus-multiscattering/.venv/bin/python scripts/run_p1_5_timed_pilot.py --execute,"{""machine"":""x86_64"",""mkl_num_threads"":""1"",""numexpr_num_threads"":""1"",""numpy_version"":""2.5.1"",""omp_num_threads"":""1"",""openblas_num_threads"":""1"",""platform"":""Linux-7.0.0-28-generic-x86_64-with-glibc2.39"",""python_executable"":""/home/luigui/Documents/silva-bruus-multiscattering/.venv/bin/python"",""python_version"":""3.12.3"",""pythonhashseed"":""0"",""scipy_version"":""1.18.0"",""veclib_maximum_threads"":""1""}",1,0.10000000000000001,0.10000000000000001,1,0,false,1,rigid,exp(-i omega t),2,1,resource_pilot,1.05,0,0,2.1000000000000001,2.1000000000000001,35c18368ed60abca1eef89b8aeeb1f09b16a455ce330dc4b04a08155543fb053,B_E,interaction,15,256,120,240,balanced_sqrt,-1.5950823921545503,2.1492425298590785e-16,0,-1.5950823921545503,2.1492425298590785e-16,0,8.0185144059277195e-05,0.00012790191140132912,true,,false,true,true,false,convergence,unconfirmed_at_21,unconfirmed_at_21,resource_pilot,false
1.0.0,p1_dimer_resource_pilot,p1_pilot_rigid_ka010_d0210_t000,d97b7c88e857e92b1bdf3ec3b8418ca3ce4339ecd4cb57436fca988016901f61,development,2026-08-19T20:17:27.345044Z,2026-08-19T20:25:41.478313Z,a5a2a9c58f5e65b7986e24c7c64879246d946131,campaigns/p1/pilot_manifest.yaml,d8f56ce20f6f0821d84fd6f36e1f76c855f63f55d809ba9a7201ba52097a43bf,9d360de6e61d901cff3f84c477f367773251103db12386dbb8156bd1ec2addca,/home/luigui/Documents/silva-bruus-multiscattering/.venv/bin/python scripts/run_p1_5_timed_pilot.py --execute,"{""machine"":""x86_64"",""mkl_num_threads"":""1"",""numexpr_num_threads"":""1"",""numpy_version"":""2.5.1"",""omp_num_threads"":""1"",""openblas_num_threads"":""1"",""platform"":""Linux-7.0.0-28-generic-x86_64-with-glibc2.39"",""python_executable"":""/home/luigui/Documents/silva-bruus-multiscattering/.venv/bin/python"",""python_version"":""3.12.3"",""pythonhashseed"":""0"",""scipy_version"":""1.18.0"",""veclib_maximum_threads"":""1""}",1,0.10000000000000001,0.10000000000000001,1,0,false,1,rigid,exp(-i omega t),2,0,resource_pilot,-1.05,-0,-0,2.1000000000000001,2.1000000000000001,35c18368ed60abca1eef89b8aeeb1f09b16a455ce330dc4b04a08155543fb053,B_E,external_scattered,15,256,120,240,balanced_sqrt,1.2224314428480012,1.5752538970864684e-17,0,1.2224314428480012,1.5752538970864684e-17,0,7.4353638345695355e-06,9.089222540392683e-06,true,,false,true,true,false,convergence,unconfirmed_at_21,unconfirmed_at_21,resource_pilot,false
1.0.0,p1_dimer_resource_pilot,p1_pilot_rigid_ka010_d0210_t000,d97b7c88e857e92b1bdf3ec3b8418ca3ce4339ecd4cb57436fca988016901f61,development,2026-08-19T20:17:27.345044Z,2026-08-19T20:25:41.478313Z,a5a2a9c58f5e65b7986e24c7c64879246d946131,campaigns/p1/pilot_manifest.yaml,d8f56ce20f6f0821d84fd6f36e1f76c855f63f55d809ba9a7201ba52097a43bf,9d360de6e61d901cff3f84c477f367773251103db12386dbb8156bd1ec2addca,/home/luigui/Documents/silva-bruus-multiscattering/.venv/bin/python scripts/run_p1_5_timed_pilot.py --execute,"{""machine"":""x86_64"",""mkl_num_threads"":""1"",""numexpr_num_threads"":""1"",""numpy_version"":""2.5.1"",""omp_num_threads"":""1"",""openblas_num_threads"":""1"",""platform"":""Linux-7.0.0-28-generic-x86_64-with-glibc2.39"",""python_executable"":""/home/luigui/Documents/silva-bruus-multiscattering/.venv/bin/python"",""python_version"":""3.12.3"",""pythonhashseed"":""0"",""scipy_version"":""1.18.0"",""veclib_maximum_threads"":""1""}",1,0.10000000000000001,0.10000000000000001,1,0,false,1,rigid,exp(-i omega t),2,1,resource_pilot,1.05,0,0,2.1000000000000001,2.1000000000000001,35c18368ed60abca1eef89b8aeeb1f09b16a455ce330dc4b04a08155543fb053,B_E,external_scattered,15,256,120,240,balanced_sqrt,-1.2224314428480008,1.6145322134762329e-16,0,-1.2224314428480008,1.6145322134762329e-16,0,7.4353638345695355e-06,9.089222540392683e-06,true,,false,true,true,false,convergence,unconfirmed_at_21,unconfirmed_at_21,resource_pilot,false
1.0.0,p1_dimer_resource_pilot,p1_pilot_rigid_ka010_d0210_t000,d97b7c88e857e92b1bdf3ec3b8418ca3ce4339ecd4cb57436fca988016901f61,development,2026-08-19T20:17:27.345044Z,2026-08-19T20:25:41.478313Z,a5a2a9c58f5e65b7986e24c7c64879246d946131,campaigns/p1/pilot_manifest.yaml,d8f56ce20f6f0821d84fd6f36e1f76c855f63f55d809ba9a7201ba52097a43bf,9d360de6e61d901cff3f84c477f367773251103db12386dbb8156bd1ec2addca,/home/luigui/Documents/silva-bruus-multiscattering/.venv/bin/python scripts/run_p1_5_timed_pilot.py --execute,"{""machine"":""x86_64"",""mkl_num_threads"":""1"",""numexpr_num_threads"":""1"",""numpy_version"":""2.5.1"",""omp_num_threads"":""1"",""openblas_num_threads"":""1"",""platform"":""Linux-7.0.0-28-generic-x86_64-with-glibc2.39"",""python_executable"":""/home/luigui/Documents/silva-bruus-multiscattering/.venv/bin/python"",""python_version"":""3.12.3"",""pythonhashseed"":""0"",""scipy_version"":""1.18.0"",""veclib_maximum_threads"":""1""}",1,0.10000000000000001,0.10000000000000001,1,0,false,1,rigid,exp(-i omega t),2,0,resource_pilot,-1.05,-0,-0,2.1000000000000001,2.1000000000000001,35c18368ed60abca1eef89b8aeeb1f09b16a455ce330dc4b04a08155543fb053,B_E,scattered_scattered,15,256,120,240,balanced_sqrt,0.37265094930654946,8.1014574098131207e-18,0,0.37265094930654946,8.1014574098131207e-18,0,0.00031883103768293088,0.00011881268886093643,true,,false,true,true,false,convergence,unconfirmed_at_21,unconfirmed_at_21,resource_pilot,false
1.0.0,p1_dimer_resource_pilot,p1_pilot_rigid_ka010_d0210_t000,d97b7c88e857e92b1bdf3ec3b8418ca3ce4339ecd4cb57436fca988016901f61,development,2026-08-19T20:17:27.345044Z,2026-08-19T20:25:41.478313Z,a5a2a9c58f5e65b7986e24c7c64879246d946131,campaigns/p1/pilot_manifest.yaml,d8f56ce20f6f0821d84fd6f36e1f76c855f63f55d809ba9a7201ba52097a43bf,9d360de6e61d901cff3f84c477f367773251103db12386dbb8156bd1ec2addca,/home/luigui/Documents/silva-bruus-multiscattering/.venv/bin/python scripts/run_p1_5_timed_pilot.py --execute,"{""machine"":""x86_64"",""mkl_num_threads"":""1"",""numexpr_num_threads"":""1"",""numpy_version"":""2.5.1"",""omp_num_threads"":""1"",""openblas_num_threads"":""1"",""platform"":""Linux-7.0.0-28-generic-x86_64-with-glibc2.39"",""python_executable"":""/home/luigui/Documents/silva-bruus-multiscattering/.venv/bin/python"",""python_version"":""3.12.3"",""pythonhashseed"":""0"",""scipy_version"":""1.18.0"",""veclib_maximum_threads"":""1""}",1,0.10000000000000001,0.10000000000000001,1,0,false,1,rigid,exp(-i omega t),2,1,resource_pilot,1.05,0,0,2.1000000000000001,2.1000000000000001,35c18368ed60abca1eef89b8aeeb1f09b16a455ce330dc4b04a08155543fb053,B_E,scattered_scattered,15,256,120,240,balanced_sqrt,-0.37265094930654946,5.347103163828455e-17,0,-0.37265094930654946,5.347103163828455e-17,0,0.00031883103768293088,0.00011881268886093643,true,,false,true,true,false,convergence,unconfirmed_at_21,unconfirmed_at_21,resource_pilot,false
1.0.0,p1_dimer_resource_pilot,p1_pilot_rigid_ka010_d0210_t000,d97b7c88e857e92b1bdf3ec3b8418ca3ce4339ecd4cb57436fca988016901f61,development,2026-08-19T20:17:27.345044Z,2026-08-19T20:25:41.478313Z,a5a2a9c58f5e65b7986e24c7c64879246d946131,campaigns/p1/pilot_manifest.yaml,d8f56ce20f6f0821d84fd6f36e1f76c855f63f55d809ba9a7201ba52097a43bf,9d360de6e61d901cff3f84c477f367773251103db12386dbb8156bd1ec2addca,/home/luigui/Documents/silva-bruus-multiscattering/.venv/bin/python scripts/run_p1_5_timed_pilot.py --execute,"{""machine"":""x86_64"",""mkl_num_threads"":""1"",""numexpr_num_threads"":""1"",""numpy_version"":""2.5.1"",""omp_num_threads"":""1"",""openblas_num_threads"":""1"",""platform"":""Linux-7.0.0-28-generic-x86_64-with-glibc2.39"",""python_executable"":""/home/luigui/Documents/silva-bruus-multiscattering/.venv/bin/python"",""python_version"":""3.12.3"",""pythonhashseed"":""0"",""scipy_version"":""1.18.0"",""veclib_maximum_threads"":""1""}",1,0.10000000000000001,0.10000000000000001,1,0,false,1,rigid,exp(-i omega t),2,0,resource_pilot,-1.05,-0,-0,2.1000000000000001,2.1000000000000001,35c18368ed60abca1eef89b8aeeb1f09b16a455ce330dc4b04a08155543fb053,B_E,total,16,289,136,272,balanced_sqrt,1.5951505994350368,2.0196551152097119e-17,0,1.5951505994350368,2.0196551152097119e-17,0,4.2759147951575858e-05,6.8207280486287658e-05,true,,false,true,true,false,convergence,unconfirmed_at_21,unconfirmed_at_21,resource_pilot,false
1.0.0,p1_dimer_resource_pilot,p1_pilot_rigid_ka010_d0210_t000,d97b7c88e857e92b1bdf3ec3b8418ca3ce4339ecd4cb57436fca988016901f61,development,2026-08-19T20:17:27.345044Z,2026-08-19T20:25:41.478313Z,a5a2a9c58f5e65b7986e24c7c64879246d946131,campaigns/p1/pilot_manifest.yaml,d8f56ce20f6f0821d84fd6f36e1f76c855f63f55d809ba9a7201ba52097a43bf,9d360de6e61d901cff3f84c477f367773251103db12386dbb8156bd1ec2addca,/home/luigui/Documents/silva-bruus-multiscattering/.venv/bin/python scripts/run_p1_5_timed_pilot.py --execute,"{""machine"":""x86_64"",""mkl_num_threads"":""1"",""numexpr_num_threads"":""1"",""numpy_version"":""2.5.1"",""omp_num_threads"":""1"",""openblas_num_threads"":""1"",""platform"":""Linux-7.0.0-28-generic-x86_64-with-glibc2.39"",""python_executable"":""/home/luigui/Documents/silva-bruus-multiscattering/.venv/bin/python"",""python_version"":""3.12.3"",""pythonhashseed"":""0"",""scipy_version"":""1.18.0"",""veclib_maximum_threads"":""1""}",1,0.10000000000000001,0.10000000000000001,1,0,false,1,rigid,exp(-i omega t),2,1,resource_pilot,1.05,0,0,2.1000000000000001,2.1000000000000001,35c18368ed60abca1eef89b8aeeb1f09b16a455ce330dc4b04a08155543fb053,B_E,total,16,289,136,272,balanced_sqrt,-1.5951505994350368,2.1820473096715852e-16,0,-1.5951505994350368,2.1820473096715852e-16,0,4.2759147951575858e-05,6.8207280486287658e-05,true,,false,true,true,false,convergence,unconfirmed_at_21,unconfirmed_at_21,resource_pilot,false
1.0.0,p1_dimer_resource_pilot,p1_pilot_rigid_ka010_d0210_t000,d97b7c88e857e92b1bdf3ec3b8418ca3ce4339ecd4cb57436fca988016901f61,development,2026-08-19T20:17:27.345044Z,2026-08-19T20:25:41.478313Z,a5a2a9c58f5e65b7986e24c7c64879246d946131,campaigns/p1/pilot_manifest.yaml,d8f56ce20f6f0821d84fd6f36e1f76c855f63f55d809ba9a7201ba52097a43bf,9d360de6e61d901cff3f84c477f367773251103db12386dbb8156bd1ec2addca,/home/luigui/Documents/silva-bruus-multiscattering/.venv/bin/python scripts/run_p1_5_timed_pilot.py --execute,"{""machine"":""x86_64"",""mkl_num_threads"":""1"",""numexpr_num_threads"":""1"",""numpy_version"":""2.5.1"",""omp_num_threads"":""1"",""openblas_num_threads"":""1"",""platform"":""Linux-7.0.0-28-generic-x86_64-with-glibc2.39"",""python_executable"":""/home/luigui/Documents/silva-bruus-multiscattering/.venv/bin/python"",""python_version"":""3.12.3"",""pythonhashseed"":""0"",""scipy_version"":""1.18.0"",""veclib_maximum_threads"":""1""}",1,0.10000000000000001,0.10000000000000001,1,0,false,1,rigid,exp(-i omega t),2,0,resource_pilot,-1.05,-0,-0,2.1000000000000001,2.1000000000000001,35c18368ed60abca1eef89b8aeeb1f09b16a455ce330dc4b04a08155543fb053,B_E,interaction,16,289,136,272,balanced_sqrt,1.5951505994350368,2.0196551152097119e-17,0,1.5951505994350368,2.0196551152097119e-17,0,4.2759147951575858e-05,6.8207280486287658e-05,true,,false,true,true,false,convergence,unconfirmed_at_21,unconfirmed_at_21,resource_pilot,false
1.0.0,p1_dimer_resource_pilot,p1_pilot_rigid_ka010_d0210_t000,d97b7c88e857e92b1bdf3ec3b8418ca3ce4339ecd4cb57436fca988016901f61,development,2026-08-19T20:17:27.345044Z,2026-08-19T20:25:41.478313Z,a5a2a9c58f5e65b7986e24c7c64879246d946131,campaigns/p1/pilot_manifest.yaml,d8f56ce20f6f0821d84fd6f36e1f76c855f63f55d809ba9a7201ba52097a43bf,9d360de6e61d901cff3f84c477f367773251103db12386dbb8156bd1ec2addca,/home/luigui/Documents/silva-bruus-multiscattering/.venv/bin/python scripts/run_p1_5_timed_pilot.py --execute,"{""machine"":""x86_64"",""mkl_num_threads"":""1"",""numexpr_num_threads"":""1"",""numpy_version"":""2.5.1"",""omp_num_threads"":""1"",""openblas_num_threads"":""1"",""platform"":""Linux-7.0.0-28-generic-x86_64-with-glibc2.39"",""python_executable"":""/home/luigui/Documents/silva-bruus-multiscattering/.venv/bin/python"",""python_version"":""3.12.3"",""pythonhashseed"":""0"",""scipy_version"":""1.18.0"",""veclib_maximum_threads"":""1""}",1,0.10000000000000001,0.10000000000000001,1,0,false,1,rigid,exp(-i omega t),2,1,resource_pilot,1.05,0,0,2.1000000000000001,2.1000000000000001,35c18368ed60abca1eef89b8aeeb1f09b16a455ce330dc4b04a08155543fb053,B_E,interaction,16,289,136,272,balanced_sqrt,-1.5951505994350368,2.1820473096715852e-16,0,-1.5951505994350368,2.1820473096715852e-16,0,4.2759147951575858e-05,6.8207280486287658e-05,true,,false,true,true,false,convergence,unconfirmed_at_21,unconfirmed_at_21,resource_pilot,false
1.0.0,p1_dimer_resource_pilot,p1_pilot_rigid_ka010_d0210_t000,d97b7c88e857e92b1bdf3ec3b8418ca3ce4339ecd4cb57436fca988016901f61,development,2026-08-19T20:17:27.345044Z,2026-08-19T20:25:41.478313Z,a5a2a9c58f5e65b7986e24c7c64879246d946131,campaigns/p1/pilot_manifest.yaml,d8f56ce20f6f0821d84fd6f36e1f76c855f63f55d809ba9a7201ba52097a43bf,9d360de6e61d901cff3f84c477f367773251103db12386dbb8156bd1ec2addca,/home/luigui/Documents/silva-bruus-multiscattering/.venv/bin/python scripts/run_p1_5_timed_pilot.py --execute,"{""machine"":""x86_64"",""mkl_num_threads"":""1"",""numexpr_num_threads"":""1"",""numpy_version"":""2.5.1"",""omp_num_threads"":""1"",""openblas_num_threads"":""1"",""platform"":""Linux-7.0.0-28-generic-x86_64-with-glibc2.39"",""python_executable"":""/home/luigui/Documents/silva-bruus-multiscattering/.venv/bin/python"",""python_version"":""3.12.3"",""pythonhashseed"":""0"",""scipy_version"":""1.18.0"",""veclib_maximum_threads"":""1""}",1,0.10000000000000001,0.10000000000000001,1,0,false,1,rigid,exp(-i omega t),2,0,resource_pilot,-1.05,-0,-0,2.1000000000000001,2.1000000000000001,35c18368ed60abca1eef89b8aeeb1f09b16a455ce330dc4b04a08155543fb053,B_E,external_scattered,16,289,136,272,balanced_sqrt,1.2224359329955532,1.2977473274837585e-17,0,1.2224359329955532,1.2977473274837585e-17,0,3.6731148283684013e-06,4.4901475522163281e-06,true,16,true,true,true,false,convergence,unconfirmed_at_21,unconfirmed_at_21,resource_pilot,false
1.0.0,p1_dimer_resource_pilot,p1_pilot_rigid_ka010_d0210_t000,d97b7c88e857e92b1bdf3ec3b8418ca3ce4339ecd4cb57436fca988016901f61,development,2026-08-19T20:17:27.345044Z,2026-08-19T20:25:41.478313Z,a5a2a9c58f5e65b7986e24c7c64879246d946131,campaigns/p1/pilot_manifest.yaml,d8f56ce20f6f0821d84fd6f36e1f76c855f63f55d809ba9a7201ba52097a43bf,9d360de6e61d901cff3f84c477f367773251103db12386dbb8156bd1ec2addca,/home/luigui/Documents/silva-bruus-multiscattering/.venv/bin/python scripts/run_p1_5_timed_pilot.py --execute,"{""machine"":""x86_64"",""mkl_num_threads"":""1"",""numexpr_num_threads"":""1"",""numpy_version"":""2.5.1"",""omp_num_threads"":""1"",""openblas_num_threads"":""1"",""platform"":""Linux-7.0.0-28-generic-x86_64-with-glibc2.39"",""python_executable"":""/home/luigui/Documents/silva-bruus-multiscattering/.venv/bin/python"",""python_version"":""3.12.3"",""pythonhashseed"":""0"",""scipy_version"":""1.18.0"",""veclib_maximum_threads"":""1""}",1,0.10000000000000001,0.10000000000000001,1,0,false,1,rigid,exp(-i omega t),2,1,resource_pilot,1.05,0,0,2.1000000000000001,2.1000000000000001,35c18368ed60abca1eef89b8aeeb1f09b16a455ce330dc4b04a08155543fb053,B_E,external_scattered,16,289,136,272,balanced_sqrt,-1.2224359329955532,1.6372061006047175e-16,0,-1.2224359329955532,1.6372061006047175e-16,0,3.6731148283684013e-06,4.4901475522163281e-06,true,16,true,true,true,false,convergence,unconfirmed_at_21,unconfirmed_at_21,resource_pilot,false
1.0.0,p1_dimer_resource_pilot,p1_pilot_rigid_ka010_d0210_t000,d97b7c88e857e92b1bdf3ec3b8418ca3ce4339ecd4cb57436fca988016901f61,development,2026-08-19T20:17:27.345044Z,2026-08-19T20:25:41.478313Z,a5a2a9c58f5e65b7986e24c7c64879246d946131,campaigns/p1/pilot_manifest.yaml,d8f56ce20f6f0821d84fd6f36e1f76c855f63f55d809ba9a7201ba52097a43bf,9d360de6e61d901cff3f84c477f367773251103db12386dbb8156bd1ec2addca,/home/luigui/Documents/silva-bruus-multiscattering/.venv/bin/python scripts/run_p1_5_timed_pilot.py --execute,"{""machine"":""x86_64"",""mkl_num_threads"":""1"",""numexpr_num_threads"":""1"",""numpy_version"":""2.5.1"",""omp_num_threads"":""1"",""openblas_num_threads"":""1"",""platform"":""Linux-7.0.0-28-generic-x86_64-with-glibc2.39"",""python_executable"":""/home/luigui/Documents/silva-bruus-multiscattering/.venv/bin/python"",""python_version"":""3.12.3"",""pythonhashseed"":""0"",""scipy_version"":""1.18.0"",""veclib_maximum_threads"":""1""}",1,0.10000000000000001,0.10000000000000001,1,0,false,1,rigid,exp(-i omega t),2,0,resource_pilot,-1.05,-0,-0,2.1000000000000001,2.1000000000000001,35c18368ed60abca1eef89b8aeeb1f09b16a455ce330dc4b04a08155543fb053,B_E,scattered_scattered,16,289,136,272,balanced_sqrt,0.37271466643948353,7.2190778772595343e-18,0,0.37271466643948353,7.2190778772595343e-18,0,0.00017095418740227351,6.371713293407133e-05,true,,false,true,true,false,convergence,unconfirmed_at_21,unconfirmed_at_21,resource_pilot,false
1.0.0,p1_dimer_resource_pilot,p1_pilot_rigid_ka010_d0210_t000,d97b7c88e857e92b1bdf3ec3b8418ca3ce4339ecd4cb57436fca988016901f61,development,2026-08-19T20:17:27.345044Z,2026-08-19T20:25:41.478313Z,a5a2a9c58f5e65b7986e24c7c64879246d946131,campaigns/p1/pilot_manifest.yaml,d8f56ce20f6f0821d84fd6f36e1f76c855f63f55d809ba9a7201ba52097a43bf,9d360de6e61d901cff3f84c477f367773251103db12386dbb8156bd1ec2addca,/home/luigui/Documents/silva-bruus-multiscattering/.venv/bin/python scripts/run_p1_5_timed_pilot.py --execute,"{""machine"":""x86_64"",""mkl_num_threads"":""1"",""numexpr_num_threads"":""1"",""numpy_version"":""2.5.1"",""omp_num_threads"":""1"",""openblas_num_threads"":""1"",""platform"":""Linux-7.0.0-28-generic-x86_64-with-glibc2.39"",""python_executable"":""/home/luigui/Documents/silva-bruus-multiscattering/.venv/bin/python"",""python_version"":""3.12.3"",""pythonhashseed"":""0"",""scipy_version"":""1.18.0"",""veclib_maximum_threads"":""1""}",1,0.10000000000000001,0.10000000000000001,1,0,false,1,rigid,exp(-i omega t),2,1,resource_pilot,1.05,0,0,2.1000000000000001,2.1000000000000001,35c18368ed60abca1eef89b8aeeb1f09b16a455ce330dc4b04a08155543fb053,B_E,scattered_scattered,16,289,136,272,balanced_sqrt,-0.37271466643948353,5.4484120906686764e-17,0,-0.37271466643948353,5.4484120906686764e-17,0,0.00017095418740227351,6.371713293407133e-05,true,,false,true,true,false,convergence,unconfirmed_at_21,unconfirmed_at_21,resource_pilot,false
1.0.0,p1_dimer_resource_pilot,p1_pilot_rigid_ka010_d0210_t000,d97b7c88e857e92b1bdf3ec3b8418ca3ce4339ecd4cb57436fca988016901f61,development,2026-08-19T20:17:27.345044Z,2026-08-19T20:25:41.478313Z,a5a2a9c58f5e65b7986e24c7c64879246d946131,campaigns/p1/pilot_manifest.yaml,d8f56ce20f6f0821d84fd6f36e1f76c855f63f55d809ba9a7201ba52097a43bf,9d360de6e61d901cff3f84c477f367773251103db12386dbb8156bd1ec2addca,/home/luigui/Documents/silva-bruus-multiscattering/.venv/bin/python scripts/run_p1_5_timed_pilot.py --execute,"{""machine"":""x86_64"",""mkl_num_threads"":""1"",""numexpr_num_threads"":""1"",""numpy_version"":""2.5.1"",""omp_num_threads"":""1"",""openblas_num_threads"":""1"",""platform"":""Linux-7.0.0-28-generic-x86_64-with-glibc2.39"",""python_executable"":""/home/luigui/Documents/silva-bruus-multiscattering/.venv/bin/python"",""python_version"":""3.12.3"",""pythonhashseed"":""0"",""scipy_version"":""1.18.0"",""veclib_maximum_threads"":""1""}",1,0.10000000000000001,0.10000000000000001,1,0,false,1,rigid,exp(-i omega t),2,0,resource_pilot,-1.05,-0,-0,2.1000000000000001,2.1000000000000001,35c18368ed60abca1eef89b8aeeb1f09b16a455ce330dc4b04a08155543fb053,B_E,total,17,324,153,306,balanced_sqrt,1.595186984758449,2.0746718465245225e-17,0,1.595186984758449,2.0746718465245225e-17,0,2.2809440999552907e-05,3.6385323412102544e-05,true,,false,true,true,false,convergence,unconfirmed_at_21,unconfirmed_at_21,resource_pilot,false
1.0.0,p1_dimer_resource_pilot,p1_pilot_rigid_ka010_d0210_t000,d97b7c88e857e92b1bdf3ec3b8418ca3ce4339ecd4cb57436fca988016901f61,development,2026-08-19T20:17:27.345044Z,2026-08-19T20:25:41.478313Z,a5a2a9c58f5e65b7986e24c7c64879246d946131,campaigns/p1/pilot_manifest.yaml,d8f56ce20f6f0821d84fd6f36e1f76c855f63f55d809ba9a7201ba52097a43bf,9d360de6e61d901cff3f84c477f367773251103db12386dbb8156bd1ec2addca,/home/luigui/Documents/silva-bruus-multiscattering/.venv/bin/python scripts/run_p1_5_timed_pilot.py --execute,"{""machine"":""x86_64"",""mkl_num_threads"":""1"",""numexpr_num_threads"":""1"",""numpy_version"":""2.5.1"",""omp_num_threads"":""1"",""openblas_num_threads"":""1"",""platform"":""Linux-7.0.0-28-generic-x86_64-with-glibc2.39"",""python_executable"":""/home/luigui/Documents/silva-bruus-multiscattering/.venv/bin/python"",""python_version"":""3.12.3"",""pythonhashseed"":""0"",""scipy_version"":""1.18.0"",""veclib_maximum_threads"":""1""}",1,0.10000000000000001,0.10000000000000001,1,0,false,1,rigid,exp(-i omega t),2,1,resource_pilot,1.05,0,0,2.1000000000000001,2.1000000000000001,35c18368ed60abca1eef89b8aeeb1f09b16a455ce330dc4b04a08155543fb053,B_E,total,17,324,153,306,balanced_sqrt,-1.5951869847584488,2.2016238341840353e-16,0,-1.5951869847584488,2.2016238341840353e-16,0,2.2809440999552907e-05,3.6385323412102544e-05,true,,false,true,true,false,convergence,unconfirmed_at_21,unconfirmed_at_21,resource_pilot,false
1.0.0,p1_dimer_resource_pilot,p1_pilot_rigid_ka010_d0210_t000,d97b7c88e857e92b1bdf3ec3b8418ca3ce4339ecd4cb57436fca988016901f61,development,2026-08-19T20:17:27.345044Z,2026-08-19T20:25:41.478313Z,a5a2a9c58f5e65b7986e24c7c64879246d946131,campaigns/p1/pilot_manifest.yaml,d8f56ce20f6f0821d84fd6f36e1f76c855f63f55d809ba9a7201ba52097a43bf,9d360de6e61d901cff3f84c477f367773251103db12386dbb8156bd1ec2addca,/home/luigui/Documents/silva-bruus-multiscattering/.venv/bin/python scripts/run_p1_5_timed_pilot.py --execute,"{""machine"":""x86_64"",""mkl_num_threads"":""1"",""numexpr_num_threads"":""1"",""numpy_version"":""2.5.1"",""omp_num_threads"":""1"",""openblas_num_threads"":""1"",""platform"":""Linux-7.0.0-28-generic-x86_64-with-glibc2.39"",""python_executable"":""/home/luigui/Documents/silva-bruus-multiscattering/.venv/bin/python"",""python_version"":""3.12.3"",""pythonhashseed"":""0"",""scipy_version"":""1.18.0"",""veclib_maximum_threads"":""1""}",1,0.10000000000000001,0.10000000000000001,1,0,false,1,rigid,exp(-i omega t),2,0,resource_pilot,-1.05,-0,-0,2.1000000000000001,2.1000000000000001,35c18368ed60abca1eef89b8aeeb1f09b16a455ce330dc4b04a08155543fb053,B_E,interaction,17,324,153,306,balanced_sqrt,1.595186984758449,2.0746718465245225e-17,0,1.595186984758449,2.0746718465245225e-17,0,2.2809440999552907e-05,3.6385323412102544e-05,true,,false,true,true,false,convergence,unconfirmed_at_21,unconfirmed_at_21,resource_pilot,false
1.0.0,p1_dimer_resource_pilot,p1_pilot_rigid_ka010_d0210_t000,d97b7c88e857e92b1bdf3ec3b8418ca3ce4339ecd4cb57436fca988016901f61,development,2026-08-19T20:17:27.345044Z,2026-08-19T20:25:41.478313Z,a5a2a9c58f5e65b7986e24c7c64879246d946131,campaigns/p1/pilot_manifest.yaml,d8f56ce20f6f0821d84fd6f36e1f76c855f63f55d809ba9a7201ba52097a43bf,9d360de6e61d901cff3f84c477f367773251103db12386dbb8156bd1ec2addca,/home/luigui/Documents/silva-bruus-multiscattering/.venv/bin/python scripts/run_p1_5_timed_pilot.py --execute,"{""machine"":""x86_64"",""mkl_num_threads"":""1"",""numexpr_num_threads"":""1"",""numpy_version"":""2.5.1"",""omp_num_threads"":""1"",""openblas_num_threads"":""1"",""platform"":""Linux-7.0.0-28-generic-x86_64-with-glibc2.39"",""python_executable"":""/home/luigui/Documents/silva-bruus-multiscattering/.venv/bin/python"",""python_version"":""3.12.3"",""pythonhashseed"":""0"",""scipy_version"":""1.18.0"",""veclib_maximum_threads"":""1""}",1,0.10000000000000001,0.10000000000000001,1,0,false,1,rigid,exp(-i omega t),2,1,resource_pilot,1.05,0,0,2.1000000000000001,2.1000000000000001,35c18368ed60abca1eef89b8aeeb1f09b16a455ce330dc4b04a08155543fb053,B_E,interaction,17,324,153,306,balanced_sqrt,-1.5951869847584488,2.2016238341840353e-16,0,-1.5951869847584488,2.2016238341840353e-16,0,2.2809440999552907e-05,3.6385323412102544e-05,true,,false,true,true,false,convergence,unconfirmed_at_21,unconfirmed_at_21,resource_pilot,false
1.0.0,p1_dimer_resource_pilot,p1_pilot_rigid_ka010_d0210_t000,d97b7c88e857e92b1bdf3ec3b8418ca3ce4339ecd4cb57436fca988016901f61,development,2026-08-19T20:17:27.345044Z,2026-08-19T20:25:41.478313Z,a5a2a9c58f5e65b7986e24c7c64879246d946131,campaigns/p1/pilot_manifest.yaml,d8f56ce20f6f0821d84fd6f36e1f76c855f63f55d809ba9a7201ba52097a43bf,9d360de6e61d901cff3f84c477f367773251103db12386dbb8156bd1ec2addca,/home/luigui/Documents/silva-bruus-multiscattering/.venv/bin/python scripts/run_p1_5_timed_pilot.py --execute,"{""machine"":""x86_64"",""mkl_num_threads"":""1"",""numexpr_num_threads"":""1"",""numpy_version"":""2.5.1"",""omp_num_threads"":""1"",""openblas_num_threads"":""1"",""platform"":""Linux-7.0.0-28-generic-x86_64-with-glibc2.39"",""python_executable"":""/home/luigui/Documents/silva-bruus-multiscattering/.venv/bin/python"",""python_version"":""3.12.3"",""pythonhashseed"":""0"",""scipy_version"":""1.18.0"",""veclib_maximum_threads"":""1""}",1,0.10000000000000001,0.10000000000000001,1,0,false,1,rigid,exp(-i omega t),2,0,resource_pilot,-1.05,-0,-0,2.1000000000000001,2.1000000000000001,35c18368ed60abca1eef89b8aeeb1f09b16a455ce330dc4b04a08155543fb053,B_E,external_scattered,17,324,153,306,balanced_sqrt,1.2224381657025982,1.3246231293738552e-17,0,1.2224381657025982,1.3246231293738552e-17,0,1.8264376126879909e-06,2.2327070450245401e-06,true,16,true,true,true,false,convergence,unconfirmed_at_21,unconfirmed_at_21,resource_pilot,false
1.0.0,p1_dimer_resource_pilot,p1_pilot_rigid_ka010_d0210_t000,d97b7c88e857e92b1bdf3ec3b8418ca3ce4339ecd4cb57436fca988016901f61,development,2026-08-19T20:17:27.345044Z,2026-08-19T20:25:41.478313Z,a5a2a9c58f5e65b7986e24c7c64879246d946131,campaigns/p1/pilot_manifest.yaml,d8f56ce20f6f0821d84fd6f36e1f76c855f63f55d809ba9a7201ba52097a43bf,9d360de6e61d901cff3f84c477f367773251103db12386dbb8156bd1ec2addca,/home/luigui/Documents/silva-bruus-multiscattering/.venv/bin/python scripts/run_p1_5_timed_pilot.py --execute,"{""machine"":""x86_64"",""mkl_num_threads"":""1"",""numexpr_num_threads"":""1"",""numpy_version"":""2.5.1"",""omp_num_threads"":""1"",""openblas_num_threads"":""1"",""platform"":""Linux-7.0.0-28-generic-x86_64-with-glibc2.39"",""python_executable"":""/home/luigui/Documents/silva-bruus-multiscattering/.venv/bin/python"",""python_version"":""3.12.3"",""pythonhashseed"":""0"",""scipy_version"":""1.18.0"",""veclib_maximum_threads"":""1""}",1,0.10000000000000001,0.10000000000000001,1,0,false,1,rigid,exp(-i omega t),2,1,resource_pilot,1.05,0,0,2.1000000000000001,2.1000000000000001,35c18368ed60abca1eef89b8aeeb1f09b16a455ce330dc4b04a08155543fb053,B_E,external_scattered,17,324,153,306,balanced_sqrt,-1.2224381657025982,1.6556936245886023e-16,0,-1.2224381657025982,1.6556936245886023e-16,0,1.8264376126879909e-06,2.2327070450245401e-06,true,16,true,true,true,false,convergence,unconfirmed_at_21,unconfirmed_at_21,resource_pilot,false
1.0.0,p1_dimer_resource_pilot,p1_pilot_rigid_ka010_d0210_t000,d97b7c88e857e92b1bdf3ec3b8418ca3ce4339ecd4cb57436fca988016901f61,development,2026-08-19T20:17:27.345044Z,2026-08-19T20:25:41.478313Z,a5a2a9c58f5e65b7986e24c7c64879246d946131,campaigns/p1/pilot_manifest.yaml,d8f56ce20f6f0821d84fd6f36e1f76c855f63f55d809ba9a7201ba52097a43bf,9d360de6e61d901cff3f84c477f367773251103db12386dbb8156bd1ec2addca,/home/luigui/Documents/silva-bruus-multiscattering/.venv/bin/python scripts/run_p1_5_timed_pilot.py --execute,"{""machine"":""x86_64"",""mkl_num_threads"":""1"",""numexpr_num_threads"":""1"",""numpy_version"":""2.5.1"",""omp_num_threads"":""1"",""openblas_num_threads"":""1"",""platform"":""Linux-7.0.0-28-generic-x86_64-with-glibc2.39"",""python_executable"":""/home/luigui/Documents/silva-bruus-multiscattering/.venv/bin/python"",""python_version"":""3.12.3"",""pythonhashseed"":""0"",""scipy_version"":""1.18.0"",""veclib_maximum_threads"":""1""}",1,0.10000000000000001,0.10000000000000001,1,0,false,1,rigid,exp(-i omega t),2,0,resource_pilot,-1.05,-0,-0,2.1000000000000001,2.1000000000000001,35c18368ed60abca1eef89b8aeeb1f09b16a455ce330dc4b04a08155543fb053,B_E,scattered_scattered,17,324,153,306,balanced_sqrt,0.37274881905585072,7.5004871715066728e-18,0,0.37274881905585072,7.5004871715066728e-18,0,9.1623674230994738e-05,3.415261636716127e-05,true,,false,true,true,false,convergence,unconfirmed_at_21,unconfirmed_at_21,resource_pilot,false
1.0.0,p1_dimer_resource_pilot,p1_pilot_rigid_ka010_d0210_t000,d97b7c88e857e92b1bdf3ec3b8418ca3ce4339ecd4cb57436fca988016901f61,development,2026-08-19T20:17:27.345044Z,2026-08-19T20:25:41.478313Z,a5a2a9c58f5e65b7986e24c7c64879246d946131,campaigns/p1/pilot_manifest.yaml,d8f56ce20f6f0821d84fd6f36e1f76c855f63f55d809ba9a7201ba52097a43bf,9d360de6e61d901cff3f84c477f367773251103db12386dbb8156bd1ec2addca,/home/luigui/Documents/silva-bruus-multiscattering/.venv/bin/python scripts/run_p1_5_timed_pilot.py --execute,"{""machine"":""x86_64"",""mkl_num_threads"":""1"",""numexpr_num_threads"":""1"",""numpy_version"":""2.5.1"",""omp_num_threads"":""1"",""openblas_num_threads"":""1"",""platform"":""Linux-7.0.0-28-generic-x86_64-with-glibc2.39"",""python_executable"":""/home/luigui/Documents/silva-bruus-multiscattering/.venv/bin/python"",""python_version"":""3.12.3"",""pythonhashseed"":""0"",""scipy_version"":""1.18.0"",""veclib_maximum_threads"":""1""}",1,0.10000000000000001,0.10000000000000001,1,0,false,1,rigid,exp(-i omega t),2,1,resource_pilot,1.05,0,0,2.1000000000000001,2.1000000000000001,35c18368ed60abca1eef89b8aeeb1f09b16a455ce330dc4b04a08155543fb053,B_E,scattered_scattered,17,324,153,306,balanced_sqrt,-0.37274881905585067,5.459302095954329e-17,0,-0.37274881905585067,5.459302095954329e-17,0,9.1623674230994738e-05,3.415261636716127e-05,true,,false,true,true,false,convergence,unconfirmed_at_21,unconfirmed_at_21,resource_pilot,false
1.0.0,p1_dimer_resource_pilot,p1_pilot_rigid_ka010_d0210_t000,d97b7c88e857e92b1bdf3ec3b8418ca3ce4339ecd4cb57436fca988016901f61,development,2026-08-19T20:17:27.345044Z,2026-08-19T20:25:41.478313Z,a5a2a9c58f5e65b7986e24c7c64879246d946131,campaigns/p1/pilot_manifest.yaml,d8f56ce20f6f0821d84fd6f36e1f76c855f63f55d809ba9a7201ba52097a43bf,9d360de6e61d901cff3f84c477f367773251103db12386dbb8156bd1ec2addca,/home/luigui/Documents/silva-bruus-multiscattering/.venv/bin/python scripts/run_p1_5_timed_pilot.py --execute,"{""machine"":""x86_64"",""mkl_num_threads"":""1"",""numexpr_num_threads"":""1"",""numpy_version"":""2.5.1"",""omp_num_threads"":""1"",""openblas_num_threads"":""1"",""platform"":""Linux-7.0.0-28-generic-x86_64-with-glibc2.39"",""python_executable"":""/home/luigui/Documents/silva-bruus-multiscattering/.venv/bin/python"",""python_version"":""3.12.3"",""pythonhashseed"":""0"",""scipy_version"":""1.18.0"",""veclib_maximum_threads"":""1""}",1,0.10000000000000001,0.10000000000000001,1,0,false,1,rigid,exp(-i omega t),2,0,resource_pilot,-1.05,-0,-0,2.1000000000000001,2.1000000000000001,35c18368ed60abca1eef89b8aeeb1f09b16a455ce330dc4b04a08155543fb053,B_E,total,18,361,171,342,balanced_sqrt,1.5952063925170337,2.4151208143426321e-17,0,1.5952063925170337,2.4151208143426321e-17,0,1.2166299405195677e-05,1.9407758584444323e-05,true,,false,true,true,false,convergence,unconfirmed_at_21,unconfirmed_at_21,resource_pilot,false
1.0.0,p1_dimer_resource_pilot,p1_pilot_rigid_ka010_d0210_t000,d97b7c88e857e92b1bdf3ec3b8418ca3ce4339ecd4cb57436fca988016901f61,development,2026-08-19T20:17:27.345044Z,2026-08-19T20:25:41.478313Z,a5a2a9c58f5e65b7986e24c7c64879246d946131,campaigns/p1/pilot_manifest.yaml,d8f56ce20f6f0821d84fd6f36e1f76c855f63f55d809ba9a7201ba52097a43bf,9d360de6e61d901cff3f84c477f367773251103db12386dbb8156bd1ec2addca,/home/luigui/Documents/silva-bruus-multiscattering/.venv/bin/python scripts/run_p1_5_timed_pilot.py --execute,"{""machine"":""x86_64"",""mkl_num_threads"":""1"",""numexpr_num_threads"":""1"",""numpy_version"":""2.5.1"",""omp_num_threads"":""1"",""openblas_num_threads"":""1"",""platform"":""Linux-7.0.0-28-generic-x86_64-with-glibc2.39"",""python_executable"":""/home/luigui/Documents/silva-bruus-multiscattering/.venv/bin/python"",""python_version"":""3.12.3"",""pythonhashseed"":""0"",""scipy_version"":""1.18.0"",""veclib_maximum_threads"":""1""}",1,0.10000000000000001,0.10000000000000001,1,0,false,1,rigid,exp(-i omega t),2,1,resource_pilot,1.05,0,0,2.1000000000000001,2.1000000000000001,35c18368ed60abca1eef89b8aeeb1f09b16a455ce330dc4b04a08155543fb053,B_E,total,18,361,171,342,balanced_sqrt,-1.595206392517033,2.1728914502305042e-16,0,-1.595206392517033,2.1728914502305042e-16,0,1.2166299405195677e-05,1.9407758584444323e-05,true,,false,true,true,false,convergence,unconfirmed_at_21,unconfirmed_at_21,resource_pilot,false
1.0.0,p1_dimer_resource_pilot,p1_pilot_rigid_ka010_d0210_t000,d97b7c88e857e92b1bdf3ec3b8418ca3ce4339ecd4cb57436fca988016901f61,development,2026-08-19T20:17:27.345044Z,2026-08-19T20:25:41.478313Z,a5a2a9c58f5e65b7986e24c7c64879246d946131,campaigns/p1/pilot_manifest.yaml,d8f56ce20f6f0821d84fd6f36e1f76c855f63f55d809ba9a7201ba52097a43bf,9d360de6e61d901cff3f84c477f367773251103db12386dbb8156bd1ec2addca,/home/luigui/Documents/silva-bruus-multiscattering/.venv/bin/python scripts/run_p1_5_timed_pilot.py --execute,"{""machine"":""x86_64"",""mkl_num_threads"":""1"",""numexpr_num_threads"":""1"",""numpy_version"":""2.5.1"",""omp_num_threads"":""1"",""openblas_num_threads"":""1"",""platform"":""Linux-7.0.0-28-generic-x86_64-with-glibc2.39"",""python_executable"":""/home/luigui/Documents/silva-bruus-multiscattering/.venv/bin/python"",""python_version"":""3.12.3"",""pythonhashseed"":""0"",""scipy_version"":""1.18.0"",""veclib_maximum_threads"":""1""}",1,0.10000000000000001,0.10000000000000001,1,0,false,1,rigid,exp(-i omega t),2,0,resource_pilot,-1.05,-0,-0,2.1000000000000001,2.1000000000000001,35c18368ed60abca1eef89b8aeeb1f09b16a455ce330dc4b04a08155543fb053,B_E,interaction,18,361,171,342,balanced_sqrt,1.5952063925170337,2.4151208143426321e-17,0,1.5952063925170337,2.4151208143426321e-17,0,1.2166299405195677e-05,1.9407758584444323e-05,true,,false,true,true,false,convergence,unconfirmed_at_21,unconfirmed_at_21,resource_pilot,false
1.0.0,p1_dimer_resource_pilot,p1_pilot_rigid_ka010_d0210_t000,d97b7c88e857e92b1bdf3ec3b8418ca3ce4339ecd4cb57436fca988016901f61,development,2026-08-19T20:17:27.345044Z,2026-08-19T20:25:41.478313Z,a5a2a9c58f5e65b7986e24c7c64879246d946131,campaigns/p1/pilot_manifest.yaml,d8f56ce20f6f0821d84fd6f36e1f76c855f63f55d809ba9a7201ba52097a43bf,9d360de6e61d901cff3f84c477f367773251103db12386dbb8156bd1ec2addca,/home/luigui/Documents/silva-bruus-multiscattering/.venv/bin/python scripts/run_p1_5_timed_pilot.py --execute,"{""machine"":""x86_64"",""mkl_num_threads"":""1"",""numexpr_num_threads"":""1"",""numpy_version"":""2.5.1"",""omp_num_threads"":""1"",""openblas_num_threads"":""1"",""platform"":""Linux-7.0.0-28-generic-x86_64-with-glibc2.39"",""python_executable"":""/home/luigui/Documents/silva-bruus-multiscattering/.venv/bin/python"",""python_version"":""3.12.3"",""pythonhashseed"":""0"",""scipy_version"":""1.18.0"",""veclib_maximum_threads"":""1""}",1,0.10000000000000001,0.10000000000000001,1,0,false,1,rigid,exp(-i omega t),2,1,resource_pilot,1.05,0,0,2.1000000000000001,2.1000000000000001,35c18368ed60abca1eef89b8aeeb1f09b16a455ce330dc4b04a08155543fb053,B_E,interaction,18,361,171,342,balanced_sqrt,-1.595206392517033,2.1728914502305042e-16,0,-1.595206392517033,2.1728914502305042e-16,0,1.2166299405195677e-05,1.9407758584444323e-05,true,,false,true,true,false,convergence,unconfirmed_at_21,unconfirmed_at_21,resource_pilot,false
1.0.0,p1_dimer_resource_pilot,p1_pilot_rigid_ka010_d0210_t000,d97b7c88e857e92b1bdf3ec3b8418ca3ce4339ecd4cb57436fca988016901f61,development,2026-08-19T20:17:27.345044Z,2026-08-19T20:25:41.478313Z,a5a2a9c58f5e65b7986e24c7c64879246d946131,campaigns/p1/pilot_manifest.yaml,d8f56ce20f6f0821d84fd6f36e1f76c855f63f55d809ba9a7201ba52097a43bf,9d360de6e61d901cff3f84c477f367773251103db12386dbb8156bd1ec2addca,/home/luigui/Documents/silva-bruus-multiscattering/.venv/bin/python scripts/run_p1_5_timed_pilot.py --execute,"{""machine"":""x86_64"",""mkl_num_threads"":""1"",""numexpr_num_threads"":""1"",""numpy_version"":""2.5.1"",""omp_num_threads"":""1"",""openblas_num_threads"":""1"",""platform"":""Linux-7.0.0-28-generic-x86_64-with-glibc2.39"",""python_executable"":""/home/luigui/Documents/silva-bruus-multiscattering/.venv/bin/python"",""python_version"":""3.12.3"",""pythonhashseed"":""0"",""scipy_version"":""1.18.0"",""veclib_maximum_threads"":""1""}",1,0.10000000000000001,0.10000000000000001,1,0,false,1,rigid,exp(-i omega t),2,0,resource_pilot,-1.05,-0,-0,2.1000000000000001,2.1000000000000001,35c18368ed60abca1eef89b8aeeb1f09b16a455ce330dc4b04a08155543fb053,B_E,external_scattered,18,361,171,342,balanced_sqrt,1.2224392817688021,1.5847020844396166e-17,0,1.2224392817688021,1.5847020844396166e-17,0,9.1298293519410778e-07,1.1160662035658575e-06,true,16,true,true,true,false,convergence,unconfirmed_at_21,unconfirmed_at_21,resource_pilot,false
1.0.0,p1_dimer_resource_pilot,p1_pilot_rigid_ka010_d0210_t000,d97b7c88e857e92b1bdf3ec3b8418ca3ce4339ecd4cb57436fca988016901f61,development,2026-08-19T20:17:27.345044Z,2026-08-19T20:25:41.478313Z,a5a2a9c58f5e65b7986e24c7c64879246d946131,campaigns/p1/pilot_manifest.yaml,d8f56ce20f6f0821d84fd6f36e1f76c855f63f55d809ba9a7201ba52097a43bf,9d360de6e61d901cff3f84c477f367773251103db12386dbb8156bd1ec2addca,/home/luigui/Documents/silva-bruus-multiscattering/.venv/bin/python scripts/run_p1_5_timed_pilot.py --execute,"{""machine"":""x86_64"",""mkl_num_threads"":""1"",""numexpr_num_threads"":""1"",""numpy_version"":""2.5.1"",""omp_num_threads"":""1"",""openblas_num_threads"":""1"",""platform"":""Linux-7.0.0-28-generic-x86_64-with-glibc2.39"",""python_executable"":""/home/luigui/Documents/silva-bruus-multiscattering/.venv/bin/python"",""python_version"":""3.12.3"",""pythonhashseed"":""0"",""scipy_version"":""1.18.0"",""veclib_maximum_threads"":""1""}",1,0.10000000000000001,0.10000000000000001,1,0,false,1,rigid,exp(-i omega t),2,1,resource_pilot,1.05,0,0,2.1000000000000001,2.1000000000000001,35c18368ed60abca1eef89b8aeeb1f09b16a455ce330dc4b04a08155543fb053,B_E,external_scattered,18,361,171,342,balanced_sqrt,-1.2224392817688015,1.6314307975615941e-16,0,-1.2224392817688015,1.6314307975615941e-16,0,9.1298293519410778e-07,1.1160662035658575e-06,true,16,true,true,true,false,convergence,unconfirmed_at_21,unconfirmed_at_21,resource_pilot,false
1.0.0,p1_dimer_resource_pilot,p1_pilot_rigid_ka010_d0210_t000,d97b7c88e857e92b1bdf3ec3b8418ca3ce4339ecd4cb57436fca988016901f61,development,2026-08-19T20:17:27.345044Z,2026-08-19T20:25:41.478313Z,a5a2a9c58f5e65b7986e24c7c64879246d946131,campaigns/p1/pilot_manifest.yaml,d8f56ce20f6f0821d84fd6f36e1f76c855f63f55d809ba9a7201ba52097a43bf,9d360de6e61d901cff3f84c477f367773251103db12386dbb8156bd1ec2addca,/home/luigui/Documents/silva-bruus-multiscattering/.venv/bin/python scripts/run_p1_5_timed_pilot.py --execute,"{""machine"":""x86_64"",""mkl_num_threads"":""1"",""numexpr_num_threads"":""1"",""numpy_version"":""2.5.1"",""omp_num_threads"":""1"",""openblas_num_threads"":""1"",""platform"":""Linux-7.0.0-28-generic-x86_64-with-glibc2.39"",""python_executable"":""/home/luigui/Documents/silva-bruus-multiscattering/.venv/bin/python"",""python_version"":""3.12.3"",""pythonhashseed"":""0"",""scipy_version"":""1.18.0"",""veclib_maximum_threads"":""1""}",1,0.10000000000000001,0.10000000000000001,1,0,false,1,rigid,exp(-i omega t),2,0,resource_pilot,-1.05,-0,-0,2.1000000000000001,2.1000000000000001,35c18368ed60abca1eef89b8aeeb1f09b16a455ce330dc4b04a08155543fb053,B_E,scattered_scattered,18,361,171,342,balanced_sqrt,0.37276711074823149,8.3041872990301563e-18,0,0.37276711074823149,8.3041872990301563e-18,0,4.9070027514174894e-05,1.8291692380795199e-05,true,,false,true,true,false,convergence,unconfirmed_at_21,unconfirmed_at_21,resource_pilot,false
1.0.0,p1_dimer_resource_pilot,p1_pilot_rigid_ka010_d0210_t000,d97b7c88e857e92b1bdf3ec3b8418ca3ce4339ecd4cb57436fca988016901f61,development,2026-08-19T20:17:27.345044Z,2026-08-19T20:25:41.478313Z,a5a2a9c58f5e65b7986e24c7c64879246d946131,campaigns/p1/pilot_manifest.yaml,d8f56ce20f6f0821d84fd6f36e1f76c855f63f55d809ba9a7201ba52097a43bf,9d360de6e61d901cff3f84c477f367773251103db12386dbb8156bd1ec2addca,/home/luigui/Documents/silva-bruus-multiscattering/.venv/bin/python scripts/run_p1_5_timed_pilot.py --execute,"{""machine"":""x86_64"",""mkl_num_threads"":""1"",""numexpr_num_threads"":""1"",""numpy_version"":""2.5.1"",""omp_num_threads"":""1"",""openblas_num_threads"":""1"",""platform"":""Linux-7.0.0-28-generic-x86_64-with-glibc2.39"",""python_executable"":""/home/luigui/Documents/silva-bruus-multiscattering/.venv/bin/python"",""python_version"":""3.12.3"",""pythonhashseed"":""0"",""scipy_version"":""1.18.0"",""veclib_maximum_threads"":""1""}",1,0.10000000000000001,0.10000000000000001,1,0,false,1,rigid,exp(-i omega t),2,1,resource_pilot,1.05,0,0,2.1000000000000001,2.1000000000000001,35c18368ed60abca1eef89b8aeeb1f09b16a455ce330dc4b04a08155543fb053,B_E,scattered_scattered,18,361,171,342,balanced_sqrt,-0.37276711074823149,5.4146065266891016e-17,0,-0.37276711074823149,5.4146065266891016e-17,0,4.9070027514174894e-05,1.8291692380795199e-05,true,,false,true,true,false,convergence,unconfirmed_at_21,unconfirmed_at_21,resource_pilot,false
1.0.0,p1_dimer_resource_pilot,p1_pilot_rigid_ka010_d0210_t000,d97b7c88e857e92b1bdf3ec3b8418ca3ce4339ecd4cb57436fca988016901f61,development,2026-08-19T20:17:27.345044Z,2026-08-19T20:25:41.478313Z,a5a2a9c58f5e65b7986e24c7c64879246d946131,campaigns/p1/pilot_manifest.yaml,d8f56ce20f6f0821d84fd6f36e1f76c855f63f55d809ba9a7201ba52097a43bf,9d360de6e61d901cff3f84c477f367773251103db12386dbb8156bd1ec2addca,/home/luigui/Documents/silva-bruus-multiscattering/.venv/bin/python scripts/run_p1_5_timed_pilot.py --execute,"{""machine"":""x86_64"",""mkl_num_threads"":""1"",""numexpr_num_threads"":""1"",""numpy_version"":""2.5.1"",""omp_num_threads"":""1"",""openblas_num_threads"":""1"",""platform"":""Linux-7.0.0-28-generic-x86_64-with-glibc2.39"",""python_executable"":""/home/luigui/Documents/silva-bruus-multiscattering/.venv/bin/python"",""python_version"":""3.12.3"",""pythonhashseed"":""0"",""scipy_version"":""1.18.0"",""veclib_maximum_threads"":""1""}",1,0.10000000000000001,0.10000000000000001,1,0,false,1,rigid,exp(-i omega t),2,0,resource_pilot,-1.05,-0,-0,2.1000000000000001,2.1000000000000001,35c18368ed60abca1eef89b8aeeb1f09b16a455ce330dc4b04a08155543fb053,B_E,total,19,400,190,380,balanced_sqrt,1.5952167407740931,2.4100417738045226e-17,0,1.5952167407740931,2.4100417738045226e-17,0,6.4870539502924569e-06,1.0348257059811239e-05,true,,false,true,true,false,convergence,unconfirmed_at_21,unconfirmed_at_21,resource_pilot,false
1.0.0,p1_dimer_resource_pilot,p1_pilot_rigid_ka010_d0210_t000,d97b7c88e857e92b1bdf3ec3b8418ca3ce4339ecd4cb57436fca988016901f61,development,2026-08-19T20:17:27.345044Z,2026-08-19T20:25:41.478313Z,a5a2a9c58f5e65b7986e24c7c64879246d946131,campaigns/p1/pilot_manifest.yaml,d8f56ce20f6f0821d84fd6f36e1f76c855f63f55d809ba9a7201ba52097a43bf,9d360de6e61d901cff3f84c477f367773251103db12386dbb8156bd1ec2addca,/home/luigui/Documents/silva-bruus-multiscattering/.venv/bin/python scripts/run_p1_5_timed_pilot.py --execute,"{""machine"":""x86_64"",""mkl_num_threads"":""1"",""numexpr_num_threads"":""1"",""numpy_version"":""2.5.1"",""omp_num_threads"":""1"",""openblas_num_threads"":""1"",""platform"":""Linux-7.0.0-28-generic-x86_64-with-glibc2.39"",""python_executable"":""/home/luigui/Documents/silva-bruus-multiscattering/.venv/bin/python"",""python_version"":""3.12.3"",""pythonhashseed"":""0"",""scipy_version"":""1.18.0"",""veclib_maximum_threads"":""1""}",1,0.10000000000000001,0.10000000000000001,1,0,false,1,rigid,exp(-i omega t),2,1,resource_pilot,1.05,0,0,2.1000000000000001,2.1000000000000001,35c18368ed60abca1eef89b8aeeb1f09b16a455ce330dc4b04a08155543fb053,B_E,total,19,400,190,380,balanced_sqrt,-1.5952167407740931,2.1862804184543544e-16,0,-1.5952167407740931,2.1862804184543544e-16,0,6.4870539502924569e-06,1.0348257059811239e-05,true,,false,true,true,false,convergence,unconfirmed_at_21,unconfirmed_at_21,resource_pilot,false
1.0.0,p1_dimer_resource_pilot,p1_pilot_rigid_ka010_d0210_t000,d97b7c88e857e92b1bdf3ec3b8418ca3ce4339ecd4cb57436fca988016901f61,development,2026-08-19T20:17:27.345044Z,2026-08-19T20:25:41.478313Z,a5a2a9c58f5e65b7986e24c7c64879246d946131,campaigns/p1/pilot_manifest.yaml,d8f56ce20f6f0821d84fd6f36e1f76c855f63f55d809ba9a7201ba52097a43bf,9d360de6e61d901cff3f84c477f367773251103db12386dbb8156bd1ec2addca,/home/luigui/Documents/silva-bruus-multiscattering/.venv/bin/python scripts/run_p1_5_timed_pilot.py --execute,"{""machine"":""x86_64"",""mkl_num_threads"":""1"",""numexpr_num_threads"":""1"",""numpy_version"":""2.5.1"",""omp_num_threads"":""1"",""openblas_num_threads"":""1"",""platform"":""Linux-7.0.0-28-generic-x86_64-with-glibc2.39"",""python_executable"":""/home/luigui/Documents/silva-bruus-multiscattering/.venv/bin/python"",""python_version"":""3.12.3"",""pythonhashseed"":""0"",""scipy_version"":""1.18.0"",""veclib_maximum_threads"":""1""}",1,0.10000000000000001,0.10000000000000001,1,0,false,1,rigid,exp(-i omega t),2,0,resource_pilot,-1.05,-0,-0,2.1000000000000001,2.1000000000000001,35c18368ed60abca1eef89b8aeeb1f09b16a455ce330dc4b04a08155543fb053,B_E,interaction,19,400,190,380,balanced_sqrt,1.5952167407740931,2.4100417738045226e-17,0,1.5952167407740931,2.4100417738045226e-17,0,6.4870539502924569e-06,1.0348257059811239e-05,true,,false,true,true,false,convergence,unconfirmed_at_21,unconfirmed_at_21,resource_pilot,false
1.0.0,p1_dimer_resource_pilot,p1_pilot_rigid_ka010_d0210_t000,d97b7c88e857e92b1bdf3ec3b8418ca3ce4339ecd4cb57436fca988016901f61,development,2026-08-19T20:17:27.345044Z,2026-08-19T20:25:41.478313Z,a5a2a9c58f5e65b7986e24c7c64879246d946131,campaigns/p1/pilot_manifest.yaml,d8f56ce20f6f0821d84fd6f36e1f76c855f63f55d809ba9a7201ba52097a43bf,9d360de6e61d901cff3f84c477f367773251103db12386dbb8156bd1ec2addca,/home/luigui/Documents/silva-bruus-multiscattering/.venv/bin/python scripts/run_p1_5_timed_pilot.py --execute,"{""machine"":""x86_64"",""mkl_num_threads"":""1"",""numexpr_num_threads"":""1"",""numpy_version"":""2.5.1"",""omp_num_threads"":""1"",""openblas_num_threads"":""1"",""platform"":""Linux-7.0.0-28-generic-x86_64-with-glibc2.39"",""python_executable"":""/home/luigui/Documents/silva-bruus-multiscattering/.venv/bin/python"",""python_version"":""3.12.3"",""pythonhashseed"":""0"",""scipy_version"":""1.18.0"",""veclib_maximum_threads"":""1""}",1,0.10000000000000001,0.10000000000000001,1,0,false,1,rigid,exp(-i omega t),2,1,resource_pilot,1.05,0,0,2.1000000000000001,2.1000000000000001,35c18368ed60abca1eef89b8aeeb1f09b16a455ce330dc4b04a08155543fb053,B_E,interaction,19,400,190,380,balanced_sqrt,-1.5952167407740931,2.1862804184543544e-16,0,-1.5952167407740931,2.1862804184543544e-16,0,6.4870539502924569e-06,1.0348257059811239e-05,true,,false,true,true,false,convergence,unconfirmed_at_21,unconfirmed_at_21,resource_pilot,false
1.0.0,p1_dimer_resource_pilot,p1_pilot_rigid_ka010_d0210_t000,d97b7c88e857e92b1bdf3ec3b8418ca3ce4339ecd4cb57436fca988016901f61,development,2026-08-19T20:17:27.345044Z,2026-08-19T20:25:41.478313Z,a5a2a9c58f5e65b7986e24c7c64879246d946131,campaigns/p1/pilot_manifest.yaml,d8f56ce20f6f0821d84fd6f36e1f76c855f63f55d809ba9a7201ba52097a43bf,9d360de6e61d901cff3f84c477f367773251103db12386dbb8156bd1ec2addca,/home/luigui/Documents/silva-bruus-multiscattering/.venv/bin/python scripts/run_p1_5_timed_pilot.py --execute,"{""machine"":""x86_64"",""mkl_num_threads"":""1"",""numexpr_num_threads"":""1"",""numpy_version"":""2.5.1"",""omp_num_threads"":""1"",""openblas_num_threads"":""1"",""platform"":""Linux-7.0.0-28-generic-x86_64-with-glibc2.39"",""python_executable"":""/home/luigui/Documents/silva-bruus-multiscattering/.venv/bin/python"",""python_version"":""3.12.3"",""pythonhashseed"":""0"",""scipy_version"":""1.18.0"",""veclib_maximum_threads"":""1""}",1,0.10000000000000001,0.10000000000000001,1,0,false,1,rigid,exp(-i omega t),2,0,resource_pilot,-1.05,-0,-0,2.1000000000000001,2.1000000000000001,35c18368ed60abca1eef89b8aeeb1f09b16a455ce330dc4b04a08155543fb053,B_E,external_scattered,19,400,190,380,balanced_sqrt,1.222439842025796,1.5994076320659308e-17,0,1.222439842025796,1.5994076320659308e-17,0,4.5831048293107167e-07,5.6025699435302556e-07,true,16,true,true,true,false,convergence,unconfirmed_at_21,unconfirmed_at_21,resource_pilot,false
1.0.0,p1_dimer_resource_pilot,p1_pilot_rigid_ka010_d0210_t000,d97b7c88e857e92b1bdf3ec3b8418ca3ce4339ecd4cb57436fca988016901f61,development,2026-08-19T20:17:27.345044Z,2026-08-19T20:25:41.478313Z,a5a2a9c58f5e65b7986e24c7c64879246d946131,campaigns/p1/pilot_manifest.yaml,d8f56ce20f6f0821d84fd6f36e1f76c855f63f55d809ba9a7201ba52097a43bf,9d360de6e61d901cff3f84c477f367773251103db12386dbb8156bd1ec2addca,/home/luigui/Documents/silva-bruus-multiscattering/.venv/bin/python scripts/run_p1_5_timed_pilot.py --execute,"{""machine"":""x86_64"",""mkl_num_threads"":""1"",""numexpr_num_threads"":""1"",""numpy_version"":""2.5.1"",""omp_num_threads"":""1"",""openblas_num_threads"":""1"",""platform"":""Linux-7.0.0-28-generic-x86_64-with-glibc2.39"",""python_executable"":""/home/luigui/Documents/silva-bruus-multiscattering/.venv/bin/python"",""python_version"":""3.12.3"",""pythonhashseed"":""0"",""scipy_version"":""1.18.0"",""veclib_maximum_threads"":""1""}",1,0.10000000000000001,0.10000000000000001,1,0,false,1,rigid,exp(-i omega t),2,1,resource_pilot,1.05,0,0,2.1000000000000001,2.1000000000000001,35c18368ed60abca1eef89b8aeeb1f09b16a455ce330dc4b04a08155543fb053,B_E,external_scattered,19,400,190,380,balanced_sqrt,-1.2224398420257963,1.6400280418956832e-16,0,-1.2224398420257963,1.6400280418956832e-16,0,4.5831048293107167e-07,5.6025699435302556e-07,true,16,true,true,true,false,convergence,unconfirmed_at_21,unconfirmed_at_21,resource_pilot,false
1.0.0,p1_dimer_resource_pilot,p1_pilot_rigid_ka010_d0210_t000,d97b7c88e857e92b1bdf3ec3b8418ca3ce4339ecd4cb57436fca988016901f61,development,2026-08-19T20:17:27.345044Z,2026-08-19T20:25:41.478313Z,a5a2a9c58f5e65b7986e24c7c64879246d946131,campaigns/p1/pilot_manifest.yaml,d8f56ce20f6f0821d84fd6f36e1f76c855f63f55d809ba9a7201ba52097a43bf,9d360de6e61d901cff3f84c477f367773251103db12386dbb8156bd1ec2addca,/home/luigui/Documents/silva-bruus-multiscattering/.venv/bin/python scripts/run_p1_5_timed_pilot.py --execute,"{""machine"":""x86_64"",""mkl_num_threads"":""1"",""numexpr_num_threads"":""1"",""numpy_version"":""2.5.1"",""omp_num_threads"":""1"",""openblas_num_threads"":""1"",""platform"":""Linux-7.0.0-28-generic-x86_64-with-glibc2.39"",""python_executable"":""/home/luigui/Documents/silva-bruus-multiscattering/.venv/bin/python"",""python_version"":""3.12.3"",""pythonhashseed"":""0"",""scipy_version"":""1.18.0"",""veclib_maximum_threads"":""1""}",1,0.10000000000000001,0.10000000000000001,1,0,false,1,rigid,exp(-i omega t),2,0,resource_pilot,-1.05,-0,-0,2.1000000000000001,2.1000000000000001,35c18368ed60abca1eef89b8aeeb1f09b16a455ce330dc4b04a08155543fb053,B_E,scattered_scattered,19,400,190,380,balanced_sqrt,0.37277689874829711,8.1063414173859165e-18,0,0.37277689874829711,8.1063414173859165e-18,0,2.6256992046469174e-05,9.7880000655414801e-06,true,,false,true,true,false,convergence,unconfirmed_at_21,unconfirmed_at_21,resource_pilot,false
1.0.0,p1_dimer_resource_pilot,p1_pilot_rigid_ka010_d0210_t000,d97b7c88e857e92b1bdf3ec3b8418ca3ce4339ecd4cb57436fca988016901f61,development,2026-08-19T20:17:27.345044Z,2026-08-19T20:25:41.478313Z,a5a2a9c58f5e65b7986e24c7c64879246d946131,campaigns/p1/pilot_manifest.yaml,d8f56ce20f6f0821d84fd6f36e1f76c855f63f55d809ba9a7201ba52097a43bf,9d360de6e61d901cff3f84c477f367773251103db12386dbb8156bd1ec2addca,/home/luigui/Documents/silva-bruus-multiscattering/.venv/bin/python scripts/run_p1_5_timed_pilot.py --execute,"{""machine"":""x86_64"",""mkl_num_threads"":""1"",""numexpr_num_threads"":""1"",""numpy_version"":""2.5.1"",""omp_num_threads"":""1"",""openblas_num_threads"":""1"",""platform"":""Linux-7.0.0-28-generic-x86_64-with-glibc2.39"",""python_executable"":""/home/luigui/Documents/silva-bruus-multiscattering/.venv/bin/python"",""python_version"":""3.12.3"",""pythonhashseed"":""0"",""scipy_version"":""1.18.0"",""veclib_maximum_threads"":""1""}",1,0.10000000000000001,0.10000000000000001,1,0,false,1,rigid,exp(-i omega t),2,1,resource_pilot,1.05,0,0,2.1000000000000001,2.1000000000000001,35c18368ed60abca1eef89b8aeeb1f09b16a455ce330dc4b04a08155543fb053,B_E,scattered_scattered,19,400,190,380,balanced_sqrt,-0.37277689874829695,5.4625237655867101e-17,0,-0.37277689874829695,5.4625237655867101e-17,0,2.6256992046469174e-05,9.7880000655414801e-06,true,,false,true,true,false,convergence,unconfirmed_at_21,unconfirmed_at_21,resource_pilot,false
1.0.0,p1_dimer_resource_pilot,p1_pilot_rigid_ka010_d0210_t000,d97b7c88e857e92b1bdf3ec3b8418ca3ce4339ecd4cb57436fca988016901f61,development,2026-08-19T20:17:27.345044Z,2026-08-19T20:25:41.478313Z,a5a2a9c58f5e65b7986e24c7c64879246d946131,campaigns/p1/pilot_manifest.yaml,d8f56ce20f6f0821d84fd6f36e1f76c855f63f55d809ba9a7201ba52097a43bf,9d360de6e61d901cff3f84c477f367773251103db12386dbb8156bd1ec2addca,/home/luigui/Documents/silva-bruus-multiscattering/.venv/bin/python scripts/run_p1_5_timed_pilot.py --execute,"{""machine"":""x86_64"",""mkl_num_threads"":""1"",""numexpr_num_threads"":""1"",""numpy_version"":""2.5.1"",""omp_num_threads"":""1"",""openblas_num_threads"":""1"",""platform"":""Linux-7.0.0-28-generic-x86_64-with-glibc2.39"",""python_executable"":""/home/luigui/Documents/silva-bruus-multiscattering/.venv/bin/python"",""python_version"":""3.12.3"",""pythonhashseed"":""0"",""scipy_version"":""1.18.0"",""veclib_maximum_threads"":""1""}",1,0.10000000000000001,0.10000000000000001,1,0,false,1,rigid,exp(-i omega t),2,0,resource_pilot,-1.05,-0,-0,2.1000000000000001,2.1000000000000001,35c18368ed60abca1eef89b8aeeb1f09b16a455ce330dc4b04a08155543fb053,B_E,total,20,441,210,420,balanced_sqrt,1.5952222558190035,2.2879269904401238e-17,0,1.5952222558190035,2.2879269904401238e-17,0,3.4572266590805799e-06,5.515044909976119e-06,true,20,true,true,true,false,convergence,unconfirmed_at_21,unconfirmed_at_21,resource_pilot,false
1.0.0,p1_dimer_resource_pilot,p1_pilot_rigid_ka010_d0210_t000,d97b7c88e857e92b1bdf3ec3b8418ca3ce4339ecd4cb57436fca988016901f61,development,2026-08-19T20:17:27.345044Z,2026-08-19T20:25:41.478313Z,a5a2a9c58f5e65b7986e24c7c64879246d946131,campaigns/p1/pilot_manifest.yaml,d8f56ce20f6f0821d84fd6f36e1f76c855f63f55d809ba9a7201ba52097a43bf,9d360de6e61d901cff3f84c477f367773251103db12386dbb8156bd1ec2addca,/home/luigui/Documents/silva-bruus-multiscattering/.venv/bin/python scripts/run_p1_5_timed_pilot.py --execute,"{""machine"":""x86_64"",""mkl_num_threads"":""1"",""numexpr_num_threads"":""1"",""numpy_version"":""2.5.1"",""omp_num_threads"":""1"",""openblas_num_threads"":""1"",""platform"":""Linux-7.0.0-28-generic-x86_64-with-glibc2.39"",""python_executable"":""/home/luigui/Documents/silva-bruus-multiscattering/.venv/bin/python"",""python_version"":""3.12.3"",""pythonhashseed"":""0"",""scipy_version"":""1.18.0"",""veclib_maximum_threads"":""1""}",1,0.10000000000000001,0.10000000000000001,1,0,false,1,rigid,exp(-i omega t),2,1,resource_pilot,1.05,0,0,2.1000000000000001,2.1000000000000001,35c18368ed60abca1eef89b8aeeb1f09b16a455ce330dc4b04a08155543fb053,B_E,total,20,441,210,420,balanced_sqrt,-1.5952222558190028,2.1264012561232559e-16,0,-1.5952222558190028,2.1264012561232559e-16,0,3.4572266590805799e-06,5.515044909976119e-06,true,20,true,true,true,false,convergence,unconfirmed_at_21,unconfirmed_at_21,resource_pilot,false
1.0.0,p1_dimer_resource_pilot,p1_pilot_rigid_ka010_d0210_t000,d97b7c88e857e92b1bdf3ec3b8418ca3ce4339ecd4cb57436fca988016901f61,development,2026-08-19T20:17:27.345044Z,2026-08-19T20:25:41.478313Z,a5a2a9c58f5e65b7986e24c7c64879246d946131,campaigns/p1/pilot_manifest.yaml,d8f56ce20f6f0821d84fd6f36e1f76c855f63f55d809ba9a7201ba52097a43bf,9d360de6e61d901cff3f84c477f367773251103db12386dbb8156bd1ec2addca,/home/luigui/Documents/silva-bruus-multiscattering/.venv/bin/python scripts/run_p1_5_timed_pilot.py --execute,"{""machine"":""x86_64"",""mkl_num_threads"":""1"",""numexpr_num_threads"":""1"",""numpy_version"":""2.5.1"",""omp_num_threads"":""1"",""openblas_num_threads"":""1"",""platform"":""Linux-7.0.0-28-generic-x86_64-with-glibc2.39"",""python_executable"":""/home/luigui/Documents/silva-bruus-multiscattering/.venv/bin/python"",""python_version"":""3.12.3"",""pythonhashseed"":""0"",""scipy_version"":""1.18.0"",""veclib_maximum_threads"":""1""}",1,0.10000000000000001,0.10000000000000001,1,0,false,1,rigid,exp(-i omega t),2,0,resource_pilot,-1.05,-0,-0,2.1000000000000001,2.1000000000000001,35c18368ed60abca1eef89b8aeeb1f09b16a455ce330dc4b04a08155543fb053,B_E,interaction,20,441,210,420,balanced_sqrt,1.5952222558190035,2.2879269904401238e-17,0,1.5952222558190035,2.2879269904401238e-17,0,3.4572266590805799e-06,5.515044909976119e-06,true,20,true,true,true,false,convergence,unconfirmed_at_21,unconfirmed_at_21,resource_pilot,false
1.0.0,p1_dimer_resource_pilot,p1_pilot_rigid_ka010_d0210_t000,d97b7c88e857e92b1bdf3ec3b8418ca3ce4339ecd4cb57436fca988016901f61,development,2026-08-19T20:17:27.345044Z,2026-08-19T20:25:41.478313Z,a5a2a9c58f5e65b7986e24c7c64879246d946131,campaigns/p1/pilot_manifest.yaml,d8f56ce20f6f0821d84fd6f36e1f76c855f63f55d809ba9a7201ba52097a43bf,9d360de6e61d901cff3f84c477f367773251103db12386dbb8156bd1ec2addca,/home/luigui/Documents/silva-bruus-multiscattering/.venv/bin/python scripts/run_p1_5_timed_pilot.py --execute,"{""machine"":""x86_64"",""mkl_num_threads"":""1"",""numexpr_num_threads"":""1"",""numpy_version"":""2.5.1"",""omp_num_threads"":""1"",""openblas_num_threads"":""1"",""platform"":""Linux-7.0.0-28-generic-x86_64-with-glibc2.39"",""python_executable"":""/home/luigui/Documents/silva-bruus-multiscattering/.venv/bin/python"",""python_version"":""3.12.3"",""pythonhashseed"":""0"",""scipy_version"":""1.18.0"",""veclib_maximum_threads"":""1""}",1,0.10000000000000001,0.10000000000000001,1,0,false,1,rigid,exp(-i omega t),2,1,resource_pilot,1.05,0,0,2.1000000000000001,2.1000000000000001,35c18368ed60abca1eef89b8aeeb1f09b16a455ce330dc4b04a08155543fb053,B_E,interaction,20,441,210,420,balanced_sqrt,-1.5952222558190028,2.1264012561232559e-16,0,-1.5952222558190028,2.1264012561232559e-16,0,3.4572266590805799e-06,5.515044909976119e-06,true,20,true,true,true,false,convergence,unconfirmed_at_21,unconfirmed_at_21,resource_pilot,false
1.0.0,p1_dimer_resource_pilot,p1_pilot_rigid_ka010_d0210_t000,d97b7c88e857e92b1bdf3ec3b8418ca3ce4339ecd4cb57436fca988016901f61,development,2026-08-19T20:17:27.345044Z,2026-08-19T20:25:41.478313Z,a5a2a9c58f5e65b7986e24c7c64879246d946131,campaigns/p1/pilot_manifest.yaml,d8f56ce20f6f0821d84fd6f36e1f76c855f63f55d809ba9a7201ba52097a43bf,9d360de6e61d901cff3f84c477f367773251103db12386dbb8156bd1ec2addca,/home/luigui/Documents/silva-bruus-multiscattering/.venv/bin/python scripts/run_p1_5_timed_pilot.py --execute,"{""machine"":""x86_64"",""mkl_num_threads"":""1"",""numexpr_num_threads"":""1"",""numpy_version"":""2.5.1"",""omp_num_threads"":""1"",""openblas_num_threads"":""1"",""platform"":""Linux-7.0.0-28-generic-x86_64-with-glibc2.39"",""python_executable"":""/home/luigui/Documents/silva-bruus-multiscattering/.venv/bin/python"",""python_version"":""3.12.3"",""pythonhashseed"":""0"",""scipy_version"":""1.18.0"",""veclib_maximum_threads"":""1""}",1,0.10000000000000001,0.10000000000000001,1,0,false,1,rigid,exp(-i omega t),2,0,resource_pilot,-1.05,-0,-0,2.1000000000000001,2.1000000000000001,35c18368ed60abca1eef89b8aeeb1f09b16a455ce330dc4b04a08155543fb053,B_E,external_scattered,20,441,210,420,balanced_sqrt,1.2224401242367531,1.4841491432820953e-17,0,1.2224401242367531,1.4841491432820953e-17,0,2.3085871538359326e-07,2.822109567146569e-07,true,16,true,true,true,false,convergence,unconfirmed_at_21,unconfirmed_at_21,resource_pilot,false
1.0.0,p1_dimer_resource_pilot,p1_pilot_rigid_ka010_d0210_t000,d97b7c88e857e92b1bdf3ec3b8418ca3ce4339ecd4cb57436fca988016901f61,development,2026-08-19T20:17:27.345044Z,2026-08-19T20:25:41.478313Z,a5a2a9c58f5e65b7986e24c7c64879246d946131,campaigns/p1/pilot_manifest.yaml,d8f56ce20f6f0821d84fd6f36e1f76c855f63f55d809ba9a7201ba52097a43bf,9d360de6e61d901cff3f84c477f367773251103db12386dbb8156bd1ec2addca,/home/luigui/Documents/silva-bruus-multiscattering/.venv/bin/python scripts/run_p1_5_timed_pilot.py --execute,"{""machine"":""x86_64"",""mkl_num_threads"":""1"",""numexpr_num_threads"":""1"",""numpy_version"":""2.5.1"",""omp_num_threads"":""1"",""openblas_num_threads"":""1"",""platform"":""Linux-7.0.0-28-generic-x86_64-with-glibc2.39"",""python_executable"":""/home/luigui/Documents/silva-bruus-multiscattering/.venv/bin/python"",""python_version"":""3.12.3"",""pythonhashseed"":""0"",""scipy_version"":""1.18.0"",""veclib_maximum_threads"":""1""}",1,0.10000000000000001,0.10000000000000001,1,0,false,1,rigid,exp(-i omega t),2,1,resource_pilot,1.05,0,0,2.1000000000000001,2.1000000000000001,35c18368ed60abca1eef89b8aeeb1f09b16a455ce330dc4b04a08155543fb053,B_E,external_scattered,20,441,210,420,balanced_sqrt,-1.2224401242367526,1.5938826601616401e-16,0,-1.2224401242367526,1.5938826601616401e-16,0,2.3085871538359326e-07,2.822109567146569e-07,true,16,true,true,true,false,convergence,unconfirmed_at_21,unconfirmed_at_21,resource_pilot,false
1.0.0,p1_dimer_resource_pilot,p1_pilot_rigid_ka010_d0210_t000,d97b7c88e857e92b1bdf3ec3b8418ca3ce4339ecd4cb57436fca988016901f61,development,2026-08-19T20:17:27.345044Z,2026-08-19T20:25:41.478313Z,a5a2a9c58f5e65b7986e24c7c64879246d946131,campaigns/p1/pilot_manifest.yaml,d8f56ce20f6f0821d84fd6f36e1f76c855f63f55d809ba9a7201ba52097a43bf,9d360de6e61d901cff3f84c477f367773251103db12386dbb8156bd1ec2addca,/home/luigui/Documents/silva-bruus-multiscattering/.venv/bin/python scripts/run_p1_5_timed_pilot.py --execute,"{""machine"":""x86_64"",""mkl_num_threads"":""1"",""numexpr_num_threads"":""1"",""numpy_version"":""2.5.1"",""omp_num_threads"":""1"",""openblas_num_threads"":""1"",""platform"":""Linux-7.0.0-28-generic-x86_64-with-glibc2.39"",""python_executable"":""/home/luigui/Documents/silva-bruus-multiscattering/.venv/bin/python"",""python_version"":""3.12.3"",""pythonhashseed"":""0"",""scipy_version"":""1.18.0"",""veclib_maximum_threads"":""1""}",1,0.10000000000000001,0.10000000000000001,1,0,false,1,rigid,exp(-i omega t),2,0,resource_pilot,-1.05,-0,-0,2.1000000000000001,2.1000000000000001,35c18368ed60abca1eef89b8aeeb1f09b16a455ce330dc4b04a08155543fb053,B_E,scattered_scattered,20,441,210,420,balanced_sqrt,0.37278213158225043,8.0377784715802854e-18,0,0.37278213158225043,8.0377784715802854e-18,0,1.403724457245584e-05,5.2328339532614621e-06,true,,false,true,true,false,convergence,unconfirmed_at_21,unconfirmed_at_21,resource_pilot,false
1.0.0,p1_dimer_resource_pilot,p1_pilot_rigid_ka010_d0210_t000,d97b7c88e857e92b1bdf3ec3b8418ca3ce4339ecd4cb57436fca988016901f61,development,2026-08-19T20:17:27.345044Z,2026-08-19T20:25:41.478313Z,a5a2a9c58f5e65b7986e24c7c64879246d946131,campaigns/p1/pilot_manifest.yaml,d8f56ce20f6f0821d84fd6f36e1f76c855f63f55d809ba9a7201ba52097a43bf,9d360de6e61d901cff3f84c477f367773251103db12386dbb8156bd1ec2addca,/home/luigui/Documents/silva-bruus-multiscattering/.venv/bin/python scripts/run_p1_5_timed_pilot.py --execute,"{""machine"":""x86_64"",""mkl_num_threads"":""1"",""numexpr_num_threads"":""1"",""numpy_version"":""2.5.1"",""omp_num_threads"":""1"",""openblas_num_threads"":""1"",""platform"":""Linux-7.0.0-28-generic-x86_64-with-glibc2.39"",""python_executable"":""/home/luigui/Documents/silva-bruus-multiscattering/.venv/bin/python"",""python_version"":""3.12.3"",""pythonhashseed"":""0"",""scipy_version"":""1.18.0"",""veclib_maximum_threads"":""1""}",1,0.10000000000000001,0.10000000000000001,1,0,false,1,rigid,exp(-i omega t),2,1,resource_pilot,1.05,0,0,2.1000000000000001,2.1000000000000001,35c18368ed60abca1eef89b8aeeb1f09b16a455ce330dc4b04a08155543fb053,B_E,scattered_scattered,20,441,210,420,balanced_sqrt,-0.37278213158225015,5.3251859596161586e-17,0,-0.37278213158225015,5.3251859596161586e-17,0,1.403724457245584e-05,5.2328339532614621e-06,true,,false,true,true,false,convergence,unconfirmed_at_21,unconfirmed_at_21,resource_pilot,false
1.0.0,p1_dimer_resource_pilot,p1_pilot_rigid_ka010_d0210_t000,d97b7c88e857e92b1bdf3ec3b8418ca3ce4339ecd4cb57436fca988016901f61,development,2026-08-19T20:17:27.345044Z,2026-08-19T20:25:41.478313Z,a5a2a9c58f5e65b7986e24c7c64879246d946131,campaigns/p1/pilot_manifest.yaml,d8f56ce20f6f0821d84fd6f36e1f76c855f63f55d809ba9a7201ba52097a43bf,9d360de6e61d901cff3f84c477f367773251103db12386dbb8156bd1ec2addca,/home/luigui/Documents/silva-bruus-multiscattering/.venv/bin/python scripts/run_p1_5_timed_pilot.py --execute,"{""machine"":""x86_64"",""mkl_num_threads"":""1"",""numexpr_num_threads"":""1"",""numpy_version"":""2.5.1"",""omp_num_threads"":""1"",""openblas_num_threads"":""1"",""platform"":""Linux-7.0.0-28-generic-x86_64-with-glibc2.39"",""python_executable"":""/home/luigui/Documents/silva-bruus-multiscattering/.venv/bin/python"",""python_version"":""3.12.3"",""pythonhashseed"":""0"",""scipy_version"":""1.18.0"",""veclib_maximum_threads"":""1""}",1,0.10000000000000001,0.10000000000000001,1,0,false,1,rigid,exp(-i omega t),2,0,resource_pilot,-1.05,-0,-0,2.1000000000000001,2.1000000000000001,35c18368ed60abca1eef89b8aeeb1f09b16a455ce330dc4b04a08155543fb053,B_E,total,21,484,231,462,balanced_sqrt,1.5952251935276387,2.075913492541598e-17,0,1.5952251935276387,2.075913492541598e-17,0,1.8415635908300363e-06,2.9377086355752979e-06,true,20,true,true,true,false,convergence,unconfirmed_at_21,unconfirmed_at_21,resource_pilot,false
1.0.0,p1_dimer_resource_pilot,p1_pilot_rigid_ka010_d0210_t000,d97b7c88e857e92b1bdf3ec3b8418ca3ce4339ecd4cb57436fca988016901f61,development,2026-08-19T20:17:27.345044Z,2026-08-19T20:25:41.478313Z,a5a2a9c58f5e65b7986e24c7c64879246d946131,campaigns/p1/pilot_manifest.yaml,d8f56ce20f6f0821d84fd6f36e1f76c855f63f55d809ba9a7201ba52097a43bf,9d360de6e61d901cff3f84c477f367773251103db12386dbb8156bd1ec2addca,/home/luigui/Documents/silva-bruus-multiscattering/.venv/bin/python scripts/run_p1_5_timed_pilot.py --execute,"{""machine"":""x86_64"",""mkl_num_threads"":""1"",""numexpr_num_threads"":""1"",""numpy_version"":""2.5.1"",""omp_num_threads"":""1"",""openblas_num_threads"":""1"",""platform"":""Linux-7.0.0-28-generic-x86_64-with-glibc2.39"",""python_executable"":""/home/luigui/Documents/silva-bruus-multiscattering/.venv/bin/python"",""python_version"":""3.12.3"",""pythonhashseed"":""0"",""scipy_version"":""1.18.0"",""veclib_maximum_threads"":""1""}",1,0.10000000000000001,0.10000000000000001,1,0,false,1,rigid,exp(-i omega t),2,1,resource_pilot,1.05,0,0,2.1000000000000001,2.1000000000000001,35c18368ed60abca1eef89b8aeeb1f09b16a455ce330dc4b04a08155543fb053,B_E,total,21,484,231,462,balanced_sqrt,-1.5952251935276387,2.1539016416112976e-16,0,-1.5952251935276387,2.1539016416112976e-16,0,1.8415635908300363e-06,2.9377086355752979e-06,true,20,true,true,true,false,convergence,unconfirmed_at_21,unconfirmed_at_21,resource_pilot,false
1.0.0,p1_dimer_resource_pilot,p1_pilot_rigid_ka010_d0210_t000,d97b7c88e857e92b1bdf3ec3b8418ca3ce4339ecd4cb57436fca988016901f61,development,2026-08-19T20:17:27.345044Z,2026-08-19T20:25:41.478313Z,a5a2a9c58f5e65b7986e24c7c64879246d946131,campaigns/p1/pilot_manifest.yaml,d8f56ce20f6f0821d84fd6f36e1f76c855f63f55d809ba9a7201ba52097a43bf,9d360de6e61d901cff3f84c477f367773251103db12386dbb8156bd1ec2addca,/home/luigui/Documents/silva-bruus-multiscattering/.venv/bin/python scripts/run_p1_5_timed_pilot.py --execute,"{""machine"":""x86_64"",""mkl_num_threads"":""1"",""numexpr_num_threads"":""1"",""numpy_version"":""2.5.1"",""omp_num_threads"":""1"",""openblas_num_threads"":""1"",""platform"":""Linux-7.0.0-28-generic-x86_64-with-glibc2.39"",""python_executable"":""/home/luigui/Documents/silva-bruus-multiscattering/.venv/bin/python"",""python_version"":""3.12.3"",""pythonhashseed"":""0"",""scipy_version"":""1.18.0"",""veclib_maximum_threads"":""1""}",1,0.10000000000000001,0.10000000000000001,1,0,false,1,rigid,exp(-i omega t),2,0,resource_pilot,-1.05,-0,-0,2.1000000000000001,2.1000000000000001,35c18368ed60abca1eef89b8aeeb1f09b16a455ce330dc4b04a08155543fb053,B_E,interaction,21,484,231,462,balanced_sqrt,1.5952251935276387,2.075913492541598e-17,0,1.5952251935276387,2.075913492541598e-17,0,1.8415635908300363e-06,2.9377086355752979e-06,true,20,true,true,true,false,convergence,unconfirmed_at_21,unconfirmed_at_21,resource_pilot,false
1.0.0,p1_dimer_resource_pilot,p1_pilot_rigid_ka010_d0210_t000,d97b7c88e857e92b1bdf3ec3b8418ca3ce4339ecd4cb57436fca988016901f61,development,2026-08-19T20:17:27.345044Z,2026-08-19T20:25:41.478313Z,a5a2a9c58f5e65b7986e24c7c64879246d946131,campaigns/p1/pilot_manifest.yaml,d8f56ce20f6f0821d84fd6f36e1f76c855f63f55d809ba9a7201ba52097a43bf,9d360de6e61d901cff3f84c477f367773251103db12386dbb8156bd1ec2addca,/home/luigui/Documents/silva-bruus-multiscattering/.venv/bin/python scripts/run_p1_5_timed_pilot.py --execute,"{""machine"":""x86_64"",""mkl_num_threads"":""1"",""numexpr_num_threads"":""1"",""numpy_version"":""2.5.1"",""omp_num_threads"":""1"",""openblas_num_threads"":""1"",""platform"":""Linux-7.0.0-28-generic-x86_64-with-glibc2.39"",""python_executable"":""/home/luigui/Documents/silva-bruus-multiscattering/.venv/bin/python"",""python_version"":""3.12.3"",""pythonhashseed"":""0"",""scipy_version"":""1.18.0"",""veclib_maximum_threads"":""1""}",1,0.10000000000000001,0.10000000000000001,1,0,false,1,rigid,exp(-i omega t),2,1,resource_pilot,1.05,0,0,2.1000000000000001,2.1000000000000001,35c18368ed60abca1eef89b8aeeb1f09b16a455ce330dc4b04a08155543fb053,B_E,interaction,21,484,231,462,balanced_sqrt,-1.5952251935276387,2.1539016416112976e-16,0,-1.5952251935276387,2.1539016416112976e-16,0,1.8415635908300363e-06,2.9377086355752979e-06,true,20,true,true,true,false,convergence,unconfirmed_at_21,unconfirmed_at_21,resource_pilot,false
1.0.0,p1_dimer_resource_pilot,p1_pilot_rigid_ka010_d0210_t000,d97b7c88e857e92b1bdf3ec3b8418ca3ce4339ecd4cb57436fca988016901f61,development,2026-08-19T20:17:27.345044Z,2026-08-19T20:25:41.478313Z,a5a2a9c58f5e65b7986e24c7c64879246d946131,campaigns/p1/pilot_manifest.yaml,d8f56ce20f6f0821d84fd6f36e1f76c855f63f55d809ba9a7201ba52097a43bf,9d360de6e61d901cff3f84c477f367773251103db12386dbb8156bd1ec2addca,/home/luigui/Documents/silva-bruus-multiscattering/.venv/bin/python scripts/run_p1_5_timed_pilot.py --execute,"{""machine"":""x86_64"",""mkl_num_threads"":""1"",""numexpr_num_threads"":""1"",""numpy_version"":""2.5.1"",""omp_num_threads"":""1"",""openblas_num_threads"":""1"",""platform"":""Linux-7.0.0-28-generic-x86_64-with-glibc2.39"",""python_executable"":""/home/luigui/Documents/silva-bruus-multiscattering/.venv/bin/python"",""python_version"":""3.12.3"",""pythonhashseed"":""0"",""scipy_version"":""1.18.0"",""veclib_maximum_threads"":""1""}",1,0.10000000000000001,0.10000000000000001,1,0,false,1,rigid,exp(-i omega t),2,0,resource_pilot,-1.05,-0,-0,2.1000000000000001,2.1000000000000001,35c18368ed60abca1eef89b8aeeb1f09b16a455ce330dc4b04a08155543fb053,B_E,external_scattered,21,484,231,462,balanced_sqrt,1.222440266792755,1.3552200007381741e-17,0,1.222440266792755,1.3552200007381741e-17,0,1.1661592470935811e-07,1.4255600211399155e-07,true,16,true,true,true,false,convergence,unconfirmed_at_21,unconfirmed_at_21,resource_pilot,false
1.0.0,p1_dimer_resource_pilot,p1_pilot_rigid_ka010_d0210_t000,d97b7c88e857e92b1bdf3ec3b8418ca3ce4339ecd4cb57436fca988016901f61,development,2026-08-19T20:17:27.345044Z,2026-08-19T20:25:41.478313Z,a5a2a9c58f5e65b7986e24c7c64879246d946131,campaigns/p1/pilot_manifest.yaml,d8f56ce20f6f0821d84fd6f36e1f76c855f63f55d809ba9a7201ba52097a43bf,9d360de6e61d901cff3f84c477f367773251103db12386dbb8156bd1ec2addca,/home/luigui/Documents/silva-bruus-multiscattering/.venv/bin/python scripts/run_p1_5_timed_pilot.py --execute,"{""machine"":""x86_64"",""mkl_num_threads"":""1"",""numexpr_num_threads"":""1"",""numpy_version"":""2.5.1"",""omp_num_threads"":""1"",""openblas_num_threads"":""1"",""platform"":""Linux-7.0.0-28-generic-x86_64-with-glibc2.39"",""python_executable"":""/home/luigui/Documents/silva-bruus-multiscattering/.venv/bin/python"",""python_version"":""3.12.3"",""pythonhashseed"":""0"",""scipy_version"":""1.18.0"",""veclib_maximum_threads"":""1""}",1,0.10000000000000001,0.10000000000000001,1,0,false,1,rigid,exp(-i omega t),2,1,resource_pilot,1.05,0,0,2.1000000000000001,2.1000000000000001,35c18368ed60abca1eef89b8aeeb1f09b16a455ce330dc4b04a08155543fb053,B_E,external_scattered,21,484,231,462,balanced_sqrt,-1.222440266792755,1.6169670489204172e-16,0,-1.222440266792755,1.6169670489204172e-16,0,1.1661592470935811e-07,1.4255600211399155e-07,true,16,true,true,true,false,convergence,unconfirmed_at_21,unconfirmed_at_21,resource_pilot,false
1.0.0,p1_dimer_resource_pilot,p1_pilot_rigid_ka010_d0210_t000,d97b7c88e857e92b1bdf3ec3b8418ca3ce4339ecd4cb57436fca988016901f61,development,2026-08-19T20:17:27.345044Z,2026-08-19T20:25:41.478313Z,a5a2a9c58f5e65b7986e24c7c64879246d946131,campaigns/p1/pilot_manifest.yaml,d8f56ce20f6f0821d84fd6f36e1f76c855f63f55d809ba9a7201ba52097a43bf,9d360de6e61d901cff3f84c477f367773251103db12386dbb8156bd1ec2addca,/home/luigui/Documents/silva-bruus-multiscattering/.venv/bin/python scripts/run_p1_5_timed_pilot.py --execute,"{""machine"":""x86_64"",""mkl_num_threads"":""1"",""numexpr_num_threads"":""1"",""numpy_version"":""2.5.1"",""omp_num_threads"":""1"",""openblas_num_threads"":""1"",""platform"":""Linux-7.0.0-28-generic-x86_64-with-glibc2.39"",""python_executable"":""/home/luigui/Documents/silva-bruus-multiscattering/.venv/bin/python"",""python_version"":""3.12.3"",""pythonhashseed"":""0"",""scipy_version"":""1.18.0"",""veclib_maximum_threads"":""1""}",1,0.10000000000000001,0.10000000000000001,1,0,false,1,rigid,exp(-i omega t),2,0,resource_pilot,-1.05,-0,-0,2.1000000000000001,2.1000000000000001,35c18368ed60abca1eef89b8aeeb1f09b16a455ce330dc4b04a08155543fb053,B_E,scattered_scattered,21,484,231,462,balanced_sqrt,0.37278492673488373,7.2069349180342393e-18,0,0.37278492673488373,7.2069349180342393e-18,0,7.4980301857038341e-06,2.7951526334335504e-06,true,,false,true,true,false,convergence,unconfirmed_at_21,unconfirmed_at_21,resource_pilot,false
1.0.0,p1_dimer_resource_pilot,p1_pilot_rigid_ka010_d0210_t000,d97b7c88e857e92b1bdf3ec3b8418ca3ce4339ecd4cb57436fca988016901f61,development,2026-08-19T20:17:27.345044Z,2026-08-19T20:25:41.478313Z,a5a2a9c58f5e65b7986e24c7c64879246d946131,campaigns/p1/pilot_manifest.yaml,d8f56ce20f6f0821d84fd6f36e1f76c855f63f55d809ba9a7201ba52097a43bf,9d360de6e61d901cff3f84c477f367773251103db12386dbb8156bd1ec2addca,/home/luigui/Documents/silva-bruus-multiscattering/.venv/bin/python scripts/run_p1_5_timed_pilot.py --execute,"{""machine"":""x86_64"",""mkl_num_threads"":""1"",""numexpr_num_threads"":""1"",""numpy_version"":""2.5.1"",""omp_num_threads"":""1"",""openblas_num_threads"":""1"",""platform"":""Linux-7.0.0-28-generic-x86_64-with-glibc2.39"",""python_executable"":""/home/luigui/Documents/silva-bruus-multiscattering/.venv/bin/python"",""python_version"":""3.12.3"",""pythonhashseed"":""0"",""scipy_version"":""1.18.0"",""veclib_maximum_threads"":""1""}",1,0.10000000000000001,0.10000000000000001,1,0,false,1,rigid,exp(-i omega t),2,1,resource_pilot,1.05,0,0,2.1000000000000001,2.1000000000000001,35c18368ed60abca1eef89b8aeeb1f09b16a455ce330dc4b04a08155543fb053,B_E,scattered_scattered,21,484,231,462,balanced_sqrt,-0.37278492673488373,5.3693459269088049e-17,0,-0.37278492673488373,5.3693459269088049e-17,0,7.4980301857038341e-06,2.7951526334335504e-06,true,,false,true,true,false,convergence,unconfirmed_at_21,unconfirmed_at_21,resource_pilot,false
