case,n_particles,ka,d_over_a,f0,f1,residual_relative,condition_number,benchmark_relative_error
single,1,0.08,,-0.4,0.7,0.0,1.0,1.4780800917606594e-16
pair,2,0.08,20.0,-0.4,0.7,1.0451604579675595e-16,1.0003360930491842,1.4779785627897072e-16
pair,2,0.08,4.0,-0.4,0.7,1.2861184021902553e-34,1.0223889176000645,1.793937397693567e-20
pair,2,0.08,2.0,-0.4,0.7,2.0903209130149744e-16,1.1923271632585093,1.412591679229992e-16
scalene_triangle,3,0.08,,-0.4,0.7,8.533699515780463e-17,1.0808977109646676,
