case,ka,d_over_a,kd,f0,f1,force_1_x,force_1_y,force_2_x,force_2_y,radial_force_ms_l1,scalar_reference,relative_error,silva_bruus_force,corrected_l5_force,residual_relative,condition_number
single,0.1,,,0.0,0.8,0.0,0.0,,,,,,,,0.0,1.0
pair,0.1,2.0,0.2,0.2,0.1,0.011936371917121043,0.0,-0.011936371917121045,1.4617831072880284e-18,-0.011936371917121043,-0.011936371917121047,2.9066176691237145e-16,-0.01186029243819678,-0.012010729190874035,9.364637690307084e-17,1.0255149325207784
pair,0.1,2.0,0.2,0.2,0.4,0.19472930380095316,0.0,-0.19472930380095319,2.384814649871456e-17,-0.19472930380095316,-0.19472930380095324,4.276024472002407e-16,-0.1897646790111485,-0.20009036498710414,9.364637703389331e-17,1.105284503296626
pair,0.1,2.0,0.2,0.2,0.8,0.7998426973256243,0.0,-0.7998426973256242,9.795801951452221e-17,-0.7998426973256243,-0.7998426973256243,0.0,-0.759058716044594,-0.8509468877460065,9.364638034806268e-17,1.2223210730780922
pair,0.1,2.0,0.2,0.2,1.0,1.2667699926116314,0.0,-1.2667699926116311,1.5514697789871677e-16,-1.2667699926116314,-1.2667699926116314,0.0,-1.186029243819678,-1.3766748434308915,1.4983420409149317e-16,1.285874345398778
pair,0.08,4.0,0.32,-0.5,0.8,0.0482650843810536,0.0,-0.0482650843810536,5.911163011392086e-18,-0.0482650843810536,-0.04826508438105359,1.437663270020322e-16,-0.04794837637974997,-0.048267192519241185,9.145153990181968e-17,1.0256570745150801
pair,0.05,8.0,0.4,0.3,0.4,0.0007570287578520148,0.0,-0.0007570287578520147,9.270181041763133e-20,-0.0007570287578520148,-0.000757028757852015,1.4321809590983145e-16,-0.0007567103256628034,-0.0007570070016691174,9.364637686218881e-17,1.001570107545223
