geometry,ka,f0,f1,d_min_over_a,rms_a_vs_c,max_symmetric_a_vs_c,max_angle_a_vs_c_deg,rms_b_vs_c,max_symmetric_b_vs_c,max_angle_b_vs_c_deg,rms_up_to_three_vs_c,max_symmetric_up_to_three_vs_c,max_angle_up_to_three_vs_c_deg,rms_two_body_correction,rms_collective_correction,rms_three_body_sum,rms_four_body,relative_three_body_sum_amplitude,relative_four_body_amplitude,reconstruction_max_abs,closed_form_max_abs,quartet_residual_relative,quartet_condition_number,max_triplet_residual_relative,max_triplet_condition_number,sum_c_x,sum_c_y
linear_chain,0.1,0.0,0.1,2.1,0.012773334176123887,0.08578700898428873,0.0,0.00834283420541435,0.08505628381637788,0.0,3.294389418079292e-05,5.381288887087972e-05,0.0,3.8646837513115814e-05,6.290274056918427e-05,6.272608016141773e-05,2.4838815898417537e-07,0.008319403612735546,3.294389418079292e-05,7.589415207398531e-19,2.168404344971009e-18,1.3243597628342534e-16,1.0358076649722763,1.3243597634509565e-16,1.0310475119833982,0.0,3.793811997718367e-18
linear_chain,0.1,0.0,0.1,2.149685534591195,0.011923690154543382,0.08015869165956385,0.0,0.007787408893498545,0.07947491347926797,0.0,2.8701764279816485e-05,4.7043427447438505e-05,0.0,3.284534207793268e-05,5.345390745414704e-05,5.3313754931658205e-05,1.970130851694362e-07,0.007766990835173959,2.8701764279816485e-05,8.673617379884035e-19,2.4936649967166602e-18,1.6220028281639372e-16,1.0333458984840753,1.3243597626286859e-16,1.0289164510638067,1.734723475976807e-18,3.4541429159042665e-18
linear_chain,0.1,0.0,0.1,2.1993710691823902,0.01114844417518684,0.07500301199019746,0.0,0.007280693690208837,0.07436212395353918,0.0,2.5087036242911086e-05,4.1249865188647746e-05,0.0,2.8021123110302678e-05,4.559885533472714e-05,4.548705852769381e-05,1.5711966264367684e-07,0.007262843279237376,2.5087036242911083e-05,4.336808689942018e-19,5.421010862427522e-19,6.62179887275806e-17,1.031106424636255,7.646194670004799e-17,1.0269773520364427,0.0,3.151708056228342e-18
linear_chain,0.1,0.0,0.1,2.249056603773585,0.01043962215216088,0.07027234765263404,0.0,0.006817457238828153,0.06967072360693533,0.0,2.1995576349505267e-05,3.627469424553152e-05,0.0,2.3992474077180297e-05,3.9040707129702773e-05,3.8951063695318056e-05,1.2595940455911933e-07,0.006801803314358263,2.199557634950527e-05,3.2526065174565133e-19,1.734723475976807e-18,6.621798848089937e-17,1.029064520768589,1.872927538497492e-16,1.0252089328520806,1.734723475976807e-18,2.8819463361200746e-18
linear_chain,0.1,0.0,0.1,2.29874213836478,0.009790252927232323,0.06592458848720445,0.0,0.0063931278795915395,0.06535897951978814,0.0,1.9342325615813235e-05,3.1988387524707974e-05,0.0,2.0614511920928417e-05,3.3542885981798186e-05,3.347064742102674e-05,1.0148356719488767e-07,0.006379359524742762,1.9342325615813235e-05,3.2526065174565133e-19,1.734723475976807e-18,9.364637703389333e-17,1.0271987184765816,2.2938583956606347e-16,1.0235927018367716,-1.734723475976807e-18,2.6406913820775482e-18
linear_chain,0.1,0.0,0.1,2.348427672955975,0.00919422437944058,0.06192242676274977,0.0,0.00600369868596096,0.06138991525692871,0.0,1.705749243417808e-05,2.8283997278155e-05,0.0,1.7771124194567966e-05,2.8915892788733997e-05,2.8857401853384114e-05,8.215479294867163e-08,0.005991554431786746,1.705749243417808e-05,1.6263032587282567e-19,3.7947076036992655e-19,9.364637694667833e-17,1.0254903103958666,1.0813352180206541e-16,1.0221125367638797,0.0,2.4241276731042718e-18
linear_chain,0.1,0.0,0.1,2.39811320754717,0.008646162605920204,0.058232746430259115,0.0,0.005645647790732869,0.057730706464347636,0.0,1.5083565045030602e-05,2.507287550810711e-05,0.0,1.5368801289183523e-05,2.500718855544549e-05,2.4959612305134827e-05,6.681209475882704e-08,0.0056349069290857375,1.5083565045030602e-05,2.710505431213761e-19,6.505213034913027e-19,9.364637720832329e-17,1.0239229413339526,1.0813352190277261e-16,1.0207543355221227,-8.673617379884035e-19,2.2294045325936703e-18
linear_chain,0.1,0.0,0.1,2.4477987421383647,0.008141330103492307,0.05482609678533168,0.0,0.005315871290620165,0.05435215990594152,0.0,1.337295496038241e-05,2.2281267484857955e-05,0.0,1.3331884550888883e-05,2.1693406075530996e-05,2.165453802983081e-05,5.457335712722225e-08,0.005306346851371633,1.337295496038241e-05,1.3552527156068805e-20,5.421010862427522e-20,9.364637703389333e-17,1.0224822677241017,7.646194698489095e-17,1.019505724859401,0.0,2.0541098495709517e-18
linear_chain,0.1,0.0,0.1,2.4974842767295597,0.007675539661258017,0.05167623816124275,0.0,0.005011626541169981,0.051228263722291716,0.0,1.1886128673333401e-05,1.9847588146028297e-05,0.0,1.159888456135628e-05,1.8874320322600448e-05,1.8842432879330532e-05,4.476442890011652e-08,0.005003159589550526,1.1886128673333401e-05,1.0842021724855044e-19,1.1926223897340549e-18,9.364637729553829e-17,1.0211556727169404,1.5292389309745036e-16,1.0183558164821311,8.673617379884035e-19,1.895721871653376e-18
linear_chain,0.1,0.0,0.1,2.547169811320755,0.007245081293857309,0.04875974914999158,0.0,0.004730484068271502,0.048335798541289554,0.0,1.0590119314467201e-05,1.772023513540049e-05,0.0,1.0119613140825234e-05,1.646815483199511e-05,1.6441888501505765e-05,3.686720471794606e-08,0.004722939054323102,1.0590119314467201e-05,2.710505431213761e-19,8.673617379884035e-19,1.6220028281639372e-16,1.0199320268097212,1.0813352180206541e-16,1.0172950019602234,-1.734723475976807e-18,1.752420551469054e-18
linear_chain,0.1,0.0,0.1,2.59685534591195,0.006846660038988262,0.04605568644186786,0.0,0.004470286652296869,0.045654000640159745,0.0,9.457335474082134e-06,1.585582557827594e-05,0.0,8.852937647704996e-06,1.440790888881054e-05,1.4386188668191568e-05,3.048136248074372e-08,0.004463547602718804,9.457335474082134e-06,4.336808689942018e-19,8.673617379884035e-19,1.4806792296983341e-16,1.0188014859254728,1.081335218272422e-16,1.0163147795810783,-8.673617379884035e-19,1.6222542719565622e-18
linear_chain,0.1,0.0,0.1,2.646540880503145,0.006477342838149064,0.043545289723271575,0.0,0.004229114404554401,0.043164269688778394,0.0,8.464603602059447e-06,1.4217768610523766e-05,0.0,7.765013808445057e-06,1.2638469060474008e-05,1.2620440939281137e-05,2.5295988828913466e-08,0.004223081792007818,8.464603602059447e-06,1.6263032587282567e-19,5.963111948670274e-19,1.9865396445597318e-16,1.0177553204309508,1.7097411021073213e-16,1.0154076076250904,-8.673617379884035e-19,1.5042362604443933e-18
linear_chain,0.1,0.0,0.1,2.6962264150943396,0.00613451303759382,0.04121172521374964,0.0,0.004005254867447426,0.04084991473015848,0.0,7.592394878423571e-06,1.2775105521145577e-05,0.0,6.827888473887501e-06,1.1114326619007737e-05,1.109930910722805e-05,2.1068411197777233e-08,0.003999843027017105,7.5923948784235705e-06,3.7947076036992655e-19,8.673617379884035e-19,9.364637729553829e-17,1.0167857698249942,1.8729275379160586e-16,1.0145667795843567,0.0,1.3967876806581386e-18
linear_chain,0.1,0.0,0.1,2.7459119496855346,0.005815831303258429,0.03903986238813732,0.0,0.003797177340451674,0.03869593300618268,0.0,6.8241984506632055e-06,1.1501563618721886e-05,0.0,6.018389800262352e-06,9.797765408679244e-06,9.78521233869456e-06,1.7608315210771072e-08,0.0037923123298180535,6.824198450663206e-06,5.421010862427522e-20,8.673617379884035e-19,9.364637703389333e-17,1.0158859188137885,1.0813352180206541e-16,1.0137863176791977,-1.3010426069826053e-18,1.298768261955167e-18
linear_chain,0.1,0.0,0.1,2.7955974842767297,0.005519201951506718,0.037016079243931924,0.0,0.00360351077223465,0.0366888170405012,0.0,6.146011300234696e-06,1.0374781788785823e-05,0.0,5.317241843772186e-06,8.65741679763118e-06,8.646888633968024e-06,1.4765761734100937e-08,0.003599128593109069,6.146011300234696e-06,1.6263032587282567e-19,1.0842021724855044e-19,5.7157212438637306e-21,1.0150495912743116,1.0813352180206541e-16,1.0130608816916735,0.0,1.2092131599455617e-18
linear_chain,0.1,0.0,0.1,2.845283018867925,0.005242743866988905,0.035128092163798086,0.0,0.003423024671632031,0.03481638607176246,0.0,5.545921460039449e-06,9.375674333313258e-06,0.0,4.708355194776875e-06,7.667102421895717e-06,7.658244025351062e-06,1.242209797969076e-08,0.003419069786428351,5.545921460039448e-06,1.3552527156068805e-19,4.607859233063394e-19,9.364637694667833e-17,1.014271259235721,1.7097411011519292e-16,1.0123856906682176,-4.336808689942018e-19,1.1273548847737065e-18
linear_chain,0.1,0.0,0.1,2.89496855345912,0.004984765317181257,0.033364807003774775,0.0,0.0032546125818413247,0.03306763850397994,0.0,5.013766231956992e-06,8.487906629970311e-06,0.0,4.178256329391757e-06,6.8049035880851435e-06,6.79742690152847e-06,1.0483028306355777e-08,0.0032510366725249256,5.013766231956992e-06,5.421010862427522e-20,4.336808689942018e-19,6.621798934428365e-17,1.0135459645141678,1.5292389313305572e-16,1.0117564554729013,-4.336808689942018e-19,1.0523820900208073e-18
linear_chain,0.1,0.0,0.1,2.9446540880503145,0.00474374208662737,0.03171618853110483,0.0,0.003097277737309617,0.03143262252857562,0.0,4.54085092145365e-06,7.697461543752515e-06,0.0,3.7156267452088457e-06,6.052409972327535e-06,6.046080477939349e-06,8.873305441355523e-09,0.0030940386635940906,4.54085092145365e-06,5.421010862427522e-20,8.131516293641283e-20,1.7519632909350552e-16,1.0128692510453907,1.8729275383521335e-16,1.01116932052038,4.336808689942018e-19,9.834834292680698e-19
linear_chain,0.1,0.0,0.1,2.9943396226415095,0.004518298447127403,0.03017314575174278,0.0,0.0029501205844689993,0.029902322483585608,0.0,4.1197165759283915e-06,6.9922797874490465e-06,0.0,3.310929347407636e-06,5.394110750659454e-06,5.388736830947616e-06,7.532643780350807e-09,0.0029471815066684113,4.119716575928392e-06,2.710505431213761e-20,2.168404344971009e-19,9.364637703389333e-17,1.012237106291383,1.5292389311525305e-16,1.0106208133000494,-4.336808689942018e-19,9.201764803205355e-19
linear_chain,0.1,0.0,0.1,3.0440251572327046,0.004307190557123761,0.02872743102137877,0.0,0.002812327898372056,0.028468558865393533,0.0,3.7439475498548166e-06,6.361960662671542e-06,0.0,2.956104457543909e-06,4.816899337974371e-06,4.812323882800276e-06,6.412558963962105e-09,0.002809656536707424,3.7439475498548166e-06,1.3552527156068805e-19,4.87890977618477e-19,1.1469291999666394e-16,1.0116459103681563,1.8729275379160586e-16,1.0101078005335162,0.0,8.619130361384783e-19
linear_chain,0.1,0.0,0.1,3.0937106918238992,0.004109291947249725,0.027371551132466972,0.0,0.0026831632693732556,0.02712390020423201,0.0,3.408011564500389e-06,5.797512376711487e-06,0.0,2.644321595913487e-06,4.309669102419298e-06,4.305762860960734e-06,5.473912939947825e-09,0.002680731276718173,3.4080115645003888e-06,1.6263032587282567e-19,4.607859233063394e-19,1.480679228595142e-16,1.0110923917631973,1.0813352190277261e-16,1.009627449996468,4.336808689942018e-19,8.083861007796521e-19
linear_chain,0.1,0.0,0.1,3.1433962264150948,0.003923580801950756,0.026098688825589106,0.0,0.0025619587689463845,0.025861585266709317,0.0,3.1071263560247844e-06,5.291142909046933e-06,0.0,2.369776111857671e-06,3.862982208274631e-06,3.859638502446724e-06,4.684998828892596e-09,0.0025597411981669402,3.1071263560247844e-06,1.6263032587282567e-19,3.7947076036992655e-19,6.621798848089937e-17,1.010573588693359,1.52923893061845e-16,1.009177197191379,0.0,7.586966146989064e-19
linear_chain,0.1,0.0,0.1,3.1930817610062894,0.0037491287911570943,0.024902633388765003,0.0,0.0024481076328045546,0.024675454262582407,0.0,2.8371481638843725e-06,4.836084753710162e-06,0.0,2.1275220082239815e-06,3.4687974574867866e-06,3.4659279620363726e-06,4.020040706347945e-09,0.0024460824832244613,2.8371481638843725e-06,1.3552527156068805e-19,4.336808689942018e-19,1.4806792324563141e-16,1.0100868153041622,1.5292389309745036e-16,1.00875471618589,8.673617379884035e-19,7.129322910225972e-19
linear_chain,0.1,0.0,0.1,3.2427672955974844,0.003585091242854733,0.023777719193712195,0.0,0.0023410578238028915,0.02355988791583708,0.0,2.5944782077036702e-06,4.426447189871105e-06,0.0,1.913334079069804e-06,3.1202458993268462e-06,3.117777260980247e-06,3.4580136834594674e-09,0.0023392056540374596,2.59447820770367e-06,5.421010862427522e-20,4.0657581468206416e-20,1.1469291999666394e-16,1.0096296320358404,1.8729275376253422e-16,1.0083578940379299,4.336808689942018e-19,6.706984206821221e-19
linear_chain,0.1,0.0,0.1,3.2924528301886795,0.003430698478250969,0.022718771174787836,0.0,0.002240306357423344,0.02250975341538238,0.0,2.375984036272028e-06,4.057091734505144e-06,0.0,1.7235938688793622e-06,2.8114452482858403e-06,2.809316367464824e-06,2.981712303161453e-09,0.00223860995403778,2.375984036272028e-06,8.131516293641283e-20,8.131516293641283e-20,1.4806792291467382e-16,1.009199819584779,1.081335218272422e-16,1.007984808317065,0.0,6.313590835113994e-19
linear_chain,0.1,0.0,0.1,3.342138364779874,0.0032852481571741293,0.021721056391159607,0.0,0.0021453942897369316,0.02152035639426472,0.0,2.17893319762595e-06,3.723526811154063e-06,0.0,1.5551950544058677e-06,2.5373459358077045e-06,2.5355057735277716e-06,2.5770122162815216e-09,0.0021438383829952283,2.1789331976259506e-06,1.0842021724855044e-19,2.168404344971009e-19,6.621798823421814e-17,1.0087953559750864,1.529238931508584e-16,1.0076337073052235,0.0,5.950677774815521e-19
linear_chain,0.1,0.0,0.1,3.3918238993710697,0.003148098503191505,0.020780240927614893,0.0,0.0020559022821177455,0.020587398199639298,0.0,2.000937155686535e-06,3.421818369005656e-06,0.0,1.4054647132238326e-06,2.2936030308173895e-06,2.2920088333758963e-06,2.2322829079358556e-09,0.0020544733015513293,2.000937155686535e-06,6.776263578034403e-20,4.336808689942018e-19,1.3243597659177687e-16,1.0084143963270227,1.7097411014703933e-16,1.0073029925216248,-6.505213034913027e-19,5.611666541449092e-19
linear_chain,0.1,0.0,0.1,3.4415094339622643,0.0030186622963937495,0.019892351487998033,0.0,0.0019714466691326538,0.01970693781379951,0.0,1.8399037483552642e-06,3.148513925097541e-06,0.0,1.2720976271339682e-06,2.0764693806546945e-06,2.075085237855872e-06,1.937918918441934e-09,0.001970132532870514,1.8399037483552645e-06,1.3552527156068805e-20,9.486769009248164e-20,4.08893888088522e-35,1.0080552549693547,7.646194659323188e-17,1.0069912032684407,-2.168404344971009e-19,5.297434266278268e-19
linear_chain,0.1,0.0,0.1,3.4911949685534593,0.0028964015373981293,0.019053741120299044,0.0,0.001891675966299572,0.018875357870112856,0.0,1.693996789637862e-06,2.9005778465805667e-06,0.0,1.153101312640627e-06,1.882706211939953e-06,1.881501882503526e-06,1.6859643700481804e-09,0.001890465899091025,1.693996789637862e-06,4.0657581468206416e-20,2.168404344971009e-19,1.6220028321922246e-16,1.0077163895934813,1.081335218272422e-16,1.0066970029372906,-4.336808689942018e-19,5.0051302726964765e-19
linear_chain,0.1,0.0,0.1,3.5408805031446544,0.002780822699425978,0.018261058584143338,0.0,0.0018162677631445752,0.018089334279836222,0.0,1.5616016497075651e-06,2.6753360496796726e-06,0.0,1.0467499051186443e-06,1.7095081394504192e-06,1.7084580911691465e-06,1.4698112166745461e-09,0.0018151521388319386,1.561601649707565e-06,9.486769009248164e-20,1.2197274440461925e-19,1.146929201390854e-16,1.0073963871900002,7.646194659323188e-17,1.006419166853377,0.0,4.734535277887826e-19
linear_chain,0.1,0.0,0.1,3.590566037735849,0.0026714724965445115,0.017511220935821612,0.0,0.0017449259543932233,0.01734580904776864,0.0,1.4412958733065163e-06,2.470428706766827e-06,0.0,9.515453710702506e-07,1.5544400983792244e-06,1.5535227214279017e-06,1.2839559715731466e-09,0.0017438961592573451,1.4412958733065163e-06,5.421010862427522e-20,2.168404344971009e-19,1.4806792274919503e-16,1.0070939515445756,1.0813352180206541e-16,1.0061565714651681,-6.505213034913027e-19,4.480386494270948e-19
linear_chain,0.1,0.0,0.1,3.640251572327044,0.002567934105849928,0.01680138895794462,0.0,0.0016773782684623172,0.016641965908371067,0.0,1.3318240292462627e-06,2.2837696482439528e-06,0.0,8.661848025328049e-07,1.4153841710885966e-06,1.4145811313954198e-06,1.1238029519713814e-09,0.001676426582441262,1.3318240292462625e-06,9.486769009248164e-20,8.131516293641283e-20,1.3243597653010658e-16,1.0068078921006929,1.7097411013111612e-16,1.00590818471392,2.168404344971009e-19,4.243780335925296e-19
linear_chain,0.1,0.0,0.1,3.689937106918239,0.0024698237895306166,0.01612894510946577,0.0,0.0016133740578275625,0.015975208460111873,0.0,1.2320761437071857e-06,2.113511473690706e-06,0.0,7.895327729105937e-07,1.2904946467450276e-06,1.289790352990959e-06,9.855046696222002e-10,0.001612493551058495,1.2320761437071857e-06,6.776263578034403e-20,1.7618285302889447e-19,6.621798811087752e-17,1.006537114022992,1.8729275373346255e-16,1.0056730574397448,0.0,4.0218661262442966e-19
linear_chain,0.1,0.0,0.1,3.7396226415094342,0.0023767878698584275,0.015491473710667903,0.0,0.0015526823204583913,0.01534314051571544,0.0,1.1410691606508878e-06,1.958015504973589e-06,0.0,7.205979158323208e-07,1.1781599491168066e-06,1.1775411122020483e-06,8.658319648119116e-10,0.0015518667629973587,1.141069160650888e-06,6.776263578034403e-20,2.168404344971009e-19,1.6220028276604009e-16,1.0062806093171077,1.0813352180206541e-16,1.0054503157000807,0.0,3.8155209964915086e-19
linear_chain,0.1,0.0,0.1,3.7893081761006293,0.002288500016155382,0.014886743113622493,0.0,0.0014950899254968053,0.01474354842088661,0.0,1.0579309739573578e-06,1.8158258044087701e-06,0.0,6.585130363386369e-07,1.0769703085698458e-06,1.0764255765366193e-06,7.620680388772292e-10,0.0014943337083861833,1.0579309739573578e-06,1.0842021724855044e-19,1.0842021724855044e-19,2.0939966454332706e-16,1.0060374488809858,2.417939053620956e-16,1.0052391538927483,0.0,3.6199207247173465e-19
linear_chain,0.1,0.0,0.1,3.838993710691824,0.002204658808027224,0.014312689638788787,0.0,0.0014404000197663876,0.014174385123979442,0.0,9.81886643777769e-07,1.6856468456167639e-06,0.0,6.025181839585242e-07,9.856902500696313e-07,9.852099047822538e-07,6.71921742685278e-10,0.0014396980859069583,9.818866437777687e-07,4.0657581468206416e-20,1.0842021724855044e-19,1.622002829674545e-16,1.005806775378871,1.7097411027442496e-16,1.0050388285897938,1.0842021724855044e-19,3.438135270344273e-19
linear_chain,0.1,0.0,0.1,3.888679245283019,0.002124985543615836,0.013767403084509657,0.0,0.0013884305946396287,0.01363375580531225,0.0,9.122464823130532e-07,1.5663239178650212e-06,0.0,5.51946215274938e-07,9.03235128663074e-07,9.028108331523413e-07,5.934564334764835e-10,0.0013877783781241556,9.122464823130532e-07,1.3552527156068805e-20,1.0842021724855044e-19,9.364637703389333e-17,1.0055877968431997,1.324359762423118e-16,1.0048486530003546,-3.2526065174565133e-19,3.270603199004072e-19
linear_chain,0.1,0.0,0.1,3.938364779874214,0.0020492222655024393,0.0132491136394682,0.0,0.001339013195338085,0.013119904897598497,0.0,8.483957240593717e-07,1.4568264256254362e-06,0.0,5.062104537828171e-07,8.286510744950343e-07,8.282756620027399e-07,5.250314416515407e-10,0.0013384065681383516,8.483957240593716e-07,2.710505431213761e-20,2.710505431213761e-20,9.364637694667833e-17,1.005379780921569,1.7097411011519292e-16,1.0046679919910928,1.0842021724855044e-19,3.1105267434041407e-19
linear_chain,0.1,0.0,0.1,3.9880503144654087,0.0019771299802614543,0.012756180048151503,0.0,0.0012919917569387679,0.012631204348721073,0.0,7.89785562930668e-07,1.3562330759909011e-06,0.0,4.6479412064245976e-07,7.610978164899388e-07,7.607651139006033e-07,4.652537945490135e-10,0.0012914269819602822,7.89785562930668e-07,3.1763735522036263e-21,1.3552527156068805e-19,4.0416252509080515e-21,1.0051820496963983,1.7097411013111612e-16,1.0044962576017114,-1.0842021724855044e-19,2.9605372973351643e-19
linear_chain,0.1,0.0,0.1,4.037735849056604,0.001908487050546893,0.01228707889677852,0.0,0.0012472215532590978,0.012166142995562854,0.0,7.359253555050295e-07,1.263719176143976e-06,0.0,4.2724126400953223e-07,6.998339418605324e-07,6.995386215772405e-07,4.129382956158769e-10,0.0012466952429440292,7.359253555050295e-07,1.3552527156068805e-20,1.0842021724855044e-19,6.621798811087752e-17,1.0049939750137544,1.0813352190277261e-16,1.0043329050007326,-1.0842021724855044e-19,2.8188805982700195e-19
linear_chain,0.1,0.0,0.1,4.087421383647799,0.001843087741140504,0.011840394902330933,0.0,0.0012045682464612239,0.011723316932665328,0.0,6.863758294997425e-07,1.1785454298698022e-06,0.0,3.9314895923691885e-07,6.442042211807712e-07,6.439416765779716e-07,3.6707443349862636e-10,0.0012040773262197632,6.863758294997427e-07,3.3881317890172014e-20,3.3881317890172014e-20,1.7519632890703204e-16,1.0048149742656352,1.8729275379160586e-16,1.004177428833421,0.0,2.68731090873583e-19
linear_chain,0.1,0.0,0.1,4.1371069182389935,0.001780740902565413,0.011414812101005811,0.0,0.0011639070266368536,0.011301420772643579,0.0,6.40743154448368e-07,1.1000482448876587e-06,0.0,3.6216058908698983e-07,5.936286887129601e-07,5.933949291852009e-07,3.267988850244017e-10,0.0011634487024990963,6.407431544483679e-07,6.776263578034403e-21,2.0328790734103208e-20,1.6220028281639372e-16,1.004644506576667,1.5292389309745036e-16,1.004029359919496,-1.0842021724855044e-19,2.5631968349419105e-19
linear_chain,0.1,0.0,0.1,4.186792452830189,0.0017212687778065947,0.011009105843913392,0.0,0.0011251218319160118,0.010899239707202768,0.0,5.986737601193727e-07,1.027631138881345e-06,0.0,3.339600436383795e-07,5.47593217366851e-07,5.473847796959722e-07,2.9137261508702955e-10,0.0011246935618668917,5.986737601193727e-07,3.3881317890172014e-20,1.0842021724855044e-19,1.6220028281639372e-16,1.0044820693520176,1.7097411017888574e-16,1.0038882622633383,1.0842021724855044e-19,2.4454419628088106e-19
linear_chain,0.1,0.0,0.1,4.2364779874213845,0.001664505919331244,0.010622135518152755,0.0,0.0010881046406990358,0.010515642287476394,0.0,5.598497982768358e-07,9.6075725625142e-07,0.0,3.082667049323308e-07,5.056413688901183e-07,5.054552422383691e-07,2.6016175998633135e-10,0.0010877041092433705,5.598497982768358e-07,4.743384504624082e-20,5.421010862427522e-20,9.364637729553829e-17,1.0043271951484232,1.7097411014703933e-16,1.0037537303437354,2.168404344971009e-19,2.3340462923365297e-19
linear_chain,0.1,0.0,0.1,4.286163522012579,0.0016102982050741341,0.010252837920534729,0.0,0.0010527548286166331,0.010149573851681266,0.0,5.239851639675788e-07,8.989428065751249e-07,0.0,2.8483110249331603e-07,4.6736733423896875e-07,4.6720089654180825e-07,2.3262163478850753e-10,0.0010523799241752801,5.239851639675789e-07,6.776263578034403e-21,2.0328790734103208e-20,9.364637694667833e-17,1.0041794488346198,1.7097411016296254e-16,1.0036253866540734,1.0842021724855044e-19,2.2279134094456167e-19
linear_chain,0.1,0.0,0.1,4.335849056603774,0.0015585019433238837,0.00990022121924363,0.0,0.0010189785836133684,0.009800050535726733,0.0,4.908219946293798e-07,8.417513218960667e-07,0.0,2.6343114348192907e-07,4.3240980768259974e-07,4.3226077160254485e-07,2.082833218647989e-10,0.0010186273784115818,4.908219946293798e-07,2.710505431213761e-20,2.710505431213761e-20,1.3243597640676596e-16,1.004038425011368,1.0813352180206541e-16,1.0035028794671792,0.0,2.1301132735585356e-19
linear_chain,0.1,0.0,0.1,4.385534591194968,0.0015089830575903,0.009563359445576014,0.0,0.0009866883733245415,0.009466153809631917,0.0,4.601275990165481e-07,7.887884505341482e-07,0.0,2.4386883595307664e-07,4.004466621477442e-07,4.003130290576088e-07,1.8674240638652658e-10,0.0009863591054624476,4.6012759901654817e-07,5.421010862427522e-20,1.1519648082658485e-19,1.1469292006787466e-16,1.0039037456646176,1.3243597630398212e-16,1.0033858808019638,-1.0842021724855044e-19,2.0373566424369313e-19
linear_chain,0.1,0.0,0.1,4.435220125786164,0.0014616163434795766,0.00924138746425535,0.0,0.0009558024595356302,0.009147025488551307,0.0,4.316917395119263e-07,7.396975554465891e-07,0.0,2.2596743601507623e-07,3.711903133458357e-07,3.710703340796808e-07,1.6764948704577742e-10,0.0009554935169970966,4.3169173951192636e-07,1.3552527156068805e-20,2.710505431213761e-20,9.364637738275326e-17,1.0037750580283502,1.081335218272422e-16,1.0032740845715682,-1.0842021724855044e-19,1.9487663848172432e-19
linear_chain,0.1,0.0,0.1,4.484905660377359,0.001416284790521575,0.008933496376259948,0.0,0.0009262444550965077,0.008841863172749305,0.0,4.053242455509353e-07,6.941556886545907e-07,0.0,2.0956896005660274e-07,3.443836770637092e-07,3.4427581837188286e-07,1.5070217513082004e-10,0.0009259543614541786,4.0532424555093535e-07,4.743384504624082e-20,2.168404344971009e-19,1.1469292028150688e-16,1.0036520326362013,1.7097411013111612e-16,1.0031672048949551,0.0,1.8660967632265942e-19
linear_chain,0.1,0.0,0.1,4.534591194968554,0.0013728789626234806,0.008638929312942745,0.0,0.0008979429191599793,0.008549916075706248,0.0,3.808528974272236e-07,6.518701027224459e-07,0.0,1.9453201190532252e-07,3.1979663815553555e-07,3.19699553985278e-07,1.356383280386688e-10,0.0008976703207870005,3.8085289742722367e-07,4.743384504624082e-20,1.0842021724855044e-19,5.7157212438637306e-21,1.0035343615433032,1.7097411021073213e-16,1.0030649745558735,1.0842021724855044e-19,1.7889092120332025e-19
linear_chain,0.1,0.0,0.1,4.584276729559749,0.0013312964314952116,0.008356977584504143,0.0,0.0008708309870509507,0.008270481203607568,0.0,3.581215536681262e-07,6.125751136092279e-07,0.0,1.8072988212328215e-07,2.972229617061769e-07,2.971354685697921e-07,1.2223031841404874e-10,0.0008705746416667288,3.581215536681262e-07,1.3552527156068805e-20,5.421010862427522e-20,1.1469292021029616e-16,1.0034217567017478,1.7097411019480895e-16,1.0029671435948675,1.6263032587282567e-19,1.711502378023921e-19
linear_chain,0.1,0.0,0.1,4.633962264150943,0.0012914412580332824,0.008086977149738092,0.0,0.0008448460314718091,0.008002899853561809,0.0,3.3698849398956825e-07,5.760293366592564e-07,0.0,1.6804888286336564e-07,2.764775869185244e-07,2.763986427290494e-07,1.1028017196841433e-10,0.000844604797866116,3.369884939895683e-07,6.776263578034403e-21,3.049318610115481e-20,9.364637694667833e-17,1.003313948474902,1.5292389313305572e-16,1.0028734780215125,0.0,1.6417704425708003e-19
linear_chain,0.1,0.0,0.1,4.683647798742139,0.001253223517115814,0.007828305377322344,0.0,0.0008199293520860775,0.007746554400918895,0.0,3.173249499274588e-07,5.42013240925302e-07,0.0,1.5638688693545497e-07,2.573942528023957e-07,2.573229386580172e-07,9.96154341521381e-11,0.000819702180890302,3.173249499274588e-07,2.0328790734103208e-20,1.6940658945086007e-20,6.621798848089937e-17,1.0032106842773212,1.52923893061845e-16,1.002783758635459,0.0,1.5748891837242537e-19
linear_chain,0.1,0.0,0.1,4.733333333333333,0.0012165588617823807,0.007580378071914076,0.0,0.0007960258908402672,0.007500865349349124,0.0,2.9901379272181815e-07,5.103269496539523e-07,0.0,1.4565204419725747e-07,2.3982341197641704e-07,2.397589164577228e-07,9.008564774552692e-11,0.0007958118162330355,2.9901379272181815e-07,6.776263578034403e-21,2.0328790734103208e-20,1.146929201390854e-16,1.0031117273284418,1.5292389307964766e-16,1.0026977799460126,0.0,1.5104200358525005e-19
linear_chain,0.1,0.0,0.1,4.783018867924529,0.0011813681231508156,0.0073426467411831595,0.0,0.000773083970637165,0.007265288619665205,0.0,2.819483731081585e-07,4.807883262354445e-07,0.0,1.3576165215410113e-07,2.2363039502842193e-07,2.2357200063806726e-07,8.155934989032513e-11,0.0007728821028760648,2.8194837310815847e-07,6.776263578034403e-21,2.710505431213761e-20,9.364637703389333e-17,1.0030168555094352,1.7097411019480895e-16,1.0026153491810899,-1.6263032587282567e-19,1.4509943927462247e-19
linear_chain,0.1,0.0,0.1,4.8327044025157235,0.0011475769428172253,0.007114596081772468,0.0,0.0007510550552379995,0.007039313056166622,0.0,2.660314858993693e-07,4.532311748946033e-07,0.0,1.266411608743851e-07,2.086937931114199e-07,2.0864086454522286e-07,7.392150481140602e-11,0.0007508645739274818,2.660314858993693e-07,6.776263578034403e-21,5.421010862427522e-20,1.622002829171009e-16,1.0029258603137006,1.5292389309745036e-16,1.0025362853772943,-5.421010862427522e-20,1.3924458809035103e-19
linear_chain,0.1,0.0,0.1,4.882389937106918,0.0011151154347947845,0.006895741665168076,0.0,0.0007298935284625179,0.006822458130916428,0.0,2.511744428031031e-07,4.2750375988927375e-07,0.0,1.1822329505881955e-07,1.949040308972714e-07,1.9485600488507073e-07,6.707130485705478e-11,0.000729713676484384,2.51174442803103e-07,2.0328790734103208e-20,3.7269449679189215e-20,1.4806792291467382e-16,1.0028385458824456,1.3243597626286859e-16,1.0024604185437147,-5.421010862427522e-20,1.33674804566737e-19
linear_chain,0.1,0.0,0.1,4.932075471698114,0.0010839178743485324,0.006685627805462798,0.0,0.000709556490966738,0.006614271828648271,0.0,2.37296248435236e-07,4.0346738528459755e-07,0.0,1.1044727844803309e-07,1.8216210581746774e-07,1.8211848230835837e-07,6.092028593615375e-11,0.0007093865689958188,2.3729624843523598e-07,3.3881317890172014e-21,3.3881317890172014e-20,1.6220028271568653e-16,1.0027547281176665,1.7097411024257854e-16,1.0023875888927902,1.0842021724855044e-19,1.2867515636443778e-19
linear_chain,0.1,0.0,0.1,4.981761006289308,0.0010539224113455903,0.006483825593360566,0.0,0.0006900035730353472,0.0064143286964909695,0.0,2.2432286211921297e-07,3.8099514443448084e-07,0.0,1.032581477522765e-07,1.7037847276709128e-07,1.7033880727042142e-07,5.539070832123995e-11,0.0006898429345815336,2.24322862119213e-07,1.0164395367051604e-20,5.421010862427522e-20,9.36463771211083e-17,1.0026742338655932,1.52923893061845e-16,1.0023176461322358,-5.421010862427522e-20,1.2367550816213854e-19
linear_chain,0.1,0.0,0.1,5.031446540880504,0.0010250708059657521,0.006289931081936937,0.0,0.000671196761983725,0.0062222280442533326,0.0,2.121865386863336e-07,3.5997082756030234e-07,0.0,9.660614499904281e-08,1.59472056234298e-07,1.5943595315458898e-07,5.041416399200169e-11,0.0006710448089032258,2.121865386863336e-07,1.0164395367051604e-20,2.0328790734103208e-20,1.4806792296983341e-16,1.0025969001643589,1.7097411021073213e-16,1.0022504488126267,0.0,1.19136353873209e-19
linear_chain,0.1,0.0,0.1,5.081132075471698,0.000997308184827041,0.006103563611048451,0.0,0.0006531002428956487,0.006037592282282984,0.0,2.0082523181633334e-07,3.4028791772498895e-07,0.0,9.044617866733812e-08,1.4936937420539726e-07,1.4933648103512183e-07,4.593037520252836e-11,0.0006529564213284045,2.0082523181633334e-07,6.776263578034403e-21,4.404571325722362e-20,9.364637703389333e-17,1.0025225735502696,1.7097411019480895e-16,1.002185863725768,5.421010862427522e-20,1.1446562989474525e-19
linear_chain,0.1,0.0,0.1,5.130817610062893,0.0009705828157708816,0.005924364258929762,0.0,0.0006356802515565708,0.0058600653853647395,0.0,1.9018206909404693e-07,3.218487124181114e-07,0.0,8.473734523672736e-08,1.4000376025135628e-07,1.3997376250185428e-07,4.188616012586682e-11,0.0006355440482366362,1.9018206909404696e-07,8.735027268559972e-22,3.7269449679189215e-20,6.621798823421814e-17,1.0024511094175614,7.646194670004799e-17,1.0021237653494282,5.421010862427522e-20,1.1043082608236342e-19
linear_chain,0.1,0.0,0.1,5.180503144654088,0.0009448458997235279,0.005751994409869418,0.0,0.0006189049385294103,0.005689311471881092,0.0,1.802048705056636e-07,3.0456348920559133e-07,0.0,7.944250387649213e-08,1.3131467196304198e-07,1.3128728873547682e-07,3.823453649088822e-11,0.0006187758774388285,1.802048705056636e-07,1.6940658945086007e-20,5.421010862427522e-20,1.146929199254532e-16,1.0023823714270719,1.0813352185241902e-16,1.0020640353344683,-5.421010862427522e-20,1.0630830914362548e-19
linear_chain,0.1,0.0,0.1,5.230188679245283,0.0009200513781673798,0.005586134428553806,0.0,0.0006027442434440984,0.005525013488736202,0.0,1.7084572215024987e-07,2.8834978791489377e-07,0.0,7.452789792093693e-08,1.2324707543161112e-07,1.2322205554060695e-07,3.4933947248843e-11,0.000602621882769644,1.7084572215024984e-07,2.0328790734103208e-20,2.710505431213761e-20,1.3243597634509565e-16,1.0023162309596358,7.646194659323188e-17,1.002006562030736,-5.421010862427522e-20,1.0253664471031202e-19
linear_chain,0.1,0.0,0.1,5.279874213836479,0.0008961557549478274,0.005426482432170699,0.0,0.0005871697786368762,0.005366871993263717,0.0,1.6206058801522565e-07,2.731317839429484e-07,0.0,6.996281760621216e-08,1.1575089677955263e-07,1.1572801535721627e-07,3.1947588377134305e-11,0.0005870537080053568,1.6206058801522565e-07,2.371692252312041e-20,5.421010862427522e-20,9.364637694667833e-17,1.002252566610437,1.7097411019480895e-16,1.0019512400484727,0.0,9.863341058746438e-20
linear_chain,0.1,0.0,0.1,5.329559748427673,0.0008731179311955715,0.0052727531521841765,0.0,0.000572154721364781,0.005214604024093186,0.0,1.5380896220021553e-07,2.5883969704382794e-07,0.0,6.57192992258472e-08,1.0878053288680485e-07,1.0875958840300917e-07,2.9242825840877124e-11,0.0005720445593259287,1.5380896220021553e-07,2.710505431213761e-20,5.421010862427522e-20,9.364637703389333e-17,1.0021912637209036,1.52923893061845e-16,1.001897969852263,-5.421010862427522e-20,9.530031178593159e-20
linear_chain,0.1,0.0,0.1,5.379245283018868,0.0008508990523193688,0.00512467687870877,0.0,0.000557673713897561,0.005067942053925472,0.0,1.4605356051555122e-07,2.4540918924116166e-07,0.0,6.177185648053769e-08,1.0229441444105497e-07,1.0227522608428483e-07,2.6790689748582824e-11,0.0005575691056230812,1.4605356051555122e-07,1.0164395367051604e-20,5.421010862427522e-20,6.621798835755875e-17,1.0021322139450182,1.7097411014703933e-16,1.001846657384821,5.421010862427522e-20,9.192335642122071e-20
linear_chain,0.1,0.0,0.1,5.428930817610063,0.0008294623660484138,0.0049819984805196385,0.0,0.0005437027708328383,0.004926633017373222,0.0,1.3876002796577455e-07,2.3278099297575956e-07,0.0,5.80972403121384e-08,9.625461529012004e-08,9.623702066566248e-08,2.4565431382725704e-11,0.000543603386028894,1.3876002796577455e-07,3.3881317890172014e-21,3.049318610115481e-20,1.6220028281639372e-16,1.0020753148472343,1.081335218272422e-16,1.0017972137181885,-5.421010862427522e-20,8.876568387240014e-20
linear_chain,0.1,0.0,0.1,5.478616352201258,0.0008087730906672255,0.004844476494939257,0.0,0.0005302191930662691,0.004790437408121583,0.0,1.3189669122124937e-07,2.2090041265514643e-07,0.0,5.4674223977027225e-08,9.0626502820113e-08,9.061035592134532e-08,2.2544140263576142e-11,0.0005301247240603083,1.3189669122124937e-07,6.776263578034403e-21,2.710505431213761e-20,1.146929199254532e-16,1.002020469529423,1.324359762423118e-16,1.0017495547300928,2.710505431213761e-20,8.547644163404539e-20
linear_chain,0.1,0.0,0.1,5.528301886792454,0.0007887982926117297,0.00471188228197225,0.0,0.0005172014878695756,0.004659128439717609,0.0,1.254343232384047e-07,2.0971693960764462e-07,0.0,5.148341050469891e-08,8.537842472071715e-08,8.536359414054366e-08,2.0706407802726313e-11,0.0005171116478642488,1.2543432323840472e-07,6.776263578034403e-21,1.0164395367051604e-20,6.621798848089937e-17,1.0019675862845123,1.529238930440423e-16,1.001703600803459,2.710505431213761e-20,8.253805190111515e-20
linear_chain,0.1,0.0,0.1,5.577987421383648,0.0007695067726769147,0.004583999237469631,0.0,0.0005046292946033825,0.004532491265156457,0.0,1.1934593254969212e-07,1.9918389957237338e-07,0.0,4.850706003095624e-08,8.048142806405583e-08,8.046779541622783e-08,1.903403386992215e-11,0.0005045438160821572,1.1934593254969212e-07,1.0164395367051604e-20,1.6940658945086007e-20,1.1469291999666394e-16,1.001916578274682,1.7097411014703933e-16,1.0016592765472152,0.0,7.977508842089717e-20
linear_chain,0.1,0.0,0.1,5.627672955974843,0.0007508689601862301,0.004460622061126271,0.0,0.0004924833156191316,0.004410322250572403,0.0,1.136065795993908e-07,1.892581123127297e-07,0.0,4.572893480189451e-08,7.59090071088986e-08,7.589646563146466e-08,1.7510771197571106e-11,0.0004924019488798648,1.136065795993908e-07,3.3881317890172014e-21,2.710505431213761e-20,1.480679228595142e-16,1.0018673632321868,1.5292389307964766e-16,1.001616510536716,-8.131516293641283e-20,7.683669868796693e-20
linear_chain,0.1,0.0,0.1,5.6773584905660375,0.0007328568144644578,0.004341556074550541,0.0,0.00048074525193977723,0.004292428298852978,0.0,1.08193195623778e-07,1.7989967568691858e-07,0.0,4.313415989861838e-08,7.16368766676199e-08,7.1625329988975e-08,1.612209913650312e-11,0.00048066776376340175,1.08193195623778e-07,1.3552527156068805e-20,2.710505431213761e-20,1.8729275380614168e-16,1.0018198631810071,1.7097411025850178e-16,1.0015752350722371,5.421010862427522e-20,7.464387052906376e-20
linear_chain,0.1,0.0,0.1,5.727044025157233,0.000715443733093507,0.004226616586180736,0.0,0.0004693977433572944,0.0041786262195038695,0.0,1.0308443207561352e-07,1.7107156848169674e-07,0.0,4.0709097971367886e-08,6.764276824770825e-08,6.76321292917491e-08,1.48550274208066e-11,0.0004693239157767818,1.0308443207561351e-07,1.0164395367051604e-20,2.710505431213761e-20,6.621798848089937e-17,1.0017740041777365,1.0813352180206541e-16,1.0015353859541427,2.710505431213761e-20,7.223175955427029e-20
linear_chain,0.1,0.0,0.1,5.7767295597484285,0.0006986044663832204,0.004115628298890435,0.0,0.0004584243126070354,0.0040687421410646775,0.0,9.826051859854391e-08,1.6273954016581105e-07,0.0,3.844123646012e-08,6.39062465035479e-08,6.38964365194079e-08,1.3697922973181835e-11,0.0004583539417828654,9.826051859854393e-08,6.776263578034403e-21,5.082197683525802e-21,1.6220028276604009e-16,1.0017297160701986,1.7097411013111612e-16,1.0014969022734415,-5.421010862427522e-20,6.964422232676455e-20
linear_chain,0.1,0.0,0.1,5.826415094339623,0.0006823150376398226,0.0040084247574804725,0.0,0.00044780931330710093,0.003962610962952993,0.0,9.370313092032084e-08,1.5487179417786586e-07,0.0,3.6319085969454844e-08,6.040854381938083e-08,6.03994915198789e-08,1.2640357227969299e-11,0.0004477422084943127,9.370313092032084e-08,6.776263578034403e-21,2.710505431213761e-20,1.1469291999666394e-16,1.001686932272455,1.3243597626286859e-16,1.0014597262165514,-5.421010862427522e-20,6.749525073103944e-20
linear_chain,0.1,0.0,0.1,5.876100628930818,0.0006665526687429867,0.003904847832949597,0.0,0.00043753788138125096,0.003860075843872589,0.0,8.939527556888487e-08,1.4743883542594368e-07,0.0,3.433208860266609e-08,5.713241109504893e-08,5.712405189077408e-08,1.1672972446713437e-11,0.0004374738639792483,8.939527556888487e-08,1.3552527156068805e-20,2.710505431213761e-20,6.621798835755875e-17,1.0016455895549545,2.1626704359154242e-16,1.0014238028831994,0.0,6.52585660089582e-20
linear_chain,0.1,0.0,0.1,5.925786163522012,0.0006512957106699326,0.0038047472407707218,0.0,0.0004275958897027504,0.003760987723924044,0.0,8.532118133945413e-08,1.4041328112405318e-07,0.0,3.247053520924497e-08,5.406198302496217e-08,5.4054258343043584e-08,1.0787363415606795e-11,0.00042753479238347294,8.532118133945413e-08,3.76158192263132e-37,3.3881317890172014e-21,1.1469292028150688e-16,1.0016056278486842,1.7097411017888574e-16,1.0013890801164718,0.0,6.32411641027673e-20
linear_chain,0.1,0.0,0.1,5.975471698113208,0.000636523578593019,0.0037079800907389073,0.0,0.0004179699057267482,0.0036652048780120273,0.0,8.146620245356943e-08,1.337696718255891e-07,0.0,3.0725490610850254e-08,5.1182656354818686e-08,5.1175513031911524e-08,9.975973359764047e-12,0.00041791157163049915,8.146620245356942e-08,1.0164395367051604e-20,8.470329472543003e-21,1.6220028281639372e-16,1.001566990062289,1.8729275374799837e-16,1.0013555083441028,5.421010862427522e-20,6.113604907022026e-20
linear_chain,0.1,0.0,0.1,6.025157232704403,0.000622216691202505,0.003614410466068036,0.0,0.00040864715188119094,0.0035725924983150722,0.0,7.781672899985592e-08,1.2748435579117747e-07,0.0,2.9088725976886743e-08,4.848097976813028e-08,4.847436950936016e-08,9.232001855138188e-12,0.0004085914338772949,7.781672899985592e-08,8.470329472543003e-21,3.218725199566341e-20,1.7519632918674225e-16,1.001529621911185,1.872927539078925e-16,1.0013230404301818,2.710505431213761e-20,5.920636029038547e-20
linear_chain,0.1,0.0,0.1,6.074842767295598,0.0006083564139607488,0.0035239090295612068,0.0,0.0003996154685267716,0.003483022303635842,0.0,7.436010647796938e-08,1.2153530999600155e-07,0.0,2.7552657614256642e-08,4.5944554207084463e-08,4.593843310300765e-08,8.549323567270162e-12,0.0003995622285309599,7.436010647796938e-08,1.0164395367051604e-20,1.1858461261560205e-20,1.1469292028150688e-16,1.0014934717578095,1.0813352180206541e-16,1.0012916315365106,2.710505431213761e-20,5.740824120008488e-20
linear_chain,0.1,0.0,0.1,6.124528301886793,0.0005949250060011441,0.003436352655105027,0.0,0.0003908632792917062,0.003396372173745143,0.0,7.10845592807186e-08,1.1590205356854348e-07,0.0,2.611029151592458e-08,4.356194256143887e-08,4.355627065683685e-08,7.922415976254557e-12,0.00039081238763944695,7.10845592807186e-08,1.1858461261560205e-20,5.421010862427522e-20,1.1469292021029616e-16,1.0014584904621744,1.081335218272422e-16,1.0012612389929036,0.0,5.578554836249653e-20
linear_chain,0.1,0.0,0.1,6.174213836477987,0.0005819055704012499,0.0033516240824029374,0.0,0.00038237955861575735,0.0033125258069265696,0.0,6.797912529937185e-08,1.1056550369737918e-07,0.0,2.475517308379141e-08,4.1322587777301684e-08,4.131732868523115e-08,7.346295869937552e-12,0.00038233089348095297,6.797912529937185e-08,1.0164395367051604e-20,2.710505431213761e-20,1.622002828667473e-16,1.0014246312419979,1.52923893061845e-16,1.0012318221758,0.0,5.407514239855207e-20
linear_chain,0.1,0.0,0.1,6.223899371069182,0.0005692820076003846,0.0032696115934749575,0.0,0.0003741538013429725,0.0032313723990765463,0.0,6.503359141078122e-08,1.0550785032797943e-07,0.0,2.3481341507093704e-08,3.921673853948001e-08,3.921185909591328e-08,6.816462485442239e-12,0.0003741072482019689,6.503359141078122e-08,1.3552527156068805e-20,2.710505431213761e-20,9.364637694667833e-17,1.001391849541723,7.646194698489095e-17,1.0012033423945792,0.0,5.227702330825147e-20
linear_chain,0.1,0.0,0.1,6.273584905660378,0.0005570389717450485,0.003190208709492075,0.0,0.0003661759942248878,0.003152806342876167,0.0,6.22384384966653e-08,1.0071251975385145e-07,0.0,2.2283288331203138e-08,3.72353817731753e-08,3.72308517276858e-08,6.328847480281143e-12,0.00036613144536216605,6.22384384966653e-08,3.3881317890172014e-21,2.710505431213761e-20,5.7157212438637306e-21,1.0013601029097903,1.7097411013111612e-16,1.0011757627850453,2.710505431213761e-20,5.069818703384119e-20
linear_chain,0.1,0.0,0.1,6.323270440251573,0.000545161829728712,0.003113313906213667,0.0,0.00035843658918876116,0.003076726945599549,0.0,5.9584787487610916e-08,9.616402114814429e-08,0.0,2.11559198012423e-08,3.537018128938161e-08,3.5365973027668624e-08,5.87977008791422e-12,0.0003583939432389856,5.958478748761091e-08,6.776263578034403e-21,5.082197683525802e-21,1.622002829171009e-16,1.001329350883586,1.7097411014703933e-16,1.0011490482095677,0.0,4.920706388578704e-20
linear_chain,0.1,0.0,0.1,6.3729559748427675,0.0005336366227804794,0.0030388303471077763,0.0,0.0003509264782623735,0.003003038164286458,0.0,5.706435222319359e-08,9.184790579958104e-08,0.0,2.0094522611843564e-08,3.361342197260629e-08,3.360951026749075e-08,5.465897473366297e-12,0.0003508856397871562,5.706435222319359e-08,1.1858461261560205e-20,5.421010862427522e-20,1.3243597628342534e-16,1.001299554881529,1.081335218272422e-16,1.0011231651634145,0.0,4.7847510427267077e-20
linear_chain,0.1,0.0,0.1,6.422641509433962,0.0005224500303910491,0.002966665632685955,0.0,0.0003436369700307742,0.00293164835711122,0.0,5.4669396121143266e-08,8.775065020449668e-08,0.0,1.909473272906347e-08,3.195795897015585e-08,3.195432075769265e-08,5.084209414389352e-12,0.00034359784912482553,5.4669396121143266e-08,5.082197683525802e-21,2.710505431213761e-20,9.364637694667833e-17,1.001270678101808,1.7097411017888574e-16,1.0010980816868573,-2.710505431213761e-20,4.6400243842390984e-20
linear_chain,0.1,0.0,0.1,6.472327044025157,0.0005115893364369242,0.0028967315650314375,0.0,0.00033655976752354537,0.0028624700497864937,0.0,5.239268902494504e-08,8.38596693030173e-08,0.0,1.8152506988889564e-08,3.039717140007099e-08,3.039378557879237e-08,4.7319665096050335e-12,0.0003365222794557443,5.239268902494505e-08,6.776263578034403e-21,2.710505431213761e-20,9.364637703389333e-17,1.001242685427294,1.3243597622175503e-16,1.001073767282638,0.0,4.477755100480265e-20
linear_chain,0.1,0.0,0.1,6.522012578616353,0.0005010423973425044,0.002828943926532489,0.0,0.0003296869474369031,0.0027954197160761324,0.0,5.022747408160469e-08,8.016314089523466e-08,0.0,1.7264097204720825e-08,2.8924920144534794e-08,2.8921767394001694e-08,4.4066824245450435e-12,0.0003296510123091969,5.0227474081604685e-08,8.470329472543003e-21,1.3552527156068805e-20,1.1469291999666394e-16,1.001215543336228,1.7097411017888574e-16,1.0010501928384414,0.0,4.376885005170718e-20
linear_chain,0.1,0.0,0.1,6.571698113207548,0.0004907976121553104,0.002763222271845359,0.0,0.00032301094059842227,0.0027304175713653202,0.0,4.8167430575583076e-08,7.665002560037892e-08,0.0,1.6426026546015824e-08,2.7535509339732277e-08,2.7532571957670827e-08,4.106098487028622e-12,0.00032297648303561275,4.8167430575583076e-08,6.776263578034403e-21,1.1858461261560205e-20,1.6220028276604009e-16,1.0011892198182792,1.8729275379160586e-16,1.00102733055403,2.710505431213761e-20,4.254086628272142e-20
linear_chain,0.1,0.0,0.1,6.6213836477987424,0.000480843894384303,0.0026994897320519727,0.0,0.00031652451359267506,0.0026673873785136564,0.0,4.620664374019228e-08,7.330997101627997e-08,0.0,1.5635067971869387e-08,2.622365121313942e-08,2.6220912968341504e-08,3.82816134971429e-12,0.00031649146245133267,4.6206643740192275e-08,3.3881317890172014e-21,8.470329472543003e-21,6.621798860423998e-17,1.0011636842956169,1.8729275387882084e-16,1.0010051538727307,-4.0657581468206416e-20,4.10058865714892e-20
linear_chain,0.1,0.0,0.1,6.671069182389937,0.00047117064551732165,0.002637672830577223,0.0,0.00031022075147002764,0.002606256265093985,0.0,4.433957476695226e-08,7.013331615472095e-08,0.0,1.488822452862149e-08,2.498443395434878e-08,2.4981879954220595e-08,3.57100281679854e-12,0.0003101890395713123,4.433957476695226e-08,1.6940658945086007e-21,6.776263578034403e-21,1.3243597634509565e-16,1.0011389075486625,1.7097411016296254e-16,1.0009836374169825,0.0,4.026032499746212e-20
linear_chain,0.1,0.0,0.1,6.720754716981132,0.0004617677300694585,0.002577701309719697,0.0,0.00030409304146697354,0.0025469545513751956,0.0,4.256103574281083e-08,6.71109667126208e-08,0.0,1.4182711335657471e-08,2.3813292337112856e-08,2.3810908907728732e-08,3.3329219946124227e-12,0.00030406260534414435,4.256103574281084e-08,1.6940658945086007e-21,6.776263578034403e-21,1.1469292021029616e-16,1.0011148616462064,1.324359762423118e-16,1.0009627569276738,4.0657581468206416e-20,3.894462810212022e-20
linear_chain,0.1,0.0,0.1,6.770440251572328,0.00045262545209503725,0.002519507967197609,0.0,0.0002981350576737449,0.0024894155882257555,0.0,4.0866163101804294e-08,6.423443042329769e-08,0.0,1.3515939105685992e-08,2.2705980838604594e-08,2.2703755416685316e-08,3.1123690168376126e-12,0.00029810583734201957,4.086616310180429e-08,5.082197683525802e-21,2.710505431213761e-20,1.1469291999666394e-16,1.0010915198796106,1.7097411013111612e-16,1.0009424892070176,1.3552527156068805e-20,3.7979783712202836e-20
linear_chain,0.1,0.0,0.1,6.820125786163523,0.0004437345330438305,0.002463028502248836,0.0,0.00029234074658365165,0.00243357560437906,0.0,3.925039747295815e-08,6.149571751487045e-08,0.0,1.2885499056286714e-08,2.1658549026571848e-08,2.1656470061417853e-08,2.907930789378492e-12,0.00029231268532135314,3.925039747295816e-08,1.6940658945086007e-21,1.0164395367051604e-20,1.3243597653010658e-16,1.0010688567008237,1.7097411019480895e-16,1.0009228120647504,0.0,3.679565650639512e-20
linear_chain,0.1,0.0,0.1,6.869811320754717,0.00043508609089365626,0.0024082013704491423,0.0,0.0002867043134724877,0.0023793735624375333,0.0,3.770945888792587e-08,5.888733528666912e-08,0.0,1.2289149087978173e-08,2.0667319008318477e-08,2.0665375873387293e-08,2.7183177226338506e-12,0.0002866773576217455,3.770945888792587e-08,6.776263578034403e-21,1.3552527156068805e-20,9.364637703389333e-17,1.0010468476639693,1.0813352180206541e-16,1.0009037042674116,0.0,3.587466867965579e-20
linear_chain,0.1,0.0,0.1,6.919496855345912,0.0004266716204620042,0.002354967646803162,0.0,0.0002812202095505734,0.002326751023069861,0.0,3.623933163044169e-08,5.640226116149389e-08,0.0,1.1724801112700763e-08,1.972886475481746e-08,1.9727047667416974e-08,2.542352392399406e-12,0.00028119430832889206,3.623933163044169e-08,3.3881317890172014e-21,1.3552527156068805e-20,6.62179888509212e-17,1.0010254693702634,1.8729275373346255e-16,1.0008851454905345,1.3552527156068805e-20,3.4997537416094524e-20
linear_chain,0.1,0.0,0.1,6.969182389937107,0.00041848297483203304,0.002303270896549124,0.0,0.00027588311984100343,0.0022756520168481227,0.0,3.483624384991251e-08,5.4033869030531124e-08,0.0,1.1190509430182004e-08,1.883999313188065e-08,1.8838293080379023e-08,2.3789588694339747e-12,0.0002758582251656776,3.4836243849912505e-08,6.776263578034403e-21,1.3552527156068805e-20,6.621798835755875e-17,1.001004699416065,1.324359762423118e-16,1.000867116273541,-1.3552527156068805e-20,3.3944979899821004e-20
linear_chain,0.1,0.0,0.1,7.018867924528303,0.00041051234781806794,0.002253057053187241,0.0,0.0002706879517359006,0.002226022923254329,0.0,3.349665125543147e-08,5.177596949368811e-08,0.0,1.068446005852002e-08,1.7997726486108346e-08,1.799613516408326e-08,2.227153309298388e-12,0.0002706640180629528,3.349665125543147e-08,6.776263578034403e-21,1.3552527156068805e-20,9.364637694667833e-17,1.0009845163438533,1.8729275374799837e-16,1.000849597977179,0.0,3.293627894672555e-20
linear_chain,0.1,0.0,0.1,7.068553459119498,0.0004027522574133941,0.002204274303363284,0.0,0.0002656298241921633,0.002177812356471824,0.0,3.2217221961964615e-08,4.9622710428656184e-08,0.0,1.0204960934710535e-08,1.719928664832783e-08,1.719779639458461e-08,2.0860354714377734e-12,0.0002656068083631986,3.221722196196462e-08,1.6940658945086007e-21,1.5246593050577406e-20,1.1469291985424245e-16,1.0009648995959424,1.0813352180206541e-16,1.000832572743343,1.3552527156068805e-20,3.2103004246342346e-20
linear_chain,0.1,0.0,0.1,7.118238993710692,0.0003951955301356033,0.002156872977943507,0.0,0.00026070405751881973,0.0021309710574142515,0.0,3.0994823002076356e-08,4.756861594655766e-08,0.0,9.750432907651335e-09,1.6442080229444455e-08,1.6440683973629035e-08,1.954781108310067e-12,0.0002606819186196455,3.0994823002076356e-08,1.6940658945086007e-21,1.3552527156068805e-20,4.0416252509080515e-21,1.0009458294707727,1.7097411014703933e-16,1.000816023457123,0.0,3.14451557986714e-20
linear_chain,0.1,0.0,0.1,7.167924528301887,0.0003878352862540001,0.002110805449319225,0.0,0.00025590616373392293,0.0020854517917419345,0.0,2.982650560647688e-08,4.5608500628175675e-08,0.0,9.319401455831433e-09,1.5723685096891607e-08,1.5722376309986064e-08,1.832634958275318e-12,0.0002558848629616116,2.982650560647688e-08,3.3881317890172014e-21,1.7787691892340307e-20,9.364637703389333e-17,1.0009272870816113,1.3243597642732274e-16,1.0007999337109494,0.0,3.052416797193206e-20
linear_chain,0.1,0.0,0.1,7.2176100628930815,0.000380664925803395,0.0020660260341130044,0.0,0.000251231837436394,0.0020412092534067765,0.0,2.8709495066125842e-08,4.3737506948811856e-08,0.0,8.910489065743255e-09,1.5041837928122023e-08,1.5040610577468977e-08,1.7189046427772773e-12,0.0002512113379760742,2.8709495066125842e-08,5.082197683525802e-21,2.710505431213761e-20,6.621798835755875e-17,1.000909254317516,1.5292389311525305e-16,1.0007842877706994,1.3552527156068805e-20,2.969089327154886e-20
linear_chain,0.1,0.0,0.1,7.267295597484278,0.0003736781153621292,0.0020224909011395923,0.0,0.00024667694718011915,0.0019981999734110852,0.0,2.764117765683714e-08,4.195104971125305e-08,0.0,8.522408214497743e-09,1.4394422749653275e-08,1.4393271257970451e-08,1.6129549235918681e-12,0.00024665721408918785,2.7641177656837144e-08,5.082197683525802e-21,1.3552527156068805e-20,6.621798835755875e-17,1.0008917138064253,1.324359762423118e-16,1.000769070543648,0.0,2.8857618571165665e-20
linear_chain,0.1,0.0,0.1,7.3169811320754725,0.00036686877553959545,0.0019801579845026107,0.0,0.00024223752730726273,0.0019563822335018632,0.0,2.6619090548168245e-08,4.024481264385084e-08,0.0,8.15395490483374e-09,1.3779460376644201e-08,1.3778379584698167e-08,1.514202640474985e-12,0.00024221852740731128,2.6619090548168245e-08,6.776263578034403e-21,1.3552527156068805e-20,1.7519632890703204e-16,1.000874648880236,1.7097411013111612e-16,1.0007542675481553,0.0,2.83313398130289e-20
linear_chain,0.1,0.0,0.1,7.366666666666667,0.00036023106914022537,0.0019389869011516784,0.0,0.00023790977022207822,0.0019157159844728042,0.0,2.5640913696719777e-08,3.86147153751781e-08,0.0,7.804002706174057e-09,1.3195098677096044e-08,1.3194083809618144e-08,1.4221121986007587e-12,0.0002378914719967764,2.5640913696719777e-08,6.776263578034403e-21,1.3552527156068805e-20,1.1469292006787466e-16,1.0008580435417687,2.4179390540713325e-16,1.0007398648849726,0.0,2.736649542311151e-20
linear_chain,0.1,0.0,0.1,7.416352201257862,0.0003537593899346245,0.001898938872867225,0.0,0.0002336900190667068,0.0018761627687281092,0.0,2.4704457395390156e-08,3.705693550832439e-08,0.0,7.471497257540024e-09,1.2639603590454892e-08,1.2638650225228919e-08,1.3361912059491095e-12,0.00023367239256946417,2.470445739539016e-08,5.929230630780102e-21,5.929230630780102e-21,9.364637703389333e-17,1.0008418824334813,7.646194659323188e-17,1.0007258492100857,1.3552527156068805e-20,2.6708646975440558e-20
linear_chain,0.1,0.0,0.1,7.466037735849056,0.00034744835204524076,0.0018599766524148395,0.0,0.00022957476079304252,0.0018376856470916677,0.0,2.3807657144266956e-08,3.556783780693165e-08,0.0,7.155451195430465e-09,1.2111350838445622e-08,1.211045487784123e-08,1.2559868833995187e-12,0.00022955777755606286,2.3807657144266956e-08,5.082197683525802e-21,1.3552527156068805e-20,9.364637685946336e-17,1.00082615080785,1.0813352190277261e-16,1.0007122077089927,0.0,2.609465509094767e-20
linear_chain,0.1,0.0,0.1,7.515723270440253,0.00034129277987468294,0.0018220644534818352,0.0,0.000225560619588158,0.001800249129254756,0.0,2.294856453655142e-08,3.414400237235795e-08,0.0,6.854939470068141e-09,1.1608818269482382e-08,1.1607975914614765e-08,1.1810825654617064e-12,0.00022554425254015688,2.2948564536551425e-08,8.470329472543003e-22,5.929230630780102e-21,1.6220028281639372e-16,1.000810834499302,1.52923893061845e-16,1.0006989280723357,1.3552527156068805e-20,2.5568376332810914e-20
linear_chain,0.1,0.0,0.1,7.565408805031447,0.00033528769855586,0.0017851678843331974,0.0,0.00022164435064772424,0.001763819107984615,0.0,2.2125339131228436e-08,3.278220998543424e-08,0.0,6.569095017713446e-09,1.113057878512645e-08,1.1129786512218577e-08,1.1110945513751939e-12,0.0002216285740364993,2.2125339131228436e-08,5.082197683525802e-21,1.3552527156068805e-20,9.364637703389333e-17,1.000795919897621,1.8729275374799837e-16,1.000685998472806,0.0,2.4910527885139963e-20
linear_chain,0.1,0.0,0.1,7.615094339622642,0.0003294283249061336,0.0017492538848259756,0.0,0.0002178228342669815,0.0017283627966871266,0.0,2.1336244037572332e-08,3.1479400702113864e-08,0.0,6.297104761289907e-09,1.0675293800260175e-08,1.0674548338946161e-08,1.0456694058803755e-12,0.0002178076235852623,2.1336244037572332e-08,4.235164736271502e-21,1.3552527156068805e-20,9.364637703389333e-17,1.0007813939227272,1.5292389313305572e-16,1.0006734075432497,1.3552527156068805e-20,2.447196225335933e-20
linear_chain,0.1,0.0,0.1,7.664779874213837,0.00032371005883509576,0.0017142906667106503,0.0,0.00021409307023804352,0.0016938486701469594,0.0,2.0579636891253165e-08,3.023270376372636e-08,0.0,6.0382059104244e-09,1.0241707193816669e-08,1.024100550737503e-08,9.844812583655e-13,0.00021407840215568265,2.0579636891253165e-08,2.541098841762901e-21,1.3552527156068805e-20,6.621798835755875e-17,1.000767244000768,1.5292389320426646e-16,1.000661144355902,-1.3552527156068805e-20,2.3682544116154192e-20
linear_chain,0.1,0.0,0.1,7.714465408805031,0.00031812847519639334,0.0016802476569841695,0.0,0.00021045217253074,0.0016602464083577027,0.0,1.9853965305106617e-08,2.9039391601909026e-08,0.0,5.79168253827457e-09,9.828639710049607e-09,9.827978977300169e-09,9.272295431933117e-13,0.00021043802483109046,1.9853965305106617e-08,4.235164736271502e-21,2.710505431213761e-20,1.3243597659177687e-16,1.0007534580414248,1.3243597626286859e-16,1.0006491984026837,1.3552527156068805e-20,2.315626535801743e-20
linear_chain,0.1,0.0,0.1,7.764150943396228,0.0003126793160483096,0.0016470954440461524,0.0,0.00020689736424379872,0.0016275268431488897,0.0,1.9157761206978306e-08,2.7896890228485334e-08,0.0,5.5568624119690145e-09,9.434983774220122e-09,9.434361372860038e-09,8.736368720735972e-13,0.00020688371576236148,1.9157761206978306e-08,1.6940658945086007e-21,4.235164736271502e-21,1.1469291985424245e-16,1.000740024416383,1.324359763245389e-16,1.000637559576506,1.3552527156068805e-20,2.249841691034648e-20
linear_chain,0.1,0.0,0.1,7.813836477987422,0.00030735848330842885,0.0016148057266967227,0.0,0.0002034259728098496,0.0015956619075120225,0.0,1.8489636509203225e-08,2.6802754662031707e-08,0.0,5.33311405659382e-09,9.059698689491514e-09,9.059112180848884e-09,8.234471406863159e-13,0.00020341280337725834,1.8489636509203222e-08,8.470329472543003e-22,1.3552527156068805e-20,9.364637729553829e-17,1.0007269319388872,7.646194659323188e-17,1.0006262181535188,0.0,2.188442502585359e-20
linear_chain,0.1,0.0,0.1,7.863522012578617,0.0003021620317716333,0.001583351265521603,0.0,0.0002000354254413353,0.00156462458748806,0.0,1.7848276666139854e-08,2.5754693263840975e-08,0.0,5.11984403421488e-09,8.70180618479366e-09,8.701253299910378e-09,7.764236956462134e-13,0.00020002271583134182,1.784827666613985e-08,4.235164736271502e-21,1.3552527156068805e-20,7.000300279726056e-21,1.0007141698443267,1.0813352180206541e-16,1.0006151647762507,0.0,2.1621285646785215e-20
linear_chain,0.1,0.0,0.1,7.913207547169812,0.0002970861624758365,0.0015527058368269237,0.0,0.00019672324479977276,0.0015343888764000843,0.0,1.723243748268142e-08,2.4750512983572383e-08,0.0,4.916494420712292e-09,8.360386285758449e-09,8.359864912504458e-09,7.323477921840682e-13,0.0001967109766778498,1.7232437482681416e-08,1.6940658945086007e-21,6.776263578034403e-21,1.4806792280435463e-16,1.0007017277717911,1.081335218272422e-16,1.0006043904375899,-6.776263578034403e-21,2.1051150325470392e-20
linear_chain,0.1,0.0,0.1,7.962893081761006,0.00029212721639655583,0.0015228441888081399,0.0,0.00019348704488333354,0.001504929731432591,0.0,1.664094071463648e-08,2.3788151143895445e-08,0.0,4.722540465008903e-09,8.034573483695415e-09,8.034081655027167e-09,6.910171225685122e-13,0.0001934752007604561,1.664094071463648e-08,2.541098841762901e-21,6.776263578034403e-21,2.093996646213345e-16,1.0006895957465447,1.7097411013111612e-16,1.0005938864655712,1.3552527156068805e-20,2.0481015004155568e-20
linear_chain,0.1,0.0,0.1,8.0125786163522,0.000287281668452293,0.001493741999859456,0.0,0.0001903245271123257,0.0014762230322494033,0.0,1.607267011340173e-08,2.28656492451467e-08,0.0,4.537488416622831e-09,7.723553178998781e-09,7.72308906209184e-09,6.522444806921749e-13,0.00019031309029965787,1.6072670113401732e-08,2.541098841762901e-21,3.3881317890172014e-21,9.364637720832329e-17,1.0006777641633586,1.7097411014703933e-16,1.0005836445088996,0.0,2.0174019061909123e-20
linear_chain,0.1,0.0,0.1,8.062264150943397,0.000282546121799293,0.001465375838935423,0.0,0.00018723347660776926,0.0014482455416939858,0.0,1.5526567095426224e-08,2.1981161326927217e-08,0.0,4.360873508051294e-09,7.426558377979158e-09,7.426120264350913e-09,6.158565179310911e-13,0.00018722243117681852,1.5526567095426227e-08,1.6940658945086007e-21,2.541098841762901e-21,1.622002829171009e-16,1.0006662237706703,1.081335218272422e-16,1.0005736565231909,-2.710505431213761e-20,1.9647740303772363e-20
linear_chain,0.1,0.0,0.1,8.111949685534592,0.00027791730240035636,0.001437723127847828,0.0,0.0001842117586501298,0.0014209748683734057,0.0,1.500162901510106e-08,2.1132909489692447e-08,0.0,4.1922580801800916e-09,7.1428666234952095e-09,7.14245291972628e-09,5.8169269961501e-13,0.00018420108939045413,1.500162901510106e-08,8.470329472543003e-22,2.541098841762901e-21,1.9865396441485965e-16,1.0006549656555042,1.8729275374799837e-16,1.0005639147578858,1.3552527156068805e-20,1.9384600924703984e-20
linear_chain,0.1,0.0,0.1,8.161635220125786,0.00027339205386592156,0.0014107621053426023,0.0,0.0001812573153078957,0.0013943894310850683,0.0,1.449690436117605e-08,2.0319236783232388e-08,0.0,4.031229840459944e-09,6.871797141468929e-09,6.871406360862298e-09,5.496042230353972e-13,0.00018124700769226416,1.449690436117605e-08,3.3881317890172014e-21,6.776263578034403e-21,6.621798835755875e-17,1.0006439812291363,1.0813352200347979e-16,1.0005544117437928,-6.776263578034403e-21,1.87706090402111e-20
linear_chain,0.1,0.0,0.1,8.211320754716981,0.0002689673325271717,0.0013844717929329291,0.0,0.00017836816222679123,0.001368468424865453,0.0,1.4011489944526022e-08,1.9538566315906243e-08,0.0,3.877400242277e-09,6.612708186861786e-09,6.612338941674747e-09,5.194530969517498e-13,0.00017835820237621834,1.4011489944526023e-08,8.470329472543003e-22,2.541098841762901e-21,9.364637685946336e-17,1.000633262213437,1.7097411014703933e-16,1.0005451402812346,0.0,1.8332043408430464e-20
linear_chain,0.1,0.0,0.1,8.261006289308176,0.0002646402027594526,0.0013588319623759632,0.0,0.00017554238557645327,0.001343191788771073,0.0,1.3544530102624233e-08,1.8789390884497144e-08,0.0,3.730402977907198e-09,6.364994574230309e-09,6.364645568465599e-09,4.911113651019357e-13,0.00017553276022582614,1.3544530102624233e-08,4.152446675016199e-22,6.776263578034403e-21,9.364637694667833e-17,1.000622800627877,1.081335218272422e-16,1.0005360934287606,-6.776263578034403e-21,1.798119090300596e-20
linear_chain,0.1,0.0,0.1,8.310691823899372,0.00026040783251297847,0.0013338231046060556,0.0,0.0001727781391337707,0.0013185401750714194,0.0,1.309520990274905e-08,1.8070281989809207e-08,0.0,3.5898925753799417e-09,6.12808537852498e-09,6.127755401397256e-09,4.64460172658885e-13,0.00017276883560247776,1.3095209902749052e-08,2.541098841762901e-21,1.3552527156068805e-20,4.0416252509080515e-21,1.0006125887771427,1.324359762423118e-16,1.000527264492395,-1.3552527156068805e-20,1.7674194960759514e-20
linear_chain,0.1,0.0,0.1,8.360377358490567,0.00025626748906033717,0.0013094264002402826,0.0,0.00017007364151053447,0.0012944949199801955,0.0,1.2662757826414328e-08,1.7379897956172664e-08,0.0,3.4555430918916005e-09,5.901441793967961e-09,5.9011297137858485e-09,4.3938924103690507e-13,0.0001700646476722712,1.266275782641433e-08,3.1598299399525657e-22,1.6940658945086007e-21,1.4806792287330413e-16,1.0006026192393471,1.8729275374799837e-16,1.0005186470153995,0.0,1.7323342455335008e-20
linear_chain,0.1,0.0,0.1,8.410062893081761,0.0002522165349479361,0.0012856236914086795,0.0,0.00016742717350864432,0.0012710380157259199,0.0,1.2246439502951644e-08,1.6716945983506875e-08,0.0,3.3270468968650105e-09,5.684555138926025e-09,5.684259897480375e-09,4.1579606912766864e-13,0.0001674184777638517,1.2246439502951646e-08,2.541098841762901e-21,6.776263578034403e-21,6.621798823421814e-17,1.0005928848547878,1.7097411014703933e-16,1.000510234768508,0.0,1.6753207134020184e-20
linear_chain,0.1,0.0,0.1,8.459748427672956,0.0002482524241208587,0.0012623974548741255,0.0,0.0001648370755940982,0.0012481520838931173,0.0,1.1845557355973415e-08,1.6080209515389346e-08,0.0,3.204113537312596e-09,5.476944995942004e-09,5.476665603329991e-09,3.9358539849796664e-13,0.0001648286668441215,1.1845557355973413e-08,1.6940658945086007e-21,6.776263578034403e-21,6.621798835755875e-17,1.0005833787152332,7.646194655762652e-17,1.0005020217406282,0.0,1.6490067754951806e-20
linear_chain,0.1,0.0,0.1,8.50943396226415,0.000244372698244057,0.001239730776453151,0.0,0.000162301745494713,0.0012258203500589374,0.0,1.145944841083163e-08,1.5468525095220402e-08,0.0,3.086468680268304e-09,5.27815747738602e-09,5.2778930072094274e-09,3.7266865573125097e-13,0.00016229361311679967,1.145944841083163e-08,3.3881317890172014e-21,1.3552527156068805e-20,1.480679228319344e-16,1.000574094153708,1.3243597642732274e-16,1.0004940021299675,-1.3552527156068805e-20,1.5963788996815046e-20
linear_chain,0.1,0.0,0.1,8.559119496855347,0.00024057498317884153,0.001217607326563492,0.0,0.00015981963590113831,0.001204026619523322,0.0,1.1087482160670834e-08,1.4880788763380233e-08,0.0,2.9738531259894062e-09,5.087763607086133e-09,5.0875131920201375e-09,3.5296343852373906e-13,0.00015981176972500232,1.1087482160670833e-08,8.470329472543003e-22,1.3552527156068805e-20,9.364637696848209e-17,1.0005650247347477,1.081335218272422e-16,1.0004861703355734,0.0,1.5656793054568604e-20
linear_chain,0.1,0.0,0.1,8.608805031446542,0.00023685698562639416,0.001196011336871999,0.0,0.0001573892522788845,0.001182755254223296,0.0,1.072905833319913e-08,1.4315961971352085e-08,0.0,2.8660218871534014e-09,4.905357809962735e-09,4.905120637693338e-09,3.343930371754171e-13,0.00015738164256567133,1.072905833319913e-08,3.3881317890172014e-21,6.776263578034403e-21,1.4806792287330413e-16,1.0005561642451017,1.7097411024257854e-16,1.0004785209492604,0.0,1.5525223365034413e-20
linear_chain,0.1,0.0,0.1,8.658490566037736,0.00023321648992478578,0.001174927578144409,0.0,0.00015500915077566139,0.0011619911506271753,0.0,1.038360615590927e-08,1.377303954464769e-08,0.0,2.7627433291508276e-09,4.7305565015493485e-09,4.73033181095643e-09,3.1688603778917683e-13,0.00015500178819623036,1.038360615590927e-08,2.541098841762901e-21,6.776263578034403e-21,1.146929199254532e-16,1.0005475066848637,1.0813352190277261e-16,1.0004710487479063,6.776263578034403e-21,1.508665773325378e-20
linear_chain,0.1,0.0,0.1,8.70817610062893,0.00022965135498571228,0.0011543413388612534,0.0,0.00015267793622485975,0.0011417197186936253,0.0,1.0050582237121236e-08,1.3251063183984295e-08,0.0,2.6637983672501206e-09,4.562996770425738e-09,4.5627838480641465e-09,3.0037591169257114e-13,0.00015267081183964113,1.0050582237121235e-08,2.541098841762901e-21,9.740878893424454e-21,6.621798823421814e-17,1.0005390462590003,7.646194659323188e-17,1.0004637486861014,6.776263578034403e-21,1.4735805227829274e-20
linear_chain,0.1,0.0,0.1,8.757861635220126,0.00022615951137296502,0.001134238405030281,0.0,0.00015039426023736777,0.0011219268617092856,0.0,9.729469429428561e-09,1.2749148744311198e-08,0.0,2.5689797161969697e-09,4.402335146848524e-09,4.402133323754468e-09,2.8480066434556156e-13,0.00015038736547949114,9.729469429428561e-09,3.3881317890172014e-21,6.776263578034403e-21,6.621798835755875e-17,1.0005307773692655,1.0813352180206541e-16,1.0004566158891235,6.776263578034403e-21,1.4472665848760896e-20
linear_chain,0.1,0.0,0.1,8.807547169811322,0.00022273895850826434,0.0011146050407152077,0.0,0.0001481568193799345,0.001102598957087481,0.0,9.41977513215011e-09,1.2266430223615405e-08,0.0,2.4780911890591294e-09,4.24824645155255e-09,4.24805510016785e-09,2.7010249306822935e-13,0.0001481501460353288,9.41977513215011e-09,3.3881317890172014e-21,6.776263578034403e-21,1.146929198008344e-16,1.0005226946064785,1.8729275379160586e-16,1.0004496456462342,-6.776263578034403e-21,1.4077956780158324e-20
linear_chain,0.1,0.0,0.1,8.857232704402517,0.00021938776200719257,0.0010954279695609876,0.0,0.0001459643534346992,0.0010837228379783957,0.0,9.12102941882756e-09,1.180208319936353e-08,0.0,2.39094704140601e-09,4.1004227190395985e-09,4.1002412504807874e-09,2.562274649249957e-13,0.00014595789362734017,9.12102941882756e-09,1.6940658945086007e-21,8.470329472543003e-22,1.146929198008344e-16,1.0005147927431408,1.7097411019480895e-16,1.0004428334042723,0.0,1.3770960837911882e-20
linear_chain,0.1,0.0,0.1,8.906918238993711,0.0002161040511206513,0.0010766943570465763,0.0,0.00014381564373212752,0.0010652857757053275,0.0,8.832784849102031e-09,1.1355331392474295e-08,0.0,2.307371357702451e-09,3.9585721900329776e-09,3.958400051478112e-09,2.431252647961337e-13,0.000143809389907291,8.832784849102031e-09,1.6940658945086007e-21,1.3552527156068805e-20,6.621798826505329e-17,1.0005070667263893,1.7097411013111612e-16,1.0004361747615316,0.0,1.3902530527446072e-20
linear_chain,0.1,0.0,0.1,8.956603773584906,0.00021288601630206318,0.001058391793582903,0.0,0.00014170951156261059,0.0010472754629861386,0.0,8.554615601376838e-09,1.0925432059023159e-08,0.0,2.2271974772458073e-09,3.822418368530896e-09,3.822255040809652e-09,2.3074894161904213e-13,0.00014170345647146915,8.554615601376838e-09,1.6940658945086007e-21,5.082197683525802e-21,1.146929201390854e-16,1.0004995116712534,1.3243597640676596e-16,1.000429665461909,-6.776263578034403e-21,1.3288538642953185e-20
linear_chain,0.1,0.0,0.1,9.0062893081761,0.00020973190686962538,0.0010405082782824174,0.0,0.00013964481665075128,0.0010296799978531538,0.0,8.286113881135682e-09,1.0511682457099121e-08,0.0,2.1502674565847426e-09,3.6916991386456753e-09,3.6915441340575453e-09,2.1905460017333192e-13,0.00013963895333782232,8.28611388113568e-09,2.541098841762901e-21,6.776263578034403e-21,1.622002828289821e-16,1.000492122854213,1.3243597626286859e-16,1.0004233013893125,1.3552527156068805e-20,1.3156968953418994e-20
linear_chain,0.1,0.0,0.1,9.055974842767297,0.00020664002877993087,0.0010230322035180478,0.0,0.00013762045570341888,0.0010124878683254236,0.0,8.026892288097826e-09,1.0113398823642957e-08,0.0,2.0764315660967615e-09,3.566165937498627e-09,3.5660187976909465e-09,2.080012721617063e-13,0.00013761477749109225,8.026892288097826e-09,2.541098841762901e-21,6.3527471044072525e-21,6.621798823421814e-17,1.000484895707032,1.5292389313305572e-16,1.0004170785623065,-6.776263578034403e-21,1.306925582706287e-20
linear_chain,0.1,0.0,0.1,9.105660377358491,0.00020360874248798557,0.0010059523400181697,0.0,0.00013563536101127456,0.0009956879376660855,0.0,7.776580596931937e-09,9.729939463572166e-09,0.0,2.0055478183127213e-09,3.4455829798827e-09,3.445443273957775e-09,1.9755065011584577e-13,0.00013562986148806666,7.776580596931937e-09,1.6940658945086007e-21,6.776263578034403e-21,1.480679228595142e-16,1.0004778258108662,1.0813352177688863e-16,1.0004109931290022,0.0,1.2806116447994489e-20
linear_chain,0.1,0.0,0.1,9.155345911949686,0.00020063646090571731,0.0009892578227983769,0.0,0.00013368849912014961,0.0009792694303577536,0.0,7.534825581319608e-09,9.360701088441945e-09,0.0,1.93748152568678e-09,3.329726531666957e-09,3.3295938544183e-09,1.8766691835663958e-13,0.00013368317212945785,7.534825581319608e-09,3.3881317890172014e-21,6.776263578034403e-21,9.364637685946336e-17,1.000470908890621,1.324359763245389e-16,1.0004050413621524,6.776263578034403e-21,1.2192124563501603e-20
linear_chain,0.1,0.0,0.1,9.20503144654088,0.00019772164744566274,0.0009729381374589263,0.0,0.00013177886955123365,0.0009632219186130464,0.0,7.3012902371279036e-09,9.005080271222363e-09,0.0,1.8721048862148524e-09,3.218384228179725e-09,3.218258198361522e-09,1.783165800750722e-13,0.00013177370917702254,7.3012902371279036e-09,4.235164736271502e-22,1.6940658945086007e-21,9.364637696848209e-17,1.0004641408095516,1.7097411019480895e-16,1.0003992196544713,0.0,1.214826800032354e-20
linear_chain,0.1,0.0,0.1,9.254716981132075,0.00019486281414648598,0.0009569831072634809,0.0,0.00012990550357909925,0.0009475353094784085,0.0,7.0756521573855035e-09,8.66253978757213e-09,0.0,1.8092965944801984e-09,3.111354434835398e-09,3.111234693715046e-09,1.6946827588277834e-13,0.00012990050413886692,7.075652157385503e-09,3.3881317890172014e-21,6.776263578034403e-21,1.1469291985424245e-16,1.0004575175640962,1.3243597628342534e-16,1.0003935245141495,-6.776263578034403e-21,1.1928985184433221e-20
linear_chain,0.1,0.0,0.1,9.304402515723272,0.0001920585198800673,0.0009413828806554331,0.0,0.0001280674630628311,0.0009321998324979231,0.0,6.857604232801771e-09,8.332525673185814e-09,0.0,1.7489414768535275e-09,3.0084456471174895e-09,3.0083318569417314e-09,1.6109267030381735e-13,0.00012806261909327336,6.857604232801771e-09,1.6940658945086007e-21,6.776263578034403e-21,6.621798841922906e-17,1.0004510352789266,1.0813352185241902e-16,1.0003879525605555,-6.776263578034403e-21,1.1665845805364841e-20
linear_chain,0.1,0.0,0.1,9.354088050314466,0.00018930736862925304,0.0009261279193187097,0.0,0.00012626383931998417,0.0009172060278746153,0.0,6.646851558954137e-09,8.014548248699393e-09,0.0,1.690930149027044e-09,2.909475927112594e-09,2.909367769868404e-09,1.5316225695353982e-13,0.0001262591455712666,6.646851558954137e-09,2.964615315390051e-21,1.3552527156068805e-20,1.480679228319344e-16,1.0004446902022088,1.8729275374799837e-16,1.0003825005201272,1.3552527156068805e-20,1.1578132679008714e-20
linear_chain,0.1,0.0,0.1,9.403773584905661,0.00018660800784578644,0.0009112089867674559,0.0,0.00012449375205715214,0.0009025447351399077,0.0,6.443114805667368e-09,7.70810671910263e-09,0.0,1.6351586944567335e-09,2.814272374546102e-09,2.814169550616665e-09,1.4565132550020955e-13,0.00012448920347937672,6.443114805667368e-09,2.541098841762901e-21,8.470329472543003e-22,9.364637731734202e-17,1.0004384787010592,7.646194666444263e-17,1.0003771652224283,6.776263578034403e-21,1.1314993299940336e-20
linear_chain,0.1,0.0,0.1,9.453459119496856,0.00018395912686632035,0.0008966171373692389,0.0,0.00012275634833458157,0.000888207082277634,0.0,6.246124445518912e-09,7.412740839477574e-09,0.0,1.5815283623004755e-09,2.7226706295786046e-09,2.7225728566486864e-09,1.3853572387275474e-13,0.0001227519400717119,6.246124445518911e-09,2.964615315390051e-21,6.776263578034403e-21,6.62179883883939e-17,1.0004323972571978,1.3243597626286859e-16,1.0003719435963754,0.0,1.1139567047228081e-20
linear_chain,0.1,0.0,0.1,9.50314465408805,0.0001813594554018933,0.0008823437058428653,0.0,0.00012105080158156705,0.0008741844753197677,0.0,6.055624243452336e-09,7.1280137199176195e-09,0.0,1.5299452836054348e-09,2.6345144057055544e-09,2.6344214176626314e-09,1.3179284314086119e-13,0.00012104652896225286,6.055624243452336e-09,2.964615315390051e-21,6.776263578034403e-21,9.364637685946336e-17,1.0004264424627756,1.08133521978303e-16,1.0003668326666202,0.0,1.096414079451583e-20
linear_chain,0.1,0.0,0.1,9.552830188679247,0.00017880776208498324,0.0008683802971873175,0.0,0.00011937631064777534,0.0008604685883445274,0.0,5.871368242606841e-09,6.853490152404874e-09,0.0,1.4803202045257576e-09,2.5496550505097e-09,2.5495665964382315e-09,1.2540146040644763e-13,0.000119372169177457,5.871368242606841e-09,9.967526381263983e-23,8.470329472543003e-22,9.364637705569706e-17,1.000420611016376,1.081335218272422e-16,1.000361829550082,0.0,1.056943172591326e-20
linear_chain,0.1,0.0,0.1,9.602515723270441,0.00017630285307920898,0.000854718777015676,0.0,0.00011773209889579402,0.0008470513539266561,0.0,5.693121740580685e-09,6.588778071856291e-09,0.0,1.432568235529856e-09,2.4679511326161624e-09,2.4678669758491393e-09,1.193416780942971e-13,0.00011772808424871008,5.693121740580686e-09,1.162188760637004e-22,3.3881317890172014e-21,1.3243597634509565e-16,1.0004148997191833,7.646194660213323e-17,1.000356931452622,3.3881317890172014e-21,1.056943172591326e-20
linear_chain,0.1,0.0,0.1,9.652201257861636,0.00017384357074175523,0.0008413512623235463,0.0,0.00011611741332886176,0.0008339249538984007,0.0,5.520660194114118e-09,6.333481003854973e-09,0.0,1.3866086153397088e-09,2.38926805306778e-09,2.38918797031616e-09,1.1359482316646891e-13,0.00011611352134112164,5.520660194114118e-09,8.470329472543003e-22,8.470329472543003e-22,1.1469291996105856e-16,1.0004093054713044,1.8729275373346255e-16,1.000352135665855,0.0,1.0174722657310689e-20
linear_chain,0.1,0.0,0.1,9.70188679245283,0.00017142879234366773,0.0008282701125241736,0.0,0.00011453152375399615,0.0008210818105730551,0.0,5.353768607077771e-09,6.087232816009659e-09,0.0,1.3423644890924121e-09,2.313477679593912e-09,2.313401460106362e-09,1.0814336322625635e-13,0.00011452775041564677,5.353768607077772e-09,2.0762233375080995e-22,3.3881317890172014e-21,1.3243597640676596e-16,1.0004038252682415,1.8729275373346255e-16,1.0003474395640908,-3.3881317890172014e-21,1.0262435783666816e-20
linear_chain,0.1,0.0,0.1,9.751572327044025,0.00016905742883926295,0.0008154679209599186,0.0,0.00011297372198217796,0.000808514578281307,0.0,5.192241016920584e-09,5.849673894442087e-09,0.0,1.2997626992604152e-09,2.2404580023749176e-09,2.240385447204724e-09,1.0297083014096104e-13,0.00011297006343217741,5.192241016920584e-09,1.2705494208814505e-21,3.3881317890172014e-21,1.3243597629884291e-16,1.0003984561975077,1.7097411014703933e-16,1.000342840601403,3.3881317890172014e-21,9.867726715064247e-21
linear_chain,0.1,0.0,0.1,9.801257861635222,0.00016672842368521768,0.0008029375067145135,0.0,0.00011144332105370235,0.0007962161352154607,0.0,5.03587960235689e-09,5.620472435368002e-09,0.0,1.2587335889962502e-09,2.170092809730617e-09,2.170023731009424e-09,9.806174127274634e-14,0.00011143977357312024,5.03587960235689e-09,4.235164736271502e-22,3.3881317890172014e-21,9.364637685946336e-17,1.000393195435381,1.0813352180206541e-16,1.000338336308808,-3.3881317890172014e-21,9.64844389917393e-21
linear_chain,0.1,0.0,0.1,9.850943396226416,0.00016444075170852845,0.0007906719067291181,0.0,0.00010993965450166293,0.0007841795756640843,0.0,4.88449601309179e-09,5.399304416367817e-09,0.0,1.2192108168270945e-09,2.102271382757566e-09,2.1022056030177126e-09,9.340156865201879e-14,0.00010993621450722073,4.88449601309179e-09,8.470329472543003e-22,3.3881317890172014e-21,9.364637696848209e-17,1.0003880402437813,1.5292389306629565e-16,1.0003339242915665,0.0,9.516874209639741e-21
linear_chain,0.1,0.0,0.1,9.90062893081761,0.0001621934180170838,0.000778664368255301,0.0,0.00010846207563990349,0.0007723982025078565,0.0,4.737909884289394e-09,5.185854053189339e-09,0.0,1.1811311821099437e-09,2.036888207483856e-09,2.036825559029475e-09,8.897665579875542e-14,0.00010845873967803144,4.737909884289394e-09,4.235164736271502e-22,3.8116482626443515e-21,9.364637696848209e-17,1.0003829879672805,1.0813352190277261e-16,1.000329602226589,0.0,9.38530452010555e-21
linear_chain,0.1,0.0,0.1,9.950314465408805,0.0001599854569531292,0.0007669083415794426,0.0,0.00010700995688097108,0.0007608655200115091,0.0,4.595946446922622e-09,4.979828417530382e-09,0.0,1.1444344604870977e-09,1.973842703577512e-09,1.973783027929834e-09,8.477412406007956e-14,0.00010700672162394009,4.595946446922622e-09,1.6940658945086007e-21,6.776263578034403e-21,9.364637705569706e-17,1.000378036030225,1.0813352177688863e-16,1.0003253678599406,-3.3881317890172014e-21,8.99059545150298e-21
linear_chain,0.1,0.0,0.1,10.0,0.00015781593108832317,0.0007553974730733111,0.0,0.00010558268908000441,0.0007495752269333723,0.0,4.458440130975929e-09,4.780947545538261e-09,0.0,1.1090632488104484e-09,1.9130389685247515e-09,1.9129821158588357e-09,8.078189505979189e-14,0.00010557955131990253,4.458440130975929e-09,1.6940658945086007e-21,3.3881317890172014e-21,9.364637696848209e-17,1.0003731819339752,1.7097411013111612e-16,1.0003212190044533,0.0,9.209878267393296e-21
linear_chain,0.1,0.0,0.4,2.1,0.05056869408088382,0.3090506909228746,0.0,0.03314522652223766,0.30618858218715655,0.0,0.0005241581304525785,0.0007718866298751407,0.0,0.0025149266859344935,0.00414761329969305,0.004101215226056493,6.559029643525845e-05,0.03277444107293048,0.0005241581304525784,3.469446951953614e-18,1.734723475976807e-18,9.364637965034283e-17,1.1507671908812687,1.709741103699642e-16,1.1299745410139028,2.7755575615628914e-17,6.258366650760178e-17
linear_chain,0.1,0.0,0.4,2.149685534591195,0.04723739216801809,0.2906681231489402,0.0,0.030952113475868067,0.28798322104577057,0.0,0.0004568148011867349,0.0006787196905655043,0.0,0.002134988259814085,0.003517376165472569,0.003480633249807945,5.1912109167668016e-05,0.030628784141277867,0.0004568148011867349,9.62964972193618e-34,2.7755575615628914e-17,1.6220028508230546e-16,1.139895734785598,1.0813352217971738e-16,1.1206673883401739,-2.7755575615628914e-17,5.686336725916062e-17
linear_chain,0.1,0.0,0.4,2.1993710691823902,0.04419379922081199,0.2736172030590374,0.0,0.028949729350426386,0.2710952518846234,0.0,0.000399406926993098,0.0005983877081656495,0.0,0.001819539436917311,0.0029949238864116568,0.002965662770863111,4.131967285670972e-05,0.02866688363956697,0.000399406926993098,1.0408340855860843e-17,2.7755575615628914e-17,1.3243597918192974e-16,1.1300738238430077,2.2938584013574933e-16,1.112250013767776,0.0,5.1788636620700566e-17
linear_chain,0.1,0.0,0.4,2.249056603773585,0.04140764443276213,0.2577901317085375,0.0,0.02711780579551029,0.2554182084957078,0.0,0.0003502896168678563,0.000528915868293229,0.0,0.0015564825215540054,0.002559849718472318,0.0025364216696072074,3.306642078214959e-05,0.02686962041388135,0.00035028961686785627,1.3877787807814457e-17,2.7755575615628914e-17,1.1469292206177528e-16,1.1211742239259206,2.1626704456084915e-16,1.1046158727684006,5.551115123125783e-17,4.7272463170876307e-17
linear_chain,0.1,0.0,0.4,2.29874213836478,0.038852374328613215,0.24308801390557377,0.0,0.025438598586376975,0.2408543958651162,0.0,0.00030811856232406196,0.00046866358899676637,0.0,0.0013361966475743435,0.002195970661441615,0.0021771167178736765,2.6598136717781178e-05,0.025220190430650463,0.00030811856232406196,6.938893903907228e-18,2.7755575615628914e-17,9.36463782549031e-17,1.1130882870065442,1.7097411062473548e-16,1.0976737604558706,0.0,4.3247483228646373e-17
linear_chain,0.1,0.0,0.4,2.348427672955975,0.036504635156885644,0.22942023002244696,0.0,0.02389652930772604,0.22731427432374873,0.0,0.00027179016219287187,0.0004162629783547065,0.0,0.0011509898115584648,0.0018903811644402672,0.0018751339818562408,2.150048639588246e-05,0.023703787890104418,0.0002717901621928719,1.734723475976807e-18,3.469446951953614e-18,1.324359821421044e-16,1.105722776387869,1.3243597753738826e-16,1.0913452333531917,0.0,3.964071947288244e-17
linear_chain,0.1,0.0,0.4,2.39811320754717,0.03434383528949202,0.21670381615561676,0.0,0.022477883895348473,0.21471585138805252,0.0,0.0002403945225213032,0.0003705695175562418,0.0,0.00099468085470086,0.001632734482497835,0.0016203463551881824,1.746162708872063e-05,0.02230733633214569,0.0002403945225213032,6.938893903907228e-18,1.6479873021779667e-17,1.1469292661926225e-16,1.098997311438728,1.5292389446825703e-16,1.0855625256594468,2.7755575615628914e-17,3.641006960293359e-17
linear_chain,0.1,0.0,0.4,2.4477987421383647,0.03235177412266369,0.20486286404652196,0.0,0.021170558092909703,0.20298409255228078,0.0,0.0002131783661732507,0.00033062236712971506,0.0,0.0008622785805315253,0.001414693267716686,0.001404582970156855,1.4245349514387342e-05,0.021019259824435952,0.00021317836617325067,4.336808689942018e-18,1.3877787807814457e-17,9.364638383666187e-17,1.0928422963054083,1.3243597753738826e-16,1.0802668537473312,1.3877787807814457e-17,3.350641426804038e-17
linear_chain,0.1,0.0,0.4,2.4974842767295597,0.030512326430773604,0.19382794836205625,0.0,0.019963841777305008,0.19205035856350716,0.0,0.0001895156136431971,0.00029561228386043565,0.0,0.0007497339681182948,0.0012295068780825793,0.0012212201395989768,1.1671638809682376e-05,0.019829287722435026,0.0001895156136431971,2.6020852139652106e-18,1.214306433183765e-17,1.1469292320114703e-16,1.0871972298049755,1.0813352499951865e-16,1.0754070278298913,0.0,3.088484434750846e-17
linear_chain,0.1,0.0,0.4,2.547169811320755,0.028811173105316373,0.18353558604582046,0.0,0.01884823561083671,0.18185187387860688,0.0,0.00016888393484630314,0.0002648555845866575,0.0,0.0006537477416203692,0.0010716842184756525,0.001064864144555514,9.602503463231e-06,0.018728287628106372,0.00016888393484630311,6.938893903907228e-18,1.3877787807814457e-17,1.3243597720847995e-16,1.0820093178204109,1.0813352258254613e-16,1.0709383084242121,1.3877787807814457e-17,2.852290528099068e-17
linear_chain,0.1,0.0,0.4,2.59685534591195,0.027235570813038363,0.17392773029953265,0.0,0.01781529467880909,0.17233122888568625,0.0,0.00015084597288088613,0.00023777293529131366,0.0,0.0005716201175430449,0.0009367390715204176,0.0009311038718809151,7.93157335461381e-06,0.01770812209980189,0.00015084597288088613,4.336808689942018e-18,2.7755575615628914e-17,6.621799797812593e-17,1.0772323274621896,1.0813352298537489e-16,1.066821459229156,0.0,2.6381301587879495e-17
linear_chain,0.1,0.0,0.4,2.646540880503145,0.02577415440648439,0.16495130017774517,0.0,0.016857494733306135,0.16343591691761,0.0,0.00013503424169433108,0.00021387200701384915,0.0,0.000501132875500379,0.0008209907738084384,0.0008163168931087442,6.576414131112235e-06,0.01676152542184396,0.00013503424169433108,6.938893903907228e-18,1.734723475976807e-18,1.146929209224035e-16,1.0728256357392332,1.0813352298537489e-16,1.0630219585997271,1.3877787807814457e-17,2.4438982117849425e-17
linear_chain,0.1,0.0,0.4,2.6962264150943396,0.02441676697771402,0.15655774565026176,0.0,0.015968117438725997,0.15511790596857983,0.0,0.00012113892669488556,0.00019273324300720258,0.0,0.0004404563384316915,0.0007214073966591811,0.0007175166649513345,5.472812814433881e-06,0.0158819973613312,0.00012113892669488555,4.336808689942018e-18,1.3877787807814457e-17,1.1469292320114703e-16,1.068753435694862,1.7097411113427802e-16,1.0595093398474034,0.0,2.267489572057501e-17
linear_chain,0.1,0.0,0.4,2.7459119496855346,0.02315431330919715,0.14870264720004114,0.0,0.015141151641256788,0.1473332442436608,0.0,0.00010889798971402354,0.00017399813905856604,0.0,0.00038807565104363257,0.0006354817531618105,0.0006322315450836644,4.5705034239733916e-06,0.015063711347917138,0.00010889798971402356,3.469446951953614e-18,6.938893903907228e-18,1.6220029233322287e-16,1.0649840707653644,2.4179390624032927e-16,1.0562566367726967,-2.0816681711721685e-17,2.106588613069822e-17
linear_chain,0.1,0.0,0.4,2.7955974842767297,0.02197863318283648,0.14134534849833044,0.0,0.01437120819337493,0.14004169814625364,0.0,9.80891112537075e-05,0.00015735956116226963,0.0,0.00034273208559199557,0.000561132892978856,0.0005584085519075661,3.829951248837341e-06,0.014301434930721542,9.808911125370747e-05,1.734723475976807e-18,6.938893903907228e-18,6.621799205777706e-17,1.0614894741254146,7.646194937045057e-17,1.0532399156131549,-6.938893903907228e-18,1.9600024363034634e-17
linear_chain,0.1,0.0,0.4,2.845283018867925,0.02088239158877063,0.13444862036726385,0.0,0.013653446279313808,0.1332064209754909,0.0,8.852310385893466e-05,0.00014255372108775671,0.0,0.0003033761066183781,0.0004966274885013427,0.0004943364651581158,3.2199201464918143e-06,0.013590460711930501,8.852310385893464e-05,2.6020852139652106e-18,6.938893903907228e-18,2.0939966700056185e-16,1.0582446944426127,1.8729275441664658e-16,1.0504378783100379,2.0816681711721685e-17,1.8261171202334715e-17
linear_chain,0.1,0.0,0.4,2.89496855345912,0.019858983353999823,0.1279783540528168,0.0,0.012983509527014015,0.1267936504152809,0.0,8.003850824965972e-05,0.00012935350546965105,0.0,0.00026912968039045183,0.000440516821034232,0.00043858411671108074,2.7156223932444754e-06,0.012926546242539153,8.00385082496597e-05,3.469446951953614e-18,6.938893903907228e-18,2.387523547758527e-16,1.055227493100551,7.646194937045057e-17,1.0478315249132049,0.0,1.7037397663414036e-17
linear_chain,0.1,0.0,0.4,2.9446540880503145,0.018902450106187664,0.12190328174882843,0.0,0.012357470470909735,0.12077243281051339,0.0,7.249714413748162e-05,0.00011756291373077049,0.0,0.00023925588523636778,0.00039158605911740257,0.00038995066672208674,2.2973043744585044e-06,0.012305861602915264,7.249714413748162e-05,3.469446951953614e-18,3.903127820947816e-18,1.6220028427664795e-16,1.0524180008082589,2.4179390786168377e-16,1.0454038652441184,6.938893903907228e-18,1.5908354300957974e-17
linear_chain,0.1,0.0,0.4,2.9943396226415095,0.018007407815530542,0.1161947223056239,0.0,0.011771782159755537,0.11511437221409568,0.0,6.578043453767163e-05,0.0001070124071482196,0.0,0.00021313431274399663,0.0003488132662901207,0.00034742537829859834,1.9491601116703988e-06,0.011724943588298354,6.578043453767162e-05,3.0357660829594124e-18,1.3877787807814457e-17,6.621799995157544e-17,1.049798423774104,1.0813352217971738e-16,1.0431396717622847,0.0,1.4881759870085867e-17
linear_chain,0.1,0.0,0.4,3.0440251572327046,0.017168983429791077,0.11082635010184931,0.0,0.011223235893739992,0.10979340222900412,0.0,5.9786359103219904e-05,9.755500922496001e-05,0.0,0.00019024108134263777,0.0003113361433252684,0.00031015495195172463,1.6584926702857785e-06,0.011180655583984301,5.9786359103219904e-05,1.0842021724855044e-19,3.903127820947816e-18,1.3243597918192974e-16,1.0473527914199217,1.081335254023474e-16,1.0410252670370197,0.0,1.3930949580385456e-17
linear_chain,0.1,0.0,0.4,3.0937106918238992,0.01638275934440522,0.10577398513761284,0.0,0.010708924232801337,0.10478557874492692,0.0,5.442692078000147e-05,8.906302704705604e-05,0.0,0.00017013253843471094,0.00027842494469518177,0.00027741690146440925,1.4150639297348802e-06,0.010670152352668438,5.442692078000147e-05,2.6020852139652106e-18,6.938893903907228e-18,6.621799205777706e-17,1.045066739048798,1.8729275464921986e-16,1.0390483403949256,6.938893903907228e-18,1.3058730251900131e-17
linear_chain,0.1,0.0,0.4,3.1433962264150948,0.015644724639057046,0.10101540251002092,0.0,0.010226208549248012,0.10006889176718597,0.0,4.962603280899125e-05,8.142528764674402e-05,0.0,0.00015243192375691405,0.0002494603435802226,0.0002485977768393508,1.2105881799139239e-06,0.010190849071852904,4.962603280899125e-05,3.0357660829594124e-18,6.938893903907228e-18,1.1469293117674907e-16,1.0429273200357174,1.8729275488179317e-16,1.0371977892556195,0.0,1.2252471194434617e-17
linear_chain,0.1,0.0,0.4,3.1930817610062894,0.014951232170867865,0.09653015954666369,0.0,0.009772690507289196,0.09562309464668421,0.0,4.5317751080478885e-05,7.454480274431065e-05,0.0,0.00013681841899027637,0.00022391527840763217,0.00022317529090654415,1.0383360490567636e-06,0.009740394056243858,4.5317751080478885e-05,2.168404344971009e-18,6.938893903907228e-18,1.6220028508230546e-16,1.0409228430441029,1.3243597786629656e-16,1.0354635814315631,-6.938893903907228e-18,1.1509365587945511e-17
linear_chain,0.1,0.0,0.4,3.2427672955974844,0.014298960747660294,0.09229943899414973,0.0,0.009346186943723668,0.09142954913711147,0.0,4.144479113119521e-05,6.833679033810797e-05,0.0,0.00012301812725247426,0.0002013400148335603,0.00020070360134241745,8.928234488966976e-07,0.009316644681761256,4.144479113119521e-05,1.3010426069826053e-18,6.938893903907228e-18,2.0939966824868106e-16,1.0390427305293437,1.3243597655066336e-16,1.0338366352891084,1.3877787807814457e-17,1.0822396382324327e-17
linear_chain,0.1,0.0,0.4,3.2924528301886795,0.013684881717000767,0.08830590678077298,0.0,0.00894470770097022,0.08747108482459201,0.0,3.79572804644942e-05,6.272699491327397e-05,0.0,0.00011079661885202356,0.00018134981383700934,0.00018080115232241826,7.695663152020636e-07,0.008917646096819914,3.79572804644942e-05,8.673617379884035e-19,1.3010426069826053e-18,9.364637965034283e-17,1.0372773954085932,1.8729275511436647e-16,1.032308715175757,-6.938893903907228e-18,1.0183143117440877e-17
linear_chain,0.1,0.0,0.4,3.342138364779874,0.01310622940148223,0.08453358299260011,0.0,0.008566436028365583,0.08373187159203331,0.0,3.481170602439501e-05,5.7650257830237593e-05,0.0,9.995275250141338e-05,0.0001636147194092964,0.00016314059963294,6.648864819022064e-07,0.008541612364892006,3.481170602439501e-05,4.336808689942018e-19,2.168404344971009e-18,1.622002826653329e-16,1.035618133282396,1.3243597786629656e-16,1.030872339935551,0.0,9.594412613338555e-18
linear_chain,0.1,0.0,0.4,3.3918238993710697,0.012560474890834044,0.08096772481776196,0.0,0.008209711222284465,0.08019730389332841,0.0,3.1970023961232115e-05,5.3049297758546646e-05,0.0,9.031353858173943e-05,0.0001478510759396952,0.00014744043727104225,5.757574551045789e-07,0.008186909731900187,3.197002396123212e-05,1.0842021724855044e-18,3.469446951953614e-18,1.6220028508230546e-16,1.0340570280100931,1.3243597655066336e-16,1.0295207026781485,-6.938893903907228e-18,9.045679294854627e-18
linear_chain,0.1,0.0,0.4,3.4415094339622643,0.012045302769440795,0.07759472032307158,0.0,0.007873013221859598,0.07685389571954002,0.0,2.9398904747790832e-05,4.88736682458705e-05,0.0,8.172985646563792e-05,0.00013381446170616167,0.0001334580180433461,4.996814437772714e-07,0.007852041754094347,2.9398904747790832e-05,6.505213034913027e-19,3.469446951953614e-18,1.6220028508230546e-16,1.0325868687847253,7.646194937045057e-17,1.028247600251446,-6.938893903907228e-18,8.536943161989093e-18
linear_chain,0.1,0.0,0.4,3.4911949685534593,0.011558590415599675,0.07440199203037201,0.0,0.00755494891627567,0.07368918524012172,0.0,2.706909149090853e-05,4.507886463923966e-05,0.0,7.407287397093624e-05,0.0001212937853782197,0.00012098371978756017,4.345909694516125e-07,0.0075356360579060255,2.7069091490908533e-05,4.336808689942018e-19,3.469446951953614e-18,1.7519633333577716e-16,1.031201077138037,1.0813352258254613e-16,1.0270473711037083,3.469446951953614e-18,8.063993984676859e-18
linear_chain,0.1,0.0,0.4,3.5408805031446544,0.011098389558085123,0.07137790935446686,0.0,0.007254239952923893,0.07069164819559434,0.0,2.495485315314474e-05,4.162555742096232e-05,0.0,6.723104576348151e-05,0.00011010634057990749,0.00010983605592462792,3.787698750293269e-07,0.007236432533890033,2.4954853153144738e-05,6.505213034913027e-19,3.2526065174565133e-18,1.3243597720847995e-16,1.029893642543204,1.0813352379103239e-16,1.025914840417907,-3.469446951953614e-18,7.624024942874526e-18
linear_chain,0.1,0.0,0.4,3.590566037735849,0.010662909817560172,0.06851170905424288,0.0,0.006969711864101087,0.06785061920476201,0.0,2.3033517565429172e-05,3.847893281846833e-05,0.0,6.110759051562161e-05,0.00010009365200531108,9.98575666851208e-05,3.3078969928832756e-07,0.006953272793050078,2.303351756542917e-05,8.673617379884035e-19,1.0842021724855044e-18,1.480679245143022e-16,1.0286590654806729,1.7097411062473548e-16,1.0248452715655,6.938893903907228e-18,7.212825806517004e-18
linear_chain,0.1,0.0,0.4,3.640251572327044,0.010250503996366412,0.06579342292772397,0.0,0.006700284354182365,0.06515622022907558,0.0,2.1285071680873612e-05,3.560812431685932e-05,0.0,5.56183650770322e-05,9.111797738643511e-05,9.09113575387685e-05,2.8945826439080486e-07,0.006685090736278482,2.1285071680873612e-05,1.3010426069826053e-18,1.3010426069826053e-18,9.364638104578253e-17,1.0274923069981774,7.646194766139294e-17,1.0238343230648683,-6.938893903907228e-18,6.829344018088019e-18
linear_chain,0.1,0.0,0.4,3.689937106918239,0.009859654910966017,0.06321381205736092,0.0,0.0064449626099340115,0.06259929550930997,0.0,1.969181863209666e-05,3.2985721997296717e-05,0.0,5.069006876519833e-05,8.305935438276664e-05,8.287817564610966e-05,2.5377800325535634e-07,0.00643090410692557,1.969181863209666e-05,5.421010862427522e-20,3.469446951953614e-18,6.621799205777706e-17,1.026388743935142,7.646194766139294e-17,1.0228780103457773,-3.469446951953614e-18,6.4732287250821456e-18
linear_chain,0.1,0.0,0.4,3.7396226415094342,0.009488963587856575,0.06076430697836998,0.0,0.006202829514451992,0.060171352356308855,0.0,1.8238082903881074e-05,3.0587347852090716e-05,0.0,4.625872287974441e-05,7.581310144234851e-05,7.565393475926582e-05,2.2291208005707308e-07,0.006189806913070968,1.8238082903881074e-05,1.734723475976807e-18,2.168404344971009e-19,2.093996657524426e-16,1.0253441290989946,1.0813352379103239e-16,1.0219726717192497,-3.469446951953614e-18,6.1395679924234404e-18
linear_chain,0.1,0.0,0.4,3.7893081761006293,0.009137138666472465,0.058436953204286574,0.0,0.005973038660481498,0.05786450723742273,0.0,1.6909956321817746e-05,2.839128775538602e-05,0.0,4.226838026101832e-05,6.928769785114475e-05,6.914761487763403e-05,1.9615676557628611e-07,0.005960962620399283,1.6909956321817746e-05,1.0842021724855044e-18,3.469446951953614e-18,1.480679245143022e-16,1.0243545557800195,1.3243597655066336e-16,1.0211149380351936,0.0,5.824853295057657e-18
linear_chain,0.1,0.0,0.4,3.838993710691824,0.008802986872304968,0.05622436159992476,0.0,0.005754808072069118,0.05567143665517598,0.0,1.5695078783321597e-05,2.6378171994141145e-05,0.0,3.8670027609973885e-05,6.340298130986593e-05,6.327947586040627e-05,1.7291884877717962e-07,0.005743598028900623,1.5695078783321597e-05,8.673617379884035e-19,1.734723475976807e-18,1.7519633333577716e-16,1.0234164260754453,1.872927539515e-16,1.0203017055805872,-1.734723475976807e-18,5.530838895511921e-18
linear_chain,0.1,0.0,0.4,3.888679245283019,0.008485404440398601,0.05411966314120508,0.0,0.005547414554851833,0.05358533236392542,0.0,1.4582448594951249e-05,2.4530697247558322e-05,0.0,3.542064972004571e-05,5.808861205915105e-05,5.797953470333637e-05,1.5269711519283782e-07,0.005536997757310949,1.458244859495125e-05,4.336808689942018e-19,2.168404344971009e-19,1.6220028427664795e-16,1.02252642256485,1.709741113890493e-16,1.0195301118309323,1.734723475976807e-18,5.259279056313353e-18
linear_chain,0.1,0.0,0.4,3.938364779874214,0.008183369384076896,0.052116467647327795,0.0,0.005350188605114599,0.05159986051490846,0.0,1.356225810435459e-05,2.28333845073632e-05,0.0,3.2482430029551416e-05,5.32827612946058e-05,5.318626476904025e-05,1.350671190356438e-07,0.005340499268470437,1.3562258104354589e-05,4.336808689942018e-19,3.2526065174565133e-19,9.36463782549031e-17,1.0216814829398866,1.6166501003632206e-20,1.0187975137188778,8.673617379884035e-18,4.999648202299218e-18
linear_chain,0.1,0.0,0.4,3.9880503144654087,0.007895934516515634,0.05020882611135483,0.0,0.005162509816270102,0.049709124360519795,0.0,1.2625750988408572e-05,2.127236769897488e-05,0.0,2.982206621173003e-05,4.893098875255125e-05,4.8845482289832485e-05,1.1966863049040835e-07,0.005153488376802109,1.262575098840857e-05,8.673617379884035e-19,1.734723475976807e-18,1.4806792539685577e-16,1.0208787772433134,1.709741113890493e-16,1.0181014681276455,-3.469446951953614e-18,4.758261678567157e-18
linear_chain,0.1,0.0,0.4,4.037735849056604,0.007622221143813782,0.04839119629212669,0.0,0.004983802728790337,0.04790763018457167,0.0,1.1765098116489883e-05,1.9835209001332963e-05,0.0,2.7410183058908374e-05,4.4985280207778655e-05,4.490939123642929e-05,1.0619526177970668e-07,0.004975395186128623,1.1765098116489883e-05,8.673617379884035e-19,9.75781955236954e-19,1.146929243405188e-16,1.0201156874168826,1.709741103699642e-16,1.0174397143544407,-1.734723475976807e-18,4.533014370084624e-18
linear_chain,0.1,0.0,0.4,4.087421383647799,0.007361413357860807,0.04665841126339188,0.0,0.004813533076047842,0.04619025615851182,0.0,1.0973289383470721e-05,1.8510737018865602e-05,0.0,2.5220827833405784e-05,4.140322044827478e-05,4.133576240052682e-05,9.438587254075324e-08,0.004805690412106131,1.0973289383470721e-05,4.336808689942018e-19,1.734723475976807e-18,6.621799008432732e-17,1.0193897888959078,1.3243597786629656e-16,1.016810158321257,0.0,4.318292636764826e-18
linear_chain,0.1,0.0,0.4,4.1371069182389935,0.00711275286568129,0.04500565064619485,0.0,0.004651204384109116,0.0445522238523693,0.0,1.0244039287914036e-05,1.7288905061954053e-05,0.0,2.3231035665401576e-05,3.8147281272135e-05,3.8087226465304324e-05,8.401743200405674e-08,0.0046438820488993015,1.0244039287914036e-05,7.589415207398531e-19,1.0842021724855044e-18,3.959967838509104e-20,1.018698834021212,1.709741103699642e-16,1.0162108583383174,1.734723475976807e-18,4.1183067086728576e-18
linear_chain,0.1,0.0,0.4,4.186792452830189,0.006875534299268272,0.04342841427715218,0.0,0.004496354888407684,0.04298907215621864,0.0,9.57170437177763e-06,1.61606664978585e-05,0.0,2.1420454571562766e-05,3.518420734463867e-05,3.513066408681598e-05,7.489907705605319e-08,0.004489512344345397,9.57170437177763e-06,6.505213034913027e-19,1.734723475976807e-18,9.364637965034283e-17,1.018040737067623,1.709741103699642e-16,1.0156400122493439,-1.734723475976807e-18,3.927092093216501e-18
linear_chain,0.1,0.0,0.4,4.2364779874213845,0.006649100956331388,0.041922498089368695,0.0,0.004348554734479647,0.04149663339146161,0.0,8.951210918196855e-06,1.5117865265064332e-05,0.0,1.9771021322341744e-05,3.2484485483884914e-05,3.2436678704927504e-05,6.686715446624185e-08,0.00434215505192723,8.951210918196855e-06,2.168404344971009e-19,5.421010862427522e-19,9.364638104578253e-17,1.0174135607126662,1.0813352419386114e-16,1.015095945808627,0.0,3.751314987998824e-18
linear_chain,0.1,0.0,0.4,4.286163522012579,0.006432840927973561,0.04048397200457057,0.0,0.004207403433677964,0.040071011412658064,0.0,8.377991516932587e-06,1.4153139336834571e-05,0.0,1.8266680761553267e-05,3.0021885213069586e-05,2.9979140044210636e-05,5.978107486059358e-08,0.004201412931450876,8.377991516932587e-06,6.505213034913027e-19,2.168404344971009e-18,9.364638523210152e-17,1.0168155037904008,1.7097411240813438e-16,1.0145771021578767,1.734723475976807e-18,3.579397260340815e-18
linear_chain,0.1,0.0,0.4,4.335849056603774,0.00622618357425508,0.039109159654446085,0.0,0.0040725275480467315,0.0387085615200307,0.0,7.847929342727209e-06,1.3259835574705221e-05,0.0,1.689314232907386e-05,2.7773060308403125e-05,2.7734788133400738e-05,5.3519838076034105e-08,0.004066915473421534,7.847929342727209e-06,3.2526065174565133e-19,3.469446951953614e-18,9.364638662754114e-17,1.0162448901938088,1.3243597753738826e-16,1.014082032286447,1.734723475976807e-18,3.4194085178672405e-18
linear_chain,0.1,0.0,0.4,4.385534591194968,0.0060285963129226875,0.03779461976671431,0.0,0.003943578581410308,0.0374058720199208,0.0,7.357309107398714e-06,1.2431934646463248e-05,0.0,1.5637668495759626e-05,2.5717202650695525e-05,2.5682889233275673e-05,4.797911474889775e-08,0.003938316824918753,7.357309107398714e-06,3.2526065174565133e-19,1.734723475976807e-18,9.36463782549031e-17,1.0157001588051668,1.5292389332888526e-16,1.013609386372159,0.0,3.2702962030618253e-18
linear_chain,0.1,0.0,0.4,4.435220125786164,0.005839581690364459,0.03653712906730246,0.0,0.003820231056251813,0.03615974728624317,0.0,6.9027738468385885e-06,1.1663984395064456e-05,0.0,1.4488890622011403e-05,2.3835741010006886e-05,2.3804936368951727e-05,4.3068790144155154e-08,0.0038152938971181324,6.902773846838588e-06,5.421010862427522e-19,3.469446951953614e-18,6.621799995157544e-17,1.015179854347858,1.0813352258254613e-16,1.0131579059118079,0.0,3.128902643375749e-18
linear_chain,0.1,0.0,0.4,4.484905660377359,0.00565867470723945,0.035333666564101654,0.0,0.0037021807581788715,0.034967192189809544,0.0,6.481286777239751e-06,1.0951041024718654e-05,0.0,1.3436648424986192e-05,2.211207850098088e-05,2.2084388259446272e-05,3.871089267834461e-08,0.003697544636821297,6.481286777239751e-06,7.589415207398531e-19,1.734723475976807e-18,9.364637965034283e-17,1.0146826190652565,1.709741103699642e-16,1.0127264165608139,-1.734723475976807e-18,2.9941752812927385e-18
linear_chain,0.1,0.0,0.4,4.534591194968554,0.005485440374154655,0.034181399090619964,0.0,0.003589143131736301,0.033825397775218986,0.0,6.0900975814940006e-06,1.0288616826915832e-05,0.0,1.2471849805375381e-05,2.053136337783891e-05,2.050644135861319e-05,3.4837843424667846e-08,0.00358478644618713,6.0900975814940006e-06,7.589415207398531e-19,3.469446951953614e-18,6.621799403122674e-17,1.014207185143026,1.0813352258254613e-16,1.012313821610533,-1.734723475976807e-18,2.8706751993833122e-18
linear_chain,0.1,0.0,0.4,4.584276729559749,0.005319471475379568,0.033077667999284514,0.0,0.0034808518130424017,0.03273172807612202,0.0,5.726712570283273e-06,9.672633775526446e-06,0.0,1.1586348261763583e-05,1.9080288622252624e-05,1.90578304981192e-05,3.139097398179185e-08,0.003476754736543455,5.7267125702832735e-06,4.336808689942018e-19,2.168404344971009e-19,1.6220028991625043e-16,1.0137523678005038,1.7097411240813438e-16,1.0119190960397486,8.673617379884035e-19,2.748578527495584e-18
linear_chain,0.1,0.0,0.4,4.633962264150943,0.0051603865209260144,0.03201997690453566,0.0,0.0033770572862724555,0.031683707970134346,0.0,5.388868238391089e-06,9.09938228949561e-06,0.0,1.0772835523361362e-05,1.7746916439233707e-05,1.7726654278522128e-05,2.831926918075131e-08,0.0033732016036415627,5.388868238391089e-06,3.2526065174565133e-19,8.673617379884035e-19,1.4806792274919503e-16,1.01331705898508,1.709741113890493e-16,1.0115412810837923,0.0,2.6352531682434683e-18
linear_chain,0.1,0.0,0.4,4.683647798742139,0.0050078278693267385,0.03100598038521433,0.0,0.003277525652354815,0.03067901198380236,0.0,5.074507789152099e-06,8.565484554195506e-06,0.0,1.0024747372274608e-05,1.6520524335632734e-05,1.6502221908716448e-05,2.5578298483129476e-08,0.003273894613018546,5.074507789152099e-06,3.2526065174565133e-19,8.673617379884035e-19,1.480679245143022e-16,1.0129002216106786,1.529238930440423e-16,1.0111794792709359,3.469446951953614e-18,2.5271905965727202e-18
linear_chain,0.1,0.0,0.4,4.733333333333333,0.004861460005299587,0.0300334735639392,0.0,0.0031820374994507876,0.02971545396623776,0.0,4.781760283484536e-06,8.067861693702824e-06,0.0,9.336180915317764e-06,1.5391469929830728e-05,1.5374918663564615e-05,2.3129306184359546e-08,0.0031786156852795433,4.781760283484535e-06,4.336808689942018e-19,4.87890977618477e-19,6.621799403122674e-17,1.0125008842878116,1.7097411011519292e-16,1.010832849881092,0.0,2.4226365499562177e-18
linear_chain,0.1,0.0,0.4,4.783018867924529,0.004720967958067009,0.029100382489267183,0.0,0.003090386865848672,0.028790977557712552,0.0,4.508922075002565e-06,7.603704673945438e-06,0.0,8.701821810228284e-06,1.4351072043393693e-05,1.4336087528372259e-05,2.0938435330374125e-08,0.0030871600721796458,4.508922075002565e-06,1.0842021724855044e-19,3.7947076036992655e-19,1.872927558120863e-16,1.0121181364982865,1.0813352217971738e-16,1.0105006047866385,-8.673617379884035e-19,2.327555520986176e-18
linear_chain,0.1,0.0,0.4,4.8327044025157235,0.00458605584755548,0.028204755252282738,0.0,0.0030023802868584487,0.027903647386059036,0.0,4.254440279024838e-06,7.170448111024598e-06,0.0,8.116880159675345e-06,1.3391505967469275e-05,1.3377924937647267e-05,1.8976064635841665e-08,0.002999335415257608,4.254440279024838e-06,1.0842021724855044e-19,4.87890977618477e-19,1.872927565098062e-16,1.0117511241725914,1.529238941834141e-16,1.0101820046394243,8.673617379884035e-19,2.233877902037833e-18
linear_chain,0.1,0.0,0.4,4.882389937106918,0.004456445546971251,0.0273447537768295,0.0,0.002917835918134987,0.027051640930069926,0.0,4.016898020916474e-06,6.765746982364189e-06,0.0,7.577033963884413e-06,1.2505711087937144e-05,1.2493388804637046e-05,1.7216240915766244e-08,0.0029149608796382844,4.016898020916475e-06,3.2526065174565133e-19,1.734723475976807e-18,1.1469292661926225e-16,1.0113990456323592,1.8729275790524594e-16,1.0098763553717125,0.0,2.1447613656600083e-18
linear_chain,0.1,0.0,0.4,4.932075471698114,0.004331875451369008,0.02651864622669269,0.0,0.002836582728595271,0.026233240994300324,0.0,3.7950012657014618e-06,6.387455722752029e-06,0.0,7.078379174304121e-06,1.1687309301752122e-05,1.1676117284411246e-05,1.5636192502221988e-08,0.002833866356309093,3.795001265701461e-06,1.6263032587282567e-19,8.673617379884035e-19,1.1469292206177528e-16,1.0110611478642029,1.0813352217971738e-16,1.0095830049821843,-8.673617379884035e-19,2.066170404444919e-18
linear_chain,0.1,0.0,0.4,4.981761006289308,0.004212099342879151,0.025724799979269627,0.0,0.002758459756789088,0.02544682874496434,0.0,3.5875670393579495e-06,6.0336094639630115e-06,0.0,6.617385520272755e-06,1.0930532869391197e-05,1.0920356924107175e-05,1.4215911378925671e-08,0.002755891726859653,3.5875670393579495e-06,2.710505431213761e-19,1.1926223897340549e-18,1.7519633706524666e-16,1.0107367230946462,1.529238947531e-16,1.0093013405810058,-1.734723475976807e-18,1.9844217706810088e-18
linear_chain,0.1,0.0,0.4,5.031446540880504,0.004096885344131655,0.02496167511904045,0.0,0.0026833154251566472,0.024690877260891385,0.0,3.3935128813162014e-06,5.7024072123394105e-06,0.0,6.190857391540924e-06,1.0230160529999394e-05,1.0220899034264142e-05,1.2937793749856618e-08,0.0026808861852347958,3.3935128813162014e-06,5.421010862427522e-20,8.673617379884035e-19,1.3243597720847995e-16,1.0104251056389166,1.7097411062473548e-16,1.0090307856706393,8.673617379884035e-19,1.9072342194876174e-18
linear_chain,0.1,0.0,0.4,5.081132075471698,0.00398601495225574,0.024227818408618162,0.0,0.0026110069071608676,0.023963945557725543,0.0,3.2118474001943554e-06,5.392196792911091e-06,0.0,5.795899154707369e-06,9.581460861794531e-06,9.573023269945754e-06,1.1786330428547846e-08,0.0026087076115821725,3.2118474001943554e-06,3.7947076036992655e-19,4.336808689942018e-19,1.8729275511436645e-16,1.0101256689991367,1.0813352258254613e-16,1.0087707976413363,2.6020852139652106e-18,1.8384671284244143e-18
linear_chain,0.1,0.0,0.4,5.130817610062893,0.0038792821465317563,0.023521857698934168,0.0,0.0025413995427490156,0.02326467304705376,0.0,3.0416617921083003e-06,5.1014612130546014e-06,0.0,5.4298843632361685e-06,8.980142004110487e-06,8.972447543250613e-06,1.0747839669501062e-08,0.002539221993741212,3.0416617921083007e-06,2.710505431213761e-19,1.734723475976807e-18,3.6149395202440194e-20,1.009837823189793,1.3243597753738826e-16,1.0085208654623794,8.673617379884035e-19,1.7697000373612112e-18
linear_chain,0.1,0.0,0.4,5.180503144654088,0.0037764925634605558,0.022842496743211416,0.0,0.002474366298028333,0.022591774395835675,0.0,2.8821222266716517e-06,4.828806447660953e-06,0.0,5.090428391267297e-06,8.422306972618808e-06,8.415283503142115e-06,9.810236319892821e-09,0.002472302892333806,2.8821222266716517e-06,5.421010862427522e-20,4.336808689942018e-19,1.480679245143022e-16,1.009561012270605,1.3243597655066336e-16,1.0082805075519616,8.673617379884035e-19,1.7065465863847996e-18
linear_chain,0.1,0.0,0.4,5.230188679245283,0.0036774627335506237,0.022188510382664235,0.0,0.002409787265437222,0.021944034754068427,0.0,2.732463000262331e-06,4.572950396982668e-06,0.0,4.775364081714908e-06,7.904413898511433e-06,7.897996917089984e-06,8.96283204174169e-09,0.002407830945802332,2.7324630002623313e-06,1.2705494208814505e-20,8.673617379884035e-19,9.364638244122221e-17,1.0092947120687756,1.0813352338820364e-16,1.0080492698102388,-8.673617379884035e-19,1.6461999554517845e-18
linear_chain,0.1,0.0,0.4,5.279874213836479,0.0035820193747034806,0.02155874007461345,0.0,0.0023475492010219044,0.021320305321837738,0.0,2.5919803720423015e-06,4.332713008509982e-06,0.0,4.48272005176133e-06,7.423240607952088e-06,7.417372374018902e-06,8.196162169629281e-09,0.0023456934120735435,2.591980372042302e-06,3.7947076036992655e-19,7.047314121155779e-19,6.621799205777706e-17,1.0090384280743874,1.0813352217971738e-16,1.007826723801592,8.673617379884035e-19,1.5830465044753735e-18
linear_chain,0.1,0.0,0.4,5.329559748427673,0.0034899987375008453,0.020952089736116165,0.0,0.0022875450957504243,0.020719499228975594,0.0,2.4600270096660853e-06,4.107007225176636e-06,0.0,4.2107013437940515e-06,6.975853032098166e-06,6.970481801501968e-06,7.501835441977588e-09,0.0022857837438194214,2.4600270096660857e-06,4.336808689942018e-19,8.673617379884035e-19,1.3243598510227897e-16,1.008791693494191,1.872927562772329e-16,1.0076124650734244,-8.673617379884035e-19,1.5255066935857543e-18
linear_chain,0.1,0.0,0.4,5.379245283018868,0.0034012459981661402,0.020367521878617765,0.0,0.002229673778078352,0.020140587703210568,0.0,2.3360069857027116e-06,3.894830894143523e-06,0.0,3.957672149118221e-06,6.5595770019902795e-06,6.5546563538072415e-06,6.8724034208764304e-09,0.002228001194583785,2.3360069857027112e-06,3.7947076036992655e-19,8.673617379884035e-19,1.146929334554924e-16,1.0085540674504816,2.860944079247643e-16,1.0074061116000446,8.673617379884035e-19,1.4735805227829274e-18
linear_chain,0.1,0.0,0.4,5.428930817610063,0.0033156146953005903,0.01980405401107747,0.0,0.002173839545213729,0.019582596504292053,0.0,2.2193712499969418e-06,3.695259459865806e-06,0.0,3.7221403655225233e-06,6.171973037996924e-06,6.1674612824472645e-06,6.3012468176163825e-09,0.002172250453269904,2.2193712499969418e-06,5.421010862427522e-20,8.673617379884035e-19,6.621799205777706e-17,1.0083251333129393,1.709741113890493e-16,1.0072073023412138,-8.673617379884035e-19,1.4216543519801005e-18
linear_chain,0.1,0.0,0.4,5.478616352201258,0.0032329662069099023,0.01926075529110086,0.0,0.0021199518207897046,0.01904460260407088,0.0,2.109613547157457e-06,3.507439263355899e-06,0.0,3.5027437793458076e-06,5.810813791718174e-06,5.806673448736975e-06,5.782476457626099e-09,0.0021184413047146246,2.109613547157457e-06,1.3552527156068805e-20,3.2526065174565133e-19,9.36463782549031e-17,1.0081044971524706,1.0813352258254613e-16,1.0070156959059167,-8.673617379884035e-19,1.3697281811772734e-18
linear_chain,0.1,0.0,0.4,5.528301886792454,0.003153169264485143,0.018736743405138218,0.0,0.002067924836812818,0.018525731093364094,0.0,2.0062667178989167e-06,3.3305815950433937e-06,0.0,3.2982376881599172e-06,5.474063839920399e-06,5.4702611794210404e-06,5.3108468442271226e-09,0.0020664883142726084,2.0062667178989167e-06,1.0842021724855044e-19,4.336808689942018e-19,1.6220029233322287e-16,1.0078917863070653,1.5292389332888526e-16,1.0068309693127646,-8.673617379884035e-19,1.3227139454503895e-18
linear_chain,0.1,0.0,0.4,5.577987421383648,0.00307609950121409,0.01823118166032633,0.0,0.002017677337988889,0.01802515229890382,0.0,1.9088993532768812e-06,3.163957139925842e-06,0.0,3.1074838024289123e-06,5.15986156659069e-06,5.156366202612639e-06,4.881680644379347e-09,0.0020163105345203233,1.9088993532768817e-06,1.6263032587282567e-19,4.336808689942018e-19,1.3243598510227897e-16,1.0076866480505797,1.8729275511436647e-16,1.006652816839216,8.673617379884035e-19,1.2813133498102978e-18
linear_chain,0.1,0.0,0.4,5.627672955974843,0.0030016390316656436,0.017743276272452962,0.0,0.0019691323066560224,0.017542079094389516,0.0,1.8171127603683838e-06,3.006891096080657e-06,0.0,2.9294402839811513e-06,4.866502900770875e-06,4.863287432790229e-06,4.490802618731931e-09,0.001967831232350548,1.817112760368384e-06,1.0842021724855044e-19,1.3552527156068805e-19,1.3243597819520487e-16,1.007488748356202,2.417939060601788e-16,1.0064809489524957,4.336808689942018e-19,1.235702524105112e-18
linear_chain,0.1,0.0,0.4,5.6773584905660375,0.002929676060473599,0.01727227383497021,0.0,0.0019222167067289933,0.01707576439122246,0.0,1.7305382140482766e-06,2.8587586108562496e-06,0.0,2.7631527958978605e-06,4.5924267055389985e-06,4.5894664010812926e-06,4.134481758133809e-09,0.0019209776348721157,1.7305382140482766e-06,2.168404344971009e-19,1.8973538018496328e-19,1.6220028427664795e-16,1.0072977707470574,1.7097411087950674e-16,1.006315091315734,-8.673617379884035e-19,1.192196813432473e-18
linear_chain,0.1,0.0,0.4,5.727044025157233,0.002860104517827823,0.016817458956186276,0.0,0.0018768612451893483,0.01662549879576211,0.0,1.6488344559208247e-06,2.718980717821261e-06,0.0,2.607746453373394e-06,4.3362016376271466e-06,4.3334741511217415e-06,3.809380520944501e-09,0.0018756806926812843,1.6488344559208245e-06,5.421010862427522e-20,4.336808689942018e-19,2.0939966700056185e-16,1.0071134152270727,1.7097411062473548e-16,1.0061549838633972,8.673617379884035e-19,1.1564098578791735e-18
linear_chain,0.1,0.0,0.4,5.7767295597484285,0.002792823719672454,0.01637815205183099,0.0,0.0018330001497743821,0.016190608420721724,0.0,1.5716854247933317e-06,2.5870205842002793e-06,0.0,2.4624185778132095e-06,4.09651431826356e-06,4.0939994417160555e-06,3.5125102675329918e-09,0.0018318748591662941,1.5716854247933317e-06,5.421010862427522e-20,4.336808689942018e-19,2.2862884975454922e-20,1.006935397285861,7.646194709170705e-17,1.0060003799406145,-4.336808689942018e-19,1.1192194923041757e-18
linear_chain,0.1,0.0,0.4,5.826415094339623,0.0027277380508036963,0.015953707281971756,0.0,0.0017905709616471788,0.015770452839648424,0.0,1.4987981947191972e-06,2.462380140633745e-06,0.0,2.326432167990244e-06,3.8721586743506706e-06,3.869838115990085e-06,3.2411920862629436e-09,0.0017894978846467976,1.4987981947191972e-06,1.0842021724855044e-19,2.439454888092385e-19,1.1469292320114703e-16,1.0067634469718567,1.0813352379103239e-16,1.0058510455014633,-4.336808689942018e-19,1.0813274217183291e-18
linear_chain,0.1,0.0,0.4,5.876100628930818,0.002664756669090905,0.015543510621789169,0.0,0.0017495143419116572,0.015364423174019962,0.0,1.4299010937146577e-06,2.344596934527791e-06,0.0,2.199110011751144e-06,3.662026325244071e-06,3.6598835127936773e-06,2.9930223046681255e-09,0.0017484906242261375,1.429901093714658e-06,1.6263032587282567e-19,4.336808689942018e-19,1.3243597918192974e-16,1.0065973080284951,1.0813352379103239e-16,1.0057067583616848,0.0,1.0434353511324826e-18
linear_chain,0.1,0.0,0.4,5.925786163522012,0.002603793229281856,0.015146978056497907,0.0,0.0017097738909452652,0.014971940303486787,0.0,1.3647419946788778e-06,2.2332413582718183e-06,0.0,2.0798293706716696e-06,3.4650979046562397e-06,3.463117810308361e-06,2.7658421100018683e-09,0.0017087968583445233,1.3647419946788778e-06,1.0842021724855044e-19,2.168404344971009e-19,1.480679280445165e-16,1.0064367370886254,1.0813352217971738e-16,1.0055673075017182,4.336808689942018e-19,1.0139637406768238e-18
linear_chain,0.1,0.0,0.4,5.975471698113208,0.0025447656249422716,0.014763553891727843,0.0,0.0016712959796056225,0.014592453190547514,0.0,1.3030867504971686e-06,2.127914020460113e-06,0.0,1.968017177607144e-06,3.280435219698255e-06,3.2786042042346856e-06,2.557710736348309e-09,0.0016703631250976339,1.3030867504971686e-06,2.168404344971009e-19,8.673617379884035e-19,1.480679280445165e-16,1.0062815029227627,1.0813352217971738e-16,1.0054324924162394,-4.336808689942018e-19,9.809836051669203e-19
linear_chain,0.1,0.0,0.4,6.025157232704403,0.0024875957471861263,0.014392709171026221,0.0,0.0016340295914289646,0.014225437311404998,0.0,1.2447177756172428e-06,2.028243427651755e-06,0.0,1.8631456938233364e-06,3.1071741600322715e-06,3.1054798338494476e-06,2.3668818050893153e-09,0.0016331385634473729,1.2447177756172428e-06,1.8973538018496328e-19,5.963111948670274e-19,9.364638802298074e-17,1.0061313857371654,1.0813352338820364e-16,1.0053021225067569,-8.673617379884035e-19,9.501085846895635e-19
linear_chain,0.1,0.0,0.4,6.074842767295598,0.0024322092589899994,0.01403394019301876,0.0,0.0015979261750329074,0.013870393185694206,0.0,1.1894327409866366e-06,1.9338837856811413e-06,0.0,1.7647285783535589e-06,2.9445182798368362e-06,2.9429493789273338e-06,2.191782388444484e-09,0.001597074766554144,1.1894327409866366e-06,8.131516293641283e-20,1.8973538018496328e-19,9.364638383666187e-17,1.005986176518034,1.7097411342721949e-16,1.0051760165140609,4.336808689942018e-19,9.220403842556032e-19
linear_chain,0.1,0.0,0.4,6.124528301886793,0.0023785353839706966,0.013686767121414986,0.0,0.0015629395059812057,0.013526844998124968,0.0,1.1370433893070573e-06,1.8445130611051216e-06,0.0,1.672317327426667e-06,2.7917329837796966e-06,2.790279258938619e-06,2.0309944958006208e-09,0.0015621256444843694,1.1370433893070573e-06,1.3552527156068805e-19,4.336808689942018e-19,1.6220028427664795e-16,1.0058456764184462,1.7097411113427802e-16,1.0050540019876049,-4.336808689942018e-19,8.939721838216425e-19
linear_chain,0.1,0.0,0.4,6.174213836477987,0.002326506708576622,0.013350732681174,0.0,0.0015290255574355956,0.013194339305680739,0.0,1.0873744451084718e-06,1.7598311502900175e-06,0.0,1.5854980464228825e-06,2.648140255741385e-06,2.646792373504561e-06,1.883238659519584e-09,0.001528247295640719,1.0873744451084718e-06,1.0842021724855044e-19,4.336808689942018e-19,6.621799403122674e-17,1.0057096961849097,1.7097411062473548e-16,1.0049359147891455,0.0,8.630971633442861e-19
linear_chain,0.1,0.0,0.4,6.223899371069182,0.0022760589967541767,0.013025400935004334,0.0,0.001496142378965706,0.012872443824420899,0.0,1.0402626228885877e-06,1.6795582345579337e-06,0.0,1.5038885209141304e-06,2.513113875671484e-06,2.511863329646683e-06,1.7473593881693298e-09,0.001495397886277705,1.0402626228885877e-06,1.8973538018496328e-19,4.336808689942018e-19,1.986539663060824e-16,1.005578055620669,1.7097411062473548e-16,1.0048215986281372,-4.336808689942018e-19,8.392391929754196e-19
linear_chain,0.1,0.0,0.4,6.273584905660378,0.002227131016214892,0.012710356134883692,0.0,0.0014642499829493295,0.0125607462905697,0.0,9.95555713485155e-07,1.6034332598205083e-06,0.0,1.427135556925949e-06,2.386075075865486e-06,2.3849141073017833e-06,1.6223122432944652e-09,0.0014635375375544632,9.95555713485155e-07,5.421010862427522e-20,2.439454888092385e-19,9.36463782549031e-17,1.0054505830831364,1.5292389446825703e-16,1.0047109046266474,4.336808689942018e-19,8.09767582519761e-19
linear_chain,0.1,0.0,0.4,6.323270440251573,0.002179664375470571,0.012405201643186536,0.0,0.0014333102380289177,0.012258853390830172,0.0,9.531117495103363e-07,1.531212510278746e-06,0.0,1.3549125637351652e-06,2.2664885931375847e-06,2.265410119696373e-06,1.5071523602742874e-09,0.0014326282195844344,9.531117495103364e-07,5.421010862427522e-20,1.3552527156068805e-19,9.364637965034283e-17,1.005327115013011,1.8729275511436647e-16,1.004603690911657,-4.336808689942018e-19,7.901198422159887e-19
linear_chain,0.1,0.0,0.4,6.3729559748427675,0.0021336033709200954,0.012109558918984622,0.0,0.0014032867691319488,0.011966389757072331,0.0,9.127982413406737e-07,1.4626684030354194e-06,0.0,1.2869173554035298e-06,2.1538590779834344e-06,2.1528566298094775e-06,1.401024239468234e-09,0.0014026336520020337,9.127982413406736e-07,5.421010862427522e-20,4.336808689942018e-19,9.364638104578253e-17,1.0052074954928576,1.7097411113427802e-16,1.0044998222328492,4.336808689942018e-19,7.662618718471222e-19
linear_chain,0.1,0.0,0.4,6.422641509433962,0.0020888948432725017,0.011823066565089557,0.0,0.00137414486361136,0.011682997021401251,0.0,8.744914720580245e-07,1.3975882177994137e-06,0.0,1.222870149679883e-06,2.047727825938397e-06,2.0467954882309285e-06,1.3031526502765461e-09,0.0013735192106043342,8.744914720580245e-07,5.421010862427522e-20,1.0842021724855044e-19,9.364638244122221e-17,1.005091575833077,1.0813352379103239e-16,1.0043991696040813,4.336808689942018e-19,7.459124265325008e-19
linear_chain,0.1,0.0,0.4,6.472327044025157,0.002045488042682857,0.011545379431700425,0.0,0.0013458513830766836,0.011408332927339995,0.0,8.380758509828204e-07,1.3357730631270293e-06,0.0,1.162511745200633e-06,1.947669799940336e-06,1.9468021613186685e-06,1.2128345265634223e-09,0.0013452518396432857,8.380758509828205e-07,5.421010862427522e-20,4.336808689942018e-19,1.480679245143022e-16,1.0049792141833769,2.53595588212598e-16,1.0043016099669155,0.0,7.1854593110938935e-19
linear_chain,0.1,0.0,0.4,6.522012578616353,0.002003334502001071,0.011276167773048537,0.0,0.0013183746805413754,0.011142070493496494,0.0,8.0344332081821e-07,1.2770369036999634e-06,0.0,1.1056018598348443e-06,1.853290915773674e-06,1.8524830218134434e-06,1.129431738783072e-09,0.0013177999693977198,8.0344332081821e-07,1.3552527156068805e-19,4.336808689942018e-19,1.6220028991625043e-16,1.004870275167972,1.872927539515e-16,1.0042070258746745,4.336808689942018e-19,7.003016008273151e-19
linear_chain,0.1,0.0,0.4,6.571698113207548,0.001962387917602227,0.011015116453553079,0.0,0.0012916845225203798,0.010883897226347356,0.0,7.7049281298135e-07,1.2212055739305689e-06,0.0,1.0519176148464809e-06,1.7642255655138225e-06,1.763472876893154e-06,1.0523646409062792e-09,0.0012911334386563889,7.7049281298135e-07,5.421010862427522e-20,4.336808689942018e-19,1.1469292661926225e-16,1.0047646295429058,1.709741103699642e-16,1.0041153051956362,6.505213034913027e-19,6.792504505018447e-19
linear_chain,0.1,0.0,0.4,6.6213836477987424,0.001922604037269874,0.010761924200079438,0.0,0.0012657520157525715,0.010633514378846612,0.0,7.391297417566664e-07,1.168115997059737e-06,0.0,1.0012521510439183e-06,1.6801343564716427e-06,1.679432711249603e-06,9.81106296936873e-10,0.0012652234218036894,7.391297417566663e-07,5.421010862427522e-20,2.710505431213761e-19,1.1469292320114703e-16,1.0046621538739802,2.417939056998778e-16,1.0040263408340635,2.168404344971009e-19,6.581993001763742e-19
linear_chain,0.1,0.0,0.4,6.671069182389937,0.001883940554694182,0.010516302897679946,0.0,0.0012405495382350317,0.010390636251909263,0.0,7.092655461729777e-07,1.1176153676266928e-06,0.0,9.534133645613043e-07,1.600702045401195e-06,1.600047624979269e-06,9.151773270634077e-10,0.0012400423601786506,7.092655461729777e-07,5.421010862427522e-20,4.81482486096809e-35,6.621799600467637e-17,1.0045627302339177,1.0813352258254613e-16,1.0039400304678656,-4.336808689942018e-19,6.42761789937696e-19
linear_chain,0.1,0.0,0.4,6.720754716981132,0.001846357010119481,0.0102779769256457,0.0,0.0012160506742965203,0.010154989536080648,0.0,6.808172562418483e-07,1.0695604464760475e-06,0.0,9.082227510761317e-07,1.5256356497930465e-06,1.5250249481900624e-06,8.54141278049718e-10,0.0012155638974594666,6.808172562418483e-07,2.710505431213761e-20,8.131516293641283e-20,9.364637965034283e-17,1.004466245917466,1.0813352338820364e-16,1.003856276301793,-2.168404344971009e-19,6.266225746881687e-19
linear_chain,0.1,0.0,0.4,6.770440251572328,0.0018098146967657355,0.010046682531429828,0.0,0.0011922301534306801,0.00992631269071172,0.0,6.537071079931445e-07,1.0238168962826783e-06,0.0,8.655143484831495e-07,1.4546627198550368e-06,1.4540925159346528e-06,7.976004943052025e-10,0.001191762818770757,6.537071079931444e-07,5.421010862427522e-20,5.421010862427522e-20,1.1469292206177528e-16,1.004372593173253,1.872927539515e-16,1.003774984835127,-2.168404344971009e-19,6.104833594386414e-19
linear_chain,0.1,0.0,0.4,6.820125786163523,0.0017742765726305766,0.00982216724021339,0.0,0.0011690637926608778,0.009704355358413836,0.0,6.278621736858832e-07,9.80258657879977e-07,0.0,8.251337689274739e-07,1.3875297564486988e-06,1.3869970888084307e-06,7.451923961778495e-10,0.0011686149933116275,6.278621736858832e-07,8.131516293641283e-20,4.336808689942018e-19,1.146929209224035e-16,1.0042816689512972,1.0813352379103239e-16,1.0036960666429189,2.168404344971009e-19,5.901339141240199e-19
linear_chain,0.1,0.0,0.4,6.869811320754717,0.0017397071773409378,0.009604189297600079,0.0,0.0011465284421974832,0.00948887781240741,0.0,6.032140301636177e-07,9.387673877146203e-07,0.0,7.869373120932779e-07,1.324000761663586e-06,1.323502905905578e-06,6.965861517155691e-10,0.0011460973202501283,6.032140301636177e-07,2.710505431213761e-20,4.336808689942018e-19,9.364638383666187e-17,1.004193374665142,1.529238936137282e-16,1.0036194361698902,-2.168404344971009e-19,5.725912888527947e-19
linear_chain,0.1,0.0,0.4,6.919496855345912,0.0017060725537161989,0.009392517143516348,0.0,0.0011246019341836098,0.009279650434820694,0.0,5.796984479267861e-07,8.992319561924712e-07,0.0,7.507911523584889e-07,1.2638559100361402e-06,1.2633903581815283e-06,6.514796811041481e-10,0.0011241876776912345,5.796984479267861e-07,1.0842021724855044e-19,4.336808689942018e-19,1.1469292206177528e-16,1.0041076159676783,1.0813352298537489e-16,1.0035450115361741,-2.168404344971009e-19,5.592588936466634e-19
linear_chain,0.1,0.0,0.4,6.969182389937107,0.0016733401737564668,0.00918692891534793,0.0,0.0011032630343300776,0.009076453223966892,0.0,5.572551050588794e-07,8.615479159196632e-07,0.0,7.165705931972117e-07,1.206890329570956e-06,1.2064547713992754e-06,6.095969650682544e-10,0.0011028648745152695,5.572551050588794e-07,8.131516293641283e-20,1.0842021724855044e-19,6.621799600467637e-17,1.0040243025397593,1.7097411240813438e-16,1.003472714354138,0.0,5.41716268375438e-19
linear_chain,0.1,0.0,0.4,7.018867924528303,0.0016414788687724587,0.008987211978507234,0.0,0.0010824913962594687,0.00887907532882936,0.0,5.35827322614363e-07,8.256170875030937e-07,0.0,6.841593828189582e-07,1.152912982772672e-06,1.1525052888942316e-06,5.7068562290757e-10,0.0010821086049106732,5.358273226143631e-07,8.131516293641283e-20,2.303929616531697e-19,1.3243597918192974e-16,1.0039433478908033,1.0813352258254613e-16,1.0034024695555872,2.168404344971009e-19,5.304889882018539e-19
linear_chain,0.1,0.0,0.4,7.068553459119498,0.0016104587634009234,0.00879316248274969,0.0,0.0010622675183886271,0.008687314609055953,0.0,5.153618194331814e-07,7.913471437721051e-07,0.0,6.534490856222281e-07,1.1017456388295942e-06,1.1013638453202146e-06,5.345147311301535e-10,0.0010618994054327397,5.153618194331814e-07,2.710505431213761e-20,1.0842021724855044e-19,6.621799403122674e-17,1.0038646691706166,1.0813352419386114e-16,1.0033342052286738,0.0,5.136480679414775e-19
linear_chain,0.1,0.0,0.4,7.118238993710692,0.001580251213249721,0.008604584942575858,0.0,0.001042572703189729,0.008500977218922071,0.0,4.958084853000893e-07,7.586512131602788e-07,0.0,6.243385045392687e-07,1.0532219289305405e-06,1.052864223371999e-06,5.008728577587357e-10,0.0010422186144256511,4.958084853000894e-07,2.710505431213761e-20,6.776263578034403e-20,6.621799403122674e-17,1.003788186991733,1.0813352217971738e-16,1.0032678524639187,0.0,4.989122627136483e-19
linear_chain,0.1,0.0,0.4,7.167924528301887,0.0015508287459771457,0.008421291840515361,0.0,0.0010233890186897954,0.008319877213850777,0.0,4.771201712255785e-07,7.274474930554984e-07,0.0,5.96733149842382e-07,1.0071864774616997e-06,1.0068511862492318e-06,4.695662898531405e-10,0.001023048333670108,4.771201712255784e-07,2.710505431213761e-20,2.168404344971009e-19,9.364638802298074e-17,1.0037138252616102,1.5292389332888526e-16,1.0032033452087732,0.0,4.88386687550913e-19
linear_chain,0.1,0.0,0.4,7.2176100628930815,0.001522165005563132,0.008243103251587688,0.0,0.0010046992620597673,0.008143836178001556,0.0,4.592524922518885e-07,6.976589876418279e-07,0.0,5.705447503637662e-07,9.63494102490684e-07,9.63179679291892e-07,4.4041743091528284e-10,0.001004371392117456,4.592524922518885e-07,1.0842021724855044e-19,2.168404344971009e-19,6.621799995157544e-17,1.0036415110240744,7.646194823107882e-17,1.0031406201301754,0.0,4.750542923447818e-19
linear_chain,0.1,0.0,0.4,7.267295597484278,0.0014942346996022768,0.00806984648784654,0.0,0.0009864869251822817,0.007972682871894971,0.0,4.421636501131934e-07,6.692131366928006e-07,0.0,5.456908034821616e-07,9.220090795864715e-07,9.217140948285402e-07,4.1326335875372063e-10,0.0009861713115801275,4.421636501131934e-07,8.131516293641283e-20,2.168404344971009e-19,9.364638104578253e-17,1.003571174309438,1.0813352258254613e-16,1.0030796164846354,-4.336808689942018e-19,4.617218971386506e-19
linear_chain,0.1,0.0,0.4,7.3169811320754725,0.0014670135494200612,0.007901355761900819,0.0,0.0009687361620595333,0.0078062528985843194,0.0,4.2581426221323623e-07,6.420415571765335e-07,0.0,5.220941605494851e-07,8.826044635387057e-07,8.823275948343638e-07,3.879545155709248e-10,0.000968432274262543,4.2581426221323623e-07,2.710505431213761e-20,2.168404344971009e-19,1.1469292547989053e-16,1.0035027479927638,1.3243597622175503e-16,1.0030202759953644,4.336808689942018e-19,4.554065520410095e-19
linear_chain,0.1,0.0,0.4,7.366666666666667,0.0014404782428596948,0.007737471868053049,0.0,0.000951431757966755,0.007644388387561797,0.0,4.101672076383415e-07,6.160797578570093e-07,0.0,4.996826447607059e-07,8.451614630728859e-07,8.449014864927405e-07,3.64353527627626e-10,0.0009511390920260026,4.1016720763834145e-07,2.710505431213761e-20,6.776263578034403e-20,9.364637685946336e-17,1.0034361676597798,1.0813352258254613e-16,1.002962542736034,0.0,4.406707468131802e-19
linear_chain,0.1,0.0,0.4,7.416352201257862,0.0014146063895536742,0.007578041880211913,0.0,0.0009345591002356134,0.007486937695155022,0.0,3.951874822558708e-07,5.912669294161996e-07,0.0,4.783886986989717e-07,8.095688640783703e-07,8.093246461881502e-07,3.4233413491690145e-10,0.0009342771772740561,3.951874822558708e-07,4.0657581468206416e-20,4.336808689942018e-19,1.751963296063076e-16,1.0033713714799755,1.709741103699642e-16,1.0029063630207598,2.168404344971009e-19,4.2804005661789794e-19
linear_chain,0.1,0.0,0.4,7.466037735849056,0.0013893764785666157,0.007422918865563947,0.0,0.0009181041505835891,0.0073337551205829524,0.0,3.808420632725304e-07,5.67545669105963e-07,0.0,4.581490590941698e-07,7.757224972942035e-07,7.754929878869898e-07,3.2178022091356075e-10,0.0009178325153788659,3.808420632725304e-07,8.131516293641283e-20,2.168404344971009e-19,1.146929209224035e-16,1.0033083000864642,1.0813352258254613e-16,1.0028516852999387,-2.168404344971009e-19,4.196195964877098e-19
linear_chain,0.1,0.0,0.4,7.515723270440253,0.0013647678382405599,0.0072719616129717475,0.0,0.0009020534188793289,0.007184700636652225,0.0,3.6709978512828696e-07,5.448618037773415e-07,0.0,4.389044565141784e-07,7.435247467345054e-07,7.433089721925463e-07,3.0258493460719774e-10,0.0009017916385362588,3.670997851282869e-07,2.710505431213761e-20,2.710505431213761e-20,1.3243598016865464e-16,1.003246896462188,1.7097411113427802e-16,1.002798460061591,-2.168404344971009e-19,4.119008413683707e-19
linear_chain,0.1,0.0,0.4,7.565408805031447,0.0013407605981262194,0.007125034375465374,0.0,0.0008863939382806409,0.007039639634345931,0.0,3.539312215023292e-07,5.231641646997421e-07,0.0,4.2059933791710446e-07,7.128840955018615e-07,7.126811527292295e-07,2.8464989189792106e-10,0.0008861416009868031,3.5393122150232916e-07,6.776263578034403e-20,2.168404344971009e-19,1.6220028508230546e-16,1.00318710583211,1.7097411062473548e-16,1.0027466397378797,2.168404344971009e-19,4.006735611947864e-19
linear_chain,0.1,0.0,0.4,7.615094339622642,0.0013173356528868737,0.006982006625748471,0.0,0.000871113241650792,0.006898442680434535,0.0,3.4130857925855666e-07,5.024044043608208e-07,0.0,4.03181610207226e-07,6.83714705904135e-07,6.835237567764352e-07,2.678844537457618e-10,0.0008708699555079248,3.4130857925855666e-07,1.3552527156068805e-20,1.0842021724855044e-19,9.364638383666187e-17,1.0031288755610221,1.709741113890493e-16,1.002696178616507,-2.168404344971009e-19,3.9084969104290026e-19
linear_chain,0.1,0.0,0.4,7.664779874213837,0.0012944746280419942,0.006842752824251739,0.0,0.0008561993391863685,0.006760985287439611,0.0,3.2920559456197404e-07,4.825368446221087e-07,0.0,3.866024030513977e-07,6.559360310805855e-07,6.557562973680693e-07,2.522050663011579e-10,0.0008559647311169927,3.2920559456197404e-07,8.131516293641283e-20,4.336808689942018e-19,1.6166501003632206e-20,1.0030721550566646,1.0813352258254613e-16,1.0026470327566979,0.0,3.7681559082592e-19
linear_chain,0.1,0.0,0.4,7.714465408805031,0.0012721598474639828,0.006707152198841961,0.0,0.0008416406971836521,0.006627147695166205,0.0,3.1759744113083966e-07,4.6351828362979555e-07,0.0,3.7081584941361133e-07,6.294724555791389e-07,6.293032142950714e-07,2.37534665116909e-10,0.0008414144119013458,3.175974411308396e-07,1.3552527156068805e-20,1.0842021724855044e-19,6.621799008432732e-17,1.0030168956778212,2.16267043956606e-16,1.0025991599095108,-2.168404344971009e-19,3.719036557499769e-19
linear_chain,0.1,0.0,0.4,7.764150943396228,0.0012503743025122078,0.006575088535523876,0.0,0.0008274262178810668,0.006496814663207549,0.0,3.064606429106234e-07,4.4530787606701553e-07,0.0,3.557788823648417e-07,6.042529625540614e-07,6.040935416947009e-07,2.238021316984471e-10,0.0008272079169261912,3.064606429106234e-07,1.3552527156068805e-20,2.168404344971009e-19,1.480679245143022e-16,1.0029630506471232,1.7097411062473548e-16,1.002552519442221,-4.336808689942018e-19,3.6278149060893976e-19
linear_chain,0.1,0.0,0.4,7.813836477987422,0.0012291016227243988,0.006446449979728066,0.0,0.0008135452203132582,0.006369875273815258,0.0,2.9577298742722043e-07,4.278669636847401e-07,0.0,3.4145104687303105e-07,5.802108254503863e-07,5.800606000897186e-07,2.1094179511618916e-10,0.0008133345811476649,2.9577298742722043e-07,1.3552527156068805e-20,2.168404344971009e-19,9.364638523210152e-17,1.0029105749682905,1.0813352379103239e-16,1.0025070722665497,-2.168404344971009e-19,3.5365932546790254e-19
linear_chain,0.1,0.0,0.4,7.863522012578617,0.0012083260479716577,0.0063211288472678345,0.0,0.0007999874221276206,0.006246222744538082,0.0,2.855134576292323e-07,4.1115896891926654e-07,0.0,3.277943253745873e-07,5.572833222329592e-07,5.571417109366815e-07,1.988929873255619e-10,0.0007997841372789023,2.8551345762923226e-07,9.486769009248164e-20,2.168404344971009e-19,9.364638104578253e-17,1.0028594253475462,1.8729275464921986e-16,1.0024627807705109,2.168404344971009e-19,3.4594057034856344e-19
linear_chain,0.1,0.0,0.4,7.913207547169812,0.0011880324019925036,0.00619902144472321,0.0,0.000786742922296031,0.006125754250034687,0.0,2.756621518829065e-07,3.9514924188901173e-07,0.0,3.1477297603978816e-07,5.354114703685858e-07,5.35277931907261e-07,1.8759962610640439e-10,0.0007865466985594919,2.756621518829065e-07,4.0657581468206416e-20,1.0842021724855044e-19,2.0939966450432334e-16,1.0028095601189777,1.872927541840733e-16,1.0024196087536796,-2.168404344971009e-19,3.382218152292243e-19
linear_chain,0.1,0.0,0.4,7.962893081761006,0.001168206067234997,0.006080027898580952,0.0,0.0007738021846864218,0.006008370752687879,0.0,2.6620022359291396e-07,3.79804989265537e-07,0.0,3.0235338273087544e-07,5.145397809416862e-07,5.144138112695083e-07,1.7700984495104815e-10,0.0007736127423708887,2.6620022359291396e-07,2.710505431213761e-20,4.0657581468206416e-20,1.3243597819520487e-16,1.0027609391736236,1.3243597655066336e-16,1.0023775213656916,-2.168404344971009e-19,3.2909965008818707e-19
linear_chain,0.1,0.0,0.4,8.0125786163522,0.0011488329609362189,0.005964051992699239,0.0,0.0007611560224377195,0.005893976841424318,0.0,2.571098175663197e-07,3.650951205574495e-07,0.0,2.9050391574611535e-07,4.946160304037254e-07,4.944971598813693e-07,1.6707565018692947e-10,0.00076097309465451,2.571098175663197e-07,4.0657581468206416e-20,1.0842021724855044e-19,9.364637685946336e-17,1.0027135238920726,1.7097411062473548e-16,1.0023364850477803,-2.168404344971009e-19,3.2067918995799896e-19
linear_chain,0.1,0.0,0.4,8.062264150943397,0.001129899512361634,0.005851001013626652,0.0,0.0007487955830971255,0.005782480578321669,0.0,2.483740083727018e-07,3.509901840280009e-07,0.0,2.7919480250190313e-07,4.755910485909549e-07,4.754788394352238e-07,1.577526066541849e-10,0.000748618915095397,2.483740083727018e-07,1.3552527156068805e-20,1.3552527156068805e-19,6.621799205777706e-17,1.0026672770803817,1.0813352379103239e-16,1.0022964674772001,0.0,3.1717066490375387e-19
linear_chain,0.1,0.0,0.4,8.111949685534592,0.0011113926411437148,0.005740785603371165,0.0,0.0007367123344753046,0.005673793352614506,0.0,2.3997675121641165e-07,3.3746225237516923e-07,0.0,2.6839800739149055e-07,4.5741852175473146e-07,4.573125656892741e-07,1.489995560819453e-10,0.0007365416830114428,2.3997675121641165e-07,5.421010862427522e-20,4.0657581468206416e-20,1.146929243405188e-16,1.0026221629091328,1.3243597819520487e-16,1.0022574375143647,-1.0842021724855044e-19,3.080484997627167e-19
linear_chain,0.1,0.0,0.4,8.161635220125786,0.0010932997366764046,0.005633319619148149,0.0,0.0007248980511852961,0.005567829741657917,0.0,2.319028276797055e-07,3.2448483421823726e-07,0.0,2.5808712012418206e-07,4.4005480945749155e-07,4.3995472555188533e-07,1.4077835425323914e-10,0.0007247331839311046,2.3190282767970544e-07,5.421010862427522e-20,1.0842021724855044e-19,1.480679280445165e-16,1.0025781468554538,1.872927539515e-16,1.002219365152556,2.168404344971009e-19,3.0173315466507564e-19
linear_chain,0.1,0.0,0.4,8.211320754716981,0.0010756086384815376,0.005528519999913626,0.0,0.0007133448018255611,0.005464507378525903,0.0,2.241377975471561e-07,3.1203279478686697e-07,0.0,2.4823725187977896e-07,4.2345877427690635e-07,4.2336420695649264e-07,1.3305363237461965e-10,0.0007131854968104391,2.241377975471561e-07,2.710505431213761e-20,5.421010862427522e-20,9.36463782549031e-17,1.0025351956478417,1.709741103699642e-16,1.0021822214700653,3.2526065174565133e-19,2.9331269453488743e-19
linear_chain,0.1,0.0,0.4,8.261006289308176,0.001058307617517136,0.005426306639068319,0.0,0.0007020449367701475,0.005363746825819964,0.0,2.166679581427234e-07,3.000822957934077e-07,0.0,2.3882493870562756e-07,4.075916233476423e-07,4.075022405592967e-07,1.2579258130270568e-10,0.0007018909818544968,2.1666795814272346e-07,6.670384459627615e-21,5.421010862427522e-20,6.621799008432732e-17,1.0024932772136372,1.3243597786629656e-16,1.0021459785846323,2.168404344971009e-19,2.862956444263973e-19
linear_chain,0.1,0.0,0.4,8.310691823899372,0.0010413853583647677,0.00532660226319987,0.0,0.0006909910765385234,0.005265471455466103,0.0,2.0948029723608022e-07,2.886106976543891e-07,0.0,2.298280515980789e-07,3.924167608533764e-07,3.9233225237499185e-07,1.1896474859817116e-10,0.0006908422689179504,2.0948029723608022e-07,5.421010862427522e-20,1.0842021724855044e-19,1.146929209224035e-16,1.0024523606290126,1.3243597687957164e-16,1.0021106096100594,-2.168404344971009e-19,2.806820043396052e-19
linear_chain,0.1,0.0,0.4,8.360377358490567,0.0010248309422554555,0.005229332316520578,0.0,0.0006801761007116417,0.005169607334061895,0.0,2.0256245824476749e-07,2.7759649519548683e-07,0.0,2.2122571277158808e-07,3.7789965064881375e-07,3.7781972652903247e-07,1.1254185809406282e-10,0.0006800322464475472,2.025624582447675e-07,4.0657581468206416e-20,2.168404344971009e-19,9.364638034806268e-17,1.0024124160713237,1.3243597655066336e-16,1.002076088614887,0.0,2.7787518429620914e-19
linear_chain,0.1,0.0,0.4,8.410062893081761,0.001008633830891939,0.005134424850608469,0.0,0.0006695931373656286,0.005076083113586882,0.0,1.9590270026084766e-07,2.670192758908153e-07,0.0,2.12998217659678e-07,3.640076882590589e-07,3.639320773788203e-07,1.0649764023301199e-10,0.0006694540509447894,1.959027002608477e-07,4.0657581468206416e-20,4.0657581468206416e-20,1.4806792473494058e-16,1.0023734147737269,7.646194994013646e-17,1.0020423905830134,1.0842021724855044e-19,2.70858134187719e-19
linear_chain,0.1,0.0,0.4,8.459748427672956,0.0009927838510130518,0.005041810419241403,0.0,0.0006592355529946309,0.004984829927120988,0.0,1.8948986609640903e-07,2.568596374384886e-07,0.0,2.051269622141353e-07,3.5071008156300345e-07,3.506385303058631e-07,1.0080767958001116e-10,0.0006591010569106912,1.8948986609640903e-07,2.710505431213761e-20,1.0842021724855044e-19,9.36463782549031e-17,1.0023353289819021,1.0813352338820364e-16,1.0020094913761692,-1.0842021724855044e-19,2.638410840792289e-19
linear_chain,0.1,0.0,0.4,8.50943396226415,0.0009772711796826115,0.004951421978118574,0.0,0.0006490969429036128,0.004895781289406846,0.0,1.8331334956029283e-07,2.4709914209602473e-07,0.0,1.9759437512305332e-07,3.379777395264551e-07,3.379100105508121e-07,9.544927331233902e-11,0.0006489668672628401,1.8331334956029283e-07,2.710505431213761e-20,1.0842021724855044e-19,1.1469292120724646e-16,1.0022981319128188,1.0813352298537489e-16,1.0019773676981372,1.0842021724855044e-19,2.5401721392734275e-19
linear_chain,0.1,0.0,0.4,8.559119496855347,0.0009620863302413008,0.0048631947890655685,0.0,0.0006391711220341885,0.004808873001867343,0.0,1.7736306228020378e-07,2.3772024982168556e-07,0.0,1.9038385458041582e-07,3.25783168390701e-07,3.2571903949537514e-07,9.040130004814474e-11,0.0006390453041836755,1.7736306228020378e-07,1.3552527156068805e-20,4.743384504624082e-20,1.6220028347099043e-16,1.002261797715396,7.646194994013646e-17,1.0019459970606273,2.168404344971009e-19,2.5050868887309766e-19
linear_chain,0.1,0.0,0.4,8.608805031446542,0.0009472201389075047,0.004777066328626444,0.0,0.0006294521162186502,0.004724043062010702,0.0,1.716294086316622e-07,2.2870628507547597e-07,0.0,1.8347970928011367e-07,3.141003747847398e-07,3.1403963785911924e-07,8.564410252385623e-11,0.000629330400393285,1.716294086316622e-07,3.1763735522036263e-21,5.421010862427522e-20,1.1469292120724646e-16,1.0022263014329826,1.7097411215336312e-16,1.0019153577507325,-1.0842021724855044e-19,2.4559675379715454e-19
linear_chain,0.1,0.0,0.4,8.658490566037736,0.0009326637519846661,0.004692976200854481,0.0,0.0006199341538228623,0.004641231576858533,0.0,1.6610325795990006e-07,2.2004139782044322e-07,0.0,1.7686710332887724e-07,3.0290477525256416e-07,3.0284723530630963e-07,8.115937750937112e-11,0.0006198163908134722,1.6610325795990006e-07,4.0657581468206416e-20,4.743384504624082e-20,1.4806792274919503e-16,1.0021916189675537,7.646194766139294e-17,1.0018854287998695,-3.2526065174565133e-19,2.4068481872121146e-19
linear_chain,0.1,0.0,0.4,8.70817610062893,0.000918408613640587,0.00461086605380391,0.0,0.0006106116577699685,0.004560380680287974,0.0,1.607759177448966e-07,2.1171048978187913e-07,0.0,1.7053200479566307e-07,2.9217311174152653e-07,2.9211858600587296e-07,7.693007426714165e-11,0.0006104977046082963,1.607759177448966e-07,2.710505431213761e-20,5.421010862427522e-20,1.480679276032397e-16,1.002157727045542,1.709741103699642e-16,1.0018561899541367,-3.2526065174565133e-19,2.3717629366696642e-19
linear_chain,0.1,0.0,0.4,8.757861635220126,0.0009044464542426907,0.004530679500043578,0.0,0.0006014792379214882,0.004481434454076035,0.0,1.5563911266804085e-07,2.036991990121977e-07,0.0,1.6446113763834007e-07,2.8188337262450266e-07,2.818316897195973e-07,7.294030321438792e-11,0.0006013689575811947,1.5563911266804085e-07,5.421010862427522e-20,1.0842021724855044e-19,1.6220028588796296e-16,1.0021246031852118,1.872927562772329e-16,1.001827621646013,1.0842021724855044e-19,2.3156265358017433e-19
linear_chain,0.1,0.0,0.4,8.807547169811322,0.0008907692792052822,0.004452362040383952,0.0,0.0005925316837975925,0.004404338852391079,0.0,1.506849603487776e-07,1.9599384645279504e-07,0.0,1.586419367678733e-07,2.7201471886345985e-07,2.7196571802775753e-07,6.917524960610533e-11,0.0005924249449129928,1.506849603487776e-07,5.421010862427522e-20,1.0842021724855044e-19,6.621799797812593e-17,1.0020922256655052,1.709741103699642e-16,1.001799704967335,1.0842021724855044e-19,2.259490134933822e-19
linear_chain,0.1,0.0,0.4,8.857232704402517,0.0008773693583405091,0.004375860991202106,0.0,0.0005837639576203571,0.004329041629677081,0.0,1.459059512129801e-07,1.885813994226678e-07,0.0,1.530625060293084e-07,2.62547414952351e-07,2.625009453274973e-07,6.562109533669488e-11,0.0005836606342183019,1.459059512129801e-07,1.3552527156068805e-20,6.776263578034403e-20,1.6220028347099043e-16,1.0020605734962844,7.64619488007647e-17,1.0017724216434838,1.0842021724855044e-19,2.2314219344998617e-19
linear_chain,0.1,0.0,0.4,8.906918238993711,0.0008642392156663263,0.004301125414820544,0.0,0.0005751711876627758,0.004255492271632026,0.0,1.4129492696444047e-07,1.8144947209904421e-07,0.0,1.477115788904335e-07,2.53462764303838e-07,2.5341868427340926e-07,6.226494570432695e-11,0.0005750711589128978,1.412949269644405e-07,2.710505431213761e-20,1.0842021724855044e-19,6.621799847148832e-17,1.0020296263898927,1.709741113890493e-16,1.001745754008713,0.0,2.203353734065901e-19
linear_chain,0.1,0.0,0.4,8.956603773584906,0.0008513716196736241,0.004228106052999198,0.0,0.0005667486618916589,0.004183641929280852,0.0,1.3684506576884493e-07,1.7458622468761816e-07,0.0,1.4257848165635365e-07,2.4474304877157756e-07,2.447012253445355e-07,5.909476432432503e-11,0.000566651811862901,1.3684506576884493e-07,2.710505431213761e-20,1.0842021724855044e-19,2.1962022465485493e-16,1.0019993647339824,1.7097411215336312e-16,1.0017196849825847,-1.0842021724855044e-19,2.1331832329809998e-19
linear_chain,0.1,0.0,0.4,9.0062893081761,0.0008387595740094395,0.00415675526323546,0.0,0.000558491821885353,0.004113443355811833,0.0,1.3254986170871522e-07,1.6798039549520418e-07,0.0,1.3765309902792626e-07,2.3637147201938934e-07,2.3633178026046374e-07,5.6099310142606036e-11,0.0005583980393211256,1.3254986170871522e-07,4.0657581468206416e-20,1.0842021724855044e-19,1.146929209224035e-16,1.0019697695655323,1.0813352298537489e-16,1.0016941980474305,0.0,2.105115032547039e-19
linear_chain,0.1,0.0,0.4,9.055974842767297,0.0008263963085684404,0.0040870269579058585,0.0,0.0005503962570165623,0.004044850846225129,0.0,1.284031087061713e-07,1.6162124984971854e-07,0.0,1.3292584184633527e-07,2.2833210647386538e-07,2.2829442897352663e-07,5.326808079617913e-11,0.0005503054351191059,1.284031087061713e-07,1.3552527156068805e-20,1.0842021724855044e-19,1.48067923852387e-16,1.0019408225460058,1.7097411113427802e-16,1.0016692772268059,-1.0842021724855044e-19,2.0910809323300592e-19
linear_chain,0.1,0.0,0.4,9.105660377358491,0.0008142752709677448,0.004018876545895369,0.0,0.0005424576988862447,0.003977820179493288,0.0,1.243988858212098e-07,1.5549852684932185e-07,0.0,1.2838761687223788e-07,2.2060984361431086e-07,2.2057406999596973e-07,5.0591260485670844e-11,0.0005423697351110648,1.243988858212098e-07,4.0657581468206416e-20,4.0657581468206416e-20,9.364638558096142e-17,1.0019125059375904,1.0813352258254613e-16,1.0016449070648805,1.0842021724855044e-19,2.0349445314621378e-19
linear_chain,0.1,0.0,0.4,9.155345911949686,0.0008023901183831201,0.0039522608768776295,0.0,0.0005346720159931695,0.003912308563267906,0.0,1.2053154273562783e-07,1.4960247479193697e-07,0.0,1.240297984589742e-07,2.1319034737125817e-07,2.1315637383471014e-07,4.805967153016368e-11,0.0005345868118575201,1.2053154273562783e-07,4.0657581468206416e-20,2.168404344971009e-19,9.364637720832329e-17,1.0018848025804623,1.0813352298537489e-16,1.001621072606722,0.0,1.9998592809196872e-19
linear_chain,0.1,0.0,0.4,9.20503144654088,0.000790734709739463,0.003887138187750561,0.0,0.0005270352086343984,0.0038482745808387257,0.0,1.167956847731335e-07,1.4392376727186816e-07,0.0,1.1984420199587759e-07,2.060600104255888e-07,2.0602773932105416e-07,4.5664729087788094e-11,0.0005269526695319488,1.1679568477313352e-07,3.3881317890172014e-20,8.131516293641283e-20,1.6220028347099043e-16,1.0018576958710346,1.709741103699642e-16,1.001597759379434,-1.0842021724855044e-19,1.929688779834786e-19
linear_chain,0.1,0.0,0.4,9.254716981132075,0.0007793030982298315,0.0038234680515410917,0.0,0.0005195434040225555,0.0037856781404130833,0.0,1.1318616073088202e-07,1.3845351445750276e-07,0.0,1.1582305899565866e-07,1.9920591321140634e-07,1.991752526442704e-07,4.339840008883936e-11,0.0005194634390498182,1.1318616073088204e-07,2.0328790734103208e-20,1.0842021724855044e-19,1.1469292120724646e-16,1.001831169741133,1.529238936137282e-16,1.0015749533740945,2.168404344971009e-19,1.9086376295093154e-19
linear_chain,0.1,0.0,0.4,9.304402515723272,0.00076808952414969,0.0037612113283460686,0.0,0.0005121928516047998,0.0037244804265228358,0.0,1.096980497863355e-07,1.3318322195840228e-07,0.0,1.1195899372228502e-07,1.9261578543958855e-07,1.9258664890214652e-07,4.1253164612866094e-11,0.0005121153733951906,1.096980497863355e-07,4.743384504624082e-20,1.0842021724855044e-19,9.364637860376303e-17,1.0018052086380578,1.529238936137282e-16,1.0015526410284679,-1.0842021724855044e-19,1.880569429075355e-19
linear_chain,0.1,0.0,0.4,9.354088050314466,0.0007570884080305146,0.0037003301182880317,0.0,0.0005049799185808093,0.0036646438533569857,0.0,1.0632665259556008e-07,1.2810477315097644e-07,0.0,1.0824500125017059e-07,1.862779699766943e-07,1.862502760046675e-07,3.922198145142408e-11,0.0005049048431452061,1.0632665259556008e-07,2.0328790734103208e-20,1.0842021724855044e-19,6.621799797812593e-17,1.0017797975054943,1.5292389332888526e-16,1.0015308092104542,0.0,1.8525012286413943e-19
linear_chain,0.1,0.0,0.4,9.403773584905661,0.00074629434406284,0.003640787716514831,0.0,0.0004979010856087587,0.0036061320201670748,0.0,1.0306747406063707e-07,1.2321045086049177e-07,0.0,1.0467442686425508e-07,1.801813889223109e-07,1.8015506077774157e-07,3.72982529376376e-11,0.0004978283321915411,1.0306747406063707e-07,4.743384504624082e-20,1.0842021724855044e-19,1.146929280434769e-16,1.001754921765221,1.3243597655066336e-16,1.0015094452022295,-2.168404344971009e-19,1.824433028207434e-19
linear_chain,0.1,0.0,0.4,9.453459119496856,0.0007357020937932402,0.0035825485700083223,0.0,0.0004909529426876685,0.0035489096684236474,0.0,9.991622299059049e-08,1.18492846888592e-07,0.0,1.0124094671086596e-07,1.7431551173882037e-07,1.7429047711020057e-07,3.5475798243040735e-11,0.0004908824336178365,9.991622299059049e-08,4.743384504624082e-20,6.098637220230962e-20,9.364637895262296e-17,1.0017305672995893,7.646194666444263e-17,1.0014885366850568,0.0,1.8103989279904537e-19
linear_chain,0.1,0.0,0.4,9.50314465408805,0.0007253065800749888,0.003525578236163394,0.0,0.0004841321852103507,0.0034929426407805087,0.0,9.686879187050867e-08,1.1394489828693866e-07,0.0,9.793854961450957e-08,1.686703252998623e-07,1.6864651602643686e-07,3.3748821366016523e-11,0.0004840638457703737,9.686879187050865e-08,4.0657581468206416e-20,1.0842021724855044e-19,1.9865396581271994e-16,1.0017067204347307,1.872927541840733e-16,1.0014680717247284,1.0842021724855044e-19,1.7472454770140426e-19
linear_chain,0.1,0.0,0.4,9.552830188679247,0.0007151028812755394,0.0034698433430918807,0.0,0.0004774356101801874,0.0034381978416984085,0.0,9.392125261546985e-08,1.0955985246348735e-07,0.0,9.47615199889285e-08,1.6323630573266538e-07,1.6321365754614966e-07,3.2111886880301146e-11,0.0004773693684780117,9.392125261546983e-08,2.0328790734103208e-20,2.0328790734103208e-20,1.3243597844188606e-16,1.001683367924457,1.7097411342721949e-16,1.0014480387576128,-1.0842021724855044e-19,1.7051431763631018e-19
linear_chain,0.1,0.0,0.4,9.602515723270441,0.0007050862257148527,0.003415311551466674,0.0,0.00047086011257804023,0.0033846431996369256,0.0,9.106984905105593e-08,1.0533126047368647e-07,0.0,9.170442176857193e-08,1.5800439193568615e-07,1.5798284421859486e-07,3.0559896110550066e-11,0.00047079589942313285,9.106984905105593e-08,1.3552527156068805e-20,5.421010862427522e-20,2.564611668288027e-16,1.0016604969348322,1.0813352379103239e-16,1.0014284265772793,-1.6263032587282567e-19,1.6981261262546117e-19
linear_chain,0.1,0.0,0.4,9.652201257861636,0.0006952519863319749,0.0033619515180489785,0.0,0.00046440268188132846,0.0033322476308487816,0.0,8.831098597819368e-08,1.0125295568835395e-07,0.0,8.87620832935598e-08,1.5296596066649447e-07,1.529454562277249e-07,2.9088063731319378e-11,0.00046434043066992446,8.831098597819368e-08,6.776263578034403e-21,5.421010862427522e-20,9.364637999920276e-17,1.0016380950293642,1.3243597687957164e-16,1.0014092243216717,-1.0842021724855044e-19,1.62093857506122e-19
linear_chain,0.1,0.0,0.4,9.70188679245283,0.0006855956755698372,0.003309732860531686,0.0,0.0004580603987231383,0.0032809810046013316,0.0,8.564122263172861e-08,9.73190350871038e-08,0.0,8.592958309040806e-08,1.481128030972164e-07,1.480932879615947e-07,2.769189735680451e-11,0.00045800004532615246,8.564122263172861e-08,2.0328790734103208e-20,2.0328790734103208e-20,1.480679236317486e-16,1.001616150154814,1.0813352177688863e-16,1.0013904214608078,0.0,1.6069044748442397e-19
linear_chain,0.1,0.0,0.4,9.751572327044025,0.0006761129404585048,0.003258626123848805,0.0,0.0004518304316829025,0.0032308141097390185,0.0,8.305726500339649e-08,9.35238603354277e-08,0.0,8.320223648587314e-08,1.4343710274312515e-07,1.4341852595566632e-07,2.636717807935549e-11,0.00045177191434159897,8.305726500339649e-08,2.0328790734103208e-20,2.0328790734103208e-20,9.364637685946336e-17,1.0015946506275697,1.0813352419386114e-16,1.0013720077849746,1.0842021724855044e-19,1.564802174193299e-19
linear_chain,0.1,0.0,0.4,9.801257861635222,0.0006667995579048139,0.0032086027478878854,0.0,0.00044571003420882624,0.0031817186226457527,0.0,8.055595787627009e-08,8.986203331208099e-08,0.0,8.057558300632006e-08,1.3893141467912387e-07,1.3891372812198705e-07,2.5109942181239964e-11,0.00044565329343493657,8.055595787627009e-08,4.513898307157584e-36,3.3881317890172014e-20,6.621799057768977e-17,1.0015735851205763,1.3243597655066336e-16,1.0013539733934052,0.0,1.557785124084809e-19
linear_chain,0.1,0.0,0.4,9.850943396226416,0.0006576514301623726,0.0031596350363889726,0.0,0.00043969654165993934,0.0031336670764623596,0.0,7.813428043444344e-08,8.632838113327388e-08,0.0,7.804537450922732e-08,1.3458864596066755e-07,1.3457180418159862e-07,2.3916465130889908e-11,0.0004396415201389251,7.813428043444344e-08,2.0328790734103208e-20,3.3881317890172014e-20,1.7519633258988324e-16,1.0015529426507863,1.3243597663289043e-16,1.0013363086834144,-1.0842021724855044e-19,1.5156828234338684e-19
linear_chain,0.1,0.0,0.4,9.90062893081761,0.0006486645804833627,0.0031116961271085734,0.0,0.00043378736846732467,0.003086632831474774,0.0,7.578933762298773e-08,8.291796896118286e-08,0.0,7.560756400140722e-08,1.3040203717494032e-07,1.3038599722759106e-07,2.2783245296183396e-11,0.00043373401096845636,7.578933762298773e-08,6.776263578034403e-21,5.421010862427522e-20,1.7519632997925455e-16,1.0015327125671152,1.709741103699642e-16,1.0013190043399607,5.421010862427522e-20,1.4876146229999077e-19
linear_chain,0.1,0.0,0.4,9.950314465408805,0.0006398351489429973,0.003064759963172485,0.0,0.00042798000540689564,0.0030405900467425553,0.0,7.351835530957227e-08,7.962605912968363e-08,0.0,7.325829510196985e-08,1.2636514505080057e-07,1.263498663450815e-07,2.1706989848177402e-11,0.0004279282586965695,7.351835530957225e-08,6.776263578034403e-21,5.421010862427522e-20,1.1469292234661824e-16,1.0015128845388699,1.0813352379103239e-16,1.0013020513256348,-1.0842021724855044e-19,1.459546422565947e-19
linear_chain,0.1,0.0,0.4,10.0,0.0006311593884239488,0.0030188012655095117,0.0,0.000422272016978211,0.00299551365274644,0.0,7.131867389882566e-08,7.644812995498103e-08,0.0,7.099389210771748e-08,1.2247182606142184e-07,1.2245727022361362e-07,2.0684601094746324e-11,0.0004222218297377023,7.131867389882565e-08,2.0328790734103208e-20,2.0328790734103208e-20,9.36463841855218e-17,1.001493448544641,7.646194766139294e-17,1.001285440871036,-1.0842021724855044e-19,1.4735805227829273e-19
linear_chain,0.1,0.0,0.8,2.1,0.09977255014752409,0.5461996526563019,0.0,0.06573916615217347,0.5407616973387704,0.0,0.0020850021070293536,0.002762743255169329,0.0,0.020580269144363648,0.03459844753300549,0.03382686908479156,0.0010973342107698145,0.06427311991532472,0.0020850021070293536,6.938893903907228e-18,4.85722573273506e-17,6.621800389847427e-17,1.3242846135915107,1.8729275744009933e-16,1.2771611055560426,0.0,2.6110162771687438e-16
linear_chain,0.1,0.0,0.8,2.149685534591195,0.09328292331577473,0.5172638973140672,0.0,0.06141944826310621,0.5121355232028104,0.0,0.0018174810521529286,0.002440311015075237,0.0,0.017443865343501574,0.029253065891853707,0.0286438811715938,0.0008656361214459464,0.060140410040343456,0.0018174810521529288,2.7755575615628914e-17,5.551115123125783e-17,1.6220029233322287e-16,1.2992725232188356,1.0813352499951865e-16,1.2560997698328646,1.1102230246251565e-16,2.3653633869707213e-16
linear_chain,0.1,0.0,0.8,2.1993710691823902,0.08734367591682589,0.4900688244791837,0.0,0.05747222608744135,0.48522893014368823,0.0,0.00158940272507185,0.002160871547775427,0.0,0.01484542554960237,0.024840487877470924,0.024356647133507662,0.0006869672851108498,0.05635278734032268,0.00158940272507185,4.85722573273506e-17,2.0816681711721685e-17,9.364638802298074e-17,1.276906810826878,1.32435982799921e-16,1.2372224122339321,0.0,2.149125970827489e-16
linear_chain,0.1,0.0,0.8,2.249056603773585,0.08189830947265708,0.4645127918771237,0.0,0.05385826962939313,0.4599416659240145,0.0,0.00139423328212895,0.001918006825002623,0.0,0.012682785902724389,0.021179826865254717,0.020793365917353455,0.0005482838518293432,0.052875536481208504,0.00139423328212895,4.163336342344337e-17,3.8163916471489756e-17,6.621799600467637e-17,1.2568284619547796,1.0813352499951865e-16,1.220239824382629,0.0,1.956465843048784e-16
linear_chain,0.1,0.0,0.8,2.29874213836478,0.07689704428226156,0.4404977612007622,0.0,0.05054319764101733,0.4361770426497643,0.0,0.0012266358319092724,0.0017063554706697817,0.0,0.010874997105919715,0.018128695253932008,0.01781835698669898,0.0004399663698006777,0.04967796778544194,0.0012266358319092724,5.551115123125783e-17,5.551115123125783e-17,1.4806794393047975e-16,1.2387380529544207,2.293858433639694e-16,1.2049095328639619,-1.1102230246251565e-16,1.7858111844103043e-16
linear_chain,0.1,0.0,0.8,2.348427672955975,0.07229592134610047,0.41792972267704065,0.0,0.04749679145188965,0.4138423456962655,0.0,0.0010822307667036045,0.0015214233002196712,0.0,0.009357555008621959,0.015574298811388674,0.015323815657629542,0.00035486576731383877,0.04673289535227139,0.0010822307667036042,1.3877787807814457e-17,2.7755575615628914e-17,1.1469292889800568e-16,1.2223840771782855,1.7097411317244823e-16,1.191026897213475,-1.1102230246251565e-16,1.6337938108599741e-16
linear_chain,0.1,0.0,0.8,2.39811320754717,0.0680560361899667,0.39671897427004005,0.0,0.04469241828842729,0.39284910310128207,0.0,0.0009574080832292418,0.001359430410499213,0.0,0.008078782772613247,0.013426752194045757,0.013223595534448391,0.00028763001811929305,0.04401618905014348,0.0009574080832292418,3.469446951953614e-18,2.0816681711721685e-17,1.3243598016865464e-16,1.2075538947215125,1.709741182678736e-16,1.1784181526427835,1.1102230246251565e-16,1.4977191751561335e-16
linear_chain,0.1,0.0,0.8,2.4477987421383647,0.06414288368826965,0.37678028188727564,0.0,0.04210654455620328,0.3731132402714593,0.0,0.0008491795588962249,0.0012171873317741743,0.0,0.006997067987097296,0.011614022314988613,0.011448484680320933,0.00023422464252056472,0.04150638919221128,0.0008491795588962249,2.7755575615628914e-17,4.5102810375396984e-17,1.1469292889800568e-16,1.1940666442795258,1.0813352338820364e-16,1.1669349207394508,-1.1102230246251565e-16,1.3757909124710089e-16
linear_chain,0.1,0.0,0.8,2.4974842767295597,0.06052579650416667,0.35803294377972616,0.0,0.03971832343373421,0.354555142027465,0.0,0.0007550616802158284,0.001091994358129474,0.0,0.006078739155833806,0.010078075011342833,0.009942591508731991,0.00019158835503470907,0.0391843744831086,0.0007550616802158284,2.0816681711721685e-17,5.551115123125783e-17,1.6220028911059293e-16,1.1817676394861645,2.756874700709522e-16,1.156449840289673,5.551115123125783e-17,1.2665494763820347e-16
linear_chain,0.1,0.0,0.8,2.547169811320755,0.05717746266151574,0.3404007791624485,0.0,0.0375092441474392,0.33709964112646257,0.0,0.0006729824439895703,0.0009815594245356947,0.0,0.005296423653006752,0.008771918366309781,0.008660561439969638,0.00015738379151101033,0.0370330753137616,0.0006729824439895703,2.42861286636753e-17,2.0816681711721685e-17,9.364640476825432e-17,1.1705239003826502,1.0813352499951865e-16,1.1468530613663745,-5.551115123125783e-17,1.1678616836562293e-16
linear_chain,0.1,0.0,0.8,2.59685534591195,0.05407351015427669,0.32381205808531444,0.0,0.03546283267325746,0.3206759496177143,0.0,0.0006012067973887077,0.0008839308754631906,0.0,0.004627770626711229,0.0076573192508212025,0.0075654199856627765,0.0001298156981926803,0.0350372257269676,0.0006012067973887077,1.3877787807814457e-17,1.734723475976807e-17,1.1469294712795144e-16,1.1602205614618069,1.529238941834141e-16,1.1380494109011814,-5.551115123125783e-17,1.0787170790779708e-16
linear_chain,0.1,0.0,0.8,2.646540880503145,0.051192148474333996,0.30819938683681514,0.0,0.03356439549302389,0.3052175468062197,0.0,0.0005382767096301363,0.0007974422319433909,0.0,0.004054452258299869,0.006703028934729445,0.006626891404755487,0.0001074973735276024,0.03318314841908283,0.0005382767096301363,1.0408340855860843e-17,4.85722573273506e-17,1.6220028911059293e-16,1.1507579628249522,1.7097411928695865e-16,1.1299560850662087,5.551115123125783e-17,9.981052074316362e-17
linear_chain,0.1,0.0,0.8,2.6962264150943396,0.048513858573885134,0.29349956071101785,0.0,0.031800799535969565,0.29066203527496626,0.0,0.0004829627886754664,0.0007206666604640569,0.0,0.0035613785955915392,0.005883396234949001,0.0058200807314178205,8.935188718446404e-05,0.03145856801612845,0.0004829627886754663,1.3877787807814457e-17,3.122502256758253e-17,6.621799600467637e-17,1.1420492782172345,1.7097411113427802e-16,1.122500758278289,-5.551115123125783e-17,9.251278863033388e-17
linear_chain,0.1,0.0,0.8,2.7459119496855346,0.04602112413443524,0.27965339381952875,0.0,0.03016028264200706,0.27695097436629806,0.0,0.0004342250521483647,0.0006523793141754003,0.0,0.0031360771848831038,0.0051772775616932675,0.0051244351421221405,7.453854613688773e-05,0.02985244859394581,0.00043422505214836467,6.938893903907228e-18,1.9081958235744878e-17,1.6220028911059293e-16,1.1340185683564687,1.8729275837039252e-16,1.1156200241516776,5.551115123125783e-17,8.584939784731165e-17
linear_chain,0.1,0.0,0.8,2.7955974842767297,0.043698198140872925,0.26660553377801205,0.0,0.028632289857693574,0.2640296987460083,0.0,0.00039118099061071605,0.0005915260840694623,0.0,0.00276820055491776,0.004567175796535964,0.004522921307682858,6.239781593654698e-05,0.02835485202547629,0.0003911809906107161,6.938893903907228e-18,2.7755575615628914e-17,1.146929197830317e-16,1.126599173655779,3.332899020981385e-16,1.1092581027859933,8.326672684688674e-17,7.979228019366297e-17
linear_chain,0.1,0.0,0.8,2.845283018867925,0.04153089969676982,0.25430426752213164,0.0,0.027207331666717266,0.25184712815654053,0.0,0.0003530794659094149,0.0005371975875208135,0.0,0.0024491334031550975,0.004038556552143945,0.004001370665866733,5.24098212916739e-05,0.026956814253329103,0.00035307946590941496,8.673617379884035e-18,2.7755575615628914e-17,6.621802757986235e-17,1.1197323796657028,1.5292389874090115e-16,1.1033657631473452,0.0,7.428529926851992e-17
linear_chain,0.1,0.0,0.8,2.89496855345912,0.03950643679903614,0.24270132318272555,0.0,0.025876860902038935,0.2403555731841487,0.0,0.00031927929841576644,0.0004886074502703796,0.0,0.002171677918128858,0.0035793026815552852,0.003547955932214596,4.416290110732085e-05,0.025650237018956877,0.00031927929841576644,5.204170427930421e-18,2.7755575615628914e-17,6.621802757986235e-17,1.1133663030824452,1.0813354433529681e-16,1.0978994202294587,5.551115123125783e-17,6.923302319040702e-17
linear_chain,0.1,0.0,0.8,2.9446540880503145,0.03761325144361318,0.2317516718478967,0.0,0.02463316561563528,0.22951054079574765,0.0,0.00028923163750032844,0.00044507411948007097,0.0,0.0019298006276399736,0.0031792770978696055,0.0031527706942679583,3.7329652852269154e-05,0.02442779294452342,0.0002892316375003285,5.204170427930421e-18,1.214306433183765e-17,6.621799600467637e-17,1.1074549572304404,1.0813353466740815e-16,1.0928203750602343,-2.7755575615628914e-17,6.461861103906391e-17
linear_chain,0.1,0.0,0.8,2.9943396226415095,0.03584088398112925,0.22141333213102127,0.0,0.02346927561695979,0.21927054251675399,0.0,0.0002624653964585155,0.0004060055905023523,0.0,0.0017184279144741486,0.0028299708696998575,0.0028074903624556898,3.1648587643031884e-05,0.023282842171240825,0.0002624653964585155,1.3877787807814457e-17,8.673617379884035e-18,1.480679298096236e-16,1.1019574644209926,1.3243598937808659e-16,1.088094172091457,2.7755575615628914e-17,6.038592641362267e-17
linear_chain,0.1,0.0,0.8,3.0440251572327046,0.03417985410065877,0.21164717972111546,0.0,0.022378880750772986,0.20959690739678485,0.0,0.00023857517901363536,0.0003708865448482337,0.0,0.001533280197183055,0.002524218774846638,0.002505097624606708,2.6910011844887062e-05,0.022209359017830877,0.0002385751790136354,6.938893903907228e-18,2.7755575615628914e-17,9.364642709528113e-17,1.096837389160023,1.709741141915333e-16,1.0836900535452767,0.0,5.649006019338895e-17
linear_chain,0.1,0.0,0.8,3.0937106918238992,0.03262155620585936,0.2024167634905357,0.0,0.021356259283129033,0.2004536013226695,0.0,0.00021721123894297075,0.00033926749002967924,0.0,0.001370736958559315,0.0022559684595371584,0.002239659266842521,2.29451093291154e-05,0.02120186734275738,0.00021721123894297075,1.214306433183765e-17,2.7755575615628914e-17,1.1469294712795144e-16,1.0920621712979488,1.0813352983346351e-16,1.0795804942357112,0.0,5.293662601844955e-17
linear_chain,0.1,0.0,0.8,3.1433962264150948,0.03115816727307533,0.19368812925298864,0.0,0.020396215012371054,0.19180705376490398,0.0,0.00019807110451436406,0.0003107555657723691,0.0,0.0012277264846500889,0.0020200923803923745,0.0020061440716139284,1.961745984549976e-05,0.020255383480276033,0.00019807110451436406,1.734723475976807e-18,2.7755575615628914e-17,1.4806792627940936e-16,1.087602642230974,1.3243597622175503e-16,1.0757408034933424,0.0,4.9607737446981824e-17
linear_chain,0.1,0.0,0.8,3.1930817610062894,0.029782565555661025,0.1854296518808707,0.0,0.019494021929096227,0.18362599266730886,0.0,0.00018089257072071322,0.0002850067416635238,0.0,0.0011016354753579196,0.0018122340337662864,0.0018002736976540706,1.681642066003101e-05,0.019365365778672684,0.0001808925707207132,1.0408340855860843e-17,2.7755575615628914e-17,6.621801968606726e-17,1.0834326104334429,1.32435982799921e-16,1.072148783287951,2.7755575615628914e-17,4.6576371800114085e-17
linear_chain,0.1,0.0,0.8,3.2427672955974844,0.028488258731147822,0.17761187618966784,0.0,0.01864537542248729,0.17588128789281723,0.0,0.00016544781893282278,0.0002617191795415554,0.0,0.0009902346953483364,0.0016286817740589054,0.001618400145031092,1.4451940019866877e-05,0.018527669903685685,0.00016544781893282278,3.469446951953614e-18,1.3877787807814457e-17,1.6220028911059293e-16,1.0795285051186947,1.0813352338820364e-16,1.0687844336115693,-4.163336342344337e-17,4.378639267697841e-17
linear_chain,0.1,0.0,0.8,3.2924528301886795,0.02726932028485811,0.17020736676264533,0.0,0.0178463491761021,0.16854580340703954,0.0,0.00015153846875182655,0.00024062757360376517,0.0,0.0008916176196164151,0.001466264916668662,0.0014574047293976938,1.2450475896439024e-05,0.017738509184838713,0.00015153846875182655,3.469446951953614e-18,1.3877787807814457e-17,6.621799600467637e-17,1.075869068836802,1.7097411521061839e-16,1.065629697762676,2.7755575615628914e-17,4.117605003662009e-17
linear_chain,0.1,0.0,0.8,3.342138364779874,0.026120333090874158,0.16319056670959092,0.0,0.017093357018918152,0.16159425820384135,0.0,0.00013899140297012432,0.0002214983132077252,0.0,0.0008041496432103004,0.0013222679077592166,0.0013146145214607255,1.075177166184622e-05,0.016994419380307914,0.0001389914029701243,1.734723475976807e-18,5.204170427930421e-18,1.480679298096236e-16,1.072435091432432,1.5292389532278588e-16,1.0626682414448418,-1.3877787807814457e-17,3.8781832539603253e-17
linear_chain,0.1,0.0,0.8,3.3918238993710697,0.0250363392936711,0.15653766521826917,0.0,0.01638311910110065,0.15500309584316677,0.0,0.0001276552355907938,0.00020412533980596845,0.0,0.00072642590824911,0.0011943591935935378,0.0011877330173381193,9.306298959150616e-06,0.016292227319666973,0.0001276552355907938,1.734723475976807e-18,6.071532165918825e-18,9.36463991864968e-17,1.0692091790895601,7.646194652202115e-17,1.0598852606241893,-2.7755575615628914e-17,3.6541990144973206e-17
linear_chain,0.1,0.0,0.8,3.4415094339622643,0.024012795715147812,0.1502264736578621,0.0,0.015712631851729504,0.14875036237257885,0.0,0.00011739731623456618,0.00018832659075321777,0.0,0.0006572361831390503,0.0010805320909094013,0.0010747824433471696,8.073222154958421e-06,0.01562902295553605,0.00011739731623456616,6.071532165918825e-18,6.071532165918825e-18,1.6220028588796296e-16,1.0661755532470836,1.872927537189267e-16,1.057267313929513,-2.7755575615628914e-17,3.4493011513294087e-17
linear_chain,0.1,0.0,0.8,3.4911949685534593,0.023045534115527497,0.1442363099229946,0.0,0.015079141250269091,0.14281559233307142,0.0,0.00010810118320357628,0.00017394094058792035,0.0,0.0005955355313954941,0.0009790554877249333,0.0009740556033293453,7.0187721494505564e-06,0.015002134416661242,0.00010810118320357629,6.071532165918825e-18,8.673617379884035e-18,1.1469293801297893e-16,1.0633198750310484,1.3243597753738826e-16,1.0548021760652764,0.0,3.2556305683350814e-17
linear_chain,0.1,0.0,0.8,3.5408805031446544,0.02213072572543206,0.13854789065812795,0.0,0.014480119006994389,0.13717970250149866,0.0,9.966439280705616e-05,0.0001608255649614463,0.0,0.0005404197480784042,0.0008884326223677478,0.0008840755772649227,6.1149426890408785e-06,0.01440910570782083,9.966439280705614e-05,3.469446951953614e-18,2.6020852139652106e-18,6.621799600467637e-17,1.0606290915545784,1.0813352499951865e-16,1.05247870927156,1.3877787807814457e-17,3.075994085557734e-17
linear_chain,0.1,0.0,0.8,3.590566037735849,0.021264849542548706,0.1331432309728438,0.0,0.013913241301684323,0.13182489299083247,0.0,9.199666505679442e-05,0.0001488536643137873,0.0,0.0004911047338851778,0.0008073665214003618,0.0008035618992448824,5.338441692831611e-06,0.013847676747410873,9.199666505679443e-05,6.938893903907228e-18,1.3877787807814457e-17,1.3243598411555412e-16,1.058091301016461,1.7097411215336312e-16,1.0502867503298794,1.3877787807814457e-17,2.909549656984348e-17
linear_chain,0.1,0.0,0.8,3.640251572327044,0.0204446639518198,0.12800555124038304,0.0,0.013376369776200365,0.12673455531252498,0.0,8.501829604318024e-05,0.00013791249448287337,0.0,0.0004469091307725611,0.0007347309429310161,0.0007314020982815178,4.66984494771778e-06,0.01331576547283241,8.501829604318024e-05,2.6020852139652106e-18,5.204170427930421e-18,9.364638244122221e-17,1.055695634008012,2.29385841844807e-16,1.0482170109987512,0.0,2.7548938725932253e-17
linear_chain,0.1,0.0,0.8,3.689937106918239,0.019667181284324833,0.12311919056716158,0.0,0.012867534516176105,0.12189318699830283,0.0,7.865879564605427e-05,0.00012790165985202483,0.0,0.0004072396665942908,0.0006695458848116081,0.0006666276904405881,4.09291095064447e-06,0.012811451777642695,7.865879564605427e-05,4.336808689942018e-18,6.071532165918825e-18,1.3243598411555412e-16,1.0534321488344995,1.709741141915333e-16,1.0462609900827453,0.0,2.60921991234097e-17
linear_chain,0.1,0.0,0.8,3.7396226415094342,0.01892964497868494,0.11846952652209766,0.0,0.012384918791126314,0.11728631238030666,0.0,7.285571610760882e-05,0.00011873163113371384,0.0,0.00037157875592294263,0.0006109568885182321,0.000608393875876239,3.5940245046874733e-06,0.012332963073745496,7.28557161076088e-05,3.469446951953614e-18,1.3877787807814457e-17,1.7519633482756498e-16,1.0512917389873384,1.3243597753738826e-16,1.0444108956055302,-1.3877787807814457e-17,2.4744925502579594e-17
linear_chain,0.1,0.0,0.8,3.7893081761006293,0.018229509050696487,0.11404290072296827,0.0,0.011926845351559958,0.11290040913563096,0.0,6.755364262693398e-05,0.00011032245622307568,0.0,0.0003394739848423301,0.0005582175077070963,0.000555962327741931,3.1617435216270957e-06,0.011878661297292396,6.755364262693396e-05,5.204170427930421e-18,5.204170427930421e-18,6.621801968606726e-17,1.0492660511787015,1.0813352983346351e-16,1.0426595757807111,0.0,2.3465015562790996e-17
linear_chain,0.1,0.0,0.8,3.838993710691824,0.017564419613275505,0.10982654988961502,0.0,0.01149176410696963,0.1087228402131492,0.0,6.270332181096366e-05,0.00010260263691464068,0.0,0.0003105291729107404,0.0005106744222982677,0.0005086865680640693,2.7864288149263227e-06,0.011447031198993466,6.270332181096366e-05,5.204170427930421e-18,6.938893903907228e-18,9.364638244122221e-17,1.0473474125808815,1.7097411521061839e-16,1.041000457661726,0.0,2.2277730684434467e-17
linear_chain,0.1,0.0,0.8,3.888679245283019,0.01693219822020539,0.10580854198847969,0.0,0.011078241030365562,0.10474179077501385,0.0,5.826090767761546e-05,9.550814857550431e-05,0.0,0.0002843967587231278,0.0004677547697589328,0.00046599951355761157,2.4599408319418193e-06,0.011036669778663945,5.826090767761546e-05,2.6020852139652106e-18,1.3877787807814457e-17,1.3243599200935274e-16,1.0455287661066408,1.32435982799921e-16,1.0394274925100302,0.0,2.1174650407379815e-17
linear_chain,0.1,0.0,0.8,3.938364779874214,0.01633082683453461,0.10197771711114773,0.0,0.01068494815394756,0.10094620980225176,0.0,5.418730809547821e-05,8.898158316206807e-05,0.0,0.00026077129893893716,0.00042895533922223674,0.00042740284603118056,2.175390539171519e-06,0.010646276740541518,5.41873080954782e-05,2.168404344971009e-19,3.0357660829594124e-18,9.364638244122221e-17,1.0438036127302528,7.646195107950817e-17,1.0379351070542082,2.0816681711721685e-17,2.0133320171279883e-17
linear_chain,0.1,0.0,0.8,3.9880503144654087,0.01575843424622477,0.09832363274764906,0.0,0.01031065453686271,0.09732575603165176,0.0,5.0447617232368725e-05,8.29713989460054e-05,0.0,0.00023938390619474898,0.00039383333448667784,0.0003924579206297425,1.926934244620392e-06,0.010274645860394126,5.0447617232368725e-05,3.469446951953614e-18,6.938893903907228e-18,9.364638802298074e-17,1.0421659599871655,1.5292389532278588e-16,1.0365181599257882,-1.3877787807814457e-17,1.915373997613466e-17
linear_chain,0.1,0.0,0.8,4.037735849056604,0.015213283784338914,0.09483651313497837,0.0,0.00995421810025216,0.0938707479100056,0.0,4.701062179778056e-05,7.743126249277388e-05,0.0,0.0002199974804930217,0.00036199846142355864,0.0003607779732182871,1.7096041688025978e-06,0.009920657168152389,4.7010621797780554e-05,2.6020852139652106e-18,1.734723475976807e-18,1.7519634676186695e-16,1.040610275907487,1.8729275464921986e-16,1.0351719026536315,0.0,1.8238716641987546e-17
linear_chain,0.1,0.0,0.8,4.087421383647799,0.014693762187110436,0.0915072023800185,0.0,0.00961457823715461,0.09057211727054747,0.0,4.3848370709613523e-05,7.231947089498838e-05,0.0,0.00020240261266403278,0.0003331061359606385,0.000332021427720411,1.5191681813774107e-06,0.00958326986089166,4.384837070961353e-05,3.0357660829594124e-18,4.336808689942018e-18,1.480679298096236e-16,1.039131447738198,1.8729275557951303e-16,1.0338919446806893,6.938893903907228e-18,1.7379829708708354e-17
linear_chain,0.1,0.0,0.8,4.1371069182389935,0.014198369509021432,0.08832712107599755,0.0,0.009290749115648277,0.08742136645506263,0.0,4.0935799407832824e-05,6.75984435522917e-05,0.0,0.0001864140582992545,0.0003068516422812721,0.0003058861367964998,1.3520133974163124e-06,0.009261515870676498,4.0935799407832824e-05,4.336808689942018e-19,1.3010426069826053e-18,6.621801179227124e-17,1.037724744894073,1.8729275837039252e-16,1.0326742219369236,6.938893903907228e-18,1.65630450760801e-17
linear_chain,0.1,0.0,0.8,4.186792452830189,0.013725709957806018,0.08528822614969274,0.0,0.008981813603031479,0.08441052862354553,0.0,3.825040130614592e-05,6.323427455278953e-05,0.0,0.00017186769693121123,0.00028296509851433063,0.0002821044161674714,1.205049342167731e-06,0.008954494020328536,3.825040130614593e-05,3.469446951953614e-18,6.938893903907228e-18,1.4806793687005185e-16,1.0363857856500076,1.8729275464921986e-16,1.0315149685621359,0.0,1.579959002427638e-17
linear_chain,0.1,0.0,0.8,4.2364779874213845,0.013274483566411225,0.08238297369495824,0.0,0.008686917747086643,0.0815321310107506,0.0,3.577194000181152e-05,5.9196337830846435e-05,0.0,0.0001586179048116921,0.0002612071100672567,0.00026043875519333776,1.075627206497514e-06,0.008661364707628459,3.577194000181152e-05,1.734723475976807e-18,5.204170427930421e-18,6.621801179227124e-17,1.0351105071498214,1.7097411113427802e-16,1.0304106914239672,-6.938893903907228e-18,1.5078237273123594e-17
linear_chain,0.1,0.0,0.8,4.286163522012579,0.012843478615549292,0.07960428456533562,0.0,0.008405265757709099,0.07877916090615839,0.0,3.348219678332641e-05,5.545693851005235e-05,0.0,0.00014653528092145203,0.00024136500973901328,0.00024067810484154287,9.614723657344272e-07,0.008381345065062912,3.348219678332642e-05,1.4444474582904269e-34,3.0357660829594124e-18,9.364639360473893e-17,1.0338951383601902,1.0813352983346351e-16,1.0293581471206257,0.0,1.439618000257835e-17
linear_chain,0.1,0.0,0.8,4.335849056603774,0.012431564731801622,0.07694551251493133,0.0,0.008136115438488802,0.0761450341495116,0.0,3.136474875031995e-05,5.1991004437937326e-05,0.0,0.00013550467524264128,0.00022324959953987374,0.00022263465960104076,8.606278574973446e-07,0.008113704547986,3.136474875031995e-05,1.3010426069826053e-18,2.6020852139652106e-18,1.1469292889800568e-16,1.032736175644514,1.5292389532278588e-16,1.0283543211961765,0.0,1.3746401162532165e-17
linear_chain,0.1,0.0,0.8,4.385534591194968,0.01203768659448229,0.0744004146923084,0.0,0.007878774023443936,0.07362356594988127,0.0,2.9404773546140007e-05,4.877581304960397e-05,0.0,0.00012542347617002495,0.0002066923223123143,0.0002061410627674904,7.714069363119907e-07,0.007857760909200769,2.9404773546140007e-05,2.168404344971009e-18,2.6020852139652106e-18,9.364639360473893e-17,1.031630360671413,2.1626704597074977e-16,1.027396409329296,6.938893903907228e-18,1.314574167324541e-17
linear_chain,0.1,0.0,0.8,4.435220125786164,0.011660858191657086,0.07196312430663056,0.0,0.007632594378965444,0.07120894385001235,0.0,2.75888772447357e-05,4.579074921947055e-05,0.0,0.00011620012050032352,0.00019154280224814848,0.00019104797528587782,6.923531627594667e-07,0.007612876522452649,2.7588877244735696e-05,1.734723475976807e-18,3.0357660829594124e-18,6.621801179227124e-17,1.0305746604070116,1.3243597753738826e-16,1.02648180028503,6.938893903907228e-18,1.2577360614457709e-17
linear_chain,0.1,0.0,0.8,4.484905660377359,0.011300157572145534,0.06962812529913857,0.0,0.007396971535370239,0.06889570267142922,0.0,2.59049424293232e-05,4.301709014012357e-05,0.0,0.00010775279494310956,0.00017766670261202844,0.0001772219573560953,6.222067613434339e-07,0.007378455021300564,2.5904942429323204e-05,3.0357660829594124e-18,3.0357660829594124e-18,6.621801968606726e-17,1.0295662489701018,1.3243598674682038e-16,1.025608060444017,0.0,1.2031434116017176e-17
linear_chain,0.1,0.0,0.8,4.534591194968554,0.010954722045962739,0.06739022886563946,0.0,0.007171339516271303,0.06667870128827114,0.0,2.4341993900828405e-05,4.043781418646136e-05,0.0,0.00010000830272029334,0.00016494385671501086,0.00016454361958307494,5.598762051393598e-07,0.007153938223387201,2.434199390082841e-05,2.6020852139652106e-18,6.938893903907228e-18,2.477650264620805e-16,1.0286024911552498,2.2938584108522587e-16,1.0247729197452828,0.0,1.1534626968336076e-17
linear_chain,0.1,0.0,0.8,4.584276729559749,0.010623743790635921,0.06524455168771988,0.0,0.0069551684373320025,0.06455310108943654,0.0,2.289007979994278e-05,3.8037430760481804e-05,0.0,9.2901072714149e-05,0.00015326663468624187,0.000152906006827929,5.044141677153299e-07,0.006938803313227236,2.289007979994278e-05,4.336808689942018e-19,1.734723475976807e-18,9.364638802298074e-17,1.0276809274515804,1.0813352499951865e-16,1.0239742588975835,0.0,1.1035013000611578e-17
linear_chain,0.1,0.0,0.8,4.633962264150943,0.010306465825297685,0.06318649574136688,0.0,0.006747961848952123,0.06251434599958722,0.0,2.154016623996425e-05,3.5801828623761246e-05,0.0,8.637229190949207e-05,0.00014253851407290116,0.00014221318329316523,4.549971320902704e-07,0.006732560259394195,2.154016623996425e-05,8.673617379884035e-19,1.951563910473908e-18,6.621801179227124e-17,1.0267992604046725,1.7097411215336312e-16,1.0232100977307945,1.0408340855860843e-17,1.0581711563603118e-17
linear_chain,0.1,0.0,0.8,4.683647798742139,0.010002178318340245,0.06121172956200245,0.0,0.006549254300084271,0.06055814393958501,0.0,2.0284043776499784e-05,3.3718140664557006e-05,0.0,8.036914465039498e-05,0.00013267282692831702,0.00013237899191946957,4.109080677064768e-07,0.006534749444495045,2.0284043776499784e-05,1.734723475976807e-18,2.8189256484623115e-18,9.36463991864968e-17,1.0259553421863117,1.3243597885302146e-16,1.0224785845732587,-3.469446951953614e-18,1.0146654456876728e-17
linear_chain,0.1,0.0,0.8,4.733333333333333,0.00971021519793603,0.059316170854309534,0.0,0.006358609102710459,0.0586804496163382,0.0,1.911424428591816e-05,3.1774622993449584e-05,0.0,7.484414458424237e-05,0.00012359165996512437,0.00012332596501671544,3.7152168691554326e-07,0.00634493948845029,1.9114244285918158e-05,1.734723475976807e-18,3.469446951953614e-18,1.146929243405188e-16,1.0251471632519233,1.0813352983346351e-16,1.021777986553664,0.0,9.735455320519206e-18
linear_chain,0.1,0.0,0.8,4.783018867924529,0.009429951037810596,0.05749597034431962,0.0,0.006175616278589889,0.05687744854057054,0.0,1.80239669951699e-05,2.9960546945201374e-05,0.0,6.97545471602237e-05,0.00011522488767121975,0.00011498436631570666,3.362918741580934e-07,0.0061627252475941075,1.80239669951699e-05,8.673617379884035e-19,6.938893903907228e-18,9.364641035001153e-17,1.024372841978794,1.8729275557951303e-16,1.0211066807371667,6.938893903907228e-18,9.349517564552248e-18
linear_chain,0.1,0.0,0.8,4.8327044025157235,0.009160798193424266,0.05574749677863643,0.0,0.005999890671747242,0.05514554217908242,0.0,1.700701257020876e-05,2.8266102305894008e-05,0.0,6.506183224554915e-05,0.00010750932110694766,0.00010729134739917674,3.0474094871265595e-07,0.0059877259738170974,1.700701257020876e-05,4.336808689942018e-19,3.469446951953614e-18,6.62180354736565e-17,1.0236306151898331,1.0813352338820364e-16,1.020463146015197,-3.469446951953614e-18,8.970596858693783e-18
linear_chain,0.1,0.0,0.8,4.882389937106918,0.008902204166180922,0.05406732298416288,0.0,0.005831070211812762,0.05348133415548998,0.0,1.6057724319891523e-05,2.6682310678556425e-05,0.0,6.0731247866289293e-05,0.00010038795750174937,0.00010019020383132754,2.764504778787321e-07,0.005819583619540444,1.6057724319891523e-05,1.3010426069826053e-18,3.469446951953614e-18,2.2938584640229406e-16,1.0229188294778955,1.529238976015294e-16,1.019845955677057,3.469446951953614e-18,8.611323893139087e-18
linear_chain,0.1,0.0,0.8,4.932075471698114,0.008653649175473807,0.05245221290766133,0.0,0.0056688143147978565,0.05188161742002008,0.0,1.5170935678079542e-05,2.5200947619653945e-05,0.0,5.673140731189777e-05,9.380931781427501e-05,9.362971831796187e-05,2.510534033280708e-07,0.005657961275682423,1.517093567807954e-05,2.168404344971009e-19,1.951563910473908e-18,6.621799600467637e-17,1.0222359332547135,7.64619488007647e-17,1.0192537705989995,-3.469446951953614e-18,8.291346408191938e-18
linear_chain,0.1,0.0,0.8,4.981761006289308,0.008414643920340957,0.050899109561311315,0.0,0.005512802409197844,0.050343362315456955,0.0,1.4341923241159274e-05,2.38144728941494e-05,0.0,5.3033932894710604e-05,8.772686116668331e-05,8.756357994926625e-05,2.2822728181608862e-07,0.005502541731034022,1.4341923241159276e-05,1.3010426069826053e-18,1.3010426069826053e-18,6.621801179227124e-17,1.0215804694565056,2.417939089425867e-16,1.0186853329931946,0.0,7.9629484631146e-18
linear_chain,0.1,0.0,0.8,5.031446540880504,0.008184727514264743,0.04940512380617425,0.0,0.0053627325764899324,0.04886370547184244,0.0,1.3566364717712537e-05,2.2515967624754072e-05,0.0,4.961314055688723e-05,8.209846655802773e-05,8.19498700485548e-05,2.076884730321814e-07,0.005353026142551366,1.3566364717712537e-05,4.336808689942018e-19,8.673617379884035e-19,4.5725769950909845e-20,1.0209510688453596,1.3243597753738826e-16,1.0181394606649572,0.0,7.665425538514619e-18
linear_chain,0.1,0.0,0.8,5.081132075471698,0.007963465578214162,0.04796752391073423,0.0,0.0052183202961433054,0.047439939468025945,0.0,1.2840301251815728e-05,2.129907778940092e-05,0.0,4.6445760289308974e-05,7.688597354170944e-05,7.67506064116711e-05,1.8918713422867502e-07,0.0052091328070660355,1.2840301251815728e-05,1.734723475976807e-18,3.469446951953614e-18,1.4806793333983775e-16,1.0203464438517784,1.0813352338820364e-16,1.0176150417318757,3.469446951953614e-18,7.367902613914638e-18
linear_chain,0.1,0.0,0.8,5.130817610062893,0.007750448478431785,0.046583725826931204,0.0,0.005079297286188336,0.04606950320292238,0.0,1.2160103603537715e-05,2.0157963330016557e-05,0.0,4.3510687990243845e-05,7.205477465034976e-05,7.193133880503192e-05,1.7250290256889828e-07,0.005070596025832119,1.2160103603537713e-05,8.673617379884035e-19,8.673617379884035e-19,1.4806793333983775e-16,1.019765382909314,7.646195107950817e-17,1.0171110297631691,-3.469446951953614e-18,7.1096751699222e-18
linear_chain,0.1,0.0,0.8,5.180503144654088,0.007545289696757676,0.04525128413016129,0.0,0.004945410431249279,0.04474997292383945,0.0,1.1522441776696313e-05,1.9087252273362213e-05,0.0,4.078876496217133e-05,6.757345329588299e-05,6.746078952086672e-05,1.574411653140448e-07,0.004937165054092813,1.1522441776696314e-05,8.673617379884035e-19,1.0842021724855044e-18,1.8729277883684064e-16,1.019206745237145,1.7097411521061839e-16,1.0166264393017659,-6.938893903907228e-18,6.8514477259297636e-18
linear_chain,0.1,0.0,0.8,5.230188679245283,0.00734762432236977,0.04396788357441714,0.0,0.00481642079068906,0.04347905386346158,0.0,1.092425770725272e-05,1.8081999251399377e-05,0.0,3.826258173584449e-05,6.341346168531335e-05,6.331053359051004e-05,1.4382983291213887e-07,0.00480860312859364,1.092425770725272e-05,4.336808689942018e-19,3.469446951953614e-18,1.6220028588796296e-16,1.01866945603086,1.3243597753738826e-16,1.0161603417353082,-3.469446951953614e-18,6.604447562110911e-18
linear_chain,0.1,0.0,0.8,5.279874213836479,0.00715710765489537,0.0427313312171782,0.0,0.004692102680194237,0.04225457244064821,0.0,1.036274067515915e-05,1.7137648171417986e-05,0.0,3.591630333524389e-05,5.954883399341786e-05,5.945471394816257e-05,1.315165430600393e-07,0.0046846865666117085,1.0362740675159152e-05,1.5178830414797062e-18,1.3010426069826053e-18,6.621801968606726e-17,1.0181525020255997,1.0813352338820364e-16,1.0157118614855918,0.0,6.346220118118473e-18
linear_chain,0.1,0.0,0.8,5.329559748427673,0.006973413909720934,0.04153954907245673,0.0,0.0045722428207460265,0.04107446898394472,0.0,9.835305153199294e-06,1.624999824801919e-05,0.0,3.3735513462494116e-05,5.59559306389092e-05,5.586978743476082e-05,1.2036623480883492e-07,0.004565203930636859,9.835305153199294e-06,5.421010862427522e-20,3.469446951953614e-18,9.364638802298074e-17,1.0176549273992104,1.0813352338820364e-16,1.0152801724888947,0.0,6.130094974776978e-18
linear_chain,0.1,0.0,0.8,5.379245283018868,0.006796235017190487,0.0403905672534761,0.0,0.004456639549466802,0.03993679093971006,0.0,9.339570822684403e-06,1.541517348249525e-05,0.0,3.1707075399113934e-05,5.26132100337701e-05,5.2534298048919626e-05,1.1025904066617981e-07,0.004449955253405304,9.339570822684403e-06,4.336808689942018e-19,1.3010426069826053e-18,9.364638802298074e-17,1.0171758299861682,1.3243597885302146e-16,1.01486449494231,-6.938893903907228e-18,5.911163011392086e-18
linear_chain,0.1,0.0,0.8,5.428930817610063,0.0066252795080873565,0.03928251756954963,0.0,0.004345102087325627,0.03883968652979972,0.0,8.873344530404378e-06,1.4629594871001975e-05,0.0,2.981900769387778e-05,4.95010246286257e-05,4.9428674298923e-05,1.0108845254040432e-07,0.004338751318407843,8.873344530404378e-06,8.673617379884035e-19,3.469446951953614e-18,1.3243598411555412e-16,1.0167143577758373,1.0813352499951865e-16,1.0144640922935155,-3.469446951953614e-18,5.69503786805059e-18
linear_chain,0.1,0.0,0.8,5.478616352201258,0.006460271478519505,0.038213627544404216,0.0,0.004237449859148295,0.0377813988264783,0.0,8.434603983277006e-06,1.3889955263176297e-05,0.0,2.8060372946175992e-05,4.660143847017897e-05,4.6535047898784644e-05,9.27597237990714e-08,0.004231412991475557,8.434603983277006e-06,6.505213034913027e-19,8.673617379884035e-19,9.364638802298074e-17,1.0162697056710892,1.8729275837039252e-16,1.0140782684535912,0.0,5.498560465012866e-18
linear_chain,0.1,0.0,0.8,5.528301886792454,0.006300949627893144,0.037182214825839485,0.0,0.004133511861751664,0.036760260214623225,0.0,8.021482995998013e-06,1.3193196524753721e-05,0.0,2.6421178200363804e-05,4.3898063827656694e-05,4.383709138822282e-05,8.518847515815813e-08,0.004127770599389176,8.021482995998013e-06,6.505213034913027e-19,1.734723475976807e-18,6.621800389847427e-17,1.015841112485585,1.0813352499951865e-16,1.0137063652143257,0.0,5.3161171621921224e-18
linear_chain,0.1,0.0,0.8,5.577987421383648,0.006147066364217875,0.036186681958525396,0.0,0.004033126076418798,0.03577468721364215,0.0,7.63225813705438e-06,1.2536488798134355e-05,0.0,2.489228564635746e-05,4.137591474235917e-05,4.1319872550191776e-05,7.829947687894879e-08,0.00402766335183573,7.63225813705438e-06,4.336808689942018e-19,1.734723475976807e-18,1.1469292889800568e-16,1.0154278581599914,1.3243597753738826e-16,1.0133477598532112,-1.734723475976807e-18,5.130867039327983e-18
linear_chain,0.1,0.0,0.8,5.627672955974843,0.005998386971517241,0.03522551149465006,0.0,0.003936138922242318,0.03482317563365565,0.0,7.265336620697915e-06,1.1917211684601188e-05,0.0,2.346533247893561e-05,3.9021275612577985e-05,3.896972375518932e-05,7.202558352104734e-08,0.003930938803353432,7.265336620697915e-06,2.168404344971009e-19,9.75781955236954e-19,1.4806792627940936e-16,1.0150292611792386,1.5292390329838807e-16,1.0130018629108253,5.204170427930421e-18,4.945616916463844e-18
linear_chain,0.1,0.0,0.8,5.6773584905660375,0.005854688834507834,0.034297261418116766,0.0,0.003842404747162888,0.03390429604233802,0.0,6.919245326084285e-06,1.1332937070810852e-05,0.0,2.2132658904409063e-05,3.6821583151458314e-05,3.677412458422247e-05,6.630680104897112e-08,0.0038374523521697,6.919245326084286e-06,2.168404344971009e-19,1.5178830414797062e-18,1.3243598016865464e-16,1.01464467617453,1.0813352499951865e-16,1.012668116126696,-1.734723475976807e-18,4.794048634120457e-18
linear_chain,0.1,0.0,0.8,5.727044025157233,0.00571576071619296,0.033400560860743916,0.0,0.003751785353808248,0.033016689520688376,0.0,6.5926208292385154e-06,1.0781413506159617e-05,0.0,2.0887243403226006e-05,3.476532025214852e-05,3.472159627723117e-05,6.108946883030451e-08,0.00374706677312165,6.592620829238516e-06,6.505213034913027e-19,1.734723475976807e-18,1.6220029233322287e-16,1.0142734916952767,1.8729275837039252e-16,1.0123459905209806,3.469446951953614e-18,4.64248035177707e-18
linear_chain,0.1,0.0,0.8,5.7767295597484285,0.005581402084303422,0.032534106089666226,0.0,0.003664149557479351,0.03215906368755692,0.0,6.2842003389805136e-06,1.026055201582777e-05,0.0,1.972264446084079e-05,3.284192046643696e-05,3.280160672392577e-05,5.632554143612278e-08,0.003659651782084833,6.2842003389805136e-06,2.168404344971009e-19,1.734723475976807e-18,1.3243599990315087e-16,1.0139151281374645,1.8729275837039252e-16,1.0120349846104124,-1.734723475976807e-18,4.479684789260099e-18
linear_chain,0.1,0.0,0.8,5.826415094339623,0.005451422482950041,0.03169665674747969,0.0,0.003579372773847982,0.03133018897435132,0.0,5.992813460177727e-06,9.768413110491194e-06,0.0,1.863294807142554e-05,3.1041681953491286e-05,3.1004484862732826e-05,5.197195743248933e-08,0.0035750836295249827,5.992813460177727e-06,2.710505431213761e-20,7.589415207398531e-19,6.621800389847427e-17,1.013569035816125,1.0813352499951865e-16,1.0117346227479822,-3.469446951953614e-18,4.3309233269601086e-18
linear_chain,0.1,0.0,0.8,5.876100628930818,0.005325640946064243,0.03088703232757332,0.0,0.0034973366341458615,0.030528895132663974,0.0,5.717374692203958e-06,9.303194927805502e-06,0.0,1.7612720398098553e-05,2.9355689887261863e-05,2.9321343484432438e-05,4.7990083881247194e-08,0.003493244721016659,5.717374692203958e-06,4.336808689942018e-19,2.0599841277224584e-18,1.1469292889800568e-16,1.0132346931706737,1.529239044377598e-16,1.0114444535767348,-1.734723475976807e-18,4.196195964877098e-18
linear_chain,0.1,0.0,0.8,5.925786163522012,0.005203885449549617,0.030104108868492876,0.0,0.003417928625794201,0.029754067958850706,0.0,5.4568765923522175e-06,8.863222467893328e-06,0.0,1.6656965044482434e-05,2.777574642662084e-05,2.7744009551498997e-05,4.434522692097439e-08,0.003414023262737306,5.456876592352217e-06,2.168404344971009e-19,1.734723475976807e-18,6.621801968606726e-17,1.01291160509285,1.529238976015294e-16,1.0111640485888878,1.734723475976807e-18,4.0614686027940875e-18
linear_chain,0.1,0.0,0.8,5.975471698113208,0.005085992399294221,0.029346815852476848,0.0,0.003341041756599203,0.029004646220805886,0.0,5.21038354973477e-06,8.44693761758455e-06,0.0,1.5761084453747086e-05,2.6294307453965396e-05,2.6264961244623834e-05,4.100620015873834e-08,0.0033373129300849577,5.210383549734771e-06,6.505213034913027e-19,2.168404344971009e-18,1.3243598411555412e-16,1.0125993013678616,1.7097411113427802e-16,1.0108930007822405,-1.734723475976807e-18,3.932354880797869e-18
linear_chain,0.1,0.0,0.8,6.025157232704403,0.0049718061524163335,0.02861413329429947,0.0,0.0032665742407893945,0.02827961877324892,0.0,4.977026096086564e-06,8.052890224638235e-06,0.0,1.492084500559819e-05,2.4904425377303782e-05,2.4877271036841895e-05,3.794494350170589e-08,0.003263012557765812,4.977026096086564e-06,8.673617379884035e-19,1.734723475976807e-18,6.621798811087752e-17,1.0122973352201385,1.709741141915333e-16,1.0106309234065016,-1.734723475976807e-18,3.806047978845047e-18
linear_chain,0.1,0.0,0.8,6.074842767295598,0.004861178569341603,0.02790508900754232,0.0,0.0031944292053091516,0.02757802184879571,0.0,4.755995716415315e-06,7.679729749315535e-06,0.0,1.4132345429653646e-05,2.35996973694563e-05,2.3574554173146084e-05,3.5136186274307965e-08,0.0031910258497766303,4.755995716415314e-06,7.589415207398531e-19,1.0842021724855044e-18,1.7519633781114053e-16,1.0120052819558345,1.8729275837039252e-16,1.010377448792793,-1.734723475976807e-18,3.699388817195997e-18
linear_chain,0.1,0.0,0.8,6.124528301886793,0.004753968594509381,0.02721875603664735,0.0,0.003124514414913578,0.026898936513103138,0.0,4.5465401008785584e-06,7.326197683578695e-06,0.0,1.3391988195731445e-05,2.2374218487316817e-05,2.2350922002554567e-05,3.255714907022375e-08,0.0031212611078763855,4.5465401008785584e-06,7.589415207398531e-19,3.469446951953614e-18,1.4806793333983775e-16,1.0117227376948517,1.0813352499951865e-16,1.0101322272601512,1.734723475976807e-18,3.584309195416759e-18
linear_chain,0.1,0.0,0.8,6.174213836477987,0.0046500418636377635,0.026554250243329875,0.0,0.003056742014711989,0.026241486273102268,0.0,4.347958809150469e-06,6.991120629994814e-06,0.0,1.2696453578690613e-05,2.1222539175140127e-05,2.120093966990662e-05,3.0187279696806774e-08,0.003053630977215515,4.347958809150469e-06,7.589415207398531e-19,1.734723475976807e-18,6.621801179227124e-17,1.011449318185769,1.7097411521061839e-16,1.0098949260933463,0.0,3.4636159335507285e-18
linear_chain,0.1,0.0,0.8,6.223899371069182,0.004549270335701017,0.025910728037461653,0.0,0.002991028288937256,0.025604834828267285,0.0,4.159599292619252e-06,6.6734039158114426e-06,0.0,1.2042676128489106e-05,2.0139626709981214e-05,2.0119587728523654e-05,2.8008018956657547e-08,0.0029880522079361446,4.159599292619252e-06,2.168404344971009e-19,4.336808689942018e-19,9.364638802298074e-17,1.0111846576976056,1.5292390329838807e-16,1.0096652285868029,1.734723475976807e-18,3.351343131814886e-18
linear_chain,0.1,0.0,0.8,6.273584905660378,0.004451531947872068,0.02528738424286377,0.0,0.0029272934347865705,0.024988183955470963,0.0,3.9808532614863e-06,6.372025725798851e-06,0.0,1.1427823305094045e-05,1.912083019492706e-05,1.910222728182117e-05,2.6002592818082423e-08,0.002924445431595934,3.9808532614863e-06,6.505213034913027e-19,1.0842021724855044e-19,9.36463991864968e-17,1.0109284079828265,7.64619488007647e-17,1.0094428331498406,-1.734723475976807e-18,3.2559112503394205e-18
linear_chain,0.1,0.0,0.8,6.323270440251573,0.004356710291815134,0.024683450088945617,0.0,0.0028654613502914626,0.024390771518677485,0.0,3.8111533436527154e-06,6.086031765823512e-06,0.0,1.084927606343827e-05,1.8161848748167916e-05,1.81445683043252e-05,2.4155827673772155e-08,0.0028627349514190915,3.811153343652716e-06,2.168404344971009e-19,1.1926223897340549e-18,9.364638244122221e-17,1.0106802373064614,1.3243597885302146e-16,1.0092274524688205,3.469446951953614e-18,3.166093008950747e-18
linear_chain,0.1,0.0,0.8,6.3729559748427675,0.0042646943098867615,0.024098191320390802,0.0,0.0028054594352404064,0.02381186959540685,0.0,3.6499700294900706e-06,5.814530263688128e-06,0.0,1.0304611196816838e-05,1.7258702573261318e-05,1.7242640829218004e-05,2.24539860919033e-08,0.0028028485453904044,3.6499700294900706e-06,6.505213034913027e-19,1.0842021724855044e-18,1.146929243405188e-16,1.010439829536607,1.0813352822214858e-16,1.0090188127221467,1.734723475976807e-18,3.073467947518677e-18
linear_chain,0.1,0.0,0.8,6.422641509433962,0.004175378009847966,0.02353090641693463,0.0,0.0027472184042610075,0.02325078271241095,0.0,3.4968088619771562e-06,5.556687481169403e-06,0.0,9.791585266834455e-06,1.6407706629184576e-05,1.6392768722878235e-05,2.0884620551705837e-08,0.0027447172813403363,3.496808861977156e-06,7.589415207398531e-19,1.734723475976807e-18,1.3243598411555412e-16,1.0102068832919682,1.8729275930068566e-16,1.0088166528443814,0.0,2.9808428860866073e-18
linear_chain,0.1,0.0,0.8,6.472327044025157,0.0040886601968481776,0.022980924916301715,0.0,0.002690672111227921,0.022706846183486597,0.0,3.3512078555376626e-06,5.311723487970772e-06,0.0,9.30811996638355e-06,1.5605446648166373e-05,1.5591545795810444e-05,1.9436443102181864e-08,0.002688275343189193,3.3512078555376626e-06,2.168404344971009e-19,1.734723475976807e-18,1.146929243405188e-16,1.0099811111424244,1.7097411215336312e-16,1.0086207238360398,1.734723475976807e-18,2.8882178246545378e-18
linear_chain,0.1,0.0,0.8,6.522012578616353,0.004004444221499599,0.02244760583372183,0.0,0.0026357573842342562,0.022179424543050573,0.0,3.2127351266470327e-06,5.07890835853765e-06,0.0,8.852288777757184e-06,1.4848757275513761e-05,1.4835814025528686e-05,1.8099209119718772e-08,0.0026334598676077026,3.2127351266470323e-06,5.421010862427522e-19,1.734723475976807e-18,9.364638802298074e-17,1.0097622388589254,7.64619488007647e-17,1.0084307881158767,0.0,2.8012064033092604e-18
linear_chain,0.1,0.0,0.8,6.571698113207548,0.003922637742979969,0.021930336171900242,0.0,0.002582413870415323,0.021667910069214168,0.0,3.0809867128133425e-06,4.857558560333607e-06,0.0,8.422304802447193e-06,1.4134702128883694e-05,1.412264368996829e-05,1.6863613515854173e-08,0.002580210790390944,3.080986712813343e-06,1.6940658945086007e-21,1.734723475976807e-18,9.364638244122221e-17,1.0095500047093047,1.0813352983346351e-16,1.0082466189127373,2.6020852139652106e-18,2.7254222621375665e-18
linear_chain,0.1,0.0,0.8,6.6213836477987424,0.0038431525061379153,0.02142852951551028,0.0,0.0025305838899643113,0.021171721390839927,0.0,2.9555845607545556e-06,4.647033719353088e-06,0.0,8.016509651574674e-06,1.3460555595156267e-05,1.3449315230668592e-05,1.572119796304531e-08,0.0025284707019098693,2.9555845607545556e-06,3.2526065174565133e-19,8.673617379884035e-19,6.621800389847427e-17,1.0093441587968586,1.0813352338820364e-16,1.0080679996942767,8.673617379884035e-19,2.6496381209658734e-18
linear_chain,0.1,0.0,0.8,6.671069182389937,0.0037659041317102443,0.020941624705380534,0.0,0.0024802122987391795,0.020690302173267054,0.0,2.8361746835509532e-06,4.446733612939357e-06,0.0,7.633363297362384e-06,1.2823786201588923e-05,1.2813302683178612e-05,1.4664267970409452e-08,0.0024781847110293895,2.8361746835509532e-06,5.251604272976662e-20,8.673617379884035e-19,9.364638802298074e-17,1.0091444624387844,1.8729275464921986e-16,1.0078947236300195,8.673617379884035e-19,2.5766607998375756e-18
linear_chain,0.1,0.0,0.8,6.720754716981132,0.0036908119187535893,0.020469084586934236,0.0,0.0024312463588903686,0.02022311987784904,0.0,2.72242545120068e-06,4.25609532391376e-06,0.0,7.27143479589034e-06,1.2222041414311255e-05,1.2212258528648272e-05,1.3685818588592533e-08,0.0024293003169534037,2.7224254512006804e-06,4.336808689942018e-19,2.168404344971009e-19,1.6220028588796296e-16,1.008950687581778,1.5292389532278588e-16,1.007726593086469,2.6020852139652106e-18,2.5092971187960707e-18
linear_chain,0.1,0.0,0.8,6.770440251572328,0.003617798658523021,0.020010394828377916,0.0,0.002383635616981301,0.01976966459057125,0.0,2.6140260216811116e-06,4.074590730722527e-06,0.0,6.929393800587611e-06,1.1653133731927857e-05,1.1643999834996736e-05,1.2779467881910033e-08,0.002381767288465753,2.614026021681112e-06,3.2526065174565133e-19,8.673617379884035e-19,1.6220029233322287e-16,1.0087626162523096,1.7097411215336312e-16,1.0075634191521097,1.734723475976807e-18,2.4419334377545658e-18
linear_chain,0.1,0.0,0.8,6.820125786163523,0.003546790459045551,0.019565062804662078,0.0,0.0023373317891339828,0.01932944791575541,0.0,2.5106848893881576e-06,3.901724091473257e-06,0.0,6.606002793604759e-06,1.1115027955237481e-05,1.1106495569278688e-05,1.193939724863855e-08,0.0023355375501074175,2.510684889388157e-06,3.2526065174565133e-19,1.0842021724855044e-18,1.4806794393047975e-16,1.0085800400392642,1.8729275557951303e-16,1.0074050211903312,-1.734723475976807e-18,2.366149296582872e-18
linear_chain,0.1,0.0,0.8,6.869811320754717,0.0034777165797035517,0.019132616542711534,0.0,0.0022922886527258247,0.0189020019305597,0.0,2.4121285478102112e-06,3.7370298336785556e-06,0.0,6.300109969701687e-06,1.0605829525604512e-05,1.0597854974342251e-05,1.116029787151721e-08,0.0022905650748269975,2.4121285478102112e-06,2.168404344971009e-19,8.673617379884035e-19,6.621800389847427e-17,1.0084027596068184,1.32435982799921e-16,1.0072512264184175,0.0,2.3015924355847627e-18
linear_chain,0.1,0.0,0.8,6.919496855345912,0.00341050927518705,0.018712603724565836,0.0,0.0022484619442362016,0.0184868781968679,0.0,2.318100249170063e-06,3.5800705407284307e-06,0.0,6.010642713414838e-06,1.012377383523069e-05,1.0116316913515119e-05,1.0437322592961045e-08,0.002246805782712693,2.3181002491700624e-06,1.0842021724855044e-19,3.2526065174565133e-19,6.621799600467637e-17,1.008230584235562,1.8729275557951303e-16,1.00710186951092,1.734723475976807e-18,2.242649214673446e-18
linear_chain,0.1,0.0,0.8,6.969182389937107,0.003345103648226573,0.018304590744674564,0.0,0.0022058092628423863,0.018083646826815146,0.0,2.228358864141644e-06,3.430435051533828e-06,0.0,5.736601616205839e-06,9.667216421840363e-06,9.660240096198246e-06,9.766042680147589e-09,0.002204217445399754,2.228358864141644e-06,2.168404344971009e-19,1.734723475976807e-18,3.222701627949685e-35,1.008063331390044,1.8729275557951303e-16,1.0069567922258138,0.0,2.1780923536753364e-18
linear_chain,0.1,0.0,0.8,7.018867924528303,0.003281437510555106,0.017908161818253086,0.0,0.002164289979412698,0.017691895598947568,0.0,2.1426778215675317e-06,3.287736700487983e-06,0.0,5.477054985323311e-06,9.234623968826867e-06,9.22809410584824e-06,9.142408899333638e-09,0.002162759595819464,2.142677821567532e-06,4.336808689942018e-19,8.673617379884035e-19,6.62180354736565e-17,1.0079008263110234,1.3243597753738826e-16,1.0068158430519836,0.0,2.1135354926772272e-18
linear_chain,0.1,0.0,0.8,7.068553459119498,0.0032194512515833105,0.017522918137564923,0.0,0.00212386515054901,0.017311229121844313,0.0,2.0608441302886905e-06,3.151611732295013e-06,0.0,5.231133800795818e-06,8.824566039378456e-06,8.818451159164517e-06,8.562716479385234e-09,0.002122393442940023,2.060844130288691e-06,4.336808689942018e-19,1.1384122811097797e-18,6.621799600467637e-17,1.0077429016308534,7.646196019448141e-17,1.00667887687667,8.673617379884035e-19,2.0602059118527023e-18
linear_chain,0.1,0.0,0.8,7.118238993710692,0.003159087714297939,0.01714847707318662,0.0,0.0020844974373709323,0.016941268042439186,0.0,1.982657472728983e-06,3.0217177598358546e-06,0.0,4.998027081032178e-06,8.4357074799738e-06,8.42997853216554e-06,8.02357353531715e-09,0.002083081791196204,1.982657472728983e-06,1.0842021724855044e-19,4.336808689942018e-19,1.146929334554924e-16,1.0075893970105227,1.7097411521061839e-16,1.0065457546716088,-8.673617379884035e-19,2.0068763310281773e-18
linear_chain,0.1,0.0,0.8,7.167924528301887,0.003100292077968386,0.01678447141786671,0.0,0.0020461510287499308,0.016581648296351274,0.0,1.907929362618382e-06,2.8977323959485716e-06,0.0,4.77697762138111e-06,8.06680143471533e-06,8.061431594900574e-06,7.52187258098359e-09,0.0020447889643245066,1.907929362618382e-06,3.2526065174565133e-19,1.734723475976807e-18,1.7519633482756498e-16,1.0074401587969888,1.7097411113427802e-16,1.006416343196693,1.734723475976807e-18,1.9507399301602563e-18
linear_chain,0.1,0.0,0.8,7.2176100628930815,0.0030430117472156383,0.01643054867022272,0.0,0.0020087915687203414,0.016232020397861948,0.0,1.8364823697991142e-06,2.7793519462517945e-06,0.0,4.567278073177288e-06,7.716682917452423e-06,7.711647401946742e-06,7.054764840664409e-09,0.0020074807333264064,1.8364823697991142e-06,2.168404344971009e-19,7.047314121155779e-19,1.1469293801297893e-16,1.007295039699533,1.0813352338820364e-16,1.006290514720051,0.0,1.9058308094659192e-18
linear_chain,0.1,0.0,0.8,7.267295597484278,0.002987196247064587,0.016086370355855386,0.0,0.0019723860878069262,0.015892048767020345,0.0,1.7681493933389176e-06,2.6662902098248375e-06,0.0,4.368267333942366e-06,7.3842628935676795e-06,7.37953879082267e-06,6.619637015405095e-09,0.001971124248315845,1.7681493933389176e-06,3.2526065174565133e-19,8.673617379884035e-19,9.364638802298074e-17,1.0071538984839508,1.529238941834141e-16,1.0061681467535366,0.0,1.8525012286413947e-18
linear_chain,0.1,0.0,0.8,7.3169811320754725,0.0029327971236321926,0.01575161138418768,0.0,0.001936902938044173,0.015561411091946227,0.0,1.7027729945734312e-06,2.5582773636893305e-06,0.0,4.179327222081037e-06,7.068522827820971e-06,7.064088944830208e-06,6.214090312079892e-09,0.0019356879740126567,1.7027729945734312e-06,2.168404344971009e-19,3.7947076036992655e-19,1.4806793687005185e-16,1.007016599683481,1.7097411113427802e-16,1.0060491218026602,2.6020852139652106e-18,1.818819388120642e-18
linear_chain,0.1,0.0,0.8,7.366666666666667,0.002879767850102356,0.015425959438359867,0.0,0.0019023117314542468,0.015239797724112662,0.0,1.6402047723789707e-06,2.455058919583132e-06,0.0,3.9998794118900465e-06,6.768509658562279e-06,6.764346380858231e-06,5.835921452989272e-09,0.0019011416286668936,1.6402047723789707e-06,4.336808689942018e-19,1.0842021724855044e-18,9.36463991864968e-17,1.0068830133254436,1.7097411622970347e-16,1.0059333271301008,8.673617379884035e-19,1.762682987252721e-18
linear_chain,0.1,0.0,0.8,7.416352201257862,0.002828063737662973,0.015109114396722788,0.0,0.001868583281784209,0.014926911104837131,0.0,1.580304784656014e-06,2.356394763060821e-06,0.0,3.82938260679621e-06,6.4833311623170135e-06,6.479420326264266e-06,5.4831054929144006e-09,0.0018674561262089335,1.580304784656014e-06,1.3552527156068805e-20,8.673617379884035e-19,1.3243599595625186e-16,1.0067530146726265,1.8729275837039252e-16,1.005820654531955,-8.673617379884035e-19,1.717773866558384e-18
linear_chain,0.1,0.0,0.8,7.466037735849056,0.002777641851137417,0.014800787783902132,0.0,0.0018356895493095485,0.01462246522111483,0.0,1.5229410114237175e-06,2.2620582308346593e-06,0.0,3.6673299309341515e-06,6.212151675983655e-06,6.208476452207105e-06,5.15378025663355e-09,0.0018346035214354918,1.5229410114237177e-06,2.168404344971009e-19,8.673617379884035e-19,1.1469294257046526e-16,1.0066264839785382,1.0813352338820364e-16,1.0057110001259617,0.0,1.6784783859508391e-18
linear_chain,0.1,0.0,0.8,7.515723270440253,0.0027284609290123127,0.014500702249795357,0.0,0.001803603588517441,0.014326185089153948,0.0,1.4679888549998057e-06,2.1718353210694662e-06,0.0,3.513246520788387e-06,5.954188146812876e-06,5.950732933729456e-06,4.846232229598786e-09,0.0018025569580511725,1.4679888549998057e-06,4.336808689942018e-19,8.673617379884035e-19,1.1469298358783423e-16,1.0065033062556883,1.0813352983346351e-16,1.0056042641509837,-8.673617379884035e-19,1.6307624452131063e-18
linear_chain,0.1,0.0,0.8,7.565408805031447,0.0026804813076075898,0.014208591075017743,0.0,0.0017722994985078196,0.014037806264047957,0.0,1.4153306728503814e-06,2.0855238661256397e-06,0.0,3.3666873003132556e-06,5.708706483049562e-06,5.7054568095591436e-06,4.558883752188921e-09,0.0017712906194010582,1.4153306728503814e-06,1.0842021724855044e-19,8.673617379884035e-19,2.293858486810376e-16,1.0063833710561105,2.5359559491150156e-16,1.005500350777077,0.0,1.6055010648225417e-18
linear_chain,0.1,0.0,0.8,7.615094339622642,0.0026336648491671615,0.013924197701117172,0.0,0.0017417523759536266,0.013757074374176276,0.0,1.3648553449028648e-06,2.0029328187109166e-06,0.0,3.2272349245170863e-06,5.475018180502952e-06,5.471960616998336e-06,4.2902814029511424e-09,0.0017407796817408918,1.364855344902865e-06,2.168404344971009e-19,1.734723475976807e-18,1.3243598016865464e-16,1.0062665722634243,1.872927630218582e-16,1.005399167925517,-1.734723475976807e-18,1.5774328643885814e-18
linear_chain,0.1,0.0,0.8,7.664779874213837,0.002587974873618077,0.013647275284384556,0.0,0.001711938270469552,0.013483744678783103,0.0,1.3164578719257242e-06,1.923881565361996e-06,0.0,3.0944978776246953e-06,5.252477202487024e-06,5.2495992794088435e-06,4.039085450451369e-09,0.0017110002698905735,1.3164578719257242e-06,1.6263032587282567e-19,4.87890977618477e-19,1.1469294257046526e-16,1.0061528078957307,1.7097411113427802e-16,1.0053006270982054,0.0,1.50726236330368e-18
linear_chain,0.1,0.0,0.8,7.714465408805031,0.002543376093805769,0.013377586271809988,0.0,0.0016828341422507954,0.013217581647654629,0.0,1.2700389965895656e-06,1.8481993373225785e-06,0.0,2.968108713352567e-06,5.040477092561672e-06,5.0377672258409405e-06,3.804060250648086e-09,0.0016819294151476157,1.2700389965895656e-06,2.710505431213761e-19,8.673617379884035e-19,1.4806792627940936e-16,1.0060419799187295,1.0813352499951865e-16,1.005204643215896,8.673617379884035e-19,1.4904214430433036e-18
linear_chain,0.1,0.0,0.8,7.764150943396228,0.00249983455400115,0.01311490199797186,0.0,0.0016544178218597621,0.01295835856151257,0.0,1.2255048538206092e-06,1.77572455364038e-06,0.0,2.8477224257718886e-06,4.838448301319511e-06,4.835895724052946e-06,3.5840655243677398e-09,0.0016535450153196307,1.2255048538206092e-06,1.0842021724855044e-19,8.673617379884035e-19,9.364638244122221e-17,1.0059339940684509,1.529238976015294e-16,1.0051111344647483,0.0,1.4427055023055708e-18
linear_chain,0.1,0.0,0.8,7.813836477987422,0.002457317571497117,0.01285900230184845,0.0,0.0016266679720285532,0.012705857132082773,0.0,1.182766645569149e-06,1.7063043205672635e-06,0.0,2.733014940320348e-06,4.645855710033331e-06,4.6434504098439045e-06,3.3780484207246358e-09,0.0016258257967597851,1.182766645569149e-06,2.710505431213761e-19,8.673617379884035e-19,9.364639360473893e-17,1.0058287596830555,1.8729275557951303e-16,1.0050200221507075,-8.673617379884035e-19,1.406216841741422e-18
linear_chain,0.1,0.0,0.8,7.863522012578617,0.002415793681115111,0.01260967516215464,0.0,0.001599564051370698,0.012459867140677136,0.0,1.141740332063813e-06,1.6397938891569632e-06,0.0,2.623681715373869e-06,4.462196335510618e-06,4.459928997099719e-06,3.185036273773532e-09,0.0015987512783007403,1.141740332063813e-06,3.611118645726067e-35,1.0842021724855044e-19,9.364638802298074e-17,1.0057261895431775,1.0813352338820364e-16,1.0049312305612794,0.0,1.3781486413074616e-18
linear_chain,0.1,0.0,0.8,7.913207547169812,0.0023752325824699916,0.012366716350607255,0.0,0.0015730862798968572,0.012220186094411441,0.0,1.102346350756906e-06,1.5760561784789498e-06,0.0,2.519436445628847e-06,4.28699720182224e-06,4.284859154226919e-06,3.0041300223174455e-09,0.0015723017369686427,1.102346350756906e-06,1.6263032587282567e-19,5.421010862427522e-20,1.1469294712795144e-16,1.005626199720327,1.5292389988027292e-16,1.0048446868342757,-8.673617379884035e-19,1.341659980743313e-18
linear_chain,0.1,0.0,0.8,7.962893081761006,0.0023356050898270843,0.01212992910178591,0.0,0.0015472156062261808,0.011986618898938583,0.0,1.0645093467701145e-06,1.5149613262754147e-06,0.0,2.4200098592825393e-06,4.119813365763654e-06,4.117796533931201e-06,2.8344981896225423e-09,0.001546458175389086,1.0645093467701145e-06,1.6263032587282567e-19,4.336808689942018e-19,6.621801179227124e-17,1.0055287094328962,2.2938584944061876e-16,1.004760320833126,0.0,1.3107849602659563e-18
linear_chain,0.1,0.0,0.8,8.0125786163522,0.002296883084419881,0.011899123798908489,0.0,0.0015219336764083146,0.011758977546951056,0.0,1.0281579257935048e-06,1.4563862780114431e-06,0.0,2.325148601687359e-06,3.960226084063364e-06,3.958322944347379e-06,2.6753714037480365e-09,0.0015212022907845687,1.0281579257935048e-06,2.168404344971009e-19,8.673617379884035e-19,1.6220029555585272e-16,1.0054336409093383,1.872927630218582e-16,1.0046780650284102,8.673617379884035e-19,1.2911372199621839e-18
linear_chain,0.1,0.0,0.8,8.062264150943397,0.0022590394690861692,0.011674117674594872,0.0,0.0014972228042618673,0.011537080821531789,0.0,9.932244224335497e-07,1.4002143765761726e-06,0.0,2.234614198749987e-06,3.8078411113184763e-06,3.8060446505594437e-06,2.526037392525938e-09,0.001496516445478306,9.932244224335497e-07,2.168404344971009e-19,4.87890977618477e-19,1.6220029233322287e-16,1.0053409192581262,1.0813352499951865e-16,1.0045978543852319,-8.673617379884035e-19,1.2602621994848275e-18
linear_chain,0.1,0.0,0.8,8.111949685534592,0.0022220481250951893,0.011454734525863555,0.0,0.0014730659431513833,0.01132075401361603,0.0,9.596446811529147e-07,1.3463350043837932e-06,0.0,2.148182093907267e-06,3.662287118584535e-06,3.6605907964728153e-06,2.385836405046333e-09,0.0014723836388288443,9.596446811529145e-07,1.6263032587282567e-19,1.0842021724855044e-19,1.3243597622175503e-16,1.0052504723441045,1.7097411317244823e-16,1.0045196262561482,-4.336808689942018e-19,1.2265803589640746e-18
linear_chain,0.1,0.0,0.8,8.161635220125786,0.002185883871060204,0.011240804442496569,0.0,0.0014494466591198317,0.011109828652745006,0.0,9.273578516875636e-07,1.2946432184825512e-06,0.0,2.065640753081774e-06,3.523214223355913e-06,3.521611937786193e-06,2.2541570278898327e-09,0.001448787480506567,9.273578516875636e-07,1.6263032587282567e-19,4.336808689942018e-19,9.364638802298074e-17,1.0051622306708898,7.646195107950817e-17,1.0044433202793135,4.336808689942018e-19,1.2181598988338868e-18
linear_chain,0.1,0.0,0.8,8.211320754716981,0.002150522423803751,0.011032163548273256,0.0,0.0014263491053071054,0.010904142250489956,0.0,8.963062033601146e-07,1.2450394554298966e-06,0.0,1.9867908323579065e-06,3.390292622457894e-06,3.3887786776212255e-06,2.1304323726979687e-09,0.001425712165047447,8.963062033601146e-07,1.6263032587282567e-19,4.336808689942018e-19,1.1469294257046526e-16,1.0050761272689863,1.8729275557951303e-16,1.004368878281578,0.0,1.181671238269738e-18
linear_chain,0.1,0.0,0.8,8.261006289308176,0.0021159403610876088,0.010828653754163737,0.0,0.00140375799758231,0.010703538055810324,0.0,8.664349398923585e-07,1.1974292033790512e-06,0.0,1.9114444036915247e-06,3.2632113200486277e-06,3.261780397039523e-06,2.0141365597289236e-09,0.0014031424476160501,8.664349398923586e-07,2.668153783851046e-20,8.673617379884035e-19,6.621802757986235e-17,1.0049920975893036,1.3243598411555412e-16,1.0042962441862557,8.673617379884035e-19,1.1507962177923814e-18
linear_chain,0.1,0.0,0.8,8.310691823899372,0.0020821150861035586,0.010630122523032144,0.0,0.0013816585913326452,0.010507864821835003,0.0,8.376920391806915e-07,1.151722732527004e-06,0.0,1.8394242342413993e-06,3.1416769435890045e-06,3.1403240732972813e-06,1.904781529844965e-09,0.0013810636209091798,8.376920391806914e-07,1.0842021724855044e-19,2.168404344971009e-19,9.364643825879253e-17,1.0049100794017842,1.8729275744009933e-16,1.0042253639253191,0.0,1.128341657445213e-18
linear_chain,0.1,0.0,0.8,8.360377358490567,0.002049024793624183,0.010436422645213394,0.0,0.001360036659337173,0.010316976583326158,0.0,8.100280901979297e-07,1.1078348082651106e-06,0.0,1.7705631153058847e-06,3.025412641174182e-06,3.0241331792913507e-06,1.8019140932461e-09,0.0013594614931462233,8.100280901979297e-07,1.6263032587282567e-19,8.673617379884035e-19,9.364640616369366e-17,1.0048300126988676,1.872927537189267e-16,1.0041561853557774,0.0,1.1086939171414405e-18
linear_chain,0.1,0.0,0.8,8.410062893081761,0.0020166484377425885,0.010247412024339727,0.0,0.001338878470674374,0.010130732444401892,0.0,7.833961516587612e-07,1.0656844759507203e-06,0.0,1.7047032372126874e-06,2.914157054190401e-06,2.9129466581371623e-06,1.7051132508181328e-09,0.0013383223670785367,7.833961516587612e-07,5.421010862427522e-20,2.168404344971009e-19,1.1469292547989053e-16,1.0047518396035326,1.7097411113427802e-16,1.0040886581800161,-4.336808689942018e-19,1.077818896664084e-18
linear_chain,0.1,0.0,0.8,8.459748427672956,0.0019849657010992845,0.010062953472963996,0.0,0.0013181707706128836,0.009948996375920815,0.0,7.57751610231211e-07,1.0251947801457683e-06,0.0,1.6416956066937404e-06,2.8076633597360348e-06,2.8065179673624393e-06,1.613987716354813e-09,0.0013176330199803083,7.57751610231211e-07,5.421010862427522e-20,4.336808689942018e-19,9.364638941842032e-17,1.0046755042816697,1.3243598806245348e-16,1.0040227338698893,0.0,1.0609779764037077e-18
linear_chain,0.1,0.0,0.8,8.50943396226415,0.001953956965533626,0.009882914517451725,0.0,0.001297900761423322,0.00977163702206949,0.0,7.330520527220898e-07,9.862925808045747e-07,0.0,1.5813995036893554e-06,2.7056983776562296e-06,2.7046141875648293e-06,1.5281736545193518e-09,0.0012973806845526788,7.330520527220898e-07,1.6263032587282567e-19,3.2526065174565133e-19,9.364638802298074e-17,1.0046009528585638,1.7097411215336312e-16,1.0039583655943654,0.0,1.0329097759697472e-18
linear_chain,0.1,0.0,0.8,8.559119496855347,0.0019236032840812727,0.00970716721169505,0.0,0.0012780560840774562,0.009598527515695298,0.0,7.09257146409118e-07,9.48908324602259e-07,0.0,1.523681974646426e-06,2.6080417375012613e-06,2.6070151908569013e-06,1.447332604180082e-09,0.0012775530307077387,7.092571464091179e-07,1.0842021724855044e-19,8.131516293641283e-20,1.6220028427664795e-16,1.0045281333392602,1.7097411113427802e-16,1.0038955081505385,8.673617379884035e-19,1.0076483955791828e-18
linear_chain,0.1,0.0,0.8,8.608805031446542,0.0018938863542403866,0.0095355879590994,0.0,0.0012586248007760699,0.009429545301876698,0.0,6.863285205506929e-07,9.129758416690439e-07,0.0,1.4684173596784649e-06,2.5144851010290734e-06,2.513512864745576e-06,1.3711495580509262e-09,0.00125813814818142,6.863285205506928e-07,5.421010862427522e-20,2.710505431213761e-19,6.621799797812593e-17,1.0044569955326206,1.0813352822214858e-16,1.0038341178978336,-4.336808689942018e-19,9.908074753188064e-19
linear_chain,0.1,0.0,0.8,8.658490566037736,0.0018647884924604073,0.009368057342697113,0.0,0.0012395953782715163,0.009264571969419157,0.0,6.642296653320824e-07,8.784322007218918e-07,0.0,1.4154868511460633e-06,2.424831436259719e-06,2.4239103874372607e-06,1.2993312185782578e-09,0.0012391245299286546,6.642296653320823e-07,2.168404344971009e-19,4.336808689942018e-19,1.1469293003737737e-16,1.004387490978872,1.7097411521061839e-16,1.0037741526952384,0.0,9.599324548414498e-19
linear_chain,0.1,0.0,0.8,8.70817610062893,0.0018362926097690256,0.00920445996254227,0.0,0.001220956671942619,0.00910349308979757,0.0,6.429258248763439e-07,8.452175063110655e-07,0.0,1.3647780813809948e-06,2.338894339377335e-06,2.3380215509076707e-06,1.2316043697523243e-09,0.0012205010562752968,6.429258248763439e-07,5.421010862427522e-20,4.336808689942018e-19,1.1469294370983683e-16,1.0043195728804692,7.646195107950817e-17,1.0037155718414017,-4.336808689942018e-19,9.374778944942814e-19
linear_chain,0.1,0.0,0.8,8.757861635220126,0.0018083821885018295,0.009044684280561635,0.0,0.0012026979105824002,0.008946198063215397,0.0,6.223839077787397e-07,8.132747261402932e-07,0.0,1.3161847374883302e-06,2.2564974010621194e-06,2.255670128287856e-06,1.1677144011047089e-09,0.0012022569797678464,6.223839077787397e-07,1.6263032587282567e-19,1.3552527156068805e-19,1.1469293117674907e-16,1.0042531960361039,1.7097411928695865e-16,1.003658336017459,0.0,9.15023334147113e-19
linear_chain,0.1,0.0,0.8,8.807547169811322,0.0017810412600578983,0.008888622471969566,0.0,0.0011848086818636162,0.00879257997143921,0.0,6.025723941900769e-07,7.825495565290074e-07,0.0,1.269606201292229e-06,2.177473614101944e-06,2.176689282464869e-06,1.1074239318294959e-09,0.0011843819107068736,6.025723941900769e-07,1.0842021724855044e-19,2.710505431213761e-19,1.3243598115537953e-16,1.0041883167776957,1.0813352499951865e-16,1.0036024072324436,0.0,9.066028740169248e-19
linear_chain,0.1,0.0,0.8,8.857232704402517,0.0017542543836520106,0.00873617028332916,0.0,0.0011672789184488904,0.008642535437020099,0.0,5.834612563758885e-07,7.529902966484621e-07,0.0,1.224947212661245e-06,2.101664819372681e-06,2.100921012960891e-06,1.0505115586441396e-09,0.001166865803314695,5.834612563758886e-07,1.0842021724855044e-19,8.673617379884035e-19,9.364638523210152e-17,1.0041248929102136,1.0813352338820364e-16,1.003547748771145,0.0,8.813414936263604e-19
linear_chain,0.1,0.0,0.8,8.906918238993711,0.0017280066259908959,0.008587226896707977,0.0,0.001150098884713397,0.00849596448865952,0.0,5.650218743010696e-07,7.245476610835547e-07,0.0,1.182117554544597e-06,2.0289211874959857e-06,2.0282156384274832e-06,9.967706841606157e-10,0.0011496989425166296,5.650218743010696e-07,1.6263032587282567e-19,1.3552527156068805e-19,9.364638941842032e-17,1.0040628836541945,1.0813352983346351e-16,1.0034943251443058,-4.336808689942018e-19,8.925687737999447e-19
linear_chain,0.1,0.0,0.8,8.956603773584906,0.0017022835418484073,0.008441694799732629,0.0,0.0011332591640471046,0.008352770432392619,0.0,5.472269681580377e-07,6.971747040774354e-07,0.0,1.141031758241921e-06,1.959100733681423e-06,1.9584313122484685e-06,9.46008458453649e-10,0.0011328719312925747,5.472269681580377e-07,1.6263032587282567e-19,2.439454888092385e-19,1.6220028911059293e-16,1.0040022495908043,1.0813352983346351e-16,1.003442102041026,4.336808689942018e-19,8.476596531056078e-19
linear_chain,0.1,0.0,0.8,9.0062893081761,0.0016770711554820164,0.008299479661186824,0.0,0.0011167506467136346,0.0082128597282695,0.0,5.300505194671008e-07,6.708266619016216e-07,0.0,1.101608827463103e-06,1.89206886346144e-06,1.8914335689948832e-06,8.980447756144728e-10,0.0011163756785927158,5.300505194671008e-07,1.0842021724855044e-19,4.336808689942018e-19,6.621801179227124e-17,1.0039429526093402,7.64619488007647e-17,1.0033910462832731,0.0,8.308187328452315e-19
linear_chain,0.1,0.0,0.8,9.055974842767297,0.0016523559428585335,0.008160490211973194,0.0,0.0011005645182320216,0.00807614187236271,0.0,5.134677161225804e-07,6.454608615073875e-07,0.0,1.0637719799133338e-06,1.8276979471772943e-06,1.8270948995482853e-06,8.527113814341654e-10,0.0011002013877572535,5.134677161225804e-07,1.0842021724855044e-19,4.336808689942018e-19,9.364638383666187e-17,1.0038849558570255,1.0813352499951865e-16,1.003341125782393,0.0,8.252050927584394e-19
linear_chain,0.1,0.0,0.8,9.105660377358491,0.0016281248146415035,0.008024638131064327,0.0,0.0010846922482608031,0.007942529283727611,0.0,4.974548809694616e-07,6.210366052839832e-07,0.0,1.027448405173706e-06,1.7658669212528148e-06,1.7652943529914801e-06,8.098510158325729e-10,0.0010843405454528535,4.974548809694616e-07,1.6263032587282567e-19,4.336808689942018e-19,1.6220028347099043e-16,1.0038282236910097,1.0813352177688863e-16,1.0032923094975172,0.0,8.280119128018355e-19
linear_chain,0.1,0.0,0.8,9.155345911949686,0.0016043650999076683,0.007891837936398893,0.0,0.001069125579958916,0.007811937196188386,0.0,4.819894177071558e-07,5.975150731444594e-07,0.0,9.925690377692546e-07,1.7064609144268908e-06,1.705917163393097e-06,7.693166433416029e-10,0.0010687849110725422,4.819894177071558e-07,1.6263032587282567e-19,4.336808689942018e-19,6.621799797812593e-17,1.0037727216324472,1.0813353144477842e-16,1.0032445673957837,0.0,8.055573524546669e-19
linear_chain,0.1,0.0,0.8,9.20503144654088,0.0015810645305615572,0.00776200688018191,0.0,0.0010538565197981545,0.0076842835546555395,0.0,4.670497559111304e-07,5.748592193465315e-07,0.0,9.59068344418595e-07,1.6493708972482715e-06,1.648854399813455e-06,7.309707350999455e-10,0.0010535265065852086,4.670497559111304e-07,5.421010862427522e-20,4.336808689942018e-19,1.986539807780471e-16,1.0037184163225612,1.709741182678736e-16,1.0031978704142717,0.0,7.7468233197731045e-19
linear_chain,0.1,0.0,0.8,9.254716981132075,0.0015582112264055392,0.0076350648487545575,0.0,0.001038877327810221,0.0075594889157821,0.0,4.526152974710856e-07,5.530336893856306e-07,0.0,9.26884124461955e-07,1.5944933532712355e-06,1.5940026379828179e-06,6.946846023945241e-10,0.001038557606823927,4.5261529747108555e-07,1.0842021724855044e-19,4.336808689942018e-19,6.62180058719236e-17,1.0036652754805937,1.5292389532278588e-16,1.0031521904235763,0.0,7.690686918905183e-19
linear_chain,0.1,0.0,0.8,9.304402515723272,0.0015357936808413888,0.007510934266502806,0.0,0.0010241805082412834,0.007437476352758462,0.0,4.386663667272575e-07,5.32004729447065e-07,0.0,8.95957322624997e-07,1.5417299704862482e-06,1.541263652169896e-06,6.603377814610742e-10,0.0010238707301741857,4.386663667272575e-07,1.8973538018496328e-19,4.336808689942018e-19,6.621799600467637e-17,1.0036132678635568,1.0813353627872299e-16,1.0031075001929417,8.673617379884035e-19,7.606482317603301e-19
linear_chain,0.1,0.0,0.8,9.354088050314466,0.001513800747172301,0.007389540003797188,0.0,0.0010097588006023402,0.007318171364046618,0.0,4.2518416587084243e-07,5.117401236380667e-07,0.0,8.662318532658684e-07,1.4909873516476378e-06,1.4905441259170932e-06,6.278174679498882e-10,0.0010094586296575123,4.2518416587084243e-07,1.6263032587282567e-19,4.336808689942018e-19,1.1469292547989053e-16,1.0035623632276864,2.417939067807808e-16,1.0030637733568748,8.673617379884035e-19,7.353868513697656e-19
linear_chain,0.1,0.0,0.8,9.403773584905661,0.0014922216254747,0.0072708092887137235,0.0,0.0009956051710910427,0.00720150178587682,0.0,4.121507314074498e-07,4.922090744438906e-07,0.0,8.376544353547598e-07,1.4421767422353727e-06,1.4417553803762203e-06,5.970179910573887e-10,0.0009953142843823703,4.121507314074498e-07,1.8973538018496328e-19,4.336808689942018e-19,1.3243599694297663e-16,1.0035125322915328,1.7097411215336312e-16,1.003020984383172,-4.336808689942018e-19,7.269663912395776e-19
linear_chain,0.1,0.0,0.8,9.453459119496856,0.0014710458500153368,0.007154671622357479,0.0,0.000981712804367982,0.007087397708314653,0.0,3.9954889050604384e-07,4.733822040379652e-07,0.0,8.101744374756251e-07,1.3952137748881744e-06,1.3948131190993182e-06,5.6784032284697e-10,0.0009814308913556943,3.995488905060438e-07,5.421010862427522e-20,5.421010862427522e-20,6.621799995157544e-17,1.003463746700594,7.646194937045057e-17,1.0029791085422926,4.336808689942018e-19,7.1854593110938935e-19
linear_chain,0.1,0.0,0.8,9.50314465408805,0.001450263277186015,0.007041058697671729,0.0,0.0009680750956742053,0.006975791394763354,0.0,3.873622228056952e-07,4.552313934356451e-07,0.0,7.837437321851485e-07,1.3500182292315167e-06,1.3496371881818656e-06,5.401916281496001e-10,0.0009678018576225926,3.8736222280569515e-07,8.131516293641283e-20,8.131516293641283e-20,9.36463782549031e-17,1.0034159789934347,2.2938584108522587e-16,1.0029381218780116,4.336808689942018e-19,6.988981908056171e-19
linear_chain,0.1,0.0,0.8,9.552830188679247,0.0014298640739376291,0.0069299043215112046,0.0,0.0009546856432738977,0.0068666172047666535,0.0,3.7557502448198825e-07,4.3772980188155055e-07,0.0,7.583165591227026e-07,1.306513806094768e-06,1.306151350784961e-06,5.139848474387489e-10,0.0009544207927388427,3.755750244819883e-07,5.421010862427522e-20,2.168404344971009e-19,6.621800389847427e-17,1.003369202569207,1.3243597753738826e-16,1.0028980011793014,2.168404344971009e-19,6.792504505018447e-19
linear_chain,0.1,0.0,0.8,9.602515723270441,0.0014098387066815848,0.006821144339832991,0.0,0.000941538241200259,0.0067598115198090345,0.0,3.641722711548323e-07,4.208517766368109e-07,0.0,7.338493963012348e-07,1.264627915173372e-06,1.2642830750766925e-06,4.891383056809194e-10,0.0009412815015425089,3.641722711548323e-07,2.710505431213761e-20,2.439454888092385e-19,1.3243598411555412e-16,1.003323391656518,1.3243597885302146e-16,1.0028587239533657,2.168404344971009e-19,6.708299903716565e-19
linear_chain,0.1,0.0,0.8,9.652201257861636,0.0013901779306462877,0.0067147165660178575,0.0,0.0009286268723034675,0.006655312672262916,0.0,3.531395876136294e-07,4.045727540734173e-07,0.0,7.103008390420261e-07,1.2242914752851909e-06,1.223963334740186e-06,4.655753560401031e-10,0.0009283779772207726,3.531395876136294e-07,2.710505431213761e-20,2.168404344971009e-19,3.959967838509104e-20,1.003278521283578,1.3243597753738826e-16,1.002820268399801,2.168404344971009e-19,6.539890701112801e-19
linear_chain,0.1,0.0,0.8,9.70188679245283,0.001370872779661388,0.006610560711856226,0.0,0.0009159457015719344,0.006553060877038587,0.0,3.4246321467439606e-07,3.888692684250958e-07,0.0,6.876314860803634e-07,1.1854387263912185e-06,1.18512642124091e-06,4.4322404302213487e-10,0.0009157043946586073,3.4246321467439606e-07,1.0842021724855044e-19,2.168404344971009e-19,6.621802757986235e-17,1.0032345672495644,1.709741182678736e-16,1.0027826133858018,0.0,6.399549698942998e-19
linear_chain,0.1,0.0,0.8,9.751572327044025,0.0013519145563515695,0.006508618321413224,0.0,0.0009034890697277985,0.006452998165988698,0.0,3.3212997822578904e-07,3.737188753284705e-07,0.0,6.658038323508562e-07,1.1480070526466512e-06,1.147709767100449e-06,4.2201679043384344e-10,0.0009032551040557563,3.3212997822578904e-07,8.131516293641283e-20,4.336808689942018e-19,6.621799797812593e-17,1.003191506097155,1.7097411113427802e-16,1.0027457384223852,2.168404344971009e-19,6.287276897207157e-19
linear_chain,0.1,0.0,0.8,9.801257861635222,0.0013332948227280563,0.006408832707535889,0.0,0.0008912514870765009,0.006355068324968887,0.0,3.221272639258286e-07,3.591000845756558e-07,0.0,6.447821680640352e-07,1.1119368157704376e-06,1.1116537794663793e-06,4.0189011666892647e-10,0.0008910246247914225,3.2212726392582857e-07,2.710505431213761e-20,2.439454888092385e-19,2.387523564178622e-16,1.0031493150861734,2.5359559078909936e-16,1.0027096236415844,-2.168404344971009e-19,6.146935895037355e-19
linear_chain,0.1,0.0,0.8,9.850943396226416,0.0013150053911471931,0.006311148890721611,0.0,0.0008792276275988524,0.006259216833247207,0.0,3.1244298861354074e-07,3.44992341532258e-07,0.0,6.245324836441551e-07,1.0771711980805653e-06,1.0769016833469367e-06,3.827843641536172e-10,0.00087900763954099,3.1244298861354074e-07,5.421010862427522e-20,2.168404344971009e-19,6.621799995157544e-17,1.0031079721682892,1.3243597655066336e-16,1.00267424977455,-2.168404344971009e-19,6.034663093301513e-19
linear_chain,0.1,0.0,0.8,9.90062893081761,0.0012970383156357477,0.006215513540532367,0.0,0.0008674123232838238,0.006165390805458825,0.0,3.0306557658416217e-07,3.313759795705251e-07,0.0,6.050223801782576e-07,1.0436560545980325e-06,1.04339937388925e-06,3.6464345208387135e-10,0.0008671989886234573,3.0306557658416217e-07,8.131516293641283e-20,8.131516293641283e-20,2.196202328363454e-16,1.0030674559627393,2.4179390822198475e-16,1.0026395981305432,-4.336808689942018e-19,6.006594892867552e-19
linear_chain,0.1,0.0,0.8,9.950314465408805,0.0012793858835481087,0.006121874919148933,0.0,0.000855800558674629,0.006073538935629042,0.0,2.9398393488208753e-07,3.182321562511066e-07,0.0,5.862209850208537e-07,1.0113397736310121e-06,1.0110952771301994e-06,3.474146436820022e-10,0.000855593664565008,2.9398393488208753e-07,5.421010862427522e-20,8.131516293641283e-20,1.6220028669362047e-16,1.003027745733008,1.0813352822214858e-16,1.0026056505767633,6.505213034913027e-19,5.894322091131709e-19
linear_chain,0.1,0.0,0.8,10.0,0.0012620406075570985,0.0060301828272528125,0.0,0.0008443874656376076,0.005983611443551126,0.0,2.8518743010765383e-07,3.055428280915558e-07,0.0,5.680988722332011e-07,9.80173145334253e-07,9.7994021871198e-07,3.310483300072823e-10,0.0008441868068854301,2.851874301076538e-07,1.0842021724855044e-19,4.336808689942018e-19,3.6149395202440194e-20,1.0029888213644358,1.3243598148428782e-16,1.0025723895189778,-2.168404344971009e-19,5.810117489829828e-19
linear_chain,0.1,0.0,1.0,2.1,0.12388113329379405,0.6454165363755546,0.0,0.08185750270569378,0.6388288418535455,0.0,0.0032514091860534255,0.004122309638873974,0.0,0.040661644308386126,0.06906802875370315,0.06714381923521227,0.00274340672179793,0.07957698321341358,0.0032514091860534255,8.326672684688674e-17,4.440892098500626e-16,2.8031412617666193e-16,1.421246464362562,2.7355857618430866e-16,1.3583134910278372,2.220446049250313e-16,4.1686891284518163e-16
linear_chain,0.1,0.0,1.0,2.149685534591195,0.11587374520191408,0.6129739693558781,0.0,0.07649411199984886,0.6067428854574519,0.0,0.002834211707983784,0.0036470181486006918,0.0,0.0344370420725102,0.058302043176216366,0.05678549832307378,0.0021601706203182667,0.07450435751562855,0.002834211707983784,1.1102230246251565e-16,2.220446049250313e-16,1.0594881886763399e-16,1.3875834221692702,1.730136374211258e-16,1.3302260781348918,-2.220446049250313e-16,3.7718047743156145e-16
linear_chain,0.1,0.0,1.0,2.1993710691823902,0.10853939170638972,0.582317302027999,0.0,0.0715918376597707,0.5764210186668427,0.0,0.0024785740510008037,0.0032343805524622043,0.0,0.029285861191200788,0.04943527171975478,0.04823264543785062,0.0017114937357951114,0.06985020213225622,0.0024785740510008037,2.7755575615628914e-17,6.245004513516506e-17,2.3690871028876764e-16,1.3576535276636714,2.1189756405982117e-16,1.3051748370468983,4.440892098500626e-16,3.4203909048824287e-16
linear_chain,0.1,0.0,1.0,2.249056603773585,0.1018098200932124,0.5533600217904451,0.0,0.0671022132721916,0.5477777664226536,0.0,0.00217427839819548,0.002875147598118298,0.0,0.02500295631116137,0.0420946304055509,0.04113538170005964,0.0013639705921405397,0.06557309398555544,0.0021742783981954796,4.85722573273506e-17,6.938893903907228e-17,1.4983424762920692e-16,1.330921377256425,2.446782306934625e-16,1.2827372095168732,0.0,3.1107986540958446e-16
linear_chain,0.1,0.0,1.0,2.29874213836478,0.09562476560214432,0.5260163215464518,0.0,0.06298276758878393,0.5207284165148062,0.0,0.0019129856191328232,0.002561573920510371,0.0,0.021426093099480334,0.0359876485797743,0.035218300015645285,0.0010930585751486386,0.0616363139103256,0.0019129856191328232,6.938893903907228e-18,1.3183898417423734e-16,1.4983421190595556e-16,1.3069459788004032,1.730136374211258e-16,1.2625627674415045,2.220446049250313e-16,2.8371336998647297e-16
linear_chain,0.1,0.0,1.0,2.348427672955975,0.08993090532394152,0.5002018577634274,0.0,0.05919617079875419,0.495189742364182,0.0,0.0016878568746545516,0.0022871528921307263,0.0,0.018426220750143097,0.030883496231595826,0.030263220721446507,0.0008805792794449466,0.05800725310738483,0.0016878568746545519,1.3877787807814457e-17,1.1102230246251565e-16,1.0594880623755884e-16,1.2853610670360778,1.2233912901919187e-16,1.244358666580151,0.0,2.5926596740849332e-16
linear_chain,0.1,0.0,1.0,2.39811320754717,0.08468096182469555,0.4758343500470425,0.0,0.05570951909471241,0.47108057671078146,0.0,0.0014932580197151326,0.0020464013124508896,0.0,0.015900115124576106,0.02659883613803822,0.02609625730732144,0.0007129647863354851,0.05465690067106736,0.0014932580197151326,3.469446951953614e-17,3.469446951953614e-17,2.803141404978249e-16,1.2658601264740483,2.7355857944538095e-16,1.2278784657395512,1.1102230246251565e-16,2.374008392704381e-16
linear_chain,0.1,0.0,1.0,2.4477987421383647,0.07983293352474712,0.4528340418832714,0.0,0.05249373218663009,0.4483222537402684,0.0,0.0013245272467625763,0.001834684153905801,0.0,0.013764775571825736,0.022987184053849932,0.022578037031438646,0.0005800149910740237,0.0515594005099401,0.0013245272467625763,3.469446951953614e-17,1.1102230246251565e-16,2.595204728893644e-16,1.2481848604414738,1.7301364773354161e-16,1.2129134383802886,0.0,2.1789343996883553e-16
linear_chain,0.1,0.0,1.0,2.4974842767295597,0.0753494325742901,0.43112404177103464,0.0,0.04952304366182279,0.4268389372016243,0.0,0.0011777913739361235,0.0016480715296171597,0.0,0.011953128966529277,0.01993084357932306,0.019596251374575675,0.00047400914619254755,0.048691667694284686,0.0011777913739361237,4.163336342344337e-17,4.163336342344337e-17,1.4983422083676918e-16,1.2321162168442108,1.2233912537320254e-16,1.1992857530361174,0.0,2.0035081469761018e-16
linear_chain,0.1,0.0,1.0,2.547169811320755,0.07119711405931865,0.4106305628513092,0.0,0.04677456811142738,0.40655785130897487,0.0,0.0010498197977468846,0.0014832216213472905,0.0,0.010410715209481617,0.01733474726128479,0.017059941312643646,0.000389065289079374,0.04603305573928864,0.0010498197977468846,2.7755575615628914e-17,1.1102230246251565e-16,1.0594881886763399e-16,1.2174673340986308,2.118975703748605e-16,1.1868430709753852,-1.1102230246251565e-16,1.846326224545923e-16
linear_chain,0.1,0.0,1.0,2.59685534591195,0.06734618294690388,0.3912830776212953,0.0,0.04422793206341427,0.3874094299856013,0.0,0.0009379077882223204,0.0013372845675372132,0.0,0.009093114653686769,0.01512172059882232,0.014895084379744532,0.0003206747152596235,0.043565067594058704,0.0009379077882223204,2.0816681711721685e-17,2.42861286636753e-17,1.0594885675785039e-16,1.2040779454776434,1.730136348430218e-16,1.1754542299688302,-1.1102230246251565e-16,1.704301130350083e-16
linear_chain,0.1,0.0,1.0,2.646540880503145,0.06376996732601938,0.37301440260753155,0.0,0.04186495820500809,0.36932739851780744,0.0,0.0008397827754995754,0.001207823316024157,0.0,0.007963940018203924,0.013228816334506894,0.013041165703483371,0.00026536111760974766,0.041271104180105565,0.0008397827754995755,1.3877787807814457e-17,5.551115123125783e-17,8.960384358049354e-20,1.191809902710997,1.7301364773354161e-16,1.1650057685029025,0.0,1.5757487723625434e-16
linear_chain,0.1,0.0,1.0,2.6962264150943396,0.06044454829256737,0.35576072610365883,0.0,0.039669394307096116,0.35224880009543746,0.0,0.0007535287496333859,0.001092748245185634,0.0,0.006993260433859802,0.011604459608149034,0.011448497890431897,0.00022042922740404637,0.03913624523459743,0.0007535287496333859,2.42861286636753e-17,5.551115123125783e-17,3.3503947119488053e-16,1.180543566841811,1.7301365031164545e-16,1.155399106215449,5.551115123125783e-17,1.4598271045702867e-16
linear_chain,0.1,0.0,1.0,2.7459119496855346,0.057348438325217556,0.33946159035169143,0.0,0.03762667979955673,0.33611397812922555,0.0,0.0006775250038951583,0.0009902629913650335,0.0,0.0061563582377330015,0.01020621160781216,0.010076114513441141,0.00018377820196134356,0.037147057986796725,0.0006775250038951582,2.0816681711721685e-17,5.551115123125783e-17,1.4983422083676918e-16,1.1701748770942904,1.730136399992298e-16,1.1465482410136303,-5.551115123125783e-17,1.3541503299364253e-16
linear_chain,0.1,0.0,1.0,2.7955974842767297,0.05446230125220471,0.3240598379202923,0.0,0.03572374417837771,0.3208665237212851,0.0,0.0006103962917643778,0.0008988194248139544,0.0,0.005432743421126342,0.008999008017198683,0.008890105655958016,0.0001537621895350116,0.0352914298515155,0.0006103962917643777,1.734723475976807e-17,2.42861286636753e-17,2.5952048320177957e-16,1.1606129542170214,2.996684208349731e-16,1.1383778561893954,-1.1102230246251565e-16,1.2580167434501105e-16
linear_chain,0.1,0.0,1.0,2.845283018867925,0.051768707959739216,0.3095015305452967,0.0,0.03394883241962764,0.3064531962631062,0.0,0.0005509721083380888,0.0008170801162899542,0.0,0.004805368647039712,0.007953764159712946,0.00786229611368982,0.0001290855059205902,0.03355842187892813,0.0005509721083380887,3.469446951953614e-18,2.7755575615628914e-17,3.1784636819236896e-16,1.1517781284243689,1.7301364773354161e-16,1.1308217552543314,5.551115123125783e-17,1.1704439580961536e-16
linear_chain,0.1,0.0,1.0,2.89496855345912,0.049251922874284225,0.29573584736093367,0.0,0.03229135338240461,0.29282382386847766,0.0,0.0004982532982289114,0.0007438869560869891,0.0,0.0042600011958284535,0.007046264982166607,0.006969190669066968,0.00010872337018467688,0.03193814017124869,0.0004982532982289116,2.42861286636753e-17,5.551115123125783e-17,1.835086862368091e-16,1.1436003070947953,2.4467823616244703e-16,1.1238215605198802,0.0,1.0901689048550266e-16
linear_chain,0.1,0.0,1.0,2.9446540880503145,0.0468977169920423,0.2827149682711609,0.0,0.030741747841568353,0.2799311892227309,0.0,0.0004513845710349222,0.0006782348413863878,0.0,0.0037847182921512423,0.00625627750422404,0.006191128618510011,9.186163233376945e-05,0.030421622876614735,0.00045138457103492224,2.7755575615628914e-17,1.1102230246251565e-16,2.8031414527154575e-16,1.136017616185041,1.730136374211258e-16,1.1173256252998323,-5.551115123125783e-17,1.0171915837267292e-16
linear_chain,0.1,0.0,1.0,2.9943396226415095,0.04469320385288305,0.2703939471827411,0.0,0.029291373331247254,0.2677309054441684,0.0,0.00040963179946446195,0.0006192495513596851,0.0,0.0033694998908233463,0.005566837922675247,0.0055116030697773336,7.78506971934924e-05,0.029000740710071214,0.000409631799464462,2.0816681711721685e-17,5.551115123125783e-17,1.0594879360748219e-16,1.128975263562245,2.1189756616483433e-16,1.111288120181404,0.0,9.502489256917333e-17
linear_chain,0.1,0.0,1.0,3.0440251572327046,0.04262669538212613,0.2587305789375504,0.0,0.027932403425210018,0.25618128570192855,0.0,0.00037236320430332975,0.0005661690929126207,0.0,0.0030058987903697084,0.004963676515121048,0.004916710601792505,6.617012020625153e-05,0.027668109240379497,0.00037236320430332975,1.734723475976807e-17,2.7755575615628914e-17,1.4983422976758231e-16,1.1224245833369708,2.996684104156899e-16,1.1056682619404783,0.0,8.890602487456995e-17
linear_chain,0.1,0.0,1.0,3.0937106918238992,0.04068757496805543,0.24768526302693036,0.0,0.026657739448411308,0.2452432096055413,0.0,0.0003390337098892459,0.000518327930860007,0.0,0.002686772365316528,0.004434751779713623,0.004394704534793036,5.640126955340355e-05,0.026417011427149056,0.0003390337098892459,1.0408340855860843e-17,5.551115123125783e-17,1.4983425656001845e-16,1.1163222286579237,2.7355857944538095e-16,1.100429659975752,-2.7755575615628914e-17,8.324326543701842e-17
linear_chain,0.1,0.0,1.0,3.1433962264150948,0.03886618551919515,0.2372208665346952,0.0,0.025460932919900734,0.23487998876418142,0.0,0.0003091718949639237,0.0004751436222607309,0.0,0.0024060636025016154,0.0039698715602911805,0.003935630908050652,4.8206117070410866e-05,0.025241329102349067,0.00030917189496392373,3.469446951953614e-18,2.7755575615628914e-17,2.36908682047055e-16,1.1106294869274336,1.730136399992298e-16,1.0955397600519643,5.551115123125783e-17,7.804363130662723e-17
linear_chain,0.1,0.0,1.0,3.1930817610062894,0.03715373056415565,0.2273025882210513,0.0,0.02433611728223713,0.22505723339460731,0.0,0.00028236907535891635,0.0004361054601734364,0.0,0.0021586217447256326,0.0035603837387172673,0.003531030755656152,4.131070920496891e-05,0.024135482269052797,0.00028236907535891635,1.734723475976807e-18,1.5612511283791264e-17,1.0594881886763399e-16,1.1053116964725318,1.2233912172721306e-16,1.0909693690035294,-2.7755575615628914e-17,7.323695198231149e-17
linear_chain,0.1,0.0,1.0,3.2427672955974844,0.0355421867276801,0.21789782521667733,0.0,0.023277947685894685,0.21574272142481557,0.0,0.0002582701435244734,0.00040076480134559395,0.0,0.0019400548739803864,0.003198922795179473,0.0031736957399587065,3.5492228979247217e-05,0.02309437524313893,0.0002582701435244734,6.938893903907228e-18,2.949029909160572e-17,1.0594883149770763e-16,1.1003377476972398,2.1189756405982117e-16,1.0866922471020495,-2.7755575615628914e-17,6.879515926363723e-17
linear_chain,0.1,0.0,1.0,3.2924528301886795,0.03402422614677824,0.20897604342975357,0.0,0.02228154777612697,0.20690627118292296,0.0,0.00023656586046327233,0.00036872680893140823,0.0,0.001746608345982621,0.0028792014136703515,0.002857466893669487,3.056882612983319e-05,0.022113348794461037,0.00023656586046327227,1.214306433183765e-17,6.938893903907228e-18,1.835086862368091e-16,1.095679654899073,2.446782306934625e-16,1.0826847572182323,-2.7755575615628914e-17,6.466913379984505e-17
linear_chain,0.1,0.0,1.0,3.342138364779874,0.03259314758716613,0.20050865246966015,0.0,0.021342462580481187,0.19851961846756974,0.0,0.00021698635207199765,0.00033964338707307643,0.0,0.0015750642227626975,0.0025958385455118866,0.002577068319475999,2.6391590681463216e-05,0.021188137556110646,0.00021698635207199768,1.734723475976807e-18,1.214306433183765e-17,2.5952045742074077e-16,1.0913121874456635,1.730136374211258e-16,1.0789255618495721,-5.551115123125783e-17,6.092202904191131e-17
linear_chain,0.1,0.0,1.0,3.3918238993710697,0.031242815187752387,0.19246888564742717,0.0,0.020456616722377374,0.19055629855775594,0.0,0.0001992956071803195,0.0003132071221717653,0.0,0.0014226578197950985,0.0023442170894127983,0.002327969338503401,2.283819335999712e-05,0.02031483206665786,0.00019929560718031953,5.204170427930421e-18,2.7755575615628914e-17,1.0594881886763399e-16,1.0872125510185513,2.1189757247987357e-16,1.075395360645624,5.551115123125783e-17,5.737140168701531e-17
linear_chain,0.1,0.0,1.0,3.4415094339622643,0.029967603904233767,0.18483168541737766,0.0,0.01962027729390273,0.18299153352750058,0.0,0.00018328681109501933,0.00028914607617151137,0.0,0.0012870082486963785,0.002120365715644205,0.002106269870460788,1.980782761395572e-05,0.019489844892949415,0.0001832868110950193,5.204170427930421e-18,8.673617379884035e-18,1.4983422083676918e-16,1.0833601112494475,1.2233913266518113e-16,1.0720766623237366,0.0,5.411549043667588e-17
linear_chain,0.1,0.0,1.0,3.4911949685534593,0.02876235084561149,0.1775735944683374,0.0,0.01883002081240909,0.17580212507680082,0.0,0.00016877837794578165,0.0002672193029233408,0.0,0.0011660604416391337,0.0019208604402882648,0.0019086048480394689,1.7217172121149427e-05,0.01870988035229394,0.00016877837794578162,1.0408340855860843e-17,2.7755575615628914e-17,1.0594879360748219e-16,1.0797361533830265,1.730136399992298e-16,1.068953585892107,-2.7755575615628914e-17,5.111921004035059e-17
linear_chain,0.1,0.0,1.0,3.5408805031446544,0.027622311802802467,0.17067265254875263,0.0,0.018082703763329717,0.16896635296896395,0.0,0.0001556105690737196,0.00024721297928425353,0.0,0.0010580366243955128,0.0017427424083890002,0.0017320642764685082,1.499715647989915e-05,0.017971907414233865,0.0001556105690737196,1.214306433183765e-17,2.7755575615628914e-17,1.0594881886763399e-16,1.0763236726638468,1.730136348430218e-16,1.0660116869324385,2.7755575615628914e-17,4.829133884662908e-17
linear_chain,0.1,0.0,1.0,3.590566037735849,0.026543122359057442,0.16410829901559346,0.0,0.017375436298031954,0.16246387906934495,0.0,0.00014364260416363286,0.0002289370603264161,0.0,0.00096139558827386,0.001583449022034789,0.0015741261923723512,1.3090361426561543e-05,0.017273135415172506,0.00014364260416363286,5.204170427930421e-18,1.0408340855860843e-17,1.498342386983949e-16,1.0731071910132854,1.730136399992298e-16,1.0632378053790932,2.7755575615628914e-17,4.566696210605376e-17
linear_chain,0.1,0.0,1.0,3.640251572327044,0.025520763049936647,0.15786128102123015,0.0,0.016705558712288546,0.15627565690747006,0.0,0.00013275018774154692,0.0002122223820702307,0.0,0.0008747984179917762,0.0014407560891621337,0.001432600289812179,1.1448922159386357e-05,0.016610992264913305,0.00013275018774154692,1.734723475976807e-18,1.734723475976807e-17,7.316123192145576e-20,1.0700725962744564,2.7355857944538095e-16,1.0606199317949814,2.7755575615628914e-17,4.318994341775675e-17
linear_chain,0.1,0.0,1.0,3.689937106918239,0.024551528107790568,0.15191356719911234,0.0,0.01607062037961796,0.1503838466296136,0.0,0.00012282338663647865,0.00019691814730175603,0.0,0.00079707957883835,0.0013127291006681684,0.0013055803931827576,1.0032831967383969e-05,0.015983104863930453,0.00012282338663647865,3.469446951953614e-18,1.3877787807814457e-17,1.4983422083676918e-16,1.067207000889362,1.730136399992298e-16,1.0581470896099066,2.7755575615628914e-17,4.0944487383039906e-17
linear_chain,0.1,0.0,1.0,3.7396226415094342,0.023631997383894474,0.14624826666711632,0.0,0.015468360855542212,0.1447717351684355,0.0,0.00011376480472355424,0.0001828897398326735,0.0,0.0007272224649310717,0.0011976820900730543,0.001191404287830667,8.808565456322439e-06,0.015387281484589059,0.00011376480472355425,1.734723475976807e-18,5.204170427930421e-18,1.0594881886763399e-16,1.064498617357392,1.7301364773354161e-16,1.055809231173209,2.7755575615628914e-17,3.883235530038438e-17
linear_chain,0.1,0.0,1.0,3.7893081761006293,0.022759011091606045,0.14084955313970163,0.0,0.014896692904777818,0.13942366142764978,0.0,0.00010548801003818508,0.00017001682113976693,0.0,0.0006643386707456328,0.0010941428092250851,0.0010886196865319514,7.747957776972462e-06,0.014821495899467976,0.00010548801003818506,5.204170427930421e-18,1.3877787807814457e-17,1.835086789448301e-16,1.0619366482266537,1.2233914360314818e-16,1.0535971457939945,-2.7755575615628914e-17,3.678337666870526e-17
linear_chain,0.1,0.0,1.0,3.838993710691824,0.02192964705757699,0.1357025939207777,0.0,0.014353687234409367,0.13432494626044938,0.0,9.791617662773098e-05,0.00015819166990989277,0.0,0.000607650378128518,0.0010008231792431371,0.0009959553263418257,6.827289573161074e-06,0.014283873065935196,9.791617662773098e-05,1.925929944387236e-34,6.938893903907228e-18,7.316123192145576e-20,1.0595111887048274,2.1189756405982117e-16,1.0515023782108308,0.0,3.4923858389955376e-17
linear_chain,0.1,0.0,1.0,3.888679245283019,0.021141200205867267,0.13079348353770587,0.0,0.013837558742909732,0.1294618270089298,0.0,9.09809095105933e-05,0.00014731773128722975,0.0,0.0005564753567312385,0.0009165941588946488,0.0009122963660509933,6.026537756962527e-06,0.013772676198806835,9.09809095105933e-05,3.469446951953614e-18,1.3877787807814457e-17,1.4983422083676918e-16,1.0572131402565585,2.118975703748605e-16,1.0495171561579397,0.0,3.320117258832105e-17
linear_chain,0.1,0.0,1.0,3.938364779874214,0.02039116403273396,0.1261091817717075,0.0,0.013346654118092672,0.12482139636588634,0.0,8.462122611206695e-05,0.00013730834706667552,0.0,0.0005102141620362021,0.0008404643214510828,0.0008366633976166307,5.328760358614935e-06,0.013286295082672749,8.462122611206695e-05,4.336808689942018e-18,1.3877787807814457e-17,1.4983421190595556e-16,1.0550341337894589,1.2233912172721306e-16,1.0476343258843737,1.3877787807814457e-17,3.1541640237663136e-17
linear_chain,0.1,0.0,1.0,3.9880503144654087,0.019677213858548252,0.12163745583909545,0.0,0.012879440637210918,0.12039154531939028,0.0,7.87826716822589e-05,0.00012808564281885742,0.0,0.000468339185672291,0.0007715615524851125,0.0007681945018706428,4.7195900958981334e-06,0.012823235492758255,7.87826716822589e-05,2.6020852139652106e-18,1.3877787807814457e-17,1.4983422976758231e-16,1.052966461228727,1.2233912172721306e-16,1.0458472946424173,1.3877787807814457e-17,3.001543183906653e-17
linear_chain,0.1,0.0,1.0,4.037735849056604,0.018997191668271796,0.11736682648058953,0.0,0.012434496039927813,0.11616090994271903,0.0,7.341654968094566e-05,0.00011957955076629055,0.0,0.0004303852705555413,0.0007091173804175162,0.0007061298746055799,4.186816355232589e-06,0.012382109608268344,7.341654968094566e-05,4.336808689942018e-18,1.1275702593849246e-17,5.1732803211623064e-20,1.0510030144474416,1.730136399992298e-16,1.0441499792967808,0.0,2.8583953616934545e-17
linear_chain,0.1,0.0,1.0,4.087421383647799,0.01834909237379953,0.11328651772127757,0.0,0.012010499360129842,0.11211882179779699,0.0,6.847925099271139e-05,0.00011172695079193833,0.0,0.00039594165095845123,0.0006524535331286215,0.000649798627843143,3.7200392686847614e-06,0.011961627315434882,6.847925099271139e-05,8.673617379884035e-19,3.469446951953614e-18,1.8350869352878786e-16,1.0491372306610869,2.446782343394522e-16,1.042536760320929,4.163336342344337e-17,2.7215628845778967e-17
linear_chain,0.1,0.0,1.0,4.1371069182389935,0.01773105135055302,0.10938641007173093,0.0,0.011606222615818063,0.1082552617268103,0.0,6.393166828147307e-05,0.00010447091401947168,0.0,0.00036464501682501634,0.0006009703810045472,0.0005986074359152448,3.310382741841377e-06,0.011560588309033165,6.393166828147307e-05,4.336808689942018e-18,1.0408340855860843e-17,1.4983422083676918e-16,1.0473630435150463,1.730136374211258e-16,1.0410024405446525,-1.3877787807814457e-17,2.5945542776142254e-17
linear_chain,0.1,0.0,1.0,4.186792452830189,0.017141333117471035,0.1056569969489697,0.0,0.011220523267940742,0.10456081681565296,0.0,5.9738683801025477e-05,9.77600359445466e-05,0.0,0.00033617353406611,0.0005541369821041484,0.000552030749531517,2.9502558094556297e-06,0.011177874911393292,5.9738683801025477e-05,8.673617379884035e-19,2.7755575615628914e-17,1.835086789448301e-16,1.0456748391961423,2.1189756616483433e-16,1.0395422081004,-1.3877787807814457e-17,2.473861015748195e-17
linear_chain,0.1,0.0,1.0,4.2364779874213845,0.01657832104422882,0.10208934410625208,0.0,0.010852337369173347,0.10102664032185366,0.0,5.586872071324513e-05,9.154784756053641e-05,0.0,0.0003102416794294543,0.0005114824908784748,0.0005096023453327564,2.633153712468963e-06,0.010812445536844462,5.5868720713245134e-05,5.204170427930421e-18,1.3877787807814457e-17,8.960384358049354e-20,1.0440674169867277,1.2233911808122351e-16,1.0381516030872857,1.3877787807814457e-17,2.3629916240340513e-17
linear_chain,0.1,0.0,1.0,4.286163522012579,0.016040507982416418,0.09867505187078356,0.0,0.010500673332559128,0.09764441437009137,0.0,5.229334942437012e-05,8.579229470670271e-05,0.0,0.00028659577084893156,0.0004725887298036126,0.0004709080152233287,2.353491704671158e-06,0.010463328737439043,5.229334942437011e-05,3.469446951953614e-18,2.6020852139652106e-18,1.0594887570295352e-16,1.0425359537546741,1.730136348430218e-16,1.036826487532946,-2.7755575615628914e-17,2.2517713798144827e-17
linear_chain,0.1,0.0,1.0,4.335849056603774,0.015526487728762613,0.0954062199991674,0.0,0.010164606257724463,0.0944063152282979,0.0,4.8986941627865146e-05,8.045527706142125e-05,0.0,0.00026501009275338607,0.0004370837548107517,0.00043557923038668554,2.1064658915962537e-06,0.010129617772777488,4.8986941627865146e-05,3.469446951953614e-18,6.938893903907228e-18,1.4983422306947251e-16,1.0410759719368627,1.7301365546785302e-16,1.0355630182860749,0.0,2.15423438330647e-17
linear_chain,0.1,0.0,1.0,4.385534591194968,0.015034947238504218,0.09227541497100311,0.0,0.009843272759251395,0.09130498098812095,0.0,4.5926365818810716e-05,7.550223959134876e-05,0.0,0.00024528353131625516,0.0004046362716597596,0.0004032876404139257,1.8879364506423682e-06,0.009810465652884138,4.592636581881071e-05,2.6020852139652106e-18,6.938893903907228e-18,2.1189757142736706e-16,1.0396833106290617,2.446782379854418e-16,1.0343576225179099,-2.0816681711721685e-17,2.0595042068418532e-17
linear_chain,0.1,0.0,1.0,4.435220125786164,0.014564659515801201,0.0892756395518017,0.0,0.009535866247837699,0.0883334814836579,0.0,4.309071890754513e-05,7.090180974083321e-05,0.0,0.00022723664758912427,0.00037495078233230574,0.0003737402893104054,1.694329423853777e-06,0.009505080608509303,4.309071890754513e-05,3.469446951953614e-18,2.6020852139652106e-18,1.4983421637136245e-16,1.0383540994427785,1.7301364515543773e-16,1.033206975550174,6.938893903907228e-18,1.9689842604423305e-17
linear_chain,0.1,0.0,1.0,4.484905660377359,0.014114477115921282,0.08640030446666545,0.0,0.009241632620192895,0.08548529029255515,0.0,4.0461089304045845e-05,6.662547513991609e-05,0.0,0.00021070912732940484,0.0003477633588731979,0.0003466754480179108,1.5225539575441064e-06,0.009212721948060389,4.046108930404585e-05,3.469446951953614e-18,6.938893903907228e-18,1.49834261025424e-16,1.0370847348308951,2.735585843369894e-16,1.03210798076092,-1.3877787807814457e-17,1.8833762491187508e-17
linear_chain,0.1,0.0,1.0,4.534591194968554,0.013683326200795093,0.08364320203626034,0.0,0.00895986631832954,0.08275425867348063,0.0,3.8020347481135966e-05,6.264729669325671e-05,0.0,0.00019555755545720328,0.0003228379575022983,0.000321858978091529,1.3699324173204855e-06,0.008932696264607382,3.8020347481135966e-05,3.469446951953614e-18,6.938893903907228e-18,1.0594880939507777e-16,1.035871858619618,2.735585778148448e-16,1.0310577513492831,0.0,1.8047852879036615e-17
linear_chain,0.1,0.0,1.0,4.584276729559749,0.013270201095638751,0.08099848163638755,0.0,0.008689906723057368,0.08013459130338771,0.0,3.575296057710915e-05,5.894365306582197e-05,0.0,0.00018165347075708977,0.00029996319875767583,0.00029908115379073593,1.2341412585374123e-06,0.00866435396018514,3.575296057710915e-05,1.734723475976807e-18,3.903127820947816e-18,1.4983422083676918e-16,1.0347123385152865,1.730136399992298e-16,1.030053593765717,-6.938893903907228e-18,1.728299441721119e-17
linear_chain,0.1,0.0,1.0,4.633962264150943,0.01287415929978483,0.07846062685154302,0.0,0.00843113485017634,0.07762082368700426,0.0,3.3644828046544654e-05,5.549301272421665e-05,0.0,0.00016888166291936985,0.00027894955032894817,0.0002781538804829862,1.113160899600855e-06,0.008407086057985734,3.3644828046544654e-05,1.3010426069826053e-18,1.734723475976807e-18,2.5952045742074077e-16,1.0336032503815757,1.730136374211258e-16,1.0290929926366694,1.3877787807814457e-17,1.6567255306145197e-17
linear_chain,0.1,0.0,1.0,4.683647798742139,0.012494316909632706,0.07602443420185791,0.0,0.008182970321120088,0.0752078011197618,0.0,3.1683135779821585e-05,5.22757304166879e-05,0.0,0.00015713867948773704,0.00025962685843734004,0.0002589082562428034,1.0052331470307486e-06,0.008160321276002117,3.1683135779821585e-05,3.469446951953614e-18,6.938893903907228e-18,1.4983420744054853e-16,1.0325418621061475,2.1189756616483433e-16,1.0281735970321713,0.0,1.5879584395513163e-17
linear_chain,0.1,0.0,1.0,4.733333333333333,0.012129844415932511,0.07368499333094111,0.0,0.007944868582698958,0.07289065909341942,0.0,2.985622644724682e-05,4.9273865176353696e-05,0.0,0.00014633151491581385,0.00024184218139738892,0.00024119243113358745,9.088249676049024e-07,0.007923523338343117,2.985622644724682e-05,3.0357660829594124e-18,1.3877787807814457e-17,1.4983421637136245e-16,1.0315256188963517,1.730136374211258e-16,1.0272932079418333,1.3877787807814457e-17,1.5248049885749054e-17
linear_chain,0.1,0.0,1.0,4.783018867924529,0.011779962841386802,0.07143766855029805,0.0,0.007716318353156819,0.07066480504137278,0.0,2.8153484107635594e-05,4.6471017535122486e-05,0.0,0.0001363764578647628,0.00022545788558554647,0.00022486972510709833,8.225976052656011e-07,0.0076961885028184115,2.8153484107635594e-05,1.3010426069826053e-18,6.938893903907228e-18,1.4983430121406805e-16,1.0305521298615772,2.735585843369894e-16,1.0264497668397365,0.0,1.463756652631041e-17
linear_chain,0.1,0.0,1.0,4.8327044025157235,0.011443940187972332,0.06927808164291521,0.0,0.007496839274058919,0.06852590132800797,0.0,2.6565231393798122e-05,4.385218352889287e-05,0.0,0.00012719807621587484,0.00021034996963613644,0.00020981697093181957,7.453802079495477e-07,0.007477843285485889,2.6565231393798122e-05,3.469446951953614e-18,1.3877787807814457e-17,1.4983421413865901e-16,1.0296191557555934,1.2233912537320254e-16,1.0256413452318043,1.3877787807814457e-17,1.406216841741422e-17
linear_chain,0.1,0.0,1.0,4.882389937106918,0.011121088166379573,0.06720209583617277,0.0,0.007285979749550015,0.06646984939309496,0.0,2.5082637785019026e-05,4.140362385467342e-05,0.0,0.00011872832211473627,0.00019640658744272854,0.0001959230532227704,6.761472664979453e-07,0.007268042364757069,2.5082637785019023e-05,8.673617379884035e-19,6.938893903907228e-18,2.3690868345914065e-16,1.0287245977660975,1.7301365031164545e-16,1.0248661350907917,1.3877787807814457e-17,1.3490278833572275e-17
linear_chain,0.1,0.0,1.0,4.932075471698114,0.010810759182672876,0.06520580086007756,0.0,0.0070833149563455525,0.06449277496869298,0.0,2.3697637671105264e-05,3.911274648941546e-05,0.0,0.0001109057417895439,0.00018352674459714825,0.00018308761861849255,6.139992818651288e-07,0.007066366649333626,2.3697637671105264e-05,3.469446951953614e-18,1.3877787807814457e-17,2.5952046257694874e-16,1.0278664872508447,2.7355857944538095e-16,1.0241224400942006,2.0816681711721685e-17,1.298154270070674e-17
linear_chain,0.1,0.0,1.0,4.981761006289308,0.010512343559690752,0.06328549901342279,0.0,0.006888445009450929,0.06259101429210309,0.0,2.2402857084328267e-05,3.6968000888535775e-05,0.0,0.00010367477695744692,0.0001716191463586193,0.00017121993554398542,5.581461713828831e-07,0.006872421495745545,2.2402857084328267e-05,8.673617379884035e-19,2.6020852139652106e-18,1.0594878413492372e-16,1.0270429763304887,2.7355857944538095e-16,1.0234086675893816,6.938893903907228e-18,1.2465789517732717e-17
linear_chain,0.1,0.0,1.0,5.031446540880504,0.010225266972856478,0.061437692165705236,0.0,0.0067009932700379275,0.06076110124361647,0.0,2.119154809817261e-05,3.4958783159854235e-05,0.0,9.698514640614085e-05,0.00016060117820329716,0.0001602378849021744,5.078930026293101e-07,0.006685835062650483,2.119154809817261e-05,3.0357660829594124e-18,6.938893903907228e-18,1.059488346552258e-16,1.0262523292577266,2.1189756616483433e-16,1.0227233212180298,6.938893903907228e-18,1.1995647160463877e-17
linear_chain,0.1,0.0,1.0,5.081132075471698,0.009948988081999935,0.05965906962807124,0.0,0.0065206047832188085,0.05899975534345801,0.0,2.0057530027635735e-05,3.307535041089999e-05,0.0,9.079129785700866e-05,0.0001503980025382937,0.00015006706552261634,4.6262770897750244e-07,0.00650625679022056,2.0057530027635735e-05,3.469446951953614e-18,6.938893903907228e-18,1.8350868076782488e-16,1.025492914490729,2.9966840892722084e-16,1.0220649941392832,0.0,1.1539538903412019e-17
linear_chain,0.1,0.0,1.0,5.130817610062893,0.009682996342523427,0.05794649683163295,0.0,0.006346944834616239,0.05730387054662788,0.0,1.8995136669134262e-05,3.130874363500975e-05,0.0,8.505192152057642e-05,0.0001409417573373826,0.00014064000033176533,4.21810495092071e-07,0.006333355994060441,1.8995136669134262e-05,8.673617379884035e-19,3.0357660829594124e-18,1.0594879360748219e-16,1.0247631974062543,1.730136374211258e-16,1.021432362796853,-6.938893903907228e-18,1.1125532947011101e-17
linear_chain,0.1,0.0,1.0,5.180503144654088,0.009426809980824907,0.05629700475560677,0.0,0.006179697615673097,0.055670504779321624,0.0,1.79991689046573e-05,2.9650718127287717e-05,0.0,7.972951787772547e-05,0.00013217084432291505,0.00013189543104427418,3.849646858457483e-07,0.006166820564080814,1.79991689046573e-05,8.673617379884035e-19,2.168404344971009e-18,1.8350870993573893e-16,1.0240617335944178,1.2233913266518113e-16,1.0208241811811325,-3.469446951953614e-18,1.0715035515664429e-17
linear_chain,0.1,0.0,1.0,5.230188679245283,0.009179974120231396,0.05470778005228483,0.0,0.006018564988574602,0.05409687016428386,0.0,1.706485208147615e-05,2.809368062701251e-05,0.0,7.479001318438011e-05,0.00012402929592517868,0.0001237776907542418,3.5166881021485403e-07,0.00600635575960616,1.706485208147615e-05,8.673617379884035e-19,3.2526065174565133e-18,1.4983421413865901e-16,1.0233871626829367,2.118975703748605e-16,1.0202392755421468,-6.938893903907228e-18,1.0336114809805961e-17
linear_chain,0.1,0.0,1.0,5.279874213836479,0.008942059045027878,0.053176155819627584,0.0,0.005863265342507821,0.0525803238865949,0.0,1.618779764635261e-05,2.663063248150739e-05,0.0,7.020241703233819e-05,0.00011646621163564967,0.00011623614516837331,3.2154974343848914e-07,0.005851683092814024,1.6187797646352613e-05,1.3010426069826053e-18,2.6020852139652106e-18,1.4983421413865901e-16,1.0227382026438734,2.1189756616483433e-16,1.019676539513561,-3.469446951953614e-18,9.94666852878476e-18
linear_chain,0.1,0.0,1.0,5.329559748427673,0.00871265859122978,0.051699602975943865,0.0,0.005713532533734769,0.051118359654992014,0.0,1.536396857187058e-05,2.5255118277719868e-05,0.0,6.593851701700374e-05,0.00010943525556591394,0.00010922469439936209,2.942767573724256e-07,0.005702539293309515,1.536396857187058e-05,8.673617379884035e-19,3.469446951953614e-18,2.1189757616364637e-16,1.022113644540506,1.730136425773338e-16,1.019134929611859,0.0,9.585290448197518e-18
linear_chain,0.1,0.0,1.0,5.379245283018868,0.008491388653824284,0.05027572219438368,0.0,0.005569114902635572,0.04970859971682801,0.0,1.4589648171919887e-05,2.3961179212030337e-05,0.0,6.197260618648577e-05,0.00010289420805746018,0.00010270132825503809,2.6955635154452157e-07,0.00555867534726734,1.4589648171919885e-05,1.734723475976807e-18,3.0357660829594124e-18,1.0594878729244331e-16,1.0215123476761088,1.2233912901919187e-16,1.018613461078288,0.0,9.241454992881501e-18
linear_chain,0.1,0.0,1.0,5.428930817610063,0.008277885801071215,0.048902236358117614,0.0,0.005429774361493127,0.0483487873881369,0.0,1.3861411942430822e-05,2.2743310945543e-05,0.0,5.828123948468328e-05,9.6804565082246e-05,9.662772884065445e-05,2.4712775617878036e-07,0.005419855605182815,1.3861411942430822e-05,8.673617379884035e-19,1.5178830414797062e-18,1.8350868805980381e-16,1.020933235110092,2.735585843369894e-16,1.0181112040342661,6.938893903907228e-18,8.91516216283671e-18
linear_chain,0.1,0.0,1.0,5.478616352201258,0.008071805987333392,0.04757698350005137,0.0,0.005295285547350587,0.04703678006303357,0.0,1.3176102112943322e-05,2.159642528847136e-05,0.0,5.484301586956396e-05,9.113117994967629e-05,9.096891505546333e-05,2.2675901459001133e-07,0.005285856952772499,1.3176102112943322e-05,4.336808689942018e-19,4.336808689942018e-18,1.4983422306947251e-16,1.0203752895102538,1.2233912172721306e-16,1.0176272799237136,3.469446951953614e-18,8.588869332791919e-18
linear_chain,0.1,0.0,1.0,5.528301886792454,0.007872823356636032,0.04629791019341207,0.0,0.005165435034768041,0.04577054266914642,0.0,1.2530804624596103e-05,2.0515815418099158e-05,0.0,5.1638383193745035e-05,8.584194250889971e-05,8.569292422890222e-05,2.0824356572769038e-07,0.005156468040058666,1.2530804624596103e-05,1.3010426069826053e-18,1.5178830414797062e-18,2.1189756984860726e-16,1.0198375493128364,2.1189756616483433e-16,1.0171608582182838,3.469446951953614e-18,8.304678803398068e-18
linear_chain,0.1,0.0,1.0,5.577987421383648,0.00768062912981361,0.04506306536199686,0.0,0.0050400206037516816,0.0445481415383659,0.0,1.1922828281673648e-05,1.9497124344354505e-05,0.0,4.864946328779998e-05,8.09074916206374e-05,8.077052671874966e-05,1.9139725908575607e-07,0.005031488564089127,1.1922828281673648e-05,8.673617379884035e-19,1.3010426069826053e-18,2.595204741784163e-16,1.0193191051647457,3.6701734938235103e-16,1.0167111533636823,0.0,8.034522374221198e-18
linear_chain,0.1,0.0,1.0,5.627672955974843,0.0074949305687659305,0.04387059448150859,0.0,0.0049188505585560675,0.04336773866448145,0.0,1.1349685857039411e-05,1.8536316088256372e-05,0.0,4.585989499481189e-05,7.630095718266575e-05,7.6174969796497e-05,1.7605574398033425e-07,0.004910728601142826,1.1349685857039411e-05,1.0842021724855044e-18,3.469446951953614e-18,1.4983424093109796e-16,1.018819096624631,1.7301364515543773e-16,1.0162774219472788,0.0,7.753840369881593e-18
linear_chain,0.1,0.0,1.0,5.6773584905660375,0.007315450011845484,0.042718734144806196,0.0,0.004801743093408446,0.04222758632103109,0.0,1.0809076953388028e-05,1.7629649603737186e-05,0.0,4.325469317278393e-05,7.199772843686583e-05,7.188174758342505e-05,1.6207218337264314e-07,0.004794007984620045,1.0809076953388028e-05,1.3010426069826053e-18,3.469446951953614e-18,1.0594880939507777e-16,1.018336709101691,1.2233911808122351e-16,1.0158589600690076,0.0,7.501226565975949e-18
linear_chain,0.1,0.0,1.0,5.727044025157233,0.0071419239749657675,0.04160580696675985,0.0,0.004688525701562582,0.041126022015170696,0.0,1.0298872439189067e-05,1.6773654900620933e-05,0.0,4.0820121916322306e-05,6.797524567380987e-05,6.786839418363566e-05,1.493152493509397e-07,0.004681155725140046,1.0298872439189067e-05,6.505213034913027e-19,6.938893903907228e-18,1.8350870264376086e-16,1.0178711710129555,1.2233915089512568e-16,1.0154551008991886,3.469446951953614e-18,7.27317243745002e-18
linear_chain,0.1,0.0,1.0,5.7767295597484285,0.006974102313395059,0.040530216805206465,0.0,0.0045790346243673955,0.040061463754434506,0.0,9.817100305222437e-06,1.5965111340540266e-05,0.0,3.854358045317534e-05,6.421281278919718e-05,6.411429749470634e-05,1.376673634825611e-07,0.004572009469652801,9.817100305222437e-06,1.3010426069826053e-18,3.469446951953614e-18,1.4983421413865901e-16,1.0174217511415444,2.446782306934625e-16,1.0150652124083588,6.938893903907228e-18,7.013541583435885e-18
linear_chain,0.1,0.0,1.0,5.826415094339623,0.006811747439724401,0.03949044427699897,0.0,0.004473114337343382,0.03903240560556985,0.0,9.361932805907412e-06,1.52010278304863e-05,0.0,3.641350035166968e-05,6.069142844336418e-05,6.060053146958333e-05,1.2702315034468029e-07,0.004466414996644561,9.361932805907412e-06,6.505213034913027e-19,6.938893903907228e-18,2.595204535535847e-16,1.0169877561799516,2.735585778148448e-16,1.0146886952555154,3.469446951953614e-18,6.778470404801465e-18
linear_chain,0.1,0.0,1.0,5.876100628930818,0.006654633593768946,0.038485042549209404,0.0,0.004370617070487729,0.038037413525769725,0.0,8.931674744677884e-06,1.4478624698263954e-05,0.0,3.441925283102006e-05,5.739363383438138e-05,5.730970485994351e-05,1.1728807661629104e-07,0.004364225744762558,8.931674744677882e-06,1.0842021724855044e-18,6.938893903907228e-18,1.4983420520784495e-16,1.0165685284437953,2.118975703748605e-16,1.0143249808223644,1.0408340855860843e-17,6.571467426601007e-18
linear_chain,0.1,0.0,1.0,5.925786163522012,0.00650254616057924,0.03751263338709915,0.0,0.004271402360263525,0.0370751214479929,0.0,8.52475280784456e-06,1.3795317158848833e-05,0.0,3.2551065105411677e-05,5.430337532311431e-05,5.422582469604456e-05,1.0837725229720469e-07,0.004265302372379998,8.52475280784456e-06,1.5178830414797062e-18,3.469446951953614e-18,5.783903232390431e-20,1.0161634437427673,2.1189756195480804e-16,1.0139735293822627,-6.938893903907228e-18,6.346921823129322e-18
linear_chain,0.1,0.0,1.0,5.975471698113208,0.006355281033028216,0.03657190344174744,0.0,0.004175336630939662,0.036144227603619634,0.0,8.139705841614128e-06,1.3148700219468859e-05,0.0,3.0799944813503084e-05,5.14058803486506e-05,5.133417295612652e-05,1.0021437348706913e-07,0.004169512345844565,8.139705841614127e-06,8.673617379884035e-19,8.673617379884035e-19,2.369086933437404e-16,1.0157719093966442,1.2233913266518113e-16,1.0136338283934847,3.469446951953614e-18,6.150444420091599e-18
linear_chain,0.1,0.0,1.0,6.025157232704403,0.006212644015721011,0.03566160076161526,0.0,0.004082292803145296,0.035243491066797514,0.0,7.775175970504096e-06,1.2536534811711837e-05,0.0,2.9157611691333662e-05,4.8687545248397576e-05,4.862119505234111e-05,9.273078883183143e-08,0.004076729554341794,7.775175970504094e-06,1.0842021724855044e-18,1.3010426069826053e-18,1.835086789448301e-16,1.0153933623852642,2.1189756616483433e-16,1.0133053909073524,-3.469446951953614e-18,5.964492592216611e-18
linear_chain,0.1,0.0,1.0,6.074842767295598,0.006074450267238673,0.03478053151309452,0.0,0.003992149927649686,0.03437172850566454,0.0,7.429900497761579e-06,1.1956735133866955e-05,0.0,2.761643574091839e-05,4.613583375155968e-05,4.6074398912760165e-05,8.586467451566069e-08,0.003986833949432204,7.4299004977615786e-06,1.0842021724855044e-18,3.469446951953614e-18,1.498342320002855e-16,1.0150272676223209,1.730136374211258e-16,1.012987754082559,6.938893903907228e-18,5.768015189178887e-18
linear_chain,0.1,0.0,1.0,6.124528301886793,0.005940523777971162,0.03392755689652974,0.0,0.003904792842563807,0.033527811127152994,0.0,7.102704491072806e-06,1.1407357009842388e-05,0.0,2.6169381229056064e-05,4.373918505140714e-05,4.368226357453208e-05,7.956030412525464e-08,0.0038997112075212547,7.102704491072805e-06,1.5178830414797062e-18,3.469446951953614e-18,1.8350868259081962e-16,1.0146731163436686,2.1189756616483433e-16,1.0126804777977234,0.0,5.596097461520879e-18
linear_chain,0.1,0.0,1.0,6.174213836477987,0.0058106968810064715,0.03310159024493645,0.0,0.003820111852293824,0.032710661802647506,0.0,6.792494012947066e-06,1.0886587285111273e-05,0.0,2.480995592403082e-05,4.148693048185403e-05,4.143415632184583e-05,7.376740205770027e-08,0.0038152524136272218,6.792494012947066e-06,8.673617379884035e-19,2.168404344971009e-19,1.4983420744054853e-16,1.0143304246016207,2.446782325164574e-16,1.01238314335492,3.469446951953614e-18,5.41716268375438e-18
linear_chain,0.1,0.0,1.0,6.223899371069182,0.005684809793731209,0.032301594293433454,0.0,0.0037380024266947965,0.03191925236279055,0.0,6.498249913381219e-06,1.0392734024958155e-05,0.0,2.3532165042292513e-05,3.936921792990566e-05,3.932025750759371e-05,6.844057006916012e-08,0.003733353764947441,6.49824991338122e-06,2.168404344971009e-19,2.3852447794681098e-18,1.8350870628974992e-16,1.0139987318574128,2.446782306934625e-16,1.012095352267461,-3.469446951953614e-18,5.255770531259107e-18
linear_chain,0.1,0.0,1.0,6.273584905660378,0.005562710188018324,0.03152657860867548,0.0,0.003658364919022303,0.03115260105056394,0.0,6.219022153492408e-06,9.924217519614776e-06,0.0,2.2330469434208826e-05,3.737694320972932e-05,3.733149229061589e-05,6.353877838771095e-08,0.0036539162928441575,6.219022153492408e-06,4.336808689942018e-19,1.734723475976807e-18,1.4983422530217582e-16,1.0136775996646483,1.730136425773338e-16,1.011816725125813,1.734723475976807e-18,5.094378378763834e-18
linear_chain,0.1,0.0,1.0,6.323270440251573,0.005444252786970208,0.03077559716767098,0.0,0.0035811043013531446,0.03040977012253269,0.0,5.9539245943487505e-06,9.479562077019655e-06,0.0,2.1199747588166317e-05,3.5501687706741344e-05,3.545946860262033e-05,5.902491348777156e-08,0.003576845601974796,5.9539245943487505e-06,6.505213034913027e-19,1.734723475976807e-18,2.5952045999884475e-16,1.0133666104371377,2.7355858107591714e-16,1.011546900535989,0.0,4.947020326485542e-18
linear_chain,0.1,0.0,1.0,6.3729559748427675,0.00532929898643392,0.03004774607675857,0.0,0.0035061299162835696,0.02968986358866485,0.0,5.70213022076413e-06,9.05738840783024e-06,0.0,2.0135261077423125e-05,3.373566167407242e-05,3.369642073172245e-05,5.486537593937932e-08,0.0035020516253863694,5.70213022076413e-06,8.673617379884035e-19,1.734723475976807e-18,1.0594878729244331e-16,1.0130653662950466,1.730136348430218e-16,1.0112855341252251,0.0,4.803170799261494e-18
linear_chain,0.1,0.0,1.0,6.422641509433962,0.005217716499549867,0.02934216142168615,0.0,0.00343335524377432,0.02899202508216882,0.0,5.462866758384122e-06,8.656406674474654e-06,0.0,1.913262311321943e-05,3.207165262865862e-05,3.2035157974118535e-05,5.1029722411986534e-08,0.0034294483944770386,5.462866758384122e-06,6.505213034913027e-19,3.469446951953614e-18,1.8350868076782488e-16,1.0127734879837809,2.7355858107591714e-16,1.011032297610158,3.469446951953614e-18,4.652304221928956e-18
linear_chain,0.1,0.0,1.0,6.472327044025157,0.005109379022801511,0.02865801724054092,0.0,0.003362697682119935,0.028315435850928328,0.0,5.235412643944158e-06,8.275410016884182e-06,0.0,1.8187769903303922e-05,3.0502978352341497e-05,3.0469017863007442e-05,4.749034663238806e-08,0.003358953822833535,5.235412643944157e-06,8.673617379884035e-19,1.734723475976807e-18,1.4983421637136245e-16,1.012490613860455,1.730136399992298e-16,1.0107868779230966,0.0,4.501437644596419e-18
linear_chain,0.1,0.0,1.0,6.522012578616353,0.005004165922082965,0.027994523611843916,0.0,0.0032940783420796916,0.02765931286304085,0.0,5.019093320393423e-06,7.913268713859122e-06,0.0,1.729693454579851e-05,2.902344405460769e-05,2.8991823534567977e-05,4.422219481802766e-08,0.003290489503000768,5.0190933203934225e-06,4.336808689942018e-19,3.469446951953614e-18,1.4983421637136245e-16,1.012216398943215,1.730136374211258e-16,1.0105489763923312,1.734723475976807e-18,4.4102159931860465e-18
linear_chain,0.1,0.0,1.0,6.571698113207548,0.004901961937482261,0.027350924850679977,0.0,0.003227421853293303,0.027022907019276624,0.0,4.813277837161268e-06,7.568924615632719e-06,0.0,1.645662321670284e-05,2.762730329947176e-05,2.7597844836187133e-05,4.120251170022519e-08,0.0032239805153118626,4.8132778371612676e-06,4.336808689942018e-19,4.336808689942018e-19,2.1189756984860726e-16,1.0119505140190306,2.735585778148448e-16,1.0103183079727283,0.0,4.273383516070489e-18
linear_chain,0.1,0.0,1.0,6.6213836477987424,0.004802656905492183,0.02672649780589122,0.0,0.0031626561821570735,0.026405501465881234,0.0,4.617375706527245e-06,7.2413862193959954e-06,0.0,1.5663593433443755e-05,2.6309222339584398e-05,2.6281762822813977e-05,3.8410613450105206e-08,0.0031593552480073646,4.617375706527244e-06,4.336808689942018e-19,4.336808689942018e-19,1.059487967650015e-16,1.0116926448059318,1.7301364773354161e-16,1.0100946005231475,1.734723475976807e-18,4.133042513900687e-18
linear_chain,0.1,0.0,1.0,6.671069182389937,0.0047061454975433036,0.02612055025258651,0.0,0.003099712460407949,0.025806410001446296,0.0,4.430834025465479e-06,6.929723962441647e-06,0.0,1.4914834199496667e-05,2.5064247537018453e-05,2.5038637322695364e-05,3.582768473792399e-08,0.0030965452278655095,4.430834025465479e-06,4.336808689942018e-19,7.589415207398531e-19,1.4983421637136245e-16,1.0114424911659592,2.1189756195480804e-16,1.0098775941275016,0.0,4.020769712164844e-18
linear_chain,0.1,0.0,1.0,6.720754716981132,0.004612326973748643,0.02553241937358175,0.0,0.0030385248237071987,0.025224975572190365,0.0,4.253134805911716e-06,6.6330659482168834e-06,0.0,1.4207547854354538e-05,2.3887775582420014e-05,2.386387728642409e-05,3.343659692121339e-08,0.003035484960686996,4.2531348059117165e-06,2.168404344971009e-19,1.3010426069826053e-18,3.658061596072788e-20,1.0111997663653867,1.7301364515543773e-16,1.009667040456481,0.0,3.904988385374758e-18
linear_chain,0.1,0.0,1.0,6.770440251572328,0.004521104950903146,0.024961470324658876,0.0,0.0029790302595764638,0.02466056885010841,0.0,4.083792527162178e-06,6.350593954083626e-06,0.0,1.3539133470983847e-05,2.2775526253157423e-05,2.275321366138696e-05,3.1221745269567635e-08,0.0029761117809729417,4.083792527162178e-06,6.505213034913027e-19,3.469446951953614e-18,2.118975651123278e-16,1.0109641963790248,2.118975703748605e-16,1.0094627021672378,1.734723475976807e-18,3.806749683855895e-18
linear_chain,0.1,0.0,1.0,6.820125786163523,0.004432387183796689,0.024407094878472962,0.0,0.0029211684640773417,0.024112586889123072,0.0,3.922351867733285e-06,6.0815398163935905e-06,0.0,1.2907171658350026e-05,2.172351747680977e-05,2.1702674559634154e-05,2.916890292248667e-08,0.002918365710222318,3.922351867733284e-06,2.168404344971009e-19,5.421010862427522e-19,1.835086862368091e-16,1.0107355192356695,2.996684059502827e-16,1.0092643523384695,1.734723475976807e-18,3.697985407174298e-18
linear_chain,0.1,0.0,1.0,6.869811320754717,0.004346085358995548,0.02386871014232135,0.0,0.002864881706673391,0.023580451854320325,0.0,3.768385615137607e-06,5.825182010287582e-06,0.0,1.230941064076634e-05,2.072804248942105e-05,2.0708562509765867e-05,2.7265089851753672e-08,0.0028621893232807483,3.768385615137607e-06,7.589415207398531e-19,1.734723475976807e-18,1.4983420744054853e-16,1.010513484401962,2.1189756195480804e-16,1.0090717739385964,0.0,3.599746705655437e-18
linear_chain,0.1,0.0,1.0,6.919496855345912,0.004262114900297067,0.023345757345444005,0.0,0.0028101147027569423,0.023063609820157982,0.0,3.621492733836302e-06,5.580842485637781e-06,0.0,1.1743753498329196e-05,1.9785648898596393e-05,1.9767433604160426e-05,2.5498455152099417e-08,0.0028075276222435915,3.6214927338363025e-06,5.421010862427522e-19,2.3852447794681098e-18,1.8350868259081962e-16,1.0102978522021264,1.730136374211258e-16,1.0088847593248182,-5.204170427930421e-18,3.5295762045705356e-18
linear_chain,0.1,0.0,1.0,6.969182389937107,0.004180394785116009,0.022837700691504422,0.0,0.002756814493346483,0.022561529633214034,0.0,3.481296578681127e-06,5.34788382191746e-06,0.0,1.1208246463940648e-05,1.8893119479887146e-05,1.8876078371011334e-05,2.3858171220691714e-08,0.002754327917427586,3.481296578681127e-06,1.0842021724855044e-19,1.0842021724855044e-18,2.803141333372435e-16,1.010088393271246,2.1189757247987357e-16,1.0087031097710817,-1.734723475976807e-18,3.399760777563468e-18
linear_chain,0.1,0.0,1.0,7.018867924528303,0.0041008473711249376,0.022344026272638925,0.0,0.002704930331514212,0.022073701835943087,0.0,3.347443244454144e-06,5.125706449750364e-06,0.0,1.0701068182527427e-05,1.804745455161362e-05,1.8031504217182666e-05,2.2334338564858074e-08,0.0027025397149717688,3.347443244454144e-06,2.168404344971009e-19,1.1926223897340549e-18,1.498342029751414e-16,1.0098848880399118,1.7301364773354161e-16,1.0085266350230562,-1.734723475976807e-18,3.3155561762615863e-18
linear_chain,0.1,0.0,1.0,7.068553459119498,0.004023398232496247,0.02186424104118365,0.0,0.002654413575110068,0.021599637647558526,0.0,3.2196000343084945e-06,4.913746261510478e-06,0.0,1.0220519847062458e-05,1.7245855787949442e-05,1.72309193026206e-05,2.091790006169591e-08,0.00265211461065688,3.219600034308494e-06,3.2526065174565133e-19,3.469446951953614e-18,3.3503947119488053e-16,1.0096871262482112,2.446782379854418e-16,1.008355152878401,0.0,3.199774849471499e-18
linear_chain,0.1,0.0,1.0,7.118238993710692,0.003947976005161737,0.021397871835808727,0.0,0.0026052175854081104,0.021138867998920202,0.0,3.0974540469199828e-06,4.711472172134091e-06,0.0,9.765016134129762e-06,1.6485711343636974e-05,1.6471717720250486e-05,1.9600563731686854e-08,0.002603006189553231,3.0974540469199828e-06,2.168404344971009e-19,1.734723475976807e-18,2.1189756984860726e-16,1.0094949064871912,2.735585843369894e-16,1.0081884887907109,0.0,3.1401299235493333e-18
linear_chain,0.1,0.0,1.0,7.167924528301887,0.0038745122405301163,0.020944464458964987,0.0,0.0025572976312912563,0.020690942618109387,0.0,2.9807108589510667e-06,4.518384082606174e-06,0.0,9.333076869134014e-06,1.5764582175434658e-05,1.5751465867305127e-05,1.8374733039352176e-08,0.0025551699311506717,2.9807108589510667e-06,5.421010862427522e-19,6.505213034913027e-19,1.498342029751414e-16,1.0093080357660522,1.730136399992298e-16,1.008026475495641,-1.734723475976807e-18,3.062942372355942e-18
linear_chain,0.1,0.0,1.0,7.2176100628930815,0.0038029412671505857,0.0205035828025155,0.0,0.0025106107986559013,0.020255429163871262,0.0,2.8690933161327263e-06,4.334010767120806e-06,0.0,8.923319357695046e-06,1.5080189456438611e-05,1.5067889904539984e-05,1.723344406813142e-08,0.0025085631196194724,2.8690933161327263e-06,3.2526065174565133e-19,1.734723475976807e-18,1.4983422306947251e-16,1.0091263291034553,1.730136425773338e-16,1.007868952657814,-1.734723475976807e-18,2.9682121958913248e-18
linear_chain,0.1,0.0,1.0,7.267295597484278,0.003733200059827841,0.02007480801872864,0.0,0.0024651159046997265,0.01983191240399291,0.0,2.762340397892744e-06,4.157908116846896e-06,0.0,8.534451325785148e-06,1.443040298884812e-05,1.4418864209662591e-05,1.6170308689328287e-08,0.002463144758910309,2.7623403978927436e-06,2.168404344971009e-19,1.734723475976807e-18,2.3690867922288354e-16,1.008949609141436,1.730136399992298e-16,1.0077157665372256,1.734723475976807e-18,2.8910246446979334e-18
linear_chain,0.1,0.0,1.0,7.3169811320754725,0.003665228115754364,0.01965773773428256,0.0,0.0024207734168106287,0.019419993436249294,0.0,2.6602061745642757e-06,3.989657370969966e-06,0.0,8.16526441642991e-06,1.381323052968869e-05,1.3802400739753457e-05,1.517946326185726e-08,0.002418875492387482,2.6602061745642757e-06,5.421010862427522e-19,1.734723475976807e-18,1.4983422530217582e-16,1.0087777057805145,1.730136425773338e-16,1.0075667696739303,1.734723475976807e-18,2.8348882438300124e-18
linear_chain,0.1,0.0,1.0,7.366666666666667,0.003598967337238577,0.019251985304506416,0.0,0.0023775453757775475,0.019019288949255975,0.0,2.5624588325391485e-06,3.828863507252199e-06,0.0,7.814628195639742e-06,1.3226807951765242e-05,1.3216639225425938e-05,1.4255522190071993e-08,0.002375717526732357,2.5624588325391485e-06,8.673617379884035e-19,1.734723475976807e-18,1.8350868259081962e-16,1.0086104558347142,1.730136374211258e-16,1.0074218205898908,-1.734723475976807e-18,2.7577006926366207e-18
linear_chain,0.1,0.0,1.0,7.416352201257862,0.0035343619206158125,0.018857179105805182,0.0,0.0023353953230638405,0.01862943052119982,0.0,2.468879771288743e-06,3.675153763248637e-06,0.0,7.481484624395665e-06,1.2669390169226546e-05,1.2659838126470626e-05,1.3393535901378885e-08,0.0023336345598637246,2.468879771288743e-06,1.0842021724855044e-19,1.734723475976807e-18,1.4983420744054853e-16,1.0084477027052527,1.7301364322185975e-16,1.0072807835069464,8.673617379884035e-19,2.6734960913347398e-18
linear_chain,0.1,0.0,1.0,7.466037735849056,0.0034713582510058063,0.01847296186397063,0.0,0.0022942882319031016,0.018250063954047536,0.0,2.3792627641548942e-06,3.528176245233522e-06,0.0,7.16484295772018e-06,1.2139342763541646e-05,1.2130366285047007e-05,1.258895278151244e-08,0.0022925917126289256,2.3792627641548942e-06,2.168404344971009e-19,4.336808689942018e-19,3.658061596072788e-20,1.008289296071783,2.1189756616483433e-16,1.0071435280799093,0.0,2.6313937906837987e-18
linear_chain,0.1,0.0,1.0,7.515723270440253,0.003409904802556402,0.018098990016439276,0.0,0.0022541904419953965,0.017880848641461212,0.0,2.293413176757684e-06,3.3875986148099395e-06,0.0,6.863775035098491e-06,1.1635134251485342e-05,1.1626695218374675e-05,1.1837584663911741e-08,0.0022525554640598975,2.293413176757684e-06,2.168404344971009e-19,1.0842021724855044e-18,1.4983420967325206e-16,1.008135091600121,2.1189756248106134e-16,1.0070099291438999,0.0,2.550697714436162e-18
linear_chain,0.1,0.0,1.0,7.565408805031447,0.003349952043848882,0.01773493310653931,0.0,0.002215069597589305,0.017521456968389193,0.0,2.211147239124132e-06,3.2531068985738323e-06,0.0,6.577410929812398e-06,1.1155328941919506e-05,1.114739199791182e-05,1.1135575522453705e-08,0.002213493589973507,2.211147239124132e-06,2.168404344971009e-19,5.421010862427522e-19,2.3690868063496926e-16,1.0079849506654792,2.7355857944538095e-16,1.0068798664750547,-8.673617379884035e-19,2.5121039388394664e-18
linear_chain,0.1,0.0,1.0,7.615094339622642,0.0032914523481875663,0.017380473207993585,0.0,0.002176894588758436,0.017171573740675076,0.0,2.1322913713835484e-06,3.1244043779516637e-06,0.0,6.30493492774401e-06,1.0698580332939088e-05,1.06911126668282e-05,1.0479373070145102e-08,0.002175375104729569,2.1322913713835484e-06,2.168404344971009e-19,1.0842021724855044e-18,1.4983420744054853e-16,1.007838740090272,2.1189756195480804e-16,1.0067532245638176,8.673617379884035e-19,2.4559675379715454e-18
linear_chain,0.1,0.0,1.0,7.664779874213837,0.00323435990846505,0.01703530437796507,0.0,0.0021396354956826394,0.016830895642904138,0.0,2.0566815497562056e-06,3.0012104940006894e-06,0.0,6.045581808571706e-06,1.0263625005173357e-05,1.0256596151791848e-05,9.86570293134054e-09,0.0021381702059646845,2.0566815497562056e-06,1.0842021724855044e-19,9.75781955236954e-19,2.5952045999884475e-16,1.0076963318956478,3.460272709750956e-16,1.0066298924000716,0.0,2.3647458865611737e-18
linear_chain,0.1,0.0,1.0,7.714465408805031,0.0031786306563636457,0.016699132137115737,0.0,0.0021032635357646832,0.01649913072304579,0.0,1.984162722904733e-06,2.8832599290544945e-06,0.0,5.798633404894766e-06,9.849276970957925e-06,9.842658628913996e-06,9.291545201554435e-09,0.0021018502221245797,1.984162722904733e-06,2.168404344971009e-19,8.673617379884035e-19,1.8350867712183528e-16,1.0075576030659277,2.446782306934625e-16,1.0065097632694235,0.0,2.329660636018723e-18
linear_chain,0.1,0.0,1.0,7.764150943396228,0.0031242221856319064,0.016371672975124558,0.0,0.002067751013423662,0.016175997902375023,0.0,1.9145882629914866e-06,2.7703016312972637e-06,0.0,5.563415416779277e-06,9.454422442601138e-06,9.448188307293136e-06,8.754113103780478e-09,0.0020663875626492543,1.914588262991487e-06,2.168404344971009e-19,3.2526065174565133e-19,1.835086898827985e-16,1.007422435325206,2.1189757247987357e-16,1.006392734559989,0.0,2.255981609879577e-18
linear_chain,0.1,0.0,1.0,7.813836477987422,0.0030710936792133635,0.016052653880440772,0.0,0.0020330712724055612,0.015861226509275156,0.0,1.8478194519559625e-06,2.6620980103912014e-06,0.0,5.339294461276006e-06,9.078014986105127e-06,9.072140596654035e-06,8.25083355618168e-09,0.0020317556706518497,1.8478194519559625e-06,3.2526065174565133e-19,8.673617379884035e-19,3.658061596072788e-20,1.007290714925414,1.730136380656518e-16,1.0062787075790636,0.0,2.1787940586861855e-18
linear_chain,0.1,0.0,1.0,7.863522012578617,0.0030192058400117434,0.015741811892689257,0.0,0.0019991986504803516,0.015554555835694489,0.0,1.7837250108744875e-06,2.558424117172178e-06,0.0,5.125675338187835e-06,8.719071029685438e-06,8.713533628499945e-06,7.779329514605401e-09,0.001997928977949928,1.7837250108744877e-06,1.0842021724855044e-19,3.7947076036992655e-19,2.1189756669108763e-16,1.0071623324451708,2.7355858596752554e-16,1.0061675873791287,8.673617379884035e-19,2.16125143341496e-18
linear_chain,0.1,0.0,1.0,7.913207547169812,0.0029685208250811597,0.015438893676769257,0.0,0.001966108436379273,0.015255734714926597,0.0,1.722180648961761e-06,2.4590668901528935e-06,0.0,4.921998494926448e-06,8.376665698946465e-06,8.37144410284667e-06,7.337403829116406e-09,0.0019648828623248537,1.722180648961761e-06,3.2526065174565133e-19,8.673617379884035e-19,1.4983422306947251e-16,1.0070371825988254,1.730136374211258e-16,1.0060592825926473,-8.673617379884035e-19,2.112132082655529e-18
linear_chain,0.1,0.0,1.0,7.962893081761006,0.0029190021830623482,0.015143655117389415,0.0,0.001933776828863753,0.014964521119735823,0.0,1.6630686509638034e-06,2.3638244649501316e-06,0.0,4.72773767480588e-06,8.049928953090309e-06,8.045003434948969e-06,6.923024562372396e-09,0.0019325936068865933,1.6630686509638034e-06,1.0842021724855044e-19,3.2526065174565133e-19,1.8350868076782488e-16,1.0069151640550946,1.2233912901919187e-16,1.0059537052751568,0.0,2.059504206841853e-18
linear_chain,0.1,0.0,1.0,8.0125786163522,0.0028706147946817224,0.014855860932875511,0.0,0.0019021808977923158,0.014680681779571578,0.0,1.6062774883385062e-06,2.27250553751029e-06,0.0,4.542397734466492e-06,7.738041998560853e-06,7.733394178540235e-06,6.534311579162581e-09,0.0019010383614166742,1.6062774883385062e-06,2.168404344971009e-19,3.7947076036992655e-19,1.0594879044996279e-16,1.006796179264769,1.730136374211258e-16,1.0058507707561886,8.673617379884035e-19,1.9858251807027066e-18
linear_chain,0.1,0.0,1.0,8.062264150943397,0.002823324816140201,0.014575284307323242,0.0,0.0018712985470846146,0.014403991815941247,0.0,1.5517014551422594e-06,2.1849287515317608e-06,0.0,4.365512617223029e-06,7.4402339586141684e-06,7.435846704179767e-06,6.169524300741322e-09,0.0018701951055941379,1.5517014551422594e-06,3.2526065174565133e-19,5.963111948670274e-19,1.0594880939507777e-16,1.0066801342969671,1.223391189927209e-16,1.0057503974975837,8.673617379884035e-19,1.9752996055399715e-18
linear_chain,0.1,0.0,1.0,8.111949685534592,0.0027770996252387448,0.014301706540143198,0.0,0.0018411084794833187,0.0141342343950313,0.0,1.499240329118605e-06,2.1009220834599053e-06,0.0,4.196643470295459e-06,7.155778779077144e-06,7.151636113006276e-06,5.827050524939343e-09,0.0018400426139966656,1.499240329118605e-06,2.168404344971009e-19,6.505213034913027e-19,1.0594879992252071e-16,1.006566938683471,2.9966840632239996e-16,1.0056525069587838,8.673617379884035e-19,1.9402143549975208e-18
linear_chain,0.1,0.0,1.0,8.161635220125786,0.002731907770100679,0.014034916711920012,0.0,0.0018115901630012816,0.013871200396553303,0.0,1.4487990535194693e-06,2.020322375237829e-06,0.0,4.035376894992921e-06,6.883992352116775e-06,6.880079367843786e-06,5.505396202670258e-09,0.0018105604227786989,1.4487990535194693e-06,4.336808689942018e-19,8.673617379884035e-19,1.4983420744054853e-16,1.0064565052706913,2.735585778148448e-16,1.005557023468721,3.469446951953614e-18,1.8840779541295998e-18
linear_chain,0.1,0.0,1.0,8.211320754716981,0.002687718920334169,0.013774711366012379,0.0,0.0017827237989826183,0.013614688098088542,0.0,1.400287439693149e-06,1.942974756461357e-06,0.0,3.881323319518691e-06,6.624229841477212e-06,6.62053262511707e-06,5.20317608928242e-09,0.0017817287979405435,1.4002874396931491e-06,4.336808689942018e-19,1.734723475976807e-18,1.835086734758456e-16,1.0063487500788417,1.2233911808122351e-16,1.00546387410394,8.673617379884035e-19,1.834958603370169e-18
linear_chain,0.1,0.0,1.0,8.261006289308176,0.0026445038205170305,0.013520894204804578,0.0,0.0017544902916725351,0.013364502874026532,0.0,1.3536198880925436e-06,1.8687322520052284e-06,0.0,3.7341154852673584e-06,6.375883193847214e-06,6.372388752366531e-06,4.919105187592243e-09,0.0017535287051022865,1.3536198880925436e-06,2.168404344971009e-19,5.963111948670274e-19,1.0594879044996279e-16,1.0062435921679365,1.2233913631117026e-16,1.0053729885726097,-1.734723475976807e-18,1.8033818778819636e-18
linear_chain,0.1,0.0,1.0,8.310691823899372,0.0026022342458771803,0.01327327579996235,0.0,0.0017268712192307256,0.013120456908410417,0.0,1.3087151283237374e-06,1.7974552781094527e-06,0.0,3.593407037971738e-06,6.138378822398893e-06,6.135075017379135e-06,4.651990917906511e-09,0.0017259417806985596,1.3087151283237374e-06,3.2526065174565133e-19,4.336808689942018e-19,1.835086734758456e-16,1.0061409535102273,1.730136374211258e-16,1.0052842991041173,2.6020852139652106e-18,1.768296627339513e-18
linear_chain,0.1,0.0,1.0,8.360377358490567,0.002560882960048447,0.013031673316083568,0.0,0.0016998488061041022,0.012882368920965398,0.0,1.2654959728739637e-06,1.7290112363985303e-06,0.0,3.458871215841989e-06,5.911175449580913e-06,5.908050936136745e-06,4.400725934879388e-09,0.0016989503045297496,1.2654959728739637e-06,1.0842021724855044e-19,3.2526065174565133e-19,1.0594880939507777e-16,1.006040758868747,1.730136425773338e-16,1.005197740343926,1.734723475976807e-18,1.7507540020682874e-18
linear_chain,0.1,0.0,1.0,8.410062893081761,0.002520423674803527,0.012795910246843475,0.0,0.0016734058966862049,0.012650063905584635,0.0,1.2238890867183742e-06,1.6632741990237488e-06,0.0,3.3301996275513786e-06,5.693762097314142e-06,5.690806267730156e-06,4.164281545244389e-09,0.0016725371735869777,1.2238890867183744e-06,1.0842021724855044e-19,2.168404344971009e-19,1.4983421637136245e-16,1.005942935681619,1.2233912172721306e-16,1.005113249253434,0.0,1.6911090761461214e-18
linear_chain,0.1,0.0,1.0,8.459748427672956,0.002480831011645338,0.012565816163159426,0.0,0.001647525930202762,0.012423372880725037,0.0,1.1838247776964917e-06,1.600124427810062e-06,0.0,3.207101113309506e-06,5.485656213712703e-06,5.482859145377002e-06,3.941701692621367e-09,0.0016466858770838482,1.1838247776964917e-06,3.2526065174565133e-19,6.505213034913027e-19,1.8350867529884047e-16,1.005847413951836,1.730136399992298e-16,1.005030765014551,8.673617379884035e-19,1.6419897253866904e-18
linear_chain,0.1,0.0,1.0,8.50943396226415,0.0024420804651749946,0.012341226472730704,0.0,0.0016221929167522927,0.012202132651033594,0.0,1.1452367869922518e-06,1.5394481032248476e-06,0.0,3.089300683003223e-06,5.286401926268028e-06,5.2837543336020485e-06,3.732097393761037e-09,0.0016213804726496498,1.1452367869922518e-06,1.6263032587282567e-19,1.0842021724855044e-19,1.05948825182671e-16,1.0057541261422105,2.73558579853015e-16,1.0049502289387562,8.673617379884035e-19,1.6069044748442397e-18
linear_chain,0.1,0.0,1.0,8.559119496855347,0.0024041483681346894,0.01212198219032358,0.0,0.0015973914144483232,0.011986185579668364,0.0,1.1080621044383378e-06,1.4811369979118792e-06,0.0,2.976538525702549e-06,5.095568412275663e-06,5.093061602294145e-06,3.5346416708804398e-09,0.0015966055636034043,1.1080621044383378e-06,1.6263032587282567e-19,4.87890977618477e-19,1.8350868076782488e-16,1.005663007075229,2.735585778148448e-16,1.0048715843803961,8.673617379884035e-19,1.575327749356034e-18
linear_chain,0.1,0.0,1.0,8.608805031446542,0.0023670118580436366,0.011907929718293147,0.0,0.0015731065076005936,0.011775379370807283,0.0,1.0722407896845552e-06,1.4250881540729413e-06,0.0,2.8685690853886347e-06,4.9127483779673625e-06,4.910374209182756e-06,3.3485648777512277e-09,0.0015723462772615118,1.0722407896845552e-06,1.6263032587282567e-19,1.734723475976807e-18,2.5952046515505267e-16,1.005573993837551,2.1189756616483433e-16,1.0047947766539973,8.673617379884035e-19,1.5542765990305637e-18
linear_chain,0.1,0.0,1.0,8.658490566037736,0.0023306488453475644,0.011698920637016259,0.0,0.0015493237858878988,0.011569566861784513,0.0,1.0377158031691593e-06,1.3712036181409131e-06,0.0,2.765160198070417e-06,4.737556638516087e-06,4.735307482929491e-06,3.173150400824491e-09,0.0015485882442333365,1.0377158031691593e-06,2.168404344971009e-19,8.673617379884035e-19,1.4983420967325206e-16,1.005487025688913,1.2233912172721306e-16,1.0047197529553948,-8.673617379884035e-19,1.4946316731083977e-18
linear_chain,0.1,0.0,1.0,8.70817610062893,0.0022950379829972736,0.011494811504263352,0.0,0.0015260293244673008,0.011368605824402477,0.0,1.0044328498299385e-06,1.3193901493209878e-06,0.0,2.6660922859271547e-06,4.569628791655623e-06,4.567497499568012e-06,3.0077307141327784e-09,0.0015253175786400163,1.0044328498299385e-06,5.421010862427522e-20,8.673617379884035e-19,1.8350868076782488e-16,1.0054020439752085,1.7301363613207379e-16,1.0046464622864726,8.673617379884035e-19,1.4946316731083977e-18
linear_chain,0.1,0.0,1.0,8.757861635220126,0.0022601586373966302,0.011295463663721274,0.0,0.0015032096649767544,0.011172358774995573,0.0,9.723402336014547e-07,1.269558981184869e-06,0.0,2.571157604354812e-06,4.408619978245243e-06,4.4065998456721686e-06,2.8516837533593883e-09,0.0015025208592227167,9.723402336014545e-07,4.336808689942018e-19,4.87890977618477e-19,1.4983421413865901e-16,1.0053189920455263,2.446782306934625e-16,1.0045748553833305,8.673617379884035e-19,1.445512322348967e-18
linear_chain,0.1,0.0,1.0,8.807547169811322,0.002225990860636513,0.011100743061616243,0.0,0.001480851797381364,0.010980692792764202,0.0,9.413887131455584e-07,1.2216255980729943e-06,0.0,2.480159538188939e-06,4.254203723593993e-06,4.252288462087644e-06,2.704429555945509e-09,0.0014801851112919318,9.413887131455584e-07,3.2526065174565133e-19,8.673617379884035e-19,2.595204535535847e-16,1.0052378151729513,2.1189756405982117e-16,1.0045048846477047,0.0,1.4174441219150062e-18
linear_chain,0.1,0.0,1.0,8.857232704402517,0.0021925153639670704,0.010910520071441469,0.0,0.0014589431426276084,0.010793479346006506,0.0,9.115313770646215e-07,1.175509472718655e-06,0.0,2.3929119436211524e-06,4.106070853864472e-06,4.104254562526583e-06,2.5654271989016996e-09,0.0014582977894696293,9.115313770646214e-07,3.7947076036992655e-19,8.673617379884035e-19,1.4983421413865901e-16,1.0051584604789296,2.7355857822247886e-16,1.0044365040814776,0.0,1.3928844465352907e-18
linear_chain,0.1,0.0,1.0,8.906918238993711,0.0021597134924269037,0.010724669326199561,0.0,0.00143747153605787,0.01061059412584483,0.0,8.827235159510376e-07,1.1311338978329355e-06,0.0,2.3092385325748536e-06,3.963928482266242e-06,3.962205621809346e-06,2.4341719464166506e-09,0.0014368467611966514,8.827235159510377e-07,1.6263032587282567e-19,2.168404344971009e-19,1.8350868076782488e-16,1.0050808768610213,1.2233913084218654e-16,1.004369669224118,-4.336808689942018e-19,1.3963929715895359e-18
linear_chain,0.1,0.0,1.0,8.956603773584906,0.0021275672005913898,0.010543069557914779,0.0,0.0014164252115538808,0.010431916887155812,0.0,8.549225084282794e-07,1.0884257704138818e-06,0.0,2.2289722966184125e-06,3.827499060187712e-06,3.825864428868925e-06,2.3101926390824384e-09,0.0014158202909581817,8.549225084282794e-07,1.0842021724855044e-19,4.336808689942018e-19,1.0594884097026187e-16,1.0050050149238736,2.1189758089992559e-16,1.0043043370929081,0.0,1.3437650957758599e-18
linear_chain,0.1,0.0,1.0,9.0062893081761,0.002096059029374218,0.010365603443924832,0.0,0.0013957927863696021,0.010257331296222407,0.0,8.280877119935077e-07,1.0473153809774061e-06,0.0,2.15195496763513e-06,3.6965194887509392e-06,3.694968200028325e-06,2.1930492804313864e-09,0.0013952070251920426,8.280877119935075e-07,2.168404344971009e-19,5.421010862427522e-19,1.8350868076782488e-16,1.0049308269132429,1.730136354875478e-16,1.0042404661258162,0.0,1.3192054203961444e-18
linear_chain,0.1,0.0,1.0,9.055974842767297,0.002065172083832032,0.01019215745976984,0.0,0.001375563246621575,0.010086724784908949,0.0,8.021803604873906e-07,1.0077362912085602e-06,0.0,2.078036512720334e-06,3.570740286626008e-06,3.5692677484195678e-06,2.082330810573413e-09,0.0013749959778555961,8.021803604873906e-07,1.6263032587282567e-19,1.0842021724855044e-19,2.1189756984860726e-16,1.0048582666529269,2.1189756405982117e-16,1.0041780161268816,-4.336808689942018e-19,1.298154270070674e-18
linear_chain,0.1,0.0,1.0,9.105660377358491,0.0020348900119302542,0.010022621738278854,0.0,0.0013557259334068283,0.00991998841102132,0.0,7.771634658299391e-07,9.696251195952937e-07,0.0,2.007074660965629e-06,3.449924810250662e-06,3.4485267056748632e-06,1.9776530464749423e-09,0.0013551765166121804,7.771634658299391e-07,1.6263032587282567e-19,2.168404344971009e-19,2.1189757142736706e-16,1.0047872894844527,1.730136348430218e-16,1.0041169482139949,-4.336808689942018e-19,1.2700860696367135e-18
linear_chain,0.1,0.0,1.0,9.155345911949686,0.002005196984207108,0.009856889934639361,0.0,0.0013362705295091024,0.009757016724493126,0.0,7.530017270904872e-07,9.329213941835328e-07,0.0,1.938934459914978e-06,3.3338485228572136e-06,3.332520792313585e-06,1.8786567840359237e-09,0.0013357383496021824,7.530017270904872e-07,5.421010862427522e-20,4.336808689942018e-19,2.996684193465041e-16,1.0047178522093974,2.7355858107591714e-16,1.0040572247689494,0.0,1.2525434443654884e-18
linear_chain,0.1,0.0,1.0,9.20503144654088,0.0019760776743187984,0.009694859096978557,0.0,0.001317187046679369,0.00959770763922893,0.0,7.296614449377749e-07,8.975674283236285e-07,0.0,1.8734878597487772e-06,3.222298309032418e-06,3.2210371335628115e-06,1.7850060445982134e-09,0.0013166715127862162,7.296614449377749e-07,5.421010862427522e-20,5.421010862427522e-19,2.803141369175342e-16,1.00464991303419,2.1189756511232777e-16,1.0039988093896541,-4.336808689942018e-19,1.2174581938230377e-18
linear_chain,0.1,0.0,1.0,9.254716981132075,0.0019475172403939911,0.0095364295425135,0.0,0.0012984658134489661,0.009441962310244488,0.0,7.071104383845154e-07,8.635081387843111e-07,0.0,1.8106133232228438e-06,3.115071831701943e-06,3.113873617502586e-06,1.6963864475285929e-09,0.0012979663578154812,7.071104383845154e-07,2.168404344971009e-19,4.336808689942018e-19,2.3690867922288354e-16,1.0045834315173088,2.9966840892722084e-16,1.0039416668444063,0.0,1.2104411437145473e-18
linear_chain,0.1,0.0,1.0,9.304402515723272,0.0019195013071863795,0.009381504738726435,0.0,0.0012800974634609179,0.009289685015931508,0.0,6.853179714185099e-07,8.306909691151676e-07,0.0,1.750195459730245e-06,3.0119769287201634e-06,3.010838292733954e-06,1.6125037176224947e-09,0.0012796135404189275,6.853179714185098e-07,1.6263032587282567e-19,3.2526065174565133e-19,2.3690867922288354e-16,1.0045183685187167,1.7301364064375582e-16,1.0038857630281228,0.0,1.182372943280587e-18
linear_chain,0.1,0.0,1.0,9.354088050314466,0.0018920159489659361,0.0092299911894275,0.0,0.0012620729242877494,0.009140783045137919,0.0,6.64254676629655e-07,7.990657042416301e-07,0.0,1.6921246817988934e-06,2.9128310464046616e-06,2.9117488029077044e-06,1.5330822867452665e-09,0.0012616040092723445,6.64254676629655e-07,1.0842021724855044e-19,4.336808689942018e-19,1.059488125525966e-16,1.0044546861514705,1.730136380656518e-16,1.0038310649204336,0.0,1.1858814683348318e-18
linear_chain,0.1,0.0,1.0,9.403773584905661,0.0018650476731306672,0.009081798325558383,0.0,0.0012443834067162548,0.00899516658892355,0.0,6.438924885986816e-07,7.685843992425901e-07,0.0,1.6362968825851348e-06,2.817460707571491e-06,2.816431855683183e-06,1.4578640125991905e-09,0.0012439289953328633,6.438924885986816e-07,5.421010862427522e-20,8.673617379884035e-19,2.1189756353356795e-16,1.004392347735357,2.735585778148448e-16,1.003777540545552,0.0,1.1437791676838912e-18
linear_chain,0.1,0.0,1.0,9.453459119496856,0.0018385834044911877,0.00893683840038421,0.0,0.001227020394477073,0.008852748636680566,0.0,6.242045791210544e-07,7.392012474480134e-07,0.0,1.582613132931208e-06,2.725701011792999e-06,2.724722723839674e-06,1.3866069875726681e-09,0.0012265800016147568,6.242045791210544e-07,1.0842021724855044e-19,1.0842021724855044e-19,1.835086898827985e-16,1.0043313177524964,1.730136399992298e-16,1.0037251589338392,4.336808689942018e-19,1.1122024421956855e-18
linear_chain,0.1,0.0,1.0,9.50314465408805,0.001812610470210062,0.00879502638900237,0.0,0.0012099756343981185,0.008713444876528621,0.0,6.051652965326121e-07,7.108724693564184e-07,0.0,1.5309793967407117e-06,2.6373951657618215e-06,2.6364647764290076e-06,1.3190844362381421e-09,0.0012095487933855079,6.051652965326122e-07,1.0842021724855044e-19,5.421010862427522e-20,1.4983420744054853e-16,1.004271561804798,2.996684092993381e-16,1.0036738900849733,0.0,1.1122024421956855e-18
linear_chain,0.1,0.0,1.0,9.552830188679247,0.0017871165853543835,0.008656279891853073,0.0,0.0011932411269621236,0.008577173599701091,0.0,5.867501054231482e-07,6.835562381577894e-07,0.0,1.4813062634404545e-06,2.552394041794582e-06,2.5515090380179135e-06,1.2550836869972588e-09,0.0011928273887671014,5.867501054231482e-07,1.6263032587282567e-19,1.6263032587282567e-19,1.4983420967325206e-16,1.0042130465731833,1.730136374211258e-16,1.0036237049326604,0.0,1.0595745663820097e-18
linear_chain,0.1,0.0,1.0,9.602515723270441,0.001762089839040318,0.008520519042150348,0.0,0.0011768091172480169,0.00844385560877112,0.0,5.689355350286009e-07,6.572125560177224e-07,0.0,1.4335086964406648e-06,2.470555762643868e-06,2.4697137741752977e-06,1.1944052302422378e-09,0.001176408049714382,5.68935535028601e-07,1.6093625997831706e-20,2.168404344971009e-19,1.8350868076782488e-16,1.004155739778508,2.735585831140873e-16,1.0035745753108065,0.0,1.0665916164904998e-18
linear_chain,0.1,0.0,1.0,9.652201257861636,0.0017375186811413538,0.008387666417005191,0.0,0.0011606720862436842,0.008313414129554823,0.0,5.516991269142378e-07,6.318031694051796e-07,0.0,1.387505796539653e-06,2.391745310929401e-06,2.3909441015327766e-06,1.1368618367582052e-09,0.0011602832733639647,5.516991269142379e-07,2.168404344971009e-19,1.0842021724855044e-19,1.4983421413865901e-16,1.0040996101440793,2.118975645860745e-16,1.0035264739210867,0.0,1.0174722657310688e-18
linear_chain,0.1,0.0,1.0,9.70188679245283,0.001713391909529907,0.008257646952065491,0.0,0.0011448227425050557,0.008185774726542703,0.0,5.350193836151214e-07,6.072915126898338e-07,0.0,1.3432205793267338e-06,2.3158341615888108e-06,2.315071620831049e-06,1.0822777358326417e-09,0.0011444457837331142,5.350193836151214e-07,5.421010862427522e-20,4.336808689942018e-19,2.1189756826984743e-16,1.0040446273597226,3.460272725864106e-16,1.0034793743018442,0.0,9.964211154055985e-19
linear_chain,0.1,0.0,1.0,9.751572327044025,0.0016896986578349752,0.008130387859531706,0.0,0.0011292540141554636,0.00806086522162713,0.0,5.188757258799985e-07,5.83642581989621e-07,0.0,1.3005797656696878e-06,2.242699935896199e-06,2.2419740714697136e-06,1.030487864184792e-09,0.0011288885237462376,5.188757258799985e-07,1.0842021724855044e-19,3.2526065174565133e-19,1.0594879044996279e-16,1.003990762047301,2.118975787949126e-16,1.003433250798261,-4.336808689942018e-19,9.683529149716378e-19
linear_chain,0.1,0.0,1.0,9.801257861635222,0.0016664283836887368,0.008005818549465438,0.0,0.0011139590412003525,0.007938615616095773,0.0,5.032484449965965e-07,5.608229123991824e-07,0.0,1.2595135844689908e-06,2.1722260756570184e-06,2.171535006218309e-06,9.813371536331383e-10,0.001113604647586366,5.032484449965965e-07,1.6263032587282567e-19,5.421010862427522e-19,1.835086734758456e-16,1.0039379857276371,2.446782325164574e-16,1.0033880785337403,0.0,9.858955402428633e-19
linear_chain,0.1,0.0,1.0,9.850943396226416,0.0016435708574414653,0.007883870554115952,0.0,0.0010989311681514834,0.007818958015637223,0.0,4.881186648747643e-07,5.388004607126689e-07,0.0,1.2199555868924803e-06,2.1043015363192946e-06,2.103643484788835e-06,9.346798836635606e-10,0.0010985875133450828,4.881186648747643e-07,2.168404344971009e-19,8.673617379884035e-19,2.369086848712264e-16,1.003886270788769,1.2233912901919187e-16,1.0033438333824443,4.336808689942018e-19,9.367761894834323e-19
linear_chain,0.1,0.0,1.0,9.90062893081761,0.001621116151320476,0.007764477455225158,0.0,0.0010841639369404761,0.007701826558298335,0.0,4.7346829947958983e-07,5.175445609468394e-07,0.0,1.1818424713632264e-06,2.0388204977978063e-06,2.0381937851026325e-06,8.903790664358328e-10,0.001083830675967446,4.734682994795899e-07,5.421010862427522e-20,1.3552527156068805e-19,2.5866401605811532e-20,1.0038355904554759,1.730136374211258e-16,1.00330049194294,0.0,9.15725039157962e-19
linear_chain,0.1,0.0,1.0,9.950314465408805,0.0015990546290182964,0.007647574814149727,0.0,0.001069651080112259,0.007587157345216044,0.0,4.5928001847145264e-07,4.97025847520608e-07,0.0,1.145113918634717e-06,1.9756820919087286e-06,1.9750851311248166e-06,8.483058864114165e-10,0.001069327880469001,4.5928001847145264e-07,1.0842021724855044e-19,4.336808689942018e-19,2.803141321438132e-16,1.00378591876002,2.1189756195480804e-16,1.0032580315128934,1.3010426069826053e-18,9.122165141037168e-19
linear_chain,0.1,0.0,1.0,10.0,0.0015773769356909335,0.007533100104702088,0.0,0.001055386514287388,0.007474888374063031,0.0,4.455372107566893e-07,4.772162034891939e-07,0.0,1.1097124363179615e-06,1.9147901453820796e-06,1.914221436257084e-06,8.083391714872913e-10,0.0010550730554247966,4.4553721075668936e-07,1.6263032587282567e-19,3.2526065174565133e-19,1.498342029751414e-16,1.0037372305140506,2.1189756405982117e-16,1.00321643006478,0.0,9.192335642122072e-19
square,0.1,0.0,0.1,2.1,0.013024605131736228,0.013109981296572436,0.0,0.008079562657193059,0.00811233471550815,1.2074182697257333e-06,3.892495086941777e-05,3.892570846013688e-05,1.2074182697257333e-06,8.150850830437656e-05,0.00013317440716227404,0.0001325328121309842,6.415950312905024e-07,0.00804063770632368,3.892495086941777e-05,8.673617379884035e-19,1.734723475976807e-18,6.621798897426181e-17,1.0392588694294453,1.5292389307964766e-16,1.0277898033336805,-5.204170427930421e-18,0.0
square,0.1,0.0,0.1,2.149685534591195,0.012156184591462145,0.012230522838097228,0.0,0.007538987254861497,0.007567512946689709,0.0,3.3880970492077395e-05,3.3881544462004104e-05,0.0,6.927650750140541e-05,0.00011311509321343632,0.0001126067425549438,5.083506584921834e-07,0.007505106284369397,3.38809704920774e-05,6.505213034913027e-19,0.0,2.093996646213345e-16,1.0365645022213026,1.0813352180206541e-16,1.0258902556835858,-3.469446951953614e-18,0.0
square,0.1,0.0,0.1,2.1993710691823902,0.01136414040519603,0.011429081247193827,0.0,0.007046244037993994,0.007071156585460049,0.0,2.9588726496390287e-05,2.9589164249458436e-05,8.537736462515939e-07,5.910454589259514e-05,9.645091468091604e-05,9.60458961037237e-05,4.050185771926186e-07,0.007016655311497624,2.9588726496390284e-05,4.336808689942018e-19,1.734723475976807e-18,1.1469292042392834e-16,1.0341142813839037,1.3243597626286859e-16,1.02416152947731,0.0,1.734723475976807e-18
square,0.1,0.0,0.1,2.249056603773585,0.01064023662335164,0.01069714670944333,0.0,0.006596131882578963,0.006617958345599605,0.0,2.5922312012505635e-05,2.5922648000211005e-05,1.2074182697257333e-06,5.0609671149070194e-05,8.254683961757046e-05,8.222243662346659e-05,3.2440299410391715e-07,0.00657020957056646,2.5922312012505635e-05,4.336808689942018e-19,1.734723475976807e-18,1.3243597653010658e-16,1.0318808917022941,1.5292389307964766e-16,1.0225847120103788,-3.469446951953614e-18,1.734723475976807e-18
square,0.1,0.0,0.1,2.29874213836478,0.009977281296658142,0.010027303912549516,0.0,0.006184116043982528,0.006203296998228777,0.0,2.27791271226286e-05,2.277938657014057e-05,1.2074182697257333e-06,4.3486523906721645e-05,7.089744112753665e-05,7.063629114059764e-05,2.6114998693866644e-07,0.006161336916859869,2.2779127122628603e-05,8.673617379884035e-19,3.469446951953614e-18,1.3243597665344718e-16,1.0298406416450203,1.081335218272422e-16,1.0211433667721808,-3.469446951953614e-18,1.734723475976807e-18
square,0.1,0.0,0.1,2.348427672955975,0.00936897523360762,0.009413070646487274,0.0,0.005806230344766346,0.005823135578013837,0.0,2.0075170532435683e-05,2.0075372040854575e-05,8.537736462515939e-07,3.749037198150963e-05,6.1098322284427e-05,6.088707347646132e-05,2.1124880796560038e-07,0.005786155174233903,2.0075170532435687e-05,4.336808689942018e-19,8.673617379884035e-19,1.7519632900026877e-16,1.0279729089490905,1.7097411016296254e-16,1.0198231605079193,-7.806255641895632e-18,2.6020852139652106e-18
square,0.1,0.0,0.1,2.39811320754717,0.008809785293064398,0.008848763144771723,0.0,0.005458995480210005,0.0054739365777285364,8.537736462515939e-07,1.774135888761802e-05,1.7741516267048438e-05,8.537736462515939e-07,3.242411542030823e-05,5.282429200728913e-05,5.265261670074552e-05,1.7167530654368592e-07,0.005441254121322394,1.7741358887618017e-05,4.336808689942018e-19,1.734723475976807e-18,2.1962022138225864e-16,1.0262596820574061,1.0813352187759581e-16,1.018611553600076,1.734723475976807e-18,-1.734723475976807e-18
square,0.1,0.0,0.1,2.4477987421383647,0.008294837823157578,0.008329383264832083,1.2074182697257333e-06,0.00513935050535824,0.005152590990914942,1.2074182697257333e-06,1.572063336952742e-05,1.5720756939793097e-05,0.0,2.8128274212900656e-05,4.5812594294229064e-05,4.5672459271748113e-05,1.401350224810707e-07,0.005123629871988725,1.572063336952742e-05,2.168404344971009e-19,8.673617379884035e-19,1.480679234111102e-16,1.0246851789746185,1.8729275373346255e-16,1.017497541835925,-1.734723475976807e-18,1.734723475976807e-18
square,0.1,0.0,0.1,2.4974842767295597,0.00781982871294087,0.007850523587822822,1.2074182697257333e-06,0.0048445951516676335,0.004856358697568244,0.0,1.396567303562169e-05,1.3965770556463454e-05,1.2074182697257333e-06,2.4473230494131632e-05,3.984994500625898e-05,3.973506826526798e-05,1.148767409911117e-07,0.004830629478632026,1.396567303562169e-05,4.336808689942018e-19,8.673617379884035e-19,1.480679230801526e-16,1.0232355290015482,1.081335218272422e-16,1.0164714400936048,-1.734723475976807e-18,0.0
square,0.1,0.0,0.1,2.547169811320755,0.007380947198706892,0.007408287287357452,0.0,0.004572341079832201,0.004582818183753832,8.537736462515939e-07,1.243707846679141e-05,1.243715580791426e-05,8.537736462515939e-07,2.1353185084895036e-05,3.476245554433398e-05,3.466789930284738e-05,9.455624148649388e-08,0.004559904001365396,1.243707846679141e-05,4.336808689942018e-19,8.673617379884035e-19,9.364637720832329e-17,1.0218985058081715,7.646194670004799e-17,1.0155247003920673,-2.6020852139652106e-18,0.0
square,0.1,0.0,0.1,2.59685534591195,0.006974811102997968,0.006999220222457974,0.0,0.004320470537124915,0.004329823975583682,8.537736462515939e-07,1.110192195542632e-05,1.110198358221289e-05,1.2074182697257333e-06,1.8681425141690305e-05,3.04077585046552e-05,3.0329622440803568e-05,7.813606385168888e-08,0.004309368615169497,1.1101921955426319e-05,2.168404344971009e-19,8.673617379884035e-19,6.621798835755875e-17,1.0206633026320557,1.7097411013111612e-16,1.014649758243447,-8.673617379884035e-19,0.0
square,0.1,0.0,0.1,2.646540880503145,0.006598411611830877,0.0066202531895907454,0.0,0.00408710117457394,0.004095470475669853,8.537736462515939e-07,9.932584863883497e-06,9.932634192695987e-06,0.0,1.6386600061206147e-05,2.666882252541557e-05,2.6604011224779977e-05,6.481130063562751e-08,0.004077168589710061,9.932584863883495e-06,3.2526065174565133e-19,8.673617379884035e-19,6.62179888509212e-17,1.0195203422058274,1.7097411014703933e-16,1.0138399024191584,8.673617379884035e-19,-8.673617379884035e-19
square,0.1,0.0,0.1,2.6962264150943396,0.006249066038192708,0.00626865265038418,0.0,0.003870556008057593,0.0038780611344694615,0.0,8.905821100059095e-06,8.905860757111038e-06,0.0,1.4409776847193024e-05,2.3449070066567615e-05,2.3395115745136625e-05,5.3954321431045056e-08,0.0038616501869575427,8.905821100059093e-06,3.2526065174565133e-19,8.673617379884035e-19,2.093996646213345e-16,1.018461115444282,2.293858396372742e-16,1.0130891641673392,0.0,3.469446951953614e-18
square,0.1,0.0,0.1,2.7459119496855346,0.005924377295440299,0.005941978556866554,1.2074182697257333e-06,0.0036693376906231693,0.003676082083895409,0.0,8.001999492606247e-06,8.002031508868388e-06,1.2074182697257333e-06,1.2702101126936965e-05,2.0668505473524266e-05,2.0623432115807734e-05,4.507335771649359e-08,0.0036613356911305564,8.001999492606247e-06,3.2526065174565133e-19,8.673617379884035e-19,6.621798848089937e-17,1.0174780440493416,1.0813352187759581e-16,1.0123922226549515,0.0,2.6020852139652106e-18
square,0.1,0.0,0.1,2.7955974842767297,0.005622199026944545,0.0056380481413316344,0.0,0.0034821064108021696,0.00348817951693124,8.537736462515939e-07,7.204488367222461e-06,7.204514319729981e-06,1.2074182697257333e-06,1.1222931061465068e-05,1.8260630358867817e-05,1.8222849061148093e-05,3.778129771982054e-08,0.0034749019224349655,7.2044883672224606e-06,1.0842021724855044e-19,4.336808689942018e-19,6.621798860423998e-17,1.016564363086887,1.081335218272422e-16,1.0117443239951538,0.0,4.336808689942018e-19
square,0.1,0.0,0.1,2.845283018867925,0.005340605519023364,0.005354904735916729,8.537736462515939e-07,0.003307660850835502,0.003313140222939985,0.0,6.499153645563778e-06,6.4991747653039665e-06,8.537736462515939e-07,9.9383422276209e-06,1.6169975515275178e-05,1.613820346848502e-05,3.177204679017562e-08,0.003301161697189943,6.499153645563777e-06,2.168404344971009e-19,4.336808689942018e-19,6.621798823421814e-17,1.0157140203050434,1.0813352180206541e-16,1.0111412116917173,-1.734723475976807e-18,0.0
square,0.1,0.0,0.1,2.89496855345912,0.005077865671376914,0.005090790847419065,0.0,0.003144921735452375,0.003149874790298441,1.4787793334710982e-06,5.873947973895088e-06,5.873965225796577e-06,8.537736462515939e-07,8.819924832656796e-06,1.4350117867237197e-05,1.4323315341495058e-05,2.6802525742119568e-08,0.0031390477874784755,5.873947973895087e-06,2.168404344971009e-19,8.673617379884035e-19,9.364637703389333e-17,1.0149215895377974,1.324359762423118e-16,1.0105790667120405,0.0,4.336808689942018e-19
square,0.1,0.0,0.1,2.9446540880503145,0.004832420419577454,0.004844124843481802,1.2074182697257333e-06,0.0029929175806335208,0.0029974030708070603,1.2074182697257333e-06,5.318573126206347e-06,5.318587269871988e-06,0.0,7.843812295333228e-06,1.2762080721424596e-05,1.2739401827759653e-05,2.267889366504955e-08,0.002987599007507339,5.318573126206347e-06,2.168404344971009e-19,4.336808689942018e-19,1.480679230801526e-16,1.0141821960010629,1.7097411013111612e-16,1.010054455707801,4.336808689942018e-19,-8.673617379884035e-19
square,0.1,0.0,0.1,2.9943396226415095,0.004602863102922874,0.004613480712997903,1.2074182697257333e-06,0.0028507723162700337,0.00285484156792468,1.2074182697257333e-06,4.824201640391411e-06,4.824213277014731e-06,1.2074182697257333e-06,6.989893710562681e-06,1.1373038221272478e-05,1.1353792268402113e-05,1.9245952870443075e-08,0.0028459481146296613,4.824201640391411e-06,1.6263032587282567e-19,4.336808689942018e-19,1.622002828667473e-16,1.0134914516636244,1.0813352190277261e-16,1.0095642861523182,-8.673617379884035e-19,-4.336808689942018e-19
square,0.1,0.0,0.1,3.0440251572327046,0.004387922352263753,0.004397570451102839,8.537736462515939e-07,0.0027176945095406333,0.002721392466222615,8.537736462515939e-07,4.383246508594798e-06,4.383256115143412e-06,0.0,6.241173051198532e-06,1.0155262234571074e-05,1.0138883271601749e-05,1.6378962969267734e-08,0.002713311263032023,4.383246508594799e-06,1.0842021724855044e-19,4.336808689942018e-19,1.6220028311851527e-16,1.012845399180747,1.3243597622175503e-16,1.009105767367851,-8.673617379884035e-19,8.673617379884035e-19
square,0.1,0.0,0.1,3.0937106918238992,0.004186447139613853,0.004195228691191072,8.537736462515939e-07,0.002592967959462834,0.0025963340649842043,8.537736462515939e-07,3.989169995588651e-06,3.9891779525619525e-06,0.0,5.5832459221051715e-06,9.085263219095332e-06,9.071285931291534e-06,1.3977287803875673e-08,0.0025889787894672676,3.989169995588651e-06,2.168404344971009e-19,8.673617379884035e-19,9.364637738275326e-17,1.0122404631278177,2.293858395779319e-16,1.0086763765834006,-8.673617379884035e-19,0.0
square,0.1,0.0,0.1,3.1433962264150948,0.003997393687046229,0.004005399265916159,8.537736462515939e-07,0.0024759434691139694,0.0024790124164152006,0.0,3.6363244385670447e-06,3.636331050123328e-06,8.537736462515939e-07,5.003870841794649e-06,8.14308689499488e-06,8.131127451553997e-06,1.1959443440863919e-08,0.0024723071446753966,3.6363244385670447e-06,5.421010862427522e-20,4.336808689942018e-19,1.3243597653010658e-16,1.0116734074760652,7.646194662883726e-17,1.0082738293012727,0.0,0.0
square,0.1,0.0,0.1,3.1930817610062894,0.003819813978686349,0.0038271234284715646,0.0,0.002366031631952007,0.0023688340000395493,1.2074182697257333e-06,3.3198192702894335e-06,3.319824781121848e-06,1.2074182697257333e-06,4.4926168139187376e-06,7.311736530470885e-06,7.301477308444734e-06,1.0259222026169773e-08,0.002362711812681724,3.3198192702894335e-06,2.168404344971009e-19,4.336808689942018e-19,9.364637738275326e-17,1.011141298421018,1.0813352180206541e-16,1.0078960533643797,-8.673617379884035e-19,8.673617379884035e-19
square,0.1,0.0,0.1,3.2427672955974844,0.003652845658253393,0.003659529506487931,0.0,0.0022626964935539996,0.002265259290681033,0.0,3.035409608270236e-06,3.035414215396736e-06,1.2074182697257333e-06,4.0405726868494785e-06,6.5766968629308036e-06,6.56787421751407e-06,8.822645416781109e-09,0.0022596610839457454,3.035409608270236e-06,1.6263032587282567e-19,4.336808689942018e-19,9.364637720832329e-17,1.0106414718136658,1.7097411014703933e-16,1.0075411662104696,0.0,8.673617379884035e-19
square,0.1,0.0,0.1,3.2924528301886795,0.0034957031269139812,0.0035018237951092834,0.0,0.002165449970879542,0.00216779709896198,8.537736462515939e-07,2.7794026575887165e-06,2.7794065203017504e-06,8.537736462515939e-07,3.6401067269624443e-06,5.925540541018027e-06,5.917934979426191e-06,7.605561591739648e-09,0.0021626705682219177,2.779402657588716e-06,1.0842021724855044e-19,4.336808689942018e-19,1.3243597659177687e-16,1.010171504559881,1.08133521978303e-16,1.0072074548778365,-1.0842021724855044e-18,4.336808689942018e-19
square,0.1,0.0,0.1,3.342138364779874,0.0033476696833330327,0.0033532825244565086,0.0,0.002073846928570188,0.002075999581247845,8.537736462515939e-07,2.548578848354434e-06,2.5485820960599736e-06,8.537736462515939e-07,3.2846671342512724e-06,5.347601793320654e-06,5.341030052353583e-06,6.571740967051803e-09,0.002071298349721826,2.548578848354434e-06,1.0842021724855044e-19,2.168404344971009e-19,6.621798848089937e-17,1.0097291894498197,2.417939053620956e-16,1.0068933583924098,-6.505213034913027e-19,6.505213034913027e-19
square,0.1,0.0,0.1,3.3918238993710697,0.003208090570610788,0.003213244760719942,0.0,0.0019874808264116893,0.0019894578310589387,8.537736462515939e-07,2.3401252150980122e-06,2.3401279533518388e-06,0.0,2.9686160475766305e-06,4.833705042562907e-06,4.828013679455382e-06,5.691363107572841e-09,0.001985140701196611,2.3401252150980127e-06,5.421010862427522e-20,2.168404344971009e-19,1.3243597634509565e-16,1.009312512959333,1.0813352180206541e-16,1.0065974522208094,-1.3010426069826053e-18,0.0
square,0.1,0.0,0.1,3.4415094339622643,0.003076366814044215,0.0030811061203538177,0.0,0.001905979864393333,0.001907797976657937,8.537736462515939e-07,2.1515789705655144e-06,2.151581285314214e-06,8.537736462515939e-07,2.687091028444909e-06,4.375938569321614e-06,4.370998759841995e-06,4.939809479695499e-09,0.0019038282854228008,2.1515789705655144e-06,1.0842021724855044e-19,2.168404344971009e-19,9.364637703389333e-17,1.0089196356326642,1.3243597630398212e-16,1.0063184345198517,0.0,0.0
square,0.1,0.0,0.1,3.4911949685534593,0.002951949749924238,0.002956313193921055,0.0,0.0018290035621910518,0.0018306777202268818,1.2074182697257333e-06,1.980779591809171e-06,1.9807815536433656e-06,1.2074182697257333e-06,2.4358891589585183e-06,3.967465224519087e-06,3.963168527503109e-06,4.296697016011119e-09,0.001827022782599258,1.980779591809171e-06,1.0842021724855044e-19,2.168404344971009e-19,6.734844778637976e-35,1.0085488747122204,1.8729275377707004e-16,1.006055113951618,-4.336808689942018e-19,6.505213034913027e-19
square,0.1,0.0,0.1,3.5408805031446544,0.002834336159373761,0.0028383585905670744,0.0,0.0017562397186986886,0.0017577832630904966,0.0,1.825828034457161e-06,1.82582970135744e-06,0.0,2.211369804974725e-06,3.602363701150641e-06,3.598618599291342e-06,3.745101859298139e-09,0.0017544138906642314,1.8258280344571615e-06,1.0842021724855044e-19,2.168404344971009e-19,9.364637729553829e-17,1.0081986887287917,1.8729275386428502e-16,1.0058063988658117,-1.0842021724855044e-18,4.336808689942018e-19
square,0.1,0.0,0.1,3.590566037735849,0.0027230639329676553,0.0027267765263737707,0.0,0.0016874017046999675,0.0016888265691158808,0.0,1.6850519326252252e-06,1.6850533524251656e-06,8.537736462515939e-07,2.0103728287271587e-06,3.2754950848703668e-06,3.2722241510389807e-06,3.2709338314000477e-09,0.0016857166527673496,1.6850519326252252e-06,1.0842021724855044e-19,2.168404344971009e-19,1.1469291999666394e-16,1.007867663805827,1.081335218272422e-16,1.0055712876787135,0.0,2.168404344971009e-19
square,0.1,0.0,0.1,3.640251572327044,0.00261770820186843,0.0026211388902540773,0.0,0.0016222260481233118,0.0016235429249348914,8.537736462515939e-07,1.5569758381640905e-06,1.5569770503144653e-06,0.0,1.8301496243556637e-06,2.9823903737736013e-06,2.9795279430061654e-06,2.862430767469526e-09,0.001620669072285166,1.5569758381640903e-06,5.421010862427522e-20,4.336808689942018e-19,9.36463771211083e-17,1.007554501465428,1.7097411019480895e-16,1.0053488603014755,-6.505213034913027e-19,4.336808689942018e-19
square,0.1,0.0,0.1,3.689937106918239,0.0025178778797270798,0.0025210517299193514,0.0,0.0015604702767452554,0.001561688761192027,0.0,1.4402957089461774e-06,1.4402967462607816e-06,8.537736462515939e-07,1.6683048247134898e-06,2.7191554395516187e-06,2.716645691067615e-06,2.5097484840995776e-09,0.0015590299810363643,1.4402957089461774e-06,1.0842021724855044e-19,4.336808689942018e-19,1.146929199254532e-16,1.0072580077526658,1.52923893061845e-16,1.0051382704904068,0.0,-2.168404344971009e-19
square,0.1,0.0,0.1,3.7396226415094342,0.002423212566938267,0.0024261521080770647,0.0,0.0015019109878368505,0.0015030397037600594,8.537736462515939e-07,1.3338569961950398e-06,1.3338578859916052e-06,0.0,1.522746911973317e-06,2.4823905338553673e-06,2.480185906545397e-06,2.204627309931503e-09,0.0015005771308406318,1.33385699619504e-06,1.0842021724855044e-19,2.168404344971009e-19,1.4806792274919503e-16,1.0069770835194818,1.5292389311525305e-16,1.0049387390088884,-2.168404344971009e-19,-2.168404344971009e-19
square,0.1,0.0,0.1,3.7893081761006293,0.0023333797750516457,0.00233610528546449,1.2074182697257333e-06,0.0014463421182133688,0.0014473888279251453,1.2074182697257333e-06,1.236635782047115e-06,1.2366365468037823e-06,1.2074182697257333e-06,1.391646275966744e-06,2.2691219556110196e-06,2.2671818355185645e-06,1.9401200924741037e-09,0.001445105482431334,1.236635782047115e-06,8.131516293641283e-20,2.168404344971009e-19,2.3875235173129346e-16,1.0067107157304378,2.2938583967287957e-16,1.0047495475050878,-1.0842021724855044e-18,8.673617379884035e-19
square,0.1,0.0,0.1,3.838993710691824,0.0022480724345786793,0.002250602192954374,1.2074182697257333e-06,0.0013935733915572486,0.0013945450920241887,0.0,1.147722502993679e-06,1.1477231616532518e-06,0.0,1.2733995176752811e-06,2.0767439111217344e-06,2.0750335414102126e-06,1.7103697115557362e-09,0.0013924256690542776,1.1477225029936793e-06,8.131516293641283e-20,2.168404344971009e-19,1.4806792324563141e-16,1.0064579696706122,1.7097411014703933e-16,1.0045700330220722,-6.505213034913027e-19,-2.168404344971009e-19
square,0.1,0.0,0.1,3.888679245283019,0.0021670066540394176,0.0021693571597395976,0.0,0.0013434289228233056,0.0013443319300217743,1.2074182697257333e-06,1.0663078895021317e-06,1.0663084582522441e-06,1.2074182697257333e-06,1.1665990019174678e-06,1.9029689379756595e-06,1.9014585113669532e-06,1.5104266087829509e-09,0.001342362614933858,1.0663078895021317e-06,1.0842021724855044e-19,2.168404344971009e-19,9.364637764439822e-17,1.006217981951347,1.081335218272422e-16,1.0043995830676113,-4.336808689942018e-19,2.168404344971009e-19
square,0.1,0.0,0.1,3.938364779874214,0.002089919702088875,0.0020921058687258993,0.0,0.0012957459620399512,0.0012965859850673307,0.0,9.916707809484127e-07,9.916712726825764e-07,8.537736462515939e-07,1.0700068323865271e-06,1.745785541000879e-06,1.74444944228895e-06,1.3360987118857871e-09,0.0012947542912589707,9.916707809484127e-07,5.421010862427522e-20,2.168404344971009e-19,9.364637729553829e-17,1.0059899542228363,1.081335218272422e-16,1.0042376311801477,-4.336808689942018e-19,5.421010862427522e-19
square,0.1,0.0,0.1,3.9880503144654087,0.002016568188059449,0.0020186035138747304,8.537736462515939e-07,0.0012503737620343082,0.0012511559683319354,8.537736462515939e-07,9.231675600544939e-07,9.231679864279462e-07,0.0,9.825325608759435e-07,1.6034219158145447e-06,1.602238088112207e-06,1.1838277023280985e-09,0.0012494505944742461,9.231675600544939e-07,5.421010862427522e-20,2.168404344971009e-19,9.364637703389333e-17,1.005773147513962,1.0813352180206541e-16,1.004083652935347,2.168404344971009e-19,0.0
square,0.1,0.0,0.1,4.037735849056604,0.0019467264192251537,0.001948623137296492,8.537736462515939e-07,0.0012071725564746399,0.0012079016293236387,8.537736462515939e-07,8.602229614262197e-07,8.602233315436971e-07,8.537736462515939e-07,9.032140565610189e-07,1.47431482224631e-06,1.4732642355214048e-06,1.0505867248763406e-09,0.0012063123335131901,8.602229614262197e-07,5.421010862427522e-20,1.0842021724855044e-19,9.364637703389333e-17,1.005566877129654,1.0813352180206541e-16,1.0039371623444797,-4.336808689942018e-19,6.505213034913027e-19
square,0.1,0.0,0.1,4.087421383647799,0.001880184915694178,0.001881954126574783,8.537736462515939e-07,0.0011660126362741628,0.0011666928255629724,8.537736462515939e-07,8.02322074007523e-07,8.023223960656193e-07,8.537736462515939e-07,8.312010552066371e-07,1.3570828238285087e-06,1.356149028197191e-06,9.337956313177233e-10,0.0011652103142001553,8.023220740075229e-07,2.710505431213761e-20,1.0842021724855044e-19,6.621798860423998e-17,1.0053705080445723,1.0813352180206541e-16,1.0037977086018315,-4.336808689942018e-19,0.0
square,0.1,0.0,0.1,4.1371069182389935,0.0018167490661258512,0.0018184008551536764,1.2074182697257333e-06,0.00112677351382465,0.0011274086809452087,1.4787793334710982e-06,7.490033566276294e-07,7.490036372516372e-07,1.2074182697257333e-06,7.657409859104595e-07,1.2505032366671837e-06,1.249671986100605e-06,8.312505665474805e-10,0.001126024510467994,7.490033566276294e-07,4.0657581468206416e-20,1.0842021724855044e-19,9.364637738275326e-17,1.0051834507393234,1.7097411014703933e-16,1.0036648731434703,-1.0842021724855044e-19,4.336808689942018e-19
square,0.1,0.0,0.1,4.186792452830189,0.0017562379094046502,0.001757781450614768,1.2074182697257333e-06,0.0010893431657637179,0.001089936823378621,0.0,6.99852540065997e-07,6.998527850895736e-07,0.0,7.061667373283405e-07,1.153492236268804e-06,1.1527511709214614e-06,7.410653473308063e-10,0.0010886433132236406,6.99852540065997e-07,4.0657581468206416e-20,1.0842021724855044e-19,6.621798835755875e-17,1.005005157431818,1.8729275373346255e-16,1.0035382669841784,-4.336808689942018e-19,1.0842021724855044e-19
square,0.1,0.0,0.1,4.2364779874213845,0.0016984830291606546,0.00169992667746694,0.0,0.0010536173460595991,0.0010541726933774552,1.2074182697257333e-06,6.544972872666111e-07,6.544975015637894e-07,0.0,6.518860788342897e-07,1.0650876582727847e-06,1.0644260357343602e-06,6.616225384365044e-10,0.0010529628487723442,6.544972872666111e-07,5.421010862427522e-20,1.0842021724855044e-19,2.0939966458233076e-16,1.0048351186619846,1.8729275377707004e-16,1.003417528303251,-1.0842021724855044e-19,-3.2526065174565133e-19
square,0.1,0.0,0.1,4.286163522012579,0.0016433275494943651,0.0016446789225862835,0.0,0.0010194989621551305,0.001020018916268586,0.0,6.126025091858602e-07,6.126026970054744e-07,0.0,6.023724965096476e-07,9.844341017485728e-07,9.838425692181645e-07,5.915325304348268e-10,0.0010188863596459722,6.126025091858602e-07,5.421010862427522e-20,2.168404344971009e-19,9.364637703389333e-17,1.0046728601929018,1.5292389313305572e-16,1.0033023202532485,-3.2526065174565133e-19,0.0
square,0.1,0.0,0.1,4.335849056603774,0.0015906252216010476,0.0015918912728054577,0.0,0.0009868975077124895,0.0009873847314779177,8.537736462515939e-07,5.738662549586789e-07,5.738664197653427e-07,8.537736462515939e-07,5.571572410309508e-07,9.107700043051362e-07,9.102404050636863e-07,5.295992414762017e-10,0.0009863236414575595,5.738662549586789e-07,5.421010862427522e-20,1.0842021724855044e-19,1.4806792280435463e-16,1.0045179401956754,1.8729275374799837e-16,1.0031923289687752,0.0,-2.168404344971009e-19
square,0.1,0.0,0.1,4.385534591194968,0.001540239592149149,0.0015414266753461174,0.0,0.0009557285462547471,0.0009561854731308833,0.0,5.380160946347777e-07,5.380162393654757e-07,8.537736462515939e-07,5.158224155308489e-07,8.434164089517883e-07,8.429416176480272e-07,4.747913037371785e-10,0.0009551905301600852,5.380160946347777e-07,5.421010862427522e-20,1.0842021724855044e-19,6.621798848089937e-17,1.0043699466890996,1.0813352187759581e-16,1.0030872617549351,-1.0842021724855044e-19,-2.168404344971009e-19
square,0.1,0.0,0.1,4.435220125786164,0.0014920432452465884,0.0014931571727835283,8.537736462515939e-07,0.0009259132406100548,0.0009263420968165113,0.0,5.048059315639242e-07,5.048060590919713e-07,8.537736462515939e-07,4.779949575030906e-07,7.817671850498335e-07,7.813409672414978e-07,4.2621780832853384e-10,0.0009254084346784823,5.048059315639242e-07,5.421010862427522e-20,1.0842021724855044e-19,1.7519632909350552e-16,1.0042284952083878,2.4179390540713325e-16,1.0029868454374005,-2.168404344971009e-19,0.0
square,0.1,0.0,0.1,4.484905660377359,0.0014459171107755878,0.0014469632052041452,0.0,0.0008973779236399785,0.0008977807479517663,8.537736462515939e-07,4.74013195963125e-07,4.740133084259766e-07,8.537736462515939e-07,4.433413906884823e-07,7.252805013205664e-07,7.248973934689836e-07,3.8310785160191464e-10,0.0008969039104440391,4.74013195963125e-07,4.0657581468206416e-20,1.0842021724855044e-19,9.364637703389333e-17,1.0040932266801295,1.7097411021073213e-16,1.0028908248580333,-1.0842021724855044e-19,0.0
square,0.1,0.0,0.1,4.534591194968554,0.001401749832599812,0.001402732972954922,0.0,0.0008700537062090236,0.0008704323676629168,1.2074182697257333e-06,4.454363566346676e-07,4.4543645603954893e-07,1.2074182697257333e-06,4.1156324120200896e-07,6.734713788078668e-07,6.731265855667933e-07,3.4479324107589326e-10,0.000869608269852392,4.4543635663466756e-07,2.710505431213761e-20,1.0842021724855044e-19,9.364637694667833e-17,1.0039638054831304,1.7097411013111612e-16,1.0027989615017476,-2.168404344971009e-19,0.0
square,0.1,0.0,0.1,4.584276729559749,0.001359437190891989,0.0013603618541408098,1.2074182697257333e-06,0.0008438761188116547,0.0008442323325637701,1.2074182697257333e-06,4.1889272648200045e-07,4.188928143467809e-07,1.2074182697257333e-06,3.82393027669163e-07,6.259051769521675e-07,6.255944830952801e-07,3.106938568920566e-10,0.0008434572260851789,4.1889272648200045e-07,5.421010862427522e-20,2.168404344971009e-19,1.146929199254532e-16,1.0038399176769988,1.0813352190277261e-16,1.0027110322418522,0.0,0.0
square,0.1,0.0,0.1,4.633962264150943,0.0013188815734144325,0.0013197518716270512,0.0,0.0008187847836226798,0.0008191201251700387,1.2074182697257333e-06,3.9421651672060783e-07,3.9421659458568403e-07,0.0,3.5559074821850833e-07,5.821918872135893e-07,5.819115819826825e-07,2.8030523091169586e-10,0.000818390567105966,3.942165167206079e-07,4.0657581468206416e-20,1.0842021724855044e-19,1.1469292006787466e-16,1.0037212693823188,1.3243597626286859e-16,1.0026268281924786,-1.0842021724855044e-19,2.168404344971009e-19
square,0.1,0.0,0.1,4.683647798742139,0.0012799914911271022,0.0012808112048491602,0.0,0.0007947231140989511,0.0007950390320468371,0.0,3.712571074843046e-07,3.7125717645644523e-07,8.537736462515939e-07,3.309407982252595e-07,5.41981126729619e-07,5.417279387426854e-07,2.531879869240464e-10,0.0007943518569914527,3.712571074843045e-07,2.710505431213761e-20,5.421010862427522e-20,1.146929201390854e-16,1.003607585297896,1.7097411021073213e-16,1.002546153657915,-3.2526065174565133e-19,-2.168404344971009e-19
square,0.1,0.0,0.1,4.733333333333333,0.0012426811339912485,0.001243453742244546,8.537736462515939e-07,0.0007716380395588905,0.0007719358670985844,1.2074182697257333e-06,3.4987751600024145e-07,3.498775773684758e-07,8.537736462515939e-07,3.082492620951198e-07,5.049577397694113e-07,5.047287809174437e-07,2.2895885197237539e-10,0.0007712881620428975,3.498775160002414e-07,2.710505431213761e-20,5.421010862427522e-20,9.36463771211083e-17,1.0034986073422187,1.8729275379160586e-16,1.0024688251697131,5.421010862427522e-20,1.0842021724855044e-19
square,0.1,0.0,0.1,4.783018867924529,0.0012068699632539824,0.001207598670535565,0.0,0.0007494797524153333,0.0007497607176539899,8.537736462515939e-07,3.299530309027638e-07,3.299530855660894e-07,1.2074182697257333e-06,2.8734153035048066e-07,4.708379277091513e-07,4.7063064472277896e-07,2.072829863794897e-10,0.000749149799384442,3.299530309027638e-07,2.710505431213761e-20,1.0842021724855044e-19,1.3243597634509565e-16,1.003394093407422,1.081335218272422e-16,1.0023946706034017,5.421010862427522e-20,5.421010862427522e-20
square,0.1,0.0,0.1,4.8327044025157235,0.001172482336864601,0.001173170097473361,0.0,0.0007282014759943176,0.0007284667112614942,0.0,3.113699957049585e-07,3.113700442441349e-07,8.537736462515939e-07,2.6806020003832116e-07,4.393658393045893e-07,4.391779718750264e-07,1.8786742956044627e-10,0.0007278901059986086,3.113699957049585e-07,2.710505431213761e-20,5.421010862427522e-20,1.4806792302499303e-16,1.0032938162154719,1.7097411019480895e-16,1.0023235283674676,-5.421010862427522e-20,5.421010862427522e-20
square,0.1,0.0,0.1,4.882389937106918,0.0011394471650394875,0.0011400967050187727,8.537736462515939e-07,0.0007077592510636047,0.0007080098013070469,0.0,2.940247272593639e-07,2.9402477058382156e-07,0.0,2.502632222904966e-07,4.103105624286294e-07,4.101401069368359e-07,1.704554917910528e-10,0.0007074652263363413,2.940247272593639e-07,2.710505431213761e-20,1.0842021724855044e-19,1.7519632895365042e-16,1.0031975622671392,1.8729275379160586e-16,1.002255246658009,0.0,-5.421010862427522e-20
square,0.1,0.0,0.1,4.932075471698114,0.001107697593256185,0.0011083114302081465,0.0,0.0006881117393965214,0.0006883485697625184,1.2074182697257333e-06,2.7782254649710284e-07,2.7782258521016745e-07,1.2074182697257333e-06,2.3382226576758123e-07,3.8346346647992537e-07,3.8330864453656214e-07,1.5482194336560952e-10,0.0006878339168500286,2.7782254649710284e-07,1.3552527156068805e-20,1.0842021724855044e-19,1.622002829171009e-16,1.0031051308753909,1.7097411014703933e-16,1.0021896827731351,-1.6263032587282567e-19,1.0842021724855044e-19
square,0.1,0.0,0.1,4.981761006289308,0.0010771707102539476,0.0010777511712514157,1.2074182697257333e-06,0.0006692200428515091,0.0006694440455380551,1.2074182697257333e-06,2.626769123780439e-07,2.626769470385683e-07,0.0,2.1862126896375118e-07,3.586358515252629e-07,3.5849508264189987e-07,1.4076888334862608e-10,0.0006689573659391043,2.6267691237804387e-07,2.710505431213761e-20,5.421010862427522e-20,2.4776502438533806e-16,1.003016333275643,1.0813352187759581e-16,1.0021267024817695,-1.0842021724855044e-19,1.0842021724855044e-19
square,0.1,0.0,0.1,5.031446540880504,0.0010478072788357017,0.0010483565166302274,0.0,0.0006510475366015787,0.0006512595370602986,0.0,2.4850865077635294e-07,2.4850868172898183e-07,1.2074182697257333e-06,2.0455515794821006e-07,3.3565686612111967e-07,3.3552874393304653e-07,1.2812218806477875e-10,0.0006507990279507861,2.4850865077635294e-07,2.710505431213761e-20,5.421010862427522e-20,9.364637694667833e-17,1.0029309918060443,1.7097411017888574e-16,1.0020661794420436,-2.168404344971009e-19,5.421010862427522e-20
square,0.1,0.0,0.1,5.081132075471698,0.0010195514874886155,0.001020071495193789,0.0,0.0006335597152835546,0.0006337604778375415,0.0,2.3524525773858885e-07,2.3524528554394866e-07,1.2074182697257333e-06,1.915287092245757e-07,3.143716608044265e-07,3.142549323562789e-07,1.1672844814406591e-10,0.0006333244700258089,2.3524525773858893e-07,2.0328790734103208e-20,1.0842021724855044e-19,9.364637729553829e-17,1.0028489391516406,1.7097411021073213e-16,1.0020079946649336,-1.6263032587282567e-19,5.421010862427522e-20
square,0.1,0.0,0.1,5.130817610062893,0.0009923507210266693,0.0009928433454316223,0.0,0.0006167240509434569,0.0006169142838815971,8.537736462515939e-07,2.2282027765191717e-07,2.2282030253653443e-07,0.0,1.7945554005866994e-07,2.9463974856926706e-07,2.945332962418575e-07,1.0645232739514856e-10,0.0006165012306657749,2.228202776519172e-07,2.0328790734103208e-20,5.421010862427522e-20,9.364637703389333e-17,1.002770017646872,7.646194655762652e-17,1.0019520360192193,-1.6263032587282567e-19,5.421010862427522e-20
square,0.1,0.0,0.1,5.180503144654088,0.000966155348641563,0.0009666223022954067,0.0,0.0006005098617766261,0.0006006902219777739,8.537736462515939e-07,2.111727481103892e-07,2.1117277049065762e-07,0.0,1.6825721091621861e-07,2.763335473836753e-07,2.7623637310178045e-07,9.717428190681298e-11,0.0006002986890285418,2.1117274811038922e-07,2.710505431213761e-20,5.421010862427522e-20,1.6220028276604009e-16,1.0026940786313894,1.7097411017888574e-16,1.0018981977742079,-5.421010862427522e-20,1.0842021724855044e-19
square,0.1,0.0,0.1,5.230188679245283,0.0009409185278653388,0.0009413614000567691,0.0,0.0005848881907435359,0.000585059287877783,0.0,2.0024669137610182e-07,2.0024671155515007e-07,0.0,1.5786242661852463e-07,2.593370830073535e-07,2.592482944257907e-07,8.878858155322732e-11,0.0005846879440521382,2.0024669137610182e-07,1.3552527156068805e-20,5.421010862427522e-20,9.364637703389333e-17,1.002620981854575,1.7097411013111612e-16,1.0018463801770143,-1.6263032587282567e-19,2.168404344971009e-19
square,0.1,0.0,0.1,5.279874213836479,0.0009165960231418277,0.0009170162898841494,8.537736462515939e-07,0.0005698316932346201,0.0005699940935843606,8.537736462515939e-07,1.8999066860184908e-07,1.8999068671734368e-07,0.0,1.4820632455472673e-07,2.4354483314849216e-07,2.434636315476687e-07,8.120160081260393e-11,0.0005696417025659929,1.8999066860184908e-07,2.0328790734103208e-20,0.0,1.146929199254532e-16,1.0025505949248,2.417939053620956e-16,1.0017964890614834,-1.0842021724855044e-19,5.421010862427522e-20
square,0.1,0.0,0.1,5.329559748427673,0.0008931460377675144,0.0008935450708874224,0.0,0.0005553145330301408,0.0005554687629685243,0.0,1.803573676885161e-07,1.8035738397616028e-07,0.0,1.3922983973772203e-07,2.2886069639336706e-07,2.2878636606285156e-07,7.433033049511056e-11,0.0005551341756624028,1.803573676885161e-07,2.0328790734103208e-20,5.421010862427522e-20,1.1469291985424245e-16,1.002482792799477,1.8729275373346255e-16,1.0017484354861077,-1.0842021724855044e-19,1.6263032587282567e-19
square,0.1,0.0,0.1,5.379245283018868,0.0008705290581240914,0.0008709081335428148,0.0,0.0005413122858706626,0.0005414588350306309,1.2074182697257333e-06,1.713032393655904e-07,1.7130325408620265e-07,1.2074182697257333e-06,1.3087913779142694e-07,2.1519707141810386e-07,2.1512897033044173e-07,6.810108766812198e-11,0.0005411409826313121,1.7130323936559043e-07,2.0328790734103208e-20,1.0842021724855044e-19,1.6220028326957607e-16,1.00241745731272,7.646194655762652e-17,1.0017021353985494,0.0,-1.0842021724855044e-19
square,0.1,0.0,0.1,5.428930817610063,0.0008487077091803769,0.0008490680144652493,0.0,0.0005278018500213172,0.0005279411741855609,1.2074182697257333e-06,1.6278816414138875e-07,1.627881776162106e-07,1.2074182697257333e-06,1.2310510804224856e-07,2.0247403379309273e-07,2.0241158540218988e-07,6.244839089925103e-11,0.0005276390618571664,1.6278816414138878e-07,1.3552527156068805e-20,5.421010862427522e-20,9.36463771211083e-17,1.002354476737377,2.1626704361671924e-16,1.0016575093245759,-1.6263032587282567e-19,1.0842021724855044e-19
square,0.1,0.0,0.1,5.478616352201258,0.000827646620365976,0.0008279892616231461,0.0,0.0005147613632593774,0.0005148938869991097,0.0,1.5477515432792453e-07,1.5477516648675204e-07,0.0,1.158629098682573e-07,1.9061859924791156e-07,1.9056128526667624e-07,5.7313981238918975e-11,0.0005146065881050591,1.5477515432792453e-07,2.0328790734103208e-20,5.421010862427522e-20,2.0939966454332706e-16,1.0022937453787284,1.7097411019480895e-16,1.0016144820794393,-2.710505431213761e-19,1.0842021724855044e-19
square,0.1,0.0,0.1,5.528301886792454,0.0008073123009917238,0.0008076383091626469,0.0,0.0005021701257706284,0.0005022962448549353,0.0,1.4723008065382135e-07,1.4723009170657147e-07,1.2074182697257333e-06,1.0911156628797939e-07,1.795640636243223e-07,1.7951141765792403e-07,5.2645966403051965e-11,0.000502022895689988,1.4723008065382137e-07,2.0328790734103208e-20,5.421010862427522e-20,9.364637720832329e-17,1.0022351631972422,1.3243597634509565e-16,1.0015729824998776,-5.421010862427522e-20,1.0842021724855044e-19
square,0.1,0.0,0.1,5.577987421383648,0.00078767302443422,0.0007879833610529607,0.0,0.0004900085284891693,0.0004901286120892426,0.0,1.4012142990306853e-07,1.4012144010850418e-07,1.2074182697257333e-06,1.0281359948568473e-07,1.692494109272453e-07,1.69201012852338e-07,4.8398074912081495e-11,0.0004898684070592801,1.401214299030685e-07,2.0328790734103208e-20,2.710505431213761e-20,1.622002830178081e-16,1.0021786354581066,1.5292389307964766e-16,1.001532943195105,-1.6263032587282567e-19,0.0
square,0.1,0.0,0.1,5.627672955974843,0.0007686987204325586,0.0007689942828932417,0.0,0.00047825798644774716,0.0004783723791532177,8.537736462515939e-07,1.3342008135549283e-07,1.3342009027030917e-07,0.0,9.69347036312817e-08,1.5961878190966928e-07,1.5957425290760344e-07,4.452900206942913e-11,0.00047812456636640247,1.3342008135549286e-07,1.3552527156068805e-20,2.710505431213761e-20,1.7519632895365042e-16,1.0021240724053906,7.646194670004799e-17,1.001494300315286,-8.131516293641283e-20,5.421010862427522e-20
square,0.1,0.0,0.1,5.6773584905660375,0.0007503608748234156,0.0007506425012054318,8.537736462515939e-07,0.00046690087674919155,0.00046700990041522816,0.0,1.2709910442269662e-07,1.2709911255920038e-07,0.0,9.144345087346056e-08,1.5062099652809097e-07,1.5057999469082535e-07,4.1001837262040673e-11,0.00046677377764475775,1.2709910442269665e-07,6.776263578034403e-21,5.421010862427522e-20,9.364637703389333e-17,1.0020713889589097,1.324359763245389e-16,1.001456993336119,2.710505431213761e-20,-5.421010862427522e-20
square,0.1,0.0,0.1,5.727044025157233,0.0007326324361832741,0.0007329009096728028,0.0,0.0004559204807986094,0.0004560244362387838,0.0,1.2113357799476286e-07,1.2113358543896647e-07,8.537736462515939e-07,8.631102690115019e-08,1.422091243881793e-07,1.4217134082550285e-07,3.7783562674061363e-11,0.000455799347220607,1.2113357799476286e-07,1.3552527156068805e-20,5.421010862427522e-20,1.4806792291467382e-16,1.0020205044320294,1.0813352180206541e-16,1.0014209648582855,-8.131516293641283e-20,2.710505431213761e-20
square,0.1,0.0,0.1,5.7767295597484285,0.0007154877287992355,0.000715743781745796,0.0,0.00044530093047644506,0.00044540009901575587,0.0,1.1550042222130367e-07,1.1550042914560041e-07,0.0,8.151099285476544e-08,1.3434009798999218e-07,1.3430525337822554e-07,3.484461176062188e-11,0.0004451854300542039,1.1550042222130367e-07,6.776263578034403e-21,5.421010862427522e-20,9.364637703389333e-17,1.001971342268795,1.0813352180206541e-16,1.0013861604206125,-5.421010862427522e-20,1.6263032587282567e-19
square,0.1,0.0,0.1,5.826415094339623,0.0006989023715401607,0.0006991466891797546,0.0,0.000435027157941929,0.00043512180284273425,8.537736462515939e-07,1.101782489241921e-07,1.101782551251462e-07,0.0,7.701907078008289e-08,1.2697436417731153e-07,1.2694220569514123e-07,3.2158482172706844e-11,0.0004349169796930131,1.1017824892419211e-07,1.3552527156068805e-20,5.421010862427522e-20,9.364637703389333e-17,1.0019238297989037,1.5292389307964766e-16,1.0013525283259095,0.0,0.0
square,0.1,0.0,0.1,5.876100628930818,0.0006828532021384367,0.0006830864260151075,0.0,0.0004250848488052237,0.0004251752165766525,8.537736462515939e-07,1.0514722256765856e-07,1.0514722812955359e-07,8.537736462515939e-07,7.281295010145116e-08,1.2007556973034203e-07,1.2004586833615115e-07,2.970139418250545e-11,0.0004249797015826264,1.0514722256765855e-07,1.3552527156068805e-20,5.421010862427522e-20,1.1469291999666394e-16,1.001877898009169,1.8729275377707004e-16,1.0013200194785097,0.0,0.0
square,0.1,0.0,0.1,5.925786163522012,0.0006673182065053084,0.0006675409376160429,0.0,0.000415460398405609,0.00041554672000867457,1.2074182697257333e-06,1.0038893681484286e-07,1.003889420290339e-07,0.0,6.88721129080324e-08,1.1361027749626229e-07,1.1358282550561806e-07,2.7451990641847566e-11,0.0004153600094687854,1.0038893681484286e-07,1.3552527156068805e-20,2.710505431213761e-20,1.3243597634509565e-16,1.0018334813302372,3.2440056542298076e-16,1.0012885872326482,-2.710505431213761e-20,2.710505431213761e-20
square,0.1,0.0,0.1,5.975471698113208,0.0006522764526977333,0.000652489254385997,1.2074182697257333e-06,0.0004061408709710904,0.00040622336292639466,1.2074182697257333e-06,9.588629868107735e-08,9.588630342292613e-08,1.2074182697257333e-06,6.517767607948672e-08,1.0754770986420516e-07,1.0752231879285586e-07,2.5391071343910793e-11,0.000406044984672389,9.588629868107735e-08,1.0164395367051604e-20,2.710505431213761e-20,1.622002828667473e-16,1.0017905174374222,7.646194673565336e-17,1.0012581872508608,-2.710505431213761e-20,-5.421010862427522e-20
square,0.1,0.0,0.1,6.025157232704403,0.000637708029195324,0.0006379114298157532,1.2074182697257333e-06,0.00039711396144629865,0.00039719282685480136,1.2074182697257333e-06,9.162342562949004e-08,9.16234299763604e-08,1.2074182697257333e-06,6.171224850363841e-08,1.0185951674669897e-07,1.0183601538747304e-07,2.3501359215140616e-11,0.00039702233802062714,9.162342562949002e-08,1.3552527156068805e-20,2.710505431213761e-20,1.1469292021029616e-16,1.0017489470646115,2.293858396372742e-16,1.0012287773716702,-5.421010862427522e-20,0.0
square,0.1,0.0,0.1,6.074842767295598,0.0006235939871692633,0.0006237884825428492,1.2074182697257333e-06,0.00038836795979416133,0.00038844338927755234,1.2074182697257333e-06,8.758554909249866e-08,8.758555298595253e-08,1.2074182697257333e-06,5.845980183123997e-08,9.651956554520629e-08,9.649779825227914e-08,2.1767292932524245e-11,0.00038828037424509045,8.758554909249866e-08,1.0164395367051604e-20,2.710505431213761e-20,9.364637703389333e-17,1.0017087138302827,1.7097411019480895e-16,1.001200317485878,-8.131516293641283e-20,2.710505431213761e-20
square,0.1,0.0,0.1,6.124528301886793,0.0006099162864700168,0.0006101023421475014,0.0,0.00037989171759085033,0.0003799638901583773,0.0,8.37589286793473e-08,8.375893222691214e-08,0.0,5.540555338954219e-08,9.150375085489871e-08,9.148357601088683e-08,2.017484400647754e-11,0.00037980795866214854,8.375892867934728e-08,1.3552527156068805e-20,2.710505431213761e-20,1.7519632909350552e-16,1.001669764074756,1.7097411016296254e-16,1.0011727694208317,-8.131516293641283e-20,0.0
square,0.1,0.0,0.1,6.174213836477987,0.0005966577450440358,0.0005968357983949954,0.0,0.0003716746167526085,0.0003717437006014778,0.0,8.013077314572982e-08,8.013077660243585e-08,0.0,5.253586001606604e-08,8.678982191032175e-08,8.677111055577592e-08,1.871135454881847e-11,0.0003715944859794756,8.013077314572982e-08,1.3552527156068805e-20,2.710505431213761e-20,6.621798835755875e-17,1.0016320467078692,1.7097411013111612e-16,1.0011460968321046,0.0,-5.421010862427522e-20
square,0.1,0.0,0.1,6.223899371069182,0.0005838019915471801,0.000583972453688064,8.537736462515939e-07,0.00036370654023511114,0.0003637726934891285,0.0,7.668916525293152e-08,7.668916832050833e-08,0.0,4.9838121719923075e-08,8.235722598768494e-08,8.233986059493346e-08,1.7365392740696385e-11,0.00036362985106981057,7.668916525293151e-08,1.3552527156068805e-20,2.710505431213761e-20,1.7519632900026877e-16,1.0015955130663288,1.709741102903482e-16,1.0011202651020448,-2.710505431213761e-20,-1.0842021724855044e-19
square,0.1,0.0,0.1,6.273584905660378,0.0005713334209487914,0.0005714966785251235,8.537736462515939e-07,0.00035597784458067465,0.00035604121597312743,8.537736462515939e-07,7.342299852933651e-08,7.342300133388215e-08,0.0,4.730069419148448e-08,7.818696617668422e-08,7.817083955086283e-08,1.612662582798172e-11,0.00035590442158217524,7.342299852933653e-08,6.776263578034403e-21,0.0,1.3243597628342534e-16,1.00156011678005,7.646194670004799e-17,1.0010952412447143,-1.0842021724855044e-19,-2.710505431213761e-20
square,0.1,0.0,0.1,6.323270440251573,0.0005592371528665607,0.0005593935697002313,0.0,0.00034847933416426983,0.0003485400636690858,0.0,7.032191328043509e-08,7.032191593289921e-08,8.537736462515939e-07,4.4912809277916786e-08,7.426147209619586e-08,7.424648639034028e-08,1.4985705862157195e-11,0.00034840901225102023,7.032191328043509e-08,1.0164395367051604e-20,5.421010862427522e-20,9.36463771211083e-17,1.0015258136468572,1.872927538497492e-16,1.0010709938167714,-2.710505431213761e-20,2.710505431213761e-20
square,0.1,0.0,0.1,6.3729559748427675,0.0005474989924999999,0.0005476489111136319,0.0,0.0003412022370358559,0.00034126045645152515,0.0,6.737624180437065e-08,6.737624425949903e-08,0.0,4.2664502651991156e-08,7.056448228732199e-08,7.055054811835126e-08,1.3934168962940339e-11,0.00034113486079401386,6.737624180437065e-08,1.3552527156068805e-20,2.710505431213761e-20,1.480679230801526e-16,1.0014925615149535,1.0813352190277261e-16,1.0010474928338717,2.710505431213761e-20,0.0
square,0.1,0.0,0.1,6.422641509433962,0.0005361053939432193,0.000536249136970657,0.0,0.0003341381822434664,0.000334194015734005,1.4787793334710982e-06,6.457695830721691e-08,6.457696046391048e-08,0.0,4.0546547965597784e-08,6.708093714544723e-08,6.706797279981463e-08,1.296434562541015e-11,0.00033407360528512334,6.45769583072169e-08,1.3552527156068805e-20,2.710505431213761e-20,1.6220028281639372e-16,1.0014603201726255,1.0813352190277261e-16,1.0010247096922131,0.0,0.0
square,0.1,0.0,0.1,6.472327044025157,0.0005250434257320093,0.0005251812972257713,0.0,0.00032727917853354763,0.00032733274312923605,1.2074182697257333e-06,6.191562781623187e-08,6.19156297821658e-08,0.0,3.855039686541476e-08,6.379688137256659e-08,6.378481209281286e-08,1.2069279752531623e-11,0.0003272172629057253,6.191562781623187e-08,1.3552527156068805e-20,5.421010862427522e-20,9.89991959627276e-21,1.0014290512446904,1.3243597642732274e-16,1.0010026170948743,-2.710505431213761e-20,2.710505431213761e-20
square,0.1,0.0,0.1,6.522012578616353,0.0005143007384652751,0.0005144330251077283,1.2074182697257333e-06,0.00032061759433786276,0.00032066900039965686,1.2074182697257333e-06,5.938436805079694e-08,5.9384369814048584e-08,0.0,3.66681243059428e-08,6.069937503760907e-08,6.068813237940996e-08,1.1242658205114777e-11,0.0003205582099698436,5.938436805079694e-08,1.3552527156068805e-20,2.710505431213761e-20,6.621798835755875e-17,1.00139871809521,1.3243597628342534e-16,1.0009811889826048,-5.421010862427522e-20,0.0
square,0.1,0.0,0.1,6.571698113207548,0.0005038655343733936,0.0005039925066003009,0.0,0.0003141461389570609,0.0003141954906072651,1.2074182697257333e-06,5.697580520736115e-08,5.697580701285286e-08,1.2074182697257333e-06,3.489237865848057e-08,5.7776412424966964e-08,5.7765933678897084e-08,1.0478746072874785e-11,0.00031408916315186987,5.6975805207361164e-08,1.3552527156068805e-20,2.710505431213761e-20,1.1469292021029616e-16,1.001369285736064,1.081335218272422e-16,1.0009604004687875,2.710505431213761e-20,-2.710505431213761e-20
square,0.1,0.0,0.1,6.6213836477987424,0.0004937265386782499,0.0004938484517215999,0.0,0.0003078578448678721,0.00030790524039000524,1.2074182697257333e-06,5.4683039347941597e-08,5.468304103074331e-08,0.0,3.3216336156689706e-08,5.5016847936951036e-08,5.500707560693239e-08,9.772330024031744e-12,0.00030780316182855424,5.4683039347941597e-08,1.3552527156068805e-20,2.710505431213761e-20,1.7519632895365042e-16,1.0013407207409812,2.1626704361671924e-16,1.000940227778272,5.421010862427522e-20,0.0
square,0.1,0.0,0.1,6.671069182389937,0.0004838729726655312,0.0004839900675219426,0.0,0.00030174605106781706,0.0003017915832771771,0.0,5.249960945954289e-08,5.2499610947994293e-08,0.0,3.163365928144952e-08,5.2410328386739695e-08,5.240120971968652e-08,9.11866704539516e-12,0.00030169355145831273,5.249960945954289e-08,1.3552527156068805e-20,2.710505431213761e-20,9.364637720832329e-17,1.0013129911646566,1.7097411013111612e-16,1.0009206481898345,-5.421010862427522e-20,-8.131516293641283e-20
square,0.1,0.0,0.1,6.720754716981132,0.0004742945283115406,0.00047440703264149876,0.0,0.00029580438740052007,0.0002958481439901603,0.0,5.041946459841329e-08,5.0419465940417366e-08,0.0,3.013845870775581e-08,4.994723108929505e-08,4.993871765015552e-08,8.513439140730783e-12,0.0002957539679359288,5.041946459841329e-08,6.776263578034403e-21,1.3552527156068805e-20,1.480679228595142e-16,1.0012860664666399,2.162670436293076e-16,1.00090163998202,-2.710505431213761e-20,6.776263578034403e-20
square,0.1,0.0,0.1,6.770440251572328,0.00046498134439666906,0.00046508947336107984,0.0,0.0002900267597895036,0.0002900688236500961,0.0,4.843693063375784e-08,4.8436931938151544e-08,8.537736462515939e-07,2.872525849204138e-08,4.761860721323146e-08,4.761065450163982e-08,7.952711591638891e-12,0.00028997832285886983,4.843693063375785e-08,6.776263578034403e-21,1.3552527156068805e-20,9.364637694667833e-17,1.0012599174396504,1.0813352187759581e-16,1.0008831823821438,-5.421010862427522e-20,5.421010862427522e-20
square,0.1,0.0,0.1,6.820125786163523,0.00045592398399304704,0.00045602794103092047,0.0,0.0002844073363259311,0.0002844477858445691,8.537736462515939e-07,4.654668945781178e-08,4.654669069113823e-08,8.537736462515939e-07,2.738896419886065e-08,4.5416129912022046e-08,4.540869701481717e-08,7.432897205464188e-12,0.000284360789636477,4.654668945781178e-08,3.3881317890172014e-21,1.3552527156068805e-20,1.1469292006787466e-16,1.0012345161420633,1.3243597622175503e-16,1.0008652555182451,-1.3552527156068805e-20,0.0
square,0.1,0.0,0.1,6.869811320754717,0.00044711341324473266,0.00044721339079762935,8.537736462515939e-07,0.00027894053415203877,0.0002789794434895927,0.0,4.4743749407127216e-08,4.474375053150679e-08,8.537736462515939e-07,2.612483370087382e-08,4.333204679892713e-08,4.3325096076440114e-08,6.950722487009812e-12,0.0002788957904026316,4.474374940712721e-08,6.776263578034403e-21,1.3552527156068805e-20,1.7519632890703204e-16,1.0012098358342654,1.5292389307964766e-16,1.0008478403738077,-5.421010862427522e-20,2.710505431213761e-20
square,0.1,0.0,0.1,6.919496855345912,0.0004385409813485593,0.000438637161534276,8.537736462515939e-07,0.00027362100709186067,0.0002736584464417972,8.537736462515939e-07,4.302342626184607e-08,4.302342725075282e-08,8.537736462515939e-07,2.49284504084374e-08,4.13591363734954e-08,4.135263317488282e-08,6.503198613772103e-12,0.0002735779836656067,4.302342626184607e-08,6.776263578034403e-21,1.3552527156068805e-20,1.146929199254532e-16,1.0011858509186555,1.7097411027442496e-16,1.0008309187450624,-2.710505431213761e-20,1.3552527156068805e-20
square,0.1,0.0,0.1,6.969182389937107,0.0004301984016695513,0.00043029095691054175,8.537736462515939e-07,0.00026844363397901934,0.0002684796698082235,8.537736462515939e-07,4.1381320321373136e-08,4.138132124272242e-08,8.537736462515939e-07,2.379569871268355e-08,3.9490668044627545e-08,3.948458045014703e-08,6.0875944787257225e-12,0.00026840225265868574,4.1381320321373136e-08,6.776263578034403e-21,1.3552527156068805e-20,1.986539644970867e-16,1.0011625368830472,1.3243597628342534e-16,1.0008144732007103,-1.3552527156068805e-20,2.710505431213761e-20
square,0.1,0.0,0.1,7.018867924528303,0.0004220777339139509,0.00042216682752299855,0.0,0.0002634035076417853,0.0002634382029151494,0.0,3.981329707897407e-08,3.981329798863206e-08,0.0,2.2722741443188782e-08,3.7720365430407725e-08,3.771466401766493e-08,5.701412742197101e-12,0.0002633636943447022,3.9813297078974076e-08,6.776263578034403e-21,1.3552527156068805e-20,1.622002828667473e-16,1.0011398702472505,1.7097411016296254e-16,1.0007984870439155,-2.710505431213761e-20,5.421010862427522e-20
square,0.1,0.0,0.1,7.068553459119498,0.0004141713672990866,0.0004142571540250518,0.0,0.0002584959244990889,0.00025852933888937367,1.2074182697257333e-06,3.831547151459324e-08,3.83154723860907e-08,1.2074182697257333e-06,2.170599916341703e-08,3.6042372644043115e-08,3.603703027547372e-08,5.34236856939714e-12,0.00025845760902757427,3.831547151459324e-08,3.3881317890172014e-21,1.3552527156068805e-20,9.364637720832329e-17,1.0011178285126496,1.7097411014703933e-16,1.0007829442764158,-1.3552527156068805e-20,-1.3552527156068805e-20
square,0.1,0.0,0.1,7.118238993710692,0.0004064720046389723,0.0004065546311770254,0.0,0.00025371637473211797,0.0002537485648151148,1.2074182697257333e-06,3.688418887468064e-08,3.688418966076442e-08,1.2074182697257333e-06,2.0742131139237403e-08,3.445122330400831e-08,3.4446214934212475e-08,5.008369793437628e-12,0.0002536794905432256,3.6884188874680634e-08,6.776263578034403e-21,1.3552527156068805e-20,1.6220028276604009e-16,1.0010963901145744,1.7097411025850178e-16,1.0007678295646352,1.3552527156068805e-20,1.3552527156068805e-20
square,0.1,0.0,0.1,7.167924528301887,0.0003989726473237879,0.00039905225279068227,1.2074182697257333e-06,0.00024906053299700927,0.0002490915524344346,0.0,3.551601035185484e-08,3.551601112745647e-08,1.2074182697257333e-06,1.982801783919965e-08,3.294181203088493e-08,3.2937114531354815e-08,4.697499531617136e-12,0.0002490250169866688,3.5516010351854834e-08,6.776263578034403e-21,2.710505431213761e-20,9.364637746996825e-17,1.0010755343773097,1.0813352190277261e-16,1.000753128207653,-1.3552527156068805e-20,2.710505431213761e-20
square,0.1,0.0,0.1,7.2176100628930815,0.00039166658110370003,0.00039174329748277204,0.0,0.0002445242496424392,0.0002445541493524472,1.2074182697257333e-06,3.420769872530871e-08,3.420769938476029e-08,1.2074182697257333e-06,1.896074482925134e-08,3.150936821505434e-08,3.1504960214715444e-08,4.4080003373960874e-12,0.00024449004194370224,3.420769872530871e-08,3.3881317890172014e-21,1.3552527156068805e-20,1.480679230801526e-16,1.0010552414715355,1.081335218272422e-16,1.000738826106934,0.0,1.3552527156068805e-20
square,0.1,0.0,0.1,7.267295597484278,0.00038454736264493785,0.000384621315201184,0.0,0.00024010354240486386,0.00024013237072138734,1.2074182697257333e-06,3.29562062515031e-08,3.2956206909035276e-08,0.0,1.813758794375654e-08,3.014943186034266e-08,3.0145293600299774e-08,4.138260038994592e-12,0.00024007058619858126,3.2956206251503094e-08,6.776263578034403e-21,1.3552527156068805e-20,2.387523515602508e-16,1.0010354923741254,1.0813352200347979e-16,1.000724909737701,-2.710505431213761e-20,5.421010862427522e-20
square,0.1,0.0,0.1,7.3169811320754725,0.00037760880681109865,0.0003776801144799086,1.2074182697257333e-06,0.0002357945885465035,0.00023582239136841403,1.2074182697257333e-06,3.175866053957624e-08,3.175866108303374e-08,0.0,1.7355999624325803e-08,2.8857831325456596e-08,2.885394452689065e-08,3.886798567443695e-12,0.00023576282988597617,3.175866053957624e-08,6.776263578034403e-21,1.3552527156068805e-20,9.364637703389333e-17,1.0010162688300877,1.081335218272422e-16,1.0007113661218523,-4.0657581468206416e-20,1.3552527156068805e-20
square,0.1,0.0,0.1,7.366666666666667,0.00037084497462957323,0.00037091375037982816,8.537736462515939e-07,0.00023159371741962278,0.0002316205383505773,8.537736462515939e-07,3.0612354701440295e-08,3.061235531056396e-08,0.0,1.6613596326323945e-08,2.7630662803433666e-08,2.762701054697229e-08,3.652256459280517e-12,0.00023156310506490375,3.0612354701440295e-08,5.082197683525802e-21,1.3552527156068805e-20,1.1469291985424245e-16,1.0009975533165532,2.293858395898004e-16,1.000698182802334,1.3552527156068805e-20,0.0
square,0.1,0.0,0.1,7.416352201257862,0.00036425016187936933,0.00036431651305394113,0.0,0.00022749740341885765,0.00022752328389707142,0.0,2.951473566490937e-08,2.9514736265229195e-08,8.537736462515939e-07,1.5908146901802967e-08,2.6464271390993183e-08,2.6460838006858008e-08,3.4333841306816496e-12,0.0002274678886831541,2.9514735664909367e-08,6.776263578034403e-21,1.3552527156068805e-20,1.4806792296983341e-16,1.000979329008687,1.0813352185241902e-16,1.0006853478188753,0.0,4.0657581468206416e-20
square,0.1,0.0,0.1,7.466037735849056,0.0003578188882990802,0.00035788291693284043,0.0,0.00022350225930979314,0.00022352723873129336,8.537736462515939e-07,2.846339540307714e-08,2.846339585039625e-08,0.0,1.52375618799603e-08,2.535523361605163e-08,2.535200458364016e-08,3.229032414167854e-12,0.00022347379591441382,2.8463395403077143e-08,5.082197683525802e-21,1.3552527156068805e-20,4.0416252509080515e-21,1.0009615797474016,1.0813352190277261e-16,1.0006728496850084,0.0,1.3552527156068805e-20
square,0.1,0.0,0.1,7.515723270440253,0.00035154588735050057,0.0003516076904693165,8.537736462515939e-07,0.00021960502990490835,0.00021962914573757543,8.537736462515939e-07,2.7456061110403546e-08,2.74560616605281e-08,8.537736462515939e-07,1.4599883567791638e-08,2.430034130129244e-08,2.429730315750835e-08,3.0381437804992465e-12,0.00021957757384376552,2.7456061110403542e-08,5.082197683525802e-21,2.710505431213761e-20,1.3243597634509565e-16,1.0009442900087633,2.293858395898004e-16,1.000660677366297,1.3552527156068805e-20,-1.3552527156068805e-20
square,0.1,0.0,0.1,7.565408805031447,0.00034542609651236594,0.0003454857664123453,8.537736462515939e-07,0.00021580258606865765,0.00021582587395959472,0.0,2.649058708360898e-08,2.6490587722989362e-08,0.0,1.399327690374651e-08,2.329658665365894e-08,2.329372690916312e-08,2.8597444949211662e-12,0.00021577609548156573,2.6490587083608984e-08,3.3881317890172014e-21,2.710505431213761e-20,1.146929199254532e-16,1.0009274448750074,1.529238931508584e-16,1.0006488202596993,-1.3552527156068805e-20,4.0657581468206416e-20
square,0.1,0.0,0.1,7.615094339622642,0.0003394546480824924,0.0003395122725919986,0.0,0.00021209191903209297,0.00021211441290862803,0.0,2.5564946485741397e-08,2.5564946994475423e-08,0.0,1.3416021003548505e-08,2.2341148479093027e-08,2.2338455541675155e-08,2.692937420268198e-12,0.00021206635408562997,2.5564946485741394e-08,6.776263578034403e-21,1.3552527156068805e-20,1.7519632890703204e-16,1.0009110300070447,1.8729275376253422e-16,1.0006372681740057,1.3552527156068805e-20,0.0
square,0.1,0.0,0.1,7.664779874213837,0.000333626860447777,0.00033368252317414335,0.0,0.0002084701350002623,0.0002084918671642259,8.537736462515939e-07,2.4677224308337044e-08,2.467722470603758e-08,0.0,1.2866501340293425e-08,2.1431379430878917e-08,2.1428842535329338e-08,2.5368955483825736e-12,0.00020844545777594234,2.4677224308337038e-08,6.776263578034403e-21,1.3552527156068805e-20,1.622002829171009e-16,1.0008950316183969,1.7097411025850178e-16,1.0006260113112804,-5.421010862427522e-20,1.3552527156068805e-20
square,0.1,0.0,0.1,7.714465408805031,0.0003279382298010392,0.0003279920103607919,0.0,0.00020493445003527796,0.0002049554512517155,8.537736462515939e-07,2.382560933383897e-08,2.382560976091634e-08,8.537736462515939e-07,1.2343202508070995e-08,2.0564794207809432e-08,2.0562403351843962e-08,2.3908559675628836e-12,0.000204910624425965,2.382560933383897e-08,5.082197683525802e-21,1.3552527156068805e-20,1.1469292021029616e-16,1.0008794364504539,7.646194673565336e-17,1.0006150402492566,-1.3552527156068805e-20,2.710505431213761e-20
square,0.1,0.0,0.1,7.764150943396228,0.00032238442227543103,0.00032243639651120934,1.2074182697257333e-06,0.00020148218519582648,0.00020150248477640188,1.2074182697257333e-06,2.300838995865902e-08,2.3008390370077928e-08,1.2074182697257333e-06,1.184470152203805e-08,1.973905862536885e-08,1.97368045106545e-08,2.254114714052277e-12,0.00020145917680586479,2.300838995865902e-08,5.082197683525802e-21,2.710505431213761e-20,1.622002826653329e-16,1.0008642317490084,1.081335218272422e-16,1.0006043459246252,-4.0657581468206416e-20,1.3552527156068805e-20
square,0.1,0.0,0.1,7.813836477987422,0.0003169612664799585,0.00031701150666427907,0.0,0.0001981107619260119,0.00019813038780715672,0.0,2.2223946407607574e-08,2.222394677977806e-08,0.0,1.136966161195343e-08,1.8951979490862223e-08,1.8949853469176407e-08,2.1260216882124768e-12,0.00019808853797962934,2.2223946407607574e-08,6.776263578034403e-21,1.3552527156068805e-20,9.364637729553829e-17,1.000849405241958,1.7097411033811778e-16,1.0005939196171698,0.0,4.0657581468206416e-20
square,0.1,0.0,0.1,7.863522012578617,0.00031166474640057304,0.00031171332142733736,1.2074182697257333e-06,0.00019481769766910666,0.0001948366764855508,1.2074182697257333e-06,2.147074539822404e-08,2.1470745782577716e-08,0.0,1.0916826469663575e-08,1.820149521757056e-08,1.8199489241346716e-08,2.0059762247432684e-12,0.00019479622692371805,2.1470745398224042e-08,6.776263578034403e-21,1.3552527156068805e-20,1.6220028281639372e-16,1.0008349451181393,1.0813352190277261e-16,1.0005837529346986,2.710505431213761e-20,0.0
square,0.1,0.0,0.1,7.913207547169812,0.00030649099466244976,0.00030653797022627926,0.0,0.0001916006017058346,0.00019161895885987375,1.2074182697257333e-06,2.074733694894521e-08,2.074733747919344e-08,1.2074182697257333e-06,1.0485014915026289e-08,1.7485667120768748e-08,1.7483773697552123e-08,1.8934232163250795e-12,0.00019157985436888235,2.0747336948945207e-08,6.776263578034403e-21,2.710505431213761e-20,1.480679231353122e-16,1.0008208400072178,1.0813352177688863e-16,1.0005738377987274,-4.0657581468206416e-20,9.486769009248164e-20
square,0.1,0.0,0.1,7.962893081761006,0.00030143628611810835,0.0003014817248839834,0.0,0.00018845717119336735,0.00018847493091958203,1.2074182697257333e-06,2.0052345305516103e-08,2.005234564091808e-08,1.2074182697257333e-06,1.0073115947021753e-08,1.6802671341009078e-08,1.6800883491993425e-08,1.7878490144548638e-12,0.00018843711884804833,2.00523453055161e-08,5.082197683525802e-21,1.3552527156068805e-20,9.364637746996825e-17,1.0008070789605694,1.7097411013111612e-16,1.0005641664308755,-4.0657581468206416e-20,0.0
square,0.1,0.0,0.1,8.0125786163522,0.0002964970317579009,0.00029654099352017,0.0,0.00018538518740114285,0.00018540237282801354,1.2074182697257333e-06,1.9384469080735555e-08,1.9384469378612823e-08,0.0,9.680084150640335e-09,1.615079134645058e-08,1.6149102567965235e-08,1.6887784826478136e-12,0.00018536580293203116,1.938446908073555e-08,6.776263578034403e-21,1.3552527156068805e-20,6.621798835755875e-17,1.0007936514331126,1.7097411011519292e-16,1.0005547313399275,-2.710505431213761e-20,1.3552527156068805e-20
square,0.1,0.0,0.1,8.062264150943397,0.00029166977291176567,0.00029171231474412043,8.537736462515939e-07,0.00018238251213115276,0.00018239914533836366,8.537736462515939e-07,1.874247372524886e-08,1.8742474055650964e-08,8.537736462515939e-07,9.304935430868596e-09,1.5528410969204526e-08,1.552681519759691e-08,1.5957716076193326e-12,0.0001823637696574275,1.874247372524886e-08,3.3881317890172014e-21,6.776263578034403e-21,1.146929199254532e-16,1.0007805472660276,1.0813352190277261e-16,1.0005455253095357,-6.776263578034403e-21,2.0328790734103208e-20
square,0.1,0.0,0.1,8.111949685534592,0.00028695117573030934,0.0002869923521267867,0.0,0.00017944708430813622,0.00017946318638093335,0.0,1.812518853506473e-08,1.8125188872051507e-08,8.537736462515939e-07,8.946743049331844e-09,1.4934007934190578e-08,1.493249951341828e-08,1.5084207716997937e-12,0.00017942895911959394,1.812518853506473e-08,3.3881317890172014e-21,6.776263578034403e-21,6.621798848089937e-17,1.0007677566703141,1.872927538061417e-16,1.0005365413865148,-6.776263578034403e-21,2.0328790734103208e-20
square,0.1,0.0,0.1,8.161635220125786,0.00028233802594181996,0.00028237788894977625,8.537736462515939e-07,0.0001765769167391007,0.0001765925078194346,8.537736462515939e-07,1.7531504676741812e-08,1.7531504904035775e-08,0.0,8.60463394062737e-09,1.4366147843554707e-08,1.4364721495236276e-08,1.426348317533355e-12,0.00017655938523441296,1.7531504676741812e-08,3.3881317890172014e-21,1.3552527156068805e-20,9.364637720832329e-17,1.000755270211149,1.0813352180206541e-16,1.0005277728697086,-1.3552527156068805e-20,-6.776263578034403e-21
square,0.1,0.0,0.1,8.211320754716981,0.00027782722384944725,0.000277865823194683,8.537736462515939e-07,0.00017377009302472848,0.00017378519235932506,8.537736462515939e-07,1.6960368318069808e-08,1.6960368507071452e-08,0.0,8.277785285988656e-09,1.3823478581280259e-08,1.3822129377375615e-08,1.3492039055425867e-12,0.00017375313265642172,1.6960368318069808e-08,3.3881317890172014e-21,6.776263578034403e-21,1.3243597634509565e-16,1.000743078792997,1.7097411013111612e-16,1.000519213299388,-2.710505431213761e-20,6.776263578034403e-21
square,0.1,0.0,0.1,8.261006289308176,0.00027341577957555607,0.0002734531627805034,0.0,0.0001710247646195077,0.00017103939060537492,0.0,1.641078032601469e-08,1.6410780491467835e-08,8.537736462515939e-07,7.965421326039124e-09,1.3304725106649367e-08,1.3303448444046966e-08,1.276662602103242e-12,0.00017100835383917785,1.6410780326014693e-08,3.3881317890172014e-21,6.776263578034403e-21,1.146929199254532e-16,1.000731173645429,7.646194659323188e-17,1.0005108564471594,-2.0328790734103208e-20,0.0
square,0.1,0.0,0.1,8.310691823899372,0.0002691008085227414,0.0002691370210178627,0.0,0.00016833914802900422,0.00016835331825616444,8.537736462515939e-07,1.588179150342943e-08,1.5881791755491515e-08,8.537736462515939e-07,7.666810393524384e-09,1.2808684607038881e-08,1.2807476184278397e-08,1.2084227628806107e-12,0.00016832326623753227,1.5881791503429426e-08,3.3881317890172014e-21,6.776263578034403e-21,1.146929201390854e-16,1.0007195463096215,2.2938583962540573e-16,1.00050269630635,-4.0657581468206416e-20,6.776263578034403e-21
square,0.1,0.0,0.1,8.360377358490567,0.0002648795270545459,0.00026491461228321593,0.0,0.000165711522142453,0.00016572525343455161,8.537736462515939e-07,1.5372500686571837e-08,1.5372500885197295e-08,0.0,7.3812621503091175e-09,1.233422198363742e-08,1.2333077779340627e-08,1.1442042982913425e-12,0.00016569614964178655,1.5372500686571837e-08,1.6940658945086007e-21,6.776263578034403e-21,6.621798823421814e-17,1.0007081886254858,7.646194662883726e-17,1.00049472708285,-1.3552527156068805e-20,1.3552527156068805e-20
square,0.1,0.0,0.1,8.410062893081761,0.0002607492483793795,0.000260783247897352,0.0,0.00016314022568701315,0.00016315353413926955,0.0,1.488205179066494e-08,1.4882052098795543e-08,8.537736462515939e-07,7.108125013538036e-09,1.1880265644856089e-08,1.1879181897864716e-08,1.0837469904743438e-12,0.00016312534363521015,1.4882051790664941e-08,1.6940658945086007e-21,6.776263578034403e-21,6.621798835755875e-17,1.0006970927194079,1.529238931508584e-16,1.0004869431863834,-1.3552527156068805e-20,0.0
square,0.1,0.0,0.1,8.459748427672956,0.00025670737861801764,0.0002567403321869827,8.537736462515939e-07,0.00016062365480176713,0.00016063655581721308,8.537736462515939e-07,1.440963065108192e-08,1.4409630771711064e-08,8.537736462515939e-07,6.846783755981372e-09,1.1445803585071904e-08,1.1444776776147244e-08,1.0268089240607971e-12,0.00016060924517110765,1.440963065108192e-08,1.6940658945086007e-21,1.3552527156068805e-20,1.6220028276604009e-16,1.00068625099256,1.3243597634509565e-16,1.0004793392221853,-2.0328790734103208e-20,0.0
square,0.1,0.0,0.1,8.50943396226415,0.00025275141306161,0.00025278335873728984,0.0,0.00015816026072357388,0.0001581727690468385,1.2074182697257333e-06,1.3954463779897289e-08,1.3954464066205461e-08,0.0,6.596657269116711e-09,1.1029879727641547e-08,1.1028906562472448e-08,9.731651708959028e-13,0.00015814630625981976,1.3954463779897289e-08,3.3881317890172014e-21,6.776263578034403e-21,6.621798860423998e-17,1.0006756561097507,1.0813352190277261e-16,1.00047190998307,-2.0328790734103208e-20,1.3552527156068805e-20
square,0.1,0.0,0.1,8.559119496855347,0.00024887893259698484,0.000248909906812945,1.2074182697257333e-06,0.00015574854757977464,0.0001557606773294769,1.2074182697257333e-06,1.3515815357248431e-08,1.351581558897541e-08,1.4787793334710982e-06,6.357196476011189e-09,1.063159051296774e-08,1.0630667906519332e-08,9.226064484071385e-13,0.00015573503176441738,1.3515815357248431e-08,3.3881317890172014e-21,6.776263578034403e-21,6.621798823421814e-17,1.0006653009887976,1.0813352177688863e-16,1.000464650441858,0.0,6.776263578034403e-21
square,0.1,0.0,0.1,8.608805031446542,0.00024508760029399486,0.00024511763794095667,0.0,0.0001533870702813091,0.0001533988349804115,1.2074182697257333e-06,1.3092985575261002e-08,1.309298573267704e-08,0.0,6.127882383459077e-09,1.025008171378293e-08,1.02492067758112e-08,8.749379708320816e-13,0.0001533739772957204,1.3092985575261002e-08,3.3881317890172014e-21,6.776263578034403e-21,1.3243597634509565e-16,1.0006551787903757,1.8729275374799837e-16,1.0004575557441593,-3.3881317890172014e-20,2.0328790734103208e-20
square,0.1,0.0,0.1,8.658490566037736,0.00024137515815439951,0.0002414042926541686,1.2074182697257333e-06,0.00015107443251119156,0.00015108584511543872,1.2074182697257333e-06,1.2685308477604019e-08,1.2685308741146195e-08,0.0,5.908224263829998e-09,9.884545461281194e-09,9.883715482929837e-09,8.299783507574247e-13,0.00015106174720270482,1.2685308477604019e-08,3.3881317890172014e-21,6.776263578034403e-21,2.293858396372742e-16,1.0006452829083436,1.8729275376253422e-16,1.0004506212014785,-2.0328790734103208e-20,2.0328790734103208e-20
square,0.1,0.0,0.1,8.70817610062893,0.00023773942399840314,0.00023776768737496153,1.2074182697257333e-06,0.00014880928480510608,0.00014882035773068004,0.0,1.2292149128525135e-08,1.2292149297556091e-08,1.2074182697257333e-06,5.697757956153465e-09,9.534217467093625e-09,9.533429908554035e-09,7.875585389903217e-13,0.0001487969926559682,1.2292149128525135e-08,3.3881317890172014e-21,1.3552527156068805e-20,6.621798835755875e-17,1.0006356069604962,1.5292389320426646e-16,1.000443842284636,-6.776263578034403e-21,2.0328790734103208e-20
square,0.1,0.0,0.1,8.757861635220126,0.00023417828850089012,0.0002342057114473366,1.2074182697257333e-06,0.00014659032271693574,0.00014660106786589845,0.0,1.191290509160432e-08,1.1912905238923606e-08,1.2074182697257333e-06,5.4960442793650425e-09,9.198374426984163e-09,9.197626905868904e-09,7.475211154101838e-13,0.0001465784098118465,1.1912905091604319e-08,3.3881317890172014e-21,6.776263578034403e-21,9.364637694667833e-17,1.0006261447797402,1.0813352185241902e-16,1.000437214617486,-2.0328790734103208e-20,2.0328790734103208e-20
square,0.1,0.0,0.1,8.807547169811322,0.00023068971235027836,0.00023071632429159895,1.2074182697257333e-06,0.00014441628506648926,0.0001444267138513066,0.0,1.1547000611570421e-08,1.1547000795173291e-08,0.0,5.302667548370592e-09,8.876331593496371e-09,8.875621874326527e-09,7.097191725394109e-13,0.00014440473806592155,1.154700061157042e-08,2.541098841762901e-21,6.776263578034403e-21,1.3243597640676596e-16,1.0006168904056663,7.646194670004799e-17,1.0004307339709142,-1.3552527156068805e-20,1.3552527156068805e-20
square,0.1,0.0,0.1,8.857232704402517,0.00022727172354364844,0.00022729755269696757,8.537736462515939e-07,0.00014228595226584712,0.0001422960756321994,1.2074182697257333e-06,1.1193887738453099e-08,1.1193887860787227e-08,8.537736462515939e-07,5.117234186910463e-09,8.567440505680143e-09,8.566766489969831e-09,6.740157106112221e-13,0.00014227475837811363,1.1193887738453099e-08,3.3881317890172014e-21,6.776263578034403e-21,1.6220028276604009e-16,1.000607838076492,1.081335218272422e-16,1.0004243962571078,-2.0328790734103208e-20,6.776263578034403e-21
square,0.1,0.0,0.1,8.906918238993711,0.00022392241479166772,0.00022394748822290332,0.0,0.00014019814471886682,0.0001402079731678045,8.537736462515939e-07,1.0853045005502985e-08,1.0853045145615782e-08,8.537736462515939e-07,4.939371429291209e-09,8.27108686479873e-09,8.270446581874051e-09,6.402829236299095e-13,0.00014018729167384353,1.0853045005502985e-08,2.541098841762901e-21,1.3552527156068805e-20,1.7519632914012388e-16,1.000598982221368,1.8729275374799837e-16,1.000418197524074,-1.3552527156068805e-20,-6.776263578034403e-21
square,0.1,0.0,0.1,8.956603773584906,0.00022063994104292182,0.0002206642847203487,1.2074182697257333e-06,0.00013815172129052946,0.00013816126489885161,8.537736462515939e-07,1.0523973968732352e-08,1.052397410699225e-08,8.537736462515939e-07,4.768726105702151e-09,7.986688545872375e-09,7.986080144461663e-09,6.08401412360076e-13,0.00013814119731658922,1.052397396873235e-08,3.3881317890172014e-21,6.776263578034403e-21,9.364637694667833e-17,1.0005903174530224,1.324359762423118e-16,1.0004121339504035,-2.0328790734103208e-20,-1.3552527156068805e-20
square,0.1,0.0,0.1,9.0062893081761,0.00021742251711724097,0.00021744615596254555,0.0,0.00013614557784505854,0.00013615484628521276,0.0,1.0206200682610106e-08,1.0206200988403436e-08,8.537736462515939e-07,4.604963504884213e-09,7.713693735788147e-09,7.713115476048535e-09,5.782597387132374e-13,0.00013613537164436007,1.0206200682610104e-08,3.3881317890172014e-21,1.3552527156068805e-20,9.364637703389333e-17,1.0005818385607197,1.081335218272422e-16,1.000406201840263,0.0,0.0
square,0.1,0.0,0.1,9.055974842767297,0.00021426841543692774,0.0002142913733734997,0.0,0.00013417864584427803,0.00013418764840281857,8.537736462515939e-07,9.899270816352967e-09,9.899270908490774e-09,0.0,4.447766308789264e-09,7.451579188959454e-09,7.451029435307392e-09,5.497536507159133e-13,0.0001341687465734374,9.899270816352967e-09,1.6940658945086007e-21,6.776263578034403e-21,1.1469291985424245e-16,1.000573540503542,1.0813352180206541e-16,1.0004003976186062,-6.776263578034403e-21,6.776263578034403e-21
square,0.1,0.0,0.1,9.105660377358491,0.00021117596386156082,0.00021119826386009508,0.0,0.00013224989101067778,0.000132258636605882,0.0,9.602754285170597e-09,9.60275446329667e-09,0.0,4.2968335944672e-09,7.1998485929095415e-09,7.19932580702049e-09,5.22785889650067e-13,0.00013224028825640363,9.602754285170597e-09,2.541098841762901e-21,6.776263578034403e-21,9.364637685946336e-17,1.0005654184039465,7.646194659323188e-17,1.0003947178265926,0.0,1.3552527156068805e-20
square,0.1,0.0,0.1,9.155345911949686,0.00020814354361130426,0.00020816520773343599,8.537736462515939e-07,0.00013035831204349674,0.00013036680924223104,0.0,9.316237636877497e-09,9.316237814927531e-09,0.0,4.151879898504204e-09,6.958031035808202e-09,6.9575337704686476e-09,4.972653419501832e-13,0.00013034899580590474,9.316237636877497e-09,3.3881317890172014e-21,6.776263578034403e-21,1.480679230801526e-16,1.0005574675416093,1.7097411013111612e-16,1.0003891591172038,-1.3552527156068805e-20,1.3552527156068805e-20
square,0.1,0.0,0.1,9.20503144654088,0.00020516958728202946,0.00020519063672117747,8.537736462515939e-07,0.0001285029393937402,0.00012851119642700603,8.537736462515939e-07,9.03932744820623e-09,9.039327626384e-09,8.537736462515939e-07,4.012634339721366e-09,6.725679569527888e-09,6.725206462684539e-09,4.731068427500488e-13,0.00012849390006628054,9.039327448206229e-09,3.3881317890172014e-21,6.776263578034403e-21,1.6220028281639372e-16,1.000549683347536,1.0813352185241902e-16,1.0003837182510475,-1.3552527156068805e-20,6.776263578034403e-21
square,0.1,0.0,0.1,9.254716981132075,0.00020225257694262577,0.0002022730320636395,0.0,0.00012668283408797493,0.00012669085886659543,0.0,8.771648117128877e-09,8.771648202275542e-09,0.0,3.8788397963160045e-09,6.502369861382868e-09,6.501919630687785e-09,4.5023069433278993e-13,0.00012667406243984319,8.771648117128875e-09,2.541098841762901e-21,6.776263578034403e-21,1.480679228595142e-16,1.00054206139841,7.646194659323188e-17,1.000378392092342,-6.776263578034403e-21,0.0
square,0.1,0.0,0.1,9.304402515723272,0.0001993910423138274,0.0001994109226897845,8.537736462515939e-07,0.0001248970866038148,0.0001249048867320901,0.0,8.51284065285734e-09,8.512840784269409e-09,8.537736462515939e-07,3.750252133684314e-09,6.2876989288938355e-09,6.287270366622707e-09,4.2856227082866236e-13,0.000124888573763156,8.512840652857338e-09,2.541098841762901e-21,1.3552527156068805e-20,1.4806792291467382e-16,1.0005345974112003,1.081335219279494e-16,1.0003731776050684,-1.3552527156068805e-20,0.0
square,0.1,0.0,0.1,9.354088050314466,0.00019658355902385023,0.00019660288347117226,0.0,0.00012314481579142316,0.00012315239858123897,0.0,8.262561415664162e-09,8.262561571083862e-09,1.2074182697257333e-06,3.6266394796647176e-09,6.081283951874823e-09,6.080875920226305e-09,4.0803164806843787e-13,0.00012313655322999841,8.262561415664162e-09,2.541098841762901e-21,1.3552527156068805e-20,9.364637703389333e-17,1.0005272872379778,1.0813352190277261e-16,1.000368071849289,-6.776263578034403e-21,1.3552527156068805e-20
square,0.1,0.0,0.1,9.403773584905661,0.00019382874693611694,0.00019384753354842856,0.0,0.00012142516784187451,0.00012143254032519448,0.0,8.020483163923466e-09,8.020483369165129e-09,0.0,3.507781543845431e-09,5.882761156871201e-09,5.882372583501655e-09,3.885733711936207e-13,0.0001214171473587446,8.020483163923466e-09,2.541098841762901e-21,1.3552527156068805e-20,5.7157212438637306e-21,1.0005201268609647,2.2938583956606347e-16,1.0003630719776175,-6.776263578034403e-21,1.3552527156068805e-20
square,0.1,0.0,0.1,9.453459119496856,0.0001911252685466895,0.00019114353472644269,0.0,0.00011973731529592879,0.00011974448423748604,0.0,7.78629207866756e-09,7.786292234979514e-09,0.0,3.393468978290111e-09,5.691784768967958e-09,5.691414642924326e-09,3.701260425838422e-13,0.00011972952900382809,7.786292078667561e-09,2.541098841762901e-21,6.776263578034403e-21,2.0939966473834568e-16,1.0005131123877804,1.7097411014703933e-16,1.0003581752318376,-6.776263578034403e-21,1.3552527156068805e-20
square,0.1,0.0,0.1,9.50314465408805,0.0001884718274486081,0.00018848958993744608,1.2074182697257333e-06,0.00011808045609613702,0.00011808742800502149,0.0,7.559688638898284e-09,7.559688821553554e-09,1.2074182697257333e-06,3.2835027767431894e-09,5.508026026788827e-09,5.507673394668964e-09,3.526321218099848e-13,0.00011807289640753985,7.559688638898284e-09,2.541098841762901e-21,6.776263578034403e-21,6.621798823421814e-17,1.0005062400468896,1.3243597634509565e-16,1.0003533789396624,-6.776263578034403e-21,6.776263578034403e-21
square,0.1,0.0,0.1,9.552830188679247,0.00018586716685935296,0.00018588444176673483,0.0,0.00011645381267654275,0.000116460593816788,1.2074182697257333e-06,7.34038597704176e-09,7.340386108648553e-09,1.2074182697257333e-06,3.177693709949048e-09,5.331172256382278e-09,5.330836218762554e-09,3.360376201733846e-13,0.00011644647229057552,7.34038597704176e-09,3.3881317890172014e-21,6.776263578034403e-21,1.3243597646843627e-16,1.000499506183239,1.0813352190277261e-16,1.0003486805116266,-2.0328790734103208e-20,0.0
square,0.1,0.0,0.1,9.602515723270441,0.00018331006820699626,0.00018332687103771996,1.2074182697257333e-06,0.00011485663109047518,0.00011486322749222814,1.2074182697257333e-06,7.128110405819228e-09,7.128110617837159e-09,0.0,3.0758617945623052e-09,5.160926000282104e-09,5.1606057083667705e-09,3.2029191503358135e-13,0.0001148495029800627,7.128110405819229e-09,2.541098841762901e-21,6.776263578034403e-21,1.146929201390854e-16,1.0004929072540714,1.081335218272422e-16,1.000344077438109,-1.3552527156068805e-20,2.0328790734103208e-20
square,0.1,0.0,0.1,9.652201257861636,0.00018079934977745157,0.00018081569545767148,0.0,0.00011328818017209799,0.00011329459764176467,0.0,6.92259941252969e-09,6.9225994636484105e-09,1.2074182697257333e-06,2.9778357938284187e-09,4.997004198063908e-09,4.996698850602641e-09,3.0534746231580313e-13,0.00011328125757270922,6.92259941252969e-09,3.3881317890172014e-21,6.776263578034403e-21,9.364637694667833e-17,1.00048643982491,1.0813352187759581e-16,1.0003395672864737,-1.3552527156068805e-20,-6.776263578034403e-21
square,0.1,0.0,0.1,9.70188679245283,0.0001783338654132146,0.00017834976831508718,0.0,0.00011174775073524158,0.00011175399486413313,0.0,6.7236017831976465e-09,6.723601888787548e-09,1.2074182697257333e-06,2.8834527474507688e-09,4.839137415320128e-09,4.83884625569776e-09,2.9115962281757087e-13,0.00011174102713346876,6.723601783197647e-09,3.3881317890172014e-21,6.776263578034403e-21,4.209277986725972e-36,1.0004801005657122,1.7097411014703933e-16,1.0003351476983304,-6.776263578034403e-21,0.0
square,0.1,0.0,0.1,9.751572327044025,0.00017591250326234664,0.00017592797722778064,0.0,0.0001102346548018612,0.00011024073097635151,0.0,6.5308766609924225e-09,6.530876837269747e-09,0.0,2.7925575291085306e-09,4.687069117692319e-09,4.686791431239292e-09,2.776864531776833e-13,0.00011022812392520375,6.5308766609924225e-09,1.6940658945086007e-21,6.776263578034403e-21,1.1469291999666394e-16,1.00047388624717,1.5292389307964766e-16,1.0003308163869036,-1.3552527156068805e-20,1.3552527156068805e-20
square,0.1,0.0,0.1,9.801257861635222,0.0001735341845875382,0.0001735492429507905,8.537736462515939e-07,0.00010874822486073948,0.00010875413827063887,8.537736462515939e-07,6.344193998399797e-09,6.344194147628598e-09,8.537736462515939e-07,2.7050024302861035e-09,4.540554987192988e-09,4.540290098623072e-09,2.6488856931726973e-13,0.00010874188066672673,6.344193998399797e-09,1.6940658945086007e-21,6.776263578034403e-21,9.364637720832329e-17,1.0004677937371698,1.8729275373346255e-16,1.000326571134509,0.0,1.0164395367051604e-20
square,0.1,0.0,0.1,9.850943396226416,0.00017119786261154745,0.00017121251822025015,0.0,0.00010728781315966464,0.00010729356880596312,0.0,6.163333771061052e-09,6.163333965332315e-09,0.0,2.620646767650571e-09,4.399362278335559e-09,4.399109549369251e-09,2.527289661580273e-13,0.00010728164982588992,6.1633337710610516e-09,1.6940658945086007e-21,3.3881317890172014e-21,1.146929199254532e-16,1.0004618199973843,1.324359762423118e-16,1.0003224097901318,-1.0164395367051604e-20,6.776263578034403e-21
square,0.1,0.0,0.1,9.90062893081761,0.00016890252141300415,0.000168916786648606,8.537736462515939e-07,0.00010585279102001653,0.00010585839372340922,8.537736462515939e-07,5.988083671810883e-09,5.988083793837579e-09,1.2074182697257333e-06,2.5393565135753027e-09,4.263269211166997e-09,4.2630280383789194e-09,2.411727882271495e-13,0.00010584680293634843,5.988083671810883e-09,1.6940658945086007e-21,3.3881317890172014e-21,9.364637738275326e-17,1.0004559620800073,1.8729275374799837e-16,1.0003183302670982,-6.776263578034403e-21,-1.0164395367051604e-20
square,0.1,0.0,0.1,9.950314465408805,0.00016664717486879177,0.00016666106166648683,8.537736462515939e-07,0.00010444254818607738,0.00010444800259394012,0.0,5.818242017182736e-09,5.81824229147081e-09,8.537736462515939e-07,2.4610039477259813e-09,4.1320643994463945e-09,4.131834212121529e-09,2.301873242668429e-13,0.00010443672994404507,5.818242017182736e-09,1.6940658945086007e-21,3.3881317890172014e-21,6.621798823421814e-17,1.0004502171246148,1.52923893061845e-16,1.0003143305408433,-2.0328790734103208e-20,0.0
square,0.1,0.0,0.1,10.0,0.00016443086562991846,0.0001644443854963539,0.0,0.00010305649219062331,0.00010306180278465267,0.0,5.6536139781569384e-09,5.653614117417553e-09,0.0,2.385467328644123e-09,4.005546311092792e-09,4.00532656935583e-09,2.197417371111494e-13,0.00010305083857664901,5.653613978156939e-09,1.6940658945086007e-21,3.3881317890172014e-21,1.7519632890703204e-16,1.0004445823551515,7.646194659323188e-17,1.0003104086467665,-6.776263578034403e-21,1.0164395367051604e-20
square,0.1,0.0,0.4,2.1,0.052098388835544,0.053491807324292574,1.2074182697257333e-06,0.03279227659980131,0.03333890591190028,0.0,0.000645236924033323,0.0006454451565572801,1.2074182697257333e-06,0.005301402672109247,0.009004664464183588,0.008827484268013332,0.0001771801961702529,0.03214703967576797,0.000645236924033323,1.3877787807814457e-17,2.7755575615628914e-17,1.1469292547989053e-16,1.1673621503063267,1.8729275464921986e-16,1.1161475632516835,-5.551115123125783e-17,2.7755575615628914e-17
square,0.1,0.0,0.4,2.149685534591195,0.04862470683569877,0.04983634568504786,0.0,0.030568133655230464,0.03104259068577424,0.0,0.0005602709588677749,0.0005604279546216884,0.0,0.004500899130194253,0.007619612248979358,0.007479955457724587,0.000139656791254766,0.03000786269636267,0.0005602709588677749,1.3877787807814457e-17,2.7755575615628914e-17,1.7519633184398935e-16,1.1551747354269062,7.646194709170705e-17,1.1078773231474448,-2.7755575615628914e-17,5.551115123125783e-17
square,0.1,0.0,0.4,2.1993710691823902,0.04545653023857079,0.046513706082085035,8.537736462515939e-07,0.028544611866101913,0.02895790798808915,8.537736462515939e-07,0.0004882194732427216,0.0004883386814698102,0.0,0.0038362082487230177,0.00647490563078867,0.006364160561590035,0.00011074506919864699,0.028056392392859248,0.0004882194732427216,1.3877787807814457e-17,2.7755575615628914e-17,2.2862884975454922e-20,1.1441864996842008,2.2938584127512115e-16,1.1003946722107865,-2.7755575615628914e-17,2.7755575615628914e-17
square,0.1,0.0,0.4,2.249056603773585,0.04256091524744283,0.043486324125200614,0.0,0.02669933512846847,0.027060584941531737,8.537736462515939e-07,0.0004268681731834363,0.00042695930085189654,8.537736462515939e-07,0.0032818644813483386,0.005524266748740706,0.005435944936835417,8.832181190529194e-05,0.026272466955285054,0.00042686817318343624,1.3877787807814457e-17,2.7755575615628914e-17,6.892193910826658e-34,1.13424839451458,1.7097411291767695e-16,1.0936056953804574,-2.7755575615628914e-17,0.0
square,0.1,0.0,0.4,2.29874213836478,0.03990909406661839,0.04072167667918855,0.0,0.025012887098959588,0.025329671201974147,0.0,0.0003744240028999184,0.0003744941126923128,0.0,0.0028176134732152713,0.004731180752728062,0.004660358554999716,7.082219772835318e-05,0.02463846309605971,0.00037442400289991847,1.3877787807814457e-17,2.7755575615628914e-17,3.6149395202440194e-20,1.125233792245997,1.0813352217971738e-16,1.0874299349873755,0.0,0.0
square,0.1,0.0,0.4,2.348427672955975,0.037475869931271416,0.03819149977020573,0.0,0.023468359729222257,0.023747011432619664,0.0,0.0003294273502073711,0.0003294816203360632,0.0,0.002427259744086771,0.004066661669977229,0.0040095775962035365,5.708407377369267e-05,0.023138932379014886,0.00032942735020737116,6.938893903907228e-18,1.3877787807814457e-17,9.364637965034283e-17,1.1170345304160085,1.8729275767267263e-16,1.0817981407055228,0.0,0.0
square,0.1,0.0,0.4,2.39811320754717,0.03523911027789088,0.03587114387529884,8.537736462515939e-07,0.022050979607369143,0.022296812890548624,8.537736462515939e-07,0.0002906840992592672,0.0002907263540235656,8.537736462515939e-07,0.002097787489290794,0.0035075683053658563,0.003461330253742294,4.6238051623561125e-05,0.02176029550810987,0.0002906840992592672,3.469446951953614e-18,2.7755575615628914e-17,1.6220028347099043e-16,1.1095577547552153,1.3243597687957164e-16,1.0766504486473094,-6.938893903907228e-17,1.3877787807814457e-17
square,0.1,0.0,0.4,2.4477987421383647,0.033179320499900244,0.03373903970577876,0.0,0.020747797191331775,0.020965288973168357,8.537736462515939e-07,0.00025721270363553004,0.00025724578707786075,8.537736462515939e-07,0.0018186855753407351,0.0030353254814687136,0.002997696220574036,3.762926089467289e-05,0.020490584487696216,0.0002572127036355301,6.938893903907228e-18,1.3877787807814457e-17,2.2862884975454922e-20,1.102723379912783,1.7097411062473548e-16,1.0719348979139218,-2.7755575615628914e-17,2.7755575615628914e-17
square,0.1,0.0,0.4,2.4974842767295597,0.03127928415429485,0.03177625338376986,0.0,0.019547427159600284,0.019740363821553267,1.2074182697257333e-06,0.00022820270715916545,0.00022822874836846214,0.0,0.0015814262219918291,0.002634946359868405,0.0026041851815490438,3.076117831935967e-05,0.019319224452441105,0.00022820270715916545,3.469446951953614e-18,2.7755575615628914e-17,1.1469292206177528e-16,1.0964620322510468,7.646194937045057e-17,1.067606214532497,-2.7755575615628914e-17,2.7755575615628914e-17
square,0.1,0.0,0.4,2.547169811320755,0.029523758186936165,0.029966114343780124,0.0,0.018439830526466652,0.018611426299879493,0.0,0.00020298204788571863,0.00020300265083269362,0.0,0.0013790600932826445,0.0022942800769657915,0.002269025090604742,2.52549863610463e-05,0.01823684847858091,0.00020298204788571863,5.204170427930421e-18,1.3877787807814457e-17,1.480679245143022e-16,1.0907133719544064,7.646194994013646e-17,1.0636248087750468,-4.163336342344337e-17,-1.3877787807814457e-17
square,0.1,0.0,0.4,2.59685534591195,0.027899213888594336,0.02829390271032358,0.0,0.017416131048935902,0.01756912413309444,8.537736462515939e-07,0.00018099114358554547,0.00018100752396511743,8.537736462515939e-07,0.0012059000981659166,0.0020034291880370726,0.0019826092402072883,2.081994782978192e-05,0.017235139905350336,0.00018099114358554545,6.938893903907228e-18,1.3877787807814457e-17,8.203351587960089e-34,1.085424715906824,7.646194823107882e-17,1.0599559439006578,-4.163336342344337e-17,1.3877787807814457e-17
square,0.1,0.0,0.4,2.646540880503145,0.02639361600387035,0.0267465855581892,0.0,0.01646845992155415,0.016605190881817847,0.0,0.0001617622446502566,0.00016177532922049455,0.0,0.001057273185028064,0.00175429594551074,0.00173706428867832,1.7231656832418664e-05,0.016306697676903882,0.0001617622446502566,1.734723475976807e-18,2.7755575615628914e-17,6.621799403122674e-17,1.0805499007778623,1.872927537189267e-16,1.0565690434769228,-2.7755575615628914e-17,0.0
square,0.1,0.0,0.4,2.6962264150943396,0.024996233785183296,0.025312593538076862,0.0,0.015589823910357712,0.015712299904728434,0.0,0.00014490290176801335,0.00014491340095421467,0.0,0.0009293245414743938,0.0015402269463011633,0.0015259109825556043,1.4315963745558666e-05,0.015444921008589692,0.00014490290176801332,6.938893903907228e-18,2.7755575615628914e-17,1.6220028830493545e-16,1.076048339246527,1.7097411291767695e-16,1.0534371113896988,-1.3877787807814457e-17,-1.3877787807814457e-17
square,0.1,0.0,0.4,2.7459119496855346,0.02369747888637248,0.02398163098331657,1.2074182697257333e-06,0.014773992990422945,0.014883940607525839,0.0,0.00013008266538623817,0.0001300911266867033,0.0,0.0008188623994798751,0.0013557333413310977,0.0013437963242560512,1.1937017075049465e-05,0.014643910325036738,0.00013008266538623817,6.938893903907228e-18,1.3877787807814457e-17,1.4806792627940936e-16,1.0718842324994502,2.4179390624032927e-16,1.0505362439960733,1.3877787807814457e-17,-2.7755575615628914e-17
square,0.1,0.0,0.4,2.7955974842767297,0.022488765881290784,0.022744513905442496,0.0,0.014015404277660569,0.014114313180322495,0.0,0.00011702233662840779,0.00011702918414278507,0.0,0.0007232344633089145,0.0011962694223351202,0.0011862811094569873,9.988312878131144e-06,0.013898381941032139,0.0001170223366284078,3.469446951953614e-18,6.938893903907228e-18,1.6220028508230546e-16,1.0680259099282843,1.709741103699642e-16,1.0478452180155369,0.0,6.938893903907228e-18
square,0.1,0.0,0.4,2.845283018867925,0.02136239191553957,0.021593031314330293,8.537736462515939e-07,0.013309079625854252,0.013398238738965864,1.4787793334710982e-06,0.00010548524248581012,0.00010549080634760823,0.0,0.0006402290851429305,0.0010580565569111979,0.0010496706011872065,8.385955723990594e-06,0.013203594383368432,0.00010548524248581012,3.469446951953614e-18,6.938893903907228e-18,9.364637965034283e-17,1.0644452729405385,1.709741113890493e-16,1.045345140982933,-3.469446951953614e-17,0.0
square,0.1,0.0,0.4,2.89496855345912,0.02031143258821221,0.02051982612069849,8.537736462515939e-07,0.012650554726162092,0.012731082353178252,8.537736462515939e-07,9.527012463731108e-05,9.527466305192221e-05,0.0,0.0005679958990005184,0.0009379425352982721,0.0009308789792586527,7.063556039618131e-06,0.012555284601524762,9.527012463731108e-05,3.469446951953614e-18,6.938893903907228e-18,1.1469292320114703e-16,1.061117324438056,1.709741113890493e-16,1.0430191536209754,-2.7755575615628914e-17,6.938893903907228e-18
square,0.1,0.0,0.4,2.9446540880503145,0.01932965164186261,0.01951829253957968,1.2074182697257333e-06,0.012035817922493381,0.012108686897885091,1.2074182697257333e-06,8.620532036833884e-05,8.620903620721987e-05,1.2074182697257333e-06,0.0005049818231252925,0.0008332887081267864,0.0008273203626012937,5.968345525495242e-06,0.011949612602125077,8.620532036833882e-05,3.469446951953614e-18,6.938893903907228e-18,9.364638523210152e-17,1.0580197691370017,1.8729275557951303e-16,1.0408521754915323,-2.7755575615628914e-17,2.0816681711721685e-17
square,0.1,0.0,0.4,2.9943396226415095,0.01841142243391623,0.0185824874470466,1.2074182697257333e-06,0.011461257261217257,0.011527316028484292,0.0,7.814398260032062e-05,7.814703596068664e-05,1.2074182697257333e-06,0.00044987925334488455,0.0007418790389794065,0.0007368208345091402,5.058204470265263e-06,0.011383113278616918,7.814398260032062e-05,3.469446951953614e-18,1.3877787807814457e-17,1.4806792892707005e-16,1.0551326727456214,1.0813352177688863e-16,1.038830686874846,-3.469446951953614e-17,0.0
square,0.1,0.0,0.4,3.0440251572327046,0.01755165948798476,0.01770705357543053,8.537736462515939e-07,0.010923614541974542,0.010983604874942314,8.537736462515939e-07,7.096013906587097e-05,7.096265682599086e-05,0.0,0.00040158396730255284,0.0006618465174546859,0.0006575471419376944,4.299375516994177e-06,0.010852654402908715,7.096013906587096e-05,3.469446951953614e-18,6.938893903907228e-18,6.621799205777706e-17,1.0524381702618333,1.529238936137282e-16,1.0369425410959072,-6.938893903907228e-18,-1.3877787807814457e-17
square,0.1,0.0,0.4,3.0937106918238992,0.016745758692315243,0.016887152785085086,8.537736462515939e-07,0.010419945339411745,0.010474517288211799,8.537736462515939e-07,6.454543183793648e-05,6.454751496178775e-05,8.537736462515939e-07,0.0003591607951759438,0.0005916133855064258,0.0005879486886001808,3.6646969062480335e-06,0.010355399907573863,6.454543183793648e-05,3.469446951953614e-18,6.938893903907228e-18,6.621799205777706e-17,1.0499202154378118,1.7097411113427802e-16,1.0351768025370907,6.938893903907228e-18,0.0
square,0.1,0.0,0.4,3.1433962264150948,0.015989544935370893,0.0161184079393877,8.537736462515939e-07,0.009947584132303492,0.009997308666833528,8.537736462515939e-07,5.880641058843988e-05,5.8808139736360676e-05,0.0,0.00032181552595211236,0.0005298424011398578,0.0005267101703012725,3.132230838582541e-06,0.009888777721715,5.880641058843988e-05,2.6020852139652106e-18,6.938893903907228e-18,9.364638383666187e-17,1.0475643648853712,1.0813352217971738e-16,1.0335236063992732,6.938893903907228e-18,6.938893903907228e-18
square,0.1,0.0,0.4,3.1930817610062894,0.015279226153808933,0.015396852146812988,0.0,0.009504113813829462,0.00954949355061427,0.0,5.36622781862076e-05,5.366371804506239e-05,0.0,0.0002888718388790405,0.000475396957269643,0.0004727127634279446,2.684193841698241e-06,0.009450451535643252,5.36622781862076e-05,3.469446951953614e-18,6.938893903907228e-18,1.872927579052459e-16,1.0453575914423625,1.5292389589247174e-16,1.031974036941108,1.3877787807814457e-17,1.3877787807814457e-17
square,0.1,0.0,0.4,3.2427672955974844,0.014611352922645966,0.014718884329428538,1.2074182697257333e-06,0.009087338970316496,0.009128817298913308,1.2074182697257333e-06,4.904300711107622e-05,4.9044209748944294e-05,1.2074182697257333e-06,0.000259752299324541,0.0004273083327904727,0.00042500221373052244,2.3061190599491195e-06,0.009038295963205396,4.904300711107622e-05,3.469446951953614e-18,1.3877787807814457e-17,1.146929209224035e-16,1.0432881223461012,1.3243597687957164e-16,1.0305200214698318,-1.3877787807814457e-17,6.938893903907228e-18
square,0.1,0.0,0.4,3.2924528301886795,0.013982782846676516,0.014081230238999645,8.537736462515939e-07,0.008695262409969269,0.008733231278797427,8.537736462515939e-07,4.488776091211928e-05,4.488876839035402e-05,1.2074182697257333e-06,0.00023396265346762901,0.0003847487097942307,0.0003827625123360963,1.986197458134082e-06,0.008650374649057142,4.4887760912119275e-05,2.6020852139652106e-18,3.469446951953614e-18,2.477650275169338e-16,1.0413452985109686,1.5292389332888526e-16,1.0291542378018335,-2.0816681711721685e-17,0.0
square,0.1,0.0,0.4,3.342138364779874,0.013390649120675247,0.013480908176283724,0.0,0.008326064501549638,0.00836087107748993,8.537736462515939e-07,4.1143567406554415e-05,4.114441382065386e-05,8.537736462515939e-07,0.00021107880951207357,0.00034700886944826197,0.0003452941117967731,1.7147576514882337e-06,0.00828492093414307,4.114356740655442e-05,8.673617379884035e-19,3.469446951953614e-18,1.480679271619629e-16,1.0395194518199986,7.646194766139294e-17,1.0278700332766288,-2.0816681711721685e-17,-6.938893903907228e-18
square,0.1,0.0,0.4,3.3918238993710697,0.012832332717147687,0.01291519878108123,0.0,0.007978084948488333,0.008010037327608554,8.537736462515939e-07,3.7764200325905664e-05,3.77649134068457e-05,8.537736462515939e-07,0.00019073601392769515,0.00031347969744681403,0.00031199584384423686,1.483853602577756e-06,0.007940320748162442,3.7764200325905664e-05,1.734723475976807e-18,3.469446951953614e-18,6.621799403122674e-17,1.037801797841352,2.1626704456084915e-16,1.0266613537093225,-1.0408340855860843e-17,0.0
square,0.1,0.0,0.4,3.4415094339622643,0.012305437737378248,0.012381618354251426,0.0,0.00764980667880801,0.007679178795426583,8.537736462515939e-07,3.470923405591802e-05,3.470983643191911e-05,0.0,0.00017261982682808614,0.000283636801875299,0.0002823498652824519,1.2869365928467904e-06,0.007615097444752083,3.470923405591802e-05,1.734723475976807e-18,3.469446951953614e-18,9.36463782549031e-17,1.0361843417931258,1.3243597720847995e-16,1.0255226809161737,-6.938893903907228e-18,6.938893903907228e-18
square,0.1,0.0,0.4,3.4911949685534593,0.011807769526616411,0.011877895251411443,0.0,0.007339841577374984,0.007366877434017872,1.2074182697257333e-06,3.194324257091341e-05,3.1943752764575116e-05,1.2074182697257333e-06,0.00015645857652285552,0.00025702768221549656,0.0002559090889170036,1.1185932984926329e-06,0.007307898334804062,3.194324257091341e-05,1.3010426069826053e-18,6.938893903907228e-18,1.3243598016865464e-16,1.0346597959201025,1.0813352379103239e-16,1.0244489776552579,0.0,-6.938893903907228e-18
square,0.1,0.0,0.4,3.5408805031446544,0.011337315209433362,0.01140194895408056,0.0,0.007046917825867289,0.007071835146444883,0.0,2.9435118819625022e-05,2.9435552039203567e-05,0.0,0.00014201703380419139,0.00023326099603849005,0.00023228666012255656,9.74335915933858e-07,0.007017482707047675,2.9435118819625022e-05,1.734723475976807e-18,3.469446951953614e-18,6.621799600467637e-17,1.0332215067281327,1.7097411215336312e-16,1.023435638997116,-1.0408340855860843e-17,6.938893903907228e-18
square,0.1,0.0,0.4,3.590566037735849,0.010892226348204458,0.010951871479751525,0.0,0.006769868648722253,0.006792862040604221,0.0,2.7157495008784648e-05,2.715786377857925e-05,1.2074182697257333e-06,0.0001290910949341782,0.0002119975558001413,0.00021114712237783312,8.50433422309238e-07,0.006742711153713503,2.715749500878465e-05,1.734723475976807e-18,6.938893903907228e-18,1.6220028588796296e-16,1.0318633907563346,1.7097411266290566e-16,1.0224784492849477,-6.938893903907228e-18,2.0816681711721685e-17
square,0.1,0.0,0.4,3.640251572327044,0.01047080346764239,0.010525910839501648,8.537736462515939e-07,0.006507622291170196,0.0065288659880903595,0.0,2.5086247637331783e-05,2.5086562301333717e-05,8.537736462515939e-07,0.00011750330114690826,0.00019294275678569133,0.0001921989813236258,7.437754620643427e-07,0.006482536043532825,2.5086247637331783e-05,1.3010426069826053e-18,6.938893903907228e-18,1.3243597819520487e-16,1.0305798777630801,1.5292389332888526e-16,1.0215735439653342,-6.938893903907228e-18,0.0
square,0.1,0.0,0.4,3.689937106918239,0.010071482222417539,0.010122456291712215,8.537736462515939e-07,0.00625919307911522,0.0062788433254590895,8.537736462515939e-07,2.3200073903087675e-05,2.3200343028076906e-05,8.537736462515939e-07,0.0001070990537563727,0.00017584019229742803,0.00017518843009663664,6.517622007931642e-07,0.006235993005212196,2.3200073903087675e-05,1.734723475976807e-18,3.469446951953614e-18,1.1469292547989053e-16,1.0293658603656446,1.7097411164382056e-16,1.0207173756726984,-1.3877787807814457e-17,6.938893903907228e-18
square,0.1,0.0,0.4,3.7396226415094342,0.009692821014157842,0.009740025174502833,8.537736462515939e-07,0.006023673430789877,0.0060418705583673935,0.0,2.1480128368040428e-05,2.1480359068636682e-05,8.537736462515939e-07,9.77434092241932e-05,0.00016046625648079012,0.0001598940415645007,5.722149162880981e-07,0.0060021933024217876,2.1480128368040428e-05,1.734723475976807e-18,3.469446951953614e-18,1.3243597622175503e-16,1.0282166493111544,1.0813352379103239e-16,1.0199066840370379,6.938893903907228e-18,6.938893903907228e-18
square,0.1,0.0,0.4,3.7893081761006293,0.009333489889115695,0.009377251128413236,0.0,0.00580022670730861,0.005817096947846682,0.0,1.9909710624260108e-05,1.990990882469156e-05,0.0,8.931835900602089e-05,0.00014662557095300658,0.00014612226774864842,5.033032043580009e-07,0.0057803169966843424,1.9909710624260108e-05,1.734723475976807e-18,3.469446951953614e-18,9.36463782549031e-17,1.0271279336725025,1.5292389446825703e-16,1.0191384687575857,-1.0408340855860843e-17,0.0
square,0.1,0.0,0.4,3.838993710691824,0.008992260569390266,0.009032873545697049,1.2074182697257333e-06,0.005588080803980594,0.0056037378740028225,0.0,1.8473996219315128e-05,1.8474166865287287e-05,0.0,8.172051562747465e-05,0.00013414710037039745,0.00013370361483180118,4.4348553859662753e-07,0.005569606807761295,1.8473996219315128e-05,1.734723475976807e-18,6.938893903907228e-18,1.1469292206177528e-16,1.026095745361045,1.0813352379103239e-16,1.0184099655471288,0.0,-6.938893903907228e-18
square,0.1,0.0,0.4,3.888679245283019,0.008667997489097154,0.008705728103769407,0.0,0.0053865223968741355,0.005401068886135385,0.0,1.715980438410529e-05,1.715995161497308e-05,1.2074182697257333e-06,7.485913999171083e-05,0.00012288084560864982,0.0001224893850116565,3.914605969932525e-07,0.005369362592490027,1.715980438410529e-05,1.3010426069826053e-18,3.469446951953614e-18,1.9865396564826579e-16,1.025116427431067,1.709741113890493e-16,1.0177186246045842,0.0,-6.938893903907228e-18
square,0.1,0.0,0.4,3.938364779874214,0.008359649722899066,0.008394738258577786,0.0,0.005194891769986826,0.005208420360018398,0.0,1.5955397105507462e-05,1.5955524393984415e-05,8.537736462515939e-07,6.865445599654049e-05,0.0001126950224111629,0.00011234889511650476,3.4612729465752216e-07,0.00517893637288129,1.5955397105507462e-05,8.673617379884035e-19,1.734723475976807e-18,6.621799995157544e-17,1.0241866057217262,1.0813352379103239e-16,1.0170620913185664,-6.938893903907228e-18,1.214306433183765e-17
square,0.1,0.0,0.4,3.9880503144654087,0.008066243708166606,0.008098907589359453,0.0,0.005012578157731792,0.005025172693172344,8.537736462515939e-07,1.4850304987354114e-05,1.4850415254026247e-05,0.0,6.303620761514022e-05,0.00010347364903563408,0.00010316709715794117,3.0655187769260225e-07,0.004997727852744423,1.4850304987354114e-05,4.336808689942018e-19,3.469446951953614e-18,2.4776502698950714e-16,1.0233031634423857,1.8729275488179317e-16,1.016438188943298,5.204170427930421e-18,-3.469446951953614e-18
square,0.1,0.0,0.4,4.037735849056604,0.007786876674026631,0.007817312899763137,8.537736462515939e-07,0.004839015545541857,0.004850751977655625,8.537736462515939e-07,1.3835176030009681e-05,1.3835271736875647e-05,8.537736462515939e-07,5.79424210510249e-05,9.511447927547422e-05,9.484253851574863e-05,2.719407597256521e-07,0.00482518036951185,1.383517603000968e-05,8.673617379884035e-19,3.469446951953614e-18,2.564611656823319e-16,1.0224632183589286,2.417939069609313e-16,1.0158449030213506,-1.0408340855860843e-17,-1.734723475976807e-18
square,0.1,0.0,0.4,4.087421383647799,0.007520710700946018,0.007549097991971439,8.537736462515939e-07,0.0046736788783644165,0.0046846260973866785,8.537736462515939e-07,1.2901644072128637e-05,1.290172729890815e-05,8.537736462515939e-07,5.331834072089554e-05,8.752722778866811e-05,8.728560974666356e-05,2.416180420047835e-07,0.0046607772342923,1.2901644072128639e-05,8.673617379884035e-19,1.734723475976807e-18,6.621799205777706e-17,1.021664102282541,7.646194994013646e-17,1.0152803673561952,-5.204170427930421e-18,1.734723475976807e-18
square,0.1,0.0,0.4,4.1371069182389935,0.007266967343586773,0.007293468040623176,1.2074182697257333e-06,0.00451608063289957,0.004526301203501679,1.2074182697257333e-06,1.2042214131536083e-05,1.204228663950196e-05,1.2074182697257333e-06,4.911551289240942e-05,8.063204336500238e-05,8.041703650153096e-05,2.1500686347161934e-07,0.0045040384187680456,1.2042214131536085e-05,8.673617379884035e-19,1.734723475976807e-18,1.9865396499044915e-16,1.0209033426005631,1.7097411164382056e-16,1.0147428513620935,0.0,-5.204170427930421e-18
square,0.1,0.0,0.4,4.186792452830189,0.007024922757518083,0.007049684502064092,1.2074182697257333e-06,0.004365767714680385,0.004375318526863433,1.2074182697257333e-06,1.1250162293989719e-05,1.1250225577529545e-05,0.0,4.529099500345651e-05,7.435819294719833e-05,7.416657905630599e-05,1.9161389089273287e-07,0.004354517552386418,1.125016229398972e-05,6.505213034913027e-19,1.734723475976807e-18,1.751963310980954e-16,1.0201786456215018,1.0813352620800489e-16,1.0142307486400637,-3.469446951953614e-18,-1.734723475976807e-18
square,0.1,0.0,0.4,4.2364779874213845,0.006793903277284353,0.006817060502127891,1.2074182697257333e-06,0.004222318645682072,0.004231251491716244,0.0,1.051944815831451e-05,1.0519503488056898e-05,1.2074182697257333e-06,4.1806672175356566e-05,6.864292517176096e-05,6.847190878162665e-05,1.710163901338517e-07,0.00421179919752373,1.051944815831451e-05,4.336808689942018e-19,1.734723475976807e-18,9.364637965034283e-17,1.019487881534497,1.5292389332888526e-16,1.013742566647016,-6.938893903907228e-18,1.734723475976807e-18
square,0.1,0.0,0.4,4.286163522012579,0.006573281399308338,0.00659495665225417,8.537736462515939e-07,0.004085341012137371,0.004093703098717802,8.537736462515939e-07,9.844638130483075e-06,9.844686589230818e-06,1.2074182697257333e-06,3.862866533093129e-05,6.343048713479403e-05,6.327763571053591e-05,1.5285142425738637e-07,0.00407549637400684,9.844638130483074e-06,6.505213034913027e-19,1.734723475976807e-18,1.1469292206177528e-16,1.0188290708078613,1.3243597687957164e-16,1.013276917341059,1.734723475976807e-18,-3.469446951953614e-18
square,0.1,0.0,0.4,4.335849056603774,0.006362472128397926,0.006382777249574081,0.0,0.003954469145713229,0.003962303549279266,0.0,9.220838115417875e-06,9.220880627686332e-06,0.0,3.572681774599583e-05,5.867127219815394e-05,5.8534465389697224e-05,1.3680680845651667e-07,0.003945248307597799,9.220838115417875e-06,4.336808689942018e-19,3.469446951953614e-18,1.1469292320114703e-16,1.0182003718724073,2.1626704697782166e-16,1.012832508699829,-3.469446951953614e-18,1.734723475976807e-18
square,0.1,0.0,0.4,4.385534591194968,0.0061609296512398284,0.00617996682165755,0.0,0.0038293620142649423,0.0038367080863678867,0.0,8.64363435894517e-06,8.643671715487025e-06,8.537736462515939e-07,3.3074248882047494e-05,5.4321080079660416e-05,5.419846656011226e-05,1.226135195477706e-07,0.0038207183799059694,8.643634358945168e-06,8.673617379884035e-19,1.734723475976807e-18,1.1469292206177528e-16,1.0176000699535617,1.3243597687957164e-16,1.0124081370207132,-5.204170427930421e-18,3.469446951953614e-18
square,0.1,0.0,0.4,4.435220125786164,0.005968144304291729,0.005986006981026494,0.0,0.0037097013010425795,0.0037165950297513273,8.537736462515939e-07,8.109041375355222e-06,8.109074253967929e-06,0.0,3.064696603880768e-05,5.034047333654597e-05,5.02304340239402e-05,1.1003931260619096e-07,0.0037015922596672552,8.109041375355224e-06,6.505213034913027e-19,1.734723475976807e-18,6.621799403122674e-17,1.0170265669322287,1.7097411087950674e-16,1.0120026799223678,-1.734723475976807e-18,5.204170427930421e-18
square,0.1,0.0,0.4,4.484905660377359,0.00578363980709396,0.005800413558471175,8.537736462515939e-07,0.0035951896535744315,0.003601663986123785,8.537736462515939e-07,7.613456036113134e-06,7.613485018697926e-06,0.0,2.8423525784850583e-05,4.6694216752188427e-05,4.6595333410656855e-05,9.88833415311129e-08,0.0035875761975382833,7.613456036113135e-06,8.673617379884035e-19,1.734723475976807e-18,9.364638104578253e-17,1.0164783721282258,1.7097411062473548e-16,1.0116150899760947,-1.734723475976807e-18,0.0
square,0.1,0.0,0.4,4.534591194968554,0.0056069707351193284,0.005622733987579336,1.2074182697257333e-06,0.0034855490855157972,0.0034916342167415288,1.2074182697257333e-06,7.1536170373220905e-06,7.1536426248031906e-06,1.2074182697257333e-06,2.6384738317047416e-05,4.335078815177807e-05,4.3261816535227695e-05,8.897161655034014e-08,0.003478395468478472,7.1536170373220905e-06,6.505213034913027e-19,1.734723475976807e-18,9.364638244122221e-17,1.0159540939122478,7.646194766139294e-17,1.01124438890369,-3.469446951953614e-18,0.0
square,0.1,0.0,0.4,4.584276729559749,0.005437720209075574,0.005452544915915735,1.2074182697257333e-06,0.0033805195165565504,0.0033862431470798563,1.2074182697257333e-06,6.726569060756347e-06,6.726591684249572e-06,1.2074182697257333e-06,2.4513408905400314e-05,4.028195086817987e-05,4.020179770737434e-05,8.015316080553482e-08,0.003373792947495794,6.726569060756346e-06,8.673617379884035e-19,1.734723475976807e-18,9.364639081385988e-17,1.0154524320629217,1.5292389389857115e-16,1.0108896622854133,-3.469446951953614e-18,5.204170427930421e-18
square,0.1,0.0,0.4,4.633962264150943,0.005275497780022223,0.005289450020943763,0.0,0.0032798574370869107,0.003285245004717733,0.0,6.329631038588424e-06,6.329651070846908e-06,1.2074182697257333e-06,2.2794111428424412e-05,3.746237950889575e-05,3.739008275677572e-05,7.229675212026668e-08,0.0032735278060483423,6.329631038588423e-06,6.505213034913027e-19,1.734723475976807e-18,1.3243597720847995e-16,1.014972170794816,1.7097411062473548e-16,1.0105500547279318,-3.469446951953614e-18,-1.734723475976807e-18
square,0.1,0.0,0.4,4.683647798742139,0.005119937491812586,0.005133078011091363,8.537736462515939e-07,0.0031833346857313336,0.0031884095731246126,0.0,5.960368016974425e-06,5.960385780062804e-06,0.0,2.121298972194444e-05,3.4869331882551654e-05,3.48040437268774e-05,6.52881556744889e-08,0.00317737431771438,5.960368016974425e-06,4.336808689942018e-19,8.673617379884035e-19,1.1469292320114703e-16,1.0145121723914303,1.3243597720847995e-16,1.0102247654475252,-6.938893903907228e-18,1.734723475976807e-18
square,0.1,0.0,0.4,4.733333333333333,0.004970696104306475,0.004983080794452792,8.537736462515939e-07,0.003090737329107059,0.0030955210503387917,8.537736462515939e-07,5.616566171859485e-06,5.616581944957456e-06,8.537736462515939e-07,1.9757583072769494e-05,3.248236096531687e-05,3.242333319609772e-05,5.902776921927431e-08,0.0030851207629352105,5.616566171859484e-06,4.336808689942018e-19,8.673617379884035e-19,1.6220028347099043e-16,1.01407137138436,1.529238947531e-16,1.009913044228653,-2.6020852139652106e-18,1.734723475976807e-18
square,0.1,0.0,0.4,4.783018867924529,0.004827451462500092,0.004839131799441374,8.537736462515939e-07,0.0030018646342735654,0.003006377002674407,0.0,5.2962106007916435e-06,5.296224625797744e-06,8.537736462515939e-07,1.841667270512307e-05,3.0283061654321007e-05,3.0229633038544613e-05,5.3428615776625194e-08,0.0029965684236727967,5.2962106007916435e-06,4.336808689942018e-19,8.673617379884035e-19,1.1469292547989053e-16,1.0136487692261644,1.0813352258254613e-16,1.0096141877222051,-4.336808689942018e-18,2.6020852139652106e-18
square,0.1,0.0,0.4,4.8327044025157235,0.004689900998203523,0.0047009244332997385,0.0,0.0029165281253112096,0.0029207874046181,8.537736462515939e-07,4.997465549466702e-06,4.997478037002961e-06,0.0,1.7180146546801283e-05,2.8254847791255724e-05,2.820643316181437e-05,4.841462944135288e-08,0.0029115306597617425,4.997465549466701e-06,2.168404344971009e-19,8.673617379884035e-19,1.6220028508230546e-16,1.0132434294100416,1.3243597786629656e-16,1.0093275360515148,0.0,2.6020852139652106e-18
square,0.1,0.0,0.4,4.882389937106918,0.004557760352289815,0.0045681706658614925,0.0,0.0028345507163501857,0.002838573756988444,0.0,4.718656789385688e-06,4.718667922338797e-06,0.0,1.6038879936707528e-05,2.6382755566045194e-05,2.633883637703357e-05,4.3919189011625476e-08,0.0028298320595608003,4.718656789385688e-06,4.336808689942018e-19,1.734723475976807e-18,1.1469292775863398e-16,1.0128544729943403,1.0813352379103239e-16,1.0090524696975238,0.0,0.0
square,0.1,0.0,0.4,4.932075471698114,0.004430762106679469,0.004440599727180615,0.0,0.002755765914130693,0.0027595682762274164,1.2074182697257333e-06,4.458255890060636e-06,4.458265828156998e-06,1.2074182697257333e-06,1.4984630254403709e-05,2.4653269944513492e-05,2.461338608305223e-05,3.988386146145271e-08,0.0027513076582406535,4.4582558900606366e-06,4.336808689942018e-19,1.734723475976807e-18,9.364637965034283e-17,1.012481074494296,7.64619488007647e-17,1.00878840663742,-1.734723475976807e-18,1.734723475976807e-18
square,0.1,0.0,0.4,4.981761006289308,0.00430865461633754,0.004317956908821836,1.2074182697257333e-06,0.0026800170838756072,0.0026836131484178683,1.2074182697257333e-06,4.214866166815048e-06,4.2148750495247645e-06,0.0,1.4009943725780127e-05,2.3054171220325976e-05,2.301791389686867e-05,3.6257323457055735e-08,0.002675802217708763,4.2148661668150485e-06,4.336808689942018e-19,8.673617379884035e-19,1.480679280445165e-16,1.0121224581072512,1.529238947531e-16,1.0085347997136889,-8.673617379884035e-19,-8.673617379884035e-19
square,0.1,0.0,0.4,5.031446540880504,0.004191200932483018,0.004200002459595693,0.0,0.0026071567728653826,0.0026105598422523613,1.2074182697257333e-06,3.987210110293531e-06,3.98721805925014e-06,0.0,1.310807289256678e-05,2.15743991817235e-05,2.1541404747542877e-05,3.299443418062457e-08,0.0026031695627550893,3.987210110293531e-06,4.336808689942018e-19,8.673617379884035e-19,9.364637685946336e-17,1.0117778942410518,7.646194937045057e-17,1.008291134212828,-3.469446951953614e-18,0.0
square,0.1,0.0,0.4,5.081132075471698,0.004078177809070338,0.004086510567426741,0.0,0.002537046086649999,0.002540268475747814,1.7075472925031877e-06,3.7741181270386677e-06,3.7741252491707034e-06,1.2074182697257333e-06,1.2272903434119819e-05,2.0203932718007162e-05,2.017387728105266e-05,3.0055436954709086e-08,0.0025332719685229868,3.774118127038668e-06,4.336808689942018e-19,8.673617379884035e-19,1.986539682795322e-16,1.0114466963183384,1.709741113890493e-16,1.0080569256350436,-5.204170427930421e-18,2.6020852139652106e-18
square,0.1,0.0,0.4,5.130817610062893,0.003969374785368224,0.003977268419858498,8.537736462515939e-07,0.0024695541133317594,0.002472607232012034,1.2074182697257333e-06,3.574518445103276e-06,3.5745248338057465e-06,8.537736462515939e-07,1.1498889202187043e-05,1.8933682977878543e-05,1.890627770715667e-05,2.7405270721870114e-08,0.0024659795948866556,3.574518445103276e-06,4.336808689942018e-19,1.734723475976807e-18,1.6220028347099043e-16,1.011128217832201,1.7097411164382056e-16,1.0078317176380804,-4.336808689942018e-18,1.734723475976807e-18
square,0.1,0.0,0.4,5.180503144654088,0.0038645933381414696,0.003872075336416501,0.0,0.002404557391777693,0.0024074518198120734,0.0,3.3874280525646513e-06,3.387433790095659e-06,0.0,1.0780994477712148e-05,1.7755398438415045e-05,1.7730385463070674e-05,2.501297534440812e-08,0.0024011699637251334,3.3874280525646513e-06,4.336808689942018e-19,8.673617379884035e-19,1.7519633408167106e-16,1.0108218496310344,2.4179390624032927e-16,1.0076150801399886,-2.6020852139652106e-18,-8.673617379884035e-19
square,0.1,0.0,0.4,5.230188679245283,0.0037636460975288134,0.003770741966672706,0.0,0.0023419394200239006,0.002344684975109295,8.537736462515939e-07,3.2119445539227605e-06,3.2119497122680576e-06,8.537736462515939e-07,1.0114642586226554e-05,1.6661580456039322e-05,1.6638729278870385e-05,2.2851177168782294e-08,0.002338727475469956,3.2119445539227605e-06,4.336808689942018e-19,8.673617379884035e-19,9.364638662754114e-17,1.0105270174126453,1.7097411164382056e-16,1.0074066075670836,0.0,-8.673617379884035e-19
square,0.1,0.0,0.4,5.279874213836479,0.0036663561213085586,0.0036730895484837697,8.537736462515939e-07,0.00228159020048043,0.0022841960000853385,0.0,3.0472388465506103e-06,3.0472434895688605e-06,8.537736462515939e-07,9.495670119068994e-06,1.5645408054024205e-05,1.562451241063344e-05,2.089564339043859e-08,0.0022785429616338317,3.0472388465506107e-06,4.336808689942018e-19,0.0,1.6220028427664795e-16,1.0102431794095235,1.7097411240813438e-16,1.0072059172346781,-1.734723475976807e-18,-8.673617379884035e-19
square,0.1,0.0,0.4,5.329559748427673,0.0035725562226766898,0.0035789492213323475,0.0,0.002223405818856915,0.0022258803365031382,0.0,2.892548521978096e-06,2.8925527055417643e-06,8.537736462515939e-07,8.920286102527462e-06,1.4700670859286544e-05,1.4681545963864474e-05,1.9124895421914986e-08,0.0022205132703349137,2.892548521978096e-06,2.168404344971009e-19,8.673617379884035e-19,1.146929243405188e-16,1.0099698242489763,1.7097411291767695e-16,1.0070126478493315,0.0,-8.673617379884035e-19
square,0.1,0.0,0.4,5.379245283018868,0.003482088347160195,0.0034881613902253226,0.0,0.002167288054023219,0.002169639170551326,1.2074182697257333e-06,2.7471719227751395e-06,2.7471756966177484e-06,0.0,8.385035539805204e-06,1.3821709238154773e-05,1.3804189365116456e-05,1.7519873038258235e-08,0.0021645408821004348,2.747171922775139e-06,4.336808689942018e-19,8.673617379884035e-19,6.621799205777706e-17,1.009706468973321,1.8729275511436647e-16,1.0068264581224236,8.673617379884035e-19,0.0
square,0.1,0.0,0.4,5.428930817610063,0.0033948029946374884,0.00340057513596512,1.2074182697257333e-06,0.002113144016262664,0.0021153790665710648,0.0,2.610462772126265e-06,2.6104661794384887e-06,1.2074182697257333e-06,7.886766821918369e-06,1.3003360799241973e-05,1.2987297157096475e-05,1.6063642145404947e-08,0.0021105335534905225,2.6104627721262645e-06,2.168404344971009e-19,8.673617379884035e-19,9.364638523210152e-17,1.0094526572067264,1.872927537189267e-16,1.0066470254857944,-1.734723475976807e-18,8.673617379884035e-19
square,0.1,0.0,0.4,5.478616352201258,0.003310558682836216,0.003316047668036377,1.2074182697257333e-06,0.0020608858116120225,0.0020630116273080805,0.0,2.4818253318918878e-06,2.4818284118565302e-06,0.0,7.4226025658933095e-06,1.2240912534413325e-05,1.222617139415113e-05,1.4741140262214174e-08,0.002058403986280134,2.4818253318918878e-06,4.336808689942018e-19,8.673617379884035e-19,6.621799008432732e-17,1.0092079574565669,1.0813352419386114e-16,1.006474044901051,0.0,2.6020852139652106e-18
square,0.1,0.0,0.4,5.528301886792454,0.0032292214489952555,0.003234443816669542,1.2074182697257333e-06,0.0020104302301891925,0.002012453178542711,1.2074182697257333e-06,2.360710017053467e-06,2.3607128037465313e-06,0.0,6.9899134924770295e-06,1.1530057958121244e-05,1.1516519003667549e-05,1.353895445373521e-08,0.0020080695201721457,2.360710017053467e-06,4.336808689942018e-19,8.673617379884035e-19,9.364638523210152e-17,1.0089719615382025,1.0813352217971738e-16,1.0063072277549032,0.0,0.0
square,0.1,0.0,0.4,5.577987421383648,0.0031506643866329466,0.003155635560922497,0.0,0.0019616984565900804,0.001963624476142194,0.0,2.2466094322781323e-06,2.2466119560740133e-06,0.0,6.586295002308667e-06,1.0866858682998642e-05,1.085441355559645e-05,1.244512740194288e-08,0.0019594518471577576,2.2466094322781323e-06,4.336808689942018e-19,8.673617379884035e-19,1.324359821421044e-16,1.0087442831131759,1.5292389589247174e-16,1.0061463008335725,-1.734723475976807e-18,1.734723475976807e-18
square,0.1,0.0,0.4,5.627672955974843,0.0030747672147016223,0.003079501589964974,0.0,0.0019146158006125842,0.0019164504337534911,8.537736462515939e-07,2.13905477718837e-06,2.1390570650257816e-06,8.537736462515939e-07,6.209546150773044e-06,1.0247709937274346e-05,1.0236260949498507e-05,1.1448987775800217e-08,0.0019124767458353889,2.13905477718837e-06,2.168404344971009e-19,8.673617379884035e-19,1.6220028347099043e-16,1.0085245563316674,2.535955892431985e-16,1.0059910053699477,-1.734723475976807e-18,-4.336808689942018e-19
square,0.1,0.0,0.4,5.6773584905660375,0.0030014158765592734,0.0030059268949125346,8.537736462515939e-07,0.0018691114467129404,0.001870859869511768,8.537736462515939e-07,2.0376125894810406e-06,2.0376146655638833e-06,8.537736462515939e-07,5.857650756930491e-06,9.669309588510005e-06,9.658768586803513e-06,1.0541001706338393e-08,0.0018670738341234295,2.03761258948104e-06,2.168404344971009e-19,8.673617379884035e-19,1.6220028427664795e-16,1.008312434570884,1.0813352258254613e-16,1.0058410961577195,-1.3010426069826053e-18,-8.673617379884035e-19
square,0.1,0.0,0.4,5.727044025157233,0.0029305021665036227,0.0029348023888831555,0.0,0.001825118220739411,0.0018267852702806326,0.0,1.94188179229309e-06,1.9418836778240076e-06,8.537736462515939e-07,5.528760413619402e-06,9.128630289653187e-06,9.118917647071238e-06,9.712642582063031e-09,0.0018231763389471409,1.94188179229309e-06,1.0842021724855044e-19,4.336808689942018e-19,9.364638383666187e-17,1.0081075892617957,1.529238936137282e-16,1.0056963407272206,-1.3010426069826053e-18,1.734723475976807e-18
square,0.1,0.0,0.4,5.7767295597484285,0.0028619233816952003,0.0028660245530357175,8.537736462515939e-07,0.0017825723726080025,0.0017841625720626817,8.537736462515939e-07,1.8514910034617025e-06,1.851492717615394e-06,8.537736462515939e-07,5.221179192473541e-06,8.622894408381655e-06,8.613938131673724e-06,8.956276707890891e-09,0.0017807208816045324,1.8514910034617025e-06,1.0842021724855044e-19,4.336808689942018e-19,9.36463782549031e-17,1.0079097087973024,2.417939060601788e-16,1.0055565185781727,-8.673617379884035e-19,-4.336808689942018e-19
square,0.1,0.0,0.4,5.826415094339623,0.002795581997607357,0.0027994951066687675,8.537736462515939e-07,0.001741413373713325,0.0017429309553510265,0.0,1.7660960999238017e-06,1.7660976595711871e-06,0.0,4.93334986209103e-06,8.14955144018373e-06,8.141286377314743e-06,8.265062868987864e-09,0.0017396472776134012,1.766096099923802e-06,2.168404344971009e-19,4.336808689942018e-19,1.3243597819520487e-16,1.0077184975154707,7.646194709170705e-17,1.0054214204649403,-1.3010426069826053e-18,8.673617379884035e-19
square,0.1,0.0,0.4,5.876100628930818,0.0027313853651711735,0.002735120699496566,8.537736462515939e-07,0.0017015837279433731,0.0017030326542697718,0.0,1.6853779933415954e-06,1.6853794136430663e-06,8.537736462515939e-07,4.663841457961022e-06,7.706257640002842e-06,7.698624776086696e-06,7.632863916240713e-09,0.0016998983499500527,1.6853779933415954e-06,2.168404344971009e-19,4.336808689942018e-19,1.6220028347099043e-16,1.0075336747521149,1.872927539515e-16,1.005290847730276,-8.673617379884035e-19,0.0
square,0.1,0.0,0.4,5.925786163522012,0.0026692454280348847,0.002672812624473942,1.2074182697257333e-06,0.0016630287952936213,0.0016644127784826096,1.2074182697257333e-06,1.6090406096889076e-06,1.6090419042832262e-06,1.2074182697257333e-06,4.4113380614884495e-06,7.2908576377274525e-06,7.283803468820722e-06,7.054168906614004e-09,0.001661419754683906,1.6090406096889076e-06,2.168404344971009e-19,4.336808689942018e-19,1.324359821421044e-16,1.0073549739573735,1.872927541840733e-16,1.0051646116838755,-1.734723475976807e-18,1.734723475976807e-18
square,0.1,0.0,0.4,5.975471698113208,0.0026090784584273216,0.00261248654961709,0.0,0.0016256966271276463,0.0016270191468974462,1.2074182697257333e-06,1.5368090436555382e-06,1.5368102246919381e-06,0.0,4.174628661431551e-06,6.901367829249129e-06,6.894843804830097e-06,6.52402441919484e-09,0.001624159818084029,1.5368090436555382e-06,2.168404344971009e-19,8.673617379884035e-19,1.6220028749927797e-16,1.0071821418714795,1.081335254023474e-16,1.0050425330223733,-4.336808689942018e-19,0.0
square,0.1,0.0,0.4,6.025157232704403,0.0025508048102663777,0.002554062267425186,0.0,0.001589537812236225,0.0015908021323068435,1.2074182697257333e-06,1.4684278806087314e-06,1.4684289589548357e-06,0.0,3.952597985279256e-06,6.535961358337428e-06,6.529923384398546e-06,6.0379739388909065e-09,0.0015880693843556186,1.4684278806087314e-06,1.6263032587282567e-19,4.336808689942018e-19,2.564611677205021e-16,1.0070149377552675,1.8729275488179317e-16,1.0049244412876852,0.0,1.734723475976807e-18
square,0.1,0.0,0.4,6.074842767295598,0.0024943486882447385,0.002497463460598237,0.0,0.0015545053328940577,0.0015557145161500235,1.2074182697257333e-06,1.4036596579946506e-06,1.4036606432795101e-06,0.0,3.744218200615508e-06,6.1929545250698175e-06,6.1873625208182065e-06,5.592004251572647e-09,0.0015531016732360532,1.4036596579946503e-06,2.168404344971009e-19,4.336808689942018e-19,6.621799205777706e-17,1.0068531326713481,2.293858403256446e-16,1.004810174360869,-1.3010426069826053e-18,4.336808689942018e-19
square,0.1,0.0,0.4,6.124528301886793,0.002439637931759532,0.002442617482891632,0.0,0.001520554430197425,0.0015217113526670132,8.537736462515939e-07,1.3422834660286727e-06,1.3422843671101494e-06,0.0,3.548541397591706e-06,5.870794474796056e-06,5.865611976754851e-06,5.182498041157314e-09,0.0015192121467313838,1.3422834660286725e-06,1.6263032587282567e-19,4.336808689942018e-19,2.0939967012085992e-16,1.0066965088122244,1.0813352258254613e-16,1.0046995779888888,0.0,-1.3010426069826053e-18
square,0.1,0.0,0.4,6.174213836477987,0.0023866038125932437,0.0023894551539837077,0.0,0.0014876424780081144,0.0014887498417601843,8.537736462515939e-07,1.2840936630349491e-06,1.2840944876271268e-06,0.0,3.3646927732132974e-06,5.568048037559973e-06,5.563241845678349e-06,4.806191881585911e-09,0.0014863583843450693,1.2840936630349491e-06,1.0842021724855044e-19,4.336808689942018e-19,1.146929243405188e-16,1.0065448588719044,7.646194766139294e-17,1.0045925053418958,-1.734723475976807e-18,0.0
square,0.1,0.0,0.4,6.223899371069182,0.0023351808453850906,0.0023379105673727294,8.537736462515939e-07,0.0014557288648902103,0.0014567892099419928,8.537736462515939e-07,1.2288987055731947e-06,1.2288994607330428e-06,8.537736462515939e-07,3.191864446908496e-06,5.2833916020825585e-06,5.278931463070813e-06,4.4601390117556125e-09,0.0014544999661846398,1.2288987055731945e-06,1.0842021724855044e-19,4.336808689942018e-19,9.364639360473893e-17,1.0063979854578742,2.16267043956606e-16,1.0044888165988282,0.0,0.0
square,0.1,0.0,0.4,6.273584905660378,0.002285306609996488,0.0022879209103864023,0.0,0.0014247748834734831,0.0014257905987906953,0.0,1.1765200701731139e-06,1.176520762447483e-06,8.537736462515939e-07,3.029309844394726e-06,5.015601920909755e-06,5.011460244640455e-06,4.141676269280595e-09,0.0014235983634033045,1.1765200701731139e-06,2.168404344971009e-19,4.336808689942018e-19,1.3243597720847995e-16,1.0062557005405088,1.3243597786629656e-16,1.0043883785592924,-8.673617379884035e-19,8.673617379884035e-19
square,0.1,0.0,0.4,6.323270440251573,0.002236921584907478,0.002239426295416514,8.537736462515939e-07,0.001394743626722033,0.0013957169603896614,0.0,1.126791273065391e-06,1.126791908052165e-06,0.0,2.876338593456767e-06,4.763547754398799e-06,4.759699359657546e-06,3.84839474126275e-09,0.0013936168354489705,1.1267912730653911e-06,5.421010862427522e-20,0.0,1.3243598115537953e-16,1.0061178249372673,1.0813352580517614e-16,1.0042910642798737,-4.336808689942018e-19,4.336808689942018e-19
square,0.1,0.0,0.4,6.3729559748427675,0.0021899689909164965,0.002192369601638697,0.0,0.0013655998906249415,0.0013665329592550432,0.0,1.0795569645255695e-06,1.0795575472706345e-06,8.537736462515939e-07,2.7323118814871777e-06,4.526182271014872e-06,4.522604157376357e-06,3.578113638505164e-09,0.001364520333660413,1.0795569645255695e-06,2.168404344971009e-19,4.336808689942018e-19,1.751963310980954e-16,1.0059841878292166,1.7097411062473548e-16,1.004196752733149,0.0,1.3010426069826053e-18
square,0.1,0.0,0.4,6.422641509433962,0.0021443946444001153,0.0021466963264530577,0.0,0.0013373100828651175,0.0013382048803049938,8.537736462515939e-07,1.034672101912382e-06,1.03467263735264e-06,8.537736462515939e-07,2.5966382296491393e-06,4.3025361301155856e-06,4.299207273062559e-06,3.32885705293053e-09,0.0013362754107631755,1.034672101912382e-06,2.168404344971009e-19,4.336808689942018e-19,9.36463782549031e-17,1.0058546263075938,1.529238936137282e-16,1.0041053284878165,-1.3010426069826053e-18,8.673617379884035e-19
square,0.1,0.0,0.4,6.472327044025157,0.0021001468195004174,0.0021023544460020836,0.0,0.0013098421370554628,0.001310700542455297,0.0,9.92001189661634e-07,9.92001681866852e-07,0.0,2.4687696434311737e-06,4.091711181117508e-06,4.0886123478729e-06,3.098833244550375e-09,0.0013088501358657827,9.92001189661634e-07,2.168404344971009e-19,4.336808689942018e-19,1.3243598707572866e-16,1.0057289849483386,1.8729275604465963e-16,1.0040166814084837,-4.336808689942018e-19,8.673617379884035e-19
square,0.1,0.0,0.4,6.522012578616353,0.0020571761186160276,0.002059294284127358,0.0,0.0012831654321625336,0.0012839892174521363,0.0,9.514175773424084e-07,9.514180300161375e-07,1.2074182697257333e-06,2.348198103397351e-06,3.892874719799034e-06,3.8899883036425715e-06,2.886416156462953e-09,0.0012822140145851914,9.514175773424084e-07,1.6263032587282567e-19,4.336808689942018e-19,9.364638104578253e-17,1.005607115412652,1.0813352217971738e-16,1.0039307063737568,-8.673617379884035e-19,0.0
square,0.1,0.0,0.4,6.571698113207548,0.0020154353506608882,0.00201746838921633,0.0,0.001257250716768942,0.0012580415535916394,0.0,9.128028205689697e-07,9.128032375118303e-07,0.0,2.2344523637844055e-06,3.705254248603473e-06,3.702564119670546e-06,2.690128932868991e-09,0.0012563379139483536,9.128028205689696e-07,1.6263032587282567e-19,4.336808689942018e-19,6.621799205777706e-17,1.0054888760718066,1.0813352379103239e-16,1.003847303011389,-1.734723475976807e-18,0.0
square,0.1,0.0,0.4,6.6213836477987424,0.0019748794165336554,0.0019768314183727597,1.2074182697257333e-06,0.0012320700378460599,0.0012328295039929615,0.0,8.760460874026716e-07,8.760464713186197e-07,1.2074182697257333e-06,2.127095029726938e-06,3.5281326932195866e-06,3.525624064045326e-06,2.5086291743088778e-09,0.0012311939917586739,8.760460874026716e-07,2.168404344971009e-19,4.336808689942018e-19,1.1469292320114703e-16,1.0053741316545486,1.0813352217971738e-16,1.0037663754493262,0.0,0.0
square,0.1,0.0,0.4,6.671069182389937,0.0019354652013696628,0.001937340028473994,1.2074182697257333e-06,0.0012075966737386172,0.0012083262591243821,1.2074182697257333e-06,8.41043614216469e-07,8.410439680039849e-07,1.2074182697257333e-06,2.025719887100913e-06,3.360844032576756e-06,3.358503336818373e-06,2.3406957583157644e-09,0.0012067556301243764,8.41043614216469e-07,2.168404344971009e-19,8.673617379884035e-19,1.751963303522015e-16,1.0052627529155902,1.3243597687957164e-16,1.0036878320815892,-8.673617379884035e-19,4.336808689942018e-19
square,0.1,0.0,0.4,6.720754716981132,0.0018971514730745124,0.0018989527736005217,0.0,0.0011838050710842535,0.0011845061832976118,8.537736462515939e-07,8.076982029027221e-07,8.076985292185625e-07,8.537736462515939e-07,1.9299494612828392e-06,3.2027693037051962e-06,3.2005840866673387e-06,2.185217037924462e-09,0.0011829973728813756,8.076982029027221e-07,1.0842021724855044e-19,2.168404344971009e-19,9.364638383666187e-17,1.005154616323748,1.5292389332888526e-16,1.0036115853479983,-1.3010426069826053e-18,8.673617379884035e-19
square,0.1,0.0,0.4,6.770440251572328,0.001859898786771145,0.001861630008468316,0.0,0.0011606707854064956,0.0011613447548709504,8.537736462515939e-07,7.759187598785485e-07,7.759190609473403e-07,8.537736462515939e-07,1.8394327837849399e-06,3.0533329467518387e-06,3.051291766476264e-06,2.041180275516515e-09,0.001159894866646595,7.759187598785485e-07,1.0842021724855044e-19,2.168404344971009e-19,9.364637965034283e-17,1.0050496037684555,1.0813352258254613e-16,1.003537551526827,0.0,4.336808689942018e-19
square,0.1,0.0,0.4,6.820125786163523,0.0018236693947491576,0.0018253337974400436,8.537736462515939e-07,0.0011381704251426266,0.0011388185099164823,8.537736462515939e-07,7.456198686181845e-07,7.456201466676943e-07,8.537736462515939e-07,1.7538433475983748e-06,2.9119994588983722e-06,2.9100917967363742e-06,1.907662162007017e-09,0.0011374248052740121,7.456198686181846e-07,5.421010862427522e-20,2.168404344971009e-19,1.324359821421044e-16,1.0049476022834165,1.3243597655066336e-16,1.0034656505395358,-1.0842021724855044e-18,-2.168404344971009e-19
square,0.1,0.0,0.4,6.869811320754717,0.0017884271615813188,0.0017900278287759114,0.0,0.0011162815988869272,0.0011169049891305708,0.0,7.167213946819966e-07,7.167216515730721e-07,0.0,1.672877234088732e-06,2.7782703290108196e-06,2.7764865087032933e-06,1.7838203075261347e-09,0.0011155648774922452,7.167213946819965e-07,1.0842021724855044e-19,2.168404344971009e-19,1.1469292320114703e-16,1.004848503786289,7.646194652202115e-17,1.0033958057667962,-4.336808689942018e-19,6.505213034913027e-19
square,0.1,0.0,0.4,6.919496855345912,0.0017541374840544406,0.001755677333765035,0.0,0.0010949828656386963,0.0010955826877742296,0.0,6.891481230549801e-07,6.891483606442612e-07,8.537736462515939e-07,1.5962513958708863e-06,2.6516812275872587e-06,2.650012341983414e-06,1.668885603854608e-09,0.0010942937175156453,6.8914812305498e-07,1.0842021724855044e-19,2.168404344971009e-19,1.1469292206177528e-16,1.004752204833352,1.872927539515e-16,1.0033279438750777,-4.336808689942018e-19,8.673617379884035e-19
square,0.1,0.0,0.4,6.969182389937107,0.0017207672156299239,0.001722249010447088,8.537736462515939e-07,0.001074253687865964,0.0010748310084533609,0.0,6.628294202342749e-07,6.628296401660014e-07,0.0,1.5237020816956205e-06,2.5317994290572255e-06,2.530237273705435e-06,1.5621553518193315e-09,0.0010735908584457417,6.628294202342749e-07,1.0842021724855044e-19,2.168404344971009e-19,9.36463782549031e-17,1.004658606388194,2.2938583994585404e-16,1.0032619946531172,0.0,-2.168404344971009e-19
square,0.1,0.0,0.4,7.018867924528303,0.001688284595135372,0.0016897109516204312,8.537736462515939e-07,0.0010540743872081877,0.0010546302165579792,8.537736462515939e-07,6.376989255810514e-07,6.376991290447451e-07,0.0,1.454983390641214e-06,2.4182214456950424e-06,2.41675845860766e-06,1.4629870874874124e-09,0.0010534366882826523,6.376989255810514e-07,1.0842021724855044e-19,2.168404344971009e-19,1.6220028669362047e-16,1.0045676136035264,1.709741113890493e-16,1.0031978908576402,-2.168404344971009e-19,6.505213034913027e-19
square,0.1,0.0,0.4,7.068553459119498,0.0016566591794303777,0.001658032576874583,1.2074182697257333e-06,0.001034426102647446,0.0010349613981903436,1.2074182697257333e-06,6.136942606357298e-07,6.136944490662381e-07,1.2074182697257333e-06,1.3898659441852084e-06,2.3105708543801347e-06,2.3092000613689218e-06,1.3707930112128676e-09,0.00103381240838681,6.136942606357298e-07,1.0842021724855044e-19,2.168404344971009e-19,6.621799995157544e-17,1.0044791356152822,1.3243597753738826e-16,1.0031355680677514,-8.673617379884035e-19,8.673617379884035e-19
square,0.1,0.0,0.4,7.118238993710692,0.0016258617797794235,0.0016271845683786105,1.2074182697257333e-06,0.0010152907509963702,0.0010158064204281371,1.2074182697257333e-06,5.907567651068167e-07,5.90756939709379e-07,1.2074182697257333e-06,1.328135665735198e-06,2.2084962992380687e-06,2.2072112642585035e-06,1.2850349795936654e-09,0.0010146999942312765,5.907567651068168e-07,1.0842021724855044e-19,2.168404344971009e-19,1.6220028588796296e-16,1.004393085348232,1.3243597655066336e-16,1.003074964547443,-2.168404344971009e-19,-4.336808689942018e-19
square,0.1,0.0,0.4,7.167924528301887,0.0015958644017391667,0.001597138810225158,1.2074182697257333e-06,0.0009966509895633182,0.0009971478937808751,0.0,5.688312474153546e-07,5.688314093265374e-07,1.2074182697257333e-06,1.2695926583041267e-06,2.1116696548003787e-06,2.110464434822205e-06,1.205219978154588e-09,0.0009960821583158937,5.688312474153547e-07,1.0842021724855044e-19,4.336808689942018e-19,9.364638104578253e-17,1.0043093793323916,1.7097411062473548e-16,1.0030160211157237,0.0,2.168404344971009e-19
square,0.1,0.0,0.4,7.2176100628930815,0.0015666401883060574,0.0015678683310747746,0.0,0.0009784901808520016,0.0009789691366959014,1.2074182697257333e-06,5.478657578707028e-07,5.478659079677583e-07,1.2074182697257333e-06,1.214050171747817e-06,2.0197843357329585e-06,2.0186534396878e-06,1.1308960452400107e-09,0.0009779423150941702,5.478657578707028e-07,1.0842021724855044e-19,2.168404344971009e-19,6.621799797812593e-17,1.004227937529551,1.709741113890493e-16,1.002958681023885,0.0,2.168404344971009e-19
square,0.1,0.0,0.4,7.267295597484278,0.001538163366146677,0.0015393472499205944,0.0,0.0009607923591812837,0.0009612541419988677,1.2074182697257333e-06,5.278113757003447e-07,5.278115152024369e-07,1.2074182697257333e-06,1.1613336518737011e-06,1.932553740522735e-06,1.931492091937971e-06,1.0616485847882272e-09,0.0009602645478055952,5.278113757003447e-07,1.0842021724855044e-19,4.336808689942018e-19,1.1469292320114703e-16,1.0041486831693038,1.709741103699642e-16,1.0029028898394754,-2.168404344971009e-19,6.505213034913027e-19
square,0.1,0.0,0.4,7.3169811320754725,0.0015104091947200785,0.00151155072477669,0.0,0.0009435421990968807,0.0009439875451391287,0.0,5.086220119048203e-07,5.086221414290097e-07,0.0,1.111279864429277e-06,1.8497098176318213e-06,1.8487127205971016e-06,9.970970347531808e-10,0.0009430335770849931,5.086220119048203e-07,1.0842021724855044e-19,2.168404344971009e-19,9.36463782549031e-17,1.0040715425939881,1.7097411266290566e-16,1.0028485953365647,-6.505213034913027e-19,2.168404344971009e-19
square,0.1,0.0,0.4,7.366666666666667,0.0014833539181246106,0.0014844549041239069,8.537736462515939e-07,0.0009267249854815845,0.0009271545941455441,8.537736462515939e-07,4.902542267175866e-07,4.902543469724533e-07,8.537736462515939e-07,1.0637360875875317e-06,1.7710017437379492e-06,1.7700648518832966e-06,9.368918546428887e-10,0.000926234731254862,4.902542267175867e-07,5.421010862427522e-20,0.0,9.36463782549031e-17,1.0039964451119994,1.7097411062473548e-16,1.0027957473919231,-2.168404344971009e-19,6.505213034913027e-19
square,0.1,0.0,0.4,7.416352201257862,0.0014569747194830302,0.0014580368809208385,8.537736462515939e-07,0.0009103265852464138,0.0009107411211739987,8.537736462515939e-07,4.726670594899815e-07,4.726671713205175e-07,8.537736462515939e-07,1.0185593671325322e-06,1.6961947045650368e-06,1.6953139927674045e-06,8.807117976371244e-10,0.0009098539181869264,4.726670594899816e-07,8.131516293641283e-20,2.168404344971009e-19,1.1469292206177528e-16,1.0039233228589721,1.0813352217971738e-16,1.002744297886752,0.0,2.168404344971009e-19
square,0.1,0.0,0.4,7.466037735849056,0.0014312496777472298,0.001432274649062272,8.537736462515939e-07,0.0008943334205220203,0.0008947335155648201,0.0,4.5582187030714105e-07,4.5582197425724044e-07,8.537736462515939e-07,9.756158291230453e-07,1.6250687697263363e-06,1.6242405082871544e-06,8.282614391867565e-10,0.0008938775986517158,4.5582187030714105e-07,5.421010862427522e-20,0.0,1.480679245143022e-16,1.0038521106663532,1.0813352338820364e-16,1.0026942006136403,-8.673617379884035e-19,0.0
square,0.1,0.0,0.4,7.515723270440253,0.0014061577267592948,0.001407147062116487,0.0,0.0008787324432538024,0.0008791186983147722,8.537736462515939e-07,4.396821951463967e-07,4.396822920445427e-07,8.537736462515939e-07,9.347800452204201e-07,1.5574178537326144e-06,1.55663858479143e-06,7.792689412419538e-10,0.0008782927610586884,4.396821951463968e-07,1.0842021724855044e-19,2.168404344971009e-19,1.7519633258988324e-16,1.0037827459369266,1.0813352298537489e-16,1.0026454111884309,-8.673617379884035e-19,0.0
square,0.1,0.0,0.4,7.565408805031447,0.001381678616435559,0.001382633794209536,8.537736462515939e-07,0.0008635111111194736,0.0008638840978781811,8.537736462515939e-07,4.242136057242096e-07,4.2421369585800803e-07,8.537736462515939e-07,8.959344463190821e-07,1.4930487560374327e-06,1.4923152720228987e-06,7.334840144669001e-10,0.0008630868975137107,4.242136057242096e-07,8.131516293641283e-20,2.168404344971009e-19,6.621799205777706e-17,1.0037151685268828,1.0813352258254613e-16,1.0025978869667078,-2.168404344971009e-19,-2.168404344971009e-19
square,0.1,0.0,0.4,7.615094339622642,0.001357792875966749,0.0013587153029461754,0.0,0.0008486573646953661,0.0008490176272264398,0.0,4.0938358721682727e-07,4.0938367110518795e-07,8.537736462515939e-07,8.589687805320257e-07,1.4317802736280573e-06,1.4310895975449588e-06,6.906760830792388e-10,0.000848247981108138,4.0938358721682727e-07,8.131516293641283e-20,2.168404344971009e-19,2.809391352298558e-16,1.0036493206340356,1.7097411062473548e-16,1.0025515869646366,-4.336808689942018e-19,6.505213034913027e-19
square,0.1,0.0,0.4,7.664779874213837,0.0013344817788987465,0.001335372794229715,8.537736462515939e-07,0.0008341596057950278,0.0008345076620862936,8.537736462515939e-07,3.951614147060288e-07,3.9516149282887834e-07,0.0,8.237796118819116e-07,1.3734423802299572e-06,1.3727917476289027e-06,6.506326010255729e-10,0.0008337644443803041,3.951614147060288e-07,1.0842021724855044e-19,2.168404344971009e-19,6.621799205777706e-17,1.0035851466918468,1.0813352217971738e-16,1.0025064717838983,0.0,-2.168404344971009e-19
square,0.1,0.0,0.4,7.714465408805031,0.0013117273100018468,0.0013125881888890654,0.0,0.0008200066769168555,0.0008203430202940003,0.0,3.815180475497175e-07,3.8151812056625264e-07,0.0,7.902698564149114e-07,1.3178754667273525e-06,1.317262309189575e-06,6.131575377775526e-10,0.0008196251588693058,3.815180475497175e-07,1.0842021724855044e-19,2.168404344971009e-19,6.621799403122674e-17,1.003522593268897,1.0813352258254613e-16,1.002462503540483,-6.505213034913027e-19,2.168404344971009e-19
square,0.1,0.0,0.4,7.764150943396228,0.0012895121338092927,0.0012903440909904755,1.2074182697257333e-06,0.0008061878417306667,0.0008065129421949111,1.2074182697257333e-06,3.684260218073481e-07,3.6842608992053404e-07,1.2074182697257333e-06,7.583483527023373e-07,1.2649296378540961e-06,1.2643515678681623e-06,5.780699859481232e-10,0.0008058194157088684,3.6842602180734817e-07,8.131516293641283e-20,2.168404344971009e-19,6.621799205777706e-17,1.0034616089735124,1.0813352258254613e-16,1.002419645797123,-4.336808689942018e-19,8.673617379884035e-19
square,0.1,0.0,0.4,7.813836477987422,0.0012678195647506398,0.0012686237577609384,0.0,0.0007926927665524673,0.0007930070720375321,0.0,3.558593586750173e-07,3.558594221681095e-07,1.2074182697257333e-06,7.279294639946996e-07,1.2144640606618445e-06,1.2139188577534693e-06,5.452029083608093e-10,0.0007923369071937829,3.558593586750173e-07,1.0842021724855044e-19,2.168404344971009e-19,1.480679245143022e-16,1.003402144363233,1.8729275488179317e-16,1.0023778634991538,-2.168404344971009e-19,0.0
square,0.1,0.0,0.4,7.863522012578617,0.0012466335387722569,0.0012474110710112127,1.2074182697257333e-06,0.0007795115027465994,0.0007798154402995172,0.0,3.437934723957404e-07,3.4379353169767746e-07,1.2074182697257333e-06,6.989327094879837e-07,1.1663463606366996e-06,1.1658319586504167e-06,5.144019862780333e-10,0.0007791677092742006,3.4379347239574034e-07,8.131516293641283e-20,2.168404344971009e-19,9.364638104578253e-17,1.0033441518588557,1.529238936137282e-16,1.0023371229136078,-4.336808689942018e-19,4.336808689942018e-19
square,0.1,0.0,0.4,7.913207547169812,0.0012259385863707362,0.0012266905099857302,0.0,0.0007666344700014969,0.0007669284468933082,1.2074182697257333e-06,3.322050882365209e-07,3.3220514344286826e-07,0.0,6.71282422416545e-07,1.1204520616943785e-06,1.1199665371182876e-06,4.85524576033277e-10,0.0007663022649132209,3.322050882365209e-07,1.0842021724855044e-19,2.168404344971009e-19,9.364637685946336e-17,1.0032875856627959,2.417939058800283e-16,1.0022973915713609,-2.168404344971009e-19,4.336808689942018e-19
square,0.1,0.0,0.4,7.962893081761006,0.0012057198069594965,0.0012064471255572706,0.0,0.0007540524404367816,0.0007543368452063283,0.0,3.2107216204937393e-07,3.2107221370043456e-07,1.2074182697257333e-06,6.449074328523049e-07,1.0766640666160334e-06,1.07620562786418e-06,4.5843875191099885e-10,0.0007537313682747725,3.210721620493739e-07,1.0842021724855044e-19,2.168404344971009e-19,1.6220028347099043e-16,1.0032324016815157,1.7097411062473548e-16,1.0022586382121619,-4.336808689942018e-19,-4.336808689942018e-19
square,0.1,0.0,0.4,8.0125786163522,0.0011859628444952878,0.0011866665156935797,1.2074182697257333e-06,0.0007417565234884389,0.0007420317269255626,1.2074182697257333e-06,3.103738107631126e-07,3.1037385901149674e-07,0.0,6.197407732917154e-07,1.0348721747564052e-06,1.0344391523152565e-06,4.33022441139153e-10,0.000741446149677669,3.103738107631126e-07,1.0842021724855044e-19,2.168404344971009e-19,1.751963296063076e-16,1.0031785574517988,1.872927537189267e-16,1.0022208327323787,-4.336808689942018e-19,-2.168404344971009e-19
square,0.1,0.0,0.4,8.062264150943397,0.001166653864292794,0.0011673348021217734,0.0,0.000729738151537558,0.000730004507607598,8.537736462515939e-07,3.0009024122156816e-07,3.000902864735627e-07,8.537736462515939e-07,5.95719405245853e-07,9.949726341444162e-07,9.945634715192053e-07,4.091626251966485e-10,0.0007294380612963259,3.0009024122156816e-07,5.421010862427522e-20,1.0842021724855044e-19,9.36463782549031e-17,1.0031260120706582,1.0813352338820364e-16,1.0021839461353146,-3.2526065174565133e-19,3.2526065174565133e-19
square,0.1,0.0,0.4,8.111949685534592,0.0011477795309591367,0.001148438608122735,0.0,0.0007179890662291646,0.0007182469129443668,8.537736462515939e-07,2.902026882050107e-07,2.9020273048639374e-07,1.2074182697257333e-06,5.727839652272119e-07,9.568677253063422e-07,9.564809706895965e-07,3.867546167505061e-10,0.000717698863540963,2.9020268820501067e-07,2.710505431213761e-20,1.0842021724855044e-19,1.1469292320114703e-16,1.00307472612867,1.5292389589247174e-16,1.0021479504839537,-3.2526065174565133e-19,1.0842021724855044e-19
square,0.1,0.0,0.4,8.161635220125786,0.0011293269874027248,0.0011299650374085818,8.537736462515939e-07,0.00070650130545963,0.0007067509656996396,0.0,2.8069335454985556e-07,2.806933942384599e-07,8.537736462515939e-07,5.508785286443869e-07,9.204653744029644e-07,9.200996730069659e-07,3.6570139600813547e-10,0.0007062206121050876,2.806933545498556e-07,5.421010862427522e-20,1.0842021724855044e-19,1.4806793069217716e-16,1.0030246616465552,1.8729275511436647e-16,1.0021128188559993,-2.168404344971009e-19,5.421010862427522e-19
square,0.1,0.0,0.4,8.211320754716981,0.0011112838348366321,0.0011119016540037184,8.537736462515939e-07,0.000695267190982497,0.0006955089732678563,8.537736462515939e-07,2.715453539390771e-07,2.715453909579782e-07,0.0,5.299503902296444e-07,8.856787934288335e-07,8.853328804265222e-07,3.4591300230650734e-10,0.0006949956456285541,2.715453539390771e-07,5.421010862427522e-20,1.0842021724855044e-19,1.6220029313888033e-16,1.002975782014821,1.7097411266290566e-16,1.0020785253010847,-3.2526065174565133e-19,4.336808689942018e-19
square,0.1,0.0,0.4,8.261006289308176,0.0010936381137445239,0.0010942364630953918,8.537736462515939e-07,0.0006842793166097588,0.0006845135158302777,0.0,2.6274266129242605e-07,2.6274269590159666e-07,8.537736462515939e-07,5.099498597619403e-07,8.524261454390235e-07,8.520988394565376e-07,3.273059824715145e-10,0.0006840165739484548,2.62742661292426e-07,2.710505431213761e-20,1.0842021724855044e-19,9.364639081385988e-17,1.0029280519363095,1.3243597786629656e-16,1.002045044800036,-2.168404344971009e-19,2.168404344971009e-19
square,0.1,0.0,0.4,8.310691823899372,0.001076378285737216,0.0010769578927824696,8.537736462515939e-07,0.0006735305369679806,0.0006737574350715743,8.537736462515939e-07,2.542700609280084e-07,2.5427009338048924e-07,1.4787793334710982e-06,4.90830071918565e-07,8.206302329089497e-07,8.203204300301463e-07,3.098028788129677e-10,0.0006732762669070606,2.542700609280084e-07,2.710505431213761e-20,2.168404344971009e-19,6.621799205777706e-17,1.002881437371484,1.0813352258254613e-16,1.0020123532260758,-3.2526065174565133e-19,3.2526065174565133e-19
square,0.1,0.0,0.4,8.360377358490567,0.0010594932162705287,0.0010600547766929514,8.537736462515939e-07,0.0006630139567876613,0.000663233823428467,8.537736462515939e-07,2.461131027979642e-07,2.461131331320405e-07,8.537736462515939e-07,4.7254680921110957e-07,7.902182075074733e-07,7.899248757413171e-07,2.933317661658146e-10,0.0006627678436848714,2.4611310279796417e-07,5.421010862427522e-20,2.168404344971009e-19,1.3243598115537953e-16,1.0028359054863134,1.0813352217971738e-16,1.0019804273078685,-2.168404344971009e-19,-1.0842021724855044e-19
square,0.1,0.0,0.4,8.410062893081761,0.001042972158171691,0.00104351633741505,0.0,0.0006527229206925202,0.0006529360138436588,0.0,2.3825805872035182e-07,2.3825808730104492e-07,8.537736462515939e-07,4.55058337029275e-07,7.611212996850071e-07,7.608434738609824e-07,2.7782582404377794e-10,0.0006524846626338161,2.3825805872035182e-07,5.421010862427522e-20,1.0842021724855044e-19,6.621799600467637e-17,1.0027914246026193,1.709741103699642e-16,1.0019492445943057,-4.336808689942018e-19,2.168404344971009e-19
square,0.1,0.0,0.4,8.459748427672956,0.001026804735925037,0.0010273321706942896,0.0,0.0006426510034640056,0.0006428575699953273,0.0,2.3069188094745188e-07,2.3069190772480164e-07,0.0,4.383252498873836e-07,7.332745666145854e-07,7.330113436707231e-07,2.6322294388624704e-10,0.0006424203115830791,2.3069188094745185e-07,2.710505431213761e-20,1.0842021724855044e-19,2.0939966637650222e-16,1.0027479641507466,1.529238936137282e-16,1.0019187834209378,-4.336808689942018e-19,-2.168404344971009e-19
square,0.1,0.0,0.4,8.50943396226415,0.0010109809306927838,0.0010114922303710427,0.0,0.0006327920007579215,0.000632992276982681,1.2074182697257333e-06,2.2340216684810833e-07,2.234021919568491e-07,1.2074182697257333e-06,4.2231032806636985e-07,7.066166571398049e-07,7.063671917670697e-07,2.4946537274005374e-10,0.0006325685985910777,2.234021668481083e-07,5.421010862427522e-20,2.168404344971009e-19,1.146929197830317e-16,1.0027054946244447,1.709741103699642e-16,1.0018890228779782,0.0,2.168404344971009e-19
square,0.1,0.0,0.4,8.559119496855347,0.0009954910660182003,0.0009959868140059303,0.0,0.0006231399202461183,0.0006233341324370453,1.2074182697257333e-06,2.1637712109911635e-07,2.163771447366089e-07,0.0,4.069784038785297e-07,6.810895924837362e-07,6.808530931030434e-07,2.3649938070729664e-10,0.0006229235431250324,2.1637712109911635e-07,5.421010862427522e-20,2.168404344971009e-19,1.1469292206177528e-16,1.0026639875378374,1.8729275488179317e-16,1.0018599427797759,-3.2526065174565133e-19,0.0
square,0.1,0.0,0.4,8.608805031446542,0.000980325794182092,0.0009808065491617687,0.0,0.0006136889731651948,0.0006138773380419542,1.2074182697257333e-06,2.0960552285381458e-07,2.0960554501809249e-07,1.2074182697257333e-06,3.922962368589122e-07,6.566385615792271e-07,6.56414286620652e-07,2.2427495856071306e-10,0.0006134793676423275,2.0960552285381458e-07,5.421010862427522e-20,2.168404344971009e-19,1.1469292206177528e-16,1.0026234153843767,1.529238936137282e-16,1.0018315236357,-1.0842021724855044e-19,5.421010862427522e-19
square,0.1,0.0,0.4,8.658490566037736,0.0009654760831861334,0.0009659423803191553,0.0,0.0006044335662481022,0.0006046162914387801,1.2074182697257333e-06,2.0307669481877107e-07,2.0307671547543534e-07,1.2074182697257333e-06,3.782323972495477e-07,6.332117299618548e-07,6.329989844222217e-07,2.1274553966175176e-10,0.0006042304895533107,2.0307669481877107e-07,5.421010862427522e-20,1.0842021724855044e-19,9.364638104578253e-17,1.002583751597677,7.646194766139294e-17,1.001803746622359,0.0,0.0
square,0.1,0.0,0.4,8.70817610062893,0.0009509332043132675,0.0009513855563711149,0.0,0.0005953682940220916,0.0005955455784996894,0.0,1.9678047431047206e-07,1.9678049378385046e-07,0.0,3.647571571585572e-07,6.10760061255762e-07,6.105581935114733e-07,2.01867744303062e-10,0.000595171513547795,1.9678047431047206e-07,5.421010862427522e-20,1.0842021724855044e-19,1.6220028427664795e-16,1.0025449705141323,1.7097411087950674e-16,1.0017765935570762,-1.0842021724855044e-19,1.0842021724855044e-19
square,0.1,0.0,0.4,8.757861635220126,0.0009366887202574004,0.0009371276186924885,1.7075472925031877e-06,0.0005864879314507459,0.0005866599659458447,1.2074182697257333e-06,1.9070718377608548e-07,1.9070720217054638e-07,1.2074182697257333e-06,3.518423888730532e-07,5.892371503502589e-07,5.890455492081127e-07,1.9160114214384458e-10,0.0005862972242669675,1.9070718377608548e-07,5.421010862427522e-20,1.0842021724855044e-19,1.1469293573423567e-16,1.0025070473372255,1.8729275488179317e-16,1.00175004687257,-1.0842021724855044e-19,-1.0842021724855044e-19
square,0.1,0.0,0.4,8.807547169811322,0.0009227344737749731,0.0009231603897333052,0.0,0.000577787426908337,0.0005779543942996498,0.0,1.8484760610567426e-07,1.848476233068499e-07,1.2074182697257333e-06,3.394614697924366e-07,5.685990674438932e-07,5.6841715940719e-07,1.819080366862962e-10,0.0005776025793022144,1.8484760610567426e-07,4.0657581468206416e-20,2.168404344971009e-19,9.364639081385988e-17,1.002469958103448,2.1626704375519162e-16,1.0017240895927724,3.2526065174565133e-19,2.168404344971009e-19
square,0.1,0.0,0.4,8.857232704402517,0.0009090625768481268,0.0009094759621290436,8.537736462515939e-07,0.0005692618954628757,0.0005694239711475438,0.0,1.791929610090341e-07,1.7919297724301977e-07,0.0,3.275891935382411e-07,5.488042121825722e-07,5.486314589163229e-07,1.727532662541238e-10,0.0005690827025018715,1.7919296100903408e-07,5.421010862427522e-20,1.0842021724855044e-19,1.3243598115537953e-16,1.0024336796497402,1.872927541840733e-16,1.0016987053097268,-3.2526065174565133e-19,2.168404344971009e-19
square,0.1,0.0,0.4,8.906918238993711,0.0008956654003173521,0.0008960666882819485,0.0,0.0005609066124573791,0.000561063964701326,0.0,1.7373487795707896e-07,1.7373489308956616e-07,0.0,3.1620168678532767e-07,5.298131771891094e-07,5.296490731731896e-07,1.6410401595327316e-10,0.0005607328775794574,1.7373487795707893e-07,5.421010862427522e-20,2.168404344971009e-19,9.364638523210152e-17,1.002398189582384,1.0813352258254613e-16,1.001673878161515,-1.0842021724855044e-19,0.0
square,0.1,0.0,0.4,8.956603773584906,0.0008825355639784333,0.0008829251704101048,0.0,0.000552717007375364,0.0005528697976454789,0.0,1.684653805314798e-07,1.6846539492884327e-07,0.0,3.0527633143235116e-07,5.115886203300683e-07,5.114326906763006e-07,1.5592965378202906e-10,0.0005525485419948479,1.684653805314798e-07,2.710505431213761e-20,2.168404344971009e-19,6.621799008432732e-17,1.0023634662472738,1.0813352379103239e-16,1.0016495928111597,-1.0842021724855044e-19,0.0
square,0.1,0.0,0.4,9.0062893081761,0.0008696659271049942,0.0008700442510252372,0.0,0.0005446886579697937,0.0005448370412483464,0.0,1.6337686053695977e-07,1.6337687398860374e-07,0.0,2.9479169173193345e-07,4.940951451078568e-07,4.939469435390577e-07,1.4820156879189478e-10,0.0005445252811092487,1.6337686053695977e-07,5.421010862427522e-20,1.0842021724855044e-19,1.480679245143022e-16,1.0023294887014909,1.709741113890493e-16,1.0016258344264528,-1.0842021724855044e-19,-2.168404344971009e-19
square,0.1,0.0,0.4,9.055974842767297,0.0008570495793876071,0.000857417003828896,0.0,0.000536817284652799,0.0005369614097358111,0.0,1.5846206147900125e-07,1.584620741203393e-07,0.0,2.8472744603992107e-07,4.772991886275953e-07,4.77158295598366e-07,1.408930292196191e-10,0.0005366588225913093,1.5846206147900125e-07,5.421010862427522e-20,1.0842021724855044e-19,9.364637965034283e-17,1.0022962366861297,7.646194709170705e-17,1.0016025886606688,-3.2526065174565133e-19,3.2526065174565133e-19
square,0.1,0.0,0.4,9.105660377358491,0.0008446798322604766,0.000845036725000106,8.537736462515939e-07,0.0005290987451232514,0.0005292387549038624,1.4787793334710982e-06,1.537140601441949e-07,1.5371407206814864e-07,0.0,2.750643228680989e-07,4.611689166100249e-07,4.6103493756126246e-07,1.3397904878400998e-10,0.000528945031063132,1.537140601441949e-07,4.0657581468206416e-20,1.0842021724855044e-19,9.36463782549031e-17,1.0022636906002977,1.0813352217971738e-16,1.0015798416341144,-1.0842021724855044e-19,1.0842021724855044e-19
square,0.1,0.0,0.4,9.155345911949686,0.0008325502106036139,0.0008328969248587374,8.537736462515939e-07,0.0005215290292279438,0.0005216650609645592,0.0,1.4912624812561338e-07,1.491262594019313e-07,0.0,2.6578404094604504e-07,4.456741249768595e-07,4.4554668871458115e-07,1.2743626225917422e-10,0.0005213799029797957,1.4912624812561338e-07,4.0657581468206416e-20,2.168404344971009e-19,1.3243597819520487e-16,1.002231831476248,1.3243597885302146e-16,1.0015575799164784,1.0842021724855044e-19,0.0
square,0.1,0.0,0.4,9.20503144654088,0.0008206544447971628,0.0008209913198851561,8.537736462515939e-07,0.0005141042540415056,0.0005142364396122827,8.537736462515939e-07,1.4469231878160434e-07,1.4469232943252338e-07,0.0,2.568692530186053e-07,4.307861475597266e-07,4.3066490474547573e-07,1.2124281427241203e-10,0.0005139595617227497,1.446923187816043e-07,4.0657581468206416e-20,2.168404344971009e-19,1.751963303522015e-16,1.002200640955582,1.0813352217971738e-16,1.001535790509938,-2.168404344971009e-19,-4.336808689942018e-19
square,0.1,0.0,0.4,9.254716981132075,0.0008089864631145229,0.0008093138250790197,8.537736462515939e-07,0.000506820659156465,0.0005069491253014338,8.537736462515939e-07,1.404062472420214e-07,1.4040625728556898e-07,0.0,2.483034931282758e-07,4.1647776952150923e-07,4.1636239127157676e-07,1.1537824992289818e-10,0.0005066802529092115,1.404062472420214e-07,5.421010862427522e-20,1.0842021724855044e-19,1.9865396893734878e-16,1.0021701012664663,1.872927541840733e-16,1.0015144608329887,-1.0842021724855044e-19,4.336808689942018e-19
square,0.1,0.0,0.4,9.304402515723272,0.0007975403844375765,0.0007978585466436088,0.0,0.0004996746021696521,0.0004997994707205481,0.0,1.3626228048860015e-07,1.3626228986742627e-07,8.537736462515939e-07,2.4007112715109995e-07,4.027231461039269e-07,4.026133226827192e-07,1.0982342119328492e-10,0.0004995383398891456,1.3626228048860015e-07,4.0657581468206416e-20,2.168404344971009e-19,2.1962022272104804e-16,1.0021401952018236,1.709741103699642e-16,1.0014935787049646,-1.0842021724855044e-19,0.0
square,0.1,0.0,0.4,9.354088050314466,0.000786310511275966,0.000786619774974759,0.0,0.0004926625543628593,0.0004927839424608044,1.2074182697257333e-06,1.3225492140659256e-07,1.3225493020076055e-07,1.2074182697257333e-06,2.3215730636058942e-07,3.894977263521489e-07,3.893931659573645e-07,1.0456039479876775e-10,0.0004925302994414709,1.3225492140659256e-07,5.421010862427522e-20,1.0842021724855044e-19,9.364637965034283e-17,1.0021109060984486,1.0813352379103239e-16,1.0014731323312114,1.0842021724855044e-19,0.0
square,0.1,0.0,0.4,9.403773584905661,0.0007752913230809921,0.0007755919779464676,0.0,0.00048578109656171643,0.00048589911686471976,1.2074182697257333e-06,1.2837891570056806e-07,1.2837892411411853e-07,1.2074182697257333e-06,2.2454792382829639e-07,3.767781814805908e-07,3.766786091120041e-07,9.95723685842618e-11,0.00048565271764601276,1.2837891570056808e-07,4.0657581468206416e-20,2.168404344971009e-19,1.1469292206177528e-16,1.002082217816999,1.0813352298537489e-16,1.0014531102888817,-2.168404344971009e-19,0.0
square,0.1,0.0,0.4,9.453459119496856,0.0007644774698359927,0.0007647697944747866,0.0,0.00047902691516540956,0.00047914167604496153,1.2074182697257333e-06,1.2462924316317635e-07,1.2462925108051282e-07,1.2074182697257333e-06,2.1722957346912425e-07,3.6454233757471134e-07,3.644474939778367e-07,9.484359687217862e-11,0.00047890228592224326,1.2462924316317635e-07,5.421010862427522e-20,1.0842021724855044e-19,2.0939966512838297e-16,1.0020541147228301,7.646194709170705e-17,1.0014335015133309,-1.0842021724855044e-19,1.0842021724855044e-19
square,0.1,0.0,0.4,9.50314465408805,0.0007538637659104449,0.0007541480283469505,1.2074182697257333e-06,0.0004723967983438653,0.00047250840407263083,1.2074182697257333e-06,1.210011006362229e-07,1.2100110805951895e-07,0.0,2.1018951155428322e-07,3.527691123478532e-07,3.526787530333774e-07,9.035931448773742e-11,0.0004722757972432451,1.210011006362229e-07,4.0657581468206416e-20,1.0842021724855044e-19,1.480679280445165e-16,1.0020265816676266,1.7097411062473548e-16,1.0014142952850733,-3.2526065174565133e-19,2.168404344971009e-19
square,0.1,0.0,0.4,9.552830188679247,0.00074344518417171,0.0007437216423084839,0.0,0.00046588763239105023,0.00046599618332035156,1.2074182697257333e-06,1.1748989556751984e-07,1.1748990249560999e-07,0.0,2.0341562053811931e-07,3.414384556855865e-07,3.41352350011774e-07,8.610567379810409e-11,0.00046577014249546303,1.1748989556751982e-07,4.0657581468206416e-20,1.0842021724855044e-19,1.1469292206177528e-16,1.0019996039717922,1.0813352580517614e-16,1.0013954812172832,-2.168404344971009e-19,0.0
square,0.1,0.0,0.4,9.602515723270441,0.0007332168503311907,0.0007334857523878084,1.2074182697257333e-06,0.00045949639822474256,0.0004596019909545529,1.2074182697257333e-06,1.1409123453233433e-07,1.1409124104073961e-07,1.2074182697257333e-06,1.9689637504154014e-07,3.305312937299671e-07,3.3044922404781304e-07,8.206968215401986e-11,0.0004593823069902103,1.1409123453233433e-07,4.0657581468206416e-20,1.0842021724855044e-19,1.1469292320114703e-16,1.0019731674075747,1.0813352217971738e-16,1.0013770492438085,0.0,0.0
square,0.1,0.0,0.4,9.652201257861636,0.0007231740375291629,0.0007234356224591831,0.0,0.00045322016803261907,0.00045332289557209834,1.2074182697257333e-06,1.1080091329960842e-07,1.1080091957374393e-07,1.2074182697257333e-06,1.906208098588317e-07,3.2002947627998245e-07,3.199512371354139e-07,7.823914458295982e-11,0.0004531093671193398,1.1080091329960842e-07,5.421010862427522e-20,2.168404344971009e-19,2.8001201118904226e-20,1.0019472581828723,1.3243597720847995e-16,1.001358989607678,0.0,0.0
square,0.1,0.0,0.4,9.70188679245283,0.0007133121611299341,0.0007135666590178717,0.0,0.0004470561020515761,0.00044715605397293554,1.2074182697257333e-06,1.0761490758167024e-07,1.0761491353803888e-07,1.2074182697257333e-06,1.8457848984965991e-07,3.099157272904389e-07,3.0984112467975196e-07,7.46026107180145e-11,0.00044694848714403926,1.0761490758167023e-07,5.421010862427522e-20,1.0842021724855044e-19,9.36463782549031e-17,1.0019218629257103,1.7097411062473548e-16,1.001341292850074,-2.168404344971009e-19,0.0
square,0.1,0.0,0.4,9.751572327044025,0.000703626773730611,0.0007038744061694436,0.0,0.0004410014454796252,0.00044109870806377814,0.0,1.0452936521867787e-07,1.0452937075226743e-07,0.0,1.7875948160115362e-07,3.001735982751743e-07,3.0010244894901776e-07,7.11493261637394e-11,0.0004408969161144171,1.0452936521867788e-07,1.3552527156068805e-20,1.0842021724855044e-19,1.751963303522015e-16,1.0018969686693437,7.64619488007647e-17,1.001323949799758,-3.7947076036992655e-19,2.168404344971009e-19
square,0.1,0.0,0.4,9.801257861635222,0.0006941135603756021,0.0006943545408269938,8.537736462515939e-07,0.00043505352550794014,0.0004351481818833065,1.2074182697257333e-06,1.0154059619480166e-07,1.0154060167980996e-07,1.2074182697257333e-06,1.7315432675275824e-07,2.907874244254754e-07,2.907195552399339e-07,6.7869185539044e-11,0.00043495198491174167,1.0154059619480166e-07,2.710505431213761e-20,5.421010862427522e-20,1.324359821421044e-16,1.0018725628379619,1.7097411062473548e-16,1.0013069515629156,-2.168404344971009e-19,1.0842021724855044e-19
square,0.1,0.0,0.4,9.850943396226416,0.0006847683339528797,0.0006850028680893346,0.0,0.00042920974847552933,0.00042930187875127264,0.0,9.864506703131147e-08,9.864507204272628e-08,0.0,1.677540168630268e-07,2.8174228327743193e-07,2.816775305859679e-07,6.475269147117603e-11,0.00042911110340850895,9.864506703131146e-08,2.710505431213761e-20,5.421010862427522e-20,1.3243597918192974e-16,1.0018486332329692,2.5359558769729774e-16,1.001290289513417,0.0,0.0
square,0.1,0.0,0.4,9.90062893081761,0.0006755870307772373,0.0006758153168089597,0.0,0.000423467597134183,0.00042355727852583946,0.0,9.583939217808162e-08,9.58393969639035e-08,8.537736462515939e-07,1.6254996973517653e-07,2.730239557631408e-07,2.729621648489138e-07,6.179091422218916e-11,0.0004233717577419974,9.583939217808162e-08,2.710505431213761e-20,5.421010862427522e-20,1.4806792627940936e-16,1.001825168019815,2.417939056998778e-16,1.0012739552834624,5.421010862427522e-20,0.0
square,0.1,0.0,0.4,9.950314465408805,0.0006665657063494858,0.0006667879353350671,8.537736462515939e-07,0.00041782462802182033,0.00041791193497126857,8.537736462515939e-07,9.31203271411627e-08,9.312033153738609e-08,8.537736462515939e-07,1.5753400710580112e-07,2.646188894986686e-07,2.64559914043647e-07,5.897545502406416e-11,0.000417731507694683,9.31203271411627e-08,2.710505431213761e-20,5.421010862427522e-20,1.7519633482756498e-16,1.0018021557153438,1.0813352741649111e-16,1.0012579407545985,5.421010862427522e-20,0.0
square,0.1,0.0,0.4,10.0,0.0006577005312777642,0.000657916887421084,0.0,0.000412278468941096,0.00041236347323186863,0.0,9.048476191225722e-08,9.048476625243974e-08,0.0,1.526983336068487e-07,2.565141641704898e-07,2.564578657585748e-07,5.629841192459807e-11,0.00041218798417919913,9.048476191225722e-08,2.710505431213761e-20,5.421010862427522e-20,6.621799205777706e-17,1.0017795851756515,1.0813352258254613e-16,1.0012422380490946,-1.0842021724855044e-19,1.0842021724855044e-19
square,0.1,0.0,0.8,2.1,0.10419668455946075,0.10992351760419623,0.0,0.06689686555910586,0.06921189497574773,0.0,0.0027105144543686835,0.002714192883890667,8.537736462515939e-07,0.04335241323347227,0.07775213492898723,0.07460178873829999,0.0031503461906872187,0.06418635110473715,0.0027105144543686835,5.551115123125783e-17,1.1102230246251565e-16,1.146929744728646e-16,1.3668914451532146,1.7097411215336312e-16,1.2470780348257262,-5.551115123125783e-16,1.1102230246251565e-16
square,0.1,0.0,0.8,2.149685534591195,0.09724932166557192,0.10221972092602179,8.537736462515939e-07,0.06227445067968448,0.06427582141498643,1.2074182697257333e-06,0.0023454670335517013,0.0023482208708719334,1.2074182697257333e-06,0.03675057221446362,0.06543617266646302,0.06297162445903814,0.0024645482074248876,0.05992898364613278,0.0023454670335517013,5.551115123125783e-17,1.1102230246251565e-16,1.4806794393047975e-16,1.3378074179252082,1.0813353627872299e-16,1.228449275463326,-3.3306690738754696e-16,2.220446049250313e-16
square,0.1,0.0,0.8,2.1993710691823902,0.09091296946836341,0.09524235198753232,8.537736462515939e-07,0.058079987608930544,0.059817075099212934,8.537736462515939e-07,0.0020374546345846914,0.0020395323619165247,8.537736462515939e-07,0.03128022497984857,0.0553332343377217,0.053392136217882975,0.0019410981198387308,0.05604253297434586,0.0020374546345846914,4.163336342344337e-17,1.1102230246251565e-16,1.3243599200935274e-16,1.3119299464078469,1.0813352661083362e-16,1.2117388738842079,-3.3306690738754696e-16,1.1102230246251565e-16
square,0.1,0.0,0.8,2.249056603773585,0.0851217403888894,0.08890564187216439,0.0,0.05426409549644798,0.055777451987034536,0.0,0.0017763728404339122,0.0017779519932501827,0.0,0.02672666730232309,0.04699964731107217,0.04546108122553178,0.0015385660855404173,0.0524877226560141,0.0017763728404339122,5.551115123125783e-17,1.1102230246251565e-16,1.6220029233322287e-16,1.2888018945859598,1.0813352983346351e-16,1.1966947695797938,-2.220446049250313e-16,3.3306690738754696e-16
square,0.1,0.0,0.8,2.29874213836478,0.07981809884791535,0.08313597664890558,0.0,0.05078420429831123,0.052107318656352083,0.0,0.0015541137009720304,0.001555322274800502,1.2074182697257333e-06,0.022919739281872922,0.040089720659625884,0.038862882807066686,0.0012268378525591647,0.04923009059733916,0.0015541137009720306,5.551115123125783e-17,1.1102230246251565e-16,6.621800389847427e-17,1.268046232386958,1.0813352983346351e-16,1.1831052863513802,1.1102230246251565e-16,2.220446049250313e-16
square,0.1,0.0,0.8,2.348427672955975,0.07495165132606021,0.07786988973829188,0.0,0.047603463556848365,0.04876413440434778,8.537736462515939e-07,0.0013641313819857095,0.001365062444245101,0.0,0.019723820605192025,0.03433215331503966,0.033348326419917626,0.000983826895122061,0.046239332174862695,0.0013641313819857095,5.551115123125783e-17,1.1102230246251565e-16,9.364642709528113e-17,1.2493494397717366,1.0813353144477842e-16,1.1707915089428265,-2.220446049250313e-16,1.1102230246251565e-16
square,0.1,0.0,0.8,2.39811320754717,0.07047813270502692,0.07305243221092007,0.0,0.04468984999291128,0.04571126477582022,0.0,0.0012011107983637805,0.0012018325653999629,0.0,0.017030238955173083,0.029512582623136652,0.028719385024982353,0.0007931975981542891,0.04348873919454748,0.0012011107983637803,2.7755575615628914e-17,5.551115123125783e-17,1.146930018177713e-16,1.2324488547179615,2.1626705161035228e-16,1.159601309921917,0.0,0.0
square,0.1,0.0,0.8,2.4477987421383647,0.06635855377911977,0.06863584136429368,8.537736462515939e-07,0.04201543340651601,0.0429170220474361,8.537736462515939e-07,0.0010607128484435265,0.0010612757028304904,1.4787793334710982e-06,0.014751470665199246,0.025460558215017384,0.024817786284857427,0.0006427719301599541,0.040954720558072484,0.0010607128484435265,2.7755575615628914e-17,5.551115123125783e-17,1.6220029555585272e-16,1.2171229148699927,1.0813353950135259e-16,1.1494046258972097,-1.1102230246251565e-16,-5.551115123125783e-17
square,0.1,0.0,0.8,2.4974842767295597,0.06255848166873015,0.06457844644788265,1.2074182697257333e-06,0.03955576948355463,0.040353883949184696,1.2074182697257333e-06,0.0009393771162769384,0.0009398185382913471,1.2074182697257333e-06,0.01281668217715605,0.02203973695198845,0.02151633354429924,0.0005234034076892058,0.03861639236727768,0.0009393771162769384,2.0816681711721685e-17,5.551115123125783e-17,1.1469295168543742e-16,1.2031835504010935,1.8729275837039252e-16,1.1400896895997614,-5.551115123125783e-17,0.0
square,0.1,0.0,0.8,2.547169811320755,0.059047430271105754,0.060843764234129016,0.0,0.037289394977768626,0.03799785346077176,0.0,0.0008341680350763803,0.000834516098403556,0.0,0.011168281501175584,0.01914044418559122,0.01871227025768753,0.00042817392790370153,0.03645522694269227,0.0008341680350763803,2.7755575615628914e-17,5.551115123125783e-17,1.3243601569074575e-16,1.190470195533139,1.7097411521061839e-16,1.1315600004719706,-1.6653345369377348e-16,0.0
square,0.1,0.0,0.8,2.59685534591195,0.05579834217257164,0.05739974754977237,0.0,0.03519740596859198,0.035827931086322075,8.537736462515939e-07,0.0007426541673362368,0.0007429300373804903,0.0,0.009759235476915526,0.016673988483966295,0.016322172584670093,0.00035181589929621037,0.034454751801255755,0.0007426541673362367,2.7755575615628914e-17,1.1102230246251565e-16,1.6220028588796296e-16,1.178845031587895,2.4179391542800444e-16,1.1237318710197732,-5.551115123125783e-17,-5.551115123125783e-17
square,0.1,0.0,0.8,2.646540880503145,0.05278714686649743,0.05421815779569366,8.537736462515939e-07,0.0332631039096949,0.033825677421132495,8.537736462515939e-07,0.0006628128985853147,0.0006630326318756995,1.4787793334710982e-06,0.008550971297297174,0.014568286262232036,0.014277993207467653,0.0002902930547643894,0.032600291011109596,0.0006628128985853147,1.3877787807814457e-17,5.551115123125783e-17,1.7519634676186695e-16,1.1681891766779904,2.5359559078909936e-16,1.1165324258405567,-1.1102230246251565e-16,2.220446049250313e-16
square,0.1,0.0,0.8,2.6962264150943396,0.04999238286135915,0.05127403854423497,0.0,0.03147169728620084,0.031974848665182264,0.0,0.0005929547639802228,0.0005931306137918264,0.0,0.0075117264355472856,0.012764472433644019,0.01252397842182147,0.00024049401182255469,0.030878742522220635,0.0005929547639802226,2.0816681711721685e-17,5.551115123125783e-17,9.364639360473893e-17,1.158399609984074,1.0813352338820364e-16,1.109897959353856,-1.6653345369377348e-16,1.6653345369377348e-16
square,0.1,0.0,0.8,2.7459119496855346,0.04739487346802549,0.04854527197949511,1.2074182697257333e-06,0.02981004911412117,0.0302610914249333,1.2074182697257333e-06,0.0005316630377553126,0.0005318044081289497,1.2074182697257333e-06,0.006615244654910065,0.011214258618455432,0.011014252010601919,0.00020000660785350345,0.029278386076365827,0.0005316630377553126,2.7755575615628914e-17,5.551115123125783e-17,6.621801179227124e-17,1.1493866711078264,1.529238941834141e-16,1.103772579858591,-1.1102230246251565e-16,1.1102230246251565e-16
square,0.1,0.0,0.8,2.7955974842767297,0.044977447837007356,0.0460122035802046,0.0,0.02826646240829056,0.028671685975190667,1.2074182697257333e-06,0.0004777452591645413,0.0004778594066977161,8.537736462515939e-07,0.005839740571990345,0.009877861964302462,0.009710911404449482,0.00016695055985297723,0.027788717149126008,0.0004777452591645412,6.938893903907228e-18,5.551115123125783e-17,1.0274276066752584e-33,1.1410720133320589,1.5292389988027292e-16,1.0981070837153715,-8.326672684688674e-17,5.551115123125783e-17
square,0.1,0.0,0.8,2.845283018867925,0.04272470026198594,0.043657323287842914,8.537736462515939e-07,0.02683049723741203,0.027195329341799968,0.0,0.0004301941463870045,0.0004302866997969461,0.0,0.0051670736892591405,0.008722372309629427,0.00858251975762459,0.00013985255200483235,0.026400303091025014,0.0004301941463870046,1.3877787807814457e-17,2.7755575615628914e-17,1.4806794040026584e-16,1.1333869178999214,1.8729275837039252e-16,1.0928580156760537,-1.3877787807814457e-16,8.326672684688674e-17
square,0.1,0.0,0.8,2.89496855345912,0.040622781943340014,0.04146499364081653,0.0,0.02549281416831462,0.02582195127092117,8.537736462515939e-07,0.00038815593371700074,0.0003882312808547572,0.0,0.004582086619499117,0.007720458128590816,0.007602905722887764,0.0001175524057030498,0.02510465823459761,0.0003881559337170007,1.3877787807814457e-17,5.551115123125783e-17,9.364638802298074e-17,1.1262708974945306,2.417939125455966e-16,1.0879868806988024,-5.551115123125783e-17,0.0
square,0.1,0.0,0.8,2.9446540880503145,0.03865922036812558,0.03942121712819498,1.2074182697257333e-06,0.02424503984541064,0.024542557487507125,0.0,0.00035090460854552644,0.00035096618637171675,0.0,0.004072072621847391,0.006849335819994309,0.006750203646154358,9.913217383995797e-05,0.023894135236865136,0.0003509046085455264,1.0408340855860843e-17,2.7755575615628914e-17,9.364639360473893e-17,1.1196705329450551,7.646195563699493e-17,1.0834594797436465,-5.551115123125783e-17,5.551115123125783e-17
square,0.1,0.0,0.8,2.9943396226415095,0.036822762252925315,0.03751343642837143,0.0,0.023079651208026936,0.023349095700421256,0.0,0.00031782086015523135,0.0003178713732319913,0.0,0.003626345442172028,0.006089944823389696,0.006006082572412764,8.386225097693222e-05,0.022761830347871707,0.0003178208601552314,6.938893903907228e-18,2.7755575615628914e-17,1.6220029233322287e-16,1.1135384992058233,1.7097411113427802e-16,1.079245347582663,-8.326672684688674e-17,8.326672684688674e-17
square,0.1,0.0,0.8,3.0440251572327046,0.035103236646509724,0.03573036232865403,8.537736462515939e-07,0.02198987545803404,0.022234340648914705,8.537736462515939e-07,0.0002883748090539572,0.0002884163950655239,8.537736462515939e-07,0.0032358904446871525,0.005426284447731609,0.005355124256557573,7.116019117404127e-05,0.021701500648980104,0.0002883748090539572,1.3877787807814457e-17,5.551115123125783e-17,2.564611712872999e-16,1.1078327458500132,1.5292389532278588e-16,1.0753172749764826,-1.3877787807814457e-16,-2.7755575615628914e-17
square,0.1,0.0,0.8,3.0937106918238992,0.03349143532675728,0.03406182503184001,0.0,0.020969603383829437,0.021191795153509774,8.537736462515939e-07,0.00026211178309345736,0.00026214613888955377,0.0,0.0028930806090659658,0.004844878385692176,0.004784319314101714,6.055907159045278e-05,0.020707491600735938,0.0002621117830934574,1.3877787807814457e-17,5.551115123125783e-17,1.146929243405188e-16,1.1025158044077534,1.529238941834141e-16,1.0716509009566497,0.0,8.326672684688674e-17
square,0.1,0.0,0.8,3.1433962264150948,0.03197900807183529,0.03249864529189192,8.537736462515939e-07,0.02001331404821845,0.020215604670693128,8.537736462515939e-07,0.00023864055945752038,0.0002386690375139071,8.537736462515939e-07,0.002591444495495646,0.004334340525883243,0.004282657459026647,5.1683066856598694e-05,0.01977467348876094,0.00023864055945752033,3.469446951953614e-18,2.7755575615628914e-17,1.7519634377829152e-16,1.097554200382915,1.7097412132512876e-16,1.0682243636285298,-2.7755575615628914e-17,2.7755575615628914e-17
square,0.1,0.0,0.8,3.1930817610062894,0.030558370756174465,0.031032522418963527,0.0,0.019116009175697758,0.01930048328346895,0.0,0.00021762361048050988,0.0002176472930755441,0.0,0.0023254760066808004,0.0038850214939391155,0.003840792994332604,4.42284996065113e-05,0.018898385565217248,0.00021762361048050988,1.0408340855860843e-17,5.551115123125783e-17,9.364638802298074e-17,1.0929179520869305,1.0813352661083362e-16,1.06501800003453,-5.551115123125783e-17,2.7755575615628914e-17
square,0.1,0.0,0.8,3.2427672955974844,0.02922262453081279,0.029655936682199575,1.2074182697257333e-06,0.018273155843631053,0.01844164941047686,1.4787793334710982e-06,0.00019876898417433062,0.00019878874069253688,0.0,0.0020904778925725587,0.0034887198100637634,0.003450770738833305,3.794907123045927e-05,0.01807438685945673,0.00019876898417433062,1.0408340855860843e-17,5.551115123125783e-17,9.364638244122221e-17,1.0885801418155276,2.417939075013828e-16,1.0620140873150345,-8.326672684688674e-17,5.551115123125783e-17
square,0.1,0.0,0.8,3.2924528301886795,0.0279654846062471,0.02836206403888761,1.2074182697257333e-06,0.017480636303342997,0.017634769801943527,0.0,0.000181823523314431,0.0001818400547141996,0.0,0.001882432594241405,0.003138444982210957,0.0031058006828564174,3.264429935453568e-05,0.017298812780028545,0.00018182352331443097,1.3877787807814457e-17,1.3877787807814457e-17,6.621800389847427e-17,1.0845165475769951,1.0813352499951865e-16,1.059196618768052,0.0,5.551115123125783e-17
square,0.1,0.0,0.8,3.342138364779874,0.026781217372846642,0.02714470144784456,0.0,0.01673470394026966,0.016875910624279577,8.537736462515939e-07,0.0001665671845453813,0.000166581058014457,0.0,0.0016978953159668627,0.002828222509725723,0.0028000720827809572,2.8150426944768225e-05,0.016568136755724293,0.00016656718454538132,6.938893903907228e-18,2.7755575615628914e-17,1.6220028588796296e-16,1.0807053257176042,1.7097411215336312e-16,1.0565511095093594,-4.163336342344337e-17,0.0
square,0.1,0.0,0.8,3.3918238993710697,0.025664584776365042,0.02599820129697479,0.0,0.01603194453422426,0.016161494626949078,8.537736462515939e-07,0.0001528082645761134,0.0001528199406511368,0.0,0.0015339052310918819,0.002552932837462247,0.00252859959231914,2.433324514310735e-05,0.015879136269648153,0.00015280826457611342,3.469446951953614e-18,1.3877787807814457e-17,1.1469294712795144e-16,1.0771267365017156,7.646195107950817e-17,1.0540644273280162,-4.163336342344337e-17,0.0
square,0.1,0.0,0.8,3.4415094339622643,0.02461079502004668,0.024917413700553764,0.0,0.015369242107323943,0.0154882635434346,8.537736462515939e-07,0.00014037937687797928,0.00014038923075454214,0.0,0.001387911529672929,0.00230817791387887,0.0022870955094889045,2.1082404389961657e-05,0.015228862730445936,0.00014037937687797923,6.938893903907228e-18,1.3877787807814457e-17,9.364637685946336e-17,1.073762906082604,1.0813352177688863e-16,1.0517246450599884,-2.7755575615628914e-17,2.7755575615628914e-17
square,0.1,0.0,0.8,3.4911949685534593,0.023615458795003194,0.023897635609520577,1.2074182697257333e-06,0.014743748752777364,0.014853245009065989,0.0,0.0001291340513076104,0.00012914238964766502,1.2074182697257333e-06,0.0012577116519232809,0.0020901702728265753,0.0020718633849530297,1.830688787354601e-05,0.014614614701469755,0.0001291340513076104,1.734723475976807e-18,1.3877787807814457e-17,6.621801179227124e-17,1.0705976194158273,1.5292389874090115e-16,1.0495209113985313,0.0,0.0
square,0.1,0.0,0.8,3.5408805031446544,0.02267455035093537,0.02293456583483483,0.0,0.01415285792627789,0.014253723387288324,1.2074182697257333e-06,0.00011894385236095211,0.00011895092660173304,1.2074182697257333e-06,0.001141399557326693,0.001895640556706723,0.0018797091602579725,1.5931396448749338e-05,0.014033914073916931,0.00011894385236095211,5.204170427930421e-18,1.3877787807814457e-17,9.364638244122221e-17,1.0676161395743473,1.0813352983346351e-16,1.047443337549887,-2.7755575615628914e-17,-1.3877787807814457e-17
square,0.1,0.0,0.8,3.590566037735849,0.021784372813104188,0.022024265215296657,1.2074182697257333e-06,0.013594180756174353,0.013687213986665982,1.2074182697257333e-06,0.0001096959305258062,0.00010970194745450632,1.2074182697257333e-06,0.0010373222831412256,0.0017217601884558713,0.0017078667373239083,1.389345113196109e-05,0.01348448482564853,0.00010969593052580619,6.938893903907228e-18,2.7755575615628914e-17,1.1469296080040885e-16,1.0648050496659367,1.7097411521061839e-16,1.0454828975472776,-4.163336342344337e-17,4.163336342344337e-17
square,0.1,0.0,0.8,3.640251572327044,0.020941527231398374,0.02116312127160381,0.0,0.01306552499136033,0.013151440226838585,0.0,0.00010129093632794893,0.00010129606651484497,0.0,0.0009440433695179927,0.0015660765273354943,0.001553935464659484,1.2141062676006491e-05,0.01296423405503235,0.00010129093632794895,3.469446951953614e-18,1.3877787807814457e-17,9.364641035001153e-17,1.0621521141617614,1.709741141915333e-16,1.0436313403713087,-4.163336342344337e-17,4.163336342344337e-17
square,0.1,0.0,0.8,3.689937106918239,0.020142884915587234,0.02034781678144333,0.0,0.012564876258871297,0.012644313375341158,8.537736462515939e-07,9.364123897262941e-05,9.364562351884279e-05,0.0,0.0008603119884820997,0.0014264583440032215,0.0014158274930562344,1.0630850946979877e-05,0.012471235019898603,9.364123897262941e-05,6.938893903907228e-18,1.3877787807814457e-17,1.7519633781114053e-16,1.059646156946279,1.7097411215336312e-16,1.0418811123036575,-4.163336342344337e-17,2.7755575615628914e-17
square,0.1,0.0,0.8,3.7396226415094342,0.01938556266931355,0.019575301789115478,8.537736462515939e-07,0.012090381348189107,0.01216391453087173,0.0,8.666940146769296e-05,8.667315742319113e-05,0.0,0.0007850368237047212,0.0013010498510129182,0.0012917233286626694,9.326522350249116e-06,0.012003711946721415,8.666940146769297e-05,3.469446951953614e-18,1.3877787807814457e-17,1.6220029877848249e-16,1.0572769538133142,1.0813352499951865e-16,1.040225288173624,-4.163336342344337e-17,0.0
square,0.1,0.0,0.8,3.7893081761006293,0.018666900585440585,0.018842768629824425,0.0,0.011640333277496315,0.011708478573882618,1.2074182697257333e-06,8.030687228379783e-05,8.03100970103179e-05,0.0,0.0007172639176056603,0.0011882318467814155,0.001180034213527439,8.197633253980222e-06,0.01156002640521255,8.030687228379782e-05,5.204170427930421e-18,1.3877787807814457e-17,1.7519634377829152e-16,1.0550351374775762,2.63997855900607e-20,1.0386575103520168,-4.163336342344337e-17,0.0
square,0.1,0.0,0.8,3.838993710691824,0.017984442108496382,0.018147629605519886,1.2074182697257333e-06,0.011213157929736409,0.011276379843768424,1.2074182697257333e-06,7.449286028260097e-05,7.44956349791157e-05,1.2074182697257333e-06,0.0006561578399594315,0.0010865887905545288,0.0010793702079334147,7.218582621115515e-06,0.011138665069453824,7.449286028260097e-05,6.938893903907228e-18,2.7755575615628914e-17,1.7519633482756498e-16,1.0529121134580077,1.529238976015294e-16,1.0371719345106503,-1.3877787807814457e-17,-2.7755575615628914e-17
square,0.1,0.0,0.8,3.888679245283019,0.017335916107012773,0.017487496997447574,0.0,0.010807402074186062,0.010866119334503151,0.0,6.917336514222205e-05,6.917575770235522e-05,0.0,0.000600985644178673,0.0009948808357911117,0.000988513046857678,6.367788933434366e-06,0.010738228709043849,6.917336514222205e-05,5.204170427930421e-18,1.3877787807814457e-17,1.146929334554924e-16,1.0508999854294627,1.5292389988027292e-16,1.0357631813038042,1.3877787807814457e-17,-2.7755575615628914e-17
square,0.1,0.0,0.8,3.938364779874214,0.016719220730592347,0.01686016514187301,0.0,0.010421722613130345,0.010476313228367543,8.537736462515939e-07,6.43003400163717e-05,6.430240734988216e-05,8.537736462515939e-07,0.0005511031688644777,0.0009120200196959204,0.0009063930039380541,5.627015757865312e-06,0.010357422273113962,6.430034001637171e-05,3.469446951953614e-18,6.938893903907228e-18,1.3243599200935274e-16,1.0489914888407907,1.0813352499951865e-16,1.0344262932447508,-1.3877787807814457e-17,1.3877787807814457e-17
square,0.1,0.0,0.8,3.9880503144654087,0.016132408854234923,0.016263594330827143,8.537736462515939e-07,0.010054876913697941,0.010105682611089718,8.537736462515939e-07,5.9830966923364254e-05,5.983275684934486e-05,8.537736462515939e-07,0.0005059433170368847,0.0008370499452553184,0.0008320691276861289,4.980817569188526e-06,0.009995045946774564,5.983096692336425e-05,3.469446951953614e-18,1.3877787807814457e-17,1.6220028911059293e-16,1.0471799317671542,1.3243597753738826e-16,1.0331566961494778,2.0816681711721685e-17,1.3877787807814457e-17
square,0.1,0.0,0.8,4.037735849056604,0.015573674936428838,0.015695896330069153,8.537736462515939e-07,0.009705714102566041,0.009753044232039047,0.0,5.572702843041876e-05,5.572858122462678e-05,0.0,0.0004650060068599775,0.0007691284053080187,0.0007647123221577932,4.416083150224954e-06,0.009649987074135617,5.572702843041877e-05,1.734723475976807e-18,1.3877787807814457e-17,6.621800389847427e-17,1.0454591421077382,1.0813352499951865e-16,1.0319501646039442,-1.3877787807814457e-17,-1.3877787807814457e-17
square,0.1,0.0,0.8,4.087421383647799,0.015041343138326902,0.015155321332594613,0.0,0.009373167216435795,0.00941730219051563,8.537736462515939e-07,5.195436178763142e-05,5.195571145062748e-05,8.537736462515939e-07,0.00042784953820538315,0.0007075124908501267,0.0007035908324533328,3.921658396794648e-06,0.009321212854648172,5.195436178763142e-05,3.469446951953614e-18,6.938893903907228e-18,9.364638802298074e-17,1.043823420361516,1.0813352983346351e-16,1.030802790983011,0.0,2.7755575615628914e-17
square,0.1,0.0,0.8,4.1371069182389935,0.01453385656945359,0.014640246188576808,1.2074182697257333e-06,0.009056246114323901,0.009097440444160347,1.2074182697257333e-06,4.848238379759355e-05,4.848355909687061e-05,1.2074182697257333e-06,0.00039408316108498426,0.0006515458018658743,0.0006480577679466314,3.488033919242754e-06,0.009007763730526305,4.848238379759354e-05,3.469446951953614e-18,6.938893903907228e-18,9.364638244122221e-17,1.042267497316917,1.3243597885302146e-16,1.0297109576105872,-2.7755575615628914e-17,6.938893903907228e-18
square,0.1,0.0,0.8,4.186792452830189,0.014049767541136416,0.014149163772086144,1.2074182697257333e-06,0.008754031069099283,0.008792516048431133,1.4787793334710982e-06,4.528367650053798e-05,4.5284701829664435e-05,0.0,0.0003633606664581426,0.0006006474416276235,0.0005975403559635643,3.107085664060784e-06,0.008708747392598767,4.528367650053798e-05,2.6020852139652106e-18,6.938893903907228e-18,9.364641593176839e-17,1.040786496079205,1.7097411113427802e-16,1.0286713117031623,-1.3877787807814457e-17,-2.0816681711721685e-17
square,0.1,0.0,0.8,4.2364779874213845,0.013587728722635901,0.013680673361827766,1.2074182697257333e-06,0.008465666965556666,0.008501653047233985,0.0,4.2333625242894144e-05,4.233452132986822e-05,0.0,0.0003353748485054937,0.000554302527131285,0.0005515306680975843,2.771859033698945e-06,0.008423333340313744,4.233362524289414e-05,1.734723475976807e-18,6.938893903907228e-18,1.6220029555585272e-16,1.0393758979345047,1.3243597885302146e-16,1.0276807427841101,-2.7755575615628914e-17,3.469446951953614e-17
square,0.1,0.0,0.8,4.286163522012579,0.013146485106957248,0.013233471927763104,8.537736462515939e-07,0.008190358040918994,0.00822403694447764,8.537736462515939e-07,3.9610101966712534e-05,3.9610886462514994e-05,1.2074182697257333e-06,0.00030985271121411776,0.000512053991146302,0.0005095776023608014,2.4763887855006824e-06,0.008150747938952284,3.961010196671253e-05,3.469446951953614e-18,6.938893903907228e-18,1.98653966963899e-16,1.0380315116137744,1.709741141915333e-16,1.0267363622950993,6.938893903907228e-18,1.3877787807814457e-17
square,0.1,0.0,0.8,4.335849056603774,0.01272486670386679,0.012806346228225721,0.0,0.007927363111119985,0.007958909694679215,0.0,3.7093187589559594e-05,3.709387555476607e-05,8.537736462515939e-07,0.0002865513119089408,0.0004734954868828715,0.0004712799384499852,2.2155484328855002e-06,0.007890269923530412,3.7093187589559594e-05,8.673617379884035e-19,6.938893903907228e-18,9.364638244122221e-17,1.0367494455752868,1.3243597753738826e-16,1.0258354851645624,-1.3877787807814457e-17,6.938893903907228e-18
square,0.1,0.0,0.8,4.385534591194968,0.012321781886874144,0.01239816563323935,0.0,0.0076759912327608055,0.007705565158059234,8.537736462515939e-07,3.4764928261427964e-05,3.476553257217979e-05,0.0,0.00026525415088465945,0.00043826523583048775,0.00043628031179642775,1.9849240340579082e-06,0.007641226304499342,3.4764928261427964e-05,3.469446951953614e-18,1.3877787807814457e-17,9.364641035001153e-17,1.035526082971768,1.8729275557951303e-16,1.0249756131222705,-2.0816681711721685e-17,2.0816681711721685e-17
square,0.1,0.0,0.8,4.435220125786164,0.011936211329024955,0.012007875599408547,1.4787793334710982e-06,0.007435597756322358,0.0074633449718862575,8.537736462515939e-07,3.260912101358255e-05,3.260965269977288e-05,1.4787793334710982e-06,0.0002457680301149324,0.00040604068395967474,0.0004042599757727091,1.7807081869672932e-06,0.0074029886353088065,3.260912101358255e-05,1.734723475976807e-18,6.938893903907228e-18,1.480679298096236e-16,1.0343580590093806,1.0813352499951865e-16,1.0241544195742625,0.0,0.0
square,0.1,0.0,0.8,4.484905660377359,0.011567202469518933,0.011634491730255958,0.0,0.007205580731220598,0.007231634795389155,8.537736462515939e-07,3.0611124962734546e-05,3.061159349048526e-05,8.537736462515939e-07,0.00022792031560786019,0.0003765338520709155,0.0003749342412652938,1.5996108056220631e-06,0.00717496960625787,3.061112496273454e-05,3.469446951953614e-18,6.938893903907228e-18,9.364638244122221e-17,1.0332422404412385,1.0813352983346351e-16,1.0233697358743106,-6.938893903907228e-18,2.0816681711721685e-17
square,0.1,0.0,0.8,4.534591194968554,0.011213864459412788,0.011277094363255713,1.2074182697257333e-06,0.006985377627669286,0.0070098608903877545,0.0,2.8757694774291094e-05,2.875810828286382e-05,1.2074182697257333e-06,0.00021155654771409855,0.00034948728332203,0.0003480484994570805,1.438783864949693e-06,0.006956619932894999,2.875769477429109e-05,2.6020852139652106e-18,6.938893903907228e-18,1.4806794393047975e-16,1.0321757069689272,1.7097411622970347e-16,1.022619538847151,-2.0816681711721685e-17,1.3877787807814457e-17
square,0.1,0.0,0.8,4.584276729559749,0.010875363540226222,0.01093482363134587,1.2074182697257333e-06,0.00677446234416154,0.0067974870040334425,0.0,2.7036833532215008e-05,2.7037199032442094e-05,1.2074182697257333e-06,0.00019653835189563604,0.0003246705054435931,0.00032337474764577116,1.2957577978219574e-06,0.006747425510629325,2.7036833532215004e-05,3.469446951953614e-18,1.3877787807814457e-17,1.4806792274919503e-16,1.0311557343521816,1.3243597753738826e-16,1.0219019394353692,6.938893903907228e-18,2.0816681711721685e-17
square,0.1,0.0,0.8,4.633962264150943,0.010550918814173749,0.010606874952421347,1.2074182697257333e-06,0.0065723424727729815,0.006594011523774893,0.0,2.543766257280539e-05,2.5437986114445984e-05,1.2074182697257333e-06,0.00018274160938196534,0.0003018769373320913,0.00030070854969827817,1.1683876338120493e-06,0.006546904810200152,2.5437662572805385e-05,3.469446951953614e-18,6.938893903907228e-18,1.622003020011122e-16,1.0301797790501852,1.7097411622970347e-16,1.021215172356349,-1.3877787807814457e-17,1.3877787807814457e-17
square,0.1,0.0,0.8,4.683647798742139,0.010239798369052066,0.010292494905324717,0.0,0.006378556797472968,0.0063989648779325435,8.537736462515939e-07,2.3950306163608134e-05,2.3950592975736828e-05,8.537736462515939e-07,0.0001700548529877114,0.00028092117997798076,0.0002798663726787846,1.0548072991966198e-06,0.006354606491309372,2.3950306163608137e-05,1.734723475976807e-18,3.469446951953614e-18,1.3243598016865464e-16,1.0292454642381765,1.7097411521061839e-16,1.0205575866684313,-2.0816681711721685e-17,0.0
square,0.1,0.0,0.8,4.733333333333333,0.009941315724666907,0.009990977455307646,8.537736462515939e-07,0.006192673003263037,0.0062119071581416534,0.0,2.2565789182752857e-05,2.2566043793220515e-05,8.537736462515939e-07,0.00015837785832012528,0.00026163664035882135,0.00026068324959110055,9.533907677201654e-07,0.006170107214080269,2.2565789182752854e-05,8.673617379884035e-19,6.938893903907228e-18,1.1469293801297893e-16,1.0283505670608328,1.3243597885302146e-16,1.0199276371565942,-6.938893903907228e-18,1.3877787807814457e-17
square,0.1,0.0,0.8,4.783018867924529,0.00965482657108643,0.009701660495856091,0.0,0.006014285576294802,0.00603242594246297,0.0,2.1275946226213674e-05,2.1276172561746838e-05,8.537736462515939e-07,0.0001476204048075517,0.00024387344426859682,0.000243010725293842,8.627189747542264e-07,0.005993009630068574,2.1275946226213677e-05,1.734723475976807e-18,6.938893903907228e-18,9.36463991864968e-17,1.0274930069993,1.7097411113427802e-16,1.0193238764577595,-1.0408340855860843e-17,1.3877787807814457e-17
square,0.1,0.0,0.8,4.8327044025157235,0.009379725772006419,0.009423922677210943,0.0,0.005843013877179465,0.005860134300198657,0.0,2.0073340741189105e-05,2.007354221287299e-05,8.537736462515939e-07,0.0001377011845518681,0.00022749660027933464,0.00022671504869125548,7.815515880776198e-07,0.005822940536438236,2.0073340741189105e-05,1.734723475976807e-18,6.938893903907228e-18,6.621800389847427e-17,1.0266708352425271,7.646195107950817e-17,1.0187449478544803,-1.3877787807814457e-17,3.469446951953614e-18
square,0.1,0.0,0.8,4.882389937106918,0.009115444609239786,0.00915718049502946,0.0,0.005678500371530385,0.005694668961437196,0.0,1.8951193003957897e-05,1.8951372579599617e-05,0.0,0.00012854684005206383,0.00021238438232014744,0.00021167557943962682,7.088028805201535e-07,0.005659549178526414,1.89511930039579e-05,1.734723475976807e-18,3.469446951953614e-18,1.4806793333983775e-16,1.025882224965286,1.0813353144477842e-16,1.0181895786733564,-1.3877787807814457e-17,1.734723475976807e-17
square,0.1,0.0,0.8,4.932075471698114,0.008861448246692879,0.008900885615307854,0.0,0.005520409003400266,0.005535688636093776,1.2074182697257333e-06,1.7903315879921667e-05,1.7903476145784318e-05,0.0,0.0001200911144398817,0.00019842690286060561,0.0001977833817883806,6.435210722248681e-07,0.00550250568752034,1.7903315879921667e-05,1.734723475976807e-18,6.938893903907228e-18,1.1469292889800568e-16,1.025125462425951,1.3243597885302146e-16,1.0176565742312491,1.0408340855860843e-17,-6.938893903907228e-18
square,0.1,0.0,0.8,4.981761006289308,0.008617233394355474,0.008654522414135276,0.0,0.005368423698722497,0.0053828724687868855,1.2074182697257333e-06,1.6924057465377308e-05,1.6924200678644952e-05,1.2074182697257333e-06,0.00011227410008743426,0.00018552485252439232,0.00018493998191030143,5.848706140921104e-07,0.005351499641257155,1.6924057465377308e-05,1.734723475976807e-18,6.938893903907228e-18,1.4806793333983775e-16,1.0243989388062968,7.646195335825158e-17,1.0171448122782993,-6.938893903907228e-18,1.0408340855860843e-17
square,0.1,0.0,0.8,5.031446540880504,0.008382326154721172,0.008417605712985252,0.0,0.005222246987143059,0.005235918617255039,0.0,1.600824979895955e-05,1.6008377932126664e-05,0.0,0.00010504157334476572,0.00017358838523810806,0.00017305626827007997,5.32116968027566e-07,0.0052062387373440835,1.600824979895955e-05,1.734723475976807e-18,3.469446951953614e-18,9.364642709528113e-17,1.0237011427237699,1.0813352661083362e-16,1.0166532378920268,-1.0408340855860843e-17,0.0
square,0.1,0.0,0.8,5.081132075471698,0.008156280035751666,0.008189678692159745,0.0,0.00508159873177969,0.0050945429432594615,0.0,1.5151162960120481e-05,1.5151277739878701e-05,1.2074182697257333e-06,9.8344404792563e-05,0.00016253613082628336,0.0001620515173148591,4.846135114241929e-07,0.005066447568819568,1.5151162960120481e-05,8.673617379884035e-19,0.0,9.364638802298074e-17,1.0230306533539384,7.64619875393946e-17,1.016180858781426,-1.3877787807814457e-17,6.938893903907228e-18
square,0.1,0.0,0.8,5.130817610062893,0.007938674116035133,0.007970310966719315,8.537736462515939e-07,0.0049462149574619274,0.004958477806007206,8.537736462515939e-07,1.4348463929570306e-05,1.434856686957715e-05,0.0,9.213803579351861e-05,0.0001522943193685414,0.00015185252911742328,4.417902511174469e-07,0.004931866493532335,1.4348463929570306e-05,1.734723475976807e-18,6.938893903907228e-18,1.1469292889800568e-16,1.022386134107223,1.3243597885302146e-16,1.0157267409641513,-6.938893903907228e-18,3.469446951953614e-18
square,0.1,0.0,0.8,5.180503144654088,0.007729111349144812,0.007759096810754473,0.0,0.004815846768922855,0.004827470949109126,0.0,1.3596179683183564e-05,1.3596272111966313e-05,0.0,8.638201332743112e-05,0.00014279600369983058,0.0001423928596179054,4.031440819238704e-07,0.004802250589239627,1.3596179683183566e-05,1.3010426069826053e-18,3.469446951953614e-18,1.146929243405188e-16,1.0217663268096928,1.0813352499951865e-16,1.0152900047835338,-1.0408340855860843e-17,0.0
square,0.1,0.0,0.8,5.230188679245283,0.007527216995403187,0.00755565351718635,0.0,0.004690259351219815,0.004701284472950922,8.537736462515939e-07,1.2890664040481083e-05,1.2890747125819531e-05,8.537736462515939e-07,8.103957613019235e-05,0.00013398036820988106,0.0001336121378445046,3.6823036537720575e-07,0.004677368687179361,1.2890664040481083e-05,8.673617379884035e-19,3.469446951953614e-18,1.1469295168543742e-16,1.0211700463427758,1.7097411113427802e-16,1.0148698212354814,-1.0408340855860843e-17,6.938893903907228e-18
square,0.1,0.0,0.8,5.279874213836479,0.0073326371704060846,0.007359619881557915,8.537736462515939e-07,0.004569231045405483,0.0045796938851447345,8.537736462515939e-07,1.2228567861380765e-05,1.2228642630885289e-05,8.537736462515939e-07,7.60772860512399e-05,0.0001257921136276859,0.0001254554579885554,3.366556391297934e-07,0.004557002477544076,1.2228567861380764e-05,1.734723475976807e-18,3.469446951953614e-18,4.5725769950909845e-20,1.0205961757011996,1.7097411521061839e-16,1.0144654085782199,-1.0408340855860843e-17,3.469446951953614e-18
square,0.1,0.0,0.8,5.329559748427673,0.007145037500585703,0.007170654799308178,0.0,0.004452552493113776,0.004462487222417677,8.537736462515939e-07,1.1606812215735475e-05,1.1606879575333046e-05,8.537736462515939e-07,7.146469931424896e-05,0.00011818090879549796,0.00011787283749976614,3.080712957333471e-07,0.004440945680898097,1.1606812215735477e-05,1.3010426069826053e-18,3.469446951953614e-18,9.364638802298074e-17,1.0200436614325126,1.709741141915333e-16,1.014076029200455,0.0,3.469446951953614e-18
square,0.1,0.0,0.8,5.379245283018868,0.006964101877030011,0.006988435967047918,0.0,0.004340025844316639,0.00434946423791741,0.0,1.1022564210448744e-05,1.1022624959292354e-05,8.537736462515939e-07,6.717407303496664e-05,0.0001111009015765106,0.00011081873348226553,2.8216809424522145e-07,0.004329003280106197,1.1022564210448744e-05,1.734723475976807e-18,6.938893903907228e-18,4.5725769950909845e-20,1.0195115094250613,1.8729276953390997e-16,1.0137009867258726,-6.938893903907228e-18,1.0408340855860843e-17
square,0.1,0.0,0.8,5.428930817610063,0.0067895312995287435,0.006812658679196524,0.0,0.004231464023041245,0.004240435648485614,0.0,1.0473215183095426e-05,1.0473270027674587e-05,1.2074182697257333e-06,6.318010292714026e-05,0.00010451028202640916,0.00010425161063831507,2.586713880936863e-07,0.004220990807858134,1.0473215183095424e-05,1.734723475976807e-18,6.938893903907228e-18,1.7519634676186695e-16,1.0189987810145196,2.417939067807808e-16,1.0133396233339749,-6.938893903907228e-18,-6.938893903907228e-18
square,0.1,0.0,0.8,5.478616352201258,0.0066210428035711625,0.006643034712158568,1.2074182697257333e-06,0.00412669004630759,0.004135222436942618,1.2074182697257333e-06,9.956361017194879e-06,9.956410582081162e-06,0.0,5.94596886305628e-05,9.837089181302361e-05,9.813355484284157e-05,2.373369701827324e-07,0.004116733685290424,9.956361017194879e-06,1.3010426069826053e-18,3.469446951953614e-18,1.4806792627940936e-16,1.0185045893819167,1.0813352822214858e-16,1.0129913172791372,-6.938893903907228e-18,6.938893903907228e-18
square,0.1,0.0,0.8,5.528301886792454,0.006458368463661091,0.006479291288924751,0.0,0.004025536391969024,0.004033655204879052,0.0,9.46978434687236e-06,9.469829185652347e-06,0.0,5.599172353113901e-05,9.264787460932392e-05,9.242992715901741e-05,2.179474503066721e-07,0.004016066607622158,9.46978434687236e-06,1.734723475976807e-18,3.469446951953614e-18,1.146929243405188e-16,1.0180280962186277,7.646195335825158e-17,1.0126554805914376,3.469446951953614e-18,-3.469446951953614e-18
square,0.1,0.0,0.8,5.577987421383648,0.006301254466865847,0.006321170117585501,0.0,0.003927844411538322,0.003935573571868636,0.0,9.011438463310394e-06,9.011479066587705e-06,0.0,5.275690632106688e-05,8.730936282928047e-05,8.710905373656395e-05,2.003090927165215e-07,0.003918832973075013,9.011438463310394e-06,1.3010426069826053e-18,3.469446951953614e-18,9.364639360473893e-17,1.0175685086361144,7.646195791573821e-17,1.0123315569443345,-3.469446951953614e-18,0.0
square,0.1,0.0,0.8,5.627672955974843,0.006149460251112377,0.0061684264978928835,0.0,0.0038334637844130554,0.0038408256173663793,1.2074182697257333e-06,8.579432736120654e-06,8.579469539668685e-06,8.537736462515939e-07,4.973757187973577e-05,8.232619663593034e-05,8.21419475843728e-05,1.8424905155762442e-07,0.003824884351676938,8.579432736120656e-06,8.673617379884035e-19,1.734723475976807e-18,6.621799600467637e-17,1.0171250763002453,1.529238976015294e-16,1.0120190196756185,-8.673617379884035e-18,-1.734723475976807e-18
square,0.1,0.0,0.8,5.6773584905660375,0.006002757703146614,0.006020828490446848,1.2074182697257333e-06,0.003742252010244367,0.0037492673619055916,1.2074182697257333e-06,8.17201940448217e-06,8.172052795761255e-06,8.537736462515939e-07,4.691753934196537e-05,7.767167163944044e-05,7.750205868818032e-05,1.6961295125996257e-07,0.003734079990839877,8.17201940448217e-06,8.673617379884035e-19,3.469446951953614e-18,9.364638244122221e-17,1.016697088771851,1.0813352661083362e-16,1.0117173699492807,-3.469446951953614e-18,3.469446951953614e-18
square,0.1,0.0,0.8,5.727044025157233,0.005860930411580671,0.005878156143633792,0.0,0.003654073936460002,0.0036607622844857975,8.537736462515939e-07,7.78758159194937e-06,7.787611915479645e-06,1.2074182697257333e-06,4.4281975474058705e-05,7.332131212831655e-05,7.31650493622758e-05,1.5626276604058587e-07,0.003646286354868045,7.78758159194937e-06,8.673617379884035e-19,3.469446951953614e-18,1.8729277046420303e-16,1.0162838730368635,2.162670508046948e-16,1.0114261350470652,0.0,0.0
square,0.1,0.0,0.8,5.7767295597484285,0.005723772970761934,0.005740200773779866,8.537736462515939e-07,0.003568801318230045,0.0035751808733370093,8.537736462515939e-07,7.424622423411562e-06,7.424649986054555e-06,8.537736462515939e-07,4.1817271695959455e-05,6.925266704923195e-05,6.910859208993782e-05,1.440749592946768e-07,0.0035613766958066616,7.424622423411563e-06,8.673617379884035e-19,3.469446951953614e-18,2.0939966700056185e-16,1.0158847912108557,1.8729275837039252e-16,1.0111448667794332,-5.204170427930421e-18,3.469446951953614e-18
square,0.1,0.0,0.8,5.826415094339623,0.0055910903316537695,0.00560676429447318,8.537736462515939e-07,0.0034863124083746476,0.0034924002074638587,8.537736462515939e-07,7.081755135870054e-06,7.081780211717434e-06,0.0,3.951093328309003e-05,6.544512627569612e-05,6.531218742661106e-05,1.32938849085142e-07,0.003479230653238781,7.081755135870054e-06,8.673617379884035e-19,0.0,6.621800389847427e-17,1.0154992384041492,2.1626704838772229e-16,1.0108731400065971,-5.204170427930421e-18,1.734723475976807e-18
square,0.1,0.0,0.8,5.876100628930818,0.005462697196138932,0.005477658591252887,0.0,0.003406491574941765,0.0034123035666172117,8.537736462515939e-07,6.757694082125678e-06,6.757716915417482e-06,8.537736462515939e-07,3.7351479447832756e-05,6.187975499092954e-05,6.175699982042469e-05,1.2275517050493222e-07,0.0033997338808596437,6.757694082125678e-06,8.673617379884035e-19,1.734723475976807e-18,9.364639360473893e-17,1.0151266407348898,1.7097411215336312e-16,1.0106105512610724,-1.734723475976807e-18,-3.469446951953614e-18
square,0.1,0.0,0.8,5.925786163522012,0.005338417451531202,0.005352704938258867,0.0,0.003329228944366041,0.003334780067528118,1.2074182697257333e-06,6.451246540995982e-06,6.451267350458713e-06,0.0,3.5328353150683424e-05,5.8539144259783565e-05,5.842570945003358e-05,1.1343480975013164e-07,0.0033227776978250537,6.451246540995981e-06,4.336808689942018e-19,1.734723475976807e-18,6.621800389847427e-17,1.0147664534785654,7.646195107950817e-17,1.010356717463937,-1.734723475976807e-18,-1.734723475976807e-18
square,0.1,0.0,0.8,5.975471698113208,0.005218083642305097,0.005231733453682933,0.0,0.0032544200682934872,0.0032597243244227954,0.0,6.1613052555379285e-06,6.1613242365096775e-06,1.2074182697257333e-06,3.343183962043432e-05,5.5407276083671725e-05,5.5302378395553396e-05,1.0489768811817118e-07,0.0032482587630379397,6.161305255537928e-06,6.505213034913027e-19,1.734723475976807e-18,9.364640476825432e-17,1.014418159343458,1.32435982799921e-16,1.0101112747276593,-1.734723475976807e-18,-1.734723475976807e-18
square,0.1,0.0,0.8,6.025157232704403,0.005101536476310071,0.005114582591135051,0.0,0.0031819656123181664,0.003187036132006816,0.0,5.8868416274538754e-06,5.88685895510583e-06,1.2074182697257333e-06,3.165299267748907e-05,5.246940142510608e-05,5.237232964806298e-05,9.707177704283035e-08,0.0031760787706906963,5.886841627453876e-06,8.673617379884035e-19,1.734723475976807e-18,9.364639360473893e-17,1.0140812668624017,1.0813352338820364e-16,1.0098738772389435,-5.204170427930421e-18,3.469446951953614e-18
square,0.1,0.0,0.8,6.074842767295598,0.0049886243629488495,0.005001098664267927,1.2074182697257333e-06,0.0031117710650204167,0.003116620169252143,1.2074182697257333e-06,5.626899509398646e-06,5.6269153406341876e-06,1.2074182697257333e-06,2.9983568055134656e-05,4.971192985782112e-05,4.9622037629928043e-05,8.989222789318475e-08,0.003106144165511025,5.626899509398645e-06,6.505213034913027e-19,1.734723475976807e-18,1.1469293801297893e-16,1.0137553088920428,1.8729275930068566e-16,1.0096441962156069,-1.734723475976807e-18,5.204170427930421e-18
square,0.1,0.0,0.8,6.124528301886793,0.004879202981026976,0.004891135402244694,0.0,0.003043746465820928,0.0030483857224556186,8.537736462515939e-07,5.380589529878412e-06,5.380604005447663e-06,8.537736462515939e-07,2.8415963003017154e-05,4.712232964757667e-05,4.70390290453844e-05,8.330060219284603e-08,0.0030383658762910865,5.380589529878412e-06,8.673617379884035e-19,1.734723475976807e-18,1.6220029555585272e-16,1.013439841211538,1.8729277046420303e-16,1.0094219189319842,-5.204170427930421e-18,-3.469446951953614e-18
square,0.1,0.0,0.8,6.174213836477987,0.004773134874122253,0.0047845535337869265,0.0,0.0029778061502978184,0.002982246426172722,0.0,5.147083911930749e-06,5.147097158569048e-06,8.537736462515939e-07,2.694316153457792e-05,4.468903720050968e-05,4.461179301038916e-05,7.724419012010346e-08,0.00297265906638586,5.147083911930748e-06,8.673617379884035e-19,3.469446951953614e-18,1.622003020011122e-16,1.0131344412132923,1.7097411215336312e-16,1.0092067478078208,-3.469446951953614e-18,-1.734723475976807e-18
square,0.1,0.0,0.8,6.223899371069182,0.0046702890715264395,0.004681220397759054,0.0,0.002913868511704139,0.00291812002072519,8.537736462515939e-07,4.925611727281213e-06,4.925623858241903e-06,8.537736462515939e-07,2.5558684750419576e-05,4.2401374931727676e-05,4.232969952538178e-05,7.167540634646571e-08,0.002908942899976897,4.925611727281212e-06,6.505213034913027e-19,1.734723475976807e-18,2.0939967948175393e-16,1.0128387066789597,1.0813354272398209e-16,1.008998399556012,3.469446951953614e-18,5.204170427930421e-18
square,0.1,0.0,0.8,6.273584905660378,0.004570540732971198,0.0045810095784094545,0.0,0.002851855777540041,0.002855928125102098,0.0,4.715454558172102e-06,4.715465675997617e-06,8.537736462515939e-07,2.425654573060705e-05,4.024947670973362e-05,4.018292545566691e-05,6.65512540675071e-08,0.0028471403229819252,4.715454558172102e-06,8.673617379884035e-19,3.469446951953614e-18,3.233300200726441e-20,1.0125522546344554,1.7097411113427802e-16,1.008796604384935,-5.204170427930421e-18,1.734723475976807e-18
square,0.1,0.0,0.8,6.323270440251573,0.004473770815428717,0.0044838005634803115,0.0,0.0027916938001135683,0.002795596024157745,8.537736462515939e-07,4.515942515760486e-06,4.515952712719104e-06,0.0,2.3031208542422555e-05,3.8224220122856525e-05,3.8162387274004286e-05,6.183284885239672e-08,0.0027871778575978196,4.515942515760486e-06,4.336808689942018e-19,1.734723475976807e-18,9.364638244122221e-17,1.0122747202782862,1.8729275930068566e-16,1.0086011052514556,-1.734723475976807e-18,0.0
square,0.1,0.0,0.8,6.3729559748427675,0.0043798657605045345,0.0043894784236317656,0.0,0.002733311860110062,0.0027370524690978953,0.0,4.326450596645682e-06,4.326459955799471e-06,8.537736462515939e-07,2.1877550959571725e-05,3.6317164894288326e-05,3.625967989888052e-05,5.7484995407383345e-08,0.0027289854095133848,4.326450596645682e-06,8.673617379884035e-19,1.734723475976807e-18,6.621799600467637e-17,1.0120057559778943,1.7097411113427802e-16,1.0084116571609945,-5.204170427930421e-18,1.734723475976807e-18
square,0.1,0.0,0.8,6.422641509433962,0.004288717200961248,0.004297933511651299,0.0,0.002676642482268656,0.0026802294903267936,8.537736462515939e-07,4.146395336423696e-06,4.146403932928882e-06,8.537736462515939e-07,2.0790830530009582e-05,3.452049684359803e-05,3.4467021032737286e-05,5.3475810860629236e-08,0.0026724960869322235,4.146395336423696e-06,8.673617379884035e-19,3.469446951953614e-18,1.7519633482756498e-16,1.0117450303292035,1.0813352661083362e-16,1.0082280265113401,1.734723475976807e-18,0.0
square,0.1,0.0,0.8,6.472327044025157,0.004200221685089926,0.004209061180111384,0.0,0.0026216212623275917,0.0026250622217955585,0.0,3.975231736001136e-06,3.975239637446441e-06,1.2074182697257333e-06,1.9766653668514113e-05,3.2826976855715764e-05,3.277720046655227e-05,4.977638916384018e-08,0.0026176460305916177,3.975231736001137e-06,8.673617379884035e-19,1.734723475976807e-18,1.6220029877848249e-16,1.0114922272748783,1.0813352661083362e-16,1.0080499904771405,-5.204170427930421e-18,0.0
square,0.1,0.0,0.8,6.522012578616353,0.0041142804176980755,0.004122761516184588,1.2074182697257333e-06,0.002568186704470344,0.002571488736061719,0.0,3.812450441345709e-06,3.8124577088496183e-06,0.0,1.8800947483022012e-05,3.1229894374604645e-05,3.118353387270461e-05,4.636050189980111e-08,0.0025643742540289796,3.8124504413457093e-06,8.673617379884035e-19,1.734723475976807e-18,9.364640476825432e-17,1.011247045277195,1.7097411622970347e-16,1.0078773364322438,0.0,3.469446951953614e-18
square,0.1,0.0,0.8,6.571698113207548,0.004030799016616669,0.00403893909247784,0.0,0.002516280068558603,0.0025194498893288575,0.0,3.6575751476683057e-06,3.6575818366864017e-06,1.2074182697257333e-06,1.7889934074290596e-05,2.9723024988683685e-05,2.967982065746852e-05,4.320433121516877e-08,0.0025126224934109345,3.6575751476683053e-06,8.673617379884035e-19,3.469446951953614e-18,1.6220028588796296e-16,1.0110091965417247,1.3243598148428782e-16,1.0077098614072872,-5.204170427930421e-18,1.734723475976807e-18
square,0.1,0.0,0.8,6.6213836477987424,0.0039496872836541335,0.003957502732763552,0.0,0.0024658452264928357,0.002468889175787317,0.0,3.5101602133648784e-06,3.5101663741483685e-06,0.0,1.703010707433923e-05,2.8300591719484097e-05,2.8260305488214563e-05,4.028623126914864e-08,0.0024623350662794376,3.5101602133648784e-06,8.673617379884035e-19,1.734723475976807e-18,1.3243598016865464e-16,1.0107784062883298,2.63997855900607e-20,1.007547371580121,-3.469446951953614e-18,-1.734723475976807e-18
square,0.1,0.0,0.8,6.671069182389937,0.0038708589890834185,0.0038783652916595853,0.0,0.0024168285270889625,0.002419752590633843,0.0,3.3697884605834596e-06,3.3697941386325867e-06,0.0,1.6218210213887502e-05,2.6957229664558668e-05,2.6919643149654814e-05,3.758651490362193e-08,0.0024134587386283584,3.36978846058346e-06,8.673617379884035e-19,3.469446951953614e-18,6.621799600467637e-17,1.01055441206623,1.7097411113427802e-16,1.0073896817968389,1.734723475976807e-18,-1.734723475976807e-18
square,0.1,0.0,0.8,6.720754716981132,0.0037942316687228027,0.0038014434472801234,0.0,0.002369178668910112,0.002371988501190157,0.0,3.236069151542031e-06,3.236074387777836e-06,1.2074182697257333e-06,1.5451217728956445e-05,2.5687953680979558e-05,2.5652866418223006e-05,3.508726275654832e-08,0.00236594259975857,3.236069151542031e-06,4.336808689942018e-19,1.734723475976807e-18,9.364639360473893e-17,1.0103369631101597,1.3243598411555412e-16,1.0072366151213543,-2.6020852139652106e-18,8.673617379884035e-19
square,0.1,0.0,0.8,6.770440251572328,0.0037197264328227373,0.003726657506038425,0.0,0.0023228465805247133,0.0023255475255835527,0.0,3.1086361238192253e-06,3.1086409556796433e-06,0.0,1.472631643685497e-05,2.4488128827113606e-05,2.445535667482643e-05,3.277215228717701e-08,0.002319737944400894,3.1086361238192257e-06,2.168404344971009e-19,8.673617379884035e-19,6.621800389847427e-17,1.0101258197348444,1.0813353144477842e-16,1.0070880024116222,-1.734723475976807e-18,2.6020852139652106e-18
square,0.1,0.0,0.8,6.820125786163523,0.003647267785968369,0.0036539312187816473,8.537736462515939e-07,0.0022777853077063765,0.0022803824184908315,8.537736462515939e-07,2.987146064959044e-06,2.9871505266061553e-06,8.537736462515939e-07,1.4040889327856082e-05,2.3353443308533818e-05,2.332281700409409e-05,3.062630443980523e-08,0.002274798161641425,2.9871460649590446e-06,4.336808689942018e-19,8.673617379884035e-19,1.480679298096236e-16,1.0099207527652356,1.3243597622175503e-16,1.006943681920733,-2.6020852139652106e-18,1.734723475976807e-18
square,0.1,0.0,0.8,6.869811320754717,0.003576783457307202,0.0035831916075403703,0.0,0.002233949907130437,0.0022364479634906695,1.2074182697257333e-06,2.871276927911261e-06,2.871281050140395e-06,8.537736462515939e-07,1.3392500534441587e-05,2.2279883699079314e-05,2.2251247552934156e-05,2.8636146145231097e-08,0.0022310786302025334,2.8712769279112615e-06,4.336808689942018e-19,8.673617379884035e-19,1.6220028911059293e-16,1.009721543000145,1.3243598674682038e-16,1.0068034989212458,-2.6020852139652106e-18,8.673617379884035e-19
square,0.1,0.0,0.8,6.919496855345912,0.0035082042404169953,0.0035143688021841805,0.0,0.0021912973461392098,0.002193700871588372,8.537736462515939e-07,2.7607264603622607e-06,2.760730271220219e-06,0.0,1.2778881553189847e-05,2.12637122303845e-05,2.1236922943616143e-05,2.678928676812343e-08,0.0021885366196788235,2.760726460362261e-06,4.336808689942018e-19,8.673617379884035e-19,9.364638802298074e-17,1.0095279807070672,1.5292389532278588e-16,1.0066673053512483,-8.673617379884035e-19,-8.673617379884035e-19
square,0.1,0.0,0.8,6.969182389937107,0.0034414638422251643,0.0034473958863716534,8.537736462515939e-07,0.0021497864081973616,0.0021520996855240856,0.0,2.6552108510816447e-06,2.6552143762885495e-06,8.537736462515939e-07,1.2197918606809026e-05,2.0301445963521653e-05,2.027637155640407e-05,2.5074407117584506e-08,0.0021471311973462804,2.655210851081645e-06,4.336808689942018e-19,1.734723475976807e-18,9.36463991864968e-17,1.009339865146169,1.7097411215336312e-16,1.0065349594807242,-2.6020852139652106e-18,2.6020852139652106e-18
square,0.1,0.0,0.8,7.018867924528303,0.0033764987403902724,0.0033822087521860186,8.537736462515939e-07,0.002109377603669076,0.002111604689489015,1.4787793334710982e-06,2.554463474284695e-06,2.554466737164208e-06,8.537736462515939e-07,1.1647641044399811e-05,1.9389837674248827e-05,1.936635651467589e-05,2.3481159572863465e-08,0.002106823140194783,2.5544634742846943e-06,2.168404344971009e-19,8.673617379884035e-19,1.146929334554924e-16,1.009157004121549,1.3243598806245348e-16,1.006406325596936,0.0,0.0
square,0.1,0.0,0.8,7.068553459119498,0.003313248048630991,0.0033187459629238224,0.0,0.0020700330855866387,0.002072177823914051,0.0,2.458233729688871e-06,2.4582367512519157e-06,1.2074182697257333e-06,1.1126210688000114e-05,1.8525858299652918e-05,1.8503858221460612e-05,2.2000078192343104e-08,0.002067574851856954,2.4582337296888706e-06,4.336808689942018e-19,8.673617379884035e-19,6.621799600467637e-17,1.0089792135580196,7.646195107950817e-17,1.0062812737075988,-3.469446951953614e-18,8.673617379884035e-19
square,0.1,0.0,0.8,7.118238993710692,0.003251653389482302,0.0032569486234978197,1.2074182697257333e-06,0.002031716570092903,0.0020337826050022836,0.0,2.3662859705697345e-06,2.366288770315662e-06,0.0,1.0631912041913992e-05,1.7706680808386984e-05,1.768605831064341e-05,2.0622497743534472e-08,0.0020293502841223286,2.366285970569735e-06,4.336808689942018e-19,1.734723475976807e-18,1.146929334554924e-16,1.0088063171017785,1.8729275464921986e-16,1.0061596792607221,8.673617379884035e-19,1.734723475976807e-18
square,0.1,0.0,0.8,7.167924528301887,0.0031916587740572,0.0031967602580203055,1.2074182697257333e-06,0.001994393261272207,0.001996384048719082,1.2074182697257333e-06,2.2783985053618902e-06,2.2784011009869736e-06,1.2074182697257333e-06,1.0163143289688645e-05,1.6929665369839226e-05,1.6910324889190796e-05,1.9340480648392055e-08,0.001992114862766841,2.2783985053618902e-06,4.336808689942018e-19,8.673617379884035e-19,1.6220029233322287e-16,1.008638145743456,1.0813352338820364e-16,1.0060414228800711,-2.6020852139652106e-18,8.673617379884035e-19
square,0.1,0.0,0.8,7.2176100628930815,0.00313321048835049,0.003138126694086425,0.0,0.001958029780095902,0.001959948598958048,1.2074182697257333e-06,2.194362680956247e-06,2.1943650887395463e-06,1.2074182697257333e-06,9.718408010077517e-06,1.619234570921152e-05,1.6174198958072885e-05,1.8146751138634604e-08,0.001955835417414946,2.194362680956247e-06,1.0842021724855044e-19,8.673617379884035e-19,1.146929197830317e-16,1.0084745374621442,7.646195107950817e-17,1.0059263901152697,-8.673617379884035e-19,2.6020852139652106e-18
square,0.1,0.0,0.8,7.267295597484278,0.0030762569856960247,0.003080995953358311,0.0,0.0019225940972309506,0.001924444059625809,1.2074182697257333e-06,2.1139820212346217e-06,2.1139842558682293e-06,1.2074182697257333e-06,9.296307550087879e-06,1.5492416546069356e-05,1.5475381910370177e-05,1.7034635699255572e-08,0.0019204801152097257,2.1139820212346217e-06,4.336808689942018e-19,8.673617379884035e-19,1.1469295168543742e-16,1.0083153368890752,1.0813352499951865e-16,1.005814471205637,-2.6020852139652106e-18,8.673617379884035e-19
square,0.1,0.0,0.8,7.3169811320754725,0.0030207487850159283,0.0030253181480760505,0.0,0.0018880554694751391,0.0018898395304061048,0.0,2.037071439839721e-06,2.0370735147304323e-06,0.0,8.895533998942655e-06,1.4827722023403189e-05,1.4811724014054043e-05,1.5998009348821623e-08,0.0018860183980352581,2.0370714398397207e-06,3.2526065174565133e-19,8.673617379884035e-19,1.6220028588796296e-16,1.0081603949897588,1.3243597753738826e-16,1.0057055608569165,-1.734723475976807e-18,0.0
square,0.1,0.0,0.8,7.366666666666667,0.002966638374504269,0.002971045383127279,8.537736462515939e-07,0.001854384379604287,0.001856105345984554,8.537736462515939e-07,1.9634565000434516e-06,1.963458427806316e-06,8.537736462515939e-07,8.514863711726394e-06,1.4196245042846246e-05,1.4181213795866241e-05,1.503124697994606e-08,0.0018524209231042359,1.9634565000434516e-06,2.168404344971009e-19,8.673617379884035e-19,9.364638802298074e-17,1.0080095687634183,2.2938583956606347e-16,1.0055995580301018,0.0,8.673617379884035e-19
square,0.1,0.0,0.8,7.416352201257862,0.00291388012040868,0.0029181316633300797,0.0,0.0018215524794193898,0.0018232130185166459,8.537736462515939e-07,1.892972732854341e-06,1.892974524652175e-06,8.537736462515939e-07,8.15315133624651e-06,1.3596097429312376e-05,1.3581968249946284e-05,1.412917936634078e-08,0.001819659506686569,1.8929727328543413e-06,3.2526065174565133e-19,8.673617379884035e-19,6.621799600467637e-17,1.0078627209586855,1.7097411113427802e-16,1.0054963657416296,-3.469446951953614e-18,2.6020852139652106e-18
square,0.1,0.0,0.8,7.466037735849056,0.002862430180634047,0.0028665328056424765,8.537736462515939e-07,0.0017895325358099204,0.001791135183153169,0.0,1.8254650004726647e-06,1.8254666666354193e-06,8.537736462515939e-07,7.809324301032793e-06,1.3025510855399527e-05,1.3012223802102454e-05,1.3287053296880762e-08,0.0017877070708094216,1.8254650004726647e-06,3.2526065174565133e-19,8.673617379884035e-19,1.1469295168543742e-16,1.007719719804563,1.0813352983346351e-16,1.0053958908742544,-1.734723475976807e-18,8.673617379884035e-19
square,0.1,0.0,0.8,7.515723270440253,0.002812246422862098,0.0028162063559875176,8.537736462515939e-07,0.001758298379649562,0.0017598455464360144,8.537736462515939e-07,1.7607869049377782e-06,1.7607884551891982e-06,8.537736462515939e-07,7.4823777259025e-06,1.2482828462092689e-05,1.2470327966643797e-05,1.250049544891126e-08,0.0017565375927446269,1.7607869049377782e-06,1.0842021724855044e-19,0.0,1.7519634676186695e-16,1.0075804387557283,1.8729275837039252e-16,1.0052980439979604,-8.673617379884035e-19,8.673617379884035e-19
square,0.1,0.0,0.8,7.565408805031447,0.0027632883469266845,0.0027671115104224266,8.537736462515939e-07,0.0017278248573594657,0.001729318837396464,8.537736462515939e-07,1.6988002395059934e-06,1.6988016826011803e-06,8.537736462515939e-07,7.171369720122375e-06,1.1966497118040651e-05,1.1954731638407e-05,1.1765479633880478e-08,0.001726126057119993,1.6988002395059934e-06,4.336808689942018e-19,8.673617379884035e-19,6.621800389847427e-17,1.0074447562513351,1.7097411215336312e-16,1.0052027392003204,8.673617379884035e-19,8.673617379884035e-19
square,0.1,0.0,0.8,7.615094339622642,0.002715517011208635,0.0027192090404118607,8.537736462515939e-07,0.0016980877849866306,0.0016995307611996223,8.537736462515939e-07,1.639374476324972e-06,1.6393758202138596e-06,8.537736462515939e-07,6.8754170363387435e-06,1.1475060264828968e-05,1.1463981967771042e-05,1.107829705788714e-08,0.0016964484105103,1.639374476324972e-06,4.336808689942018e-19,8.673617379884035e-19,1.7519633781114053e-16,1.0073125554864926,1.8729275464921986e-16,1.0051098939257372,-2.6020852139652106e-18,1.734723475976807e-18
square,0.1,0.0,0.8,7.664779874213837,0.002668894962800457,0.002672461221947341,0.0,0.0016690639046414487,0.0016704579551800782,0.0,1.5823862905045999e-06,1.5823875425485269e-06,0.0,6.593691051145123e-06,1.1007151300228392e-05,1.099671577090795e-05,1.0435529320690067e-08,0.0016674815183509817,1.5823862905045999e-06,4.336808689942018e-19,1.734723475976807e-18,6.621805126124196e-17,1.007183724195695,1.3243597885302146e-16,1.0050194288230505,-1.734723475976807e-18,2.6020852139652106e-18
square,0.1,0.0,0.8,7.714465408805031,0.0026233861712395535,0.002626831768307152,0.0,0.001640730843171848,0.0016420779471393253,8.537736462515939e-07,1.5277191156094374e-06,1.5277202826922759e-06,8.537736462515939e-07,6.32541404577835e-06,1.0561487455778486e-05,1.0551653431908718e-05,9.834023869673863e-09,0.0016392031240562237,1.5277191156094374e-06,2.168404344971009e-19,1.734723475976807e-18,6.621800389847427e-17,1.0070581544474813,1.0813353466740815e-16,1.0049312676010183,0.0,1.734723475976807e-18
square,0.1,0.0,0.8,7.764150943396228,0.0025789559655929025,0.0025822857662338955,1.2074182697257333e-06,0.0016130670729329766,0.0016143691157652722,0.0,1.4752627298509813e-06,1.475263818076244e-06,0.0,6.069855762727816e-06,1.0136864128694364e-05,1.0127593257013076e-05,9.27087168138327e-09,0.001611591810203141,1.4752627298509813e-06,4.336808689942018e-19,8.673617379884035e-19,1.480679298096236e-16,1.0069357424496848,1.3243598411555412e-16,1.0048453368912207,-8.673617379884035e-19,2.6020852139652106e-18
square,0.1,0.0,0.8,7.813836477987422,0.0025355709747181157,0.002538789615347962,0.0,0.0015860518745429836,0.0015873106530614437,1.2074182697257333e-06,1.4249128711856191e-06,1.4249138865745931e-06,0.0,5.826330216173737e-06,9.73214963170764e-06,9.723406244749568e-06,8.743386957958405e-09,0.0015846269616717793,1.4249128711856193e-06,4.336808689942018e-19,8.673617379884035e-19,1.146929334554924e-16,1.0068163883646575,1.32435982799921e-16,1.0047615661179543,-8.673617379884035e-19,0.0
square,0.1,0.0,0.8,7.863522012578617,0.0024931990705059455,0.0024963109706018214,1.2074182697257333e-06,0.0015596653015071257,0.0015608825286671504,1.2074182697257333e-06,1.3765708767182218e-06,1.3765718243460847e-06,1.2074182697257333e-06,5.594192735971177e-06,9.346280327485923e-06,9.338031238856421e-06,8.249088629482975e-09,0.0015582887306304042,1.3765708767182218e-06,4.336808689942018e-19,8.673617379884035e-19,9.364637685946336e-17,1.0066999961338907,7.646195107950817e-17,1.0046798873747207,2.6020852139652106e-18,-1.734723475976807e-18
square,0.1,0.0,0.8,7.913207547169812,0.0024518093139479042,0.002454818687609123,1.2074182697257333e-06,0.0015338881466031326,0.0015350654559567348,0.0,1.3301433456626864e-06,1.3301442304873035e-06,0.0,5.372837226776434e-06,8.978256117156266e-06,8.970470433658754e-06,7.785683497416453e-09,0.0015325580032574534,1.3301433456626864e-06,4.336808689942018e-19,8.673617379884035e-19,1.1469294257046526e-16,1.0065864733115002,1.529238941834141e-16,1.0046002353069359,-8.673617379884035e-19,8.673617379884035e-19
square,0.1,0.0,0.8,7.962893081761006,0.002411371903870303,0.002414282770690978,0.0,0.00150870190993876,0.0015098408598332809,0.0,1.285541827944963e-06,1.2855426543348325e-06,1.2074182697257333e-06,5.16169362532923e-06,8.62713625511686e-06,8.619785204231223e-06,7.351050885713647e-09,0.0015074163681108284,1.285541827944963e-06,4.336808689942018e-19,8.673617379884035e-19,1.622003181142599e-16,1.0064757309060774,2.293858426043882e-16,1.0045225470005048,-2.6020852139652106e-18,-8.673617379884035e-19
square,0.1,0.0,0.8,8.0125786163522,0.0023718581281845477,0.0023746743234825743,0.0,0.001484088768578057,0.0014851908461050345,1.2074182697257333e-06,1.2426825286905312e-06,1.2426833009307147e-06,1.2074182697257333e-06,4.960225540452864e-06,8.292035464552539e-06,8.285092235941674e-06,6.943228610883288e-09,0.0014828460860493698,1.242682528690531e-06,3.2526065174565133e-19,8.673617379884035e-19,1.1469292889800568e-16,1.0063676832304271,1.0813353950135259e-16,1.0044467618759356,-8.673617379884035e-19,8.673617379884035e-19
square,0.1,0.0,0.8,8.062264150943397,0.002333240317515775,0.0023359655019605814,8.537736462515939e-07,0.0014600315476554612,0.001461098172368415,0.0,1.2014860360453927e-06,1.201486757970579e-06,0.0,4.7679280615502095e-06,7.972120330317632e-06,7.965559930119402e-06,6.560400198154164e-09,0.0014588300616194018,1.2014860360453927e-06,1.0842021724855044e-19,4.336808689942018e-19,1.1469292889800568e-16,1.0062622477587544,1.0813352661083362e-16,1.004372821587687,-8.673617379884035e-19,1.3010426069826053e-18
square,0.1,0.0,0.8,8.111949685534592,0.002295491801078333,0.002298129469756255,8.537736462515939e-07,0.0014365136928953402,0.001437546220310249,8.537736462515939e-07,1.1618770636701305e-06,1.1618777387358673e-06,8.537736462515939e-07,4.58432572258785e-06,7.666605947758144e-06,7.66040506457056e-06,6.2008831875062206e-09,0.0014353518158316556,1.1618770636701303e-06,2.168404344971009e-19,4.336808689942018e-19,1.4806794393047975e-16,1.0061593449908879,1.0813352983346351e-16,1.0043006699284525,-2.6020852139652106e-18,1.3010426069826053e-18
square,0.1,0.0,0.8,8.161635220125786,0.0022585868646851485,0.002261140355638449,8.537736462515939e-07,0.0014135192444604356,0.0014145189693529118,8.537736462515939e-07,1.1237842107417476e-06,1.123784842246356e-06,8.537736462515939e-07,4.408970609689711e-06,7.374752807828165e-06,7.368889689376758e-06,5.863118451368655e-09,0.0014123954602496866,1.1237842107417476e-06,2.168404344971009e-19,4.336808689942018e-19,1.7519636764689345e-16,1.0060588983231464,1.32435982799921e-16,1.0042302527381157,-1.734723475976807e-18,1.3010426069826053e-18
square,0.1,0.0,0.8,8.211320754716981,0.0022225007107612924,0.0022249732130350196,8.537736462515939e-07,0.0013910328120551783,0.0013920009715682156,8.537736462515939e-07,1.0871397393586899e-06,1.087140330370562e-06,8.537736462515939e-07,4.241440601323449e-06,7.095863900464711e-06,7.090318240028584e-06,5.5456604362039606e-09,0.0013899456723158348,1.0871397393586899e-06,2.168404344971009e-19,4.336808689942018e-19,1.480679298096236e-16,1.0059608339254944,7.646196019448141e-17,1.0041615178171204,0.0,0.0
square,0.1,0.0,0.8,8.261006289308176,0.0021872094202695096,0.0021896039814970967,0.0,0.001369039551220567,0.0013699773277936406,1.2074182697257333e-06,1.0518793629379208e-06,1.051879916194046e-06,0.0,4.081337731091457e-06,6.82928201969605e-06,6.824034851479581e-06,5.247168216430824e-09,0.0013679876718576216,1.0518793629379208e-06,2.168404344971009e-19,4.336808689942018e-19,9.364638802298074e-17,1.0058650806246234,1.8729275557951303e-16,1.0040944148440134,0.0,0.0
square,0.1,0.0,0.8,8.310691823899372,0.0021526899164298766,0.002155009449986479,0.0,0.001347525140751758,0.0013484336648839326,0.0,1.017942050641307e-06,1.017942568964571e-06,8.537736462515939e-07,3.928286663836225e-06,6.574387255255857e-06,6.569420857938371e-06,4.966397317523657e-09,0.0013465071987011244,1.0179420506413067e-06,2.168404344971009e-19,4.336808689942018e-19,2.477650264620805e-16,1.005771569792664,1.8729275650980622e-16,1.0040288952969345,-2.6020852139652106e-18,-8.673617379884035e-19
square,0.1,0.0,0.8,8.360377358490567,0.002118919930151142,0.0021211672219020898,0.0,0.00132647576118205,0.0013273561140380748,8.537736462515939e-07,9.852698400995052e-07,9.85270325767223e-07,0.0,3.781933276624893e-06,6.330594656752904e-06,6.325892464547251e-06,4.702192205634795e-09,0.0013254904913419466,9.852698400995054e-07,2.168404344971009e-19,8.673617379884035e-19,1.6220029877848249e-16,1.0056802352411982,1.3243597753738826e-16,1.0039649123788472,4.336808689942018e-19,-1.734723475976807e-18
square,0.1,0.0,0.8,8.410062893081761,0.002085877967084243,0.0020880556817546004,8.537736462515939e-07,0.0013058780742764477,0.001306731290146884,0.0,9.53807669825926e-07,9.538081248977113e-07,0.0,3.641943336811056e-06,6.097352057547915e-06,6.092898578105459e-06,4.453479442436016e-09,0.0013049242666066177,9.538076698259262e-07,2.168404344971009e-19,4.336808689942018e-19,6.621800389847427e-17,1.0055910131203136,1.7097411215336312e-16,1.003902420946303,-8.673617379884035e-19,1.3010426069826053e-18
square,0.1,0.0,0.8,8.459748427672956,0.002053543276195422,0.0020556539633828004,8.537736462515939e-07,0.0012857192034812267,0.0012865462721054844,0.0,9.235032107846973e-07,9.235036372978855e-07,8.537736462515939e-07,3.5080012699119093e-06,5.874138046517235e-06,5.8699187851638324e-06,4.219261353383391e-09,0.0012847957002704378,9.235032107846974e-07,2.168404344971009e-19,8.673617379884035e-19,1.3243601963764418e-16,1.0055038418224118,1.32435982799921e-16,1.0038413774415569,4.336808689942018e-19,-4.336808689942018e-19
square,0.1,0.0,0.8,8.50943396226415,0.0020218958198046488,0.0020239419196581418,1.2074182697257333e-06,0.001265986715278038,0.0012667885840373695,1.2074182697257333e-06,8.943067195466473e-07,8.943071194562268e-07,1.2074182697257333e-06,3.3798090108212824e-06,5.660460076818828e-06,5.656461466547938e-06,3.998610270813816e-09,0.001265092408558474,8.943067195466471e-07,2.168404344971009e-19,8.673617379884035e-19,1.146929243405188e-16,1.005418661890526,1.529238941834141e-16,1.0037817398278552,-8.673617379884035e-19,8.673617379884035e-19
square,0.1,0.0,0.8,8.559119496855347,0.0019909162449949338,0.0019929000935804317,0.0,0.0012466686013993477,0.0012474461773900438,0.0,8.661708924519254e-07,8.661712677532752e-07,0.0,3.257084932160504e-06,5.4558527016604815e-06,5.4520620384495174e-06,3.790663211040249e-09,0.0012458024305069132,8.661708924519254e-07,2.168404344971009e-19,4.336808689942018e-19,1.146929243405188e-16,1.0053354159309178,7.646196475196763e-17,1.003723467527734,0.0,4.336808689942018e-19
square,0.1,0.0,0.8,8.608805031446542,0.0019605858563257767,0.001962509690697054,0.0,0.001227753261857509,0.0012285074138499018,0.0,8.390507328030272e-07,8.390510848957159e-07,0.0,3.139562844195979e-06,5.259875927823732e-06,5.2562813108198865e-06,3.594617003921839e-09,0.0012269142111247242,8.390507328030273e-07,2.168404344971009e-19,8.673617379884035e-19,6.621800389847427e-17,1.0052540485297137,1.0813352499951865e-16,1.0036665213641607,-8.673617379884035e-19,1.3010426069826053e-18
square,0.1,0.0,0.8,8.658490566037736,0.001930886589795137,0.0019327525527880315,0.0,0.0012092294887448623,0.0012099610490353353,0.0,8.129034244108721e-07,8.129037549266598e-07,1.2074182697257333e-06,3.0269910612034074e-06,5.072113678431422e-06,5.068703954622559e-06,3.4097238089006587e-09,0.0012084165853204604,8.129034244108722e-07,2.168404344971009e-19,4.336808689942018e-19,1.6220029233322287e-16,1.0051745061733908,1.0813352661083362e-16,1.003610863504387,-8.673617379884035e-19,0.0
square,0.1,0.0,0.8,8.70817610062893,0.001901800987966734,0.0019036111327332956,1.2074182697257333e-06,0.00119108645077215,0.0011917962169352614,0.0,7.876882131505078e-07,7.876885235076484e-07,1.2074182697257333e-06,2.919131529391746e-06,4.892172357139155e-06,4.88893707014553e-06,3.2352869935856645e-09,0.0011902987625589901,7.876882131505078e-07,2.168404344971009e-19,4.336808689942018e-19,9.364637685946336e-17,1.0050967371728932,1.0813352822214858e-16,1.0035564574063582,-4.336808689942018e-19,0.0
square,0.1,0.0,0.8,8.757861635220126,0.001873312176223253,0.0018750684705219458,1.2074182697257333e-06,0.0011733136784950252,0.0011740024150412548,0.0,7.633662964350893e-07,7.633665879517228e-07,1.2074182697257333e-06,2.815759012128258e-06,4.719679506452887e-06,4.716608849107567e-06,3.070657345291323e-09,0.0011725503121985828,7.633662964350893e-07,2.168404344971009e-19,4.336808689942018e-19,1.622003020011122e-16,1.0050206915912112,1.7097411113427802e-16,1.00350326776756,-2.168404344971009e-18,4.336808689942018e-19
square,0.1,0.0,0.8,8.807547169811322,0.001845403840075459,0.0018471081703307598,1.2074182697257333e-06,0.0011559010502125702,0.0011565694901567866,1.2074182697257333e-06,7.399007175423518e-07,7.399009913273627e-07,1.2074182697257333e-06,2.7166603282610584e-06,4.554282553566208e-06,4.551367323989421e-06,2.915229576661913e-09,0.001155161149494996,7.399007175423518e-07,2.168404344971009e-19,8.673617379884035e-19,9.364638802298074e-17,1.0049463211742298,2.2938583956606347e-16,1.0034512604761698,0.0,0.0
square,0.1,0.0,0.8,8.857232704402517,0.0018180602034810179,0.0018197143786278598,8.537736462515939e-07,0.0011388387784814129,0.0011394876248288896,8.537736462515939e-07,7.17256268697759e-07,7.172565260453041e-07,0.0,2.621633639910757e-06,4.395647637445305e-06,4.392879198327666e-06,2.7684391175617104e-09,0.0011381215222126951,7.172562686977589e-07,1.6263032587282567e-19,4.336808689942018e-19,5.600240223780845e-20,1.0048735792846935,1.7097411113427802e-16,1.0034004025644048,-1.3010426069826053e-18,0.0
square,0.1,0.0,0.8,8.906918238993711,0.0017912660081187098,0.0017928717632419357,0.0,0.001122117397237229,0.0011227473243900507,8.537736462515939e-07,6.953993955708993e-07,6.953996376044168e-07,8.537736462515939e-07,2.5304877861508232e-06,4.2434585115489265e-06,4.240828752406514e-06,2.6297591422490496e-09,0.0011214219978416152,6.953993955708993e-07,2.168404344971009e-19,4.336808689942018e-19,1.7519633482756498e-16,1.004802420839123,1.3243597753738826e-16,1.0033506621639452,0.0,8.673617379884035e-19
square,0.1,0.0,0.8,8.956603773584906,0.0017650064935739156,0.0017665654933575272,8.537736462515939e-07,0.0011057277494748317,0.0011063394045648764,8.537736462515939e-07,6.742981140696288e-07,6.742983415328112e-07,8.537736462515939e-07,2.4430416594597756e-06,4.097415516829901e-06,4.094916818975173e-06,2.4986978547569894e-09,0.0011050534513607699,6.742981140696288e-07,2.168404344971009e-19,4.336808689942018e-19,9.364640476825432e-17,1.0047328022475364,1.709741182678736e-16,1.003302008463342,-8.673617379884035e-19,0.0
square,0.1,0.0,0.8,9.0062893081761,0.001739267378391529,0.0017407812203863384,0.0,0.0010896609754748406,0.0010902549796271911,1.2074182697257333e-06,6.539219241784081e-07,6.539221381120815e-07,8.537736462515939e-07,2.359123621918794e-06,3.957234620200402e-06,3.954859824245199e-06,2.3747959553559395e-09,0.0010890070535507044,6.539219241784081e-07,1.6263032587282567e-19,4.336808689942018e-19,1.3243598016865464e-16,1.004664681355839,1.7097411215336312e-16,1.0032544116672983,-4.336808689942018e-19,4.336808689942018e-19
square,0.1,0.0,0.8,9.055974842767297,0.001714034841947257,0.0017155050596692697,0.0,0.0010739085015345263,0.0010744854510649493,8.537736462515939e-07,6.342417359699051e-07,6.342419371227965e-07,0.0,2.2785709584453458e-06,3.822646513884128e-06,3.820388889554314e-06,2.257624329727152e-09,0.001073274259798532,6.34241735969905e-07,1.0842021724855044e-19,4.336808689942018e-19,1.3243599200935274e-16,1.0045980173907445,1.7097411215336312e-16,1.0032078429577405,-8.673617379884035e-19,1.3010426069826053e-18
square,0.1,0.0,0.8,9.105660377358491,0.0016892955071055634,0.0016907235729734858,0.0,0.0010584620291927034,0.001059022496743267,0.0,6.152297952282265e-07,6.152299845919889e-07,0.0,2.2012293644963926e-06,3.693395771530787e-06,3.6912489896324694e-06,2.146781898212044e-09,0.001057846799397445,6.152297952282265e-07,2.168404344971009e-19,8.673617379884035e-19,6.621801179227124e-17,1.004532770907105,1.0813352338820364e-16,1.0031622744565847,-1.3010426069826053e-18,4.336808689942018e-19
square,0.1,0.0,0.8,9.155345911949686,0.001665036423621325,0.0016664237517433796,8.537736462515939e-07,0.0010433135249164613,0.0010438580605329419,8.537736462515939e-07,5.968596126830391e-07,5.968597908710197e-07,8.537736462515939e-07,2.1269524659005417e-06,3.569240057188028e-06,3.5671981635605907e-06,2.041893627590624e-09,0.0010427166653038233,5.96859612683039e-07,2.168404344971009e-19,4.336808689942018e-19,1.1469292889800568e-16,1.004468903737533,1.0813352338820364e-16,1.0031176791901213,4.336808689942018e-19,-1.3010426069826053e-18
square,0.1,0.0,0.8,9.20503144654088,0.0016412450522506083,0.0016425930010686783,8.537736462515939e-07,0.0010284552102279923,0.0010289843423822126,0.0,5.791059033723629e-07,5.791060711456524e-07,0.0,2.055601368639625e-06,3.4499493835460647e-06,3.448006774831275e-06,1.9426087149721086e-09,0.0010278761043246744,5.791059033723629e-07,2.168404344971009e-19,4.336808689942018e-19,1.146929243405188e-16,1.004406378944198,1.0813352499951865e-16,1.0030740310549338,-4.336808689942018e-19,1.3010426069826053e-18
square,0.1,0.0,0.8,9.254716981132075,0.0016179092495351417,0.0016192191243344937,0.0,0.00101387955225303,0.0010143937888134448,0.0,5.61944521906258e-07,5.619446800301737e-07,0.0,1.9870442365432795e-06,3.3353054161383974e-06,3.3334568172556916e-06,1.848598882695973e-09,0.0010133176077311208,5.61944521906258e-07,1.6263032587282567e-19,4.336808689942018e-19,1.4806794746069358e-16,1.0043451607727039,1.7097411113427802e-16,1.0030313047852828,8.673617379884035e-19,-4.336808689942018e-19
square,0.1,0.0,0.8,9.304402515723272,0.0015950172532332302,0.0015962903085249345,8.537736462515939e-07,0.0009995792546695177,0.0010000790838221977,0.0,5.453524060140254e-07,5.453525548374955e-07,8.537736462515939e-07,1.9211558950426135e-06,3.2251008204092074e-06,3.2233412635919024e-06,1.7595568173625923e-09,0.0009990339022635214,5.453524060140254e-07,1.0842021724855044e-19,4.336808689942018e-19,9.364640476825432e-17,1.0042852146079277,1.0813353627872299e-16,1.002989475921879,-8.673617379884035e-19,-8.673617379884035e-19
square,0.1,0.0,0.8,9.354088050314466,0.0015725576683608708,0.0015737951101454845,0.0,0.0009855472490370944,0.000986033140161637,0.0,5.293075231449401e-07,5.29307663349322e-07,1.2074182697257333e-06,1.8578174592245772e-06,3.1191386487842953e-06,3.117463454059668e-06,1.6751947247041933e-09,0.0009850179415139737,5.293075231449401e-07,2.168404344971009e-19,8.673617379884035e-19,6.621801968606726e-17,1.0042265069317486,1.0813352499951865e-16,1.002948520781983,-1.734723475976807e-18,0.0
square,0.1,0.0,0.8,9.403773584905661,0.0015505194538146057,0.0015517224417310178,1.2074182697257333e-06,0.0009717766864892629,0.0009722490909894035,0.0,5.137888160508886e-07,5.137889481885472e-07,0.0,1.7969159845746325e-06,3.0172317650889855e-06,3.0156365221100115e-06,1.5952429790600157e-09,0.0009712628976732399,5.137888160508886e-07,2.168404344971009e-19,4.336808689942018e-19,9.364638802298074e-17,1.0041690052825558,7.64619488007647e-17,1.0029084164307676,-4.336808689942018e-19,0.0
square,0.1,0.0,0.8,9.453459119496856,0.0015288919095552097,0.0015300615589246163,0.0,0.000958260929772035,0.0009587202818665074,0.0,4.987761574904723e-07,4.987762821058255e-07,1.2074182697257333e-06,1.7383441389258677e-06,2.919202303849375e-06,2.9176828549573004e-06,1.5194488920650311e-09,0.0009577621536145415,4.987761574904722e-07,2.168404344971009e-19,8.673617379884035e-19,1.4806792627940936e-16,1.0041126782164682,1.7097411215336312e-16,1.0028691406538832,0.0,0.0
square,0.1,0.0,0.8,9.50314465408805,0.0015076646643183936,0.0015088020480851193,0.0,0.0009449935456138015,0.0009454402630871714,1.2074182697257333e-06,4.842503024908255e-07,4.842504199964943e-07,1.2074182697257333e-06,1.6819998941934977e-06,2.8248811621881822e-06,2.8234335866321437e-06,1.4475755560867222e-09,0.0009445092953113267,4.842503024908255e-07,2.168404344971009e-19,4.336808689942018e-19,1.3243598016865464e-16,1.004057495270172,1.7097411215336312e-16,1.0028306719311675,4.336808689942018e-19,4.336808689942018e-19
square,0.1,0.0,0.8,9.552830188679247,0.001486827663832383,0.0014879338144111228,0.0,0.0009319682974070333,0.0009324027823238295,1.2074182697257333e-06,4.701928451681989e-07,4.701929559963381e-07,1.2074182697257333e-06,1.627786236627105e-06,2.734107522173489e-06,2.7327281213950845e-06,1.3794007783561605e-09,0.0009314981045618486,4.701928451681989e-07,2.168404344971009e-19,4.336808689942018e-19,1.6220028588796296e-16,1.0040034269253058,1.0813352177688863e-16,1.0027929894114478,-4.336808689942018e-19,8.673617379884035e-19
square,0.1,0.0,0.8,9.602515723270441,0.001466371159515883,0.0014674470705471458,0.0,0.0009191791381924399,0.0009196017775773233,0.0,4.565861774122633e-07,4.56586281754255e-07,0.0,1.5756108943516056e-06,2.6467284016567606e-06,2.645413685565735e-06,1.3147160910737792e-09,0.0009187225520150444,4.5658617741226326e-07,2.168404344971009e-19,4.336808689942018e-19,2.0939967948175393e-16,1.0039504445743244,1.709741141915333e-16,1.0027560728883864,0.0,-8.673617379884035e-19
square,0.1,0.0,0.8,9.652201257861636,0.0014462856976427156,0.0014473323256639146,1.2074182697257333e-06,0.000906620203928848,0.0009070313704120987,0.0,4.434134501065432e-07,4.434135485770478e-07,1.2074182697257333e-06,1.5253860811114463e-06,2.5625982317497e-06,2.561344905915765e-06,1.2533258339632565e-09,0.0009061767904787515,4.434134501065431e-07,2.168404344971009e-19,4.336808689942018e-19,9.364637685946336e-17,1.0038985204877635,1.0813353144477842e-16,1.0027199027773164,-4.336808689942018e-19,-4.336808689942018e-19
square,0.1,0.0,0.8,9.70188679245283,0.0014265621089360346,0.0014275803749713145,1.2074182697257333e-06,0.0008942858070339855,0.0008946858594669784,0.0,4.3065853723891343e-07,4.306586303314805e-07,1.2074182697257333e-06,1.4770282551341498e-06,2.4815784592223233e-06,2.480383412917218e-06,1.1950463049802913e-09,0.0008938551484967016,4.3065853723891343e-07,2.168404344971009e-19,8.673617379884035e-19,1.9865396959516537e-16,1.0038476277828519,1.32435982799921e-16,1.002684460093027,-8.673617379884035e-19,0.0
square,0.1,0.0,0.8,9.751572327044025,0.00140719149858655,0.0014081822896598974,8.537736462515939e-07,0.0008821704301905056,0.0008825597142319764,0.0,4.1830600047850706e-07,4.183060879825495e-07,8.537736462515939e-07,1.430457892167393e-06,2.4035371722469716e-06,2.4023974672794102e-06,1.1397049675615755e-09,0.000881752124190027,4.18306000478507e-07,1.0842021724855044e-19,4.336808689942018e-19,1.3243598016865464e-16,1.0037977403933958,1.529238941834141e-16,1.0026497264284526,-1.0842021724855044e-18,-6.505213034913027e-19
square,0.1,0.0,0.8,9.801257861635222,0.0013881652366763803,0.00138912940725282,8.537736462515939e-07,0.0008702687203953485,0.0008706475690685017,0.0,4.063410552547965e-07,4.0634113792595997e-07,0.0,1.3855992718153742e-06,2.3283487479748796e-06,2.32726160826152e-06,1.0871397133789869e-09,0.0008698623793401009,4.063410552547965e-07,1.0842021724855044e-19,2.168404344971009e-19,2.293858532385245e-16,1.0037488330408917,1.709741141915333e-16,1.0026156839342217,-1.3010426069826053e-18,2.168404344971009e-19
square,0.1,0.0,0.8,9.850943396226416,0.0013694749489752485,0.001370413322332616,0.0,0.0008585754832514446,0.0008589442174748054,8.537736462515939e-07,3.947495421246519e-07,3.947496200528568e-07,8.537736462515939e-07,1.342380276263041e-06,2.2558935205910296e-06,2.2548563224043553e-06,1.0371981866555116e-09,0.0008581807337093129,3.947495421246519e-07,5.421010862427522e-20,2.168404344971009e-19,6.621800389847427e-17,1.0037008812068,7.646195107950817e-17,1.0025823152990336,0.0,6.505213034913027e-19
square,0.1,0.0,0.8,9.90062893081761,0.0013511125081080535,0.0013520258776454435,0.0,0.000847085677484014,0.0008474446065784352,0.0,3.835178932617822e-07,3.835179669978801e-07,8.537736462515939e-07,1.300732200669641e-06,2.1860574685385884e-06,2.1850677313996526e-06,9.89737138955376e-10,0.0008467021595907597,3.8351789326178227e-07,1.0842021724855044e-19,2.168404344971009e-19,1.6220029555585272e-16,1.0036538611059345,1.7097411113427802e-16,1.0025496037308168,-6.505213034913027e-19,8.673617379884035e-19
square,0.1,0.0,0.8,9.950314465408805,0.0013330700250700391,0.0013339591555527031,8.537736462515939e-07,0.0008357944096733323,0.0008361438318436524,0.0,3.72633109704026e-07,3.726331792980903e-07,0.0,1.2605895744742969e-06,2.1187319197173717e-06,2.1177872978644664e-06,9.44621852857382e-10,0.0008354217765636094,3.72633109704026e-07,1.0842021724855044e-19,4.336808689942018e-19,1.9865396959516537e-16,1.003607749660911,1.3243598411555412e-16,1.0025175329386422,-1.5178830414797062e-18,0.0
square,0.1,0.0,0.8,10.0,0.0013153398410726237,0.0013162054698194923,0.0,0.0008246969291968022,0.0008250371319914615,0.0,3.6208272924669196e-07,3.6208279490640016e-07,8.537736462515939e-07,1.2218899929230557e-06,2.0538132735421755e-06,2.052911547963821e-06,9.017255783545813e-10,0.0008243348464675556,3.62082729246692e-07,1.0842021724855044e-19,2.168404344971009e-19,1.146929334554924e-16,1.0035625244776134,7.646195107950817e-17,1.0024860871153514,-1.3010426069826053e-18,4.336808689942018e-19
square,0.1,0.0,1.0,2.1,0.13024579227574093,0.13931862459533384,0.0,0.08446845125557297,0.08819322376698992,8.537736462515939e-07,0.00434364210220065,0.0043530962482701725,8.537736462515939e-07,0.08562355777433422,0.1579927788510847,0.14986827702986819,0.008124501821216597,0.08012480915337236,0.00434364210220065,8.326672684688674e-17,4.440892098500626e-16,1.0594880623755884e-16,1.4817617280277087,1.7301365031164545e-16,1.3189972852043579,-2.220446049250313e-16,4.440892098500626e-16
square,0.1,0.0,1.0,2.149685534591195,0.1215615898037692,0.12942834765721203,1.2074182697257333e-06,0.07857633346865048,0.08178970087372822,1.2074182697257333e-06,0.003751754462855847,0.003758805520549258,0.0,0.07252772206741187,0.13257946935248432,0.1262492475939864,0.0063302217584979645,0.07482457900579464,0.003751754462855847,1.1102230246251565e-16,2.220446049250313e-16,1.0594879360748219e-16,1.441802260108532,1.730136399992298e-16,1.294216774467454,0.0,2.220446049250313e-16
square,0.1,0.0,1.0,2.1993710691823902,0.1136411505793249,0.12048730877926601,0.0,0.0732369700382748,0.07602073415300029,0.0,0.0032536776767758684,0.003258979511218254,0.0,0.061688150155942846,0.11181647899274447,0.10684884063462788,0.004967638358116606,0.06998329236149894,0.0032536776767758684,1.1102230246251565e-16,3.3306690738754696e-16,8.960384358049354e-20,1.4065155000985372,1.22339147249137e-16,1.2720921624701071,-2.220446049250313e-16,0.0
square,0.1,0.0,1.0,2.249056603773585,0.10640211514645254,0.11238089775821844,0.0,0.06838548298524474,0.07080655315319569,0.0,0.0028325079094556403,0.002836525149416271,8.537736462515939e-07,0.05267406953549657,0.09475173052438157,0.09082713988863467,0.003924590635746896,0.0655529750757891,0.00283250790945564,2.7755575615628914e-17,1.1102230246251565e-16,1.8350869352878786e-16,1.3751884743954907,2.735585843369894e-16,1.252257339155608,0.0,1.1102230246251565e-16
square,0.1,0.0,1.0,2.29874213836478,0.099772564045733,0.10501118145958009,0.0,0.06396612928894634,0.06607955600017813,8.537736462515939e-07,0.002474746985606634,0.0024778129656905347,8.537736462515939e-07,0.04514471615786797,0.0806484300959238,0.07752827163874666,0.0031201584571771794,0.06149138230333972,0.0024747469856066335,4.163336342344337e-17,1.1102230246251565e-16,2.8031415004526647e-16,1.347242496884063,1.730136399992298e-16,1.2344080464446514,-4.440892098500626e-16,0.0
square,0.1,0.0,1.0,2.348427672955975,0.09368950539010173,0.09829406663291135,0.0,0.0599308020741569,0.061782128326381164,1.2074182697257333e-06,0.0021695450891328224,0.002171901107824274,0.0,0.038828954495849166,0.06893186520994346,0.06643647411763093,0.002495391092312564,0.05776125698502411,0.002169545089132822,5.551115123125783e-17,1.1102230246251565e-16,2.595204728893644e-16,1.3222032439051796,2.7355857618430866e-16,1.2182895367997777,-2.220446049250313e-16,3.3306690738754696e-16
square,0.1,0.0,1.0,2.39811320754717,0.08809760779187326,0.09215701403053966,1.2074182697257333e-06,0.05623781213920264,0.05786491011134964,1.2074182697257333e-06,0.0019081273691422128,0.0019099495826784831,1.2074182697257333e-06,0.033509857971525725,0.05915044521812738,0.057143493327141914,0.0020069518909854277,0.054329684770060394,0.0019081273691422128,5.551115123125783e-17,1.1102230246251565e-16,2.595204677331566e-16,1.299678469062218,2.7355857944538095e-16,1.2036870569555198,1.1102230246251565e-16,2.220446049250313e-16
square,0.1,0.0,1.0,2.4477987421383647,0.08294813475251783,0.08653718374156745,0.0,0.052850891085178646,0.054285407155729846,0.0,0.0016833561101271823,0.0016847741475551211,8.537736462515939e-07,0.029012960574339847,0.050946885247069466,0.04932417371256791,0.001622711534501517,0.05116753497505142,0.0016833561101271821,5.551115123125783e-17,1.1102230246251565e-16,2.1189757458488662e-16,1.2793411768921163,2.735585843369894e-16,1.190418431528414,0.0,-3.3306690738754696e-16
square,0.1,0.0,1.0,2.4974842767295597,0.07819804517981087,0.08137992053101802,8.537736462515939e-07,0.049738370897379064,0.051006870211834594,8.537736462515939e-07,0.0014893937742695522,0.001490503747771046,8.537736462515939e-07,0.025197246240615364,0.044036694400327786,0.04271803483637497,0.0013186595639527706,0.04824897712310946,0.001489393774269552,5.551115123125783e-17,1.1102230246251565e-16,1.0594881886763399e-16,1.260916757978287,1.730136399992298e-16,1.1783282263519157,-4.440892098500626e-16,0.0
square,0.1,0.0,1.0,2.547169811320755,0.07380923145153002,0.07663750928175289,1.2074182697257333e-06,0.04687250499007623,0.04799738379581626,1.2074182697257333e-06,0.0013214417611831302,0.0013223154426069339,0.0,0.021948194585837588,0.038191977845563094,0.03711525974658388,0.0010767180989792009,0.04555106322889309,0.0013214417611831302,5.551115123125783e-17,1.1102230246251565e-16,2.595204728893644e-16,1.2441730397098405,1.2233912172721306e-16,1.1672831134838104,-2.220446049250313e-16,1.1102230246251565e-16
square,0.1,0.0,1.0,2.59685534591195,0.06974787180591388,0.07226814651531455,1.2074182697257333e-06,0.044228903390175635,0.04522912059273497,0.0,0.001175536469546169,0.0011762278188950763,1.2074182697257333e-06,0.019172381696221256,0.03322914171086843,0.03234596204918322,0.0008831796616852206,0.04305336692062947,0.001175536469546169,5.551115123125783e-17,2.220446049250313e-16,2.1189756826984743e-16,1.2289125108539025,1.730136399992298e-16,1.1571681597147643,-4.440892098500626e-16,2.220446049250313e-16
square,0.1,0.0,1.0,2.646540880503145,0.0659838781142717,0.06823508591017885,0.0,0.04178606056649107,0.04267772762212023,0.0,0.001048389057130503,0.0010489389051656446,0.0,0.01679326448468592,0.028999489953198274,0.028271908852775522,0.0007275811004227448,0.04073767150936056,0.001048389057130503,2.7755575615628914e-17,5.551115123125783e-17,2.5952045742074077e-16,1.2149661861698609,1.2233913266518113e-16,1.1478838315587097,-1.1102230246251565e-16,5.551115123125783e-17
square,0.1,0.0,1.0,2.6962264150943396,0.06249042351617912,0.06450592479608434,8.537736462515939e-07,0.03952495888350509,0.040321817982437225,0.0,0.0009372587655070097,0.0009376981984351653,0.0,0.014747871391404037,0.025381982018997943,0.024780096886027572,0.0006018851329703768,0.038587700117998086,0.0009372587655070098,1.3877787807814457e-17,5.551115123125783e-17,2.803141595927077e-16,1.2021887219360434,1.2233913266518113e-16,1.139343561025396,-1.1102230246251565e-16,2.7755575615628914e-16
square,0.1,0.0,1.0,2.7459119496855346,0.05924353715368218,0.06105200553272469,0.0,0.037428734114085004,0.03814254775322988,0.0,0.0008398522006365559,0.0008402050246561262,1.4787793334710982e-06,0.012984191193395282,0.022277617587557655,0.02177773677142264,0.0004998808161350322,0.03658888191344848,0.0008398522006365559,2.0816681711721685e-17,1.1102230246251565e-16,1.0594881886763399e-16,1.190454495256236,2.1189756616483433e-16,1.131471753919628,-3.3306690738754696e-16,3.3306690738754696e-16
square,0.1,0.0,1.0,2.7955974842767297,0.05622175546794189,0.057847911021842606,1.2074182697257333e-06,0.0354823921347062,0.03612326200859305,1.2074182697257333e-06,0.0007542428137905442,0.000754527362211082,1.4787793334710982e-06,0.011459102523058082,0.019605055502516823,0.019188314371575036,0.00041674113094180535,0.03472814932091569,0.0007542428137905442,2.7755575615628914e-17,5.551115123125783e-17,1.835087154047223e-16,1.1796544328922807,2.7355857944538095e-16,1.1242021500267652,-3.3306690738754696e-16,1.1102230246251565e-16
square,0.1,0.0,1.0,2.845283018867925,0.053405821328708435,0.05487103774774699,0.0,0.033672568033287,0.03424919724545364,1.2074182697257333e-06,0.0006788061985243092,0.000679036665673266,1.2074182697257333e-06,0.010136724408840279,0.017297175340598873,0.016948481120824675,0.00034869421977419014,0.032993761834762665,0.0006788061985243092,2.7755575615628914e-17,5.551115123125783e-17,1.4983422976758231e-16,1.1696934280818463,1.7301364773354161e-16,1.1174764651150146,-1.6653345369377348e-16,5.551115123125783e-17
square,0.1,0.0,1.0,2.89496855345912,0.050778423738784176,0.052101232981610915,0.0,0.031987320520381765,0.03250723011483844,8.537736462515939e-07,0.0006121678418324158,0.0006123552739357584,0.0,0.008987096308763227,0.015298363637022786,0.015005586183366549,0.0002927774536562518,0.03137515267854938,0.0006121678418324157,2.7755575615628914e-17,5.551115123125783e-17,2.8031413572410396e-16,1.1604882223621473,1.730136425773338e-16,1.1112432601529332,-1.1102230246251565e-16,-5.551115123125783e-17
square,0.1,0.0,1.0,2.9446540880503145,0.04832397205904521,0.04952048533385718,0.0,0.03041595585140827,0.03088566435311122,8.537736462515939e-07,0.0005531607354096951,0.0005533137711362363,1.4787793334710982e-06,0.007985117258942439,0.013562360632259,0.013315708335093596,0.0002466522971654212,0.029862795115998614,0.0005531607354096951,2.7755575615628914e-17,5.551115123125783e-17,1.8350870082076627e-16,1.1519656579296373,1.2233912901919187e-16,1.1054569948738417,-1.1102230246251565e-16,0.0
square,0.1,0.0,1.0,2.9943396226415095,0.04602839968703799,0.047112659856126685,0.0,0.028948876517816507,0.029374049382010613,0.0,0.0005007908335146519,0.0005009162606506632,0.0,0.007109689740435296,0.012050543117430014,0.01184207901595207,0.0002084641014779253,0.028448085684301815,0.000500790833514652,2.0816681711721685e-17,5.551115123125783e-17,1.4983422083676918e-16,1.1440612273519366,2.9966840892722084e-16,1.1000772317928464,-1.1102230246251565e-16,2.220446049250313e-16
square,0.1,0.0,1.0,3.0440251572327046,0.04387899293534216,0.04486327050000533,0.0,0.027577450807185728,0.027963025284284557,0.0,0.0004542087856986292,0.00045431196194118745,1.2074182697257333e-06,0.006343026009862964,0.010730548458575673,0.010553813146115972,0.00017673531245969922,0.02712324202148709,0.00045420878569862915,2.7755575615628914e-17,5.551115123125783e-17,1.0594880623755884e-16,1.136717863488882,1.730136399992298e-16,1.0950679636992922,0.0,-1.1102230246251565e-16
square,0.1,0.0,1.0,3.0937106918238992,0.041864241527742256,0.04275928402472448,0.0,0.026293900010819313,0.026644189842614983,1.2074182697257333e-06,0.0004126867109479629,0.0004127718836838109,0.0,0.0056700839137728675,0.009575166949270752,0.009424883265471617,0.00015028368379914046,0.025881213299871364,0.0004126867109479628,2.7755575615628914e-17,5.551115123125783e-17,2.369086933437404e-16,1.1298849246726934,2.735585778148448e-16,1.090397043018203,-1.1102230246251565e-16,0.0
square,0.1,0.0,1.0,3.1433962264150948,0.039973707688232565,0.0407889504799299,0.0,0.025091200606887725,0.025409984111264584,8.537736462515939e-07,0.00037559904030155024,0.00037566959087050847,8.537736462515939e-07,0.005078106327155214,0.008561446257766104,0.008433286946125688,0.00012815931164041313,0.024715601566586167,0.00037559904030155024,1.3877787807814457e-17,5.551115123125783e-17,1.4983421190595556e-16,1.1235173395412081,1.2233911808122351e-16,1.0860356956332529,-8.326672684688674e-17,5.551115123125783e-17
square,0.1,0.0,1.0,3.1930817610062894,0.03819791126099982,0.03894165622542749,1.4787793334710982e-06,0.023962999194198472,0.024253593616340916,1.4787793334710982e-06,0.0003424066567622587,0.00034246528795950435,8.537736462515939e-07,0.0045562438499945615,0.007669964323883943,0.0075603684080996275,0.00010959591578431144,0.0236205925374362,0.0003424066567622587,1.3877787807814457e-17,2.7755575615628914e-17,1.4983422083676918e-16,1.1175748831338055,1.2233911808122351e-16,1.0819581050681712,-5.551115123125783e-17,2.7755575615628914e-17
square,0.1,0.0,1.0,3.2427672955974844,0.03652822868587202,0.03720779612881752,0.0,0.02290353831689422,0.023168862785173924,1.4787793334710982e-06,0.0003126437183759491,0.00031269259906455235,8.537736462515939e-07,0.004095244654033659,0.00688423665496871,0.006790263692529018,9.397296243968658e-05,0.022590894598518253,0.00031264371837594904,6.938893903907228e-18,2.7755575615628914e-17,1.498342833524498e-16,1.1120215614725595,2.986794786016451e-20,1.078141055539929,-2.7755575615628914e-17,0.0
square,0.1,0.0,1.0,3.2924528301886795,0.03495680397689706,0.035578662135919877,0.0,0.021907591620079426,0.022150220613830745,0.0,0.00028590667327346156,0.0002859475504301418,1.2074182697257333e-06,0.003687198687695522,0.006190231323036409,0.006109445243258461,8.078607977795149e-05,0.021621684946805976,0.0002859066732734615,6.938893903907228e-18,0.0,7.316123192145576e-20,1.106825086246779,1.2233912172721306e-16,1.0745636244809909,-2.7755575615628914e-17,0.0
square,0.1,0.0,1.0,3.342138364779874,0.0334764701228708,0.03404634586290715,1.2074182697257333e-06,0.020970407023231375,0.021192615914033545,1.7075472925031877e-06,0.00026184507208305044,0.0002618793579929204,1.2074182697257333e-06,0.00332532604027977,0.005575970630727719,0.005506346782696617,6.962384803110468e-05,0.020708561951148334,0.0002618450720830504,1.3877787807814457e-17,2.7755575615628914e-17,1.835086789448301e-16,1.1019564246840512,1.730136374211258e-16,1.0712069167969744,-5.551115123125783e-17,8.326672684688674e-17
square,0.1,0.0,1.0,3.3918238993710697,0.03208067955674019,0.03260365323260741,0.0,0.020087656802430232,0.02029146075223574,0.0,0.00024015385945532822,0.0002401826998565399,0.0,0.003003801303092759,0.005031202801440177,0.00497105328861486,6.014951282531572e-05,0.019847502942974903,0.00024015385945532822,3.469446951953614e-18,5.551115123125783e-17,1.8350869352878786e-16,1.0973894124389187,2.1189756616483433e-16,1.0680538344699129,5.551115123125783e-17,-5.551115123125783e-17
square,0.1,0.0,1.0,3.4415094339622643,0.030763442533242785,0.031244029486043306,8.537736462515939e-07,0.01925539364187754,0.019442580916356814,0.0,0.00022056688700092733,0.00022059121455984118,0.0,0.002717607371083169,0.0045471304639257935,0.004495043945734138,5.208651819165824e-05,0.019034826754876624,0.00022056688700092733,1.3877787807814457e-17,2.7755575615628914e-17,1.4983421190595556e-16,1.0931004195224283,2.986794786016451e-20,1.0650888762048076,-5.551115123125783e-17,0.0
square,0.1,0.0,1.0,3.4911949685534593,0.02951927241688629,0.0299614931561327,0.0,0.018470011856313587,0.01864217242921114,8.537736462515939e-07,0.0002028514381850162,0.00020287201462504935,8.537736462515939e-07,0.0024624133998282565,0.004116185371921034,0.004070978355865724,4.520701605531936e-05,0.018267160418128616,0.00020285143818501617,1.0408340855860843e-17,5.551115123125783e-17,2.1189758089992559e-16,1.0890680610541057,2.1189756616483433e-16,1.0622979627013978,-5.551115123125783e-17,1.1102230246251565e-16
square,0.1,0.0,1.0,3.5408805031446544,0.028343137020357418,0.02875057780340565,0.0,0.017728213103904114,0.01788676327948306,8.537736462515939e-07,0.00018680359432562244,0.00018682104374699612,8.537736462515939e-07,0.0022344726428919067,0.003731840896817964,0.0036925181918791654,3.9322704938797786e-05,0.017541409509578488,0.00018680359432562241,1.3877787807814457e-17,2.7755575615628914e-17,1.0594878097740403e-16,1.0852729460357862,2.7355857944538095e-16,1.0596682838553875,-2.7755575615628914e-17,5.551115123125783e-17
square,0.1,0.0,1.0,3.590566037735849,0.027230415250744863,0.027606280491399585,0.0,0.01702697600807039,0.017173179667157933,1.2074182697257333e-06,0.00017224430184404458,0.0001722591371715524,1.2074182697257333e-06,0.002030536700212989,0.003388455486012248,0.0033541779872220275,3.4277498790223796e-05,0.016854731706226363,0.00017224430184404458,1.0408340855860843e-17,2.7755575615628914e-17,2.1189756826984743e-16,1.0816974584956727,1.2233912172721306e-16,1.0571881647859298,-2.7755575615628914e-17,2.7755575615628914e-17
square,0.1,0.0,1.0,3.640251572327044,0.02617685842087392,0.026524016128346345,0.0,0.016363529189903487,0.016498516165334338,1.2074182697257333e-06,0.00015901602589463615,0.00015902866994828966,1.2074182697257333e-06,0.0018477833529613474,0.0030811415902950103,0.003051199950858824,2.9941639436173583e-05,0.016204513164008782,0.00015901602589463615,1.3877787807814457e-17,5.551115123125783e-17,1.4983421190595556e-16,1.078325566286611,1.7301365031164545e-16,1.0548469480743916,0.0,2.7755575615628914e-17
square,0.1,0.0,1.0,3.689937106918239,0.02517855566838141,0.02549957692696946,8.537736462515939e-07,0.01573532728299594,0.01586010928819295,1.2074182697257333e-06,0.00014697989574752668,0.00014699069808645965,1.2074182697257333e-06,0.0016837556780963775,0.0028056556061328126,0.0027794486540258538,2.6206952106963114e-05,0.015588347387248435,0.00014697989574752668,1.3877787807814457e-17,2.7755575615628914e-17,3.3503948717080633e-16,1.075142653587813,2.446782343394522e-16,1.0526348900032223,-5.551115123125783e-17,-2.7755575615628914e-17
square,0.1,0.0,1.0,3.7396226415094342,0.024231902998208696,0.02452909633977846,8.537736462515939e-07,0.015140029561881228,0.015255514028568411,8.537736462515939e-07,0.00013601326368627528,0.00013602251411950415,0.0,0.0015363105530757316,0.002558305210987641,0.002535322201619672,2.2983009367968356e-05,0.015004016298194948,0.00013601326368627528,3.469446951953614e-18,2.7755575615628914e-17,1.835086789448301e-16,1.072135373787961,2.735585778148448e-16,1.050543068919049,-1.3877787807814457e-17,6.938893903907228e-17
square,0.1,0.0,1.0,3.7893081761006293,0.023333575526790922,0.02360901691645778,0.0,0.01457548086564303,0.01468248299058789,0.0,0.00012600761257877335,0.00012601555203823407,0.0,0.0014035749983851032,0.0023358711368136427,0.0023156771172849018,2.0194019528738686e-05,0.014449473253064242,0.00012600761257877335,3.469446951953614e-18,1.3877787807814457e-17,2.595204728893644e-16,1.0692915199462627,2.446782306934625e-16,1.0485633041235505,-5.551115123125783e-17,6.938893903907228e-17
square,0.1,0.0,1.0,3.838993710691824,0.022480502560113944,0.022736061605680747,8.537736462515939e-07,0.014039694541105383,0.014138947795194041,8.537736462515939e-07,0.00011686675819838396,0.00011687358751719131,8.537736462515939e-07,0.0012839090790039268,0.0021355409632790503,0.002117764668456709,1.7776294822339285e-05,0.013922827782906985,0.00011686675819838396,6.938893903907228e-18,1.3877787807814457e-17,1.0594884412777977e-16,1.0665999104575927,2.1189757247987357e-16,1.0466880839293302,-6.938893903907228e-17,-2.7755575615628914e-17
square,0.1,0.0,1.0,3.888679245283019,0.021669845184141594,0.021907208087983313,0.0,0.013530837166557496,0.01362300248070065,1.4787793334710982e-06,0.00010850530134920508,0.00010851118836893779,1.4787793334710982e-06,0.0011758743082886933,0.001954852945152334,0.001939176760057786,1.5676185094547288e-05,0.013422331865208284,0.00010850530134920508,5.204170427930421e-18,1.3877787807814457e-17,1.0594879360748219e-16,1.0640502879049856,1.730136399992298e-16,1.0449105017141154,4.163336342344337e-17,1.3877787807814457e-17
square,0.1,0.0,1.0,3.938364779874214,0.020898976086151003,0.021119665781205502,0.0,0.013047214848211908,0.013132888658162345,0.0,0.00010084729219546205,0.00010085237754014458,0.0,0.0010782066791370712,0.001791648238805955,0.0017777998523455217,1.3848386460433835e-05,0.012946367556016452,0.00010084729219546205,6.938893903907228e-18,1.3877787807814457e-17,1.0594885675785039e-16,1.061633229380698,1.730136348430218e-16,1.0432241989716786,-1.3877787807814457e-17,1.3877787807814457e-17
square,0.1,0.0,1.0,3.9880503144654087,0.020165461360146384,0.02037085520692055,0.0,0.012587260908380409,0.012666982213401377,0.0,9.382507530774603e-05,9.382947708667926e-05,0.0,0.0009897935956591764,0.0016440301775209338,0.0016317756245775388,1.225455294339776e-05,0.012493435833072684,9.382507530774605e-05,5.204170427930421e-18,1.3877787807814457e-17,1.0594878097740403e-16,1.0593400668067354,2.446782343394522e-16,1.041623314497284,0.0,2.7755575615628914e-17
square,0.1,0.0,1.0,4.037735849056604,0.019467044079471203,0.019658389446413616,0.0,0.012149524807351507,0.012223781374878409,1.2074182697257333e-06,8.737828893610713e-05,8.738210658562514e-05,8.537736462515939e-07,0.0009096541002661619,0.0015103294772862701,0.001499467323617908,1.086215366836291e-05,0.012062146518415407,8.737828893610713e-05,6.938893903907228e-18,1.3877787807814457e-17,1.0594881886763399e-16,1.0571628159952202,1.2233913266518113e-16,1.0401024389635491,-5.551115123125783e-17,2.7755575615628914e-17
square,0.1,0.0,1.0,4.087421383647799,0.018801629445780774,0.018980057449291547,0.0,0.0117326621607728,0.011801895990026744,8.537736462515939e-07,8.145299620993368e-05,8.145631364037825e-05,8.537736462515939e-07,0.0008369218911662461,0.0013890744444147681,0.0013794309147617482,9.643529653016049e-06,0.011651209164562831,8.145299620993367e-05,5.204170427930421e-18,1.3877787807814457e-17,2.1189759984504143e-16,1.0550941133658336,2.9966840892722084e-16,1.0386565742429201,-5.551115123125783e-17,0.0
square,0.1,0.0,1.0,4.1371069182389935,0.018167271346179865,0.018333808987522588,0.0,0.01133542573142924,0.011400037872750304,8.537736462515939e-07,7.600092942793678e-05,7.600381760841294e-05,8.537736462515939e-07,0.0007708307077815608,0.0012789654117325749,0.0012703902984284143,8.575113304156742e-06,0.01125942480200127,7.60009294279368e-05,5.204170427930421e-18,1.3877787807814457e-17,2.595204677331566e-16,1.0531271593869596,2.7355857618430866e-16,1.0372810969183812,-1.3877787807814457e-17,-2.7755575615628914e-17
square,0.1,0.0,1.0,4.186792452830189,0.01756216017001074,0.01771774107330085,0.0,0.010956657289093891,0.011017012102070052,0.0,7.097883149369915e-05,7.098135058047417e-05,0.0,0.0007107017298111634,0.0011788527578730377,0.0011712159769599135,7.636780913120321e-06,0.010885678457600157,7.097883149369915e-05,5.204170427930421e-18,1.3877787807814457e-17,1.835086862368091e-16,1.0512556679338567,1.730136348430218e-16,1.0359717254970413,-1.3877787807814457e-17,-1.3877787807814457e-17
square,0.1,0.0,1.0,4.2364779874213845,0.01698461175402041,0.017130085681325808,0.0,0.010595280244942508,0.010651709166797668,8.537736462515939e-07,6.634788096260081e-05,6.635008205636946e-05,0.0,0.0006559326922008892,0.0010877179695268338,0.0010809066553666901,6.811314160141861e-06,0.010528932363979887,6.634788096260081e-05,5.204170427930421e-18,1.3877787807814457e-17,1.4983422083676918e-16,1.0494738208650014,1.730136399992298e-16,1.0347244909036974,0.0,5.551115123125783e-17
square,0.1,0.0,1.0,4.286163522012579,0.016433057339621186,0.016569198635243476,0.0,0.010250292978136536,0.01030309786398087,0.0,6.2073189211471e-05,6.207511581175066e-05,0.0,0.0006059884652354137,0.001004657293544782,0.000998573342343787,6.083951200995508e-06,0.010188219788925071,6.2073189211471e-05,6.938893903907228e-18,1.3877787807814457e-17,1.0594880623755884e-16,1.0477762272096636,2.7355857944538095e-16,1.0335357098851496,0.0,0.0
square,0.1,0.0,1.0,4.335849056603774,0.015906034439167632,0.0160335495347084,0.0,0.009920762781868922,0.009970218870015368,1.7075472925031877e-06,5.812335991949151e-05,5.812504913130281e-05,1.2074182697257333e-06,0.0005603928880717516,0.0009288675979187565,0.0009234255863619383,5.4420115568184885e-06,0.009862639421949433,5.812335991949151e-05,6.938893903907228e-18,1.3877787807814457e-17,2.595204677331566e-16,1.046157886438381,1.7301364773354161e-16,1.0324019610022088,-4.163336342344337e-17,0.0
square,0.1,0.0,1.0,4.385534591194968,0.015402178519681954,0.015521712613987902,0.0,0.009605820364588567,0.009652178912971055,1.2074182697257333e-06,5.447010249614331e-05,5.447158603274495e-05,1.2074182697257333e-06,0.0005187216766612984,0.0008596341205810712,0.0008547595386213827,4.8745819596886185e-06,0.009551350262092423,5.447010249614331e-05,6.938893903907228e-18,1.3877787807814457e-17,1.4983422083676918e-16,1.044614155355414,1.2233912172721306e-16,1.0313200629261654,-2.7755575615628914e-17,1.3877787807814457e-17
square,0.1,0.0,1.0,4.435220125786164,0.01492021542259775,0.015032358435682798,0.0,0.009304654849488904,0.009348145483090516,0.0,5.108789230083973e-05,5.108919732070262e-05,8.537736462515939e-07,0.00048059625429899453,0.0007963198348573248,0.0007919475821925808,4.372252664745338e-06,0.009253566957188078,5.1087892300839724e-05,1.734723475976807e-18,1.3877787807814457e-17,1.0594884412777977e-16,1.0431407182101986,2.1189756405982117e-16,1.0302870547909142,6.938893903907228e-18,-6.938893903907228e-18
square,0.1,0.0,1.0,4.484905660377359,0.014458954447031684,0.014564246334182376,0.0,0.009016509221795515,0.009057342025745648,8.537736462515939e-07,4.795367151275682e-05,4.795482131770617e-05,8.537736462515939e-07,0.000445678375915715,0.0007383562020552105,0.0007344293064128085,3.926895642403775e-06,0.008968555550282779,4.795367151275681e-05,3.469446951953614e-18,6.938893903907228e-18,1.0594879360748219e-16,1.041733559674724,2.446782306934625e-16,1.0293001783817672,-1.3877787807814457e-17,1.3877787807814457e-17
square,0.1,0.0,1.0,4.534591194968554,0.01401728203191227,0.014116217533105106,8.537736462515939e-07,0.008740676179019866,0.008779043567512572,0.0,4.504658538006816e-05,4.504760000064524e-05,1.4787793334710982e-06,0.0004136654364432364,0.0006852351165136342,0.0006817036389083275,3.5314776053073852e-06,0.008695629593639806,4.5046585380068165e-05,3.469446951953614e-18,6.938893903907228e-18,2.595204677331566e-16,1.040388940376877,1.730136374211258e-16,1.0283568619678853,-6.938893903907228e-18,2.0816681711721685e-17
square,0.1,0.0,1.0,4.584276729559749,0.013594155979241806,0.013687188869446134,8.537736462515939e-07,0.008476494344308524,0.008512572731616133,8.537736462515939e-07,4.23477493181391e-05,4.234864600319224e-05,0.0,0.00038428636975595514,0.0006365018776536744,0.0006333219755785316,3.1799020751427723e-06,0.008434146594990383,4.234774931813909e-05,3.469446951953614e-18,1.3877787807814457e-17,1.835086789448301e-16,1.0391033747171152,1.7301364773354161e-16,1.0274547056077898,6.938893903907228e-18,2.0816681711721685e-17
square,0.1,0.0,1.0,4.633962264150943,0.013188600166882508,0.013276147064578336,1.2074182697257333e-06,0.008223344807373273,0.008257296103892801,1.2074182697257333e-06,3.984004293631005e-05,3.984083656669795e-05,1.2074182697257333e-06,0.00035729805833407746,0.0005917490481247874,0.0005888821724145946,2.866875710194454e-06,0.008183504764436987,3.984004293631004e-05,3.469446951953614e-18,6.938893903907228e-18,1.4983422976758231e-16,1.0378736107281863,1.730136425773338e-16,1.0265914677770691,2.0816681711721685e-17,-2.7755575615628914e-17
square,0.1,0.0,1.0,4.683647798742139,0.012799699704667942,0.012882143488772358,0.0,0.007980647961323023,0.008012620914707124,1.2074182697257333e-06,3.7507927627788384e-05,3.750863106349363e-05,0.0,0.000332482185320305,0.0005506110778156881,0.0005480232828699843,2.5877949457058463e-06,0.007943140033695265,3.7507927627788384e-05,3.469446951953614e-18,6.938893903907228e-18,1.4983425656001845e-16,1.0366966117657774,2.1189756616483433e-16,1.0257650531845424,-6.938893903907228e-18,-1.3877787807814457e-17
square,0.1,0.0,1.0,4.733333333333333,0.012426596492438413,0.012504289371661651,0.0,0.007747860607095599,0.007777992006028599,1.2074182697257333e-06,3.533728479476965e-05,3.53379091679093e-05,0.0,0.0003096424704029146,0.00051275959094723,0.0005104209412714777,2.3386496757514887e-06,0.007712523322300818,3.533728479476965e-05,3.469446951953614e-18,6.938893903907228e-18,2.36908682047055e-16,1.0355695398424498,1.2233913266518113e-16,1.0249735016581705,-1.3877787807814457e-17,3.469446951953614e-17
square,0.1,0.0,1.0,4.783018867924529,0.012068485142855186,0.012141751416142297,0.0,0.007524473300187099,0.007552889056208594,0.0,3.331527217664231e-05,3.3315827139721294e-05,0.0,0.0002886022392368521,0.0004778992482195704,0.0004757833069579996,2.1159412615700074e-06,0.007491158028010446,3.331527217664231e-05,3.469446951953614e-18,6.938893903907228e-18,1.498342386983949e-16,1.0344897404386442,1.730136348430218e-16,1.0242149779951493,-1.3877787807814457e-17,-2.0816681711721685e-17
square,0.1,0.0,1.0,4.8327044025157235,0.01172460923560996,0.011793747777668251,0.0,0.007310007917007377,0.00733682403790894,0.0,3.1430196089669834e-05,3.143069002608544e-05,0.0,0.0002692022831504909,0.00044576410848567137,0.0004438474958775208,1.9166126081539465e-06,0.007278577720917762,3.1430196089669834e-05,3.469446951953614e-18,6.938893903907228e-18,1.4983421190595556e-16,1.0334547286432314,1.2233912537320254e-16,1.0234877626821992,-6.938893903907228e-18,-6.938893903907228e-18
square,0.1,0.0,1.0,4.882389937106918,0.011394257873036582,0.01145954437489421,8.537736462515939e-07,0.007104015420540411,0.007129338887237028,0.0,2.9671397663538764e-05,2.967183786609384e-05,0.0,0.00025129897187744235,0.0004161144250354917,0.00041437643660952733,1.7379884259631344e-06,0.007074344022876851,2.9671397663538764e-05,3.469446951953614e-18,6.938893903907228e-18,1.0594885675785039e-16,1.0324621764924773,1.7301365031164545e-16,1.0227902434022218,-2.0816681711721685e-17,2.0816681711721685e-17
square,0.1,0.0,1.0,4.932075471698114,0.011076762510080171,0.011138451501084013,8.537736462515939e-07,0.00690607380705672,0.006930003364415709,0.0,2.802915141066892e-05,2.8029544233034685e-05,8.537736462515939e-07,0.0002347625871594516,0.0003887338205998065,0.00038715609649484363,1.5777241049619583e-06,0.006878044655646034,2.802915141066892e-05,1.734723475976807e-18,6.938893903907228e-18,2.1189756826984743e-16,1.0315099013906777,1.7301365546785302e-16,1.0221209072524542,-6.938893903907228e-18,-1.3877787807814457e-17
square,0.1,0.0,1.0,4.981761006289308,0.010771494034287355,0.010829820708866357,0.0,0.006715786217484396,0.006738413088357856,0.0,2.6494574681156267e-05,2.6494925667140318e-05,0.0,0.00021947584943285563,0.0003634267928732948,0.0003619930309885201,1.4337618847732466e-06,0.006689291642803212,2.6494574681156267e-05,3.469446951953614e-18,6.938893903907228e-18,1.4983421190595556e-16,1.0305958555083718,1.7301364773354161e-16,1.0214783336071729,6.938893903907228e-18,0.0
square,0.1,0.0,1.0,5.031446540880504,0.010477860073829146,0.010533041943647852,0.0,0.0065327791986629505,0.006554187729294077,8.537736462515939e-07,2.5059546736002065e-05,2.5059860730542625e-05,8.537736462515939e-07,0.00020533261354547424,0.0003400165089189617,0.0003387122157020713,1.3042932168916545e-06,0.006507719651926972,2.5059546736002065e-05,2.6020852139652106e-18,6.938893903907228e-18,2.1189758721496438e-16,1.0297181160651776,1.730136425773338e-16,1.0208611875649696,0.0,2.0816681711721685e-17
square,0.1,0.0,1.0,5.081132075471698,0.010195302513710543,0.010247540903476878,1.2074182697257333e-06,0.006356701101194138,0.006376969345223819,1.2074182697257333e-06,2.3716636326671322e-05,2.3716917569670657e-05,1.2074182697257333e-06,0.0001922367126516788,0.000318342852430148,0.0003171551260390398,1.1877263911091726e-06,0.0063329844648674855,2.3716636326671325e-05,2.6020852139652106e-18,6.938893903907228e-18,2.36908682047055e-16,1.0288748764141262,2.446782306934625e-16,1.0202682139268342,-6.938893903907228e-18,2.0816681711721685e-17
square,0.1,0.0,1.0,5.130817610062893,0.00992329520221498,0.009972776605335423,0.0,0.006187220601881061,0.006206420849352846,0.0,2.2459036816061446e-05,2.245928902318819e-05,1.2074182697257333e-06,0.00018010093218303295,0.0002982606926321147,0.0002971780339865547,1.0826586455592199e-06,0.006164761565064983,2.2459036816061443e-05,3.469446951953614e-18,1.3877787807814457e-17,2.1189756195480807e-16,1.0280644378530548,1.2233911808122351e-16,1.019698231656746,-3.469446951953614e-17,6.938893903907228e-18
square,0.1,0.0,1.0,5.180503144654088,0.009661341831353818,0.009708239139808957,1.2074182697257333e-06,0.006024025339929373,0.006042224596970247,0.0,2.128050798214888e-05,2.1280734414647443e-05,0.0,0.00016884609815527127,0.0002796383477306994,0.000278650495629289,9.878521014102908e-07,0.006002744831947222,2.128050798214888e-05,2.6020852139652106e-18,1.3877787807814457e-17,2.118976314202307e-16,1.027285202096307,1.2233911808122351e-16,1.019150128781364,0.0,-6.938893903907228e-18
square,0.1,0.0,1.0,5.230188679245283,0.00940897397657334,0.009453447597791601,0.0,0.00586682065711189,0.005884081081330033,1.2074182697257333e-06,2.017532376617611e-05,2.0175527290293167e-05,0.0,0.00015840026610631748,0.00026235621935920473,0.0002614540063929317,9.022129662725307e-07,0.005846645333345703,2.017532376617611e-05,3.469446951953614e-18,6.938893903907228e-18,1.0594883149770763e-16,1.0265356643467995,1.730136399992298e-16,1.0186228576897314,0.0,2.0816681711721685e-17
square,0.1,0.0,1.0,5.279874213836479,0.009165749282408115,0.009207948154502965,0.0,0.005715328433038376,0.005731707729115472,8.537736462515939e-07,1.913822529768871e-05,1.9138408435573816e-05,8.537736462515939e-07,0.00014869799871846556,0.0002463055775259377,0.0002454808039910489,8.247735348890102e-07,0.005696190207740691,1.913822529768871e-05,1.734723475976807e-18,6.938893903907228e-18,1.0594880623755884e-16,1.0258144069145656,1.2233912172721306e-16,1.0181154307977656,-2.0816681711721685e-17,6.938893903907228e-18
square,0.1,0.0,1.0,5.329559748427673,0.00893124978193635,0.00897131229743646,8.537736462515939e-07,0.005569286007501356,0.005584837786971974,0.0,1.8164378623054344e-05,1.8164543596981384e-05,1.2074182697257333e-06,0.00013967972169144006,0.0002313874781945132,0.00023063280160636493,7.54676588147524e-07,0.005551121628878283,1.816437862305434e-05,1.734723475976807e-18,6.938893903907228e-18,1.498342386983949e-16,1.0251200933332607,1.730136348430218e-16,1.0176269165457572,-6.938893903907228e-18,3.469446951953614e-18
square,0.1,0.0,1.0,5.379245283018868,0.008705080339052668,0.008743135186158036,8.537736462515939e-07,0.0054284451826177305,0.005443219291387925,1.2074182697257333e-06,1.7249336626173988e-05,1.724948539741718e-05,0.0,0.00013129114874734958,0.0002175117978998128,0.00021682063604850567,6.911618513072873e-07,0.00541119584599156,1.724933662617399e-05,1.734723475976807e-18,6.938893903907228e-18,1.0594881886763399e-16,1.024451462930898,2.118975703748605e-16,1.0171564357001535,-6.938893903907228e-18,-6.938893903907228e-18
square,0.1,0.0,1.0,5.428930817610063,0.008486867203528047,0.008523034132956865,1.4787793334710982e-06,0.005292571298158307,0.005306614114935975,0.0,1.6389004687244515e-05,1.638913898824102e-05,8.537736462515939e-07,0.0001234827677830138,0.00020459637176596478,0.00020396281754308024,6.335542228845231e-07,0.0052761822934710625,1.6389004687244515e-05,1.734723475976807e-18,3.469446951953614e-18,1.0594879360748219e-16,1.0238073258153715,2.446782306934625e-16,1.0167031579336694,-3.469446951953614e-18,-3.469446951953614e-18
square,0.1,0.0,1.0,5.478616352201258,0.008276256669755528,0.008310647194391929,8.537736462515939e-07,0.005161442374063103,0.005174797082532666,8.537736462515939e-07,1.557960968384467e-05,1.557973104702409e-05,8.537736462515939e-07,0.00011620938117227957,0.00019256622299305238,0.00019198496946446636,5.812535285872539e-07,0.005145862764379292,1.5579609683844674e-05,1.734723475976807e-18,3.469446951953614e-18,1.0594879360748219e-16,1.0231865582390811,1.7301364515543773e-16,1.0162662986602045,-6.938893903907228e-18,1.734723475976807e-17
square,0.1,0.0,1.0,5.528301886792454,0.008072913830893282,0.008105631864687615,0.0,0.0050348483146851275,0.005047555151960294,0.0,1.4817671980771648e-05,1.481778176337161e-05,1.2074182697257333e-06,0.00010942969407724857,0.00018135287335376696,0.00018081914776320977,5.337255905582525e-07,0.005020030642704385,1.4817671980771648e-05,1.734723475976807e-18,6.938893903907228e-18,2.5952046257694874e-16,1.0225880983104596,2.7355858107591714e-16,1.0158451161032624,-1.3877787807814457e-17,1.0408340855860843e-17
square,0.1,0.0,1.0,5.577987421383648,0.007876521420804042,0.007907663862705725,0.0,0.004912590169786883,0.00492468665340836,1.2074182697257333e-06,1.409998009435419e-05,1.410007949986248e-05,1.2074182697257333e-06,0.00010310594537087259,0.00017089372552136833,0.00017040323108873386,4.904944326356975e-07,0.004898490189692564,1.409998009435419e-05,1.734723475976807e-18,3.469446951953614e-18,1.4983425656001845e-16,1.0220109420231593,1.730136399992298e-16,1.0154389085785442,-6.938893903907228e-18,0.0
square,0.1,0.0,1.0,5.627672955974843,0.007686778736921912,0.0077164360050261315,0.0,0.004794479447770075,0.004806000583281442,0.0,1.3423567755319272e-05,1.3423657852265114e-05,1.2074182697257333e-06,9.72035764243149e-05,0.00016113150916438918,0.0001606803736961175,4.5113546827091404e-07,0.004781055880014733,1.3423567755319272e-05,8.673617379884035e-19,6.938893903907228e-18,1.4983421190595556e-16,1.0214541395764576,1.730136348430218e-16,1.01504701197314,-3.469446951953614e-18,6.938893903907228e-18
square,0.1,0.0,1.0,5.6773584905660375,0.007503400637704412,0.007531657158266682,0.0,0.004680337477003528,0.004691315947927322,0.0,1.2785693121941283e-05,1.2785774859513653e-05,1.2074182697257333e-06,9.169093357613179e-05,0.00015201378371260628,0.00015159851417309147,4.1526953951595885e-07,0.004667551783881623,1.2785693121941283e-05,1.3010426069826053e-18,3.469446951953614e-18,2.595204677331566e-16,1.0209167919628461,1.730136399992298e-16,1.0146687974053783,-1.3877787807814457e-17,-6.938893903907228e-18
square,0.1,0.0,1.0,5.727044025157233,0.007326116608938581,0.007353051264436058,1.2074182697257333e-06,0.004569994811485551,0.004580461153338111,0.0,1.2183819928679892e-05,1.2183894151963749e-05,0.0,8.653900059649394e-05,0.0001434924915446746,0.00014310993385036313,3.8255769431161093e-07,0.004557810991556875,1.2183819928679892e-05,1.734723475976807e-18,3.469446951953614e-18,1.0594880623755884e-16,1.0203980478010073,1.7301366062406047e-16,1.0143036690507867,-6.938893903907228e-18,0.0
square,0.1,0.0,1.0,5.7767295597484285,0.007154669893582064,0.0071803564335823945,8.537736462515939e-07,0.004463290677394693,0.004473273437209703,8.537736462515939e-07,1.1615600366808922e-05,1.1615667828488656e-05,8.537736462515939e-07,8.172115788920999e-05,0.00013552355608568309,0.00013517085948096532,3.526966047165435e-07,0.004451675077027845,1.1615600366808922e-05,1.734723475976807e-18,3.469446951953614e-18,1.0594883149770763e-16,1.0198971003943038,2.446782325164574e-16,1.0139510621209455,0.0,-6.938893903907228e-18
square,0.1,0.0,1.0,5.826415094339623,0.006988816680357333,0.007013324098579869,0.0,0.00436007245738543,0.004369598340071789,8.537736462515939e-07,1.1078859533798194e-05,1.1078920904806843e-05,8.537736462515939e-07,7.721296555526778e-05,0.0001280665199484383,0.00012774110540559363,3.254145428449901e-07,0.004348993597851643,1.1078859533798194e-05,1.734723475976807e-18,3.469446951953614e-18,1.4983422083676918e-16,1.0194131849967634,1.730136374211258e-16,1.0136104409831643,0.0,1.0408340855860843e-17
square,0.1,0.0,1.0,5.876100628930818,0.006828325346638855,0.006851718227258658,0.0,0.004260195209749941,0.004269289212476149,8.537736462515939e-07,1.057158128749045e-05,1.057163716705917e-05,8.537736462515939e-07,7.299196777036354e-05,0.00012108421881697488,0.00012078375097481449,3.004678421604688e-07,0.004249623628462453,1.0571581287490448e-05,1.734723475976807e-18,3.469446951953614e-18,1.4983422083676918e-16,1.0189455762700703,2.118975703748605e-16,1.0132812974099736,-6.938893903907228e-18,-3.469446951953614e-18
square,0.1,0.0,1.0,5.925786163522012,0.00667297575158614,0.006695314587532218,0.0,0.0041635212198052485,0.004172206755485367,0.0,1.0091895369828507e-05,1.009194629343989e-05,8.537736462515939e-07,6.903751622134247e-05,0.00011454248726563722,0.00011426484948361311,2.776377820259543e-07,0.004153429324435487,1.0091895369828507e-05,1.734723475976807e-18,6.938893903907228e-18,1.835087154047223e-16,1.0184935859165836,1.730136374211258e-16,1.0129631489483808,-1.3877787807814457e-17,-3.469446951953614e-18
square,0.1,0.0,1.0,5.975471698113208,0.006522558575809869,0.00654390006154279,8.537736462515939e-07,0.004069919581090075,0.004078218591941823,0.0,9.638065680112373e-06,9.638112126514252e-06,8.537736462515939e-07,6.533061060167107e-05,0.00010840989314152577,0.00010815316529969711,2.5672784182928173e-07,0.004060281515409986,9.638065680112375e-06,8.673617379884035e-19,3.469446951953614e-18,1.4983421190595556e-16,1.0180565604746825,7.316123192145573e-20,1.0126555373996913,-6.938893903907228e-18,-6.938893903907228e-18
square,0.1,0.0,1.0,6.025157232704403,0.0063768747041368585,0.006397272005149513,8.537736462515939e-07,0.003979265804164347,0.003987198866215811,0.0,9.208479576725881e-06,9.208521975183117e-06,0.0,6.18537543897714e-05,0.00010265749751980804,0.0001024199362419663,2.3756127784166934e-07,0.003970057324587619,9.208479576725883e-06,1.734723475976807e-18,3.469446951953614e-18,1.8350873728065417e-16,1.0176338792639161,1.2233912537320254e-16,1.0123580274014916,-3.469446951953614e-18,6.938893903907228e-18
square,0.1,0.0,1.0,6.074842767295598,0.006235734648337047,0.006255237649409096,0.0,0.003891441450959425,0.003899027870295883,0.0,8.801638120955522e-06,8.801676855788187e-06,0.0,5.859082433318406e-05,9.725863757617161e-05,9.703865859335169e-05,2.1997898281922647e-07,0.0038826398128384413,8.80163812095552e-06,1.734723475976807e-18,3.469446951953614e-18,2.1189756826984743e-16,1.017224952468523,1.730136399992298e-16,1.012070205104092,3.469446951953614e-18,0.0
square,0.1,0.0,1.0,6.124528301886793,0.006098958006930452,0.00611761354097502,1.2074182697257333e-06,0.003806333792828788,0.003813591694297943,1.2074182697257333e-06,8.416147163872338e-06,8.416182579889206e-06,1.2074182697257333e-06,5.55269522348952e-05,9.218873001709446e-05,9.198489242404426e-05,2.0383759304980684e-07,0.0037979176456648996,8.41614716387234e-06,1.734723475976807e-18,6.938893903907228e-18,2.1189759984504143e-16,1.016829219348861,1.730136399992298e-16,1.0117916769343642,3.469446951953614e-18,-3.469446951953614e-18
square,0.1,0.0,1.0,6.174213836477987,0.005966372959402903,0.005984225018569923,1.2074182697257333e-06,0.003723835490569895,0.0037307818995925873,0.0,8.05070920177648e-06,8.050741608944631e-06,0.0,5.264841779229921e-05,8.742509296816329e-05,8.723608515559811e-05,1.8900781256511465e-07,0.0037157847813681162,8.050709201776482e-06,1.734723475976807e-18,3.469446951953614e-18,2.36908698992083e-16,1.0164461465711279,1.730136374211258e-16,1.011522068440511,-1.0408340855860843e-17,6.938893903907228e-18
square,0.1,0.0,1.0,6.223899371069182,0.0058378157923824016,0.005854905722928566,1.2074182697257333e-06,0.0036438442948402558,0.003650495212917992,0.0,7.704115926046417e-06,7.704145603023493e-06,1.2074182697257333e-06,4.9942551375101864e-05,8.294678445084745e-05,8.277141152286434e-05,1.7537292798350157e-07,0.0036361401789142263,7.704115926046417e-06,1.734723475976807e-18,6.938893903907228e-18,1.8350870082076627e-16,1.0160752266466064,1.2233911808122351e-16,1.0112610232118162,3.469446951953614e-18,-3.469446951953614e-18
square,0.1,0.0,1.0,6.273584905660378,0.005713130455544616,0.005729497137841222,0.0,0.0035662627655171607,0.0035726332399664733,0.0,7.375241402822069e-06,7.375268600112469e-06,0.0,4.739764574914269e-05,7.873445578110061e-05,7.857162829017084e-05,1.6282749092977415e-07,0.0035588875241143385,7.37524140282207e-06,4.336808689942018e-19,3.469446951953614e-18,7.316123192145576e-20,1.0157159764723518,1.2233912172721306e-16,1.011008201867924,-1.734723475976807e-18,1.734723475976807e-18
square,0.1,0.0,1.0,6.323270440251573,0.005592168145115574,0.0056078481600372624,8.537736462515939e-07,0.0034909980086517424,0.003497102197054971,8.537736462515939e-07,7.0630358277301445e-06,7.063060771170327e-06,0.0,4.500287585799396e-05,7.477021840233206e-05,7.461894225433297e-05,1.5127614799953386e-07,0.0034839349728240337,7.063035827730144e-06,8.673617379884035e-19,1.734723475976807e-18,7.316123192145576e-20,1.0153679359659153,2.1189756616483433e-16,1.0107632811126204,-5.204170427930421e-18,5.204170427930421e-18
square,0.1,0.0,1.0,6.3729559748427675,0.005474786913113728,0.005489814695940193,0.0,0.0034179614297962695,0.003423812659603147,8.537736462515939e-07,6.766519797466509e-06,6.766542690601352e-06,0.0,4.2748225870507984e-05,7.103752282471302e-05,7.08968902241318e-05,1.406326005805896e-07,0.0034111949099987727,6.7665197974665085e-06,8.673617379884035e-19,3.469446951953614e-18,1.0594881886763399e-16,1.0150306667873,1.2233911808122351e-16,1.0105259528475077,-5.204170427930421e-18,-1.734723475976807e-18
square,0.1,0.0,1.0,6.422641509433962,0.005360851300501242,0.005375259283361263,0.0,0.003347068502549356,0.003352679326235489,8.537736462515939e-07,6.48477905848464e-06,6.484800084899748e-06,8.537736462515939e-07,4.0624422783983566e-05,6.752104848289034e-05,6.739022980353719e-05,1.3081867935337143e-07,0.0033405837234908825,6.484779058484639e-06,8.673617379884035e-19,1.734723475976807e-18,1.835086789448301e-16,1.0147037511418784,2.446782379854418e-16,1.0102959233413156,-1.734723475976807e-18,-5.204170427930421e-18
square,0.1,0.0,1.0,6.472327044025157,0.0052502319926518715,0.005264050736445634,8.537736462515939e-07,0.0032782385512793812,0.0032836207974224056,8.537736462515939e-07,6.2169596825082435e-06,6.2169790078778214e-06,8.537736462515939e-07,3.862287594848182e-05,6.420660344969064e-05,6.408483992981432e-05,1.2176351987616625e-07,0.0032720215915968648,6.216959682508243e-06,4.336808689942018e-19,1.734723475976807e-18,1.0594879360748219e-16,1.0143867906585236,1.2233912537320254e-16,1.0100729124509336,-1.734723475976807e-18,3.469446951953614e-18
square,0.1,0.0,1.0,6.522012578616353,0.005142805495583551,0.005156063812238243,8.537736462515939e-07,0.0032113945470512765,0.003216559367658171,8.537736462515939e-07,5.962263637278496e-06,5.962281411770431e-06,8.537736462515939e-07,3.673562194229181e-05,6.108103305392533e-05,6.0967630226284924e-05,1.1340282764047738e-07,0.0032054322834140017,5.962263637278496e-06,8.673617379884035e-19,3.469446951953614e-18,2.803141404978249e-16,1.014079405337637,2.446782288704677e-16,1.0098566528905555,-5.204170427930421e-18,0.0
square,0.1,0.0,1.0,6.571698113207548,0.005038453831592371,0.005051178897427289,0.0,0.003146462915854959,0.003151420830242331,0.0,5.719944713294588e-06,5.719961072241734e-06,0.0,3.495527428873728e-05,5.8132136548965845e-05,5.802645832677879e-05,1.0567822218728604e-07,0.0031407429711416772,5.719944713294588e-06,8.673617379884035e-19,1.734723475976807e-18,1.0594880623755884e-16,1.0137812325641764,1.2233911808122351e-16,1.0096468895456,0.0,1.734723475976807e-18
square,0.1,0.0,1.0,6.6213836477987424,0.004937064252947012,0.0049492817138607125,1.2074182697257333e-06,0.0030833733583102104,0.003088134293814478,0.0,5.4893047772033616e-06,5.4893198435806845e-06,1.2074182697257333e-06,3.3274977554895335e-05,5.5348591066601234e-05,5.525005441532826e-05,9.853665127335591e-08,0.003077884053533028,5.4893047772033616e-06,8.673617379884035e-19,1.734723475976807e-18,1.4983422083676918e-16,1.0134919261811877,2.1189757247987357e-16,1.009443378828331,-1.734723475976807e-18,3.469446951953614e-18
square,0.1,0.0,1.0,6.671069182389937,0.0048385289724962475,0.004850263041621858,0.0,0.0030220586800783337,0.00302663200984682,0.0,5.269690321914282e-06,5.269704206927118e-06,1.2074182697257333e-06,3.1688365421349076e-05,5.271988216862602e-05,5.262795230152291e-05,9.19298671028018e-08,0.0030167889897564017,5.269690321914282e-06,4.336808689942018e-19,1.734723475976807e-18,1.0594884412777977e-16,1.013211155619664,1.2233912172721306e-16,1.0092458880723423,-1.734723475976807e-18,1.734723475976807e-18
square,0.1,0.0,1.0,6.720754716981132,0.004742744910019093,0.004754018458442249,0.0,0.002962454632264816,0.0029668492103581525,1.2074182697257333e-06,5.060489291327469e-06,5.0605020960878975e-06,0.0,3.0189522351517314e-05,5.023624037813164e-05,5.015042642044219e-05,8.581395768944991e-08,0.002957394142973488,5.060489291327469e-06,4.336808689942018e-19,1.734723475976807e-18,1.498342386983949e-16,1.0129386050808846,2.1189756195480804e-16,1.0090541949632696,-3.469446951953614e-18,0.0
square,0.1,0.0,1.0,6.770440251572328,0.0046496134533343505,0.004660448094413583,1.2074182697257333e-06,0.002904499761161745,0.002908723955178462,1.2074182697257333e-06,4.861128149627159e-06,4.861139965088115e-06,0.0,2.8772948527907618e-05,4.788858313476634e-05,4.7808434207699364e-05,8.014892706655291e-08,0.002899638633012092,4.861128149627159e-06,8.673617379884035e-19,1.734723475976807e-18,1.4983421190595556e-16,1.0126739727676903,2.118975745848866e-16,1.0088680870033038,-3.469446951953614e-18,1.734723475976807e-18
square,0.1,0.0,1.0,6.820125786163523,0.00455904023318044,0.004569456400968387,1.2074182697257333e-06,0.0028481352667091564,0.0028521969881239342,0.0,4.671069183467984e-06,4.6710800930901215e-06,0.0,2.7433527754559438e-05,4.566846167333085e-05,4.5593563354254815e-05,7.4898319076384e-08,0.0028434641975257106,4.671069183467984e-06,4.336808689942018e-19,1.734723475976807e-18,1.4983424762920692e-16,1.0124169701613899,1.730136374211258e-16,1.008687361007255,-8.673617379884035e-18,3.469446951953614e-18
square,0.1,0.0,1.0,6.869811320754717,0.0044709349109954555,0.004480951933211918,8.537736462515939e-07,0.002793304869118284,0.0027972116015116113,0.0,4.489808005553e-06,4.4898180849012165e-06,8.537736462515939e-07,2.6166498055100844e-05,4.356801237494693e-05,4.34979834952102e-05,7.002887973657326e-08,0.0027888150611127217,4.489808005552999e-06,2.168404344971009e-19,1.734723475976807e-18,2.3690868769539777e-16,1.0121673213412767,1.730136399992298e-16,1.0085118226280836,-1.734723475976807e-18,-3.469446951953614e-18
square,0.1,0.0,1.0,6.919496855345912,0.004385210978758206,0.004394847144732809,0.0,0.002739954683120791,0.002743713508459234,8.537736462515939e-07,4.3168712559350606e-06,4.316880573765137e-06,0.0,2.4967424722098284e-05,4.157991218400131e-05,4.1514401929822245e-05,6.551025417945067e-08,0.0027356378118648813,4.31687125593506e-06,6.505213034913027e-19,1.734723475976807e-18,2.5952045742074077e-16,1.0119247623439105,1.2233913266518113e-16,1.0083412859099623,-5.204170427930421e-18,-3.469446951953614e-18
square,0.1,0.0,1.0,6.969182389937107,0.004301785570131723,0.0043110581940974885,8.537736462515939e-07,0.002688033099363181,0.0026916507224802404,8.537736462515939e-07,4.151814473426253e-06,4.151823092391976e-06,8.537736462515939e-07,2.3832175597185106e-05,3.9697337724019116e-05,3.9636023009792135e-05,6.131471422659152e-08,0.002683881284889729,4.151814473426253e-06,8.673617379884035e-19,1.734723475976807e-18,1.835086862368091e-16,1.011689040559585,2.4467824345442613e-16,1.0081755728670845,-3.469446951953614e-18,3.469446951953614e-18
square,0.1,0.0,1.0,7.018867924528303,0.004220579282194478,0.004229504762281377,0.0,0.0026374906724864334,0.0026409734438987598,8.537736462515939e-07,3.994220128943257e-06,3.994228106005737e-06,8.537736462515939e-07,2.275689838277076e-05,3.7913927780927355e-05,3.785651086753655e-05,5.7416913390301254e-08,0.0026334964523574552,3.994220128943256e-06,8.673617379884035e-19,1.734723475976807e-18,1.835086789448301e-16,1.0114599141635268,1.2233913266518113e-16,1.0080145130865497,1.734723475976807e-18,5.204170427930421e-18
square,0.1,0.0,1.0,7.068553459119498,0.004141516007097089,0.004150109880347512,0.0,0.002588280015474826,0.0025916339526585474,0.0,3.843695807205877e-06,3.843703194328361e-06,0.0,2.1737999805070872e-05,3.622374885422025e-05,3.616995518786286e-05,5.379366635750284e-08,0.002584436319667628,3.843695807205877e-06,8.673617379884035e-19,1.734723475976807e-18,1.4983422083676918e-16,1.011237151579609,2.7355857944538095e-16,1.0078579433537864,-3.469446951953614e-18,3.469446951953614e-18
square,0.1,0.0,1.0,7.118238993710692,0.0040645227730137365,0.00407279976671474,8.537736462515939e-07,0.0025403556998736154,0.002543586507114463,8.537736462515939e-07,3.699872520717959e-06,3.699879365393963e-06,8.537736462515939e-07,2.0772126465336264e-05,3.462126350492377e-05,3.457083975462743e-05,5.042375029637612e-08,0.0025366558273529002,3.699872520717959e-06,4.336808689942018e-19,1.734723475976807e-18,1.4983422083676918e-16,1.0110205309744709,2.118975682698474e-16,1.0077057072990785,-8.673617379884035e-18,5.204170427930421e-18
square,0.1,0.0,1.0,7.167924528301887,0.003989529593838523,0.003997503673441976,8.537736462515939e-07,0.002493674161515571,0.002496787248439804,8.537736462515939e-07,3.562403151816537e-06,3.562409497416968e-06,0.0,1.985614723190848e-05,3.3101301255139575e-05,3.305401352936468e-05,4.7287725774433186e-08,0.002490111758363719,3.562403151816537e-06,8.673617379884035e-19,3.469446951953614e-18,1.8350869352878786e-16,1.010809839780128,1.2233913266518113e-16,1.0075576550638594,-3.469446951953614e-18,-1.734723475976807e-18
square,0.1,0.0,1.0,7.2176100628930815,0.003916469327067256,0.003924153740947838,0.0,0.0024481936114160215,0.0024511941102967243,0.0,3.4309610055277246e-06,3.430966891426816e-06,8.537736462515939e-07,1.8987137038954575e-05,3.165903181694432e-05,3.1614664041810226e-05,4.4367775134366016e-08,0.002444762650410515,3.430961005527724e-06,6.505213034913027e-19,1.734723475976807e-18,1.835086862368091e-16,1.010604874243251,1.2233912901919187e-16,1.0074136429855374,-1.734723475976807e-18,5.204170427930421e-18
square,0.1,0.0,1.0,7.267295597484278,0.0038452775393708295,0.0038526848606513955,0.0,0.0024038739515157485,0.0024067667334448212,0.0,3.305238469452282e-06,3.3052439320296875e-06,1.2074182697257333e-06,1.816236197067862e-05,3.0289940449145152e-05,3.0248292892563717e-05,4.164755658124507e-08,0.002400568713046281,3.305238469452282e-06,6.505213034913027e-19,1.734723475976807e-18,1.0594880623755884e-16,1.0104054389994581,2.1189756616483433e-16,1.0072735332996976,0.0,0.0
square,0.1,0.0,1.0,7.3169811320754725,0.0037758923794048442,0.0037830345450598018,0.0,0.0023606766949771547,0.0023634663849844517,0.0,3.1849457719152203e-06,3.184950844112799e-06,0.0,1.7379265521006502e-05,2.898980525915469e-05,2.895069318680447e-05,3.911207234995128e-08,0.0023574917492052176,3.1849457719152203e-06,4.336808689942018e-19,1.734723475976807e-18,1.4983422083676918e-16,1.0102113466710567,1.2233912172721306e-16,1.0071371938586031,-3.469446951953614e-18,3.469446951953614e-18
square,0.1,0.0,1.0,7.366666666666667,0.003708254457413166,0.003715142804846165,1.2074182697257333e-06,0.00231856489076376,0.0023212558819590574,0.0,3.069809824829411e-06,3.0698145368565295e-06,1.2074182697257333e-06,1.6635455928561163e-05,2.7754676284146257e-05,2.7717928734711185e-05,3.674754943518778e-08,0.0023154950809389403,3.0698098248294107e-06,8.673617379884035e-19,1.734723475976807e-18,1.8350870082076627e-16,1.0100224174867731,2.1189757247987357e-16,1.007004497865003,0.0,0.0
square,0.1,0.0,1.0,7.416352201257862,0.0036423067312081427,0.003648952032483053,0.0,0.002277503052234634,0.002280099519041668,1.2074182697257333e-06,2.9595731535353087e-06,2.9595775331835158e-06,0.0,1.5928694496057272e-05,2.6580856200628388e-05,2.654631486891338e-05,3.45413317150882e-08,0.002274543479081105,2.9595731535353087e-06,6.505213034913027e-19,1.734723475976807e-18,6.498022743687722e-35,1.009838478922142,1.7301364515543773e-16,1.0068753236203043,-1.734723475976807e-18,0.0
square,0.1,0.0,1.0,7.466037735849056,0.003577994398172,0.0035844068920623915,0.0,0.0022374570895251455,0.002239963000072647,1.2074182697257333e-06,2.8539928994804814e-06,2.853996972231806e-06,1.2074182697257333e-06,1.525688481162169e-05,2.5464882525566686e-05,2.543240074334441e-05,3.2481782222467575e-08,0.0022346030966256822,2.853992899480482e-06,8.673617379884035e-19,1.734723475976807e-18,1.4983424762920692e-16,1.009659365359283,1.2233913266518113e-16,1.0067495542862466,3.469446951953614e-18,-5.204170427930421e-18
square,0.1,0.0,1.0,7.515723270440253,0.0035152647929093585,0.003521454214920161,1.7075472925031877e-06,0.0021983942454826804,0.0022008133732103422,1.2074182697257333e-06,2.7528398952975742e-06,2.7528436846704145e-06,0.0,1.4618062796727795e-05,2.4403511184321753e-05,2.4372952989716e-05,3.055819460571397e-08,0.002195641405587379,2.7528398952975742e-06,8.673617379884035e-19,3.469446951953614e-18,1.8350868076782488e-16,1.0094849177648857,2.1189756616483433e-16,1.006627077659264,-3.469446951953614e-18,1.734723475976807e-18
square,0.1,0.0,1.0,7.565408805031447,0.0034540672902137986,0.0034600429007168917,8.537736462515939e-07,0.002160283034948849,0.0021626189694842813,8.537736462515939e-07,2.6558978011339424e-06,2.6559013280918277e-06,0.0,1.4010387512197381e-05,2.3393701331958994e-05,2.3364940619162172e-05,2.876071279678647e-08,0.002157627137147712,2.655897801133943e-06,4.336808689942018e-19,8.673617379884035e-19,5.783903232390431e-20,1.0093149833853245,2.1189756195480804e-16,1.0065077859567766,-2.6020852139652106e-18,1.734723475976807e-18
square,0.1,0.0,1.0,7.615094339622642,0.003394353213062382,0.0034001238236753056,0.0,0.0021230931871945033,0.002125349344551576,8.537736462515939e-07,2.562962304729306e-06,2.5629655892229834e-06,0.0,1.3432132660124301e-05,2.243260132460619e-05,2.2405521066453284e-05,2.70802581529452e-08,0.0021205302248897776,2.562962304729306e-06,4.336808689942018e-19,1.734723475976807e-18,2.5866401605811532e-20,1.0091494154578715,1.2233913631117026e-16,1.0063915756147084,-1.734723475976807e-18,8.673617379884035e-19
square,0.1,0.0,1.0,7.664779874213837,0.0033360757453214417,0.003341649743651048,8.537736462515939e-07,0.0020867955913230073,0.002088975223466438,8.537736462515939e-07,2.473840372519391e-06,2.4738434325703614e-06,0.0,1.2881678724551123e-05,2.1517535746642746e-05,2.1492027283394602e-05,2.5508463247915014e-08,0.0020843217509504655,2.473840372519391e-06,4.336808689942018e-19,8.673617379884035e-19,1.059487967650015e-16,1.0089880729370497,2.118975745848866e-16,1.0062783470955647,-8.673617379884035e-19,-8.673617379884035e-19
square,0.1,0.0,1.0,7.714465408805031,0.0032791898489140294,0.003284575221776789,8.537736462515939e-07,0.002051362244470029,0.0020534684482926393,8.537736462515939e-07,2.388349558503515e-06,2.388352410796543e-06,1.2074182697257333e-06,1.2357505699251948e-05,2.0645993407802396e-05,2.0621955796028178e-05,2.4037611773990006e-08,0.0020489738949115025,2.3883495585035146e-06,4.336808689942018e-19,1.734723475976807e-18,2.5952045999884475e-16,1.0088308202352436,2.735585843369894e-16,1.006168004706456,8.673617379884035e-19,-2.6020852139652106e-18
square,0.1,0.0,1.0,7.764150943396228,0.0032236521851749882,0.003228856540396098,0.0,0.002016766202639121,0.0020188019283886977,0.0,2.306317349421587e-06,2.3063200090681445e-06,0.0,1.1858186355041477e-05,1.9815616231778807e-05,1.9792955647996277e-05,2.266058378260576e-08,0.002014459885289707,2.306317349421587e-06,4.336808689942018e-19,8.673617379884035e-19,1.4983420520784495e-16,1.008677526976732,1.2233912172721306e-16,1.0060604564264897,-2.6020852139652106e-18,1.734723475976807e-18
square,0.1,0.0,1.0,7.813836477987422,0.003169421040176261,0.0031744516270652942,8.537736462515939e-07,0.0019829815340240598,0.0019849495932188006,0.0,2.227580565753565e-06,2.2275830470057044e-06,8.537736462515939e-07,1.1382380003547169e-05,1.902418896474546e-05,1.9002818158769685e-05,2.1370805975733424e-08,0.0019807539534583024,2.2275805657535647e-06,4.336808689942018e-19,8.673617379884035e-19,1.0594879992252071e-16,1.0085280677643595,2.1189756616483433e-16,1.0059556137429864,-8.673617379884035e-19,3.469446951953614e-18
square,0.1,0.0,1.0,7.863522012578617,0.003116456253780698,0.0031213199823704155,0.0,0.0019499832746747736,0.0019518863475408061,8.537736462515939e-07,2.1519847935451014e-06,2.1519871092468885e-06,8.537736462515939e-07,1.0928826717732013e-05,1.8269629638339894e-05,1.8249467431988716e-05,2.016220635121377e-08,0.0019478312898812324,2.151984793545102e-06,4.336808689942018e-19,8.673617379884035e-19,1.4983421860406583e-16,1.0083823219581156,1.2233913266518113e-16,1.00585339149602,-1.734723475976807e-18,-3.469446951953614e-18
square,0.1,0.0,1.0,7.913207547169812,0.003064719152229794,0.0030694226113616415,8.537736462515939e-07,0.0019177473863807811,0.001919588028843738,8.537736462515939e-07,2.0793838630131946e-06,2.079386025001087e-06,0.0,1.0496341973096593e-05,1.75499807273501e-05,1.7530951554384004e-05,1.9029172966057385e-08,0.0019156680025177637,2.0793838630131946e-06,4.336808689942018e-19,8.673617379884035e-19,1.835086789448301e-16,1.0082401734649544,1.2233913631117026e-16,1.0057537077307994,-1.734723475976807e-18,3.469446951953614e-18
square,0.1,0.0,1.0,7.962893081761006,0.003014172484055154,0.0030187219583873346,1.2074182697257333e-06,0.0018862507166374158,0.0018880313668969576,1.2074182697257333e-06,2.009639350611316e-06,2.0096413703501195e-06,1.2074182697257333e-06,1.0083811676440083e-05,1.686340094727275e-05,1.6845434431035083e-05,1.7966516237666105e-08,0.0018842410772868044,2.009639350611316e-06,4.336808689942018e-19,8.673617379884035e-19,2.803141345306737e-16,1.008101510539193,1.7301364773354161e-16,1.0056564835574584,-1.734723475976807e-18,8.673617379884035e-19
square,0.1,0.0,1.0,8.0125786163522,0.0029647803591463114,0.0029691818451550588,0.0,0.001855470960590959,0.0018571939453079864,1.2074182697257333e-06,1.942620125409778e-06,1.942622012420956e-06,1.2074182697257333e-06,9.690187551925371e-06,1.6208157641765762e-05,1.619118820710522e-05,1.6969434660772173e-08,0.0018535283404655756,1.9426201254097783e-06,4.336808689942018e-19,1.734723475976807e-18,2.1189756826984743e-16,1.0079662255929067,4.0575294196463723e-16,1.0055616430178267,-3.469446951953614e-18,8.673617379884035e-19
square,0.1,0.0,1.0,8.062264150943397,0.002916508190784384,0.0029207674118245084,0.0,0.0018253866248447025,0.0018270541649626764,1.2074182697257333e-06,1.878201916222452e-06,1.8782036801710571e-06,0.0,9.314482856615969e-06,1.5582619714027352e-05,1.5566586230595622e-05,1.603348343211504e-08,0.0018235084229285253,1.878201916222452e-06,4.336808689942018e-19,8.673617379884035e-19,1.835086898827985e-16,1.0078342150157564,1.730136399992298e-16,1.0054691129588027,-3.469446951953614e-18,0.0
square,0.1,0.0,1.0,8.111949685534592,0.002869322640487062,0.00287344506097203,0.0,0.0017959769930302406,0.0017975912092577195,1.2074182697257333e-06,1.8162669113856105e-06,1.8162685610203727e-06,0.0,8.955768400063015e-06,1.498525106011339e-05,1.4970096514278343e-05,1.5154545834893003e-08,0.0017941607261188367,1.8162669113856107e-06,4.336808689942018e-19,8.673617379884035e-19,1.4983421860406583e-16,1.0077053790037132,1.730136374211258e-16,1.0053788229119498,8.673617379884035e-19,8.673617379884035e-19
square,0.1,0.0,1.0,8.161635220125786,0.0028231915655192686,0.002827182404278409,0.0,0.0017672220930385774,0.0017687850110133393,1.2074182697257333e-06,1.7567033841244089e-06,1.7567049272043467e-06,1.7075472925031877e-06,8.61316884474839e-06,1.4414604465555934e-05,1.4400275658472165e-05,1.4328807083844076e-08,0.0017654653896544623,1.7567033841244089e-06,1.0842021724855044e-19,8.673617379884035e-19,1.059488346552258e-16,1.0075796213961994,1.7301365031164545e-16,1.0052907049789854,-4.336808689942018e-18,0.0
square,0.1,0.0,1.0,8.211320754716981,0.002778083968912798,0.0027819482117775796,0.0,0.001739102665834604,0.001740616220989702,1.2074182697257333e-06,1.699405338828385e-06,1.699406782972675e-06,0.0,8.285859265742283e-06,1.3869315930027147e-05,1.385576319964443e-05,1.3552730382409332e-08,0.0017374032604957372,1.6994053388283852e-06,3.2526065174565133e-19,8.673617379884035e-19,2.118975651123278e-16,1.007456849521171,1.2233911808122351e-16,1.0052046937228274,-2.6020852139652106e-18,2.6020852139652106e-18
square,0.1,0.0,1.0,8.261006289308176,0.002733969951869465,0.0027377123635388733,0.0,0.0017116001357558113,0.0017130661779073014,0.0,1.6442721849870117e-06,1.6442735369412603e-06,8.537736462515939e-07,7.973061950122161e-06,1.3348099387454453e-05,1.3335276352397099e-05,1.2823035057508764e-08,0.001709955863570844,1.6442721849870117e-06,4.336808689942018e-19,8.673617379884035e-19,1.4983421860406583e-16,1.0073369740477152,2.118975745848866e-16,1.0051207260639066,-8.673617379884035e-19,-1.734723475976807e-18
square,0.1,0.0,1.0,8.310691823899372,0.0026908206684136894,0.002694445803642891,0.0,0.0016846965822250066,0.0016861168798975453,8.537736462515939e-07,1.5912084273575998e-06,1.5912096934915578e-06,8.537736462515939e-07,7.674043417956906e-06,1.2849741791842744e-05,1.2837605115337396e-05,1.2136676505596713e-08,0.0016831053737976815,1.5912084273575996e-06,2.168404344971009e-19,8.673617379884035e-19,2.5952046257694874e-16,1.0072199088457479,1.730136374211258e-16,1.0050387411814514,0.0,0.0
square,0.1,0.0,1.0,8.360377358490567,0.002648608282181116,0.0026521204963371684,8.537736462515939e-07,0.00165837471279743,0.0016597509573059988,0.0,1.5401233759258234e-06,1.540124561957845e-06,0.0,7.3881116483481224e-06,1.2373098541357652e-05,1.2361607713531317e-05,1.1490827826259992e-08,0.0016568345894214939,1.5401233759258234e-06,2.168404344971009e-19,1.734723475976807e-18,2.369086905195691e-16,1.007105570852432,2.735585778148448e-16,1.0049586804194819,-1.734723475976807e-18,2.6020852139652106e-18
square,0.1,0.0,1.0,8.410062893081761,0.0026073059252327475,0.0026107093842562103,8.537736462515939e-07,0.0016326178374727956,0.001633951646774989,0.0,1.4909308781359202e-06,1.4909319897422373e-06,0.0,7.114613495268467e-06,1.1917089215478996e-05,1.1906206352458954e-05,1.08828630197753e-08,0.001631126906594623,1.4909308781359204e-06,4.336808689942018e-19,8.673617379884035e-19,1.0594878413492372e-16,1.006993879944949,1.2233911808122351e-16,1.00488048719726,-2.6020852139652106e-18,0.0
square,0.1,0.0,1.0,8.459748427672956,0.002566887658776557,0.002570186348586178,8.537736462515939e-07,0.0016074098442071818,0.0016087027665389149,0.0,1.4435490616101826e-06,1.443550103635219e-06,0.0,6.852932279054385e-06,1.14806936020517e-05,1.1470383260519116e-05,1.0310341532124925e-08,0.0016059662951455071,1.4435490616101824e-06,4.336808689942018e-19,8.673617379884035e-19,1.4983420967325206e-16,1.006884758819294,1.730136374211258e-16,1.0048041069239595,-2.6020852139652106e-18,4.336808689942018e-18
square,0.1,0.0,1.0,8.50943396226415,0.002527328435710954,0.0025305261710857675,0.0,0.0015827351755586454,0.001583988692869745,8.537736462515939e-07,1.3979000998957734e-06,1.3979010771342911e-06,8.537736462515939e-07,6.602485540761591e-06,1.1062947992870212e-05,1.1053176998743576e-05,9.770994126617863e-09,0.001581337275458747,1.3979000998957734e-06,3.2526065174565133e-19,8.673617379884035e-19,1.4983424539650396e-16,1.0067781328747685,3.6701734938235103e-16,1.0047294869173313,-8.673617379884035e-19,-1.734723475976807e-18
square,0.1,0.0,1.0,8.559119496855347,0.0024886040648878557,0.002491704497858881,0.0,0.0015585788064108753,0.0015597943376094436,8.537736462515939e-07,1.3539099849556165e-06,1.3539109015147725e-06,8.537736462515939e-07,6.362722947390949e-06,1.0662941728171488e-05,1.0653679018313176e-05,9.262709858102265e-09,0.0015572248964258889,1.3539099849556165e-06,4.336808689942018e-19,8.673617379884035e-19,1.8350867712183528e-16,1.0066739301038619,1.2233912172721306e-16,1.0046565763261568,-8.673617379884035e-19,1.734723475976807e-18
square,0.1,0.0,1.0,8.608805031446542,0.0024506911770053983,0.0024536978047861036,8.537736462515939e-07,0.001534926222718076,0.001536105126738109,8.537736462515939e-07,1.3115083196521373e-06,1.311509179794209e-06,8.537736462515939e-07,6.133124337018484e-06,1.027981397192283e-05,1.0271030447770607e-05,8.783524151915774e-09,0.0015336147143983781,1.311508319652137e-06,3.2526065174565133e-19,8.673617379884035e-19,1.059488125525966e-16,1.0065720809872623,1.2233914360314818e-16,1.0045853260562887,-1.734723475976807e-18,0.0
square,0.1,0.0,1.0,8.658490566037736,0.002413567192059249,0.0024164833645438223,0.0,0.001511763401216366,0.0015129069799173014,0.0,1.2706281186070047e-06,1.2706289259021932e-06,0.0,5.913197893817579e-06,9.912750701200568e-06,9.904419093381943e-06,8.331607818758185e-09,0.0015104927730977796,1.2706281186070047e-06,3.2526065174565133e-19,1.734723475976807e-18,1.4983422753487908e-16,1.0064725183937033,2.118975682698474e-16,1.0045156887000966,-2.6020852139652106e-18,0.0
square,0.1,0.0,1.0,8.70817610062893,0.0023772102882521668,0.002380039215106536,8.537736462515939e-07,0.001489076790057447,0.001490186290966889,8.537736462515939e-07,1.2312056258913776e-06,1.2312063838732515e-06,8.537736462515939e-07,5.7024784434634124e-06,9.560981894303654e-06,9.553076637317564e-06,7.905256986013547e-09,0.0014878455844315435,1.2312056258913776e-06,3.2526065174565133e-19,8.673617379884035e-19,1.4983421637136245e-16,1.0063751774844143,1.730136399992298e-16,1.0044476184691369,-1.734723475976807e-18,1.734723475976807e-18
square,0.1,0.0,1.0,8.757861635220126,0.0023415993723115394,0.0023443441296829106,1.2074182697257333e-06,0.0014668532903123338,0.0014679299092211246,1.4787793334710982e-06,1.193180137589318e-06,1.1931808494535471e-06,0.0,5.5005258605139655e-06,9.223778903362174e-06,9.216276019567338e-06,7.502883794645697e-09,0.001465660110174714,1.193180137589318e-06,4.336808689942018e-19,1.734723475976807e-18,1.8350867712183528e-16,1.006279995621929,2.9966840892722084e-16,1.0043810711298864,-1.734723475976807e-18,1.734723475976807e-18
square,0.1,0.0,1.0,8.807547169811322,0.0023067140511227745,0.002309377587988704,1.2074182697257333e-06,0.0014450802383035274,0.0014461251217213838,1.2074182697257333e-06,1.1564938401188948e-06,1.1564945090325446e-06,1.2074182697257333e-06,5.306923579657857e-06,8.9004519983472e-06,8.893328990477023e-06,7.123007870100301e-09,0.001443923744463396,1.1564938401188946e-06,3.2526065174565133e-19,1.734723475976807e-18,2.3690867922288354e-16,1.00618691228303,2.446782325164574e-16,1.0043160039423829,-5.204170427930421e-18,1.734723475976807e-18
square,0.1,0.0,1.0,8.857232704402517,0.0022725346046322727,0.0022751197488117265,0.0,0.0014237453887257937,0.0014247596362070435,0.0,1.1210916548497548e-06,1.121092283400419e-06,0.0,5.121277203608732e-06,8.590348070383396e-06,8.583583821937025e-06,6.764248446543217e-09,0.0014226242970709726,1.1210916548497548e-06,3.2526065174565133e-19,8.673617379884035e-19,1.0594880939507777e-16,1.0060958689756188,1.730136399992298e-16,1.0042523756016175,8.673617379884035e-19,-8.673617379884035e-19
square,0.1,0.0,1.0,8.906918238993711,0.002239041959935652,0.0022415514237823565,0.0,0.0014028368985125662,0.001403821564857699,0.0,1.0869210938869482e-06,1.0869216847156893e-06,0.0,4.943213200749604e-06,8.292848483151389e-06,8.286423166028477e-06,6.4253171229690774e-09,0.001401749977418689,1.0869210938869482e-06,3.2526065174565133e-19,8.673617379884035e-19,1.4983424986190986e-16,1.0060068091593186,2.1189756616483433e-16,1.0041901461815554,-1.734723475976807e-18,1.734723475976807e-18
square,0.1,0.0,1.0,8.956603773584906,0.0022062176665128847,0.002208654052307725,0.0,0.001382343311412345,0.001383299408755058,1.2074182697257333e-06,1.0539321231694798e-06,1.0539326786356423e-06,0.0,4.772377686376943e-06,8.007367062046292e-06,8.001262050867617e-06,6.105011178501978e-09,0.0013812893792891456,1.0539321231694798e-06,4.336808689942018e-19,8.673617379884035e-19,1.0594878729244331e-16,1.0059196781696098,1.7301364515543773e-16,1.0041292770816366,-1.734723475976807e-18,-1.734723475976807e-18
square,0.1,0.0,1.0,9.0062893081761,0.0021740438725427833,0.002176409677604761,0.0,0.001362253543243657,0.0013631820430278115,0.0,1.0220770343888157e-06,1.022077556844862e-06,1.2074182697257333e-06,4.608435281649175e-06,7.733348211545915e-06,7.727546004133507e-06,5.802207412235852e-09,0.001361231466209238,1.0220770343888157e-06,4.336808689942018e-19,8.673617379884035e-19,1.0594879992252071e-16,1.0058344231453316,2.1189756195480804e-16,1.0040697309756443,0.0,1.734723475976807e-18
square,0.1,0.0,1.0,9.055974842767297,0.0021425033022425093,0.002144800923773456,0.0,0.0013425568677869096,0.0013434587026408464,1.2074182697257333e-06,9.913103225410212e-07,9.913108140271245e-07,0.0,4.451068044916271e-06,7.4702651518860835e-06,7.464749295436945e-06,5.5158564488893745e-09,0.0013415655574643237,9.913103225410212e-07,4.336808689942018e-19,8.673617379884035e-19,2.5952045999884475e-16,1.0057509929593824,1.2233913631117026e-16,1.00401147176282,-3.469446951953614e-18,0.0
square,0.1,0.0,1.0,9.105660377358491,0.0021115792341907715,0.0021138109738695838,8.537736462515939e-07,0.001323242903292387,0.0013241189688067234,8.537736462515939e-07,9.615885731963966e-07,9.615890355791323e-07,8.537736462515939e-07,4.299974470449724e-06,7.217618266910064e-06,7.212373289412841e-06,5.24497749724242e-09,0.001322281314719194,9.615885731963966e-07,1.0842021724855044e-19,8.673617379884035e-19,2.5952045613168875e-16,1.0056693381524515,1.730136425773338e-16,1.0039544645211136,-1.734723475976807e-18,-4.336808689942018e-19
square,0.1,0.0,1.0,9.155345911949686,0.002081255480578737,0.0020834235489186003,0.0,0.0013043015995653658,0.0013051527559791022,0.0,9.32870353908204e-07,9.328707891179728e-07,8.537736462515939e-07,4.154868549974504e-06,6.974933555447818e-06,6.9699449019518585e-06,4.988653495882434e-09,0.0013033687292114435,9.328703539082041e-07,2.168404344971009e-19,8.673617379884035e-19,1.4983421413865901e-16,1.0055894108696422,2.7355857944538095e-16,1.003898675462466,-1.3010426069826053e-18,2.168404344971009e-18
square,0.1,0.0,1.0,9.20503144654088,0.002051516367348534,0.002053622887831996,0.0,0.0012857232256058384,0.0012865502994062958,1.2074182697257333e-06,9.051161131968725e-07,9.051165228731301e-07,8.537736462515939e-07,4.015478892733747e-06,6.741761179225183e-06,6.737015152589675e-06,4.7460266355276705e-09,0.0012848181094926453,9.051161131968725e-07,2.168404344971009e-19,8.673617379884035e-19,1.835086734758456e-16,1.0055111647998418,1.730136399992298e-16,1.003844071890021,-2.168404344971009e-18,1.3010426069826053e-18
square,0.1,0.0,1.0,9.254716981132075,0.0020223467151750693,0.002024393728178345,8.537736462515939e-07,0.0012674983577753375,0.0012683021432172423,0.0,8.782880851336984e-07,8.782884709630297e-07,8.537736462515939e-07,3.881547900128488e-06,6.517674100778162e-06,6.513157806559564e-06,4.516294218751638e-09,0.0012666200696902336,8.782880851336984e-07,2.168404344971009e-19,8.673617379884035e-19,1.059487967650015e-16,1.0054345551177046,1.2233911808122351e-16,1.0037906221571824,-2.168404344971009e-18,-8.673617379884035e-19
square,0.1,0.0,1.0,9.304402515723272,0.001993731821254597,0.0019957212877735526,0.0,0.001249617868463384,0.0012503991290106367,8.537736462515939e-07,8.523501974748983e-07,8.523505608622928e-07,8.537736462515939e-07,3.752830991297069e-06,6.302266805315239e-06,6.297968100493837e-06,4.2987048213830344e-09,0.0012487655182659057,8.523501974748983e-07,2.168404344971009e-19,4.336808689942018e-19,1.835086734758456e-16,1.005359538428121,1.730136374211258e-16,1.003738295628413,-1.3010426069826053e-18,1.734723475976807e-18
square,0.1,0.0,1.0,9.354088050314466,0.0019656574418521794,0.0019675912470408603,0.0,0.0012320729152330615,0.0012328323849284007,0.0,8.272679877301654e-07,8.272683300559417e-07,0.0,3.629095876164715e-06,6.095154100937134e-06,6.091061546181917e-06,4.0925547551978385e-09,0.0012312456472453276,8.272679877301656e-07,2.168404344971009e-19,4.336808689942018e-19,2.1189757142736706e-16,1.005286072713054,1.730136399992298e-16,1.003687062641706,8.673617379884035e-19,8.673617379884035e-19
square,0.1,0.0,1.0,9.403773584905661,0.0019381097755879618,0.0019399897321201586,8.537736462515939e-07,0.0012148549304200535,0.001215593315186334,0.0,8.03008523627187e-07,8.030088460544577e-07,8.537736462515939e-07,3.510121872904484e-06,5.8959699919926574e-06,5.892072807201079e-06,3.897184791424599e-09,0.0012140519218963946,8.03008523627187e-07,2.168404344971009e-19,4.336808689942018e-19,2.5952045484263674e-16,1.0052141172806295,4.223965694409712e-20,1.0036368944726406,0.0,4.336808689942018e-19
square,0.1,0.0,1.0,9.453459119496856,0.0019110754474091507,0.0019129032986730725,8.537736462515939e-07,0.0011979556111665535,0.001198673590043305,8.537736462515939e-07,7.795403233485783e-07,7.795406273512557e-07,8.537736462515939e-07,3.395699266767548e-06,5.704366620751903e-06,5.7006546436480855e-06,3.7119771038173576e-09,0.0011971760708432049,7.795403233485784e-07,2.168404344971009e-19,4.336808689942018e-19,2.369086919316548e-16,1.0051436327163739,1.730136399992298e-16,1.0035877632999501,-8.673617379884035e-19,-2.168404344971009e-18
square,0.1,0.0,1.0,9.50314465408805,0.0018845414932330477,0.0018863189163668115,8.537736462515939e-07,0.001181366909867302,0.0011820651361859665,8.537736462515939e-07,7.568332876891549e-07,7.568335741860204e-07,8.537736462515939e-07,3.285628707661409e-06,5.520013272894897e-06,5.516476920421665e-06,3.5363524731550874e-09,0.0011806100765795963,7.568332876891548e-07,2.168404344971009e-19,4.336808689942018e-19,1.835086789448301e-16,1.0050745808364967,1.7301365031164545e-16,1.0035396421725278,-1.3010426069826053e-18,1.3010426069826053e-18
square,0.1,0.0,1.0,9.552830188679247,0.0018584953452162357,0.001860223953996167,8.537736462515939e-07,0.0011650810250100581,0.0011657601275122972,0.0,7.348586284726942e-07,7.348588985482695e-07,8.537736462515939e-07,3.1797206438674594e-06,5.3425954426513985e-06,5.339225674991302e-06,3.3697676600967557e-09,0.0011643461663815855,7.348586284726943e-07,2.168404344971009e-19,4.336808689942018e-19,1.4983420520784495e-16,1.0050069246431195,1.2233912172721306e-16,1.0034925049778096,-2.168404344971009e-18,1.734723475976807e-18
square,0.1,0.0,1.0,9.602515723270441,0.0018329248176306766,0.001834606165216146,1.2074182697257333e-06,0.0011490903923919566,0.0011497509762922922,0.0,7.135888084193228e-07,7.135890631261091e-07,1.2074182697257333e-06,3.0777947895954125e-06,5.171813953711816e-06,5.1686022407074085e-06,3.2117130045038177e-09,0.0011483768035835586,7.135888084193229e-07,2.168404344971009e-19,4.336808689942018e-19,2.803141285635224e-16,1.0049406282813693,2.446782379854418e-16,1.0034463264114615,-8.673617379884035e-19,-8.673617379884035e-19
square,0.1,0.0,1.0,9.652201257861636,0.001807818093314326,0.0018094536748606432,0.0,0.0011333876766948714,0.0011340303246924952,1.4787793334710982e-06,6.929974750614596e-07,6.929977153231134e-07,1.4787793334710982e-06,2.979679624161373e-06,5.007384132303813e-06,5.004322422147762e-06,3.0617101559359687e-09,0.001132694679219784,6.929974750614595e-07,2.168404344971009e-19,8.673617379884035e-19,1.0594879360748219e-16,1.0048756569982324,1.7301364773354161e-16,1.003401081948316,-1.3010426069826053e-18,-4.336808689942018e-19
square,0.1,0.0,1.0,9.70188679245283,0.0017831637106681807,0.001784754965811934,0.0,0.001117965763400257,0.0011185910366415042,0.0,6.730594089609072e-07,6.730596355184935e-07,1.2074182697257333e-06,2.8852119207602357e-06,4.8490350290649145e-06,4.846115719048886e-06,2.9193100160480437e-09,0.0011172927039913003,6.730594089609073e-07,2.168404344971009e-19,4.336808689942018e-19,1.0594879992252071e-16,1.0048119771031085,1.7301364773354161e-16,1.0033567478145005,0.0,4.336808689942018e-19
square,0.1,0.0,1.0,9.751572327044025,0.0017589505511783818,0.0017604988664041415,0.0,0.0011028177510354093,0.0011034261900301967,0.0,6.537504644858984e-07,6.537506782708139e-07,0.0,2.7942363029206232e-06,4.69650868662098e-06,4.693724595838566e-06,2.784090782414274e-09,0.0011021640005709234,6.537504644858984e-07,2.168404344971009e-19,8.673617379884035e-19,1.8350869170579317e-16,1.0047495559299666,2.1189756405982117e-16,1.0033133009606983,-8.673617379884035e-19,4.336808689942018e-19
square,0.1,0.0,1.0,9.801257861635222,0.0017351678274440212,0.0017366745383369446,0.0,0.0010879369437248147,0.0010885290692192859,0.0,6.350475217537296e-07,6.350477235614667e-07,0.0,2.7066048269465377e-06,4.54955944991113e-06,4.546903793744231e-06,2.65565616684134e-09,0.0010873018962030475,6.350475217537297e-07,1.0842021724855044e-19,8.673617379884035e-19,2.369086848712264e-16,1.004688361801044,1.2233912172721306e-16,1.0032707190364958,-1.734723475976807e-18,1.3010426069826053e-18
square,0.1,0.0,1.0,9.850943396226416,0.001711805071673972,0.001713271465065536,1.2074182697257333e-06,0.0010733168440458707,0.0010738931578534042,1.2074182697257333e-06,6.169284345537817e-07,6.169286250595296e-07,0.0,2.6221765885828284e-06,4.407953316608369e-06,4.405419682896901e-06,2.533633711505539e-09,0.0010726999156113262,6.169284345537817e-07,2.168404344971009e-19,0.0,6.84360659610991e-20,1.0046283639920128,2.735585827064533e-16,1.0032289803657606,0.0,1.3010426069826053e-18
square,0.1,0.0,1.0,9.90062893081761,0.0016888521246457746,0.001690279440658189,1.2074182697257333e-06,0.0010589511461636747,0.0010595121319570057,1.2074182697257333e-06,5.993719873705127e-07,5.993721670699808e-07,1.2074182697257333e-06,2.540817352487707e-06,4.271467325059681e-06,4.269049651809331e-06,2.41767325044617e-09,0.001058351774176328,5.993719873705127e-07,1.0842021724855044e-19,4.336808689942018e-19,1.498342364656918e-16,1.0045695326985418,2.118975682698474e-16,1.0031880639230122,-4.336808689942018e-19,8.673617379884035e-19
square,0.1,0.0,1.0,9.950314465408805,0.0016662991251007965,0.0016676885590943538,0.0,0.0010448337292402333,0.00104537985330567,1.2074182697257333e-06,5.823578490822808e-07,5.823580188074529e-07,0.0,2.462399203025634e-06,4.1398889774269996e-06,4.137581531971494e-06,2.3074454555433907e-09,0.0010442513713911608,5.823578490822808e-07,2.168404344971009e-19,4.336808689942018e-19,2.8031412737009217e-16,1.0045118390042018,1.2233911808122351e-16,1.003147949310731,-8.673617379884035e-19,8.673617379884035e-19
square,0.1,0.0,1.0,10.0,0.001644136499550849,0.001645489203980908,0.0,0.0010309586511008423,0.0010314903630575423,0.0,5.658665336156605e-07,5.658666938954317e-07,0.0,2.386800215049593e-06,4.013015695813011e-06,4.010813055310813e-06,2.2026405023229464e-09,0.0010303927845672586,5.658665336156605e-07,2.168404344971009e-19,4.336808689942018e-19,1.4983421637136245e-16,1.0044552548496442,1.730136348430218e-16,1.0031086167375707,-2.6020852139652106e-18,1.734723475976807e-18
irregular,0.1,0.0,0.1,2.1,0.009864957930081965,0.010570298507397992,0.0371462310479541,0.00580432173183103,0.006437440649340235,0.060569769116862675,2.0737470374162236e-05,2.5103760674785974e-05,0.00011375712870484324,4.757241588108601e-05,6.527103236450523e-05,6.50435293694964e-05,2.331979794515834e-07,0.0057840906962529194,2.0737470374162236e-05,8.673617379884035e-19,1.734723475976807e-18,7.000300279726056e-21,1.0286640997687764,1.7097411021073213e-16,1.024004362220434,9.069288422942218e-06,-1.824396903224012e-05
irregular,0.1,0.0,0.1,2.149685534591195,0.009209291397910348,0.009864396348824394,0.03464635613063012,0.0054181077634728484,0.006007558223947254,0.05648172867738766,1.806416131528729e-05,2.1866226765035718e-05,9.903038257404847e-05,4.043952957761345e-05,5.547752719016416e-05,5.529707678763317e-05,1.849640214416869e-07,0.005400484416211468,1.806416131528729e-05,8.673617379884035e-19,1.734723475976807e-18,1.622002829171009e-16,1.0267084281816694,1.872927538061417e-16,1.0223648051896694,7.706599562496558e-06,-1.549519794479936e-05
irregular,0.1,0.0,0.1,2.1993710691823902,0.008611219028634313,0.00922086563866137,0.03236645624688594,0.0050659552630686255,0.005615729483459542,0.052755390957179356,1.5787621415071103e-05,1.910920579285179e-05,8.649700435416099e-05,3.450711520737779e-05,4.733582961305163e-05,4.7191908259147196e-05,1.4751811227928073e-07,0.005050552572416742,1.5787621415071103e-05,6.505213034913027e-19,3.469446951953614e-18,1.146929199254532e-16,1.0249286236924062,1.7097411019480895e-16,1.0208723863303795,6.573403133778265e-06,-1.321090123297241e-05
irregular,0.1,0.0,0.1,2.249056603773585,0.00806453526260557,0.00863293489626695,0.030282863928794555,0.004744172575949537,0.005257811157600068,0.0493515457361575,1.3841647914086791e-05,1.6752543114965282e-05,7.579375244059208e-05,2.9552136565621426e-05,4.053804724521015e-05,4.0422654031575785e-05,1.1827423393857232e-07,0.004730668094190379,1.3841647914086791e-05,2.710505431213761e-19,8.673617379884035e-19,1.6220028326957607e-16,1.0233052051943627,2.162670436544844e-16,1.019510863306017,5.627074820509399e-06,-1.130447091604158e-05
irregular,0.1,0.0,0.1,2.29874213836478,0.007563820554521449,0.00809469859396371,0.028374900397654487,0.0044495392408481415,0.00493019183395158,0.0462359823879511,1.2172247024550432e-05,1.473085928356896e-05,6.661076110808888e-05,2.5396725141297793e-05,3.4838902131079726e-05,3.474591531085226e-05,9.530598559746737e-08,0.004437663191943756,1.217224702455043e-05,6.505213034913027e-19,1.734723475976807e-18,1.480679234111102e-16,1.0218212442136294,1.5292389309745036e-16,1.0182661123169867,4.833613565439869e-06,-9.706899971212088e-06
irregular,0.1,0.0,0.1,2.348427672955975,0.007104327600836905,0.007600990334364655,0.026624445014887053,0.004179237135689182,0.004629713699682593,0.04337876069345118,1.0735177167279375e-05,1.2990578700853718e-05,5.8712071307277746e-05,2.189830910933634e-05,3.0041977779062875e-05,2.9966684913538215e-05,7.716861796609369e-08,0.004168762900538379,1.0735177167279377e-05,4.336808689942018e-19,8.673617379884035e-19,1.7519632890703204e-16,1.0204619800681969,1.7097411019480895e-16,1.0171258104840304,4.165759962366025e-06,-8.362922069364478e-06
irregular,0.1,0.0,0.1,2.39811320754717,0.006681886006282699,0.007147276871500905,0.025015573643124275,0.003930792910450073,0.0043536072173464965,0.04075360068393005,9.49402620197869e-06,1.1487603643874338e-05,5.1876849257763895e-05,1.8942051463076167e-05,2.5989202236723463e-05,2.5927954658430173e-05,6.277160171628679e-08,0.003921529388455645,9.49402620197869e-06,4.336808689942018e-19,8.673617379884035e-19,1.146929199254532e-16,1.0192145004463689,1.0813352187759581e-16,1.0160791718725295,3.6015539332757626e-06,-7.228057703207412e-06
irregular,0.1,0.0,0.1,2.4477987421383647,0.006292822094633494,0.006729569189864613,0.023534254773212224,0.003702029663115751,0.004099436370239579,0.03833737049800273,8.418698302977686e-06,1.0185483493832934e-05,4.599296937659094e-05,1.6435022936895372e-05,2.255275700599307e-05,2.2502713966837473e-05,5.128669254746744e-08,0.003693815110219302,8.418698302977686e-06,4.336808689942018e-19,1.734723475976807e-18,9.364637694667833e-17,1.018067475058302,1.081335218272422e-16,1.0151167271087798,3.1232226887761144e-06,-6.2663403773473986e-06
irregular,0.1,0.0,0.1,2.4974842767295597,0.005933891210232244,0.0063443476063689205,0.02216809193172814,0.0034910262187714323,0.0038650525852228735,0.0361096544301403,7.484216945250487e-06,9.053966196468886e-06,4.084751505230527e-05,1.4301686407260062e-05,1.962881621473991e-05,1.9587754201626425e-05,4.2081127360098557e-08,0.0034837232534368715,7.484216945250486e-06,4.336808689942018e-19,4.336808689942018e-19,9.364637694667833e-17,1.017010932569691,1.3243597630398212e-16,1.0142301386021746,2.7163185563087652e-06,-5.448556296720405e-06
irregular,0.1,0.0,0.1,2.547169811320755,0.005602220363390502,0.005988498449939776,0.020906106374393645,0.003296082689548822,0.003648555811163156,0.034052387637762166,6.669773194534289e-06,8.06784639571134e-06,3.6373162246995867e-05,1.248037870668206e-05,1.7132675220315866e-05,1.709884494952721e-05,3.4668747327685025e-08,0.003289574227297871,6.669773194534289e-06,3.2526065174565133e-19,8.673617379884035e-19,1.9865396445597318e-16,1.0160360730076032,1.8729275374799837e-16,1.013412044990649,2.3690469610256754e-06,-4.7508741460068615e-06
irregular,0.1,0.0,0.1,2.59685534591195,0.0052952594750814335,0.005659260339359198,0.019738551064561207,0.003115691244282107,0.00344826152296334,0.03214954594285612,5.9579653972954325e-06,7.206045096967637e-06,3.2465858510792826e-05,1.09205553569567e-05,1.4994940225848022e-05,1.4966958750973774e-05,2.867400136777697e-08,0.003109877174005421,5.9579653972954325e-06,3.5236570605778894e-19,8.673617379884035e-19,1.146929201390854e-16,1.0151351093742897,1.8729275374799837e-16,1.0126559296808355,2.071739937948777e-06,-4.153772936793792e-06
irregular,0.1,0.0,0.1,2.646540880503145,0.005010739797194267,0.005354178449723523,0.01865675291303912,0.0029485112162861804,0.0032626726523939257,0.030386881447743708,5.3341889608071795e-06,6.450870915147318e-06,2.9040856753237453e-05,9.580622073265864e-06,1.3158532698521365e-05,1.3135301541727056e-05,2.3805268052967236e-08,0.002943305671872933,5.33418896080718e-06,3.2526065174565133e-19,8.673617379884035e-19,9.364637729553829e-17,1.014301133418318,1.709741102903482e-16,1.0119560093410243,1.8164416318838111e-06,-3.6411988780888846e-06
irregular,0.1,0.0,0.1,2.6962264150943396,0.004746638341791882,0.005071065452968022,0.017652977216980555,0.0027933478370030123,0.0030904556310772857,0.028751697027207375,4.786144442444799e-06,5.787424491973211e-06,2.6050591312682815e-05,8.426219946964645e-06,1.1576322901503103e-05,1.1556965588114351e-05,1.9834963904252134e-08,0.002788676948850986,4.786144442444798e-06,4.336808689942018e-19,4.336808689942018e-19,1.3243597653010658e-16,1.0135280014705685,2.1626704366707282e-16,1.011307138985671,1.5965804239319835e-06,-3.1998991600304567e-06
irregular,0.1,0.0,0.1,2.7459119496855346,0.004501147359761192,0.004807968054379364,0.016720311103692542,0.002649134011067549,0.0029304198783559167,0.02723265244473218,4.3034393117918625e-06,5.2031162714355685e-06,2.3397136763167146e-05,7.428863183497427e-06,1.0209251690814745e-05,1.0193065835555663e-05,1.6584625348011297e-08,0.0026449340460785744,4.3034393117918625e-06,3.2526065174565133e-19,8.673617379884035e-19,9.364637685946336e-17,1.0128102370133656,1.0813352180206541e-16,1.010704730911048,1.4067084035769215e-06,-2.8188930985778658e-06
irregular,0.1,0.0,0.1,2.7955974842767297,0.004272648076545203,0.004563138237458217,0.015852564004860164,0.0025149146513427857,0.0027815001852561734,0.025819598162044887,3.8772642382864956e-06,4.6872744919789625e-06,2.1086653546985296e-05,6.564852148474836e-06,9.024833151174651e-06,9.011253518558598e-06,1.3913658189103489e-08,0.002511130468693213,3.8772642382864956e-06,2.168404344971009e-19,4.336808689942018e-19,1.146929199254532e-16,1.0121429472581012,1.0813352190277261e-16,1.0101446852380562,1.2422934498016076e-06,-2.4890504569700326e-06
irregular,0.1,0.0,0.1,2.845283018867925,0.004059688028406343,0.00433500848351232,0.01504418053211937,0.0023898331758086407,0.002642741541452904,0.024503431855245294,3.500128921242817e-06,4.230825247906703e-06,1.9014441926092368e-05,5.814402408944412e-06,7.99595570267533e-06,7.98452558812519e-06,1.1710807302873984e-08,0.0023864169404052755,3.500128921242817e-06,2.168404344971009e-19,4.336808689942018e-19,1.4806792302499303e-16,1.0115217514936017,1.8729275373346255e-16,1.0096233302168998,1.0995526004667529e-06,-2.2027537886029104e-06
irregular,0.1,0.0,0.1,2.89496855345912,0.003860961453271329,0.004122170357399361,0.014290166330225541,0.002273119835906195,0.002513286029733127,0.02327597429519038,3.165645696149172e-06,3.82603040176721e-06,1.7181863193747868e-05,5.16094400069315e-06,7.099918201863115e-06,7.0902671543870515e-06,9.887655346502661e-09,0.002270029942919913,3.1656456961491722e-06,2.168404344971009e-19,4.336808689942018e-19,1.3243597634509565e-16,1.0109427193598484,1.5292389307964766e-16,1.009137370770154,9.75317970300111e-07,-1.9536269487865736e-06
irregular,0.1,0.0,0.1,2.9446540880503145,0.0036752922806635585,0.0039233559528213426,0.013586022670550585,0.0021640816011891002,0.0023923614756688268,0.022129861945989066,2.8683516294027274e-06,3.466272094302055e-06,1.5579907034325894e-05,4.590555434473687e-06,6.317651880302174e-06,6.309478282434737e-06,8.373643144928937e-09,0.0021612817741179713,2.8683516294027274e-06,2.0328790734103208e-19,4.336808689942018e-19,1.6220028271568653e-16,1.0104023175192314,2.417939053620956e-16,1.008683844011569,8.66928438513978e-07,-1.7363159445279303e-06
irregular,0.1,0.0,0.1,2.9943396226415095,0.0035016193394642073,0.0037374217740096852,0.012927690426248225,0.002062093370356809,0.0022792715918440766,0.02105845344690652,2.603561743274234e-06,3.1458749533583452e-06,1.413246851386007e-05,4.091504799349138e-06,5.633089873644296e-06,5.626147259674605e-06,7.1122372547602265e-09,0.002059551902252984,2.6035617432742335e-06,1.0842021724855044e-19,4.336808689942018e-19,1.1469292006787466e-16,1.0098973634557018,1.8729275374799837e-16,1.0082600806902742,7.721418238504189e-07,-1.5463113575285743e-06
irregular,0.1,0.0,0.1,3.0440251572327046,0.003338983463384874,0.003563334699207296,0.012311500284368617,0.0019665903159327056,0.0021733873984067565,0.020055748336146626,2.3672475138973927e-06,2.859958906980067e-06,1.2806604693773936e-05,3.653876336422983e-06,5.0326544479366394e-06,5.026740712570287e-06,6.057966742571071e-09,0.0019642794291387148,2.367247513897393e-06,1.0842021724855044e-19,4.336808689942018e-19,1.146929199254532e-16,1.0094249853429413,1.081335219279494e-16,1.0078636716836065,6.890634129644475e-07,-1.379803924165873e-06
irregular,0.1,0.0,0.1,3.0937106918238992,0.003186516224563554,0.0034001597278430318,0.01173413015186762,0.001877061200506111,0.0020741397366027658,0.019116315994269963,2.1559359594270555e-06,2.604316939076131e-06,1.1612577070626602e-05,3.269265489795752e-06,4.504838456875371e-06,4.499787308794192e-06,5.174121769694467e-09,0.0018749565048168085,2.155935959427056e-06,2.168404344971009e-19,4.336808689942018e-19,1.6220028281639372e-16,1.0089825870953795,1.324359762423118e-16,1.0074924388041293,6.160875928328848e-07,-1.2335666640318939e-06
irregular,0.1,0.0,0.1,3.1433962264150948,0.003043430067588968,0.0032470492600703152,0.011192567540180097,0.0017930425278315284,0.0019810127208255983,0.018235233215752242,1.966625567978058e-06,2.3753132341849546e-06,1.0663629423853027e-05,2.930529027104123e-06,4.039862531260456e-06,4.035536697748591e-06,4.430958452893907e-09,0.0017911225606556472,1.966625567978058e-06,1.0842021724855044e-19,4.336808689942018e-19,1.1469292006787466e-16,1.0085678178579913,1.5292389307964766e-16,1.0071444093036919,5.518500228683925e-07,-1.1048583463686267e-06
irregular,0.1,0.0,0.1,3.1930817610062894,0.0029090096510903294,0.003103233696113234,0.010684075700842592,0.0017141134131458751,0.0018935379986272888,0.017408030090812945,1.7967160357575532e-06,2.1697980544700977e-06,9.734517300533532e-06,2.6315796085789094e-06,3.6293933585369738e-06,3.6256791616989855e-06,3.804292759944929e-09,0.0017123592481959437,1.7967160357575532e-06,1.0842021724855044e-19,4.336808689942018e-19,1.8729275398057165e-16,1.0081785453081051,1.324359763245389e-16,1.0068177935542746,4.951883148859165e-07,-9.913441693700778e-07
irregular,0.1,0.0,0.1,3.2427672955974844,0.0027826042331118603,0.002968013175176372,0.010206165807235934,0.0016398910746127974,0.0018112897080511741,0.016630641682621766,1.6439493804662957e-06,1.9850363992057147e-06,8.872676000826597e-06,2.367216358513295e-06,3.266311417353151e-06,3.26311442902045e-06,3.2743946924862405e-09,0.0016382859880296303,1.6439493804662955e-06,1.0842021724855044e-19,4.336808689942018e-19,9.36463771211083e-17,1.0078128322396696,1.0813352180206541e-16,1.0065109654657318,4.4510960484013713e-07,-8.910303739638036e-07
irregular,0.1,0.0,0.1,3.2924528301886795,0.0026636209607866297,0.002840750300646733,0.009756569769589142,0.0015700268624558708,0.0017338800382506508,0.015899366006730375,1.5063604403351093e-06,1.818648025476578e-06,8.144481502960801e-06,2.132984697399518e-06,2.9445188864140984e-06,2.9417604347163004e-06,2.825115208140878e-09,0.001568556047211889,1.5063604403351093e-06,1.0842021724855044e-19,2.168404344971009e-19,6.621798835755875e-17,1.0074689159812167,1.3243597626286859e-16,1.0062224452674369,4.0076372614353435e-07,-8.022101767596193e-07
irregular,0.1,0.0,0.1,3.342138364779874,0.0025515189452541697,0.0027208637209120575,0.009333218861016509,0.00150420275462967,0.0016609553132697589,0.015210826629956115,1.3822351528918883e-06,1.6685569039966472e-06,7.443026089337888e-06,1.9250600340059352e-06,2.6587802976781836e-06,2.6563946485772417e-06,2.4431942967501962e-09,0.0015028530756237173,1.3822351528918883e-06,1.0842021724855044e-19,4.336808689942018e-19,1.1469292021029616e-16,1.0071451902661757,1.081335219279494e-16,1.0059508843366158,3.6142095085830994e-07,-7.234189282801949e-07
irregular,0.1,0.0,0.1,3.3918238993710697,0.0024458040199151756,0.002607822454097881,0.00893422330859929,0.0014421282581980213,0.0015921925305246232,0.014561939998010528,1.2700752927428397e-06,1.532948490523374e-06,6.776618231767655e-06,1.740150975702199e-06,2.404589964470849e-06,2.4025220401876675e-06,2.117710602847404e-09,0.0014408880417417214,1.2700752927428397e-06,1.0842021724855044e-19,4.336808689942018e-19,1.986539644970867e-16,1.0068401892305499,1.8729275374799837e-16,1.0056950518029342,3.2645346765614904e-07,-6.533968140276904e-07
irregular,0.1,0.0,0.1,3.4415094339622643,0.002346024094612895,0.0025011408610131868,0.008557853887154025,0.0013835376642764396,0.0015272962953545642,0.013949885550649509,1.1685685937488009e-06,1.4102335294670045e-06,6.2155659652833185e-06,1.5754185549112253e-06,2.1780613719941373e-06,2.1762648980165237e-06,1.839642085855946e-09,0.0013823965167206913,1.1685685937488009e-06,1.0842021724855044e-19,4.336808689942018e-19,9.364637703389333e-17,1.0065525732603027,1.5292389313305572e-16,1.0054538226981293,2.953199260760653e-07,-5.91057742032274e-07
irregular,0.1,0.0,0.1,3.4911949685534593,0.002251765030575948,0.002400374184102753,0.008202526773497164,0.001328187611755413,0.0014659961013085711,0.013372080861177959,1.076563368808762e-06,1.2990172994726638e-06,5.7905745997743736e-06,1.4284086374271065e-06,1.9758346374933725e-06,1.9742706328868817e-06,1.601514104425041e-09,0.0013271362628704147,1.076563368808762e-06,1.0164395367051604e-19,2.168404344971009e-19,1.622002829674545e-16,1.0062811164506222,1.7097411013111612e-16,1.0052261674525265,2.675525044503694e-07,-5.354633197068945e-07
irregular,0.1,0.0,0.1,3.5408805031446544,0.0021626469713483584,0.002305114581625634,0.007866789635873004,0.001275854921228928,0.0014080439128415878,0.01282615777351684,9.930468948692838e-07,1.1980734244429592e-06,5.399738656763834e-06,1.2969952115578071e-06,1.7949988811132378e-06,1.7936344247491308e-06,1.3971165808306667e-09,0.0012748850886650947,9.930468948692838e-07,6.098637220230962e-20,2.168404344971009e-19,1.4806792291467382e-16,1.0060246954728183,2.293858395779319e-16,1.0050111425682202,2.427460608852867e-07,-4.858010296987817e-07
irregular,0.1,0.0,0.1,3.590566037735849,0.0020783210737620288,0.0022149875960023584,0.007549308799690538,0.0012263346658500976,0.0013532120130663346,0.012309942029904902,9.171269663196944e-07,1.106321524373786e-06,5.0509930079323e-06,1.1793326841303563e-06,1.6330269359357786e-06,1.6318341551917519e-06,1.2212759545820412e-09,0.0012254389375905266,9.171269663196943e-07,9.486769009248164e-20,2.168404344971009e-19,6.621798835755875e-17,1.0057822796730798,1.081335218272422e-16,1.004807882322313,2.2054900848580278e-07,-4.413658800025153e-07
irregular,0.1,0.0,0.1,3.640251572327044,0.001998466590538547,0.002129649003531661,0.007248857791070975,0.0011794384503242418,0.0013012910842592734,0.011821435143703403,8.480161103350952e-07,1.0228080902649685e-06,4.597711793052988e-06,1.0738156526525707e-06,1.487720297507627e-06,1.4866755369212384e-06,1.0696707230565161e-09,0.001178610182531543,8.480161103350953e-07,8.131516293641283e-20,2.168404344971009e-19,9.364637685946336e-17,1.0055529222514055,1.08133521978303e-16,1.0046155913736792,2.006556217056931e-07,-4.01544936621135e-07
irregular,0.1,0.0,0.1,3.689937106918239,0.0019227882625135735,0.002048781999704092,0.006964307886693617,0.0011349928730892958,0.0012520884931424574,0.01135879812400431,7.850180533947886e-07,9.466900857122891e-07,4.26886823125797e-06,9.790448996072991e-07,1.357162593363175e-06,1.3562457292880395e-06,9.386817859766088e-10,0.00113422610115205,7.850180533947885e-07,5.421010862427522e-20,1.0842021724855044e-19,6.621798823421814e-17,1.0053357523895974,7.646194659323188e-17,1.004433538163807,1.827995336981924e-07,-3.658042542524975e-07
irregular,0.1,0.0,0.1,3.7396226415094342,0.0018510139840049156,0.00197209468039959,0.006694619204334911,0.001092838150019639,0.0012054267566631754,0.010920336478175119,7.275160918902654e-07,8.772208569273032e-07,3.7215130446689415e-06,8.937985786700027e-07,1.2396801603703357e-06,1.2388740344431509e-06,8.252706637760739e-10,0.0010921275109410202,7.275160918902655e-07,5.421010862427522e-20,2.168404344971009e-19,1.1469292021029616e-16,1.0051299682146557,1.7097411017888574e-16,1.0042610490168364,1.6674822737536028e-07,-3.336778070841531e-07
irregular,0.1,0.0,0.1,3.7893081761006293,0.001782892709536224,0.0018993177843852746,0.006438832151419145,0.0010528268807954628,0.0011611421671414836,0.010504487403051273,6.749630768522552e-07,8.137379987973977e-07,3.7215130446689415e-06,8.17007744115516e-07,1.1338085668751907e-06,1.1330985164479935e-06,7.268801099391751e-10,0.0010521675453500324,6.749630768522553e-07,8.131516293641283e-20,2.168404344971009e-19,1.6220028321922246e-16,1.0049348304989176,1.7097411017888574e-16,1.0040975028563577,1.522983576734277e-07,-3.047580920725315e-07
irregular,0.1,0.0,0.1,3.838993710691824,0.0017181925742040095,0.0018302026669922535,0.006196060763891849,0.0010148229415024813,0.0011190835583833876,0.010109807854868551,6.268727710619848e-07,7.556528844332929e-07,3.4150945850063763e-06,7.477355223577887e-07,1.038264119234553e-06,1.0376375871654743e-06,6.413527709130961e-10,0.0010142105548221472,6.268727710619847e-07,4.743384504624082e-20,2.168404344971009e-19,1.480679228595142e-16,1.0047496570110683,1.5292389313305572e-16,1.0039423264672507,1.3927177076964586e-07,-2.786881341414519e-07
irregular,0.1,0.0,0.1,3.888679245283019,0.0016566992034582053,0.001764519478643301,0.005965485889456705,0.0009787004890985356,0.0010791111966775666,0.00973496415377215,5.828123780244416e-07,7.024416110473131e-07,3.1945284701301985e-06,6.851593450130162e-07,9.519195575372019e-07,9.513657671072556e-07,5.668644362559163e-10,0.0009781311185457877,5.828123780244416e-07,5.421010862427522e-20,2.168404344971009e-19,1.1469292021029616e-16,1.004573817443166,1.5292389313305572e-16,1.0037949902399703,1.2751210908251015e-07,-2.5515466935707807e-07
irregular,0.1,0.0,0.1,3.938364779874214,0.0015982141910799122,0.0017020555252028277,0.005746349580561032,0.0009443430651864197,0.0010410957826323531,0.009378722090029124,5.423960673700231e-07,6.536371590823585e-07,2.9575586669421963e-06,6.285557614078331e-07,8.737832804359289e-07,8.732929638568089e-07,5.01869111463817e-10,0.0009438131545419783,5.423960673700231e-07,5.421010862427522e-20,2.168404344971009e-19,9.364637694667833e-17,1.0044067288482925,1.5292389313305572e-16,1.0036550043426202,1.1688190976243216e-07,-2.3388232019025358e-07
irregular,0.1,0.0,0.1,3.9880503144654087,0.0015425537267614118,0.0016426137899717577,0.00553794969772493,0.0009116427880729667,0.0010049175515111964,0.009039938740223557,5.052793557745067e-07,6.088225823519782e-07,2.699869328381916e-06,5.772874293002635e-07,8.029815497906054e-07,8.02546720925087e-07,4.450537046803666e-10,0.0009111491172041913,5.052793557745068e-07,5.421010862427522e-20,1.0842021724855044e-19,1.6220028276604009e-16,1.0042478515316067,1.52923893061845e-16,1.0035219152729504,1.0726011984054772e-07,-2.1462860821280013e-07
irregular,0.1,0.0,0.1,4.037735849056604,0.0014895473569330052,0.0015860115995959335,0.005339635262102227,0.0008804996234452802,0.0009704654612664954,0.008717554355347821,4.7115422088817587e-07,5.676250890947332e-07,2.4148365394514667e-06,5.307919490266935e-07,7.387432169154892e-07,7.383569805651072e-07,3.953005492953204e-10,0.0008800392727398047,4.711542208881758e-07,5.421010862427522e-20,1.0842021724855044e-19,9.36463771211083e-17,1.0040966853446156,1.529238930440423e-16,1.0033953027482967,9.853996395475881e-08,-1.9717967524967954e-07
irregular,0.1,0.0,0.1,4.087421383647799,0.0014390368644571522,0.0015320794183018936,0.005150802045548142,0.000850820725150465,0.0009376364587553184,0.008410585644679924,4.3974484544493316e-07,5.297108877044186e-07,2.2588727439225506e-06,4.885722611101824e-07,6.803865872922355e-07,6.800429788046717e-07,3.5165633114863023e-10,0.0008503910441014596,4.3974484544493316e-07,5.421010862427522e-20,1.0842021724855044e-19,6.621798848089937e-17,1.0039527663386147,1.0813352185241902e-16,1.0032747768965995,9.062711106122123e-08,-1.8134660515503566e-07
irregular,0.1,0.0,0.1,4.1371069182389935,0.00139087525451208,0.001480659756727787,0.004970888814575456,0.0008225198385849928,0.0009063348157568353,0.008118119326515552,4.108039015316895e-07,4.947806830977983e-07,2.091309789151873e-06,4.501883726562802e-07,6.273081026553343e-07,6.270019527319836e-07,3.1330626198218336e-10,0.0008221184180000022,4.108039015316895e-07,2.710505431213761e-20,1.0842021724855044e-19,2.293858396728795e-16,1.0038156637385127,1.7097411019480895e-16,1.0031599757160445,8.343809520638523e-08,-1.6696225586446513e-07
irregular,0.1,0.0,0.1,4.186792452830189,0.0013449258354615427,0.0014316061832243294,0.004799373714827253,0.0007955167600771049,0.0008764715274068593,0.007839306202625356,3.841093029372213e-07,4.625657467211166e-07,2.2588727439225506e-06,4.1525021538362324e-07,5.789725707413064e-07,5.786993912389108e-07,2.795525647324632e-10,0.0007951414074548089,3.8410930293722134e-07,5.421010862427522e-20,1.0842021724855044e-19,1.4806792280435463e-16,1.0036849772028895,1.7097411013111612e-16,1.0030505627747242,7.689895263444935e-08,-1.5387852585424739e-07
irregular,0.1,0.0,0.1,4.2364779874213845,0.0013010613848276683,0.0013847824269295336,0.004635771241102922,0.000769736846410944,0.0008479637665118316,0.007573356436160483,3.594613626070054e-07,4.32824467370666e-07,1.9090959104164224e-06,3.834114693300959e-07,5.349047156593052e-07,5.34660602920547e-07,2.49796510135042e-10,0.0007693855640905612,3.5946136260700544e-07,5.421010862427522e-20,1.0842021724855044e-19,1.146929199254532e-16,1.0035603343401251,1.8729275379160586e-16,1.0029462251250618,7.094404346668151e-08,-1.4196399115144103e-07
irregular,0.1,0.0,0.1,4.286163522012579,0.0012591633915883384,0.00134006156312061,0.004479629016205631,0.0007451105693206116,0.0008207343879679873,0.007319533826434665,3.3668029731268516e-07,4.0533933441383364e-07,2.091309789151873e-06,3.5436421218508754e-07,4.946818573572992e-07,4.944634102121371e-07,2.2352338252577192e-10,0.000744781535065004,3.3668029731268516e-07,4.404571325722362e-20,1.0842021724855044e-19,1.1469291985424245e-16,1.0034413884539355,1.0813352180206541e-16,1.0028466714106807,6.55150311587192e-08,-1.311018590461027e-07
irregular,0.1,0.0,0.1,4.335849056603774,0.0012191213670339064,0.001297325272452321,0.004330525515512001,0.0007215731103624211,0.0007947114781647002,0.0070771530604938435,3.1560403827534863e-07,3.7991428216162393e-07,1.9090959104164224e-06,3.278342758735893e-07,4.579275582717762e-07,4.577318083413402e-07,2.0028987299090638e-10,0.0007212646600767668,3.1560403827534863e-07,5.421010862427522e-20,1.0842021724855044e-19,1.146929199254532e-16,1.0033278164947215,1.7097411014703933e-16,1.0027516301459276,6.055999708610635e-08,-1.211881929909838e-07
irregular,0.1,0.0,0.1,4.385534591194968,0.0011808322172787045,0.001256463166619345,0.0041880675529633255,0.0006990639920901458,0.0007698279448188406,0.006845574136835115,2.9608630250251604e-07,3.563723549663671e-07,1.7075472925031877e-06,3.035772100986272e-07,4.24306100011505e-07,4.241304523538756e-07,1.797134821749893e-10,0.0006987746044222798,2.9608630250251604e-07,2.710505431213761e-20,1.0842021724855044e-19,6.62179887275806e-17,1.0032193171957826,1.7097411025850178e-16,1.0026608481505168,5.603267107376006e-08,-1.1213037014965463e-07
irregular,0.1,0.0,0.1,4.435220125786164,0.0011441996712853646,0.0012173721738013745,0.0040518874866068534,0.0006775267419134428,0.0007460211432078599,0.006624199909619602,2.779948928584729e-07,3.345536502654713e-07,1.7075472925031877e-06,2.813747677133597e-07,3.935176736717271e-07,3.933598561372841e-07,1.6146359510671994e-10,0.000677255024511451,2.779948928584729e-07,2.710505431213761e-20,5.421010862427522e-20,1.1469291985424245e-16,1.0031156093758191,1.0813352180206541e-16,1.0025740891237185,5.189176158573467e-08,-1.0384573888723003e-07
irregular,0.1,0.0,0.1,4.484905660377359,0.0011091337589388941,0.0011799559780058416,0.003921642868345407,0.0006569085854118439,0.0007232325351942152,0.006412472427806435,2.612102007848199e-07,3.1431350148133013e-07,1.7075472925031877e-06,2.610318395324702e-07,3.652941847865853e-07,3.651522047230843e-07,1.4525395081236315e-10,0.0006566532626430853,2.612102007848199e-07,2.710505431213761e-20,1.0842021724855044e-19,9.364637703389333e-17,1.0030164303911862,1.3243597622175503e-16,1.0024911323442232,4.810037173593037e-08,-9.626044840534923e-08
irregular,0.1,0.0,0.1,4.534591194968554,0.0010755503342949199,0.0011441245070316656,0.0037970122746211234,0.000637160166232189,0.0007014073778496223,0.006209869958594476,2.4562388121340423e-07,2.9552087693295485e-07,1.2074182697257333e-06,2.4237377689683685e-07,3.39395588581279e-07,3.3926769575434684e-07,1.3083627343970328e-10,0.0006369200681943547,2.4562388121340423e-07,2.710505431213761e-20,5.421010862427522e-20,6.621798823421814e-17,1.002921534723169,1.0813352190277261e-16,1.0024117714833538,4.4625489318639387e-08,-8.930842684010338e-08
irregular,0.1,0.0,0.1,4.584276729559749,0.0010433706396406727,0.0011097934643541495,0.003677695959191077,0.0006182352900013561,0.0006804944388021638,0.006015904189632804,2.3113767953483718e-07,2.780569563190024e-07,1.2074182697257333e-06,2.252440493349077e-07,3.1560668353169274e-07,3.1549133831182243e-07,1.1799487615312475e-10,0.000618009342677748,2.3113767953483718e-07,1.3552527156068805e-20,1.0842021724855044e-19,6.621798835755875e-17,1.0028306926871668,1.324359762423118e-16,1.0023358135205997,4.1437540799268285e-08,-8.293048761311107e-08
irregular,0.1,0.0,0.1,4.633962264150943,0.0010125209064934487,0.0010768839007522263,0.003563412589510611,0.0006000906899607231,0.0006604457357638031,0.005830117984811599,2.1766239194363663e-07,2.6181387411888617e-07,1.2074182697257333e-06,2.0950219230429645e-07,2.937343016705614e-07,2.9363014769089827e-07,1.0654208066732846e-10,0.0005998779063901193,2.176623919436366e-07,2.710505431213761e-20,1.0842021724855044e-19,9.364637738275326e-17,1.0027436892520434,1.0813352177688863e-16,1.0022630777516548,3.851000065233437e-08,-7.707354676835887e-08
irregular,0.1,0.0,0.1,4.683647798742139,0.0009829319900335944,0.0010453218218981566,0.003453898629144479,0.0005826858122698391,0.0006412162979385751,0.0056520831670007,2.05116944807609e-07,2.4669360216072036e-07,8.537736462515939e-07,1.9502200643171584e-07,2.7360484290505995e-07,2.7351068351992487e-07,9.631432288120024e-11,0.0005824852846138673,2.0511694480760897e-07,2.710505431213761e-20,5.421010862427522e-20,9.364637703389333e-17,1.0026603229591742,1.081335218272422e-16,1.0021933948801571,3.581904868375655e-08,-7.168993649582641e-08
irregular,0.1,0.0,0.1,4.733333333333333,0.0009545390338616638,0.0010150378285555236,0.0033489067493642738,0.0005659826191396599,0.000622763947271571,0.005481397762568784,1.9342757248041314e-07,2.326069585355209e-07,1.2074182697257333e-06,1.8168997515950496e-07,2.5506210809293056e-07,2.5497688607697767e-07,8.716883298491945e-11,0.0005657935115526569,1.9342757248041312e-07,2.710505431213761e-20,5.421010862427522e-20,9.364637703389333e-17,1.0025804049317995,1.709741102903482e-16,1.0021266061852658,3.334326900304371e-08,-6.673680216047126e-08
irregular,0.1,0.0,0.1,4.783018867924529,0.0009272811622814545,0.0009859667863756606,0.003248205372672578,0.0005499454081479233,0.0006050490976960745,0.005317684864938588,1.8252709138291963e-07,2.1947272317695047e-07,1.4787793334710982e-06,1.6940387234958946e-07,2.3796539198079064e-07,2.3788817199114865e-07,7.898080464809876e-11,0.0005497669503546813,1.8252709138291963e-07,2.710505431213761e-20,5.421010862427522e-20,1.146929199254532e-16,1.0025037579662777,1.0813352190277261e-16,1.0020625627580098,3.106338522046665e-08,-6.217557192340103e-08
irregular,0.1,0.0,0.1,4.8327044025157235,0.0009011011975749702,0.00095804752255381,0.003151576791789215,0.0005345406462492643,0.0005880345707264632,0.005160590648661517,1.7235424729134427e-07,2.0721685106500243e-07,1.2074182697257333e-06,1.5807153534444266e-07,2.2218780251200786e-07,2.2211775591563292e-07,7.164097197842919e-11,0.0005343721277596329,1.723542472913443e-07,1.3552527156068805e-20,5.421010862427522e-20,1.146929199254532e-16,1.0024302156976799,1.52923893061845e-16,1.0020011248000826,2.896202718356269e-08,-5.797148958105818e-08
irregular,0.1,0.0,0.1,4.882389937106918,0.000875945400026102,0.0009312225469375667,0.003058816357213759,0.0005197368171519045,0.0005716854259182875,0.00500978225404721,1.6285313801330292e-07,1.9577177367649812e-07,1.2074182697257333e-06,1.4760978237040678e-07,2.0761477762526454e-07,2.0755116934977705e-07,6.505353655622683e-11,0.0005195775820385637,1.6285313801330295e-07,1.3552527156068805e-20,1.0842021724855044e-19,9.037348800610048e-21,1.0023596218329565,1.324359762423118e-16,1.0019421609793846,2.7023525221692678e-08,-5.4093202527005e-08
irregular,0.1,0.0,0.1,4.932075471698114,0.0008517632286400011,0.0009054377953705514,0.002969731328607652,0.0005055042808603277,0.0005559688048526964,0.004864947278268037,1.5397269431842758e-07,1.8507576651541095e-07,8.537736462515939e-07,1.379434560323675e-07,1.9414277459755567e-07,1.940849517194167e-07,5.913438761856947e-11,0.0005053537230428065,1.5397269431842756e-07,1.3552527156068805e-20,5.421010862427522e-20,1.3243597634509565e-16,1.002291829445563,1.0813352180206541e-16,1.0018855478371964,2.5233728416680645e-08,-5.051239784998121e-08
irregular,0.1,0.0,0.1,4.981761006289308,0.0008285071207289449,0.0008806423933057928,0.002884141523432518,0.0004918151443028001,0.0005408537874509955,0.004725791303683567,1.4566621856120533e-07,1.7507239679970125e-07,8.537736462515939e-07,1.290045771221804e-07,1.816781103515324e-07,1.8162549217620845e-07,5.3809573854764325e-11,0.0004916727032820309,1.4566621856120533e-07,2.371692252312041e-20,1.0842021724855044e-19,1.146929199254532e-16,1.0022267003260577,1.3243597630398212e-16,1.0018311692423674,2.3579843885616902e-08,-4.720348053513686e-08
irregular,0.1,0.0,0.1,5.031446540880504,0.0008061322887028166,0.0008567884378987578,0.002801875688182136,0.00047864314206579777,0.0005263112595211077,0.004592037252810289,1.3789096847266073e-07,1.657100140759334e-07,1.2074182697257333e-06,1.2073159506711602e-07,1.7013593402945047e-07,1.7008800345652799e-07,4.9013986942482146e-11,0.00047850829906419734,1.3789096847266073e-07,2.710505431213761e-20,5.421010862427522e-20,1.480679228595142e-16,1.002164104383718,7.646194662883726e-17,1.0017789158883719,2.2050294464794583e-08,-4.414328852735301e-08
irregular,0.1,0.0,0.1,5.081132075471698,0.0007845965325714299,0.0008338307969724261,0.002722773844405547,0.00046596352636021,0.0005123137905687463,0.0044634245953940905,1.3060778706190595e-07,1.5694130487703654e-07,1.2074182697257333e-06,1.130687231549308e-07,1.5943931561306845e-07,1.593956116082169e-07,4.469022789305143e-11,0.00046583580082314033,1.3060778706190595e-07,2.0328790734103208e-20,5.421010862427522e-20,6.621798823421814e-17,1.0021039190946976,1.7097411011519292e-16,1.0017286848294602,2.0634592536711814e-08,-4.131084012875099e-08
irregular,0.1,0.0,0.1,5.130817610062893,0.0007638600667972782,0.0008117269233924335,0.0026466837067997623,0.00045375296541666824,0.0004988355209776559,0.004339707005741732,1.2378076917042424e-07,1.4872288974166858e-07,8.537736462515939e-07,1.0596534822847791e-07,1.4951843649032675e-07,1.4947854751321502e-07,4.0787627816243504e-11,0.0004536319118390845,1.2378076917042427e-07,2.371692252312041e-20,5.421010862427522e-20,9.36463771211083e-17,1.0020460289927,7.646194659323188e-17,1.0016803790525375,1.9323228025969977e-08,-3.868710978289125e-08
irregular,0.1,0.0,0.1,5.180503144654088,0.000743885360287459,0.0007904366835491594,0.0025734636950700686,0.0004419894495941475,0.0004858520577621469,0.004220652969487678,1.1737696303341875e-07,1.4101495936036027e-07,1.2074182697257333e-06,9.937550588366848e-08,1.403098697038253e-07,1.4027342796234295e-07,3.726140161167271e-11,0.00044187465463856794,1.1737696303341876e-07,2.0328790734103208e-20,1.0842021724855044e-19,7.000300279726056e-21,1.0019903251984985,1.324359763245389e-16,1.001633907081684,1.810756886273801e-08,-3.6254828820125266e-08
irregular,0.1,0.0,0.1,5.230188679245283,0.0007246369883903846,0.0007699221987232857,0.00250297952946435,0.00043065220454529933,0.00047334037816221405,0.004106043346570531,1.1136609845899169e-07,1.3378094882841516e-07,1.2074182697257333e-06,9.325741334891785e-08,1.3175593919048476e-07,1.3172261561143738e-07,3.4071914044738184e-11,0.00043054328442474713,1.1136609845899167e-07,2.710505431213761e-20,5.421010862427522e-20,9.36463771211083e-17,1.0019367049850088,1.529238930440423e-16,1.001589182612549,1.6979772414385357e-08,-3.3998308177692494e-08
irregular,0.1,0.0,0.1,5.279874213836479,0.0007060814959202908,0.0007501476982913701,0.00243510253556638,0.00041972161085154325,0.0004612787404255912,0.003995671337423464,1.0572034808044767e-07,1.269872455370212e-07,8.537736462515939e-07,8.757305323654636e-08,1.2380414868655048e-07,1.2377364850596767e-07,3.11840452208097e-11,0.0004196182089457001,1.0572034808044767e-07,2.0328790734103208e-20,5.421010862427522e-20,1.4806792302499303e-16,1.001885071374914,1.0813352190277261e-16,1.0015461241740986,1.5932706593619304e-08,-3.190328049068841e-08
irregular,0.1,0.0,0.1,5.329559748427673,0.0006881872702693327,0.0007310793837501385,0.002369713621870012,0.0004091791295840387,0.0004496466011781188,0.0038893422083294367,1.0041410585639993e-07,1.2060292442439908e-07,1.2074182697257333e-06,8.228780220158447e-08,1.1640667214574396e-07,1.1637873103905424e-07,2.8566637577817296e-11,0.00040908091427125493,1.0041410585639991e-07,1.3552527156068805e-20,2.710505431213761e-20,6.62179888509212e-17,1.00183533276812,1.8729275373346255e-16,1.0015046548154403,1.4959879501272094e-08,-2.995675927710607e-08
irregular,0.1,0.0,0.1,5.379245283018868,0.0006709244237965441,0.0007126853027019846,0.00230669873936883,0.00039900723330706637,0.0004384245388374996,0.003786871311031544,9.542379238528311e-08,1.1459950932676899e-07,0.0,7.737009930137202e-08,1.0951989854141296e-07,1.0949427922169104e-07,2.6192016555324883e-11,0.00039891389598647363,9.542379238528312e-08,1.3552527156068805e-20,5.421010862427522e-20,9.364637729553829e-17,1.0017874025965776,1.3243597626286859e-16,1.0014647018156366,1.4055376615785663e-08,-2.8146913229988102e-08
irregular,0.1,0.0,0.1,5.428930817610063,0.0006542646847215695,0.0006949352319600159,0.0022459508513633483,0.0003891893420809386,0.00042759418258116655,0.0036880841570356444,9.07276764339119e-08,1.0895075926382382e-07,1.2074182697257333e-06,7.279114948483543e-08,1.0310402480596239e-07,1.0308051403055856e-07,2.4035572381332002e-11,0.000389100595368786,9.072767643391189e-08,1.3552527156068805e-20,2.710505431213761e-20,9.364637703389333e-17,1.0017411990042258,1.3243597626286859e-16,1.001426196414645,1.3213804657153392e-08,-2.6462953872844852e-08
irregular,0.1,0.0,0.1,5.478616352201258,0.0006381812958500249,0.0006778005690520986,0.0021873680818294177,0.0003797097640553856,0.0004171381464166083,0.0035928155411807396,8.630571276360185e-08,1.0363247093463686e-07,8.537736462515939e-07,6.852465821339827e-08,9.712269142656772e-08,9.71010973599328e-08,2.2075395216507075e-11,0.0003796253401393418,8.630571276360184e-08,2.710505431213761e-20,2.710505431213761e-20,1.480679228595142e-16,1.0016966445500184,1.7097411014703933e-16,1.0013890735636453,1.243024136008894e-08,-2.489503505126694e-08
irregular,0.1,0.0,0.1,5.528301886792454,0.0006226489204977251,0.0006612542314531306,0.002130854485518481,0.00037055364029051926,0.00040703996794341947,0.0035009093256672397,8.213939980726321e-08,9.862230749413568e-08,1.2074182697257333e-06,6.454659369378786e-08,9.154265588615175e-08,9.152280577267711e-08,2.0291957745594216e-11,0.0003704732894230794,8.213939980726321e-08,2.0328790734103208e-20,5.421010862427522e-20,1.1469291999666394e-16,1.0016536659321702,1.0813352190277261e-16,1.0013532716932168,1.1700190495302814e-08,-2.3434162920306064e-08
irregular,0.1,0.0,0.1,5.577987421383648,0.0006076435550368569,0.0006452705629112972,0.002076318880243268,0.00036170689346655334,0.0003972840514364386,0.003412217757448429,7.821164436240126e-08,9.389963311560787e-08,0.0,6.08349736298964e-08,8.633349971692921e-08,8.631523782637497e-08,1.8667836025210604e-11,0.0003616303825904408,7.821164436240126e-08,2.0328790734103208e-20,2.710505431213761e-20,9.36463771211083e-17,1.0016121937319404,1.7097411013111612e-16,1.0013187324979298,1.1019541540352841e-08,-2.207211524901491e-08
irregular,0.1,0.0,0.1,5.627672955974843,0.000593142447559673,0.0006298252463410064,0.0020236753441998526,0.000353156180179195,0.00038785561491090176,0.003326600254342062,7.450664552084174e-08,8.944537606320882e-08,8.537736462515939e-07,5.7369673776850075e-08,8.146736544170497e-08,8.145055125160883e-08,1.7187466789911698e-11,0.00035308329166592386,7.450664552084175e-08,1.3552527156068805e-20,2.710505431213761e-20,1.146929199254532e-16,1.001572162175396,1.081335218272422e-16,1.001285400736051,1.0384533489273809e-08,-2.0801369003101058e-08
irregular,0.1,0.0,0.1,5.6773584905660375,0.0005791240221624549,0.0006148952227335565,0.001972841461594668,0.0003448888465376229,0.0003787406408539176,0.0032439239518945104,7.100978444404127e-08,8.52418907169756e-08,0.0,5.4132255892905006e-08,7.691872011820793e-08,7.690322670523954e-08,1.583693352260858e-11,0.0003448193770337182,7.100978444404128e-08,1.3552527156068805e-20,2.710505431213761e-20,1.622002829674545e-16,1.0015335089117559,1.0813352190277261e-16,1.0012532240431915,9.791722341745326e-09,-1.9615035295710427e-08
irregular,0.1,0.0,0.1,5.727044025157233,0.00056556780843693,0.0006004586156608212,0.0019237399749580009,0.0003368928868125252,0.0003699258303462411,0.0031640622109103153,6.770752600978234e-08,8.127284220440337e-08,0.0,5.1105812978939774e-08,7.266414258940526e-08,7.264985520358804e-08,1.4603779174146028e-11,0.0003368266461815696,6.770752600978234e-08,1.3552527156068805e-20,2.710505431213761e-20,1.6220028276604009e-16,1.0014961748070252,1.7097411013111612e-16,1.0012221527588032,9.23795186964023e-09,-1.8506800897023995e-08
irregular,0.1,0.0,0.1,5.7767295597484285,0.0005524543757454515,0.0005864946608967476,0.0018762969120028911,0.00032915690489824666,0.00036139856030351715,0.003086896514960218,6.45873311072237e-08,7.752310012798985e-08,8.537736462515939e-07,4.8274829929212185e-08,6.868213187921364e-08,6.866894667860094e-08,1.3476841976637524e-11,0.00032909371524898285,6.45873311072237e-08,6.776263578034403e-21,2.710505431213761e-20,9.364637694667833e-17,1.0014601037517408,1.7097411019480895e-16,1.0011921397645425,8.720327305741793e-09,-1.7470875591498944e-08
irregular,0.1,0.0,0.1,5.826415094339623,0.0005397652719462059,0.0005729836408174319,0.0018304427120662279,0.00032167007837804817,0.0003531468436116571,0.0030123124621976873,6.163757346734679e-08,7.397863399788277e-08,8.537736462515939e-07,4.562505794794284e-08,6.495293447006147e-08,6.49407573970058e-08,1.2446110283260312e-11,0.000321609773172807,6.163757346734679e-08,1.3552527156068805e-20,5.421010862427522e-20,2.564611652683286e-16,1.0014252424817476,1.7097411019480895e-16,1.0011631403335899,8.236191641647654e-09,-1.650194475636996e-08
irregular,0.1,0.0,0.1,5.876100628930818,0.0005274829662015773,0.0005599068231702798,0.0017861112006097818,0.00031442212499056653,0.00034515929192636475,0.0029402018286948774,5.884746666931981e-08,7.062643144159193e-08,0.0,4.3143401261193856e-08,6.145838845633194e-08,6.144713423821636e-08,1.1502595328947072e-11,0.0003143645482258012,5.884746666931981e-08,1.3552527156068805e-20,2.710505431213761e-20,1.4806792280435463e-16,1.0013915404110318,1.5292389307964766e-16,1.001135111990095,7.783104252452946e-09,-1.5595126600065042e-08
irregular,0.1,0.0,0.1,5.925786163522012,0.0005155907955937364,0.0005472464039264231,0.0017432381169098527,0.0003074032713270314,0.000337425080949916,0.0028704626745461688,5.620699693332363e-08,6.745441079046492e-08,0.0,4.081781483202299e-08,5.8181782798719314e-08,5.817137405830264e-08,1.0638218888256027e-11,0.0003073482767789003,5.620699693332363e-08,1.2705494208814505e-20,2.710505431213761e-20,1.480679230801526e-16,1.001358949475687,1.7097411014703933e-16,1.0011080143779998,7.358821608061811e-09,-1.4745933571275985e-08
irregular,0.1,0.0,0.1,5.975471698113208,0.0005040729152439392,0.0005349854538888164,0.0017017644965771027,0.00030060422358415433,0.0003299339179897242,0.002802997523611059,5.370686082579698e-08,6.445135060546309e-08,8.537736462515939e-07,3.86372119257751e-08,5.510773010075587e-08,5.509809656358112e-08,9.845713927962556e-12,0.0003005516741150056,5.370686082579698e-08,1.3552527156068805e-20,5.421010862427522e-20,1.6220028271568653e-16,1.001327423988203,1.7097411014703933e-16,1.001081809138522,6.961279847537711e-09,-1.3950237499730806e-08
irregular,0.1,0.0,0.1,6.025157232704403,0.0004929142516882342,0.0005231078687880674,0.0016616325986564728,0.0002940161402270623,0.0003226760116348476,0.00273771369483895,5.133840959690183e-08,6.16068182307972e-08,8.537736462515939e-07,3.659138050434067e-08,5.222205150834645e-08,5.221312929569803e-08,9.118537058052389e-12,0.0002939659071464114,5.1338409596901836e-08,1.1011428314305904e-20,1.3552527156068805e-20,9.364637720832329e-17,1.0012969205013016,1.7097411019480895e-16,1.0010564597956821,6.5885790245074575e-09,-1.3204238079087102e-08
irregular,0.1,0.0,0.1,6.074842767295598,0.0004821004592727322,0.0005115983226096649,0.0016227890203664272,0.0002876306064243399,0.00031564204340298686,0.002674522635750201,4.90935983274406e-08,5.8911111430006595e-08,0.0,3.4670907540898366e-08,4.95116724873331e-08,4.95034034848039e-08,8.450791074809735e-12,0.00028758256889919656,4.9093598327440604e-08,6.776263578034403e-21,2.710505431213761e-20,1.1469291985424245e-16,1.0012673976806301,1.5292389309745036e-16,1.0010319316492593,6.2389688516915724e-09,-1.2504434349338493e-08
irregular,0.1,0.0,0.1,6.124528301886793,0.00047161787934629025,0.0005004422239268005,0.0015851815514351887,0.0002814396101214289,0.0003088231412037944,0.0026133401867058617,4.6964938582273785e-08,5.6355199520096465e-08,8.537736462515939e-07,3.2867110447224464e-08,4.6964528369839386e-08,4.695685966312445e-08,7.837156217930035e-12,0.0002813936546332573,4.6964938582273785e-08,6.776263578034403e-21,2.710505431213761e-20,9.364637703389333e-17,1.0012388161856598,1.7097411017888574e-16,1.0010081916746654,5.910835789167722e-09,-1.1847598868991124e-08
irregular,0.1,0.0,0.1,6.174213836477987,0.0004614535020505697,0.0004896256750049414,0.0015487604553309157,0.0002754355196401999,0.0003022108544968261,0.002554087087280181,4.494545486373405e-08,5.393067261951979e-08,8.537736462515939e-07,3.117197489224322e-08,4.456947868312798e-08,4.456236205326337e-08,7.2728292090629795e-12,0.00027539153948376186,4.494545486373405e-08,1.3552527156068805e-20,2.710505431213761e-20,1.1469292028150688e-16,1.0012111385582094,1.7097411014703933e-16,1.0009852084292157,5.602691342007464e-09,-1.1230754306149429e-08
irregular,0.1,0.0,0.1,6.223899371069182,0.00045159493052302407,0.00047913543349921943,0.001513479656677809,0.0002696110626930744,0.00029579713101693817,0.0024966872828165285,4.302864748312711e-08,5.1629692614295293e-08,8.537736462515939e-07,2.9578098370697395e-08,4.2316229379951203e-08,4.23096208510822e-08,6.753469604019475e-12,0.0002695689575122179,4.3028647483127116e-08,1.0164395367051604e-20,2.710505431213761e-20,6.621798848089937e-17,1.0011843291180376,1.5292389307964766e-16,1.0009629519643501,5.313161444690144e-09,-1.0651152202844488e-08
irregular,0.1,0.0,0.1,6.273584905660378,0.0004420303473520284,0.00046895887656053055,0.0014792938592083347,0.00026395930671342633,0.00028957429496415506,0.0024410668129916393,4.1208454812518174e-08,4.944495191997844e-08,1.2074182697257333e-06,2.8078638950271616e-08,4.0195262184780794e-08,4.0189121618979754e-08,6.275151522568413e-12,0.00026391898207306895,4.1208454812518174e-08,1.0164395367051604e-20,2.710505431213761e-20,6.62179888509212e-17,1.0011583538650128,1.7097411014703933e-16,1.0009413937433835,5.0409768221119054e-09,-1.0106253696265995e-08
irregular,0.1,0.0,0.1,6.323270440251573,0.00043274848310152493,0.000459083967155785,0.0014461620152571568,0.0002584736404083859,0.0002835350265471263,0.002387158138255554,3.947922048017346e-08,4.7369633311376146e-08,1.2074182697257333e-06,2.66672686810233e-08,3.819777035346424e-08,3.819206108727469e-08,5.834321036577631e-12,0.0002584350073991182,3.9479220480173465e-08,6.776263578034403e-21,1.3552527156068805e-20,9.364637703389333e-17,1.001133180387391,1.8729275374799837e-16,1.0009205065643898,4.784964233311441e-09,-9.593712002161562e-09
irregular,0.1,0.0,0.1,6.3729559748427675,0.00042373858679262903,0.000449499222490195,0.001414039903966083,0.0002531477564498608,0.00027767234279061704,0.002334894386188612,3.783566384440636e-08,4.5397370351450743e-08,0.0,2.5338131215022573e-08,3.6315600218513686e-08,3.6310288736366946e-08,5.42775832361634e-12,0.0002531107313206937,3.7835663844406355e-08,6.776263578034403e-21,2.710505431213761e-20,9.36463771211083e-17,1.0011087777757786,1.0813352190277261e-16,1.0009002644878704,4.54403850831675e-09,-9.111356487974571e-09
irregular,0.1,0.0,0.1,6.422641509433962,0.0004149903981862346,0.0004401936843502289,0.0013828932582854677,0.00024797563522813994,0.00027197957952200893,0.0022842129532842626,3.627285234158974e-08,4.3522219495479736e-08,1.2074182697257333e-06,2.4085803222118477e-08,3.4541197958352034e-08,3.453625359913194e-08,5.052543860174961e-12,0.00024794013904703245,3.627285234158974e-08,1.0164395367051604e-20,1.3552527156068805e-20,9.364637720832329e-17,1.0010851165423862,1.529238930440423e-16,1.0008806427688668,4.317195301907018e-09,-8.657178178551905e-09
irregular,0.1,0.0,0.1,6.472327044025157,0.00040649412174795143,0.0004311568912538428,0.001352682225012504,0.0002429515295881865,0.00026645037444649106,0.0022350528691484407,3.478617484287595e-08,4.1738623647656376e-08,1.2074182697257333e-06,2.290525923739555e-08,3.286756108587009e-08,3.2862955778998053e-08,4.706028105811841e-12,0.00024291748792790443,3.478617484287595e-08,5.082197683525802e-21,2.710505431213761e-20,1.1469291999666394e-16,1.0010621685452101,1.7097411013111612e-16,1.0008616177932204,4.1035044949007e-09,-8.229316557615575e-09
irregular,0.1,0.0,0.1,6.522012578616353,0.0003982404021838987,0.00042237885228035604,0.0013233725614348894,0.00023806995049007647,0.0002610786512501835,0.002187358417703562,3.33713198164294e-08,4.0041386966874e-08,1.2074182697257333e-06,2.1791839609972363e-08,3.128819420599401e-08,3.128390223363405e-08,4.385804815674552e-12,0.00023803729313565992,3.337131981642941e-08,1.0164395367051604e-20,1.3552527156068805e-20,5.7157212438637306e-21,1.001039906916803,1.0813352185241902e-16,1.0008431670176885,3.902104179991203e-09,-7.826047538532846e-09
irregular,0.1,0.0,0.1,6.571698113207548,0.00039022030144524256,0.00041385002247180827,0.0012949297785146258,0.0002333256535259998,0.0002558586046528391,0.0021410731504971415,3.202425175269839e-08,3.842564845756636e-08,1.2074182697257333e-06,2.074122125986936e-08,2.979706863618676e-08,2.9793066419214157e-08,4.089686723587585e-12,0.00023329431420527377,3.202425175269839e-08,6.776263578034403e-21,2.710505431213761e-20,1.1469291999666394e-16,1.001018305997328,1.3243597630398212e-16,1.0008252689136656,3.7121951765377e-09,-7.445772493579379e-09
irregular,0.1,0.0,0.1,6.6213836477987424,0.00038242527708566364,0.00040556127968381916,0.0012673228040182857,0.00022871362623852815,0.00025078468634567305,0.0020961459282139105,3.0741193518208724e-08,3.688685633718721e-08,8.537736462515939e-07,1.9749390974464583e-08,2.8388585526170372e-08,2.8384851430853722e-08,3.815684337312174e-12,0.00022868354236979142,3.0741193518208724e-08,1.0164395367051604e-20,2.710505431213761e-20,1.4806792302499303e-16,1.0009973412716042,1.8729275377707004e-16,1.0008079029142567,3.53303602502054e-09,-7.08700824204368e-09
irregular,0.1,0.0,0.1,6.671069182389937,0.00037484716191205753,0.00039750390282099516,0.0012405195932990768,0.00022422907618554043,0.00024585159176462775,0.00205252564978014,2.9518606359442618e-08,3.542074905188392e-08,1.2074182697257333e-06,1.8812621011343647e-08,2.7057542149428423e-08,2.705405631312343e-08,3.561986470934358e-12,0.00022420018864468082,2.9518606359442618e-08,6.776263578034403e-21,2.710505431213761e-20,1.480679228595142e-16,1.0009769893098786,1.7097411019480895e-16,1.0007910493644854,3.363938414228853e-09,-6.748377904541316e-09
irregular,0.1,0.0,0.1,6.720754716981132,0.0003674781448088576,0.0003896695513283698,0.0012144911362130246,0.0002198674197047313,0.0002410542476318635,0.0020101657655326676,2.8353174014920864e-08,3.402333193381319e-08,1.2074182697257333e-06,1.7927446787573725e-08,2.5799101072320703e-08,2.579584524589703e-08,3.3269431328860933e-12,0.00021983967260793237,2.8353174014920864e-08,6.776263578034403e-21,1.3552527156068805e-20,1.146929201390854e-16,1.0009572277120813,1.3243597626286859e-16,1.0007746894744334,3.2042630031655023e-09,-6.428602546032004e-09
irregular,0.1,0.0,0.1,6.770440251572328,0.0003603107526876852,0.0003820502458866502,0.0011892098466593777,0.0002156242713305462,0.00023638780022673943,0.0019690197174907884,2.7241786940716467e-08,3.269085936203983e-08,0.0,1.7090646466945292e-08,2.460876193546722e-08,2.4605719340889745e-08,3.109050040536145e-12,0.0002155976118325819,2.7241786940716467e-08,6.776263578034403e-21,1.3552527156068805e-20,6.621798835755875e-17,1.0009380350553276,1.3243597626286859e-16,1.0007588052751064,3.053415598624565e-09,-6.126493531265946e-09
irregular,0.1,0.0,0.1,6.820125786163523,0.00035333783347183534,0.0003746383502137177,0.0011646483374220873,0.0002114954338198435,0.00023184760432920287,0.0019290436931857433,2.618152713792325e-08,3.141981808509531e-08,1.2074182697257333e-06,1.62992222688433e-08,2.348233560830988e-08,2.3479490809816515e-08,2.9069346599439573e-12,0.00021146981192679507,2.618152713792325e-08,5.929230630780102e-21,2.710505431213761e-20,1.3243597640676596e-16,1.0009193908444654,1.081335218272422e-16,1.0007433795768654,2.91084365737894e-09,-5.840945528982867e-09
irregular,0.1,0.0,0.1,6.869811320754717,0.00034655254005735075,0.0003674265539169954,0.001140780576781767,0.00020747688875141955,0.00022742921279981024,0.0018901956585295864,2.516965632971809e-08,3.020691125818669e-08,8.537736462515939e-07,1.555038334280525e-08,2.2415920501851984e-08,2.241325928918288e-08,2.7193439170078943e-12,0.00020745225714528735,2.516965632971809e-08,4.235164736271502e-21,1.3552527156068805e-20,9.364637703389333e-17,1.00090127546546,1.0813352180206541e-16,1.000728395930237,2.7760330827966088e-09,-5.570930104853151e-09
irregular,0.1,0.0,0.1,6.919496855345912,0.0003399483151848472,0.0003604078563127347,0.0011175815500126147,0.000203564787657008,0.0002231283667498064,0.0018524360073794027,2.4203603016199994e-08,2.9049042430572167e-08,0.0,1.4841530067207656e-08,2.1405880844368004e-08,2.1403390126988442e-08,2.5451329187743573e-12,0.0002035411015327055,2.420360301619999e-08,4.658681209898652e-21,1.3552527156068805e-20,1.6220028271568653e-16,1.0008836701414459,1.3243597640676596e-16,1.0007138385889753,2.6485052891599657e-09,-5.31548985000809e-09
irregular,0.1,0.0,0.1,6.969182389937107,0.0003335188771632497,0.00035357555116110787,0.0010950295229702454,0.0001997554436532719,0.00021894098626741503,0.0018157264574492386,2.3280950427218903e-08,2.7943301620566477e-08,1.2074182697257333e-06,1.4170239644107744e-08,2.0448826744774472e-08,2.0446494456026113e-08,2.383254809146649e-12,0.0001997326605675002,2.3280950427218907e-08,6.776263578034403e-21,1.3552527156068805e-20,1.4806792280435463e-16,1.0008665568912618,1.8729275374799837e-16,1.0006996924752019,2.5278145089819605e-09,-5.0737329965191915e-09
irregular,0.1,0.0,0.1,7.018867924528303,0.00032725820639602845,0.00034692321226085826,0.0010730990582725505,0.00019604532354455326,0.00021486316166399508,0.0017800291923116783,2.239942716671809e-08,2.6886955672058946e-08,8.537736462515939e-07,1.3534252874933827e-08,1.954159588492575e-08,1.95394108949239e-08,2.2327518240768232e-12,0.00019602340327384577,2.2399427166718092e-08,6.776263578034403e-21,2.710505431213761e-20,1.7519632900026877e-16,1.0008499184903241,1.7097411011519292e-16,1.0006859431465223,2.413545323410389e-09,-4.844828476926056e-09
irregular,0.1,0.0,0.1,7.068553459119498,0.0003211605326570951,0.0003404446798452662,0.0010517708204974088,0.00019243104036301535,0.00021089114520730465,0.001745310266255093,2.1556897234389663e-08,2.587743311463325e-08,0.0,1.2931462012736e-08,1.868123669669574e-08,1.8679188733246828e-08,2.092747089670563e-12,0.0001924099447715672,2.155689723438966e-08,6.776263578034403e-21,1.3552527156068805e-20,9.36463771211083e-17,1.0008337384336852,1.081335218272422e-16,1.0006725767649691,2.3053103934128757e-09,-4.6280013875143544e-09
irregular,0.1,0.0,0.1,7.118238993710692,0.0003152203230648338,0.00033413404772043284,0.0010310227960543532,0.0001889093463209991,0.000207021343311541,0.0017115346691349972,2.0751350767869633e-08,2.491231494347475e-08,0.0,1.2359899595607938e-08,1.7864992893975833e-08,1.786307247068909e-08,1.9624372283754045e-12,0.00018888903923720057,2.075135076786963e-08,3.3881317890172014e-21,1.3552527156068805e-20,1.1469292021029616e-16,1.000818000901138,1.7097411013111612e-16,1.0006595800676759,2.202748375980954e-09,-4.422528820459718e-09
irregular,0.1,0.0,0.1,7.167924528301887,0.0003094322707225353,0.00032798565112520403,0.0010108351869289255,0.00018547712615067354,0.00020325030915527894,0.0016786707588855416,1.9980895348454593e-08,2.3989324325118878e-08,8.537736462515939e-07,1.1817728176993402e-08,1.7090289241752844e-08,1.7088487592734903e-08,1.84108567941084e-12,0.0001854575732526826,1.9980895348454593e-08,4.658681209898652e-21,2.710505431213761e-20,9.36463771211083e-17,1.0008026907242473,1.0813352177688863e-16,1.0006469403391638,2.1055220081415407e-09,-4.2277360321149615e-09
irregular,0.1,0.0,0.1,7.2176100628930815,0.00030379128397465285,0.00032199405524400076,0.0009911892858885493,0.00018213139080682774,0.00019957473570408253,0.001646687465508053,1.924374936088195e-08,2.3106317496698976e-08,8.537736462515939e-07,1.130323087402011e-08,1.6354718455336338e-08,1.635302747560977e-08,1.728016798356785e-12,0.00018211255951417865,1.9243749360881947e-08,3.3881317890172014e-21,1.3552527156068805e-20,1.6220028276604009e-16,1.0007877933551832,1.872927537189267e-16,1.0006346453851462,2.0133163447760404e-09,-4.042992918241713e-09
irregular,0.1,0.0,0.1,7.267295597484278,0.0002982924762406015,0.000316154044335889,0.0009720665710898723,0.00017886927150931052,0.00019599144910867369,0.0016155540704629132,1.8538233822247174e-08,2.2261274312964292e-08,1.2074182697257333e-06,1.0814802663667175e-08,1.5656029132639464e-08,1.565444132396352e-08,1.6226103362515044e-12,0.00017885113088254262,1.853823382224717e-08,3.3881317890172014e-21,1.3552527156068805e-20,6.621798848089937e-17,1.0007732948372479,1.081335218272422e-16,1.0006226835077578,1.925837136464159e-09,-3.8677107699961995e-09
irregular,0.1,0.0,0.1,7.3169811320754725,0.0002929311564019157,0.00031046061146166036,0.0009534480641116101,0.0001756880141059078,0.0001924974024587091,0.0015852433986708783,1.7862766563972785e-08,2.1452291639028356e-08,0.0,1.0350942363733624e-08,1.499211463160849e-08,1.4990623053053638e-08,1.5242966079820812e-12,0.00017567053475221926,1.7862766563972785e-08,6.776263578034403e-21,1.3552527156068805e-20,1.1469292006787466e-16,1.0007591817769932,7.646194659323188e-17,1.00061104348212,1.8428093353313382e-09,-3.7013392859358237e-09
irregular,0.1,0.0,0.1,7.366666666666667,0.0002877028196994342,0.0003049089487535878,0.000935319842843556,0.00017258497373746334,0.00018908966987113548,0.001555726931198275,1.7215854994838353e-08,2.0677574172281682e-08,1.2074182697257333e-06,9.910245239446648e-09,1.4361002812890627e-08,1.4359601035809346e-08,1.4325519577578528e-12,0.00017256812772302335,1.7215854994838353e-08,3.3881317890172014e-21,6.776263578034403e-21,1.480679228595142e-16,1.000745441317832,1.7097411021073213e-16,1.0005997145341632,1.763975718721859e-09,-3.543363818796165e-09
irregular,0.1,0.0,0.1,7.416352201257862,0.0002826031391100545,0.0002994944381943374,0.0009176625096488359,0.00016955760978354262,0.00018576544088932815,0.0015269784030061426,1.659609157263979e-08,1.9935428565377836e-08,8.537736462515939e-07,9.491396183194993e-09,1.3760846574690939e-08,1.3759528641542919e-08,1.3468948410051472e-12,0.00016954137055049688,1.659609157263979e-08,6.776263578034403e-21,2.710505431213761e-20,6.621798835755875e-17,1.0007320611150599,7.646194655762652e-17,1.0005886863196338,1.689095619692967e-09,-3.393302836953566e-09
irregular,0.1,0.0,0.1,7.466037735849056,0.0002776279571832148,0.00029421264289471237,0.0009004620762809848,0.0001666034810767692,0.00018252201518218048,0.0014989724599153635,1.6002147515784365e-08,1.9224257103728005e-08,8.537736462515939e-07,9.093163419938472e-09,1.3189915114076679e-08,1.318867550088343e-08,1.2668820964123268e-12,0.00016658782336620792,1.6002147515784365e-08,3.3881317890172014e-21,1.3552527156068805e-20,6.621798811087752e-17,1.0007190293121884,1.7097411014703933e-16,1.0005779489042055,1.6179437560494194e-09,-3.25070558238581e-09
irregular,0.1,0.0,0.1,7.515723270440253,0.0002727732783003757,0.00028905929881842696,0.0008837043917612988,0.00016372024136477163,0.00017935679751510954,0.0014716851254186303,1.5432767887807686e-08,1.854255084559045e-08,1.2074182697257333e-06,8.71439269399453e-09,1.2646585854042495e-08,1.2645419436077874e-08,1.1921056457754888e-12,0.00016370514114460912,1.5432767887807686e-08,6.776263578034403e-21,6.776263578034403e-21,9.364637703389333e-17,1.0007063345185316,1.3243597626286859e-16,1.0005674927446435,1.5503091495023408e-09,-3.1151499088407524e-09
irregular,0.1,0.0,0.1,7.565408805031447,0.000268035261338021,0.00028403030694066896,0.0008673739390388671,0.00016090563501080742,0.0001762672929861645,0.0014450932988842795,1.4886767531064462e-08,1.7888885316847932e-08,0.0,8.354001897438383e-09,1.2129336981934786e-08,1.2128239002317632e-08,1.1221895363942861e-12,0.00016089106940777483,1.4886767531064462e-08,6.776263578034403e-21,1.3552527156068805e-20,1.4806792280435463e-16,1.000693965787956,1.7097411013111612e-16,1.0005573086709456,1.4859941271867837e-09,-2.986240285352557e-09
irregular,0.1,0.0,0.1,7.615094339622642,0.0002634102127104242,0.00027912172581145663,0.0008514554919073597,0.00015815749291404405,0.0001732511025081981,0.0014191734140361182,1.4363027210102634e-08,1.726191377672086e-08,0.0,8.010976104353922e-09,1.1636740548787306e-08,1.1635706589665773e-08,1.0567872445346228e-12,0.00015814344014886022,1.4363027210102634e-08,3.3881317890172014e-21,1.3552527156068805e-20,1.6220028271568653e-16,1.0006819125987358,1.5292389307964766e-16,1.000547387869417,1.4248133995206766e-09,-2.863605951112559e-09
irregular,0.1,0.0,0.1,7.664779874213837,0.0002588945797680367,0.0002743297645012002,0.0008359377078402955,0.00015547372864057344,0.00017030591851982424,0.0013939043862704855,1.386048777392012e-08,1.6660364103432644e-08,0.0,7.684362977253002e-09,1.116745608425615e-08,1.1166482040614365e-08,9.955790594014747e-13,0.00015546016796966466,1.386048777392012e-08,3.3881317890172014e-21,1.3552527156068805e-20,1.1469291985424245e-16,1.000670164834445,7.646194659323188e-17,1.0005377218666098,1.3665932070054763e-09,-2.7468992100328e-09
irregular,0.1,0.0,0.1,7.714465408805031,0.00025448494453310096,0.00026965077590658656,0.0008208077886076141,0.00015285233475081786,0.0001674295209187218,0.0013692660863543163,1.337814771790995e-08,1.6083031902926325e-08,0.0,7.373268515863267e-09,1.0720224685331229e-08,1.0719306740852503e-08,9.382699298858994e-13,0.00015283924640977433,1.337814771790995e-08,5.082197683525802e-21,1.3552527156068805e-20,9.364637685946336e-17,1.0006587127658264,1.7097411017888574e-16,1.0005283025140912,1.311170531421654e-09,-2.635793852188322e-09
irregular,0.1,0.0,0.1,7.764150943396228,0.0002501780177512769,0.00026508125039058264,0.0008060536634369781,0.00015029137931336142,0.00016461977319940892,0.001345237629602959,1.2915060472522428e-08,1.5528779512878786e-08,8.537736462515939e-07,7.076853120488671e-09,1.0293863540893118e-08,1.0292998145794885e-08,8.845874642572339e-13,0.00015027874446324436,1.2915060472522426e-08,3.3881317890172014e-21,1.3552527156068805e-20,1.3243597653010658e-16,1.000647547033586,1.7097411019480895e-16,1.0005191219739846,1.2583923655575457e-09,-2.529983694006706e-09
irregular,0.1,0.0,0.1,7.813836477987422,0.00024597063324581313,0.00026061780975289125,0.0007916618149090613,0.00014778900259350896,0.0001618746187841906,0.0013218001607577616,1.2470328907422519e-08,1.4996529462383273e-08,1.2074182697257333e-06,6.794327945211065e-09,9.887260857281337e-09,9.88644470814046e-09,8.34279903917546e-13,0.00014777680327266175,1.2470328907422517e-08,5.082197683525802e-21,1.3552527156068805e-20,6.621798848089937e-17,1.0006366586320534,1.0813352180206541e-16,1.000510172705242,1.2081150368772604e-09,-2.429181225356553e-09
irregular,0.1,0.0,0.1,7.863522012578617,0.00024185974254942988,0.00025625720149100956,0.0007776223613616221,0.00014534341390827233,0.00015919207754032516,0.0012989346037120173,1.2043104367331801e-08,1.4485261539407706e-08,0.0,6.524951517160649e-09,9.499371153209143e-09,9.498601174295797e-09,7.871145664317403e-13,0.00014533163298487245,1.2043104367331801e-08,3.3881317890172014e-21,1.3552527156068805e-20,6.621798823421814e-17,1.0006260388936643,1.0813352187759581e-16,1.000501447450603,1.160203581393926e-09,-2.3331163568467443e-09
irregular,0.1,0.0,0.1,7.913207547169812,0.00023784240980639698,0.0002519962933534335,0.0007639237206947961,0.00014295288863746015,0.00015657024246816452,0.0012766234410539036,1.1632582748061362e-08,1.399400932751218e-08,0.0,6.268026601546265e-09,9.12921089487618e-09,9.128484221081234e-09,7.428762172723401e-13,0.00014294150976591462,1.163258274806136e-08,5.082197683525802e-21,1.3552527156068805e-20,9.364637720832329e-17,1.0006156794742176,1.324359762423118e-16,1.0004929392242135,1.114531162713507e-09,-2.2415352583511454e-09
irregular,0.1,0.0,0.1,7.962893081761006,0.00023391580692372276,0.00024783206815694376,0.0007505539614725326,0.00014061576538068382,0.00015400727655236435,0.0012548503539112899,1.1238001756938716e-08,1.352185770393661e-08,0.0,6.022897292775027e-09,8.775854444574044e-09,8.7751684057405e-09,7.013656498598361e-13,0.00014060477296094065,1.1238001756938716e-08,3.3881317890172014e-21,6.776263578034403e-21,5.7157212438637306e-21,1.0006055723388638,1.0813352177688863e-16,1.0004846412998472,1.0709785334099423e-09,-2.1541992817588804e-09
irregular,0.1,0.0,0.1,8.0125786163522,0.0002300772089648216,0.00024376161886818389,0.0007375062606808591,0.0001383304432567892,0.0001515014097710563,0.0012335980390898638,1.0858639982133386e-08,1.30679400903278e-08,8.537736462515939e-07,5.788946314270551e-09,8.438430298709038e-09,8.437782405109338e-09,6.623984892314049e-13,0.00013831982239418119,1.0858639982133386e-08,5.082197683525802e-21,6.776263578034403e-21,9.364637694667833e-17,1.0005957097487828,1.0813352190277261e-16,1.0004765471997183,1.0294335355941903e-09,-2.0708839616279204e-09
irregular,0.1,0.0,0.1,8.062264150943397,0.00022632398976215985,0.0002397821439123112,0.000724766834091497,0.00013609537933239718,0.0001490509362472106,0.001212850299701008,1.0493811814556513e-08,1.2631432558655589e-08,8.537736462515939e-07,5.565592510444329e-09,8.116117592533111e-09,8.11550552169361e-09,6.258038377103053e-13,0.00013608511580280553,1.0493811814556513e-08,3.3881317890172014e-21,1.3552527156068805e-20,1.480679228595142e-16,1.0005860842485144,1.529238931508584e-16,1.0004686506838367,9.89790636882475e-10,-1.9913780873621336e-09
irregular,0.1,0.0,0.1,8.111949685534592,0.00022265361774420687,0.0002358909427161936,0.0007123297087398754,0.0001339090861756201,0.00014665421153809425,0.0011925922134377708,1.0142868395450513e-08,1.22115559471587e-08,8.537736462515939e-07,5.352288516313668e-09,7.808142851311637e-09,7.807564435694767e-09,5.914233874306769e-13,0.00013389916638955062,1.0142868395450513e-08,3.3881317890172014e-21,6.776263578034403e-21,9.364637729553829e-17,1.0005766886539071,1.3243597630398212e-16,1.0004609457398832,9.519504996359875e-10,-1.9154828415687136e-09
irregular,0.1,0.0,0.1,8.161635220125786,0.00021906365196736017,0.0002320854114671458,0.0007001844468462163,0.00013177012952922276,0.00014430965006078696,0.0011728087548368616,9.805192906494358e-09,1.180756998864968e-08,0.0,5.148518591266136e-09,7.513776969182715e-09,7.513230184986405e-09,5.591102695461211e-13,0.0001317605405003405,9.805192906494357e-09,3.3881317890172014e-21,1.3552527156068805e-20,1.4806792296983341e-16,1.0005675160406484,1.7097411016296254e-16,1.0004534265735745,9.158195806124566e-10,-1.8430109994799074e-09
irregular,0.1,0.0,0.1,8.211320754716981,0.00021555173833228065,0.0002283630390716592,0.0006883216116548233,0.0001296771260922564,0.00014201572263231963,0.0011534854809543854,9.480200519394645e-09,1.1418771682675115e-08,0.0,4.953796604106023e-09,7.232332398178873e-09,7.23181535492547e-09,5.287282609029405e-13,0.00012966785540619342,9.480200519394643e-09,3.3881317890172014e-21,6.776263578034403e-21,6.621798835755875e-17,1.000558559733347,1.0813352180206541e-16,1.0004460875994932,8.813097588273059e-10,-1.7737861843331276e-09
irregular,0.1,0.0,0.1,8.261006289308176,0.00021211560598357194,0.00022472140330954195,0.0006767334359363724,0.00012762874141040024,0.00013977095413458604,0.0011346092841362052,9.167335335928611e-09,1.1044494502497869e-08,8.537736462515939e-07,4.767664158201943e-09,6.963160531925659e-09,6.962671462936213e-09,5.001508820713315e-13,0.0001276197771966212,9.167335335928611e-09,3.3881317890172014e-21,6.776263578034403e-21,6.621798835755875e-17,1.0005498132951367,7.646194659323188e-17,1.0004389234323552,8.48337989632175e-10,-1.7076421754839478e-09
irregular,0.1,0.0,0.1,8.310691823899372,0.00020875306387863147,0.0002211581671666338,0.00066541181250997,0.0001256236878630228,0.00013757392128522654,0.0011161669282908303,8.866070047533994e-09,1.0684105007389933e-08,8.537736462515939e-07,4.589688846231183e-09,6.705649269081981e-09,6.70518652260124e-09,4.732607133672265e-13,0.0001256150187666947,8.866070047533994e-09,2.117582368135751e-21,6.776263578034403e-21,9.364637703389333e-17,1.0005412705177759,1.8729275373346255e-16,1.0004319288786916,8.168259824290467e-10,-1.644422264000377e-09
irregular,0.1,0.0,0.1,8.360377358490567,0.0002054619975175349,0.00021767107534140172,0.0006543488546361449,0.00012366072274702845,0.00013542325051466893,0.0010981444271494912,8.57590275424151e-09,1.0337000714215748e-08,1.2074182697257333e-06,4.419462624600829e-09,6.459220743433814e-09,6.458782774537122e-09,4.4794861079039784e-13,0.00012365233790426541,8.575902754241512e-09,3.3881317890172014e-21,6.776263578034403e-21,5.7157212438637306e-21,1.000532925412211,1.7097411013111612e-16,1.0004250989289263,7.866999010713058e-10,-1.583978653309123e-09
irregular,0.1,0.0,0.1,8.410062893081761,0.00020224036582801042,0.00021425795091868928,0.0006435363812583225,0.00012173864644971302,0.00013331761594355534,0.0010805310830738187,8.29635716013502e-09,1.0002610252172923e-08,1.2074182697257333e-06,4.256600299029054e-09,6.223329208156973e-09,6.22291457118526e-09,4.2411315832477143e-13,0.000121730535462488,8.29635716013502e-09,3.3881317890172014e-21,6.776263578034403e-21,1.3243597640676596e-16,1.000524772199588,1.0813352185241902e-16,1.000418428749823,7.578900845868117e-10,-1.526171900468942e-09
irregular,0.1,0.0,0.1,8.459748427672956,0.00019908619819231405,0.00021091669219161393,0.0006329676515787687,0.00011985630070619384,0.00013125573745176279,0.0010633126096141335,8.026979665631937e-09,9.680388838280848e-09,1.2074182697257333e-06,4.100738112631276e-09,5.997459062924018e-09,5.99706640457656e-09,4.0166000168452765e-13,0.00011984845362020726,8.026979665631937e-09,3.3881317890172014e-21,6.776263578034403e-21,9.364637729553829e-17,1.0005168053026783,1.081335218272422e-16,1.0004119136772884,7.303307871997706e-10,-1.470870396197443e-09
irregular,0.1,0.0,0.1,8.50943396226415,0.00019599759161146576,0.0002076452696349227,0.0006226345901566346,0.00011801256693686939,0.0001292363788386665,0.0010464806359181073,7.767339799181991e-09,9.369820565617885e-09,0.0,3.951532429335819e-09,5.781123013405685e-09,5.780751066271966e-09,3.805013993976946e-13,0.00011800497421899896,7.767339799181991e-09,3.3881317890172014e-21,6.776263578034403e-21,9.364637703389333e-17,1.0005090193377075,1.5292389320426646e-16,1.0004055492095045,7.039599357879325e-10,-1.4179498797346594e-09
irregular,0.1,0.0,0.1,8.559119496855347,0.00019297270800383386,0.00020444172301616208,0.0006125330584150851,0.00011620636466210979,0.00012725834606674885,0.0010300208487612483,7.517027026603893e-09,9.070412577042554e-09,0.0,3.808658505669898e-09,5.5738603536106865e-09,5.573507930272478e-09,3.6055562913817744e-13,0.00011619901718076704,7.517027026603893e-09,2.329340604949326e-21,6.776263578034403e-21,6.621798934428365e-17,1.0005014091065558,1.7097411011519292e-16,1.0003993310003831,6.787189037180184e-10,-1.367292986554562e-09
irregular,0.1,0.0,0.1,8.608805031446542,0.00019000977161986868,0.00020130415863573651,0.0006026517178287226,0.00011443664998926293,0.00012532048558587292,0.0010139254930410949,7.275651088604199e-09,8.781696373802043e-09,0.0,3.67180934402529e-09,5.37523536213805e-09,5.3749013496529425e-09,3.4174660843106504e-13,0.0001144295389946227,7.275651088604199e-09,2.964615315390051e-21,1.3552527156068805e-20,6.621798835755875e-17,1.0004939695893222,1.3243597626286859e-16,1.0003932548533185,6.545523001649095e-10,-1.3187888266578463e-09
irregular,0.1,0.0,0.1,8.658490566037736,0.00018710706658234554,0.00019823074670145374,0.0005929905127245569,0.00011270241416696775,0.00012342168273278076,0.0009981822573082082,7.042840206381227e-09,8.503226301549616e-09,8.537736462515939e-07,3.5406946224216478e-09,5.184835804099235e-09,5.184519158929115e-09,3.2400344158109083e-13,0.00011269553127299477,7.042840206381228e-09,1.6940658945086007e-21,6.776263578034403e-21,1.7519632900026877e-16,1.000486695937221,2.293858395779319e-16,1.0003873167152253,6.314077731053359e-10,-1.2723325906440148e-09
irregular,0.1,0.0,0.1,8.70817610062893,0.0001842629345307798,0.0001952197188068381,0.0005835366431261379,0.00011100268220718536,0.00012156086020599733,0.0009827817331389058,6.8182410917157905e-09,8.23457833548728e-09,1.2074182697257333e-06,3.415039694220922e-09,5.002271531344058e-09,5.001971274607782e-09,3.0726008262818674e-13,0.00011099601937353697,6.8182410917157905e-09,3.3881317890172014e-21,6.776263578034403e-21,9.364637694667833e-17,1.0004795834658078,1.081335218272422e-16,1.0003815126708457,6.092358255252797e-10,-1.2278251821634515e-09
irregular,0.1,0.0,0.1,8.757861635220126,0.00018147577237538233,0.00019226936553880776,0.0005742901942395072,0.0001093365115658677,0.00011973697660378643,0.0009677142955785708,6.601515487767805e-09,7.975347271216436e-09,1.2074182697257333e-06,3.2945846537769847e-09,4.827173173746815e-09,4.8268883869206805e-09,2.9145486729224393e-13,0.00010933006108294763,6.601515487767804e-09,3.3881317890172014e-21,6.776263578034403e-21,9.364637720832329e-17,1.000472627648503,1.324359762423118e-16,1.000375838937318,5.879896436620223e-10,-1.1851728744116815e-09
irregular,0.1,0.0,0.1,8.807547169811322,0.00017874403015005454,0.00018937803417979558,0.0005652400671361077,0.00010770299088527142,0.00011794902503162668,0.0009529701197620745,6.392343366989589e-09,7.725148834881471e-09,8.537736462515939e-07,3.1790834626250517e-09,4.659190915399538e-09,4.658920736185595e-09,2.7653037207962335e-13,0.00010769674535682129,6.392343366989589e-09,3.3881317890172014e-21,6.776263578034403e-21,6.621798823421814e-17,1.0004658241104136,1.324359762423118e-16,1.0003702918589836,5.67624936996232e-10,-1.1442869893478285e-09
irregular,0.1,0.0,0.1,8.857232704402517,0.0001760662089613242,0.00018654412651890578,0.0005563840508409279,0.00010610123879037306,0.00011619603176996712,0.0009385407525368107,6.190417686846322e-09,7.483615209629404e-09,1.2074182697257333e-06,3.068303132428929e-09,4.497993349548633e-09,4.497736968199737e-09,2.624329169367758e-13,0.00010609519112053306,6.190417686846322e-09,1.6940658945086007e-21,6.776263578034403e-21,1.4806792280435463e-16,1.000459168622424,1.081335218272422e-16,1.0003648679024275,5.480997877918082e-10,-1.1050835976924862e-09
irregular,0.1,0.0,0.1,8.906918238993711,0.00017344085902615933,0.00018376609675577646,0.0005477169217345554,0.00010453040273940264,0.00011447705500107721,0.000924417279771339,5.995446846664816e-09,7.25039678431026e-09,1.2074182697257333e-06,2.962022960326695e-09,4.343266406900844e-09,4.343023062682573e-09,2.491124323743106e-13,0.00010452454611750635,5.995446846664816e-09,3.3881317890172014e-21,6.776263578034403e-21,9.364637738275326e-17,1.0004526570955523,1.7097411014703933e-16,1.00035956365174,5.293745111321566e-10,-1.0674832382989263e-09
irregular,0.1,0.0,0.1,8.956603773584906,0.0001708665777970188,0.0001810424494986742,0.0005405836917893019,0.00010298965792332692,0.0001127911835915717,0.0009105915209429462,5.807152372452712e-09,7.0251596149559255e-09,8.537736462515939e-07,2.860033813363318e-09,4.1947123521005505e-09,4.194481330089637e-09,2.3652213511955046e-13,0.00010298398581142038,5.807152372452712e-09,1.6940658945086007e-21,6.776263578034403e-21,1.146929199254532e-16,1.0004462855755543,1.7097411013111612e-16,1.0003543758039872,5.114115237181741e-10,-1.0314106557727848e-09
irregular,0.1,0.0,0.1,9.0062893081761,0.00016834200816879223,0.0001783717378484828,0.0005336262871055254,0.00010147820621472599,0.0001111375359265398,0.0008970544892835721,5.6252681739072925e-09,6.807584218786981e-09,0.0,2.762137458395634e-09,4.052048843795401e-09,4.0518294718713435e-09,2.246182924428988e-13,0.00010147271233491224,5.625268173907293e-09,2.964615315390051e-21,6.776263578034403e-21,1.1469291999666394e-16,1.000440050237764,1.8729275373346255e-16,1.0003493011648785,4.941752210145902e-10,-9.967945549138222e-10
irregular,0.1,0.0,0.1,9.055974842767297,0.00016586583676367846,0.00017575256156845663,0.0005268288441869153,9.999527516251301e-05,0.00010951525879817465,0.0008837996575687449,5.449540885992203e-09,6.597368144692981e-09,0.0,2.6681459343762416e-09,3.915008053876121e-09,3.914799699935457e-09,2.1336004550127897e-13,9.998995348517769e-05,5.449540885992203e-09,2.752857078576476e-21,6.776263578034403e-21,9.364637685946336e-17,1.000433947382159,1.0813352200347979e-16,1.0003443366446252,4.776318623177602e-10,-9.635673704889807e-10
irregular,0.1,0.0,0.1,9.105660377358491,0.0001634367922886867,0.00017318356532801255,0.000520188525515241,9.854011702775836e-05,0.00010792352633821015,0.0008708177298823072,5.279729058795028e-09,6.394220974593792e-09,1.4787793334710982e-06,2.5778809641813136e-09,3.7833358417557235e-09,3.78313791108361e-09,2.0270919890699504e-13,9.853496175938959e-05,5.279729058795028e-09,2.541098841762901e-21,1.3552527156068805e-20,1.146929199254532e-16,1.0004279734286416,1.3243597622175503e-16,1.0003394792539775,4.6174946308083714e-10,-9.316650521470015e-10
irregular,0.1,0.0,0.1,9.155345911949686,0.0001610536439653939,0.00017066343702917084,0.0005137000724646649,9.711200786353368e-05,0.00010636153899772402,0.0008581019792514659,5.115600898833694e-09,6.197865335143678e-09,1.2074182697257333e-06,2.4911734032015484e-09,3.6567909801483755e-09,3.6566029130658907e-09,1.9262997065390177e-13,9.71070134375213e-05,5.115600898833693e-09,2.541098841762901e-21,1.3552527156068805e-20,1.146929199254532e-16,1.000422124912519,1.7097411014703933e-16,1.000334726100434,4.4649769407619335e-10,-9.010268622452132e-10
irregular,0.1,0.0,0.1,9.20503144654088,0.0001587152000245943,0.00016819090619476175,0.0005073585361883443,9.571024663186703e-05,0.00010482852257134483,0.0008456458804407865,4.956935557008011e-09,6.008036757452104e-09,8.537736462515939e-07,2.407862722250124e-09,3.535144428684253e-09,3.5349656982781997e-09,1.8308889313706194e-13,9.570540769767661e-05,4.956935557008011e-09,3.3881317890172014e-21,6.776263578034403e-21,1.146929199254532e-16,1.0004163984801846,1.0813352177688863e-16,1.0003300743846117,4.318477866903608e-10,-8.715951869306914e-10
irregular,0.1,0.0,0.1,9.254716981132075,0.00015642030626875284,0.00016576474243634523,0.0005011622214036714,9.433415436047148e-05,0.00010332372726197091,0.0008334418340325995,4.803522744257738e-09,5.8244832952116e-09,1.4787793334710982e-06,2.3277965225084173e-09,3.4181786523204226e-09,3.41800876233612e-09,1.7405465720947338e-13,9.432946577346839e-05,4.803522744257738e-09,2.541098841762901e-21,6.776263578034403e-21,1.3243597634509565e-16,1.0004107908849744,1.52923893061845e-16,1.0003255213967728,4.177724444666864e-10,-8.433153586665269e-10
irregular,0.1,0.0,0.1,9.304402515723272,0.00015416784468868575,0.0001633837539773621,0.0004951077469139241,9.298307333201467e-05,0.00010184642678384423,0.0008214833269428961,4.6551607584044504e-09,5.646962834730474e-09,0.0,2.250830080224016e-09,3.305686981358781e-09,3.3055254642800963e-09,1.6549791014373256e-13,9.297853014493845e-05,4.65516075840445e-09,1.6940658945086007e-21,3.3881317890172014e-21,6.621798835755875e-17,1.0004052989832082,1.081335218272422e-16,1.0003210645134992,4.042457598047236e-10,-8.161354897525828e-10
irregular,0.1,0.0,0.1,9.354088050314466,0.00015195673214444408,0.00016104678624190944,0.0004891906937342851,9.165636630987113e-05,0.00010039591750620407,0.0008097627838991536,4.511656763704346e-09,5.475244942145685e-09,1.2074182697257333e-06,2.176825919390906e-09,3.1974730105131503e-09,3.1973194257551072e-09,1.5739114821411075e-13,9.165196376423696e-05,4.511656763704347e-09,1.6940658945086007e-21,6.776263578034403e-21,1.480679228595142e-16,1.0003999197303912,1.52923893061845e-16,1.0003167011945058,3.912431358705712e-10,-7.900063162749203e-10
irregular,0.1,0.0,0.1,9.403773584905661,0.00014978591909927514,0.00015875272050519027,0.0004834040449121047,9.035341579583836e-05,9.897151762998068e-05,0.0007982760764311968,4.372827032600625e-09,5.309109420943844e-09,1.2074182697257333e-06,2.1056534103821485e-09,3.0933500343419316e-09,3.093203966539508e-09,1.4970861402773333e-13,9.034914931298312e-05,4.372827032600625e-09,2.541098841762901e-21,6.776263578034403e-21,9.364637694667833e-17,1.0003946501775787,1.7097411013111612e-16,1.000312428979589,3.787412135250348e-10,-7.648810515826512e-10
irregular,0.1,0.0,0.1,9.453459119496856,0.00014765438840467544,0.00015650047259544787,0.00047775025030796564,8.907362331710844e-05,9.757256639896649e-05,0.0007870163086612363,4.2384949151877725e-09,5.148344387473883e-09,8.537736462515939e-07,2.0371883928845134e-09,2.9931405166195905e-09,2.9930015740866867e-09,1.4242612333137174e-13,8.906948849123913e-05,4.2384949151877725e-09,1.6940658945086007e-21,1.3552527156068805e-20,6.621798835755875e-17,1.0003894874678925,1.7097411013111612e-16,1.0003082454857024,3.667178023853096e-10,-7.407152485400519e-10
irregular,0.1,0.0,0.1,9.50314465408805,0.00014556115413640226,0.0001542889916498475,0.0004722217329401788,8.781640874453972e-05,9.619842334593072e-05,0.0007759773903125623,4.108491874859436e-09,4.9927487159981526e-09,1.2074182697257333e-06,1.9713128215100427e-09,2.8966755915488555e-09,2.896543404798626e-09,1.3552100686105664e-13,8.78124013349e-05,4.108491874859436e-09,1.6940658945086007e-21,6.776263578034403e-21,9.364637685946336e-17,1.0003844288331785,1.0813352185241902e-16,1.000304148404155,3.551518162166949e-10,-7.174666703523453e-10
irregular,0.1,0.0,0.1,9.552830188679247,0.00014350526048057238,0.00015211725892798892,0.0004668190400629498,8.658120963806605e-05,9.48484675664196e-05,0.0007651522085210409,3.98265731749278e-09,4.842129153942895e-09,8.537736462515939e-07,1.9079144327334493e-09,2.803794594650714e-09,2.8036688150032267e-09,1.2897201489574606e-13,8.657732556109121e-05,3.98265731749278e-09,8.470329472543003e-22,6.776263578034403e-21,9.364637703389333e-17,1.000379471590808,1.5292389311525305e-16,1.000300135497922,3.440232124103963e-10,-6.950951690639062e-10
irregular,0.1,0.0,0.1,9.602515723270441,0.00014148578066063003,0.0001499842866638857,0.00046153711424852956,8.536748061855075e-05,9.352209702512188e-05,0.0007545364377281316,3.8608361949923575e-09,4.6963010848992715e-09,1.2074182697257333e-06,1.8468864315175872e-09,2.7143446214357348e-09,2.714224919785581e-09,1.227591570489037e-13,8.536371594245958e-05,3.8608361949923575e-09,2.541098841762901e-21,6.776263578034403e-21,9.364637694667833e-17,1.0003746131406062,1.3243597626286859e-16,1.0002962045990706,3.3331293466988825e-10,-6.735625714154896e-10
irregular,0.1,0.0,0.1,9.652201257861636,0.00013950181591354714,0.00014788911697347944,0.00045637216255741775,8.417469276547722e-05,9.221872788711197e-05,0.0007441263058616963,3.7428813425011555e-09,4.555087555867598e-09,1.2074182697257333e-06,1.7881271967036003e-09,2.6281801120911587e-09,2.628066177673769e-09,1.1686370312851384e-13,8.417104370256291e-05,3.742881342501155e-09,1.6940658945086007e-21,6.776263578034403e-21,8.083250501816103e-21,1.0003698509619083,1.0813352185241902e-16,1.0002923536062904,3.230028595597469e-10,-6.528325713862432e-10
irregular,0.1,0.0,0.1,9.70188679245283,0.00013755249450265696,0.00014583082080186078,0.00045132174057450745,8.300233303977791e-05,9.093779388026983e-05,0.0007339141756233386,3.628650959201814e-09,4.418319080692676e-09,0.0,1.7315400035657233e-09,2.5451624605342707e-09,2.5450539998407454e-09,1.1126803145781602e-13,8.299879594116621e-05,3.628650959201814e-09,1.6940658945086007e-21,6.776263578034403e-21,1.1469291985424245e-16,1.0003651826107338,1.3243597626286859e-16,1.00028858048252,3.1307574585307993e-10,-6.32870629339188e-10
irregular,0.1,0.0,0.1,9.751572327044025,0.00013563697077185948,0.0001438084969107171,0.00044638565328118635,8.184990372874671e-05,8.967874568042694e-05,0.0007238958398416243,3.5180097994138783e-09,4.285834263790212e-09,8.537736462515939e-07,1.677032762723889e-09,2.4651596462223237e-09,2.4650563819413695e-09,1.059556016250256e-13,8.184647507800287e-05,3.5180097994138787e-09,1.6940658945086007e-21,3.3881317890172014e-21,1.1469292006787466e-16,1.0003606057170782,1.7097411013111612e-16,1.000284883252675,3.0351518724337106e-10,-6.136438768977243e-10
irregular,0.1,0.0,0.1,9.801257861635222,0.00013375442423975336,0.00014182127091419387,0.00044155783021510465,8.071692191266461e-05,8.844105032132929e-05,0.0007140656743310781,3.410827244144632e-09,4.1574762412975356e-09,1.2074182697257333e-06,1.6245177743940532e-09,2.3880458873016925e-09,2.3879475573762105e-09,1.0091083479978636e-13,8.071359832120473e-05,3.4108272441446315e-09,1.6940658945086007e-21,3.3881317890172014e-21,1.146929199254532e-16,1.0003561179823104,1.081335218272422e-16,1.000281260001465,2.9430556748561527e-10,-5.951210275650216e-10
irregular,0.1,0.0,0.1,9.850943396226416,0.00013190405872783755,0.00013986829434652954,0.00043683602062573616,7.960291895568501e-05,8.722419062976603e-05,0.000704420691502119,3.3069801155496e-09,4.0330979133101295e-09,8.537736462515939e-07,1.5739114967039192e-09,2.3137013138571463e-09,2.313607670516252e-09,9.611914159210777e-14,7.959969715551949e-05,3.3069801155496e-09,1.6940658945086007e-21,3.3881317890172014e-21,9.364637729553829e-17,1.0003517171766763,1.324359762423118e-16,1.000277708871299,2.8543201840042524e-10,-5.772722924764266e-10
irregular,0.1,0.0,0.1,9.90062893081761,0.00013008510152036863,0.00013794874376653584,0.0004322194827673186,7.850744001167877e-05,8.602766467979526e-05,0.0006949544416150127,3.2063483800193478e-09,3.91255532803409e-09,8.537736462515939e-07,1.5251343274793126e-09,2.2420116597589006e-09,2.241922468729193e-09,9.156674134557252e-14,7.850431685244635e-05,3.2063483800193478e-09,1.6940658945086007e-21,6.776263578034403e-21,1.6220028276604009e-16,1.000347401136903,1.7097411019480895e-16,1.0002742280602743,2.7688038029048765e-10,-5.600693011663084e-10
irregular,0.1,0.0,0.1,9.950314465408805,0.0001282968025652394,0.00013606181990230066,0.0004277039562149025,7.743004355587676e-05,8.485098527327576e-05,0.0006856636964149749,3.108817790487069e-09,3.7957121740010746e-09,0.0,1.4781103985918666e-09,2.1728679722876404e-09,2.172783011965981e-09,8.724069235157609e-14,7.742701599898397e-05,3.1088177904870695e-09,1.2705494208814505e-21,3.3881317890172014e-21,6.621798848089937e-17,1.000343167763893,1.5292389307964766e-16,1.000270815820242,2.6863716447121373e-10,-5.434850268123178e-10
irregular,0.1,0.0,0.1,10.0,0.00012653843369658506,0.0001342067468227146,0.0004232857853924564,7.63703009291197e-05,8.369367943667455e-05,0.0006765422184634046,3.014278700116668e-09,3.6824370064018504e-09,8.537736462515939e-07,1.4327673819619145e-09,2.106166338084834e-09,2.106085398800758e-09,8.3128811259812e-14,7.636736604341286e-05,3.014278700116668e-09,1.6940658945086007e-21,1.0164395367051604e-20,6.621798835755875e-17,1.0003390150205187,2.1626704355377726e-16,1.000267470454958,2.6068951817985833e-10,-5.274937157893515e-10
irregular,0.1,0.0,0.4,2.1,0.03942799280754603,0.04279942085983157,0.14770268641039772,0.023444345287230228,0.026205359717591838,0.2440050594049318,0.00033988216162369014,0.00041034803517225443,0.0018659804616275432,0.0030894309617963177,0.004347673736690129,0.0042861281364737274,6.3029985677001e-05,0.023112467508498463,0.0003398821616236901,1.0408340855860843e-17,1.3877787807814457e-17,1.1469293231612072e-16,1.1199707344987764,7.646194709170705e-17,1.0997676581426317,0.0005830385858629217,-0.001199651730214954
irregular,0.1,0.0,0.4,2.149685534591195,0.03680939899099416,0.03990842484731926,0.13781530687917357,0.021870003971905107,0.02442632173524699,0.2274273634838917,0.00029558506613994976,0.0003569044189185285,0.0016217728745939238,0.0026236133878166056,0.0036853236250575035,0.0036366894850083974,4.9809164591790864e-05,0.021581391913845338,0.00029558506613994976,1.3877787807814457e-17,5.551115123125783e-17,9.364637965034283e-17,1.1114327215973387,1.3243597687957164e-16,1.0927058788959652,0.0004952664645940519,-0.0010170148566388537
irregular,0.1,0.0,0.4,2.1993710691823902,0.03442058445814809,0.03727702330190542,0.1287915016861552,0.020436325709887567,0.02280847513619451,0.2123302622014528,0.00025795117561706535,0.0003114895488699326,0.0014143852429436663,0.002236718632620863,0.0031367303384275454,0.003098073229393182,3.959240471488611e-05,0.020184468142933013,0.0002579511756170654,6.938893903907228e-18,2.7755575615628914e-17,1.480679280445165e-16,1.1037092141199865,1.7097411164382056e-16,1.0863104476874597,0.0004223128375975549,-0.0008656265013154973
irregular,0.1,0.0,0.4,2.249056603773585,0.03223682510098079,0.034876422132323434,0.12053926111981954,0.019127798468896243,0.021333719795869142,0.1985512373843813,0.00022585077376831303,0.0002727444798892643,0.0012375680924163615,0.0019139685291749582,0.002680237684269777,0.002649339291075755,3.164680743890392e-05,0.018907288832196247,0.00022585077376831303,6.938893903907228e-18,2.7755575615628914e-17,1.9865397091079855e-16,1.0967028292537515,1.7097411113427802e-16,1.0805028497042968,0.00036141676825778013,-0.0007395738437480856
irregular,0.1,0.0,0.4,2.29874213836478,0.030236523114086415,0.032681610727202895,0.11297805370295838,0.01793093429137846,0.01998637102428462,0.1859488227235416,0.00019836641833662213,0.00023956510955082456,0.0010862470536613853,0.0016436047223734912,0.00229870119420803,0.0022738730112269955,2.5430081629400063e-05,0.017737262961355662,0.0001983664183366221,1.0408340855860843e-17,1.3877787807814457e-17,9.364637965034283e-17,1.0903301841836532,2.16267043956606e-16,1.0752156614814632,0.0003103780766517128,-0.0006341662359276787
irregular,0.1,0.0,0.4,2.348427672955975,0.028400755397955633,0.030670789260475662,0.10603719589749269,0.016833965419087032,0.018752787083320472,0.1743994735206783,0.0001747492980431391,0.00021104989659526918,0.0009562794620492378,0.0014162219450046373,0.0019784698232275916,0.0019584182133079125,2.0538013724119062e-05,0.016663354725902826,0.00017474929804313914,3.903127820947816e-18,1.3877787807814457e-17,1.1469292320114703e-16,1.0845195466269568,1.0813352379103239e-16,1.0703907260476992,0.00026743438744322723,-0.0005456619310816105
irregular,0.1,0.0,0.4,2.39811320754717,0.02671289497845971,0.028824893854040703,0.0996544800663129,0.0158265918575004,0.017621061735127726,0.16379496007517408,0.00015438530920912114,0.00018645919641038544,0.0008442677451784332,0.0012242590561903726,0.0017086146073791574,0.0016923422933197258,1.6667201432533412e-05,0.015675864319480155,0.00015438530920912114,6.938893903907228e-18,1.3877787807814457e-17,9.36463782549031e-17,1.0792089352678222,2.4179390714108176e-16,1.065977670121454,0.00023116705274511817,-0.00047106038443084364
irregular,0.1,0.0,0.4,2.4477987421383647,0.0251582924306748,0.027127201012336403,0.09377501591621064,0.014899770711378987,0.016580769169135322,0.15404018762475563,0.00013676852632179374,0.0001651834402128984,0.0007474158033716235,0.0010616081009948103,0.0014803403609179352,0.0014670739752415216,1.358839498535344e-05,0.014766243240288001,0.00013676852632179374,3.469446951953614e-18,1.3877787807814457e-17,6.621799008432732e-17,1.0743445735673405,1.8729275464921986e-16,1.0619326915923406,0.00020042873370748615,-0.0004079433521719106
irregular,0.1,0.0,0.4,2.4974842767295597,0.023724006820278663,0.025562996618814636,0.08835024875343694,0.014045539616332535,0.015622751363813778,0.14505136553614875,0.00012148033468301875,0.0001467180911757961,0.0006634079446215228,0.000923312247600538,0.0012865340486033384,0.0012756704695285135,1.1127275353927737e-05,0.013926938145632044,0.00012148033468301876,6.071532165918825e-18,1.3877787807814457e-17,1.6220028427664795e-16,1.0698796232820482,1.7097411062473548e-16,1.0582175621351755,0.00017428733332262858,-0.00035435256377179536
irregular,0.1,0.0,0.4,2.547169811320755,0.02239857767233244,0.024119297781323577,0.0833371250075529,0.013256868138379284,0.01473894001666692,0.1367544637189469,0.00010817292626019899,0.00013064382630222627,0.0005903213505557321,0.0008053310788496928,0.0011214159330154199,0.0011124822662197894,9.150490278914369e-06,0.01315125840053346,0.000108172926260199,5.204170427930421e-18,1.3877787807814457e-17,9.364637965034283e-17,1.0657731409809847,7.646194823107882e-17,1.0547988022236912,0.00015198234977606417,-0.00030869498999561845
irregular,0.1,0.0,0.4,2.59685534591195,0.021171831063758237,0.022784618146765915,0.07869738060482799,0.012527532221795399,0.013922206780626133,0.12908390633841327,9.655617794431642e-05,0.0001166107718710589,0.0005265534323794515,0.0007043572356022601,0.0009802685222468942,0.0009728920658206057,7.555437111756891e-06,0.01243326336232903,9.655617794431643e-05,5.204170427930421e-18,1.3877787807814457e-17,3.233300200726441e-20,1.0619892135510132,1.5292389446825703e-16,1.0516469951808796,0.00013289072015729153,-0.00026966906616127106
irregular,0.1,0.0,0.4,2.646540880503145,0.020034714202316534,0.021548769133359,0.07439693237403007,0.011852007715052537,0.013166236793252186,0.12198146231845904,8.638716683591378e-05,0.00010432590103227441,0.0004707630775767714,0.0006176724374213537,0.000859224786633441,0.0008531103497399888,6.26273596651354e-06,0.011767666161640959,8.638716683591379e-05,3.469446951953614e-18,1.3877787807814457e-17,1.3243597819520487e-16,1.0584962382763732,1.0813352580517614e-16,1.0487362140314145,0.00011649995644377048,-0.00023620692506592933
irregular,0.1,0.0,0.4,2.6962264150943396,0.018979153870551463,0.020402690969522352,0.07040535591080578,0.011225379755027522,0.01246542146234421,0.11539529990489068,7.746175259439591e-05,9.354291146691414e-05,0.00042182207488140915,0.0005430338651576105,0.0007551018003109624,0.0007500144740990929,5.210648558510821e-06,0.011149751318381732,7.746175259439591e-05,3.469446951953614e-18,1.3877787807814457e-17,1.751963310980954e-16,1.0552663203905006,1.7097411113427802e-16,1.046043540387888,0.00010238691496385066,-0.0002074289322968395
irregular,0.1,0.0,0.4,2.7459119496855346,0.017997934931180033,0.019338308570244732,0.06669543656552701,0.010643265385964901,0.011814767241291959,0.10927917817886033,6.960778847966836e-05,8.405405816836168e-05,0.0003787782922729559,0.0004785840779254344,0.0006652693978583309,0.0006610213941164394,4.35091392057033e-06,0.010575303998696713,6.960778847966836e-05,5.204170427930421e-18,6.938893903907228e-18,1.1469292661926225e-16,1.052274766613576,1.709741113890493e-16,1.0435486588255236,9.02009403357662e-05,-0.00018260772756525934
irregular,0.1,0.0,0.4,2.7955974842767297,0.017084595751981617,0.0183484081916137,0.06324278210628347,0.010101747265963622,0.011209817737340816,0.10359175373342844,6.267962202675647e-05,7.568353510048566e-05,0.00034082896325441113,0.0004227792647892484,0.0005875459703211781,0.0005839865131077428,3.6456227198594744e-06,0.010040549097666291,6.267962202675647e-05,3.469446951953614e-18,6.938893903907228e-18,1.1469292547989053e-16,1.049499657533717,1.709741113890493e-16,1.0412335134854043,7.965042306646436e-05,-0.0001611396502795466
irregular,0.1,0.0,0.4,2.845283018867925,0.01623333794546878,0.01742653153289794,0.06002548771774445,0.009597316696089838,0.010646586981757055,0.09829598420131919,5.6553621729769554e-05,6.828208967920686e-05,0.0003072909148038294,0.00037433184981648123,0.0005201154069332139,0.0005171229287113251,3.064857700435189e-06,0.009542098640983643,5.655362172976956e-05,3.469446951953614e-18,6.938893903907228e-18,6.621799008432732e-17,1.0469214850743502,1.3243597786629656e-16,1.0390820162190806,7.049203368866136e-05,-0.0001425219302758525
irregular,0.1,0.0,0.4,2.89496855345912,0.015438948256509311,0.016566884541941333,0.05702384567825444,0.009126824515551015,0.010121502079896318,0.0933586135770714,5.1124523693164945e-05,6.172262294049967e-05,0.00027758674692961936,0.00033216438622814433,0.0004614605954230758,0.0004589366822958504,2.584902679346051e-06,0.009076906250734573,5.112452369316494e-05,1.734723475976807e-18,6.938893903907228e-18,9.36463782549031e-17,1.0445228439445395,1.0813352258254613e-16,1.0370797976150172,6.252206507112446e-05,-0.00012633440152078068
irregular,0.1,0.0,0.4,2.9446540880503145,0.014696730789388579,0.015764258653812382,0.054220092920093735,0.008687438656173507,0.009631353772285512,0.08874972704455913,4.630243644243013e-05,5.5896581203412364e-05,0.0002512184524107305,0.0002953723694748809,0.00041030995135200377,0.00040817462286621653,2.1868759246630257e-06,0.008642227626877406,4.630243644243012e-05,2.6020852139652106e-18,6.938893903907228e-18,9.364637965034283e-17,1.0422881680634755,1.3243597786629656e-16,1.0352139938545712,5.556944252720769e-05,-0.0001122247807991382
irregular,0.1,0.0,0.4,2.9943396226415095,0.014002448059988267,0.01501396257762441,0.051598191296468435,0.00827660735263689,0.009173253690951786,0.08444236473252616,4.201037622646777e-05,5.071098594675489e-05,0.00022776402331628598,0.0002631941271689762,0.0003655942466420928,0.0003637822590414602,1.8556820679397262e-06,0.008235586165799221,4.201037622646777e-05,2.6020852139652106e-18,6.938893903907228e-18,9.36463782549031e-17,1.0402035046128253,1.709741113890493e-16,1.0334730636265563,4.949005891868863e-05,-9.989676889436e-05
irregular,0.1,0.0,0.4,3.0440251572327046,0.013352269601183542,0.014311763060455389,0.049143635509315636,0.007892027170957293,0.008744597300866092,0.08041218583307037,3.818223161559429e-05,4.60859803378088e-05,0.00020684946268349126,0.00023498634764599347,0.0003264116155235318,0.0003248695536963811,1.5792043838627644e-06,0.007854742977440925,3.818223161559429e-05,3.469446951953614e-18,6.938893903907228e-18,1.3243597720847995e-16,1.0382563196976358,1.0813352258254613e-16,1.0318466303563127,4.416216670477535e-05,-8.910039603129971e-05
irregular,0.1,0.0,0.4,3.0937106918238992,0.012742727049984776,0.013653833314391114,0.04684328521781522,0.0075316151538689065,0.0083430316840921,0.07663717581233455,3.476107685729158e-05,4.195279562786568e-05,0.00018817333860027542,0.00021020411925864568,0.0002919990809162072,0.0002906830609880772,1.3476793870399413e-06,0.007497670678419199,3.476107685729158e-05,3.469446951953614e-18,6.938893903907228e-18,9.364637965034283e-17,1.0364353306613212,1.081335254023474e-16,1.0303253458324404,3.948261642887363e-05,-7.962415920220386e-05
irregular,0.1,0.0,0.4,3.1433962264150948,0.012170674811158856,0.013036708004016049,0.04468521771575564,0.007193484493845295,0.00796642746159404,0.07309739041222843,3.169776959954777e-05,3.825206001429147e-05,0.0001714618970358453,0.0001883845920928686,0.0002617093013283268,0.0002605831481882785,1.153210400698242e-06,0.007162530434858796,3.169776959954777e-05,1.734723475976807e-18,6.938893903907228e-18,9.364637965034283e-17,1.034730360959066,1.0813352338820364e-16,1.0289007719838683,3.536377563383847e-05,-7.128859588912545e-05
irregular,0.1,0.0,0.4,3.1930817610062894,0.011633255530385527,0.012457243866054665,0.04265859845172999,0.006875923237127427,0.007612854260645066,0.06977473155272931,2.8949781325025922e-05,3.493238783087745e-05,0.00015647367487126889,0.00016913355960717377,0.00023499151400199102,0.00023402530982653437,9.893875642562431e-07,0.006847651808816293,2.8949781325025922e-05,1.5178830414797062e-18,3.469446951953614e-18,1.1469292206177528e-16,1.0331322141899515,1.3243597687957164e-16,1.027565278104395,3.173099676052893e-05,-6.39410136456589e-05
irregular,0.1,0.0,0.4,3.2427672955974844,0.011127869725408584,0.01191258517717796,0.04075356724555314,0.006577375598897343,0.007280559229002511,0.06665275057278852,2.648021886674452e-05,3.1949198988307245e-05,0.00014302173932020083,0.00015211440243000134,0.0002113758638222441,0.00021054478762925477,8.509897379280815e-07,0.006551515029134329,2.6480218866744515e-05,3.469446951953614e-18,1.3877787807814457e-17,1.1469292775863398e-16,1.031632564454692,1.0813352379103239e-16,1.0263119512664884,2.8520529545574685e-05,-5.7451153239157504e-05
irregular,0.1,0.0,0.4,3.2924528301886795,0.010652149020238305,0.011400133405953755,0.03896113737059046,0.006296425533625815,0.006967948174268639,0.06371647503984651,2.4257003355793736e-05,2.9263728170112638e-05,0.00013091443377477057,0.000137038949761918,0.0001904604740626628,0.00018974387049449683,7.337497019239163e-07,0.006272735363650688,2.4257003355793733e-05,2.6020852139652106e-18,3.469446951953614e-18,1.6220028427664795e-16,1.030223860669145,1.7097411113427802e-16,1.025134518030831,2.5677794553157635e-05,-5.1707608505150576e-05
irregular,0.1,0.0,0.4,3.342138364779874,0.010203932508550199,0.010917520484849166,0.037273107055686684,0.006031782257918164,0.006673568971054583,0.060952256186228966,2.2252179289927712e-05,2.6842190902976032e-05,0.00012000000445048671,0.0001236599027472683,0.00017190074536172458,0.00017128137473123927,6.341684832604584e-07,0.006010049316783002,2.2252179289927712e-05,1.3010426069826053e-18,3.469446951953614e-18,9.364637965034283e-17,1.0288992428441766,1.8729275441664658e-16,1.0240272758583848,2.3155951082810128e-05,-4.661486168664776e-05
irregular,0.1,0.0,0.4,3.3918238993710697,0.009781245840645665,0.010462585221798822,0.035681980547207746,0.005782267467807927,0.006396096932112344,0.058347634075673165,2.0441331483297974e-05,2.465507971208296e-05,0.00011015003637185222,0.00011176453428962919,0.0001554004717203365,0.0001548639039363034,5.493679724747367e-07,0.0057623024161736446,2.0441331483297974e-05,1.734723475976807e-18,3.469446951953614e-18,1.1469292206177528e-16,1.0276524686560393,1.3243597786629656e-16,1.0229850328800072,2.0914705806705097e-05,-4.209082106013638e-05
irregular,0.1,0.0,0.4,3.4415094339622643,0.009382282685947048,0.010033352440951077,0.03418089832939806,0.00554680402992529,0.006134321884421524,0.05589121838401926,1.8803091734602017e-05,2.2676568498031786e-05,0.00010124329988544992,0.00010116943527738231,0.0001407044430897673,0.00014023856620883537,4.769735034101462e-07,0.005528438385572798,1.8803091734602017e-05,1.734723475976807e-18,3.469446951953614e-18,9.364637965034283e-17,1.0264778488909228,2.1626704435943477e-16,1.0220030548845729,1.8919318877288344e-05,-3.806476979333062e-05
irregular,0.1,0.0,0.4,3.4911949685534593,0.009005388271694281,0.009628014501168711,0.032763574989528685,0.0053244059575015285,0.005887136728796296,0.0535725824270192,1.7318720310673168e-05,2.0884007164491912e-05,9.317874515324196e-05,9.171612126868314e-05,0.00012759226809161252,0.00012718688851759015,4.150199707762293e-07,0.005307489529482361,1.7318720310673168e-05,8.673617379884035e-19,3.469446951953614e-18,1.146929209224035e-16,1.0253701905628883,1.872927541840733e-16,1.021077018558062,1.7139772509059542e-05,-3.4475652538661083e-05
irregular,0.1,0.0,0.4,3.5408805031446544,0.008649044739854774,0.009244914890620475,0.03142424425027363,0.0051141695088208015,0.005653527293250861,0.051382169339432654,1.5971750014923635e-05,1.9257491761633346e-05,8.58668811348571e-05,8.32673488301285e-05,0.00011587320126565233,0.00011551971747655732,3.6187650817046463e-07,0.005098568179123285,1.5971750014923635e-05,8.673617379884035e-19,3.469446951953614e-18,1.480679245143022e-16,1.0243247466840373,1.0813352580517614e-16,1.0202029701492912,1.5550073630347938e-05,-3.127064024122973e-05
irregular,0.1,0.0,0.4,3.590566037735849,0.008311858099376032,0.008882533637868516,0.030157609294231797,0.004915265268283801,0.005432563317079372,0.049311208340893836,1.4747682734834872e-05,1.777949796609627e-05,7.922172978470942e-05,7.570401883896623e-05,0.00010538179981352261,0.00010507293527709328,3.161858546483596e-07,0.004900859069763733,1.4747682734834872e-05,8.673617379884035e-19,3.469446951953614e-18,1.1469292206177528e-16,1.0233371718159987,1.7097411011519292e-16,1.0193772888580508,1.4127667480729605e-05,-2.8403924802083633e-05
irregular,0.1,0.0,0.4,3.640251572327044,0.007992546580866249,0.008539474315559513,0.02895879910203059,0.004726931089391576,0.005223390425217586,0.047351640309390756,1.363373011536728e-05,1.6434567817816226e-05,7.31659606665868e-05,6.892256662690839e-05,9.59742672890332e-05,9.57038511786896e-05,2.7681538687445136e-07,0.004713612536875764,1.3633730115367278e-05,1.3010426069826053e-18,3.469446951953614e-18,9.364638383666187e-17,1.0224034826578803,1.709741103699642e-16,1.018596654342341,1.2852943270601214e-05,-2.5835704183079997e-05
irregular,0.1,0.0,0.4,3.689937106918239,0.007689930226348379,0.00821445244315361,0.02782332901802756,0.004548465795253848,0.005025222971668856,0.045496051042594424,1.2618591437142066e-05,1.5209041377106946e-05,6.767468999152883e-05,6.283275701685217e-05,8.752536778109829e-05,8.728815441709456e-05,2.428174479332626e-07,0.004536138433487753,1.2618591437142066e-05,1.734723475976807e-18,3.469446951953614e-18,9.364638383666187e-17,1.021520023031919,1.709741113890493e-16,1.017858017826529,1.1708816437999703e-05,-2.3531325733145564e-05
irregular,0.1,0.0,0.4,3.7396226415094342,0.007402921568648726,0.007906285121027397,0.026747065318294686,0.004379223546121674,0.0048373376470942295,0.043737611835748376,1.1692262931964708e-05,1.409082633165045e-05,6.264627762092538e-05,5.735581698545089e-05,7.992581516763677e-05,7.971733492725502e-05,2.133971093618287e-07,0.004367800683862891,1.1692262931964708e-05,8.673617379884035e-19,3.469446951953614e-18,9.364637965034283e-17,1.0206834327176113,1.709741103699642e-16,1.0171585763642483,1.068037480110931e-05,-2.1460561318938434e-05
irregular,0.1,0.0,0.4,3.7893081761006293,0.007130517273748669,0.0076138817503511695,0.025726193915480623,0.004218608795337217,0.00465906775963205,0.04207002616314431,1.0845873732218787e-05,1.3069199772533985e-05,5.8069162082557874e-05,5.242285057997653e-05,7.308005902515465e-05,7.289649490149607e-05,1.8788589579721032e-07,0.004208012399591178,1.0845873732218788e-05,8.673617379884035e-19,3.469446951953614e-18,9.364638383666187e-17,1.0198906196609356,1.7097411087950674e-16,1.0164957498708969,9.754578145308376e-06,-1.9596992538378072e-05
irregular,0.1,0.0,0.4,3.838993710691824,0.0068717906355894665,0.007336235712108158,0.024757191599822287,0.004066071765267749,0.0044897981098943225,0.04048748184058368,1.0071544437616893e-05,1.2134637279409798e-05,5.390280831263534e-05,4.7973490386476695e-05,6.690440257175993e-05,6.674248769758692e-05,1.657203075778272e-07,0.0040562314935824045,1.0071544437616893e-05,8.673617379884035e-19,3.469446951953614e-18,9.364637685946336e-17,1.0191387351496364,1.7097411062473548e-16,1.01586716059254,8.920002606743749e-06,-1.7917488107749638e-05
irregular,0.1,0.0,0.4,3.888679245283019,0.006625884826736046,0.007072416894849076,0.023836800676018923,0.003921104383552586,0.004328960391346132,0.03898460801190829,9.362264927744642e-06,1.1278665258198523e-05,5.004599437037989e-05,4.395474772596153e-05,6.13253992425758e-05,6.118233159912118e-05,1.464242158196565e-07,0.0039119567355825275,9.362264927744642e-06,1.3010426069826053e-18,3.469446951953614e-18,1.3243597918192974e-16,1.018425151600325,1.7097411164382056e-16,1.0152706147222803,8.16662269959717e-06,-1.640175861580568e-05
irregular,0.1,0.0,0.4,3.938364779874214,0.006392006820301251,0.006821564974755458,0.022962005965619765,0.003783236627514352,0.004176029056006543,0.03755643646868992,8.711788593668487e-06,1.0493733105735571e-05,4.6536537939229704e-05,4.032003019594806e-05,5.6278483651360646e-05,5.615185490203255e-05,1.295943923721758e-07,0.003774724199824897,8.711788593668487e-06,8.673617379884035e-19,3.469446951953614e-18,1.146929209224035e-16,1.0177474426499338,1.709741103699642e-16,1.0147040859129886,7.485625050854608e-06,-1.5031976371569951e-05
irregular,0.1,0.0,0.4,3.9880503144654087,0.006169421908949893,0.00658288336366172,0.022130013858871568,0.003652033231086135,0.004030517593005575,0.03619836683037776,8.114540603775154e-06,9.77310233646519e-06,4.332428078470518e-05,3.702830045379972e-05,5.1706800182807624e-05,5.159453614750496e-05,1.148885848034566e-07,0.00364410406149661,8.114540603775154e-06,7.047314121155779e-19,1.734723475976807e-18,2.0939966762462143e-16,1.017103365284028,2.4179390624032927e-16,1.0141657004677278,6.8692489021138226e-06,-1.3792450146868016e-05
irregular,0.1,0.0,0.4,4.037735849056604,0.0059574487557689775,0.006355633751054489,0.021338233670236927,0.003527090714220164,0.003891975174014186,0.0349061351761792,7.56553819023997e-06,9.110750225668602e-06,4.036282071709657e-05,3.404335447546533e-05,4.7560198605616116e-05,4.7460509353159764e-05,1.0201566334415698e-07,0.0035196977039520187,7.565538190239969e-06,5.421010862427522e-19,3.469446951953614e-18,2.477650248798005e-16,1.0164908437688434,1.8729275488179317e-16,1.0136537240170327,6.310649257981402e-06,-1.2669346316749458e-05
irregular,0.1,0.0,0.4,4.087421383647799,0.005755454919636645,0.006139131175118441,0.0205842605659627,0.0034080346996081725,0.0037599836252350687,0.03367578556123252,7.060321254550681e-06,8.501285928344732e-06,3.761451902077898e-05,3.133320109754411e-05,4.379437115212559e-05,4.3705709059720934e-05,9.072745929217887e-08,0.0034011351031644804,7.060321254550681e-06,8.673617379884035e-19,1.734723475976807e-18,1.6220028669362047e-16,1.0159079551833543,2.53595588212598e-16,1.013166549516186,5.803779236092724e-06,-1.1650449302596198e-05
irregular,0.1,0.0,0.4,4.1371069182389935,0.005562852804501333,0.005932739565684146,0.01986586027878792,0.0032945174857593024,0.0036341546904924277,0.03250364433747773,6.594891848151802e-06,7.939877318544394e-06,3.510868384610987e-05,2.8869527602215285e-05,4.037010968009129e-05,4.029113410838727e-05,8.081198791296368e-08,0.0032880724598728594,6.594891848151802e-06,4.336808689942018e-19,1.734723475976807e-18,1.3243597819520487e-16,1.0153529163731472,1.0813352217971738e-16,1.0127026864163018,5.34328873156957e-06,-1.0724955378701648e-05
irregular,0.1,0.0,0.4,4.186792452830189,0.00537909598790599,0.0057358677087366635,0.019180955192976367,0.003186215849156555,0.003514127554224017,0.03138629697994238,6.165661299077806e-06,7.422187069305699e-06,3.282312768296007e-05,2.6627238548581104e-05,3.725266498021539e-05,3.718221245491897e-05,7.208780749013824e-08,0.0031801900533421678,6.1656612990778055e-06,4.87890977618477e-19,1.734723475976807e-18,3.959967838509104e-20,1.014824072169774,1.7097411062473548e-16,1.0122607508809072,4.924436971514429e-06,-9.88329485996503e-06
irregular,0.1,0.0,0.4,4.2364779874213845,0.005203675889274854,0.005547965588062122,0.018527611615883725,0.003082829051397303,0.003399566596843306,0.030320566898169726,5.769403942232518e-06,6.944316716659582e-06,3.0700256752520016e-05,2.4584057082829885e-05,3.4411193150951016e-05,3.434825213856352e-05,6.43993131348091e-08,0.003077190293663406,5.769403942232518e-06,4.336808689942018e-19,3.469446951953614e-18,1.3243597918192974e-16,1.014319884738277,1.709741113890493e-16,1.0118394569352054,4.543016918812787e-06,-9.11697848102102e-06
irregular,0.1,0.0,0.4,4.286163522012579,0.005036118742976951,0.005368521064740304,0.017904028153112064,0.002984077030024864,0.0032901593581658446,0.029303496342596755,5.403216560515426e-06,6.50275762608186e-06,2.8712700944828915e-05,2.2720179646636538e-05,3.1818276337028664e-05,3.1761965862182954e-05,5.7612801513323176e-08,0.0029787959521702053,5.403216560515426e-06,8.673617379884035e-19,8.673617379884035e-19,1.3243597720847995e-16,1.0138389239320256,1.7097411113427802e-16,1.0114376084486256,4.195289803802724e-06,-8.418464436864455e-06
irregular,0.1,0.0,0.4,4.335849056603774,0.004875982845146889,0.0051970568597133945,0.017308525632750652,0.0028896987541751147,0.0031856146873822395,0.028332328939606077,5.0644827720744315e-06,6.094347930485578e-06,2.6863360635695186e-05,2.1017976410729067e-05,2.9449507105728966e-05,2.939905858801498e-05,5.1613172884390444e-08,0.002884748551841857,5.0644827720744315e-06,4.336808689942018e-19,1.734723475976807e-18,9.36463782549031e-17,1.0133798585483171,1.0813352258254613e-16,1.0110540918629898,3.877928329147282e-06,-7.78104310388255e-06
irregular,0.1,0.0,0.4,4.385534591194968,0.004722856046721719,0.005033127808607777,0.016739537217025004,0.00279945072831607,0.003085661060524939,0.02740449384111806,4.750841714858116e-06,5.716234674359788e-06,2.5211633640790377e-05,1.946173093608822e-05,2.7283127386136185e-05,2.7237869180877137e-05,4.630116129095496e-08,0.0027948069016065593,4.750841714858116e-06,6.505213034913027e-19,1.734723475976807e-18,1.1469292661926225e-16,1.0129414483906534,1.529238936137282e-16,1.0106878695887793,3.587967315825738e-06,-7.198736919115933e-06
irregular,0.1,0.0,0.4,4.435220125786164,0.004576353468176924,0.004876318361403351,0.016195599775575248,0.0027131056292088044,0.0029900450485078004,0.026517591465806692,4.46016046479269e-06,5.3658404630505216e-06,2.3645060366573138e-05,1.8037413549932065e-05,2.5299714277573e-05,2.5259058492371665e-05,4.159100337876961e-08,0.002708745760220583,4.460160464792689e-06,4.336808689942018e-19,8.673617379884035e-19,1.6220029233322287e-16,1.0125225370544422,1.0813352379103239e-16,1.0103379740009097,3.3227607444336407e-06,-6.666213278855304e-06
irregular,0.1,0.0,0.4,4.484905660377359,0.004436115414148696,0.004726240302630252,0.015675346087883412,0.0026304510628717332,0.002898529920709482,0.025669380118328478,4.190509706773515e-06,5.040834045667409e-06,2.2214527458981644e-05,1.6732483750106618e-05,2.3481906191555372e-05,2.3445337422196195e-05,3.740847234079722e-08,0.002626354616976581,4.190509706773515e-06,8.673617379884035e-19,1.734723475976807e-18,2.477650264620805e-16,1.012122045362398,2.5359558786906446e-16,1.0100035019731708,3.079944303235882e-06,-6.178708640150812e-06
irregular,0.1,0.0,0.4,4.534591194968554,0.004301805468475557,0.0045825306703900625,0.015177497605299016,0.002551288429771936,0.00281089437071719,0.02485776394554743,3.94014224212522e-06,4.739104331452041e-06,2.086074962946319e-05,1.5535717646274295e-05,2.181416376450647e-05,2.1781229452891366e-05,3.368921644537562e-08,0.0025474365778708863,3.940142242125219e-06,6.505213034913027e-19,1.734723475976807e-18,1.1469292661926225e-16,1.0117389653841795,1.3243597655066336e-16,1.009683609897337,2.8574026855283582e-06,-5.731962278543445e-06
irregular,0.1,0.0,0.4,4.584276729559749,0.004173108752277059,0.004444849854865776,0.014700857653823327,0.002475431887737139,0.002726931352312618,0.024080782325862665,3.707473976161653e-06,4.45873739896343e-06,1.9599638118362943e-05,1.4437057031924018e-05,2.0282560797577856e-05,2.0252862963109414e-05,3.0377352210517156e-08,0.002471807347070228,3.707473976161653e-06,4.336808689942018e-19,1.734723475976807e-18,1.4806792539685577e-16,1.0113723549821299,1.7097411062473548e-16,1.0093775091388937,2.65324099009423e-06,-5.322158383478954e-06
irregular,0.1,0.0,0.4,4.633962264150943,0.004049730329544615,0.004312879859078489,0.014244305383811042,0.002402707403208087,0.002646447015055689,0.023336599330963766,3.491067075495853e-06,4.197996134353264e-06,1.845020455249102e-05,1.3427477175733485e-05,1.8874601170989016e-05,1.884778930716853e-05,2.7424270896729156e-08,0.0023992942946018873,3.491067075495853e-06,4.336808689942018e-19,1.734723475976807e-18,1.146929209224035e-16,1.0110213328313358,1.0813352419386114e-16,1.0090844618866204,2.4657596725454617e-06,-4.9458753648783625e-06
irregular,0.1,0.0,0.4,4.683647798742139,0.003931393746316049,0.004186322706422776,0.013806790516118599,0.0023329518824397205,0.002569259729952167,0.02262349490862329,3.289615025840039e-06,3.955302160747997e-06,1.737172379932318e-05,1.2498870838777123e-05,1.757905826437379e-05,1.755482322581593e-05,2.4787624057692383e-08,0.002329735602137655,3.289615025840039e-06,4.336808689942018e-19,1.734723475976807e-18,1.1469292206177528e-16,1.010685073867889,1.709741103699642e-16,1.0088037773578677,2.2934325742433523e-06,-4.60004140666239e-06
irregular,0.1,0.0,0.4,4.733333333333333,0.00381783969098038,0.004064898981188403,0.01338732780889912,0.0022660123751394342,0.002495199196706653,0.021939856195466307,3.101929357692146e-06,3.729219791814991e-06,1.635595011380828e-05,1.1643946378797301e-05,1.6385833909321472e-05,1.6363902642160634e-05,2.243045969705447e-08,0.0022629794795868507,3.101929357692146e-06,4.336808689942018e-19,8.673617379884035e-19,1.146929209224035e-16,1.0103628051241595,1.7097411113427802e-16,1.0085348083254635,2.1348876230861333e-06,-4.281895440718612e-06
irregular,0.1,0.0,0.4,4.783018867924529,0.003708824764525876,0.003948346489676087,0.012984992666513404,0.002201745343807292,0.0024241056249296755,0.021284169993141176,2.9269278444523796e-06,3.5184417602009877e-06,1.5415284529485704e-05,1.0856138103594664e-05,1.5285834320016767e-05,1.526596531176064e-05,2.0320485392546287e-08,0.0021988834459548004,2.926927844452379e-06,4.336808689942018e-19,1.734723475976807e-18,1.6220028427664795e-16,1.010053801914285,1.872927539515e-16,1.0082769479357752,1.9888898572569674e-06,-3.988952831389218e-06
irregular,0.1,0.0,0.4,4.8327044025157235,0.0036041203506663923,0.003836419030779468,0.012598916886730411,0.0021400159927317136,0.0023558289824624026,0.020655015352854026,2.763623983923678e-06,3.3217764988818314e-06,1.4589290462454084e-05,1.0129527291477758e-05,1.4270860804661223e-05,1.4252840148922678e-05,1.8429438529874804e-08,0.002137313668603697,2.7636239839236784e-06,4.336808689942018e-19,8.673617379884035e-19,9.364638802298074e-17,1.0097573843369392,2.5359558769729774e-16,1.0080296267906592,1.8543264718754934e-06,-3.7189751599113648e-06
irregular,0.1,0.0,0.4,4.882389937106918,0.0035035115768241266,0.00372888526607096,0.01222828438659202,0.0020806976512080604,0.0022902283046804645,0.020051057553265594,2.6111176235083277e-06,3.138136809562173e-06,1.3740186487444049e-05,9.458772515098946e-06,1.3333513364192801e-05,1.3317151351762086e-05,1.6732547234007645e-08,0.0020781443556209386,2.611117623508328e-06,2.710505431213761e-19,8.673617379884035e-19,9.364638383666187e-17,1.009472914065861,1.7097411266290566e-16,1.0077923102688229,1.7301936296870712e-06,-3.4699435826220613e-06
irregular,0.1,0.0,0.4,4.932075471698114,0.0034067963578179004,0.003625527680388959,0.011872327720055814,0.0020236712060945792,0.002227171059253522,0.019471041530553766,2.468586590342845e-06,2.9665297375358043e-06,1.303228910417746e-05,8.839048090927275e-06,1.2467105544014584e-05,1.245223370526359e-05,1.520806812571952e-08,0.0020212571965431384,2.468586590342845e-06,4.336808689942018e-19,8.673617379884035e-19,1.1469292547989053e-16,1.0091997914016666,1.0813352217971738e-16,1.0075644960646561,1.6155848122948943e-06,-3.240035308893236e-06
irregular,0.1,0.0,0.4,4.981761006289308,0.0033137845149205027,0.00352614162484511,0.011530324977700013,0.00196882457929866,0.0021665325613925463,0.018913786626264542,2.3352792062149575e-06,2.8060475285123935e-06,1.2313298636799924e-05,8.265989635965916e-06,1.1665589125874487e-05,1.1652057660845269e-05,1.3836889279189302e-08,0.0019665408471479743,2.3352792062149575e-06,4.336808689942018e-19,8.673617379884035e-19,1.6220028427664795e-16,1.008937452561158,2.53595588212598e-16,1.0073457119247946,1.5096805187735096e-06,-3.0276028063595806e-06
irregular,0.1,0.0,0.4,5.031446540880504,0.003224296963669218,0.0034305344349635754,0.011201596382047388,0.0019160522462284202,0.0021081954350977454,0.018378181663369995,2.2105075908404804e-06,2.655859525960455e-06,1.1581149199548762e-05,7.735645849588485e-06,1.0923487436674081e-05,1.0911162978676576e-05,1.2602188664087234e-08,0.0019138904544410843,2.2105075908404804e-06,4.336808689942018e-19,8.673617379884035e-19,9.364638104578253e-17,1.0086853671827232,1.8729275488179317e-16,1.007135513564658,1.4117391441848676e-06,-2.8311553935955747e-06
irregular,0.1,0.0,0.4,5.081132075471698,0.0031381649644459473,0.003338524617361678,0.010885501474782974,0.0018652547916251318,0.0020520491163797338,0.017863179768643128,2.0936416614011103e-06,2.5152049199722962e-06,1.1000103948581645e-05,7.2444357553248226e-06,1.0235836213478847e-05,1.0224599880071726e-05,1.1489139838716691e-08,0.0018632072183452533,2.09364166140111e-06,4.336808689942018e-19,8.673617379884035e-19,9.364638104578253e-17,1.008443036028571,1.7097411164382056e-16,1.0069334827489695,1.3210888929098344e-06,-2.6493429258374335e-06
irregular,0.1,0.0,0.4,5.130817610062893,0.003055229430414095,0.003249941099030045,0.01058143657819622,0.001816338499534509,0.001997989394788416,0.01736779443261588,1.9841037493304116e-06,2.3833862382187477e-06,1.045654894575938e-05,6.789110737885902e-06,9.5981311035643e-06,9.587876795549544e-06,1.0484657961072387e-08,0.0018143979869250939,1.984103749330411e-06,4.336808689942018e-19,8.673617379884035e-19,1.480679236317486e-16,1.0082099888664253,1.5292389532278588e-16,1.006739225521835,1.2371206005836258e-06,-2.480941317857012e-06
irregular,0.1,0.0,0.4,5.180503144654088,0.0029753402879325102,0.003164622533845434,0.010288832282193738,0.0017692149744960516,0.001945917989964598,0.01689109542320245,1.8813637662695182e-06,2.259763501682994e-06,9.80911239371097e-06,6.366720797231012e-06,9.00628099845023e-06,8.996913913234824e-06,9.57718026558775e-09,0.0017673748822944729,1.881363766269518e-06,2.981555974335137e-19,8.673617379884035e-19,9.364638523210152e-17,1.007985782515006,1.3243597753738826e-16,1.0065523705733455,1.159281355045741e-06,-2.324839681736631e-06
irregular,0.1,0.0,0.4,5.230188679245283,0.0028983558849859973,0.0030824166614213666,0.010007151394207645,0.0017238007912906072,0.0018957421602150979,0.01643220488181059,1.7849348587411086e-06,2.1437489720879255e-06,9.313570918021479e-06,5.974584515826884e-06,8.45656650419628e-06,8.448001834711083e-06,8.756476046922572e-09,0.0017220549546051863,1.7849348587411082e-06,3.2526065174565133e-19,8.673617379884035e-19,9.364638104578253e-17,1.007769999039131,1.7097411062473548e-16,1.0063725677309447,1.0870688206543466e-06,-2.1800288858659853e-06
irregular,0.1,0.0,0.4,5.279874213836479,0.002824142443637575,0.0030031797139157016,0.009735886226091518,0.0016800171708478053,0.0018473743404163298,0.015990294238316438,1.694369496754684e-06,2.0348024223936294e-06,8.872676000826597e-06,5.6102622997977145e-06,7.945602939524086e-06,7.937764734001715e-06,8.013481937961438e-09,0.0016783598617717737,1.694369496754684e-06,4.336808689942018e-19,4.336808689942018e-19,9.36463782549031e-17,1.00756224408163,1.3243597753738826e-16,1.006199486564901,1.02002618265545e-06,-2.045591366357357e-06
irregular,0.1,0.0,0.4,5.329559748427673,0.0027525735528303123,0.0029267758667703343,0.009474557703340075,0.0016377896801297142,0.0018007318067849744,0.01556458065854342,1.6092559501190988e-06,1.932426878137751e-06,8.408695236852925e-06,5.271532509994878e-06,7.4703073303685385e-06,7.463127491766738e-06,7.340158914459498e-09,0.001636215572794234,1.6092559501190988e-06,3.2526065174565133e-19,8.673617379884035e-19,1.6220028427664795e-16,1.0073621453204782,1.0813352419386114e-16,1.006032815098242,9.577376388317412e-07,-1.920692043510478e-06
irregular,0.1,0.0,0.4,5.379245283018868,0.0026835296982361014,0.0028530767297645526,0.009222712576422584,0.0015970479540126066,0.001755736366295543,0.015154324256065211,1.5292151123315559e-06,1.8361647769909297e-06,8.009106731400786e-06,4.956370147304524e-06,7.027868936185226e-06,7.021286343004544e-06,6.72936799280049e-09,0.0015955520927398987,1.5292151123315559e-06,2.168404344971009e-19,8.673617379884035e-19,1.6220029233322287e-16,1.0071693510406226,1.8729275488179317e-16,1.0058722586123983,8.99824374661802e-07,-1.8045702144158307e-06
irregular,0.1,0.0,0.4,5.428930817610063,0.002616897826117509,0.0027819608750643105,0.008979922264057437,0.0015577254373652786,0.0017123140687132401,0.014758825513149805,1.4538976307374252e-06,1.7455945011223674e-06,7.588506156264597e-06,4.662927798056838e-06,6.615722901114147e-06,6.609682633906311e-06,6.174762009288338e-09,0.0015563032076227749,1.4538976307374252e-06,3.2526065174565133e-19,4.336808689942018e-19,1.1469292206177528e-16,1.0069835288109785,1.7097411266290566e-16,1.0057175385406238,8.459409663627397e-07,-1.696532308947821e-06
irregular,0.1,0.0,0.4,5.478616352201258,0.002552570938473232,0.0027133133992768028,0.008745781368440954,0.0015197591456869541,0.0016703949394132104,0.014377422480812408,1.3829813144546364e-06,1.6603272442402064e-06,7.143182815269534e-06,4.3895185817499406e-06,6.231526673257186e-06,6.225979333259706e-06,5.670691289536439e-09,0.001518406247571058,1.3829813144546364e-06,3.2526065174565133e-19,8.673617379884035e-19,1.4806792539685577e-16,1.0068043642579318,1.0813352217971738e-16,1.0055683914419875,7.957721628072678e-07,-1.595945410230639e-06
irregular,0.1,0.0,0.4,5.528301886792454,0.002490447716955372,0.0026470255167740067,0.008519906084373939,0.0014830894428133935,0.001629912731296811,0.014009488780829618,1.3161687905885474e-06,1.5800041761187005e-06,6.9360898910140305e-06,4.134600874633435e-06,5.873138878893987e-06,5.868039987080689e-06,5.212121313822265e-09,0.0014818018668213589,1.3161687905885474e-06,4.336808689942018e-19,8.673617379884035e-19,6.621800192502488e-17,1.0066315599274647,2.2938584146501644e-16,1.0054245680493612,7.490300034788434e-07,-1.5022314528369447e-06
irregular,0.1,0.0,0.4,5.577987421383648,0.002430432173273729,0.002582994181776655,0.008301932598399868,0.001447659834332746,0.0015908046942919698,0.013654430944408212,1.2531853815743946e-06,1.504293879431399e-06,6.502146373618258e-06,3.896764610089392e-06,5.5386003763730395e-06,5.533909842789321e-06,4.794560753460652e-09,0.0014464338392059437,1.2531853815743946e-06,3.2526065174565133e-19,4.336808689942018e-19,1.6220028427664795e-16,1.006464834228754,1.7097411215336312e-16,1.005285832385455,7.054512346752091e-07,-1.4148620224509623e-06
irregular,0.1,0.0,0.4,5.627672955974843,0.002372433324017668,0.0025211217369558417,0.008091516491596326,0.0014134167754705229,0.0015530113610399416,0.01331168671123394,1.1937771808618005e-06,1.4328900241669632e-06,6.156649318399953e-06,3.674718980703685e-06,5.226117247435097e-06,5.221798902048775e-06,4.413998491293848e-09,0.0014122488679165354,1.1937771808618005e-06,2.168404344971009e-19,8.673617379884035e-19,1.4806792627940936e-16,1.0063039204527124,1.7097411240813438e-16,1.0051519609414543,6.647949908275552e-07,-1.3333536899395957e-06
irregular,0.1,0.0,0.4,5.6773584905660375,0.0023163648879746097,0.0024613155864324746,0.007888330943762126,0.0013803094923116994,0.0015164763474951215,0.012980723191940938,1.1377093089821063e-06,1.365509257869859e-06,5.9764155237611605e-06,3.467281387560418e-06,4.93404551253877e-06,4.930066689982805e-06,4.066848443645357e-09,0.0013791964084278428,1.1377093089821066e-06,2.168404344971009e-19,4.336808689942018e-19,9.364638244122221e-17,1.006148565859522,1.0813352217971738e-16,1.0050227419133033,6.268407116180423e-07,-1.2572638207323551e-06
irregular,0.1,0.0,0.4,5.727044025157233,0.002262145004231625,0.002403487891338836,0.007692066078734317,0.0013482898153271757,0.001481146167286456,0.012661034693617373,1.084764328740435e-06,1.3018892932820122e-06,5.72728773124927e-06,3.2733675006885956e-06,4.6608773819268986e-06,4.6572085535339874e-06,3.749901146676341e-09,0.001347228503571684,1.084764328740435e-06,1.0842021724855044e-19,4.336808689942018e-19,2.2862884975454922e-20,1.0059985308297434,2.1626704456084915e-16,1.0048979744911135,5.913862691549893e-07,-1.1861868074371663e-06
irregular,0.1,0.0,0.4,5.7767295597484285,0.002209695969436748,0.002347555286137488,0.007502427723726527,0.0013173120242564243,0.0014469700587726095,0.012352141705386625,1.0347408062744758e-06,1.2417871670139992e-06,5.3318147119265075e-06,3.0919823102483943e-06,4.405228876163171e-06,4.401843323532613e-06,3.4602812357365847e-09,0.0013162996298237265,1.0347408062744755e-06,2.168404344971009e-19,8.673617379884035e-19,1.3243597819520487e-16,1.005853588074042,1.709741103699642e-16,1.0047774681975619,5.582462823689599e-07,-1.119750679678521e-06
irregular,0.1,0.0,0.4,5.826415094339623,0.0021589439927998076,0.002293438614177817,0.0073191367130303825,0.0012873327034844996,0.001413899823823187,0.01205358869672206,9.874520018881612e-07,1.1849776573568046e-06,5.0509930079323e-06,2.9222120622400666e-06,4.16582866915841e-06,4.16270219425184e-06,3.1954100503693885e-09,0.0012863665539585606,9.874520018881612e-07,2.168404344971009e-19,8.673617379884035e-19,1.480679236317486e-16,1.0057135218970006,1.872927537189267e-16,1.0046610422715119,5.272505985442523e-07,-1.057614050527277e-06
irregular,0.1,0.0,0.4,5.876100628930818,0.0021098189674661127,0.002241062680988949,0.007141927958586638,0.0012583106071150053,0.0013818896774367702,0.01176494324544705,9.427246790826312e-07,1.131251848638099e-06,4.829673078902934e-06,2.7632169844930014e-06,3.9415080235637625e-06,3.938618690960925e-06,2.9529727124649096e-09,0.0012573881992853373,9.427246790826313e-07,2.168404344971009e-19,4.336808689942018e-19,9.364638523210152e-17,1.005578127510883,1.3243597687957164e-16,1.0045485250933857,4.982429241012255e-07,-9.994633635398206e-07
irregular,0.1,0.0,0.4,5.925786163522012,0.002062254257061689,0.0021903560240008777,0.006970549333786718,0.0012302065330175446,0.0013508961073842257,0.011485794447907156,9.003980170393494e-07,1.0804158128055523e-06,4.676310850554341e-06,2.6142247195797173e-06,3.7311917032701112e-06,3.7285196107788224e-06,2.7308890992291363e-09,0.0012293255207563064,9.003980170393493e-07,2.168404344971009e-19,4.336808689942018e-19,1.751963310980954e-16,1.0054472103955576,1.8729275488179317e-16,1.0044397536491425,4.71079588889884e-07,-9.450104085800565e-07
irregular,0.1,0.0,0.4,5.975471698113208,0.002016186496277966,0.0021412506974729842,0.0068047610713740745,0.0012029832051822394,0.0013208777431266293,0.011215751642362487,8.60322623566309e-07,1.0322894198975933e-06,4.436338000413295e-06,2.474524390632538e-06,3.533889760756803e-06,3.5314168350344975e-06,2.52728824248867e-09,0.0012021413882855629,8.603226235663089e-07,1.0842021724855044e-19,4.336808689942018e-19,1.4806792539685577e-16,1.005320585701101,1.081335254023474e-16,1.0043345730299504,4.456284299595055e-07,-8.939900781519163e-07
irregular,0.1,0.0,0.4,6.025157232704403,0.0019715554044597255,0.002093682071490802,0.006644335470758856,0.0011766051637632443,0.001291795233323292,0.010954443188781936,8.223596301744964e-07,9.867052428757177e-07,4.26886823125797e-06,2.3434612343572064e-06,3.3486901084771903e-06,3.3463999227581552e-06,2.3404856990160376e-09,0.0011758004776753403,8.223596301744964e-07,1.6263032587282567e-19,4.336808689942018e-19,6.621799205777706e-17,1.0051980776899063,1.5292389446825703e-16,1.004232835964902,4.2176778238282517e-07,-8.461583391934126e-07
irregular,0.1,0.0,0.4,6.074842767295598,0.0019283036112624197,0.0020475886440219112,0.006489055757673243,0.0011510386622599503,0.0012636111313054077,0.01070151587364392,7.863798683244134e-07,9.435075644394346e-07,4.00455336570039e-06,2.220431742844862e-06,3.174751793611e-06,3.1726294049788235e-06,2.168963545082633e-09,0.0011502691686016138,7.863798683244133e-07,2.0328790734103208e-19,8.673617379884035e-19,6.621799205777706e-17,1.005079519215369,1.7097411164382056e-16,1.0041344023843306,3.9938556607157713e-07,-8.012903980471157e-07
irregular,0.1,0.0,0.4,6.124528301886793,0.0018863764934945765,0.0020029118650744184,0.006338715355706162,0.0011262515713074668,0.0012362897879294045,0.010456633065441536,7.522631143331767e-07,9.025514616588927e-07,3.91248236030638e-06,2.1048792622155177e-06,3.011298904342577e-06,3.009330708312906e-06,2.011352658393234e-09,0.0011255154491417588,7.522631143331767e-07,1.8973538018496328e-19,8.673617379884035e-19,9.364637965034283e-17,1.0049647512344682,1.5292389332888526e-16,1.0040391390114805,3.7837845876312337e-07,-7.591790387947734e-07
irregular,0.1,0.0,0.4,6.174213836477987,0.0018457220223477685,0.001959595972080788,0.006193117670557347,0.0011022132886097044,0.0012097972512825,0.010219474517459342,7.198974020085645e-07,8.637019799972771e-07,3.7215130446689415e-06,1.9962900017839323e-06,2.8576150437370737e-06,2.8557886441729266e-06,1.866417023987963e-09,0.001101508826378402,7.198974020085645e-07,1.6263032587282567e-19,4.336808689942018e-19,1.146929243405188e-16,1.0048536223517792,1.0813352217971738e-16,1.0039469189804884,3.586511464355978e-07,-7.196331173401748e-07
irregular,0.1,0.0,0.4,6.223899371069182,0.0018062906202742331,0.0019175878357161082,0.006052075772522591,0.0010788946545710017,0.001184101172749497,0.009989735287656168,6.891783888033236e-07,8.268333633093201e-07,3.7215130446689415e-06,1.8941894125057112e-06,2.71303831418029e-06,2.7113424068241894e-06,1.733039797914217e-09,0.001078220242650027,6.891783888033237e-07,1.0842021724855044e-19,4.336808689942018e-19,1.1469292775863398e-16,1.0047459883926493,1.5292389446825703e-16,1.0038576214787605,3.40115643318855e-07,-6.824761954889701e-07
irregular,0.1,0.0,0.4,6.273584905660378,0.001768035026841592,0.0018768368154161875,0.005915410928539022,0.0010562678732281895,0.001159170718989868,0.009767124403147262,6.600087803828139e-07,7.918283614867679e-07,3.4150945850063763e-06,1.7981388978866973e-06,2.576956761515916e-06,2.575381029601713e-06,1.610210943999745e-09,0.0010556219970448367,6.60008780382814e-07,1.3552527156068805e-19,4.336808689942018e-19,9.364638244122221e-17,1.0046417120034496,1.5292389446825703e-16,1.00377113141202,3.2269067457187106e-07,-6.475453010368511e-07
irregular,0.1,0.0,0.4,6.323270440251573,0.001730910172911219,0.0018372946238849777,0.005782953344809454,0.001034306438105799,0.0011349764894107712,0.009551364560812124,6.322977992601513e-07,7.585775882549723e-07,2.9575586669421963e-06,1.7077328244060913e-06,2.448804233417779e-06,2.4473392540311375e-06,1.4970162328725832e-09,0.001033687671774617,6.322977992601512e-07,1.0842021724855044e-19,4.336808689942018e-19,9.364638104578253e-17,1.0045406622769801,1.5292389332888526e-16,1.0036873390904042,3.0630111538094106e-07,-6.146898013231761e-07
irregular,0.1,0.0,0.4,6.3729559748427675,0.0016948730625937166,0.001798915200009219,0.0056545403476655,0.0010129850626563954,0.001111490438747223,0.009342191658352861,6.059606986463473e-07,7.269789332470738e-07,3.078324659199975e-06,1.6225958021248395e-06,2.3280566113765638e-06,2.3266937713776302e-06,1.3926274559455211e-09,0.0010123920630897335,6.059606986463472e-07,2.168404344971009e-19,0.0,9.364637965034283e-17,1.0044427144012626,1.709741113890493e-16,1.0036061399341463,2.9087748095965073e-07,-5.837703790873092e-07
irregular,0.1,0.0,0.4,6.422641509433962,0.0016598826624209518,0.0017616545895559495,0.005530017462440697,0.0009922796149651014,0.0010886858044019882,0.00913935335106876,5.80918316654838e-07,6.969370238730805e-07,2.9575586669421963e-06,1.5423802090978183e-06,2.2142283799279636e-06,2.2129598003902295e-06,1.2962937097144342e-09,0.0009917111164187606,5.809183166548379e-07,1.0842021724855044e-19,4.336808689942018e-19,1.6220028508230546e-16,1.0043477493300796,1.0813352258254613e-16,1.003527434197459,2.763554624396567e-07,-5.54658100608129e-07
irregular,0.1,0.0,0.4,6.472327044025157,0.001625899797253394,0.001725470833149146,0.005409237017157054,0.0009721670564299987,0.0010665370382159339,0.008942609154261861,5.570966661092595e-07,6.683627315331137e-07,2.831646840510158e-06,1.4667639360522193e-06,2.106869500562588e-06,2.1056879688073825e-06,1.2073336232981199e-09,0.0009716218654496227,5.570966661092595e-07,5.421010862427522e-20,0.0,1.6220028669362047e-16,1.004255653473761,1.709741113890493e-16,1.0034511267093742,2.626755042246104e-07,-5.272335671551494e-07
irregular,0.1,0.0,0.4,6.522012578616353,0.0015928870524589535,0.0016903238610110275,0.0052920575982716815,0.0009526253841434821,0.001045019742363777,0.0087517289459355,5.344265575623671e-07,6.411727142115484e-07,2.699869328381916e-06,1.3954483301853007e-06,2.0055625611085027e-06,2.0044614695168022e-06,1.1251284223051375e-09,0.0009521023748787195,5.344265575623671e-07,2.168404344971009e-19,2.168404344971009e-19,9.36463782549031e-17,1.004166318408818,1.0813352258254613e-16,1.0033771266303704,2.497824188169278e-07,-5.013861417579738e-07
irregular,0.1,0.0,0.4,6.571698113207548,0.0015608086819511844,0.001656175394026406,0.005178344657975204,0.0009336335767278683,0.0010241106091013398,0.008566493381784784,5.128432529928053e-07,6.152889985227196e-07,2.561320938754782e-06,1.328156319148643e-06,1.9099201743951216e-06,1.9088934652736848e-06,1.0491157340615629e-09,0.0009331316865849415,5.128432529928053e-07,1.6263032587282567e-19,2.168404344971009e-19,1.4806793069217716e-16,1.0040796406051484,7.64619488007647e-17,1.0033053472237077,2.3762503552912997e-07,-4.77013244061476e-07
irregular,0.1,0.0,0.4,6.6213836477987424,0.0015296305216747855,0.001622988850681926,0.005067969514217273,0.0009151715433935816,0.0010037873641012417,0.008386692934188927,4.922861457747727e-07,5.906385949676889e-07,2.699869328381916e-06,1.264630698138336e-06,1.8195826026690808e-06,1.8186247185310743e-06,9.78784046393322e-10,0.0009146897690000005,4.922861457747727e-07,1.0842021724855044e-19,2.168404344971009e-19,2.2862884975454922e-20,1.0039955211696114,1.0813352258254613e-16,1.0032357056404804,2.261558798746354e-07,-4.540197068223211e-07
irregular,0.1,0.0,0.4,6.671069182389937,0.0014993199082072564,0.0015907292595253848,0.00496080914300348,0.0008972200760016966,0.0009840287131388486,0.008212126952334227,4.726984672457469e-07,5.671531426140263e-07,2.561320938754782e-06,1.2046325648766527e-06,1.7342155866066919e-06,1.733321425296209e-06,9.136677517469158e-10,0.0008967574694577668,4.726984672457469e-07,1.0842021724855044e-19,2.168404344971009e-19,9.364638383666187e-17,1.0039138656048896,1.0813352338820364e-16,1.0031681227174694,2.1533088074752148e-07,-4.3231718822964605e-07
irregular,0.1,0.0,0.4,6.720754716981132,0.0014698456021056587,0.0015593631767422246,0.004856745625781036,0.0008797608039398456,0.0009648142919094312,0.008042603901949755,4.5402701649689163e-07,5.447685824021959e-07,2.4148365394514667e-06,1.1479398886194044e-06,1.653508359914648e-06,1.6526732340688466e-06,8.533427086574871e-10,0.0008793164693339225,4.540270164968917e-07,1.0842021724855044e-19,4.336808689942018e-19,1.986539682795322e-16,1.003834583582596,1.3243597687957164e-16,1.0031025227869355,2.051091028115043e-07,-4.1182363484486284e-07
irregular,0.1,0.0,0.4,6.770440251572328,0.0014411777157164747,0.0015288586085383615,0.004755666741397297,0.0008627761516186179,0.0009461246187686659,0.007877940479884271,4.362219081993668e-07,5.234248538154284e-07,2.091309789151873e-06,1.0943462008864485e-06,1.5771718323740966e-06,1.576391432779172e-06,7.974222571935933e-10,0.000862349241788368,4.3622190819936674e-07,9.486769009248164e-20,2.168404344971009e-19,1.6220028830493545e-16,1.0037575887297088,1.0813352379103239e-16,1.0030388334975684,1.9545250171462691e-07,-3.9246279044267886e-07
irregular,0.1,0.0,0.4,6.820125786163523,0.0014132876451408898,0.0014991849380065231,0.004657464753568108,0.0008462492984240262,0.0009279410502031417,0.007717961428294409,4.1923634492217384e-07,5.030656194043091e-07,2.2588727439225506e-06,1.0436593966943861e-06,1.504936925908733e-06,1.504207288341666e-06,7.455536534344697e-10,0.0008458390119405171,4.192363449221739e-07,1.0842021724855044e-19,2.168404344971009e-19,1.6220028347099043e-16,1.0036827984274377,1.0813352217971738e-16,1.0029769856458581,1.8632570010089673e-07,-3.741637465399074e-07
irregular,0.1,0.0,0.4,6.869811320754717,0.001386148006096702,0.0014703128561927216,0.004562036481906226,0.0008301641409654908,0.0009102457388627063,0.007562499059469976,4.0302640129273734e-07,4.836380042544805e-07,2.2588727439225506e-06,9.957006362531553e-07,1.4365530497564987e-06,1.4358705249650601e-06,6.974148573029433e-10,0.0008297697193273422,4.0302640129273734e-07,5.421010862427522e-20,4.336808689942018e-19,6.621799205777706e-17,1.0036101336217234,1.7097411062473548e-16,1.0029169130172142,1.7769578244410632e-07,-3.568605307912318e-07
irregular,0.1,0.0,0.4,6.919496855345912,0.0013597325734240192,0.0014422142970822926,0.004469283476653238,0.0008145052574716354,0.0008930215939797648,0.007411392803332821,3.8755082944209973e-07,4.6509236157246026e-07,2.091309789151873e-06,9.503033380317296e-07,1.3717867021852692e-06,1.3711479286822834e-06,6.527116545568248e-10,0.0008141259824898276,3.8755082944209973e-07,1.0842021724855044e-19,2.168404344971009e-19,9.364637965034283e-17,1.0035395186446139,1.529238936137282e-16,1.0028585522361948,1.6953210704847774e-07,-3.4049172981001456e-07
irregular,0.1,0.0,0.4,6.969182389937107,0.0013340162240028457,0.0014148623762667016,0.004379111066464565,0.0007992578741974315,0.0008762522440312837,0.007264488341539096,3.727708746346775e-07,4.473820498375817e-07,2.091309789151873e-06,9.073122549928389e-07,1.310420187410512e-06,1.3098220668055776e-06,6.111750602275448e-10,0.0007988930655598613,3.727708746346775e-07,6.098637220230962e-20,2.168404344971009e-19,9.36463782549031e-17,1.0034708810458184,1.5292389332888526e-16,1.0028018426252676,1.6180613364121833e-07,-3.25000143314093e-07
irregular,0.1,0.0,0.4,7.018867924528303,0.00130897488287002,0.0013882313330542881,0.004291429177030214,0.000784407833716259,0.0008599220014966837,0.007121638738010149,3.5865010975493783e-07,4.304632323553268e-07,2.2588727439225506e-06,8.665826265843281e-07,1.2522504374640084e-06,1.2516901120711304e-06,5.725589897660226e-10,0.0007840568467136161,3.5865010975493783e-07,6.098637220230962e-20,2.168404344971009e-19,1.751963296063076e-16,1.0034041514337924,1.529238947531e-16,1.00274672607156,1.544912651811354e-07,-3.1033246679541566e-07
irregular,0.1,0.0,0.4,7.068553459119498,0.0012845854723332487,0.0013622964758094908,0.00420615024790081,0.0007699415649776546,0.0008440158295832795,0.006982702692281818,3.451542774723157e-07,4.1429468978386997e-07,1.9090959104164224e-06,8.279793997814783e-07,1.197087929738597e-06,1.1965627622434798e-06,5.366381531457482e-10,0.0007696037883841222,3.451542774723157e-07,1.0842021724855044e-19,2.168404344971009e-19,1.98653966963899e-16,1.0033392633257447,1.3243597786629656e-16,1.002693146901082,1.475627025948438e-07,-2.964390001609831e-07
irregular,0.1,0.0,0.4,7.118238993710692,0.001260825863892155,0.0013370341303091436,0.0041231921410921175,0.0007558460550204413,0.0008285193107921928,0.006847544832332467,3.322511454493965e-07,3.988376398887607e-07,2.091309789151873e-06,7.91376513103187e-07,1.1447556918143713e-06,1.1442632467942656e-06,5.032061586333939e-10,0.0007555209091151421,3.322511454493965e-07,5.421010862427522e-20,2.168404344971009e-19,9.36463782549031e-17,1.0032761530060141,1.0813352217971738e-16,1.002641051759971,1.4099731133598165e-07,-2.8327338007596604e-07
irregular,0.1,0.0,0.4,7.167924528301887,0.001237674832804245,0.0013124215909530838,0.004042474324922117,0.0007421088222423769,0.0008134186172171253,0.0067160354755546455,3.199103745198596e-07,3.8405558428885786e-07,1.7075472925031877e-06,7.566562381214283e-07,1.0950883859677498e-06,1.0946264130809565e-06,4.720738053331908e-10,0.0007417957569598674,3.1991037451985963e-07,1.0842021724855044e-19,2.168404344971009e-19,1.6220028427664795e-16,1.003214759392285,1.0813352379103239e-16,1.0025903895022992,1.3477349868583344e-07,-2.7079233390478116e-07
irregular,0.1,0.0,0.4,7.2176100628930815,0.0012151120151189083,0.0012884370746269016,0.0039639208961660365,0.0007287178911227005,0.0007987004824610807,0.006588050228893198,3.081033934076788e-07,3.699141546514342e-07,1.9090959104164224e-06,7.237085734676487e-07,1.0479314664575712e-06,1.0474978851450618e-06,4.430675365700583e-10,0.0007284163843259343,3.0810339340767885e-07,1.0842021724855044e-19,2.168404344971009e-19,1.7519633184398935e-16,1.0031550239091616,1.5292389332888526e-16,1.002541111084059,1.2887110091390486e-07,-2.589554533876824e-07
irregular,0.1,0.0,0.4,7.267295597484278,0.001193117867037217,0.0012650596770650095,0.003887458490909632,0.0007156617683189748,0.0007843521750801499,0.006463469300474089,2.968032832966426e-07,3.5638097315107203e-07,1.7075472925031877e-06,6.924306868138004e-07,1.003140403350835e-06,1.002733288902352e-06,4.160280435566648e-10,0.0007153713241845981,2.968032832966426e-07,5.421010862427522e-20,2.168404344971009e-19,9.36463782549031e-17,1.0030968903686455,1.0813352338820364e-16,1.0024931694629264,1.2327127939444106e-07,-2.477249863419963e-07
irregular,0.1,0.0,0.4,7.3169811320754725,0.0011716736264592317,0.0012422693315731698,0.0038130161910639978,0.000702929420046154,0.0007703614734547582,0.006342178446223251,2.859846720224548e-07,3.434255252474354e-07,1.2074182697257333e-06,6.627264007457902e-07,9.605799671975165e-07,9.60197538051122e-07,3.908090044833872e-10,0.000702649567553635,2.8598467202245477e-07,8.809142651444724e-20,2.168404344971009e-19,6.621799008432732e-17,1.003040304857095,1.0813352217971738e-16,1.0024465195034633,1.1795642495073845e-07,-2.3706564483488238e-07
irregular,0.1,0.0,0.4,7.366666666666667,0.0011507612765818164,0.0012200467699539095,0.0037405272361071703,0.0006905102506668144,0.0007567166420074327,0.00622406756346248,2.756236336944551e-07,3.3101903797945576e-07,1.4787793334710982e-06,6.345057187821874e-07,9.201235694069822e-07,9.197641755663373e-07,3.672759403686762e-10,0.0006902405421849941,2.756236336944551e-07,8.131516293641283e-20,2.168404344971009e-19,2.8001201118904226e-20,1.0029852156282724,2.4179390624032927e-16,1.002401117887424,1.1291006969975023e-07,-2.2694442842173274e-07
irregular,0.1,0.0,0.4,7.416352201257862,0.0011303635114230995,0.0011983734855013626,0.0036699260327173757,0.0006783940824159308,0.0007434064086849395,0.0061090309098725485,2.656975984073089e-07,3.191343735068596e-07,1.7075472925031877e-06,6.076843881569532e-07,8.816526536318606e-07,8.813147660936031e-07,3.453051828889528e-10,0.000678134092378435,2.656975984073089e-07,5.421010862427522e-20,2.168404344971009e-19,9.364637965034283e-17,1.0029315730021116,7.646194994013646e-17,1.0023569230288576,1.0811680577313583e-07,-2.1733046118310468e-07
irregular,0.1,0.0,0.4,7.466037735849056,0.0011104637031673025,0.0011772316979584295,0.0036011503427079063,0.0006665711361953221,0.0007304199436260506,0.005996967416133072,2.5618526357913653e-07,3.0774591914971424e-07,1.4787793334710982e-06,5.821834962948122e-07,8.450561338987652e-07,8.447383350000273e-07,3.247829326029863e-10,0.000666320459862099,2.5618526357913653e-07,1.0842021724855044e-19,2.168404344971009e-19,9.364637965034283e-17,1.0028793292688691,7.646194766139294e-17,1.0023138949937198,1.0356221033882597e-07,-2.0819484138599482e-07
irregular,0.1,0.0,0.4,7.515723270440253,0.0010910458712160465,0.001156604320306894,0.003534140811016924,0.0006550320133734236,0.0007177468389520055,0.005887779309607531,2.470665165292116e-07,2.968294956986459e-07,1.7075472925031877e-06,5.579290981670352e-07,8.102298756024306e-07,8.099308501972359e-07,3.0560441148831165e-10,0.0006547902656680963,2.4706651652921164e-07,6.776263578034403e-20,2.168404344971009e-19,9.36463782549031e-17,1.0028284385983277,1.709741103699642e-16,1.0022719954237267,9.923277638208654e-08,-1.9951050272200722e-07
irregular,0.1,0.0,0.4,7.565408805031447,0.001072094652846151,0.0011364749272842036,0.003468839562757286,0.0006437676785328838,0.0007053770896057795,0.0057813727395488535,2.3832235942988983e-07,2.8636226582190957e-07,1.4787793334710982e-06,5.348518719716214e-07,7.770762158294795e-07,7.767947432209649e-07,2.8767308982548134e-10,0.0006435344929533192,2.3832235942988983e-07,8.131516293641283e-20,2.168404344971009e-19,1.1469292320114703e-16,1.0027788569537626,7.646194823107882e-17,1.0022311874642018,9.511584879158368e-08,-1.912520861569334e-07
irregular,0.1,0.0,0.4,7.615094339622642,0.0010535952753863774,0.0011168277255323839,0.003405191072369318,0.0006327694431080582,0.0006933010751860997,0.0056776581727270205,2.299348410875478e-07,2.763226541982621e-07,1.4787793334710982e-06,5.12886800824842e-07,7.455035197858158e-07,7.452384663430823e-07,2.708999861153e-10,0.0006325444707036349,2.2993484108754777e-07,5.421010862427522e-20,2.168404344971009e-19,9.364637685946336e-17,1.0027305420103891,1.0813352379103239e-16,1.002191435695677,9.119956528467685e-08,-1.8339582151950373e-07
irregular,0.1,0.0,0.4,7.664779874213837,0.0010355335298169812,0.00109764752527923,0.00334314267237593,0.0006220289498637665,0.0006815095427116635,0.005576548892246725,2.2188699050374844e-07,2.6669026398716376e-07,1.7075472925031877e-06,4.919728783260535e-07,7.15425770392394e-07,7.151760827928231e-07,2.5520302737671814e-10,0.0006218118582774935,2.2188699050374844e-07,5.421010862427522e-20,2.168404344971009e-19,9.364638383666187e-17,1.002683453078029,1.709741103699642e-16,1.0021527060690345,8.747280179832381e-08,-1.7591941802212133e-07
irregular,0.1,0.0,0.4,7.714465408805031,0.001017895745718922,0.0010789197134679792,0.0032826426490298434,0.0006115381581653835,0.0006699935902695214,0.00547796141753198,2.1416275909746671e-07,2.5744580885792643e-07,1.2074182697257333e-06,4.72052836073532e-07,6.867621883651911e-07,6.865268874008841e-07,2.405064723112956e-10,0.0006113286307325038,2.141627590974667e-07,1.0842021724855044e-19,2.168404344971009e-19,1.3243597819520487e-16,1.002637551027751,1.7097411113427802e-16,1.0021149658439807,8.392512197404143e-08,-1.6880196299887303e-07
irregular,0.1,0.0,0.4,7.764150943396228,0.0010006687674870736,0.0010606302282430125,0.0032236422826149333,0.0006012893299958902,0.0006587446514905186,0.00538181579990203,2.0674696269197807e-07,2.4857104492010927e-07,1.7075472925031877e-06,4.530728913509613e-07,6.59436880331189e-07,6.592150552333677e-07,2.2674038153392577e-10,0.0006010870648990727,2.0674696269197807e-07,5.421010862427522e-20,2.168404344971009e-19,9.364637965034283e-17,1.002592798222257,1.0813352258254613e-16,1.0020781835306614,8.054673039832594e-08,-1.6202382818199766e-07
irregular,0.1,0.0,0.4,7.813836477987422,0.0009838399317461,0.0010427655347327728,0.00316609429618384,0.0005912750166756785,0.000647754480807826,0.005288035155612719,1.9962523148799385e-07,2.4004870715089077e-07,1.7075472925031877e-06,4.3498251338704806e-07,6.333785127404836e-07,6.33169315971359e-07,2.138401397985893e-10,0.0005910797261492956,1.9962523148799385e-07,5.421010862427522e-20,2.168404344971009e-19,9.364637965034283e-17,1.002549158449803,1.8729275441664658e-16,1.0020423288342408,7.732842930699077e-08,-1.555665829203385e-07
irregular,0.1,0.0,0.4,7.863522012578617,0.0009673970458893014,0.0010253126020346502,0.0031099525137484696,0.0005814880462495289,0.0006370151394558332,0.005196544972623853,1.9278395953898546e-07,2.3186244993825152e-07,1.2074182697257333e-06,4.177342066897914e-07,6.085200095330723e-07,6.083226520072801e-07,2.0174601636805683e-10,0.0005812994558329647,1.9278395953898546e-07,1.0842021724855044e-19,2.168404344971009e-19,9.364638383666187e-17,1.0025065968614468,1.0813352499951865e-16,1.002007372602273,7.426157847521559e-08,-1.494129137816322e-07
irregular,0.1,0.0,0.4,7.913207547169812,0.0009513283676870516,0.0010082588813513271,0.003055173730902563,0.0005719215114967221,0.0006265189821623053,0.005107274310377343,1.862102597807049e-07,2.2399679283595254e-07,8.537736462515939e-07,4.012833101271532e-07,5.847982716812021e-07,5.846120183770667e-07,1.904027666385268e-10,0.0005717393593318122,1.8621025978070493e-07,1.0842021724855044e-19,2.168404344971009e-19,1.751963310980954e-16,1.0024650799114454,1.3243597622175503e-16,1.001973286774711,7.133805803613384e-08,-1.435465500288966e-07
irregular,0.1,0.0,0.4,7.962893081761006,0.0009356225859019405,0.000991592285205663,0.003001715278164909,0.0005625687585379325,0.0006162586445025371,0.005020154048339695,1.7989192164106332e-07,2.1643707092586692e-07,8.537736462515939e-07,3.855878105031428e-07,5.621539169032659e-07,5.619780828299023e-07,1.7975926824056017e-10,0.000562392794707767,1.7989192164106335e-07,8.131516293641283e-20,2.168404344971009e-19,1.480679245143022e-16,1.0024245753006107,1.529238941834141e-16,1.0019400443364028,6.855023399572266e-08,-1.379521945109449e-07
irregular,0.1,0.0,0.4,8.0125786163522,0.0009202688018545885,0.0009753011676813042,0.0029495367475848586,0.0005534233759973697,0.0006062270308724185,0.004935118169126725,1.7381737192166375e-07,2.091693836102291e-07,1.4787793334710982e-06,3.706081695085318e-07,5.405310379708091e-07,5.403649844597853e-07,1.6976818930507487e-10,0.0005532533619034298,1.7381737192166377e-07,8.131516293641283e-20,2.168404344971009e-19,9.364637685946336e-17,1.002385051922477,1.7097411062473548e-16,1.0019076192719378,6.589092624189989e-08,-1.326154595437533e-07
irregular,0.1,0.0,0.4,8.062264150943397,0.0009052565118889883,0.0009593743056246219,0.002898598370877978,0.0005444791846981502,0.0005964173030517619,0.004852102898212108,1.6797563566212824e-07,2.0218055309279335e-07,8.537736462515939e-07,3.563071629996661e-07,5.198769781797212e-07,5.197201094753468e-07,1.6038568292423785e-10,0.0005443148924754756,1.6797563566212822e-07,5.421010862427522e-20,1.0842021724855044e-19,9.364637685946336e-17,1.0023464798121058,1.529238936137282e-16,1.0018759865227138,6.335337884443189e-08,-1.275228073833708e-07
irregular,0.1,0.0,0.4,8.111949685534592,0.0008905755906829371,0.0009438008807541524,0.0028488638126115905,0.0005357302278517099,0.0005868228693181926,0.004771046643573403,1.6235630355950485e-07,1.9545808000451384e-07,1.2074182697257333e-06,3.4264973166161806e-07,5.001421226567941e-07,4.999938827758834e-07,1.5157111185340482e-10,0.0005355714398161109,1.6235630355950488e-07,5.421010862427522e-20,1.0842021724855044e-19,1.6220028427664795e-16,1.0023088300973964,1.8729275488179317e-16,1.001845121946102,6.09312324662166e-08,-1.226614949519371e-07
irregular,0.1,0.0,0.4,8.161635220125786,0.0008762162753717427,0.0009285704626473705,0.0028002953049734037,0.0005271707617264132,0.0005774373740919137,0.004691890139404851,1.5694949820046466e-07,1.8899010528771275e-07,1.2074182697257333e-06,3.29602842185828e-07,4.812797043041131e-07,4.811395741449047e-07,1.4328679351871936e-10,0.00052701726985441,1.5694949820046466e-07,5.082197683525802e-20,1.0842021724855044e-19,1.480679280445165e-16,1.0022720749527598,1.709741103699642e-16,1.0018150022765906,5.8618498743260965e-08,-1.180195224737674e-07
irregular,0.1,0.0,0.4,8.211320754716981,0.0008621691504223383,0.0009136729925279214,0.002752858049889142,0.000518795246757812,0.0005682546880735403,0.004614576424476739,1.5174584352646684e-07,1.8276537341932674e-07,0.0,3.1713535815366177e-07,4.6324562325919417e-07,4.6311311793767156e-07,1.3549776776236776e-10,0.000518646852196645,1.5174584352646682e-07,5.421010862427522e-20,2.168404344971009e-19,1.480679245143022e-16,1.0022361875550274,1.7097411062473548e-16,1.001785605088811,5.640953644882145e-08,-1.1358558572735966e-07
irregular,0.1,0.0,0.4,8.261006289308176,0.0008484251332329776,0.0008990987678361913,0.002706518344106593,0.0005105983390850526,0.0005592688988509017,0.004539050234216237,1.467364376416913e-07,1.767731992251329e-07,1.2074182697257333e-06,3.052179198995706e-07,4.459982788592585e-07,4.4587294525227505e-07,1.2817158542153404e-10,0.0005104548516892695,1.467364376416913e-07,5.421010862427522e-20,2.168404344971009e-19,1.6220028427664795e-16,1.0022011420414723,1.3243597687957164e-16,1.0017569087623306,5.429902934087679e-08,-1.0934903164368367e-07
irregular,0.1,0.0,0.4,8.310691823899372,0.0008349754604109541,0.0008848384275232787,0.002661243817975174,0.0005025748824871434,0.0005504743019546442,0.004465258780461917,1.4191282375094688e-07,1.710034323397149e-07,8.537736462515939e-07,2.9382283267350207e-07,4.294984131688824e-07,4.2937982764958915e-07,1.2127811144821034e-10,0.0005024361203832655,1.419128237509469e-07,5.421010862427522e-20,2.168404344971009e-19,9.364637965034283e-17,1.0021669134698374,1.0813352419386114e-16,1.0017288924481282,5.228196554092797e-08,-1.0529981698750726e-07
irregular,0.1,0.0,0.4,8.360377358490567,0.0008218116746976257,0.0008708829380426196,0.0026170025732098253,0.0004947199006977978,0.0005418653923325758,0.004393150765745681,1.3726696715739349e-07,1.6544643010254367e-07,1.2074182697257333e-06,2.829239624863863e-07,4.137089652094575e-07,4.135967315560371e-07,1.1478934819485952e-10,0.0004945856898719653,1.3726696715739349e-07,2.710505431213761e-20,1.0842021724855044e-19,3.959967838509104e-20,1.0021334777802504,1.0813352217971738e-16,1.001701536036657,5.035361834296922e-08,-1.0142846990182945e-07
irregular,0.1,0.0,0.4,8.410062893081761,0.0008089256125035564,0.0008572235799952456,0.002573764628885508,0.0004870285900806326,0.0005334368562220035,0.004322676291863202,1.3279123046264267e-07,1.6009302852321588e-07,1.2074182697257333e-06,2.7249663906501425e-07,3.98594935099356e-07,3.9848868256460527e-07,1.0867927051111637e-10,0.0004868987639899442,1.3279123046264267e-07,4.743384504624082e-20,1.0842021724855044e-19,1.1469292206177528e-16,1.0021008117589387,1.3243597720847995e-16,1.0016748201274126,4.850952833694577e-08,-9.772605408849694e-08
irregular,0.1,0.0,0.4,8.459748427672956,0.0007963093920233913,0.0008438519353971668,0.0025315004820287584,0.0004794963126447802,0.0005251835634026835,0.00425378811558038,1.2847835229326771e-07,1.5493451415686586e-07,1.2074182697257333e-06,2.6251756539141674e-07,3.8412325737426954e-07,3.8402263890185637e-07,1.0292367612330208e-10,0.0004793707118497753,1.2847835229326771e-07,5.421010862427522e-20,2.168404344971009e-19,1.1469292320114703e-16,1.0020688930036388,1.0813352217971738e-16,1.0016487259999263,4.6745486760721086e-08,-9.418413544302071e-08
irregular,0.1,0.0,0.4,8.50943396226415,0.0007839554018962676,0.0008307598755329681,0.0024901818517035867,0.0004721185893821021,0.0005171005598080502,0.004186440138644105,1.243214261611927e-07,1.4996260141086896e-07,0.0,2.5296473334330645e-07,3.7026268281508786e-07,3.701673733912229e-07,9.750004727008555e-11,0.00047199706119998056,1.243214261611927e-07,5.421010862427522e-20,1.0842021724855044e-19,9.364638104578253e-17,1.002037699890619,1.0813352379103239e-16,1.0016232355861105,4.5057519972024895e-08,-9.079475094838198e-08
irregular,0.1,0.0,0.4,8.559119496855347,0.0007718562903943776,0.0008179395493736881,0.0024497814489585147,0.00046489109391147863,0.0005091830604717838,0.004120587589991153,1.2031388120296923e-07,1.4516940749412193e-07,1.2074182697257333e-06,2.438173449954903e-07,3.5698366816620436e-07,3.5689336329482854e-07,9.238742407770702e-11,0.0004647734920876891,1.2031388120296923e-07,5.421010862427522e-20,1.0842021724855044e-19,1.3243598016865464e-16,1.0020072115432257,1.709741103699642e-16,1.0015983314438777,4.3441874975980524e-08,-8.755037967435883e-08
irregular,0.1,0.0,0.4,8.608805031446542,0.0007600049550945563,0.0008053833725131406,0.0024102724113499213,0.00045780964641327994,0.0005014264428036312,0.004056188112221296,1.1644946342712717e-07,1.4054743117011145e-07,1.2074182697257333e-06,2.3505573915883481e-07,3.4425827317273884e-07,3.4417268746542406e-07,8.756628765992715e-11,0.0004576958308118634,1.1644946342712719e-07,2.710505431213761e-20,1.0842021724855044e-19,1.6220028911059293e-16,1.0019774078018786,1.3243597622175503e-16,1.0015739967319839,4.1895005922234184e-08,-8.444391572115257e-08
irregular,0.1,0.0,0.4,8.658490566037736,0.0007483945330303081,0.0007930840166258085,0.0023716301322225346,0.000450870207838848,0.0004938262401651457,0.003993199744070771,1.1272221902974305e-07,1.3608953149024577e-07,8.537736462515939e-07,2.266613227971884e-07,3.320600644102964e-07,3.319789302804612e-07,8.301845333916276e-11,0.0004507600441488946,1.1272221902974305e-07,5.421010862427522e-20,1.0842021724855044e-19,1.4806792274919503e-16,1.001948269195436,1.709741113890493e-16,1.0015502151860145,4.041356150229734e-08,-8.146864296848175e-08
irregular,0.1,0.0,0.4,8.70817610062893,0.0007370183912774911,0.0007810343993767116,0.002333829577299831,0.0004440688743815021,0.00048637813573806715,0.003931582403547512,1.0912647828162692e-07,1.3178890884264198e-07,8.537736462515939e-07,2.1861650695297171e-07,3.203640254222061e-07,3.202870918758204e-07,7.872697205167422e-11,0.0004439622338393855,1.0912647828162691e-07,2.710505431213761e-20,1.0842021724855044e-19,6.621799205777706e-17,1.0019197769138646,1.3243597786629656e-16,1.0015269710954648,3.899437318270055e-08,-7.861821149998541e-08
irregular,0.1,0.0,0.4,8.757861635220126,0.0007258701179706232,0.0007692276748090522,0.0022968472459624274,0.0004374018721960516,0.00047907795666948984,0.0038712977142122203,1.0565684008790327e-07,1.2763908702400528e-07,1.2074182697257333e-06,2.1090464687681402e-07,3.091464727161953e-07,3.090735042316014e-07,7.467603937660797e-11,0.00043729863132290744,1.0565684008790327e-07,5.421010862427522e-20,1.0842021724855044e-19,1.3243599003590315e-16,1.0018919127821435,1.8729275488179317e-16,1.001504249281861,3.76344442138939e-08,-7.588661558394433e-08
irregular,0.1,0.0,0.4,8.807547169811322,0.0007149435137138402,0.0007576572241404643,0.0022606594511833953,0.00043086555235257584,0.00047192166847359406,0.0038123081319533037,1.023081574448474e-07,1.2363389464574533e-07,8.537736462515939e-07,2.0350998605064185e-07,2.9838497720533323e-07,2.9831575269477045e-07,7.08509117529083e-11,0.00043076559270561457,1.023081574448474e-07,3.3881317890172014e-20,1.0842021724855044e-19,6.621799403122674e-17,1.0018646592353417,1.529238941834141e-16,1.0014820350778577,3.633093936090091e-08,-7.326817309501535e-08
irregular,0.1,0.0,0.4,8.857232704402517,0.0007042325833787213,0.0007463166469847662,0.002225244682875252,0.0004244563860170454,0.00046490536968862,0.003754577337375401,9.907552481242595e-08,1.1976745068900504e-07,1.2074182697257333e-06,1.964176038387318e-07,2.880582907138727e-07,2.879926025601197e-07,6.723783000852578e-11,0.0004243595939536161,9.907552481242595e-08,2.710505431213761e-20,1.0842021724855044e-19,9.364638104578253e-17,1.001837999294809,1.0813352258254613e-16,1.0014603143072784,3.508117530400933e-08,-7.075750628097273e-08
irregular,0.1,0.0,0.4,8.906918238993711,0.0006937315282580429,0.0007351997529496399,0.002190581036345052,0.0004181709598410277,0.00045802528676516487,0.0036980705575061245,9.595426474395135e-08,1.1603414786111968e-07,8.537736462515939e-07,1.896133665056233e-07,2.7814627718972133e-07,2.7808393035257283e-07,6.382394781587233e-11,0.00041807722629551037,9.595426474395136e-08,3.7269449679189215e-20,1.0842021724855044e-19,1.4806792892707005e-16,1.0018119165454265,1.8729275511436647e-16,1.0014390732660379,3.388261165810768e-08,-6.83495237751978e-08
irregular,0.1,0.0,0.4,8.956603773584906,0.0006834347385673138,0.0007243005536083078,0.002162030679030426,0.0004120059715557445,0.0004512777691791855,0.0036427542065991256,9.293991582515458e-08,1.1242863873033585e-07,8.537736462515939e-07,1.8308388137112396e-07,2.6862984830066506e-07,2.6857065948762573e-07,6.059726609037726e-11,0.0004119151918282653,9.293991582515457e-08,5.421010862427522e-20,1.0842021724855044e-19,9.364638244122221e-17,1.0017863951138617,1.0813352338820364e-16,1.001418298703909,3.273284257694891e-08,-6.603940376850598e-08
irregular,0.1,0.0,0.4,9.0062893081761,0.0006733367862726547,0.0007136132548222237,0.002134208536834808,0.0004059582257580627,0.00044465928476091995,0.0035885947723400965,9.002822226236426e-08,1.0894582281289506e-07,8.537736462515939e-07,1.7681645388263527e-07,2.594909031099712e-07,2.594347000056984e-07,5.754657306579317e-11,0.0004058702993135546,9.002822226236426e-08,3.3881317890172014e-20,1.0842021724855044e-19,1.1469292547989053e-16,1.0017614196477802,2.1626704456084915e-16,1.0013979778070947,3.162958888878152e-08,-6.382257826056817e-08
irregular,0.1,0.0,0.4,9.055974842767297,0.0006634324182295738,0.000703132249395768,0.0021070287756615237,0.00040002462987936814,0.00043816641522376594,0.003535561303807827,8.721512242583706e-08,1.0558083256186702e-07,8.537736462515939e-07,1.707990474041077e-07,2.507122715515234e-07,2.5065889210224037e-07,5.466138788409034e-11,0.0003999394601574776,8.721512242583706e-08,2.710505431213761e-20,1.0842021724855044e-19,1.6220028427664795e-16,1.0017369752959657,1.872927567423795e-16,1.0013780981815572,3.057069073862835e-08,-6.169471831367693e-08
irregular,0.1,0.0,0.4,9.105660377358491,0.0006537165496176078,0.000692852110048203,0.0020804731266875704,0.0003942021903279839,0.00043179585188939616,0.003483623201174916,8.449673955965588e-08,1.0232902247119517e-07,8.537736462515939e-07,1.6502024553557903e-07,2.422776614448042e-07,2.422269531929949e-07,5.193190946806071e-11,0.0003941196845624432,8.449673955965588e-08,4.404571325722362e-20,1.0842021724855044e-19,1.1469292661926225e-16,1.0017130476893021,2.5359558804083123e-16,1.0013586478370766,2.955410069579653e-08,-5.965172024537764e-08
irregular,0.1,0.0,0.4,9.155345911949686,0.0006441842576566723,0.000682767582689747,0.0020545265862243816,0.0003884880087967934,0.0004255443915920125,0.0034327507665409995,8.186937179506443e-08,9.918595761286373e-08,8.537736462515939e-07,1.5946921679141242e-07,2.341716088094477e-07,2.341234282754358e-07,4.9348968491578576e-11,0.0003884080778443769,8.186937179506443e-08,5.421010862427522e-20,1.0842021724855044e-19,6.621799205777706e-17,1.0016896229225827,1.7097411087950674e-16,1.0013396151719958,2.8577877293442e-08,-5.7689692686130334e-08
irregular,0.1,0.0,0.4,9.20503144654088,0.0006348307755914039,0.0006728735799795101,0.002029172466327509,0.00038287927872962795,0.0004194089327626195,0.0033829151525915924,7.932948366613019e-08,9.614740200882972e-08,8.537736462515939e-07,1.5413568147572846e-07,2.2637943125749952e-07,2.263336433637917e-07,4.690398355814699e-11,0.00038280183690719735,7.932948366613019e-08,2.710505431213761e-20,1.0842021724855044e-19,9.36463782549031e-17,1.001666687537096,1.8729275557951303e-16,1.0013209889586232,2.7640178974492995e-08,-5.5804944451749456e-08
irregular,0.1,0.0,0.4,9.254716981132075,0.0006256514869318098,0.000663165175164161,0.002004395790556642,0.00037737328193656754,0.0004133864716742617,0.0033340887371126646,7.687369775915516e-08,9.320931013862308e-08,8.537736462515939e-07,1.490098806091769e-07,2.1888718425533673e-07,2.1884366179119848e-07,4.458892044356666e-11,0.00037729824686685484,7.687369775915516e-08,2.710505431213761e-20,2.168404344971009e-19,1.6166501003632206e-20,1.001644228503962,1.3243597655066336e-16,1.0013027583292604,2.6739258418291122e-08,-5.399397317272514e-08
irregular,0.1,0.0,0.4,9.304402515723272,0.0006166419199348144,0.0006536375961731627,0.0019801812391758585,0.0003719673853521066,0.00040747409885132123,0.003286244525579955,7.449878578570989e-08,9.036781549101753e-08,0.0,1.4408254676742315e-07,2.1168162006428604e-07,2.1164024318741527e-07,4.2396253781802065e-11,0.00037189467781756027,7.44987857857099e-08,2.710505431213761e-20,5.421010862427522e-20,1.751963296063076e-16,1.0016222332081701,1.8729275488179317e-16,1.0012849127628238,2.587345721347242e-08,-5.225345462605332e-08
irregular,0.1,0.0,0.4,9.354088050314466,0.0006077977423183486,0.0006442862199581666,0.0019565157799752726,0.0003666590379298476,0.0004016689956243021,0.0032393569565340513,7.220166262506778e-08,8.761922262139317e-08,1.2074182697257333e-06,1.3934487670463192e-07,2.0475014918227528e-07,2.047108049540481e-07,4.031893302605406e-11,0.00036658858173273376,7.220166262506778e-08,5.421010862427522e-20,2.168404344971009e-19,9.364638104578253e-17,1.0016006894333,1.3243597622175503e-16,1.0012674420720304,2.5041200862017943e-08,-5.058023272631494e-08
irregular,0.1,0.0,0.4,9.403773584905661,0.0005991147561989681,0.0006351065670796452,0.0019333852673401228,0.00036144576766760527,0.00039596843083404673,0.003193400260497978,6.997937837905322e-08,8.495999901673968e-08,1.2074182697257333e-06,1.3478850564506078e-07,1.9808080412146507e-07,1.9804338607426382e-07,3.835034957164191e-11,0.0003613774894977177,6.997937837905323e-08,2.710505431213761e-20,1.0842021724855044e-19,9.364638662754114e-17,1.001579585346881,1.5292389332888526e-16,1.0012503363911283,2.424099409192252e-08,-4.8971310132907286e-08
irregular,0.1,0.0,0.4,9.453459119496856,0.0005905888932352286,0.0006260942965084901,0.0019107747948703198,0.00035632517875317323,0.0003903697576673763,0.0031483501424186965,6.782911180722156e-08,8.238676716072165e-08,1.2074182697257333e-06,1.3040548313066437e-07,1.9166220536639563e-07,1.9162661310027155e-07,3.6484306841592054e-11,0.00035625900806206246,6.782911180722155e-08,4.0657581468206416e-20,1.0842021724855044e-19,1.1469292661926225e-16,1.0015589094863635,1.0813352379103239e-16,1.001233586164136,2.3471416452298163e-08,-4.7423839425668295e-08
irregular,0.1,0.0,0.4,9.50314465408805,0.0005822162099734214,0.0006172452006459454,0.0018886729358285734,0.0003512949488316325,0.00038487041062661316,0.0031041834931285453,6.574816439459348e-08,7.98962949393458e-08,1.2074182697257333e-06,1.2618825032186638e-07,1.8548352937377886e-07,1.854496681800126e-07,3.4714992692939334e-11,0.00035123081771243483,6.574816439459349e-08,5.421010862427522e-20,1.0842021724855044e-19,9.364637965034283e-17,1.0015386507456787,1.872927539515e-16,1.0012171821335716,2.273111817768488e-08,-4.5935114819972743e-08
irregular,0.1,0.0,0.4,9.552830188679247,0.0005739928833865772,0.0006085552005515964,0.001867066519628147,0.0003463528263833649,0.0003794679026252914,0.0030608767581529394,6.37339535525244e-08,7.74854917253679e-08,1.2074182697257333e-06,1.221296186606283e-07,1.7953447847832958e-07,1.7950225898873322e-07,3.303695318989353e-11,0.0003462906694574034,6.37339535525244e-08,4.0657581468206416e-20,1.0842021724855044e-19,1.480679236317486e-16,1.0015187983623515,1.7097411011519292e-16,1.0012011153296565,2.2018816301240095e-08,-4.450256438137462e-08
irregular,0.1,0.0,0.4,9.602515723270441,0.0005659152065910106,0.0006000203413599341,0.0018459429324851962,0.00034149662820737777,0.0003741598221983311,0.003018408146589492,6.178400725197505e-08,7.515139790009074e-08,8.537736462515939e-07,1.18222749802886e-07,1.7380525258137096e-07,1.7377459044095826e-07,3.1445068849692334e-11,0.00034143638251624326,6.178400725197504e-08,2.710505431213761e-20,5.421010862427522e-20,9.364638104578253e-17,1.001499341905146,1.5292389389857115e-16,1.0011853770599528,2.133329100168207e-08,-4.312374270564324e-08
irregular,0.1,0.0,0.4,9.652201257861636,0.0005579795847441728,0.0005916367878920172,0.001825290184195133,0.0003367242370103375,0.0003689438308284888,0.0029767558626189595,5.989595969846701e-08,7.289118176196769e-08,1.2074182697257333e-06,1.1446113674265668e-07,1.682865225102884e-07,1.682573380709241e-07,2.993453295659839e-11,0.0003366658419117228,5.9895959698467e-08,2.710505431213761e-20,1.0842021724855044e-19,6.621799797812593e-17,1.0014802712622162,1.5292389332888526e-16,1.0011699588994327,2.06733821690795e-08,-4.1796324037847096e-08
irregular,0.1,0.0,0.4,9.70188679245283,0.0005501825311007165,0.0005834008204384751,0.0018050979858558846,0.0003320335990910893,0.0003638176603809558,0.002935899159688005,5.806754496911081e-08,7.070213122830311e-08,0.0,1.1083858604577738e-07,1.6296940493912395e-07,1.6294162297421874e-07,2.8500830264757902e-11,0.00033197699616122804,5.806754496911082e-08,2.710505431213761e-20,0.0,6.621799403122674e-17,1.0014615766297423,1.0813352258254613e-16,1.0011548526809548,2.003798617447117e-08,-4.0518095801347345e-08
irregular,0.1,0.0,0.4,9.751572327044025,0.000542520663231336,0.0005753088307105032,0.001785353996473658,0.00032742272211834115,0.0003587791106406169,0.0028958177185950777,5.629659302635984e-08,6.858164932403107e-08,0.0,1.0734920112778518e-07,1.5784543877206132e-07,1.5781898820950132e-07,2.7139718252071066e-11,0.0003273678550581186,5.629659302635984e-08,2.710505431213761e-20,1.0842021724855044e-19,1.480679280445165e-16,1.0014432485010252,1.709741103699642e-16,1.0011400504861199,1.9426052828245156e-08,-3.928695250531348e-08
irregular,0.1,0.0,0.4,9.801257861635222,0.0005349906993944963,0.0005673573179622775,0.0017660472456761218,0.00032288967299769173,0.0003538260469475954,0.0028564919891210577,5.4581024189996285e-08,6.652724800724717e-08,8.537736462515939e-07,1.0398736650806204e-07,1.5290656289739012e-07,1.5288137657042147e-07,2.584720883399483e-11,0.00032283648754426956,5.458102418999629e-08,2.710505431213761e-20,5.421010862427522e-20,1.6220028347099043e-16,1.0014252776560233,2.2938584127512115e-16,1.0011255446365013,1.883658251941719e-08,-3.810089001425403e-08
irregular,0.1,0.0,0.4,9.850943396226416,0.0005275894550492142,0.0005595428852605412,0.0017471678217915497,0.0003184325758237444,0.00034895639792785737,0.0028179032978537973,5.291884593378425e-08,6.453654323140994e-08,8.537736462515939e-07,1.0074773297580576e-07,1.4814509522552205e-07,1.48121109639382e-07,2.4619552348892008e-11,0.00031838101966546865,5.291884593378425e-08,2.710505431213761e-20,1.0842021724855044e-19,1.6220028669362047e-16,1.0014076551513096,2.4179390624032927e-16,1.001111327685225,1.8268623524478247e-08,-3.69580001519966e-08
irregular,0.1,0.0,0.4,9.90062893081761,0.0005203138395059376,0.0005518622359021819,0.0017287054799675315,0.00031404960991326085,0.0003441681533132541,0.002780032518257584,5.130814919096676e-08,6.260725116599404e-08,1.2074182697257333e-06,9.762520361253039e-08,1.4355371293050786e-07,1.4353086804379376e-07,2.3453222317295745e-11,0.0003139996326078006,5.130814919096676e-08,2.710505431213761e-20,1.0842021724855044e-19,1.3243598115537953e-16,1.0013903723104267,2.1626704516509227e-16,1.0010973924088913,1.772126946727147e-08,-3.58564656176741e-08
irregular,0.1,0.0,0.4,9.950314465408805,0.0005131608527138664,0.0005443121699774309,0.0017106492229479809,0.00030973900791456593,0.00033945936184623794,0.002742862215552303,4.97471024865707e-08,6.07371801975342e-08,8.537736462515939e-07,9.461492062008227e-08,1.3912543381953188e-07,1.391036728406429e-07,2.2344900183246783e-11,0.0003096905608130743,4.97471024865707e-08,2.710505431213761e-20,5.421010862427522e-20,9.364638383666187e-17,1.0013734207146314,1.081335254023474e-16,1.0010837317998065,1.7193656930603214e-08,-3.4794555198972184e-08
irregular,0.1,0.0,0.4,10.0,0.0005061275821676028,0.0005368895810632299,0.0016929907312202288,0.000305499053993919,0.0003348281292711564,0.0027063749254551987,4.823394999100722e-08,5.892423084521295e-08,0.0,9.171225289693775e-08,1.348535987623142e-07,1.348328679581612e-07,2.1291462784491268e-11,0.00030545209016710686,4.8233949991007214e-08,2.710505431213761e-20,1.0842021724855044e-19,6.621799008432732e-17,1.0013567921940005,1.0813352701366236e-16,1.0010703390585347,1.6684963203162512e-08,-3.377061925821613e-08
irregular,0.1,0.0,0.8,2.1,0.0787732847363454,0.08703551327592245,0.2931451252452901,0.047516541713439955,0.053692854860113055,0.49269141408876926,0.0014053466386455625,0.0016912506334587224,0.007706259073870629,0.025211236842156193,0.036748763415010745,0.035686221945134364,0.001086879416669727,0.046142664298696304,0.0014053466386455622,2.7755575615628914e-17,5.551115123125783e-17,1.1469294712795144e-16,1.2557456400585167,7.646197158819643e-17,1.210496657368041,0.004700088522951784,-0.009965351320966931
irregular,0.1,0.0,0.8,2.149685534591195,0.07354655433086879,0.0810634703311706,0.2736524071127759,0.04428499722482677,0.049963264125520684,0.4589196302058176,0.001219364921478832,0.0014678468586974403,0.00668401950274016,0.021380633370072087,0.031030625009806447,0.030195445523593285,0.0008544125098716144,0.04309308049039123,0.001219364921478832,5.551115123125783e-17,1.1102230246251565e-16,6.621801179227124e-17,1.2364355144944295,1.0813353627872299e-16,1.19483937462328,0.003989832626716261,-0.00842560341124371
irregular,0.1,0.0,0.8,2.1993710691823902,0.06877786935045306,0.07563971730322919,0.2558466829989547,0.041347436053411554,0.0465826787940609,0.42820224343234836,0.001061889381810767,0.0012786016749408177,0.0058183442515394,0.01820505003917973,0.02631956836531603,0.025658911871361927,0.0006759420377328485,0.04030955990902022,0.001061889381810767,4.5102810375396984e-17,1.1102230246251565e-16,1.1469294712795144e-16,1.2191222750582478,1.8729275464921986e-16,1.180763846763294,0.0034001085043171564,-0.007154058498931526
irregular,0.1,0.0,0.8,2.249056603773585,0.06441802621885935,0.07070162960563647,0.2395503019466502,0.038670649109382275,0.04351021684609049,0.40019837466942576,0.0009279770428341509,0.0011176081352494104,0.005082185647264149,0.015560500943918164,0.022418188992733935,0.021892435387555902,0.0005379678181333395,0.03776374118785382,0.0009279770428341509,4.163336342344337e-17,1.1102230246251565e-16,9.364638802298074e-17,1.2035421084303666,1.5292389532278588e-16,1.1680670790477636,0.0029083045436848476,-0.006098880494352754
irregular,0.1,0.0,0.8,2.29874213836478,0.06042403049732238,0.06619511804129255,0.22460746376125526,0.036225894507390416,0.04071074397735991,0.37461222798984756,0.0008136384466790479,0.0009800956124195947,0.004453677554466547,0.01334865430887659,0.01917159948573805,0.018750813303843775,0.0004305966943824245,0.035430793616261884,0.0008136384466790479,2.7755575615628914e-17,1.1102230246251565e-16,9.364641035001153e-17,1.1894737308512102,1.7097411521061839e-16,1.1565777470340723,0.0024964428915594805,-0.0052192149195239845
irregular,0.1,0.0,0.8,2.348427672955975,0.05675820207319293,0.062073279205132434,0.2108811656956136,0.033988201686221554,0.038153931312437425,0.35118621769641467,0.0007156356211071934,0.0008621896514917168,0.003915049597699581,0.011491087413972322,0.01645746956135043,0.016118869514381177,0.00034651881732725615,0.03328892002299539,0.0007156356211071934,2.7755575615628914e-17,1.1102230246251565e-16,6.621801968606726e-17,1.176730307011498,1.3243598148428782e-16,1.146150384790549,0.0021501517461433584,-0.004482663342669974
irregular,0.1,0.0,0.8,2.39811320754717,0.053387424643920114,0.05829528833394633,0.19825062429855037,0.03193579852298972,0.03581348936023475,0.32969527886996813,0.0006313265913714774,0.0007607270300271516,0.0034517867907955346,0.009924922814273884,0.014178582653277835,0.013904713654236588,0.00028029097974578097,0.031318936782366295,0.0006313265913714775,2.0816681711721685e-17,5.551115123125783e-17,1.986539906452952e-16,1.1651531299768294,2.1626704516509227e-16,1.136660795354997,0.0018578825090942996,-0.0038633833744622093
irregular,0.1,0.0,0.8,2.4477987421383647,0.05028251385649082,0.05482548592434456,0.186609091290355,0.030049637163746618,0.03366654125587659,0.309942134829873,0.0005585448739479044,0.0006731123313230199,0.0030519756864363073,0.008599491672113728,0.012257228049365932,0.012034629579920011,0.00022783010185705083,0.029503918081657643,0.0005585448739479044,2.7755575615628914e-17,1.1102230246251565e-16,9.364639360473893e-17,1.1546066314788737,2.756874725989912e-16,1.1280023949443019,0.0016103095012914848,-0.003340648449150413
irregular,0.1,0.0,0.8,2.4974842767295597,0.04741768342275842,0.05163262021850281,0.1758619973746705,0.028312999576366165,0.03169310689603414,0.29175334248755286,0.0004955054650403062,0.0005972059765343868,0.002705794305249346,0.007473766328886347,0.010630943754563308,0.010449172093352641,0.00018605201878077777,0.027828893829438112,0.0004955054650403062,1.3877787807814457e-17,1.1102230246251565e-16,1.1469294257046526e-16,1.1449744080727995,1.7097411317244823e-16,1.1200832775747773,0.001399866786367221,-0.0028977483514402713
irregular,0.1,0.0,0.8,2.547169811320755,0.04477009245658822,0.04868921583329377,0.16592536985746412,0.026711167861004935,0.02987567597183423,0.27497597341799196,0.0004407310418725672,0.0005312362712277505,0.002405110214767157,0.006514372914602349,0.009249261596054863,0.009100166476801227,0.00015261169863457324,0.02628059243438503,0.0004407310418725672,1.3877787807814457e-17,5.551115123125783e-17,1.4806792627940936e-16,1.1361560307396321,1.7097411928695865e-16,1.1128238405901396,0.0012203886691050103,-0.0025211442376205373
irregular,0.1,0.0,0.8,2.59685534591195,0.04231946040045367,0.045971045060646934,0.1567244797374682,0.025231147450311665,0.02819885272641439,0.25947481696168223,0.0003929936899348582,0.0004737299096951204,0.002143160456461416,0.0056940441612278,0.00807120181686061,0.007948387497351671,0.00012571490814928445,0.02484722120551544,0.0003929936899348582,2.7755575615628914e-17,2.7755575615628914e-17,2.196202328363454e-16,1.1280644642651791,1.0813352983346351e-16,1.1061548506260372,0.001066829094936994,-0.0021998151262347387
irregular,0.1,0.0,0.8,2.646540880503145,0.04004773840311447,0.043456683184422314,0.14819268162967963,0.023861433729238348,0.02664905893187986,0.24513001408227264,0.0003512686333132507,0.0004234567581803104,0.0019143002667649455,0.00499040835441955,0.00706333227852568,0.0069617532900817765,0.00010398063688330943,0.023518278373457296,0.0003512686333132507,1.214306433183765e-17,5.551115123125783e-17,1.4806794040026584e-16,1.1206239652932541,1.7097411521061839e-16,1.1000158581553696,0.0009350414639659466,-0.0019247494384364572
irregular,0.1,0.0,0.8,2.6962264150943396,0.03793882801149418,0.04112713289774033,0.14027041638195614,0.022591814473483535,0.02521428439208272,0.23183504815043732,0.00031469730139391564,0.0003793857519479304,0.0017137989184509126,0.004385036465978045,0.006198255959042972,0.006113911928735303,8.633987438012153e-05,0.022284391756956845,0.00031469730139391564,2.0816681711721685e-17,5.551115123125783e-17,1.7519634676186695e-16,1.1137683591370402,2.293858403256446e-16,1.0943538899560377,0.0008216049728521635,-0.0016885471413336517
irregular,0.1,0.0,0.8,2.7459119496855346,0.03597833965294785,0.03896550582566763,0.13290435118205535,0.021413201972251373,0.023883876449476395,0.21949503276717824,0.000282557699844034,0.00034064949288945977,0.0015376766761869664,0.003862688699853581,0.005453425481552554,0.005383129334937769,7.196062327974778e-05,0.021137179939782917,0.000282557699844034,2.0816681711721685e-17,2.7755575615628914e-17,1.6220029877848249e-16,1.1074396185208166,1.7097411011519292e-16,1.0891223646982273,0.0007236869876337537,-0.0014851067510981003
irregular,0.1,0.0,0.8,2.7955974842767297,0.034153384689593516,0.036956751454877375,0.12604663642022432,0.020317489858917192,0.022648361663920893,0.20802524785122922,0.0002542405275776223,0.0003065156959002635,0.0013825769593351655,0.003410715885238449,0.004810208910039923,0.004751409780779698,6.019198530621566e-05,0.020069132514194742,0.00025424052757762225,1.3877787807814457e-17,2.7755575615628914e-17,1.3243599200935274e-16,1.1015866846849334,1.5292389874090115e-16,1.084280188816089,0.0006389334654558487,-0.0013093778277670498
irregular,0.1,0.0,0.8,2.845283018867925,0.03245239588706433,0.03508742558863159,0.11965426165587871,0.01929743059261694,0.0214992941546017,0.1973498838301396,0.00022922983754466135,0.00027636405456022637,0.0012456583832005682,0.0030185817258115,0.00425314974421963,0.0042037969236240445,5.052220917398155e-05,0.019073506515810672,0.00022922983754466135,1.3877787807814457e-17,2.7755575615628914e-17,1.6220029555585272e-16,1.0961644843090999,1.709741182678736e-16,1.079790998939215,0.0005653813210804992,-0.001157164297180921
irregular,0.1,0.0,0.8,2.89496855345912,0.030864972005178196,0.03334549189069362,0.1136884963488877,0.018346530267891598,0.020429126139254787,0.18740096112405413,0.00020708730866357395,0.0002496674163866775,0.0011245031919414979,0.0026774798381174582,0.003769377852595396,0.0037278157099874146,4.254702679101015e-05,0.018144236643539046,0.00020708730866357398,1.3877787807814457e-17,2.7755575615628914e-17,1.872927565098062e-16,1.0911331056179374,1.709741141915333e-16,1.075622524150445,0.0005013880448791752,-0.0010249674295303712
irregular,0.1,0.0,0.8,2.9446540880503145,0.029381742926243112,0.031720151237772345,0.10811440293344708,0.017458958018697755,0.019431097031915555,0.1781173976768728,0.0001874394013247758,0.00022597640141706776,0.001017055504422828,0.0023800254838768804,0.003348138349251729,0.00331302475773123,3.594561869409188e-05,0.017275857245583316,0.00018743940132477584,1.3877787807814457e-17,2.7755575615628914e-17,9.364638802298074e-17,1.086457104633569,1.7097412030604368e-16,1.071746046741793,0.00044557494509966933,-0.0009098599164652915
irregular,0.1,0.0,0.8,2.9943396226415095,0.02799425231857896,0.030201694529443407,0.10290041193329777,0.016629467758305858,0.018499138119936375,0.16944420193512943,0.00016996682598019382,0.0002049067844985205,0.0009215556171468631,0.0021200064268088467,0.002980413104075543,0.0029506558031353273,3.0462271118477723e-05,0.016463434373241607,0.00016996682598019382,1.3877787807814457e-17,2.7755575615628914e-17,9.364638802298074e-17,1.082104918414598,1.0813352499951865e-16,1.0681359443492158,0.00039678119726535566,-0.000809384454176304
irregular,0.1,0.0,0.8,3.0440251572327046,0.026694855312478803,0.028781375355277777,0.09801795039218605,0.015853330381694827,0.017627790369761715,0.1613317725181143,0.00015439587527694125,0.00018612910539464466,0.0008364969024805775,0.001892180792815122,0.0026586153632839568,0.002633322080542637,2.5892303771888383e-05,0.015702506470393694,0.00015439587527694125,6.938893903907228e-18,2.7755575615628914e-17,1.146929334554924e-16,1.0780483666938203,1.7097412030604368e-16,1.0647692996463574,0.0003540265023630196,-0.0007214717272702037
irregular,0.1,0.0,0.8,3.0937106918238992,0.025476629062600415,0.027451299528291284,0.0934411163042353,0.01512627487052116,0.016812133337090186,0.1537352889337667,0.0001404912638275984,0.00016936008220496093,0.0007605834273627982,0.001692112453178548,0.0023763423415615365,0.002354781521902179,2.2071219894572246e-05,0.014989032488017102,0.00014049126382759843,6.938893903907228e-18,2.7755575615628914e-17,1.622003020011122e-16,1.0742622269108093,2.1626704758206478e-16,1.0616255663802385,0.00031648063054934283,-0.0006443738202518839
irregular,0.1,0.0,0.8,3.1433962264150948,0.024333294399959987,0.0262043289905989,0.08914639267660529,0.014444436996970898,0.01604772350209167,0.14661418004789156,0.0001280501925592773,0.00015435549027530268,0.0006926982921732286,0.001516036482822009,0.002128173987638939,0.0021097437394085178,1.8866300498521278e-05,0.014319346397729903,0.00012805019255927733,1.3877787807814457e-17,2.7755575615628914e-17,9.364639360473893e-17,1.0707238704620967,1.7097411011519292e-16,1.0586862825976397,0.0002834384936290374,-0.0005766099495605609
irregular,0.1,0.0,0.8,3.1930817610062894,0.02325914705072127,0.025033998003859238,0.08511239595856636,0.013804314533138422,0.015330540631077506,0.13993165942968908,0.00011689741155272587,0.00014090423662234167,0.0006318801770064139,0.0013607488172552775,0.0019095086841254753,0.0018937121202119407,1.6170062046606472e-05,0.013690117232744829,0.0001168974115527259,1.3877787807814457e-17,1.3877787807814457e-17,1.146929197830317e-16,1.0674129502345182,1.5292389532278588e-16,1.0559348235597192,0.00025429967363735373,-0.0005169220752390194
irregular,0.1,0.0,0.8,3.2427672955974844,0.02224899712773904,0.023934439871393102,0.08131965422754853,0.013202728045884946,0.014656940995415816,0.13365431804676103,0.00010688110002735858,0.00012882341319869916,0.0005772892644782604,0.001223515452637,0.0017164286128540996,0.0017028541907396424,1.3895141793627917e-05,0.013098313913997914,0.0001068811000273586,1.3877787807814457e-17,2.7755575615628914e-17,1.3243598411555412e-16,1.06431113127716,1.7097411113427802e-16,1.0533561881656113,0.00022855155603433708,-0.0004642384661612056
irregular,0.1,0.0,0.8,3.2924528301886795,0.0212981157923331,0.02290032271473064,0.07775041124902382,0.012636786500468728,0.014023616466713998,0.12775176654014941,9.786941743705893e-05,0.0001179541544406352,0.0005282023691655885,0.0011019974858600971,0.0015455890418055174,0.0015338948281898323,1.1970282089754171e-05,0.012541174227894863,9.786941743705893e-05,6.938893903907228e-18,2.7755575615628914e-17,1.1469294257046526e-16,1.0614018579035611,1.7097411521061839e-16,1.050936813773093,0.00020575538895747925,-0.00041764369254082556
irregular,0.1,0.0,0.8,3.342138364779874,0.02040218814460614,0.021926793055800455,0.07438845316852379,0.012103857015230375,0.013427558662381451,0.12219632034565683,8.97476076264307e-05,0.00010815815789342619,0.0004839895131214312,0.0009941890378590325,0.0013941269752580782,0.0013840280045264728,1.0337164475707684e-05,0.012016177413654829,8.97476076264307e-05,6.938893903907228e-18,1.3877787807814457e-17,1.622003020011122e-16,1.0586701516741843,2.293858456427129e-16,1.0486644151695743,0.00018553472576605945,-0.00037635383132249983
irregular,0.1,0.0,0.8,3.3918238993710697,0.019557271535996984,0.021009426145881055,0.07121895477034826,0.01160153820870794,0.012866027443950838,0.11696272191607421,8.241556026373501e-05,9.931475330972931e-05,0.0004441010125983816,0.0008983656904602835,0.001259585534844513,0.0012508436162461407,8.947903776793068e-06,0.011521019895476476,8.241556026373501e-05,6.938893903907228e-18,1.3877787807814457e-17,1.3243598806245348e-16,1.0561024356480884,1.0813352499951865e-16,1.0465278441512935,0.00016756581514820734,-0.000339695914402173
irregular,0.1,0.0,0.8,3.4415094339622643,0.01875975861206904,0.02014418214080854,0.0682283430258479,0.011127636663374863,0.012336523177017595,0.11202789516036447,7.578575155126123e-05,9.131842684259504e-05,0.0004080555743513148,0.0008130415308258943,0.0011398511656875933,0.0011322666360943836,7.763056960022646e-06,0.011053593760128861,7.578575155126121e-05,6.938893903907228e-18,2.7755575615628914e-17,1.3243598016865464e-16,1.0536863810573394,1.8729275930068566e-16,1.0445169667449563,0.0001515695877692541,-0.00030709084187810487
irregular,0.1,0.0,0.8,3.4911949685534593,0.01800634449024999,0.019327367354448205,0.06540417565983721,0.010680146099614202,0.011836762250355877,0.1073707280590651,6.978150049595413e-05,8.40767240141449e-05,0.0003754284555830946,0.000736933265202008,0.0010331013341401487,0.0010265063623977426,6.750035120144641e-06,0.010611967635988125,6.978150049595413e-05,4.336808689942018e-18,1.3877787807814457e-17,9.364638244122221e-17,1.0514107731831552,2.162670508046948e-16,1.0426225555795872,0.00013730495571991075,-0.0002780391344025454
irregular,0.1,0.0,0.8,3.5408805031446544,0.017293997559312598,0.018555599933669384,0.06273503305794326,0.010257228911915741,0.01136465542592065,0.10297187968215614,6.433548848675783e-05,7.750846885690468e-05,0.0003458573708131724,0.0006689301562588552,0.0009377608364100991,0.0009320139695397954,5.881832414221343e-06,0.010194369676675476,6.433548848675783e-05,5.204170427930421e-18,1.3877787807814457e-17,9.364639360473893e-17,1.0492653937266023,1.709741141915333e-16,1.0408361953069276,0.00012456319465706245,-0.00025210901914897443
irregular,0.1,0.0,0.8,3.590566037735849,0.016619933457177462,0.017825779391705977,0.060210421653535746,0.009857199768510135,0.010918288653618885,0.0988136087118886,5.938849922510175e-05,7.154224773427784e-05,0.0003190064420263712,0.0006080687719590762,0.0008524651969039357,0.0008474469037149948,5.136005140880649e-06,0.009799172392565638,5.938849922510175e-05,6.938893903907228e-18,0.0,9.364637685946336e-17,1.0472409173905066,2.293858433639694e-16,1.039150199292143,0.00011316322143416213,-0.00022892643978653093
irregular,0.1,0.0,0.8,3.640251572327044,0.015981591843117333,0.01713505951586174,0.05782068764846435,0.00947851101728338,0.010495906037036986,0.0948796207538612,5.4888343559856854e-05,6.611511533141492e-05,0.0002946001607761011,0.0005535117211305199,0.0007760299217389498,0.0007716389402322131,4.4938489684157575e-06,0.009424879107710836,5.4888343559856854e-05,3.469446951953614e-18,1.3877787807814457e-17,1.8729277883684064e-16,1.0453288207402383,1.7097411928695865e-16,1.037557536065427,0.00010294761445460432,-0.00020816665745320567
irregular,0.1,0.0,0.8,3.689937106918239,0.015376615631270128,0.01648082423244182,0.05555693988733563,0.00911973967612492,0.010095894680454224,0.09115493201252069,5.078893990196503e-05,6.117148764225061e-05,0.0002723792178287359,0.0005045297014664383,0.000707424602185587,0.0007035749368351688,3.939733685560867e-06,0.009070111849035578,5.078893990196503e-05,6.938893903907228e-18,1.3877787807814457e-17,1.4806794040026584e-16,1.0435213017027867,1.529238930440423e-16,1.0360517642493283,9.377925171055734e-05,-0.00018954717113427166
irregular,0.1,0.0,0.8,3.7396226415094342,0.014802832395909855,0.01586066606867478,0.0534109804699972,0.008779575815873313,0.009716771184810572,0.08762574768713854,4.7049525883729314e-05,5.6662192741887406e-05,0.00025212500998607627,0.000460486307117415,0.0006457510469098179,0.0006423694930487543,3.4605636118658686e-06,0.008733600499780928,4.7049525883729314e-05,5.204170427930421e-18,1.3877787807814457e-17,1.1469292889800568e-16,1.0418112083069293,1.7097411521061839e-16,1.0346269748643138,8.553846387108349e-05,-0.0001728217352569561
irregular,0.1,0.0,0.8,3.7893081761006293,0.014258237696263125,0.01527236689972866,0.05137524269578751,0.008456812169613559,0.009357169591986897,0.08427935292475643,4.363398101422332e-05,5.2543655048070434e-05,0.00023363933508935403,0.00042082514130433314,0.0005902247702074035,0.0005872488672531938,3.045338586316386e-06,0.008414173070766681,4.363398101422332e-05,6.938893903907228e-18,1.3877787807814457e-17,1.146929243405188e-16,1.0401919754710502,1.7097411928695865e-16,1.0332777400726945,7.812061793504438e-05,-0.0001577752921896186
irregular,0.1,0.0,0.8,3.838993710691824,0.013740980100796808,0.014713880710262741,0.049442735148324535,0.008150334823945931,0.009015830603723823,0.0811040152787028,4.051024343332602e-05,4.8777192765995336e-05,0.00021673914666849067,0.0003850588591417142,0.0005401592833066644,0.0005375356179232496,2.684795720935778e-06,0.008110746961621463,4.0510243433326025e-05,5.204170427930421e-18,2.7755575615628914e-17,1.8729276767332374e-16,1.038657568816271,1.0813352983346351e-16,1.0319990675538213,7.143406171519762e-05,-0.00014421966962030464
irregular,0.1,0.0,0.8,3.888679245283019,0.013249347718569926,0.014183318135234994,0.04760699138572552,0.007859114866565,0.008691591924504003,0.07808889699877392,3.7649806625272664e-05,4.532841154241623e-05,0.00020127340237542787,0.0003527598307881388,0.0004949527330247755,0.0004926355286634865,2.3711162139023157e-06,0.007822321100151422,3.7649806625272664e-05,3.469446951953614e-18,1.3877787807814457e-17,9.364638802298074e-17,1.037202434626752,1.529238941834141e-16,1.030786359815662,6.53983714432177e-05,-0.00013198991901266013
irregular,0.1,0.0,0.8,3.938364779874214,0.012781756069145188,0.0136789325750069,0.04586202455702877,0.007582200880581335,0.008383379597396089,0.0752239762142024,3.502728424241134e-05,4.216668009333812e-05,0.00018710698302827625,0.0003235521680465914,0.0004540765111297935,0.00045202645259541743,2.0976847321310054e-06,0.0075479688618717245,3.5027284242411335e-05,1.734723475976807e-18,6.938893903907228e-18,1.4806794393047975e-16,1.0358214552008624,1.5292390329838807e-16,1.0296353778429435,5.9942854613734275e-05,-0.0001209411926997965
irregular,0.1,0.0,0.8,3.9880503144654087,0.012336737143238215,0.01319910770581033,0.044202286501326654,0.00731871218983002,0.008090200218710273,0.07249997601197454,3.262003306445139e-05,3.926467580251894e-05,0.00017410703504362054,0.0002971049009352761,0.0004170655222610157,0.0004152487736862555,1.8588913969184235e-06,0.007286831683697862,3.262003306445139e-05,3.469446951953614e-18,6.938893903907228e-18,9.364638802298074e-17,1.0345099089401961,1.3243598411555412e-16,1.028542208562868,5.5005268239385896e-05,-0.00011094607462732928
irregular,0.1,0.0,0.8,4.037735849056604,0.01191292952418437,0.012742346229059521,0.042622630786465665,0.007067832771360012,0.007811133931823379,0.0699083004712049,3.04078256955305e-05,3.659799021094865e-05,0.00016217205110731923,0.0002731261263702496,0.00038350985103511096,0.00038189723343959406,1.6499683962599675e-06,0.007038113296205716,3.04078256955305e-05,3.469446951953614e-18,1.3877787807814457e-17,1.146929243405188e-16,1.0332634346112364,1.7097411113427802e-16,1.0275032356782714,5.0530719307460836e-05,-0.00010189229405643818
irregular,0.1,0.0,0.8,4.087421383647799,0.011509069455874496,0.0123072597223496,0.0411182790789784,0.006828805761586611,0.007545328112991304,0.06744097686120154,2.837256589764642e-05,3.4144785844890683e-05,0.00015119991400932908,0.00025135798042374784,0.0003530476122634293,0.000351613913129718,1.4668548196666734e-06,0.006801074507884308,2.8372565897646416e-05,3.469446951953614e-18,1.3877787807814457e-17,9.364639360473893e-17,1.0320779992892721,1.529238930440423e-16,1.026515113476929,4.647071968313238e-05,-9.368076328321664e-05
irregular,0.1,0.0,0.8,4.1371069182389935,0.011123982756343933,0.011892559471731604,0.03968479100357829,0.006600928491529483,0.0072919916727478655,0.0650906035088288,2.649804055323286e-05,3.1885497165184e-05,0.00014110272392047464,0.00023157230981611798,0.00032535880382989646,0.00032408219616635346,1.3060845590584936e-06,0.0065750284826789724,2.6498040553232867e-05,3.469446951953614e-18,6.938893903907228e-18,1.986539774889643e-16,1.0309498695581476,2.756874719669815e-16,1.0255747432761264,4.278237220721459e-05,-8.62238901058153e-05
irregular,0.1,0.0,0.8,4.186792452830189,0.010756577487976782,0.011497048179352131,0.03831803644832487,0.006383547994288807,0.007050389905800631,0.06285030247695964,2.476970315385209e-05,2.9802569495258196e-05,0.00013179400442638766,0.00021356693831410252,0.0003001600111638121,0.00029902156359209146,1.1646931113913986e-06,0.00635933645896509,2.4769703153852086e-05,3.469446951953614e-18,6.938893903907228e-18,1.146929243405188e-16,1.0298755855942199,1.8729275744009933e-16,1.0246792522048833,3.9427668466922305e-05,-7.944412376136023e-05
irregular,0.1,0.0,0.8,4.2364779874213845,0.010405837305604413,0.01111961245316876,0.03701417077429842,0.006176056934644966,0.006819839830405646,0.06071367670823752,2.3174484481999592e-05,2.7880230708880728e-05,0.0001232128784939366,0.00019716244030731897,0.0002771998365450293,0.00027618309924391245,1.0401399110150675e-06,0.0061534038640748655,2.3174484481999595e-05,3.469446951953614e-18,6.938893903907228e-18,1.1469294712795144e-16,1.028851937809961,1.7097412030604368e-16,1.0238259740634779,3.637288181271986e-05,-7.32726996695611e-05
irregular,0.1,0.0,0.8,4.286163522012579,0.010070815412754645,0.010759215996389897,0.03576961181311685,0.005977889916535813,0.0065997059652206464,0.058674771307880194,2.1700626784679235e-05,2.6104291231063275e-05,0.00011528157499126936,0.0001821993476296696,0.00025625494662921824,0.0002553456006415442,9.302434531532991e-07,0.00595667678374808,2.1700626784679235e-05,3.469446951953614e-18,6.938893903907228e-18,1.6220029555585272e-16,1.0278759457731672,1.8729276209156505e-16,1.02301243203205,3.358804176988722e-05,-6.764855380992155e-05
irregular,0.1,0.0,0.8,4.335849056603774,0.009750629064198766,0.010414893423872761,0.034581019555850356,0.005788520129263654,0.006389396497732581,0.05672803804949416,2.0337538287654727e-05,2.446196855184457e-05,0.00010795764354928253,0.00016853572718867097,0.00023712664832745953,0.00023631220791445114,8.33126979208832e-07,0.005768638750439143,2.0337538287654727e-05,3.469446951953614e-18,6.938893903907228e-18,1.622003020011122e-16,1.0269448391526996,1.8729275837039252e-16,1.022236323027857,3.1046478140145384e-05,-6.251738212666169e-05
irregular,0.1,0.0,0.8,4.385534591194968,0.009444454559854905,0.010085744641042067,0.0334452769800567,0.005607456297761896,0.006188359803669025,0.054868303368275056,1.9075665343072615e-05,2.29417329957911e-05,0.00010118208325208354,0.00015604507656333749,0.00021963791712724536,0.0002189074766325672,7.471729035928644e-07,0.005588807818457431,1.9075665343072615e-05,3.2526065174565133e-18,3.469446951953614e-18,1.4806793333983775e-16,1.0260560404719337,1.8729275557951303e-16,1.0214955035348154,2.8724424882997646e-05,-5.7830824163749434e-05
irregular,0.1,0.0,0.8,4.435220125786164,0.009151522681177568,0.009770929728200881,0.03235947302818855,0.005434239906162783,0.00599608128145947,0.05309073906939572,1.790637990391674e-05,2.153317196877598e-05,9.491490366122738e-05,0.00014461449276403546,0.0002036308135926345,0.00020297483173287357,6.709844930103719e-07,0.005416733897434836,1.790637990391674e-05,1.734723475976807e-18,6.938893903907228e-18,9.364639360473893e-17,1.0252071494772876,1.0813352177688863e-16,1.0207879767498889,2.6600675368800702e-05,-5.354575331441638e-05
irregular,0.1,0.0,0.8,4.484905660377359,0.008871114526501774,0.009469664279500956,0.031320886948556885,0.005268442667331799,0.005812080469865571,0.05139083573690739,1.6821880326459672e-05,2.0226870275788977e-05,8.908750603873126e-05,0.00013414307608451413,0.0001889642335317893,0.00018837434922398645,6.033535758419491e-07,0.005251996318740147,1.682188032645967e-05,3.469446951953614e-18,6.938893903907228e-18,1.1469292889800568e-16,1.024395928951981,1.3243597753738826e-16,1.0201118809090368,2.4656281856272333e-05,-4.962365873611985e-05
irregular,0.1,0.0,0.8,4.534591194968554,0.00860255770652557,0.009181215151463466,0.03032697387714233,0.005109664214052175,0.005635908420465229,0.04976437828802582,1.5815103801135036e-05,1.9014304459054066e-05,8.368723947076661e-05,0.00012454053663795824,0.00017551194549881663,0.00017498082031671954,5.432332772023122e-07,0.005094201612185218,1.5815103801135036e-05,1.734723475976807e-18,6.938893903907228e-18,1.480679298096236e-16,1.0236202918249766,1.872927630218582e-16,1.0194654786713264,2.2874293108179206e-05,-4.603010621795356e-05
irregular,0.1,0.0,0.8,4.584276729559749,0.008345222865251,0.008904896580853998,0.02937535172731975,0.004957529990191875,0.005467145299803439,0.04820742385052924,1.4879648923960753e-05,1.7887749365928146e-05,7.869088628673978e-05,0.00011572597593624789,0.00016316087617119094,0.00016268205933132922,4.897149508639061e-07,0.00494298147280752,1.4879648923960756e-05,2.6020852139652106e-18,6.938893903907228e-18,6.621800389847427e-17,1.0228782894423347,1.0813352661083362e-16,1.0188471474536265,2.123952495119985e-05,-4.2734267170243395e-05
irregular,0.1,0.0,0.8,4.633962264150943,0.008098520495399162,0.008640066636108822,0.028463789163131435,0.004811689322517299,0.005305398198761797,0.04671628139119776,1.4009707147441389e-05,1.684019542596186e-05,7.403748632641779e-05,0.0001076268198958203,0.0001518096099342957,0.0001513774223809607,4.420086241632333e-07,0.004797990899626898,1.4009707147441389e-05,1.734723475976807e-18,6.938893903907228e-18,1.4806794393047975e-16,1.022168100883306,1.0813352499951865e-16,1.01825537062043,1.973835934144033e-05,-3.9708506491521744e-05
irregular,0.1,0.0,0.8,4.683647798742139,0.00786189802052737,0.008386123970278155,0.02759019469468684,0.0046718136558822196,0.0051502991291387905,0.04528749315551583,1.3200001997210339e-05,1.586527529904872e-05,6.970684070160921e-05,0.00010017788305360986,0.0001413670738919207,0.00014097650860395524,3.9942638879948073e-07,0.00465890649019224,1.3200001997210339e-05,1.734723475976807e-18,6.938893903907228e-18,7.919935677018208e-20,1.0214880232166883,1.7097411113427802e-16,1.0176887294439692,1.8358568133845093e-05,-3.692802140748894e-05
irregular,0.1,0.0,0.8,4.733333333333333,0.007634837118986638,0.008142504846907267,0.02675260642884209,0.004537594936343033,0.0050015031895466145,0.04391781751279197,1.2445735110339973e-05,1.4957198745652335e-05,6.567400924843193e-05,9.332054665883564e-05,0.00013175138365465207,0.00013139801975588493,3.6136826763741217e-07,0.004525424876391821,1.2445735110339973e-05,1.3010426069826053e-18,3.469446951953614e-18,1.3243598806245348e-16,1.020836462604566,1.8729275464921986e-16,1.0171458957591029,1.7089158296273305e-05,-3.4370524509840655e-05
irregular,0.1,0.0,0.8,4.783018867924529,0.0074168512673913846,0.007908680413221096,0.025949182864629914,0.004408744128352349,0.004858686884630496,0.04260421344355798,1.174253825905387e-05,1.411069472406457e-05,6.192655148445526e-05,8.700203575130668e-05,0.0001228888287598319,0.00012256875739718364,3.2731016618601966e-07,0.004397261288496441,1.174253825905387e-05,1.0842021724855044e-18,6.938893903907228e-18,1.146929334554924e-16,1.0202119261707134,1.7097411521061839e-16,1.0166256252456607,1.5920235765652657e-05,-3.2015965183769535e-05
irregular,0.1,0.0,0.8,4.8327044025157235,0.007207483483534234,0.007684154197641873,0.02517819442746253,0.00428498985362546,0.004721546583285702,0.04134382613739928,1.1086430642644424e-05,1.3320959842300916e-05,5.841958262052438e-05,8.1174782415063e-05,0.00011471297955027117,0.0001144227398217308,2.967935829577651e-07,0.004274148235730167,1.1086430642644425e-05,1.734723475976807e-18,3.469446951953614e-18,1.6220028911059293e-16,1.019613014559904,1.529238941834141e-16,1.0161267512781564,1.4842885536582584e-05,-2.9846284428322947e-05
irregular,0.1,0.0,0.8,4.882389937106918,0.007006304250717108,0.007468459811041479,0.024438015468715095,0.004166077140527334,0.004589797103013797,0.04013397371782754,1.0473780820694737e-05,1.2583612409305636e-05,5.5159328118887324e-05,7.579586416786986e-05,0.00010716389986704362,0.00010690042334750774,2.69416806563553e-07,0.00415583429282894,1.0473780820694737e-05,1.734723475976807e-18,3.469446951953614e-18,9.364638802298074e-17,1.019038415122241,2.162670499990373e-16,1.015648179289142,1.384906590351856e-05,-2.7845198768599103e-05
irregular,0.1,0.0,0.8,4.932075471698114,0.0068129096072448965,0.0072611588331944425,0.023727117153948176,0.004051766273965026,0.004463170408888568,0.03897213526971416,9.901272741148094e-06,1.1894651427295588e-05,5.210118262536697e-05,7.082650795662354e-05,0.00010018745206649331,9.994801470183668e-05,2.4482737183660507e-07,0.00404208298310542,9.901272741148094e-06,1.734723475976807e-18,3.469446951953614e-18,1.480679298096236e-16,1.0184868956636026,1.3243598148428782e-16,1.015188881598118,1.2931515062791776e-05,-2.599800955006143e-05
irregular,0.1,0.0,0.8,4.981761006289308,0.006626919386435946,0.007061838867763782,0.023044060874359912,0.003941831736763805,0.004341414416753171,0.03785593955890887,9.365875383533403e-06,1.1250419948985665e-05,4.9253194547201114e-05,6.623165152029828e-05,9.37346827102731e-05,9.351686303653203e-05,2.2271558402444944e-07,0.003932671749467556,9.365875383533403e-06,8.673617379884035e-19,3.469446951953614e-18,1.7519634377829152e-16,1.0179572987094363,2.535955962856356e-16,1.0147478926629043,1.2083668522899771e-05,-2.429143441096994e-05
irregular,0.1,0.0,0.8,5.031446540880504,0.0064479755939382995,0.006870111750820381,0.022387491833932408,0.0038360612344028175,0.004224291891311845,0.03678315476025607,8.86481560145066e-06,1.0647572293012779e-05,4.658350502059252e-05,6.197955498714756e-05,8.776127884969368e-05,8.756292165077683e-05,2.0280895074688253e-07,0.0038273910056720708,8.86481560145066e-06,8.673617379884035e-19,3.469446951953614e-18,7.919935677018208e-20,1.0174485362345969,1.3243599069371967e-16,1.0143243047147763,1.129958597962527e-05,-2.2713458160177058e-05
irregular,0.1,0.0,0.8,5.081132075471698,0.006275740910407684,0.006685611899341327,0.021756133767599637,0.003734254795778863,0.004111579430709678,0.03575167898337781,8.395553800071153e-06,1.0083044684594454e-05,4.409143696799964e-05,5.8041456520363154e-05,8.222708617221208e-05,8.204627082132341e-05,1.8486738681094922e-07,0.003726043260837781,8.395553800071151e-06,1.734723475976807e-18,3.469446951953614e-18,9.364639360473893e-17,1.0169595848167432,1.3243597622175503e-16,1.013917263742611,1.0573886490651552e-05,-2.1253200658967464e-05
irregular,0.1,0.0,0.8,5.130817610062893,0.006109897308751814,0.006507994787483719,0.02114878335588788,0.003636223943380375,0.004003066530001562,0.034759531548403166,7.955762125482197e-06,9.554028922176356e-06,4.174769800515657e-05,5.439126664036529e-05,7.709568143318839e-05,7.693069427430319e-05,1.68679078058708e-07,0.003628442310916194,7.955762125482197e-06,8.673617379884035e-19,3.469446951953614e-18,9.364638802298074e-17,1.0164894811751142,1.7097411521061839e-16,1.0135259657947713,9.901690937712954e-06,-1.9900799621970847e-05
irregular,0.1,0.0,0.8,5.180503144654088,0.0059501447761751165,0.006336935539586003,0.020564305643846616,0.00354179092688759,0.003898554716666263,0.03380484483091299,7.543304883903314e-06,9.057948743140404e-06,3.955101232796035e-05,5.1005296552045104e-05,7.233399258865515e-05,7.218330280823393e-05,1.5405690816586872e-07,0.0035344124914111243,7.543304883903314e-06,1.6263032587282567e-18,3.469446951953614e-18,1.1469294712795144e-16,1.0160373180602995,1.8729275930068566e-16,1.0131496535705424,9.278570895950022e-06,-1.864730652622465e-05
irregular,0.1,0.0,0.8,5.230188679245283,0.005796200132151513,0.006172127629896922,0.02000162946042995,0.0034507880147841524,0.0037978567519628137,0.032885856815941104,7.156220947752463e-06,8.592438582483338e-06,3.74980651220318e-05,4.786201640787918e-05,6.791196089914233e-05,6.777419941755234e-05,1.4083536719939241e-07,0.003443787986169522,7.156220947752463e-06,8.673617379884035e-19,3.469446951953614e-18,9.364639360473893e-17,1.0156022404640415,1.7097411215336312e-16,1.0127876132757259,8.70050314381865e-06,-1.7484594051748667e-05
irregular,0.1,0.0,0.8,5.279874213836479,0.005647795934315722,0.0060132816800028445,0.019459743108339093,0.0033630568390743713,0.0037007958925207142,0.03200090423240236,6.792707922079349e-06,8.155324454399099e-06,3.559324886886112e-05,4.4941839959004805e-05,6.380224001094966e-05,6.36761809905101e-05,1.2886787286297236e-07,0.003356412187558319,6.792707922079349e-06,8.673617379884035e-19,3.469446951953614e-18,1.1469292889800568e-16,1.0151834421211092,1.0813352338820364e-16,1.0124391717194456,8.163829144701082e-06,-1.6405273680061838e-05
irregular,0.1,0.0,0.8,5.329559748427673,0.005504679464964998,0.005860124345736991,0.018937690939304745,0.0032784477886618163,0.0036072052070927397,0.03114841603972657,6.4511078904629005e-06,7.744606751764592e-06,3.3764561934797926e-05,4.222693249499518e-05,5.997992765700009e-05,5.986447228050327e-05,1.1802444617713606e-07,0.0032721371037618668,6.451107890462902e-06,8.673617379884035e-19,3.469446951953614e-18,6.621802757986235e-17,1.0147801622780104,1.0813352499951865e-16,1.0121036936314307,7.665218916168628e-06,-1.540262225162292e-05
irregular,0.1,0.0,0.8,5.379245283018868,0.005366611791559046,0.0057123972861473716,0.018434569439410492,0.0031968194473488048,0.003516926943850869,0.03032690761069712,6.1298945591293705e-06,7.358444717522422e-06,3.207053848123908e-05,3.970103936289795e-05,5.642232616883103e-05,5.631648839112904e-05,1.081896916269613e-07,0.0031908228093333944,6.1298945591293705e-06,8.673617379884035e-19,3.469446951953614e-18,9.364638244122221e-17,1.0143916827057056,1.5292389532278588e-16,1.0117805791810146,7.201638776422464e-06,-1.4470516434668401e-05
irregular,0.1,0.0,0.8,5.428930817610063,0.005233366895178383,0.005569856207740608,0.01794952403147868,0.003118038072792789,0.003429811944050872,0.02953497518520025,5.827661658285445e-06,6.995142448334122e-06,3.0497769823498184e-05,3.734933269246535e-05,5.3108728467223996e-05,5.3011622483723724e-05,9.926103959709473e-08,0.003112336935477165,5.827661658285445e-06,1.3010426069826053e-18,3.469446951953614e-18,9.364638244122221e-17,1.0140173249356734,1.5292389532278588e-16,1.0114692616808596,6.770322520190802e-06,-1.3603374188733003e-05
irregular,0.1,0.0,0.8,5.478616352201258,0.0051047308614698104,0.005432269977880807,0.01748174591033783,0.003041977113083925,0.003345719098265551,0.028771290766515665,5.543112460949225e-06,6.6531362377964515e-06,2.8978038473417905e-05,3.515827424767752e-05,5.0020226611425106e-05,4.9931055822699667e-05,9.11472148283862e-08,0.0030365541968591417,5.543112460949226e-06,1.734723475976807e-18,3.469446951953614e-18,9.364642709528113e-17,1.0136564477005852,1.32435982799921e-16,1.0111692054599883,6.3687456323732045e-06,-1.2796102419671516e-05
irregular,0.1,0.0,0.8,5.528301886792454,0.0049805011290780495,0.00529941980174767,0.017030469501430407,0.0029685167579079253,0.0032645148417267096,0.02803459741462215,5.275050309241318e-06,6.330983141550849e-06,2.7546606797101884e-05,3.311549257845062e-05,4.7139540345100285e-05,4.7057587626908145e-05,8.376690015728982e-08,0.0029633559520212223,5.275050309241318e-06,8.673617379884035e-19,3.469446951953614e-18,9.364638244122221e-17,1.013308444562619,1.3243597885302146e-16,1.0108799038921468,5.994602195113705e-06,-1.2044050121748882e-05
irregular,0.1,0.0,0.8,5.577987421383648,0.004860485790995545,0.005171098457745959,0.016594969639651052,0.0028975435215309055,0.0031860726856323663,0.02732370472694078,5.022370035451104e-06,6.0273506188811086e-06,2.623183925019106e-05,3.120967286735092e-05,4.445086338861965e-05,4.4375482502496305e-05,7.704756897490232e-08,0.002892629794741746,5.022370035451104e-06,1.3010426069826053e-18,3.469446951953614e-18,6.621800389847427e-17,1.0129727417139813,1.0813352822214858e-16,1.0106008775667803,5.645784185624725e-06,-1.1342966387830125e-05
irregular,0.1,0.0,0.8,5.627672955974843,0.004744502944691731,0.0050471095867523,0.016174558700653163,0.002828949855084705,0.0031102727815531073,0.02663748492079588,4.784050192454753e-06,5.741007154578978e-06,2.4950064948509156e-05,2.9430458059462337e-05,4.193972549834376e-05,4.1870333499982524e-05,7.092446388939025e-08,0.0028242691739077197,4.784050192454754e-06,8.673617379884035e-19,3.469446951953614e-18,1.3243599595625186e-16,1.0126487959356094,1.0813352983346351e-16,1.0103316725910683,5.320362898684691e-06,-1.0688962743542023e-05
irregular,0.1,0.0,0.8,5.6773584905660375,0.004632380087200283,0.004927267030932703,0.015768585186462025,0.002762633785850265,0.003037001516319243,0.025974868968982687,4.55914600599431e-06,5.470813748782603e-06,2.3783381691639052e-05,2.7768360030745897e-05,3.959286854990668e-05,3.9528939071567915e-05,6.53397020769471e-08,0.002758173039679579,4.55914600599431e-06,8.673617379884035e-19,1.734723475976807e-18,9.364638244122221e-17,1.0123360927013187,1.0813352661083362e-16,1.010071859012503,5.016572259273003e-06,-1.0078479326291502e-05
irregular,0.1,0.0,0.8,5.727044025157233,0.004523953551715768,0.004811394218304042,0.015376430705282216,0.002698498581441327,0.002966151135011122,0.02533484293139937,4.3467829799520276e-06,5.2157162004984435e-06,2.2669257917249843e-05,2.6214679697848593e-05,3.739813510886804e-05,3.7339192408315385e-05,6.024149069085159e-08,0.0026942455139189864,4.3467829799520276e-06,8.673617379884035e-19,1.734723475976807e-18,2.0939966700056185e-16,1.0120341444157528,1.8729276674303065e-16,1.009821029352416,4.73279381845923e-06,-9.508254486647987e-06
irregular,0.1,0.0,0.8,5.7767295597484285,0.004419067982492898,0.004699323589454271,0.01499750859552123,0.0026364524369644057,0.0028976193898620057,0.02471644484480918,4.146151083947875e-06,4.974738088648706e-06,2.161582222402456e-05,2.476143509977045e-05,3.5344368132295344e-05,3.528998181486459e-05,5.5583437876049006e-08,0.0026323955830240236,4.1461510839478755e-06,8.673617379884035e-19,1.734723475976807e-18,1.146929334554924e-16,1.0117424887755675,1.529238941834141e-16,1.0095787972417172,4.467543249833325e-06,-8.975297439474568e-06
irregular,0.1,0.0,0.8,5.826415094339623,0.004317575845172484,0.0045908960632417535,0.014631261551280726,0.0025764081833997638,0.002831309213088024,0.02411876149811676,3.9564994727746116e-06,4.746974398345923e-06,2.063237243740307e-05,2.3401296595205768e-05,3.342132060269015e-05,3.337110093509751e-05,5.132394711209369e-08,0.0025725368114665166,3.9564994727746116e-06,5.421010862427522e-19,3.469446951953614e-18,9.364638244122221e-17,1.01146068724418,2.29385841844807e-16,1.0093447961508624,4.219458185137151e-06,-8.476863635421307e-06
irregular,0.1,0.0,0.8,5.876100628930818,0.004219336969837646,0.0044859605384717765,0.014277160624258243,0.002518283015592025,0.002767128411818937,0.02354092568707743,3.7771316753546803e-06,4.531585713603805e-06,1.967387943764322e-05,2.212752841688537e-05,3.161957403383308e-05,3.157316777890259e-05,4.742568404939033e-08,0.002514587074480243,3.7771316753546803e-06,8.673617379884035e-19,3.469446951953614e-18,9.364638802298074e-17,1.0111883236312564,1.709741182678736e-16,1.009118678206758,3.987287246027746e-06,-8.010432561482428e-06
irregular,0.1,0.0,0.8,5.925786163522012,0.004124218124379437,0.004384373428866564,0.01393470275998752,0.0024619982383811893,0.0027049893834597554,0.022982113365238886,3.607401218112101e-06,4.327792934638778e-06,1.8802414151681903e-05,2.093393591144485e-05,2.9930464909472597e-05,2.9887551619841798e-05,4.3855106754294855e-08,0.002458468308465509,3.6074012181121005e-06,8.131516293641283e-19,1.734723475976807e-18,2.0939968697046885e-16,1.0109250027688848,1.529238976015294e-16,1.0089001130899449,3.769880145589044e-06,-7.573687712740355e-06
irregular,0.1,0.0,0.8,5.975471698113208,0.004032092615914179,0.00428599822883221,0.013603409756750225,0.0024074790295157624,0.002644808849954498,0.02244154133842131,3.4467076308608636e-06,4.134872456078084e-06,1.7908907090463366e-05,1.981481786893328e-05,2.8346018222113887e-05,2.8306306938919054e-05,4.0582051229884397e-08,0.0024041062778023614,3.4467076308608636e-06,8.673617379884035e-19,8.673617379884035e-19,1.1469294257046526e-16,1.0106703492770464,1.5292389646215765e-16,1.0086887870059444,3.5661787471125833e-06,-7.164498506640957e-06
irregular,0.1,0.0,0.8,6.025157232704403,0.0039428399181963,0.0041907051077408625,0.013282826963633906,0.0023546542181111926,0.002586507609541102,0.02191846485361675,3.2944928060243436e-06,3.952151772682124e-06,1.7118108379478336e-05,1.87649234129818e-05,2.685888737292355e-05,2.6822113682131263e-05,3.7579365389324515e-08,0.0023514303568641748,3.2944928060243436e-06,8.673617379884035e-19,1.734723475976807e-18,1.6220029233322287e-16,1.0104240064116417,1.529239044377598e-16,1.008484401725194,3.375208980773564e-06,-6.7809039369761195e-06
irregular,0.1,0.0,0.8,6.074842767295598,0.003856345323136682,0.004098370530634778,0.012972521668535476,0.002303456077514272,0.0025300103047193744,0.021412175277054264,3.150237672609275e-06,3.779005466012565e-06,1.63782182658682e-05,1.7779412981548123e-05,2.5462299776119467e-05,2.5428223181105715e-05,3.4822585405041325e-08,0.0023003733261298498,3.1502376726092744e-06,4.336808689942018e-19,1.734723475976807e-18,5.600240223780845e-20,1.0101856349888763,1.8729275557951303e-16,1.0082866736864449,3.196073529221355e-06,-6.421097787309878e-06
irregular,0.1,0.0,0.8,6.124528301886793,0.003772499614681518,0.004008876903440575,0.012672081752298307,0.0022538201315241576,0.002475245205239182,0.0209219982096899,3.0134591585820818e-06,3.6148515360689238e-06,1.5649929441225564e-05,1.6853822980002644e-05,2.415000758381154e-05,2.4118409157845238e-05,3.2289649256105054e-08,0.002250871181370822,3.0134591585820818e-06,5.963111948670274e-19,1.734723475976807e-18,1.1469292889800568e-16,1.0099549123803373,1.0813353144477842e-16,1.008095333158917,3.0279452037339227e-06,-6.083415243677594e-06
irregular,0.1,0.0,0.8,6.174213836477987,0.003691198763448139,0.003922112240898343,0.012381115207814312,0.0022056849730075845,0.0024221440050229757,0.020447291731160645,2.883707410817687e-06,3.4591480464452264e-06,1.4983666681503355e-05,1.5984033734024524e-05,2.2916243011355524e-05,2.288692329813029e-05,2.996064288810736e-08,0.0022028629549812545,2.8837074108176867e-06,8.673617379884035e-19,1.734723475976807e-18,9.364639360473893e-17,1.009731531573551,1.0813353627872299e-16,1.0079101234589107,2.8700609405445804e-06,-5.7663207639717384e-06
irregular,0.1,0.0,0.8,6.223899371069182,0.0036123436406424996,0.003837969855598168,0.01209924806166321,0.0021589920940240817,0.002370641632025041,0.019987444026070143,2.7605632517225687e-06,3.31139005731968e-06,1.4311854260314507e-05,1.5166240410314544e-05,2.1755677799870694e-05,2.1728454934040966e-05,2.781757506980924e-08,0.002156290548586439,2.7605632517225687e-06,6.505213034913027e-19,1.734723475976807e-18,9.364640476825432e-17,1.009515200293242,1.7097411011519292e-16,1.0077308002168952,2.721716354757431e-06,-5.468397076849492e-06
irregular,0.1,0.0,0.8,6.273584905660378,0.0035358397499093705,0.0037563480666293206,0.011826124231241958,0.0021136857266408886,0.0023206760701015034,0.01954187248638437,2.6436358518913918e-06,3.171106813809205e-06,1.3740186487444049e-05,1.4396926609025048e-05,2.0663386402522136e-05,2.063809442557758e-05,2.584417750788623e-08,0.0021110985761310518,2.643635851891392e-06,4.336808689942018e-19,1.734723475976807e-18,1.146929197830317e-16,1.0093056401788887,1.8729275837039252e-16,1.0075571306914486,2.5822607963160715e-06,-5.1883351970226366e-06
irregular,0.1,0.0,0.8,6.323270440251573,0.003461596975832362,0.0036771499264240492,0.011561404214318697,0.0020697126936869005,0.0022721881920410277,0.01911002142956289,2.532560593277217e-06,3.0378591683861923e-06,1.314367821619951e-05,1.3672840362982127e-05,1.9634812525493094e-05,1.9611299875278437e-05,2.4025727150500902e-08,0.002067234216719101,2.5325605932772167e-06,6.505213034913027e-19,1.734723475976807e-18,1.146929243405188e-16,1.0091025860145493,1.7097411317244823e-16,1.0073888931266757,2.451092857999604e-06,-4.924925355596736e-06
irregular,0.1,0.0,0.8,6.3729559748427675,0.0033895293479629315,0.0036002829645744804,0.011304763995004359,0.0020270222687524234,0.002225121602979394,0.01869136110835971,2.4269971122361396e-06,2.9112372188687914e-06,1.2605816820395112e-05,1.2990972307590238e-05,1.8665738693770403e-05,1.8643866848478358e-05,2.2348888123176412e-08,0.0020246470765249397,2.4269971122361396e-06,8.673617379884035e-19,1.734723475976807e-18,6.621802757986235e-17,1.0089057850072165,2.417939060601788e-16,1.0072258761500357,2.3276562909485543e-06,-4.677048755289542e-06
irregular,0.1,0.0,0.8,6.422641509433962,0.0033195548192794947,0.0035256589473977033,0.011055894634340289,0.001985566044793509,0.002179422493468646,0.01828538612458113,2.3266275016829775e-06,2.7908581401735774e-06,1.2134403433412636e-05,1.2348535809451652e-05,1.7752258546621834e-05,1.7731900806372756e-05,2.080157094741836e-08,0.0019832890591535614,2.3266275016829775e-06,2.710505431213761e-19,1.734723475976807e-18,1.9865397222643172e-16,1.0087149961102877,1.3243598937808659e-16,1.0070678782077171,2.211436288044981e-06,-4.44367006957342e-06
irregular,0.1,0.0,0.8,6.472327044025157,0.003251595058106017,0.0034531936521973606,0.01081450123652649,0.0019452978107478928,0.00213503950153959,0.017891614174808994,2.231154659837299e-06,2.6763641907136683e-06,1.1643920115677386e-05,1.1742948864394743e-05,1.689075159850418e-05,1.6871791989568482e-05,1.937280704730148e-08,0.0019431142438686951,2.231154659837299e-06,8.673617379884035e-19,1.734723475976807e-18,6.621802757986235e-17,1.008529989388981,1.7097411215336312e-16,1.0069147070349518,2.101956099266611e-06,-4.223830613449796e-06
irregular,0.1,0.0,0.8,6.522012578616353,0.0031855752525678906,0.00338280665519859,0.010580301904652874,0.0019061734356187355,0.0020919235831383027,0.017509584706881985,2.14030077383041e-06,2.567420882311229e-06,1.1131846416284069e-05,1.1171817594871058e-05,1.6077860228603792e-05,1.606019251704957e-05,1.805263678834558e-08,0.0019040787711575456,2.14030077383041e-06,8.673617379884035e-19,8.673617379884035e-19,9.364638244122221e-17,1.0083505454247865,1.0813352499951865e-16,1.006766179158837,1.9987739472522234e-06,-4.016642121088855e-06
irregular,0.1,0.0,0.8,6.571698113207548,0.0031214239267512195,0.0033144211322434607,0.010353027981161333,0.0018681507595183534,0.00205002789036997,0.017138857940230307,2.053805922945482e-06,2.4637152967284435e-06,1.0697753125226707e-05,1.063292119447397e-05,1.5310468686553253e-05,1.529399548964003e-05,1.6832009467812698e-08,0.0018661407351386193,2.0538059229454826e-06,4.336808689942018e-19,8.673617379884035e-19,6.621798811087752e-17,1.0081764547562633,1.0813352983346351e-16,1.006622119431433,1.9014802142020698e-06,-3.821281072134957e-06
irregular,0.1,0.0,0.8,6.6213836477987424,0.0030590727677626633,0.0032479636713663024,0.010132422020035031,0.0018311894912046807,0.0020093076570212665,0.016779013758637135,1.9714267943869288e-06,2.3649545344595677e-06,1.020964787746499e-05,1.0124198182500689e-05,1.4585683923606127e-05,1.4570315908545248e-05,1.5702693926306367e-08,0.0018292600823523054,1.9714267943869288e-06,2.710505431213761e-19,8.673617379884035e-19,9.364640476825432e-17,1.008007517353688,1.0813352822214858e-16,1.006482360591077,1.8096948746128966e-06,-3.6369835146525357e-06
irregular,0.1,0.0,0.8,6.671069182389937,0.002998456462999787,0.003183364096494486,0.009918238779177916,0.0017952511116806332,0.001969720090876878,0.01642965062300126,1.8929355005953891e-06,2.2708642889826876e-06,9.80911239371097e-06,9.643733845873152e-06,1.3900818077919096e-05,1.3886473238805723e-05,1.4657198570052881e-08,0.0017933985165153115,1.892935500595389e-06,4.336808689942018e-19,8.673617379884035e-19,9.364638802298074e-17,1.0078435421252687,1.7097411215336312e-16,1.0063467428499924,1.723065150498193e-06,-3.463040337694113e-06
irregular,0.1,0.0,0.8,6.720754716981132,0.002939512546918597,0.0031205553014872927,0.009710242893977698,0.0017602987834491157,0.0019312242723758255,0.016090384517932772,1.8181184869929193e-06,2.18118752934412e-06,9.391510108767544e-06,9.189748757479123e-06,1.3253372459767762e-05,1.3239975464536187e-05,1.3688699731356218e-08,0.0017585194088424185,1.8181184869929195e-06,4.336808689942018e-19,8.673617379884035e-19,1.1469292889800568e-16,1.0076843464527927,1.3243598937808659e-16,1.006215113506441,1.6412633684461178e-06,-3.298792951597282e-06
irregular,0.1,0.0,0.8,6.770440251572328,0.002882181256713895,0.0030594730938778457,0.009508209980179622,0.0017262972650580416,0.0018937810591915809,0.01576084847746616,1.746775528159965e-06,2.09568328714957e-06,9.075738350724584e-06,8.76058827164022e-06,1.2641022898025852e-05,1.2628504498140537e-05,1.2790977484656392e-08,0.001724587713571643,1.746775528159965e-06,4.336808689942018e-19,1.734723475976807e-18,1.146929334554924e-16,1.0075297557547396,1.0813352822214858e-16,1.00608732657977,1.5639849997471297e-06,-3.1436293379096328e-06
irregular,0.1,0.0,0.8,6.820125786163523,0.0028264053963111446,0.0030000560476557726,0.009311925098348536,0.0016932128305880679,0.0018573529963501374,0.015440691127617952,1.6787187997227065e-06,2.014125538891006e-06,8.748576518413899e-06,8.354712906825865e-06,1.2061606322925254e-05,1.2049902819370478e-05,1.1958358053616076e-08,0.0016915698883587134,1.6787187997227065e-06,2.710505431213761e-19,8.673617379884035e-19,6.621799600467637e-17,1.007379603075049,1.5292390329838807e-16,1.0059632424668494,1.4909468667306802e-06,-2.996980434966188e-06
irregular,0.1,0.0,0.8,6.869811320754717,0.002772130208142055,0.002942245364520284,0.009121182183975627,0.0016610131937621984,0.0018219042315193838,0.015129576365412234,1.6137720207591046e-06,1.936302172190728e-06,8.408695236852925e-06,7.970689534820557e-06,1.1513108472434343e-05,1.1502161232253474e-05,1.1185662097419263e-08,0.0016594338192241018,1.6137720207591048e-06,2.439454888092385e-19,8.673617379884035e-19,6.62180433674497e-17,1.0072337286958404,1.872927630218582e-16,1.0058427276184925,1.4218855001225938e-06,-2.8583168283366836e-06
irregular,0.1,0.0,0.8,6.919496855345912,0.002719303252206113,0.002885984743046764,0.008935784408018873,0.0016296674363812582,0.0017874004351467107,0.014827182525146938,1.5517696618010406e-06,1.862014028613487e-06,8.144481502960801e-06,7.6071833033553615e-06,1.0993652620619709e-05,1.0983407638877907e-05,1.0468158243953584e-08,0.0016281487497620704,1.5517696618010408e-06,2.710505431213761e-19,8.673617379884035e-19,6.621800389847427e-17,1.0070919797725357,1.5292389988027292e-16,1.0057256542345518,1.356555633717088e-06,-2.727145718375845e-06
irregular,0.1,0.0,0.8,6.969182389937107,0.002667874291954121,0.002831220255271661,0.008755543202411542,0.0015991459408101082,0.001753808725124685,0.014533201301822674,1.492556213859915e-06,1.7910740222563089e-06,7.73124918760008e-06,7.262950226301111e-06,1.0501489236216824e-05,1.049189673880766e-05,9.801521308529314e-09,0.0015976852143408382,1.4925562138599148e-06,4.336808689942018e-19,1.734723475976807e-18,1.4806794040026584e-16,1.0069542099899202,1.8729275837039252e-16,1.0056118999764974,1.2947288239905166e-06,-2.6030081399209225e-06
irregular,0.1,0.0,0.8,7.018867924528303,0.002617795186562478,0.002777900230221042,0.008580277716339377,0.0015694203262573128,0.001721097595704401,0.014247337673125495,1.4359855104226278e-06,1.7233063233843059e-06,7.443026089337888e-06,6.936830381872731e-06,1.0034986488467104e-05,1.0026000571693873e-05,9.181794675165316e-09,0.001568014975044317,1.4359855104226278e-06,4.336808689942018e-19,1.734723475976807e-18,1.8729276488244442e-16,1.006820279237806,1.7097411215336312e-16,1.005501347696335,1.2361921835060338e-06,-2.485476411479698e-06
irregular,0.1,0.0,0.8,7.068553459119498,0.0025690197892010683,0.0027259751439454322,0.008409814696634465,0.0015404633886081855,0.001689236850382728,0.01396930863474431,1.381920102006242e-06,1.6585456041926493e-06,7.194024615706825e-06,6.627741665022558e-06,9.592621525209636e-06,9.584199828484047e-06,8.605356423694062e-09,0.0015391109621164661,1.381920102006242e-06,3.5236570605778894e-19,1.734723475976807e-18,9.364637685946336e-17,1.0066900533050367,1.8729275557951303e-16,1.0053938851808464,1.1807472179246187e-06,-2.37415179350298e-06
irregular,0.1,0.0,0.8,7.118238993710692,0.0025215038509151643,0.002675397515646851,0.008243988245813905,0.0015122490435916461,0.0016581975385197836,0.013698843203333368,1.3302306744589308e-06,1.5966363347924817e-06,6.9360898910140305e-06,6.334674045214405e-06,9.172972455365832e-06,9.165075863771544e-06,8.068888777151343e-09,0.0015109472176956021,1.3302306744589308e-06,4.336808689942018e-19,8.673617379884035e-19,1.1469294712795144e-16,1.0065634035906765,1.7097411521061839e-16,1.0052894049101593,1.128208757529038e-06,-2.2686623372177722e-06
irregular,0.1,0.0,0.8,7.167924528301887,0.0024752049297853645,0.0026261218095404216,0.008082639267474176,0.0014847522730739107,0.0016279518954496765,0.013435681470844915,1.2807955113988128e-06,1.5374321384382866e-06,6.668185343934157e-06,6.056684285528576e-06,8.774710974338721e-06,8.767303348139613e-06,7.569350546598208e-09,0.0014834988426339368,1.2807955113988128e-06,3.5236570605778894e-19,1.734723475976807e-18,1.7519634079471606e-16,1.0064402068313008,1.5292389532278588e-16,1.005187803829766,1.0784039750008634e-06,-2.168660907380781e-06
irregular,0.1,0.0,0.8,7.2176100628930815,0.0024300823050322456,0.002578104342075879,0.007925614747956887,0.0014579490742848808,0.001598473285874367,0.013179574000152372,1.2334999963604228e-06,1.4807951889408586e-06,6.331754823653221e-06,5.792891083013559e-06,8.396595576599174e-06,8.389643505066449e-06,7.103952254474456e-09,0.0014567419462098137,1.233499996360423e-06,4.336808689942018e-19,8.673617379884035e-19,1.4806794393047975e-16,1.006320344843382,1.3243597885302146e-16,1.0050889831351413,1.0311714819114318e-06,-2.073823363649401e-06
irregular,0.1,0.0,0.8,7.267295597484278,0.002386096895763596,0.00253130319419195,0.007772768410631851,0.0014318164117983231,0.0015697361503321905,0.012930281796043398,1.1882361492536002e-06,1.4265956511570319e-06,6.037091348628668e-06,5.542470594004433e-06,8.037465304928193e-06,8.030937882154385e-06,6.670133646318688e-09,0.0014306535985606035,1.1882361492536002e-06,4.336808689942018e-19,4.336808689942018e-19,1.6220028911059293e-16,1.0062037042798333,1.7097411521061839e-16,1.0049928480681827,9.863604970980142e-07,-1.9838468870050745e-06
irregular,0.1,0.0,0.8,7.3169811320754725,0.0023432111840959394,0.0024856781283182985,0.007623959548916165,0.0014063321721009383,0.0015417159545615233,0.012687575334158357,1.1449021973762021e-06,1.3747111685424136e-06,6.037091348628668e-06,5.304652311535056e-06,7.696233990462178e-06,7.690102611052953e-06,6.265543363086152e-09,0.001405211785671259,1.1449021973762021e-06,4.336808689942018e-19,8.673617379884035e-19,1.3243598016865464e-16,1.0060901763998404,2.5359559285030046e-16,1.0048993077247437,9.43830080789472e-07,-1.8984484385733448e-06
irregular,0.1,0.0,0.8,7.366666666666667,0.002301389142373185,0.0024411905098179,0.007479053394157202,0.0013814751205906272,0.001514389141575784,0.012451234315603693,1.103402176094027e-06,1.3250263746718445e-06,5.72728773124927e-06,5.078715264863126e-06,7.371884941861127e-06,7.3661231146152384e-06,5.8880205408887365e-09,0.0013803953667621137,1.103402176094027e-06,4.336808689942018e-19,8.673617379884035e-19,9.36463991864968e-17,1.0059796568511659,1.529239055771315e-16,1.004808274872591,9.034484289268188e-07,-1.8173633397123613e-06
irregular,0.1,0.0,0.8,7.416352201257862,0.0022605961642430472,0.0023978032326029647,0.007337919963982996,0.0013572248608606683,0.0014877330862987147,0.012221047096940246,1.0636455602439279e-06,1.2774324548558313e-06,5.598568198963992e-06,4.863984513934923e-06,7.063466045751325e-06,7.058049223623373e-06,5.535578161110925e-09,0.0013561840339335906,1.0636455602439279e-06,3.2526065174565133e-19,1.734723475976807e-18,1.146929334554924e-16,1.0058720454641725,1.7097411215336312e-16,1.0047196657791428,8.650922224155352e-07,-1.7403439629042408e-06
irregular,0.1,0.0,0.8,7.466037735849056,0.0022207989993660343,0.0023554806486942655,0.007200435237130216,0.001333561796133859,0.0014617260525916801,0.011996810764254415,1.0255469166059103e-06,1.2318267231811728e-06,5.399738656763834e-06,4.659827914099299e-06,6.7700852440063155e-06,6.764990668846723e-06,5.206387935886045e-09,0.0013325582739394553,1.0255469166059103e-06,2.439454888092385e-19,4.336808689942018e-19,9.364639360473893e-17,1.0057672460568525,1.7097411215336312e-16,1.0046334000484056,8.286460268973686e-07,-1.6671585242686998e-06
irregular,0.1,0.0,0.8,7.515723270440253,0.002181965691537735,0.0023141885014718775,0.007066479254334801,0.001310467092717747,0.001436347152547248,0.011778329997129978,9.890255859671106e-07,1.1881122425786792e-06,5.193302344775284e-06,4.465653128533655e-06,6.4909063565166195e-06,6.4861129171888525e-06,4.898766629383942e-09,0.0013094993319529241,9.890255859671104e-07,4.336808689942018e-19,1.734723475976807e-18,2.0939967948175393e-16,1.0056651662502114,1.8729275837039252e-16,1.0045494004665576,7.940017386432255e-07,-1.5975899690860544e-06
irregular,0.1,0.0,0.8,7.565408805031447,0.0021440655200246675,0.0022738938624057175,0.006935937352140199,0.0012879226453637283,0.0014115763079021314,0.011565417155241071,9.540053835741721e-07,1.1461974611900047e-06,4.829673078902934e-06,4.280904867890881e-06,6.225145220915251e-06,6.2206333235692985e-06,4.611163625131359e-09,0.001286989177218136,9.540053835741721e-07,3.2526065174565133e-19,8.673617379884035e-19,1.6220028588796296e-16,1.0055657172933812,1.3243597622175503e-16,1.0044675928556686,7.610580728296956e-07,-1.5314349426222111e-06
irregular,0.1,0.0,0.8,7.615094339622642,0.002107068943933641,0.0022345650710705986,0.006808698806562831,0.0012659110444199987,0.001387394213455747,0.011357892188117337,9.204143220823132e-07,1.105995879713813e-06,4.597711793052988e-06,4.1050623385266074e-06,5.972066123254206e-06,5.9678175726331915e-06,4.3421496451073464e-09,0.0012650104704740779,9.204143220823132e-07,2.168404344971009e-19,8.673617379884035e-19,1.4806792274919503e-16,1.0054688138978987,1.3243597622175503e-16,1.004387905935069,7.297200907059077e-07,-1.4685028392404272e-06
irregular,0.1,0.0,0.8,7.664779874213837,0.0020709475494294356,0.0021961716782415105,0.00668465750180189,0.0012444155446708228,0.0013637823023708898,0.011155581532479183,8.881843525309554e-07,1.0674257394464054e-06,4.517745487845102e-06,3.937636882243393e-06,5.7309784958965635e-06,5.726976386670951e-06,4.09040649367104e-09,0.0012435465330464747,8.881843525309554e-07,3.2526065174565133e-19,8.673617379884035e-19,1.4806792627940936e-16,1.0053743740805992,1.0813352338820364e-16,1.0043102711899268,6.998987623877025e-07,-1.4086149233293217e-06
irregular,0.1,0.0,0.8,7.714465408805031,0.0020356739996456688,0.0021586843919069163,0.0065637114590326355,0.0012234200357689928,0.0013407227132506846,0.010958318768405698,8.572511235280249e-07,1.0304097314854527e-06,4.597711793052988e-06,3.7781697920396206e-06,5.501233861003784e-06,5.497462478225817e-06,3.854717734103201e-09,0.0012225813175160158,8.57251123528025e-07,3.2526065174565133e-19,8.673617379884035e-19,9.364639360473893e-17,1.0052823190146336,1.3243597753738826e-16,1.004234622746608,6.715105624736407e-07,-1.3516035162011199e-06
irregular,0.1,0.0,0.8,7.764150943396228,0.002001221987128528,0.002122075026013919,0.00644576214934832,0.0012029090141676708,0.0013181982588905672,0.01076594340980699,8.275537570195548e-07,9.948747260820625e-07,4.436338000413295e-06,3.6262302896637174e-06,5.282222999845914e-06,5.278667727698065e-06,3.633960206011293e-09,0.0012020993798688932,8.275537570195549e-07,3.2526065174565133e-19,8.673617379884035e-19,6.621802757986235e-17,1.0051925728881326,1.0813352499951865e-16,1.0041608972544356,6.444770957645361e-07,-1.2973112436432017e-06
irregular,0.1,0.0,0.8,7.813836477987422,0.001967566188678061,0.0020863164518130873,0.006330715009789388,0.001182867556467579,0.0012961923966089842,0.010578301074813501,7.990346371949136e-07,9.60751519341792e-07,4.182619578303747e-06,3.481413652051758e-06,5.073373329889983e-06,5.070020567996236e-06,3.4270962931039726e-09,0.0011820858530503851,7.990346371949136e-07,2.168404344971009e-19,8.673617379884035e-19,1.4806792627940936e-16,1.0051050627700775,1.3243597885302146e-16,1.0040890337734651,6.187247506613675e-07,-1.245590339201113e-06
irregular,0.1,0.0,0.8,7.863522012578617,0.0019346822224401072,0.0020513825516323063,0.006218479213303704,0.0011632812940993345,0.001274689200066987,0.01039524346818368,7.716392149641449e-07,9.27974598186484e-07,4.00455336570039e-06,3.343339474745475e-06,4.874146473163988e-06,4.870983559783818e-06,3.233166885129463e-09,0.0011625264218380542,7.716392149641449e-07,3.2526065174565133e-19,8.673617379884035e-19,9.36463991864968e-17,1.0050197184829714,1.7097411521061839e-16,1.00401897366795,5.941843780931169e-07,-1.19630199875583e-06
irregular,0.1,0.0,0.8,7.913207547169812,0.0019025466071362787,0.002017248174963582,0.006108966775047134,0.0011441363892660573,0.0012536733324925453,0.0102166275478583,7.453158272829807e-07,8.964819201206434e-07,4.00455336570039e-06,3.2116500615300106e-06,4.684036000803693e-06,4.681051142296306e-06,3.0512849689203025e-09,0.0011434072989613443,7.453158272829806e-07,2.168404344971009e-19,8.673617379884035e-19,1.4806794040026584e-16,1.0049364724819172,2.1626704435943477e-16,1.0039506605051636,5.70790993879855e-07,-1.1493157823136944e-06
irregular,0.1,0.0,0.8,7.962893081761006,0.0018711367233020405,0.0019838890967153263,0.006002093588334671,0.0011254195120757695,0.0012331300212352267,0.010042315667075957,7.200155227199454e-07,8.662147061117821e-07,3.7215130446689415e-06,3.0860089303216986e-06,4.502565339967617e-06,4.499747545994436e-06,2.8806297581050194e-09,0.001124715202403619,7.200155227199453e-07,2.168404344971009e-19,4.336808689942018e-19,1.480679298096236e-16,1.0048552597397453,1.529238976015294e-16,1.0038840399592797,5.48483502696602e-07,-1.1045090592836943e-06
irregular,0.1,0.0,0.8,8.0125786163522,0.0018404307764304446,0.0019512819775316782,0.0058977784988297815,0.001107117818797844,0.0012130450335693895,0.009872175306554966,6.956919059995367e-07,8.371172512151934e-07,3.6222548091772e-06,2.9660994262732034e-06,4.3292858304712525e-06,4.326624854412937e-06,2.7204413657506908e-09,0.0011064373338114245,6.956919059995368e-07,2.168404344971009e-19,8.673617379884035e-19,1.6220029233322287e-16,1.0047760176378528,1.3243597753738826e-16,1.0038190597200232,5.272044420008212e-07,-1.0617664938075613e-06
irregular,0.1,0.0,0.8,8.062264150943397,0.0018104077619086922,0.0019194043260392854,0.005795942871805351,0.001089218931181065,0.001193404653684382,0.0097060786869544,6.723009850300515e-07,8.091367409291875e-07,3.6222548091772e-06,2.851623433742545e-06,4.163774919547442e-06,4.1612612037072575e-06,2.5700159074721666e-09,0.0010885613579611764,6.723009850300514e-07,2.168404344971009e-19,4.336808689942018e-19,9.364638802298074e-17,1.0046986858624327,1.7097411215336312e-16,1.0037556694058392,5.068997442681834e-07,-1.0209795670457645e-06
irregular,0.1,0.0,0.8,8.111949685534592,0.0017810474316553024,0.0018882344629354874,0.005696511554589096,0.0010717109167772444,0.0011741956607953805,0.009543902939689755,6.498010335179912e-07,7.822230863131617e-07,3.4150945850063763e-06,2.7423001795217324e-06,4.005634484114327e-06,4.003259109279613e-06,2.428701048879772e-09,0.0010710753832177304,6.498010335179913e-07,2.168404344971009e-19,8.673617379884035e-19,9.36463991864968e-17,1.0046232063057943,1.3243597622175503e-16,1.0036938204813075,4.875185162130091e-07,-9.820461335443165e-07
irregular,0.1,0.0,0.8,8.161635220125786,0.001752330262366312,0.0018577514868127496,0.005599411698658714,0.0010545822702121106,0.0011554053083080728,0.009385529199154034,6.281524597550616e-07,7.563287661599343e-07,3.306651113363206e-06,2.6378651203506597e-06,3.8544892707884415e-06,3.852243909783482e-06,2.295891923214554e-09,0.0010539679429330073,6.281524597550615e-07,2.168404344971009e-19,4.336808689942018e-19,1.480679298096236e-16,1.0045495229725006,1.7097411521061839e-16,1.0036334661785968,4.6901283363683446e-07,-9.448700090419239e-07
irregular,0.1,0.0,0.8,8.211320754716981,0.0017242374252781922,0.0018279352416195368,0.005504573215057315,0.0010378218953550592,0.0011370213039877315,0.009230843333402624,6.073176842550941e-07,7.314086770187173e-07,3.306651113363206e-06,2.5380689082627693e-06,3.7099854447075103e-06,3.7078623195989445e-06,2.1710273978455888e-09,0.0010372279777354115,6.073176842550941e-07,2.168404344971009e-19,4.336808689942018e-19,9.364638802298074e-17,1.0044775818900513,1.7097411215336312e-16,1.0035745614227143,4.513375507077082e-07,-9.093605873311539e-07
irregular,0.1,0.0,0.8,8.261006289308176,0.001696750757370582,0.0017987662856772156,0.005411928578743525,0.001021419088338956,0.0011190317910735657,0.00907973494142275,5.872610248975879e-07,7.074199988984464e-07,3.078324659199975e-06,2.4426764278932903e-06,3.5717892389441868e-06,3.5697810815917304e-06,2.0535866552010854e-09,0.0010208448186620606,5.872610248975879e-07,1.8973538018496328e-19,4.336808689942018e-19,1.3243598016865464e-16,1.004407331023871,1.7097411521061839e-16,1.0035170627603593,4.3445012259729285e-07,-8.754324839425464e-07
irregular,0.1,0.0,0.8,8.310691823899372,0.001669852733931404,0.001770225862164091,0.005321412449520707,0.0010053635213842815,0.0011014253302890225,0.008932097880601092,5.67948590091988e-07,6.843220632483157e-07,3.078324659199975e-06,2.3514659003349175e-06,3.4395856969599224e-06,3.4376857126275434e-06,1.943086063436216e-09,0.0010048081710871035,5.679485900919879e-07,2.168404344971009e-19,4.336808689942018e-19,1.4806793333983775e-16,1.004338720196367,1.3243597753738826e-16,1.003460928292179,4.1831044045271756e-07,-8.430052046313682e-07
irregular,0.1,0.0,0.8,8.360377358490567,0.001643526442410882,0.001742295870990457,0.00523296199613115,0.0009896452273842244,0.0010841908827029228,0.008787829441312723,5.493481770018131e-07,6.620762325223939e-07,2.831646840510158e-06,2.264228048560196e-06,3.3130775011564285e-06,3.3112793349354384e-06,1.8390763024610514e-09,0.0009891080994063777,5.493481770018131e-07,2.168404344971009e-19,4.336808689942018e-19,6.621799600467637e-17,1.0042717010098394,1.5292389874090115e-16,1.0034061176082492,4.0288067776686476e-07,-8.120028368195295e-07
irregular,0.1,0.0,0.8,8.410062893081761,0.001617755557498599,0.0017149588419958725,0.005146516664889303,0.0009742545852114887,0.0010673177933907603,0.008646830751385613,5.314291788132324e-07,6.406457872236847e-07,2.831646840510158e-06,2.180765319845436e-06,3.1919838811443e-06,3.1902815869460194e-06,1.7411397374879775e-09,0.0009737350124348682,5.314291788132324e-07,1.3552527156068805e-19,4.336808689942018e-19,6.621798811087752e-17,1.004206226773035,1.0813352177688863e-16,1.0033525917266028,3.8812514730965364e-07,-7.823537622223768e-07
irregular,0.1,0.0,0.8,8.459748427672956,0.0015925243173576275,0.0016881979093904215,0.005062017830285193,0.0009591823057098361,0.00105079577585933,0.008509006288000444,5.141624945835281e-07,6.199958183561709e-07,2.699869328381916e-06,2.1008911609621254e-06,3.076039595856674e-06,3.0744276077730366e-06,1.6488879982757131e-09,0.0009586796494862549,5.141624945835281e-07,2.168404344971009e-19,4.336808689942018e-19,9.364638802298074e-17,1.0041422524311563,1.529238976015294e-16,1.0033003130346503,3.7401016785097024e-07,-7.539903891565745e-07
irregular,0.1,0.0,0.8,8.50943396226415,0.001567817500954137,0.001661996787379968,0.004979408975509517,0.0009444194183314606,0.001034614897194165,0.00837426387454216,4.975204472351469e-07,6.000931282607542e-07,2.699869328381916e-06,2.0244293422837924e-06,2.9649939840876588e-06,2.9634670899179318e-06,1.5619597653116913e-09,0.0009439330670904914,4.975204472351469e-07,2.168404344971009e-19,4.336808689942018e-19,1.3243598806245348e-16,1.0040797344991428,1.3243597753738826e-16,1.0032492452333346,3.6050393989808804e-07,-7.268489030198659e-07
irregular,0.1,0.0,0.8,8.559119496855347,0.0015436204064338116,0.001636339746917852,0.004898635426145639,0.0009299572583902761,0.0010187655638878863,0.008242514426017904,4.814767043482835e-07,5.809061350627548e-07,2.561320938754782e-06,1.9512133272371275e-06,2.8586100784846307e-06,2.857163395259032e-06,1.4800187290198581e-09,0.0009294866263245867,4.814767043482835e-07,1.0842021724855044e-19,4.336808689942018e-19,1.3243598411555412e-16,1.0040186309980503,7.646195791573821e-17,1.0031993532838797,3.4757642985256895e-07,-7.008690336260566e-07
irregular,0.1,0.0,0.8,8.608805031446542,0.001519918830476245,0.0016112115935110263,0.0048196442657430375,0.0009157874548975682,0.0010032385083192817,0.00811367209024539,4.6600620577000507e-07,5.624047853840771e-07,2.4148365394514667e-06,1.8810856837687348e-06,2.7566637783948752e-06,2.755292729726001e-06,1.4027517204820066e-09,0.0009153319807186533,4.6600620577000507e-07,2.168404344971009e-19,4.336808689942018e-19,9.364641593176839e-17,1.0039589013943662,1.529239055771315e-16,1.0031506033570017,3.351992619274498e-07,-6.75993838182001e-07
irregular,0.1,0.0,0.8,8.658490566037736,0.0014966990485963752,0.0015865976460515674,0.004742385225429158,0.0009019019189496156,0.000988024775848911,0.007987653873513492,4.510850942176865e-07,5.445604722145203e-07,2.4148365394514667e-06,1.8138975348631984e-06,2.6589430773296664e-06,2.657643372451887e-06,1.3298669881461051e-09,0.0009014610647119556,4.510850942176865e-07,2.168404344971009e-19,4.336808689942018e-19,9.364638802298074e-17,1.0039005065421147,1.7097411215336312e-16,1.003102962784444,3.2334561728174574e-07,-6.521694987376026e-07
irregular,0.1,0.0,0.8,8.70817610062893,0.0014739477963259867,0.001562483716584994,0.004666808676389668,0.0008882928326416198,0.0009731157124956997,0.00786437952848458,4.36690651015284e-07,5.273459562142242e-07,2.2588727439225506e-06,1.7495080452325614e-06,2.5652473411457343e-06,2.5640149555016494e-06,1.2610926152458418e-09,0.000887866082629201,4.36690651015284e-07,2.168404344971009e-19,4.336808689942018e-19,9.364641035001153e-17,1.003843408627605,1.7097411113427802e-16,1.0030564000127322,3.11990139834073e-07,-6.293451330855598e-07
irregular,0.1,0.0,0.8,8.757861635220126,0.0014516522512454215,0.001538856091010298,0.004592867296603341,0.000874952638476691,0.0009585029531697219,0.007743771642713012,4.228012342487748e-07,5.10735290814212e-07,2.2588727439225506e-06,1.687783941670935e-06,2.4753866333231356e-06,2.474217790579543e-06,1.1961750588398536e-09,0.0008745394981499624,4.2280123424877477e-07,2.168404344971009e-19,4.336808689942018e-19,9.364638802298074e-17,1.0037875711166806,1.0813352499951865e-16,1.0030108845590213,3.0110884830826523e-07,-6.074726181528548e-07
irregular,0.1,0.0,0.8,8.807547169811322,0.001429800015814026,0.0015157015106263302,0.004520515066827131,0.0008618740292525988,0.0009441784104328148,0.0076257551866616815,4.0939622222977066e-07,4.947037566910713e-07,2.091309789151873e-06,1.6285990646226062e-06,2.3891810840313893e-06,2.388072239407751e-06,1.1348778090848008e-09,0.0008614740242508944,4.093962222297706e-07,1.0842021724855044e-19,4.336808689942018e-19,1.6220029877848249e-16,1.0037329587043586,1.0813352338820364e-16,1.0029663869689371,2.9067905403089983e-07,-5.865064249634989e-07
irregular,0.1,0.0,0.8,8.857232704402517,0.0014083791009624031,0.0014930071545066655,0.004449707627544175,0.0008490499383912755,0.0009301342637541876,0.007510257725151884,3.964559588127018e-07,4.792277916793786e-07,2.091309789151873e-06,1.57183394881749e-06,2.306460299873505e-06,2.305408124683225e-06,1.076980149580302e-09,0.0008486626135886187,3.9645595881270174e-07,2.168404344971009e-19,2.168404344971009e-19,9.364638802298074e-17,1.0036795372667195,1.8729275557951303e-16,1.0029228787763111,2.806792840899866e-07,-5.66403464377814e-07
irregular,0.1,0.0,0.8,8.906918238993711,0.001387377910409415,0.0014707606226528212,0.004380401825971253,0.0008364735307021226,0.0009163629492487918,0.007397209726845257,3.839617033555932e-07,4.6428493731772676e-07,2.4148365394514667e-06,1.5173754308898931e-06,2.227062811501337e-06,2.2260641788075223e-06,1.0222760185444082e-09,0.0008360984493119815,3.839617033555932e-07,1.0842021724855044e-19,8.673617379884035e-19,9.364640476825432e-17,1.0036272738149463,1.872927537189267e-16,1.0028803324647046,2.7108920948402254e-07,-5.471229428454048e-07
irregular,0.1,0.0,0.8,8.956603773584906,0.0013667852256655734,0.0014489499198865978,0.00432323602024994,0.000824138193544978,0.0009028571498574231,0.007286543130861695,3.71895583038798e-07,4.49853772252745e-07,2.091309789151873e-06,1.4651162821350272e-06,2.150835556434763e-06,2.1498875277348694e-06,9.705729567516144e-10,0.0008237749362713935,3.71895583038798e-07,1.6263032587282567e-19,4.336808689942018e-19,1.6220029555585272e-16,1.0035761364514042,1.7097411622970347e-16,1.0028387214306462,2.618895778997224e-07,-5.286262274490933e-07
irregular,0.1,0.0,0.8,9.0062893081761,0.0013465901916914795,0.001427563440446518,0.004267618893205099,0.0008120375283834264,0.0008896097859655978,0.007178192351721604,3.60240546306379e-07,4.359138658094604e-07,2.2588727439225506e-06,1.414954864635855e-06,2.077633394680065e-06,2.076733207545692e-06,9.216911324454486e-10,0.0008116856926180066,3.60240546306379e-07,1.2197274440461925e-19,4.336808689942018e-19,9.364639360473893e-17,1.0035260943276543,1.3243597753738826e-16,1.0027980199484874,2.5306215078969505e-07,-5.108767196096778e-07
irregular,0.1,0.0,0.8,9.055974842767297,0.0013267823031784425,0.0014065899532560776,0.004213284106824156,0.0008001653427013818,0.0008766140064228579,0.007072094690946641,3.4898032143787394e-07,4.2244572180397256e-07,2.091309789151873e-06,1.3667948091676974e-06,2.00731865487216e-06,2.006463711462822e-06,8.754624475993533e-10,0.0007998245417605534,3.4898032143787394e-07,1.3552527156068805e-19,8.673617379884035e-19,1.146929243405188e-16,1.0034771176043114,1.3243598148428782e-16,1.002758203136799,2.4458964447337736e-07,-4.938397368558535e-07
irregular,0.1,0.0,0.8,9.105660377358491,0.0013073513914201738,0.0013860185878268722,0.004160197890122587,0.000788515642271545,0.0008638631799556445,0.00696818820429679,3.380993781740466e-07,4.094307335376451e-07,2.091309789151873e-06,1.3205447133704151e-06,1.939760708871321e-06,1.9389485652550955e-06,8.317297138031784e-10,0.0007881855046714605,3.380993781740466e-07,1.3552527156068805e-19,4.336808689942018e-19,1.146929243405188e-16,1.00342917741265,1.7097411215336312e-16,1.0027192469262336,2.3645567497499603e-07,-4.774824020844538e-07
irregular,0.1,0.0,0.8,9.155345911949686,0.0012882876117478348,0.0013658388207691344,0.004108327825698759,0.0007770826237534209,0.0008513508869450363,0.006866414189875598,3.2758288554715836e-07,3.968511354732688e-07,1.9090959104164224e-06,1.2761178588212805e-06,1.8748355728672204e-06,1.874063929100793e-06,7.903458758604111e-10,0.0007767627925259274,3.2758288554715836e-07,1.6263032587282567e-19,4.336808689942018e-19,1.4806794040026584e-16,1.0033822458178774,1.0813352822214858e-16,1.0026811280287846,2.2864470631883335e-07,-4.6177353980186853e-07
irregular,0.1,0.0,0.8,9.20503144654088,0.001269581431501233,0.0013460404628763566,0.0040576424080362595,0.0007658606676092124,0.0008390709115597132,0.0067667149316810535,3.174166808606845e-07,3.846899630155592e-07,1.4787793334710982e-06,1.233431945716967e-06,1.8124255332096296e-06,1.8116922240996654e-06,7.511733157082642e-10,0.0007655507996481677,3.174166808606845e-07,1.0842021724855044e-19,4.336808689942018e-19,9.364639360473893e-17,1.00333629578399,7.646196703071062e-17,1.002643823908366,2.2114200209184462e-07,-4.4668357888346874e-07
irregular,0.1,0.0,0.8,9.254716981132075,0.0012512236185112287,0.0013266136467627913,0.004008111287833,0.0007548443313196858,0.0008270172342222212,0.0066690349406343715,3.0758723322664864e-07,3.729310112930242e-07,1.7075472925031877e-06,1.1924088439839963e-06,1.7524187952973385e-06,1.7517217818101667e-06,7.140831908448191e-10,0.000754544096763279,3.0758723322664864e-07,1.0842021724855044e-19,4.336808689942018e-19,9.364638802298074e-17,1.0032913011401394,1.0813352499951865e-16,1.0026073127526571,2.1393358000214302e-07,-4.321844613978422e-07
irregular,0.1,0.0,0.8,9.304402515723272,0.001233205230065402,0.0013075488150225624,0.00395970460728895,0.0007440283428861083,0.0008151840243906987,0.006573320797340795,2.9808161288610277e-07,3.615587950771358e-07,2.091309789151873e-06,1.152974359708418e-06,1.6947091539853677e-06,1.6940465152453478e-06,6.789548312544975e-10,0.0007437374245285188,2.980816128861027e-07,2.168404344971009e-19,4.336808689942018e-19,1.1469292889800568e-16,1.0032472365484313,1.0813352499951865e-16,1.0025715734461529,2.0700616928026258e-07,-4.1824955708145636e-07
irregular,0.1,0.0,0.8,9.354088050314466,0.001215517602340559,0.0012888367088840765,0.003912394236066565,0.0007334075946072294,0.0008035656336513238,0.006479519841239748,2.888874604559506e-07,3.5055851548888163e-07,1.9090959104164224e-06,1.1150580158720096e-06,1.6391956840859664e-06,1.6385656099259797e-06,6.456751768701711e-10,0.0007331256873410096,2.888874604559506e-07,1.0842021724855044e-19,4.336808689942018e-19,1.1469292889800568e-16,1.0032040774730915,1.3243597885302146e-16,1.0025365855443473,2.003471706838074e-07,-4.048535830975062e-07
irregular,0.1,0.0,0.8,9.403773584905661,0.0011981523402746237,0.0012704683573442838,0.0038661523576888177,0.0007229771371136556,0.0007921565890917174,0.006387582099137364,2.799929603025351e-07,3.399160249397137e-07,1.9090959104164224e-06,1.0785928464402594e-06,1.5857824496242583e-06,1.585183233639816e-06,6.141382620185146e-10,0.0007227039473977223,2.799929603025351e-07,1.6263032587282567e-19,4.336808689942018e-19,1.6220028911059293e-16,1.003161800150934,1.529238941834141e-16,1.002502329249018,1.9394461897733438e-07,-3.9197252871443766e-07
irregular,0.1,0.0,0.8,9.453459119496856,0.0011811013078590219,0.0012524350667509198,0.0038209514723942656,0.0007127321736516489,0.0007809515869561013,0.006297458493922012,2.713868112674993e-07,3.296177933956211e-07,1.4787793334710982e-06,1.043515202922095e-06,1.5343782306249507e-06,1.5338082637051804e-06,5.842447284989483e-10,0.0007124674190080223,2.713868112674992e-07,1.6263032587282567e-19,2.168404344971009e-19,1.1469292889800568e-16,1.0031203815630678,1.7097411113427802e-16,1.0024687853845407,1.8778714768515753e-07,-3.7958358459016205e-07
irregular,0.1,0.0,0.8,9.50314465408805,0.0011643566188300175,0.0012347284108147722,0.0037767664233728706,0.00070266805460207,0.0007699454865579944,0.006209101878049376,2.6305820333818984e-07,3.196508809604571e-07,1.7075472925031877e-06,1.0097645725786881e-06,1.484896266277715e-06,1.4843540305691628e-06,5.55901383864408e-10,0.0007024114631356376,2.630582033381899e-07,1.0842021724855044e-19,4.336808689942018e-19,1.3243597622175503e-16,1.0030797994077882,1.7097411521061839e-16,1.0024359353751955,1.818639559897882e-07,-3.676650763398447e-07
irregular,0.1,0.0,0.8,9.552830188679247,0.0011479106277485667,0.001217340221040758,0.0037335712889460778,0.0006927802722273515,0.0007591333044497899,0.006122466420585008,2.549967930335976e-07,3.1000290633715215e-07,1.7075472925031877e-06,9.772834075338484e-07,1.4372540134240598e-06,1.4367380767000666e-06,5.290207860848681e-10,0.0006925315821692535,2.5499679303359757e-07,1.6263032587282567e-19,4.336808689942018e-19,6.621799600467637e-17,1.0030400320745911,1.709741141915333e-16,1.0024037612234158,1.76164777633981e-07,-3.561964021203375e-07
irregular,0.1,0.0,0.8,9.602515723270441,0.0011317559214368488,0.0012002625775407564,0.0036913422705041896,0.0006830644556296746,0.0007485102088242599,0.00603750753415421,2.4719268059029256e-07,3.0066202047335e-07,1.4787793334710982e-06,9.460169640597458e-07,1.3913729193610226e-06,1.390881929767851e-06,5.035208592731383e-10,0.0006828234149032719,2.4719268059029256e-07,1.0842021724855044e-19,2.168404344971009e-19,1.9865397485769803e-16,1.0030010586192608,1.8729275557951303e-16,1.0023722454889357,1.7067985167741606e-07,-3.451579739682277e-07
irregular,0.1,0.0,0.8,9.652201257861636,0.0011158853107706918,0.0011834878002299465,0.003650054686707939,0.0006735163659167755,0.0007380715141492938,0.005954182215100881,2.39636388633023e-07,2.91616881954219e-07,1.7075472925031877e-06,9.159131514013947e-07,1.3471782080534322e-06,1.346710889205272e-06,4.793245375464616e-10,0.0006732827317246132,2.39636388633023e-07,1.0842021724855044e-19,4.336808689942018e-19,1.1469294712795144e-16,1.0029628587399853,1.7097411521061839e-16,1.002341371268794,1.6539989501499278e-07,-3.345311626371493e-07
irregular,0.1,0.0,0.8,9.70188679245283,0.0011002918227969222,0.0011670084403732784,0.0036096860160960017,0.0006641318915621032,0.0007278126760162741,0.005872448782798637,2.3231884219170692e-07,2.8285663103699346e-07,1.2074182697257333e-06,8.869223895042109e-07,1.30459867888842e-06,1.3041538252851287e-06,4.563594347070243e-10,0.0006639054299921178,2.3231884219170692e-07,1.0842021724855044e-19,4.336808689942018e-19,9.364639360473893e-17,1.0029254127544465,1.0813352661083362e-16,1.0023111221781589,1.603160765151386e-07,-3.2429824571556486e-07
irregular,0.1,0.0,0.8,9.751572327044025,0.001084968693172079,0.0011508172724741088,0.0035702142431924032,0.0006549070439529593,0.0007177292861985571,0.0057922665875306326,2.2523134889663713e-07,2.743708675052675e-07,1.4787793334710982e-06,8.589974750927732e-07,1.2635665171785845e-06,1.2631429899258898e-06,4.3455753562669015e-10,0.0006546875296042289,2.252313488966371e-07,1.0842021724855044e-19,4.336808689942018e-19,9.364638244122221e-17,1.002888701577841,1.3243597753738826e-16,1.0022814823319257,1.554199927011543e-07,-3.144423588138153e-07
irregular,0.1,0.0,0.8,9.801257861635222,0.0010699093589042255,0.00113490728649203,0.003531616705632029,0.0006458379531154756,0.0007078170679074707,0.005713596451228224,2.183655815641502e-07,2.6614962828430376e-07,1.4787793334710982e-06,8.320934555698246e-07,1.224017115664375e-06,1.2236138384721313e-06,4.138549120830854e-10,0.0006456251687409405,2.1836558156415023e-07,5.421010862427522e-20,2.168404344971009e-19,2.0939968447423056e-16,1.0028527067017916,1.7097411521061839e-16,1.0022524363270677,1.5070364483963684e-07,-3.0494744962289606e-07
irregular,0.1,0.0,0.8,9.850943396226416,0.001055107451381123,0.0011192716803673948,0.00349387303587147,0.0006369208636106908,0.0006980718712357045,0.005636400361360804,2.1171356075590878e-07,2.5818336813494494e-07,1.4787793334710982e-06,8.061675102261538e-07,1.1858889063270303e-06,1.185504861768127e-06,3.9419145668446536e-10,0.0006367145997770243,2.1171356075590875e-07,6.098637220230962e-20,4.336808689942018e-19,1.4806793687005185e-16,1.0028174101741112,1.8729275464921986e-16,1.0022239692256907,1.4615941739824952e-07,-2.957982346564166e-07
irregular,0.1,0.0,0.8,9.90062893081761,0.0010405567896750517,0.001103903852842674,0.003456962493687775,0.0006281521305939461,0.0006884896687847351,0.005560641393314353,2.0526763717184455e-07,2.504629367529568e-07,1.7075472925031877e-06,7.811788383119009e-07,1.1491232018653752e-06,1.148757427878484e-06,3.7551063345628867e-10,0.0006279521853584758,2.0526763717184455e-07,1.0842021724855044e-19,2.168404344971009e-19,9.364638244122221e-17,1.0027827945793715,1.709741141915333e-16,1.0021960665387701,1.417800577396995e-07,-2.869801585218953e-07
irregular,0.1,0.0,0.8,9.950314465408805,0.0010262513741142207,0.001088797396568497,0.003420865381789707,0.0006195282160275986,0.0006790665514619853,0.005486283287045047,1.9902047830279388e-07,2.429795639726203e-07,1.4787793334710982e-06,7.570885535458343e-07,1.1136640462288148e-06,1.1133156328423732e-06,3.5775925198410947e-10,0.0006193343946283415,1.9902047830279388e-07,1.0842021724855044e-19,2.168404344971009e-19,1.1469292889800568e-16,1.0027488430202505,1.0813352338820364e-16,1.002168714210534,1.3755865698166642e-07,-2.784793555363164e-07
irregular,0.1,0.0,0.8,10.0,0.0010121853801019877,0.0010739460914798017,0.0033855618587670063,0.0006110456850454161,0.0006697987244446768,0.005413291935208646,1.9296505253119592e-07,2.357248404770506e-07,0.0,7.338595846409726e-07,1.0794580736541556e-06,1.0791261599225024e-06,3.408872511265928e-10,0.0006108577996068946,1.9296505253119592e-07,1.0842021724855044e-19,2.168404344971009e-19,1.6220028588796296e-16,1.002715539099618,1.7097411113427802e-16,1.0021418986034678,1.3348863199080623e-07,-2.702826135649516e-07
irregular,0.1,0.0,1.0,2.1,0.09841602693926606,0.10972263286928373,0.3650656064639531,0.0598004823421027,0.06795547119916256,0.6188339431408191,0.0022335857517451203,0.002684070292348421,0.012229487617186022,0.04974066437139693,0.07383487356972435,0.07113725710661849,0.002757779120305334,0.05761562364500762,0.00223358575174512,5.551115123125783e-17,1.1102230246251565e-16,1.8350869352878786e-16,1.330568191059005,2.1189756195480804e-16,1.2705517267860964,0.009221886904833054,-0.019847251362479335
irregular,0.1,0.0,1.0,2.149685534591195,0.0918889508548789,0.10213300432842344,0.340867525049579,0.055706890509704766,0.06317890028593334,0.576225529352354,0.0019356382368158087,0.0023268447228153117,0.010596893647764337,0.04215319670189914,0.062219625259796366,0.06010519176400076,0.0021619351687244418,0.05381378178800297,0.0019356382368158087,1.1102230246251565e-16,4.440892098500626e-16,1.4983422083676918e-16,1.304824135899771,1.7301364773354161e-16,1.249902277807181,0.007824891707551518,-0.016756584342006664
irregular,0.1,0.0,1.0,2.1993710691823902,0.08593352446221318,0.0952481406921217,0.3187547467254364,0.05198918675061282,0.05885680088940234,0.5374951467105507,0.0016838074294104899,0.0020247579533183764,0.009216173201926463,0.035869329903430315,0.05267685852286306,0.051008501196274314,0.0017060795000367378,0.05034260904930343,0.0016838074294104899,8.326672684688674e-17,2.220446049250313e-16,1.0594879360748219e-16,1.2818544342849054,1.2233912901919187e-16,1.2314126917436923,0.006665780772586727,-0.01420941644400936
irregular,0.1,0.0,1.0,2.249056603773585,0.08048838814978618,0.08898633724077791,0.29850883967413705,0.04860438054097638,0.05493477890455006,0.5022063876227125,0.0014700025138230368,0.0017681641899591103,0.00804345902899658,0.03064092805387683,0.044794159637450766,0.04346951523636399,0.0013547652812101918,0.04716706100930094,0.0014700025138230366,5.551115123125783e-17,2.220446049250313e-16,1.0594880623755884e-16,1.2612740214917109,2.7355858596752554e-16,1.2147938303895887,0.005699719837696682,-0.012099508870712317
irregular,0.1,0.0,1.0,2.29874213836478,0.07549991833857282,0.0832772313443515,0.2799380723528138,0.045515355103582816,0.05136628925992364,0.46998116063785517,0.001287714879025211,0.0015492989294304065,0.007043362374404471,0.026271530626095854,0.03824947232165868,0.03719150024617162,0.0010821494089493706,0.04425641029251411,0.0012877148790252108,5.551115123125783e-17,1.1102230246251565e-16,1.498342386983949e-16,1.2427633798029152,1.730136374211258e-16,1.1998038517091112,0.004891119100262298,-0.010343428696008183
irregular,0.1,0.0,1.0,2.348427672955975,0.07092111379228255,0.0780599701764084,0.2628737080723834,0.042689935186927104,0.04811131029919371,0.4404906902466226,0.0011316776192581523,0.0013618749416989605,0.006187178391883777,0.02260469448808337,0.03278952472268612,0.03193980299754174,0.0008692252895745566,0.0415836500034691,0.0011316776192581526,4.163336342344337e-17,1.6653345369377348e-16,1.835086789448301e-16,1.226055357209235,2.9966840743875174e-16,1.1862390847032793,0.004211566526712729,-0.008875224136514981
irregular,0.1,0.0,1.0,2.39811320754717,0.06671066131222185,0.07328171559364872,0.24716687209038388,0.04010012318695548,0.045135274277215066,0.41344808853049536,0.0009976048560569521,0.0012007728475025893,0.005451503183970641,0.019515162187656747,0.028213821546094274,0.02752773068878211,0.0007018992248747967,0.03912498666208899,0.0009976048560569521,5.551115123125783e-17,1.1102230246251565e-16,1.4983422976758231e-16,1.2109250271881928,2.1189756616483433e-16,1.1739269237946506,0.003638258558605001,-0.00764244132920211
irregular,0.1,0.0,1.0,2.4477987421383647,0.06283214898113054,0.06889641670405458,0.23268589419703078,0.0377214695798366,0.042408198403240484,0.3886021929169215,0.000881990669712427,0.0010618023404974028,0.004817160545510335,0.01690212511390368,0.024362661307387696,0.023805893513404577,0.0005696395236405576,0.03685940861125932,0.000881990669712427,2.7755575615628914e-17,1.1102230246251565e-16,2.1189756826984743e-16,1.1971818028430834,1.2233911808122351e-16,1.1627202412350175,0.003152800079290752,-0.006603120343928071
irregular,0.1,0.0,1.0,2.4974842767295597,0.05925340127135386,0.06486379645495413,0.2193140475117683,0.03553255123395254,0.03990397419606099,0.36573242963384617,0.0007819529169942999,0.0009415166157769446,0.004268365159169811,0.014684051039818048,0.021108092998379027,0.020654100671175075,0.00046451871084612266,0.034768318025986546,0.0007819529169942999,2.7755575615628914e-17,5.551115123125783e-17,1.4983422976758231e-16,1.1846632428531945,1.7301365546785302e-16,1.1524929533526853,0.0027402806714053596,-0.005723512422341426
irregular,0.1,0.0,1.0,2.547169811320755,0.05594591520217804,0.0611485104554744,0.20694761860558153,0.033514536915205,0.037599782755862496,0.34464451272357083,0.0006951111120856562,0.0008370671884814191,0.00379206465256883,0.012794688164214526,0.018347038673874366,0.017975154756075782,0.0003805283208400657,0.03283521653480054,0.0006951111120856563,2.7755575615628914e-17,1.1102230246251565e-16,1.4983424762920692e-16,1.1732301414779864,2.996684059502827e-16,1.143136472884166,0.0023885591209696355,-0.004976332877619977
irregular,0.1,0.0,1.0,2.59685534591195,0.0528843806048686,0.057719445258977514,0.19549425566271703,0.03165082368104362,0.035475610893398575,0.3251668272000549,0.0006194903465638618,0.000746089600668227,0.0033774216058441568,0.011179959880973929,0.015996025475168225,0.01569006833222193,0.0003130845334426881,0.031045436073954477,0.0006194903465638618,2.7755575615628914e-17,1.1102230246251565e-16,1.0594879360748219e-16,1.1627626033362302,1.7301364515543773e-16,1.1345568482708277,0.0020877059620489913,-0.004339414964477789
irregular,0.1,0.0,1.0,2.646540880503145,0.050046270649703246,0.054549130220244026,0.18487155056917295,0.029926731226031712,0.03351384857742609,0.30714737516794866,0.000553445251553606,0.0006666129142065848,0.0030153991931171254,0.009795538211946272,0.01398712305110963,0.013734353660292227,0.0002586686389858383,0.02938590795640586,0.000553445251553606,2.0816681711721685e-17,1.1102230246251565e-16,5.1732803211623064e-20,1.1531568807466197,1.2233912172721306e-16,1.1266724402675432,0.0018295667365351709,-0.00379466611473106
irregular,0.1,0.0,1.0,2.6962264150943396,0.04741149127444602,0.051613242349805674,0.17500581862516557,0.02832924384927848,0.031698952352076794,0.29045118729148633,0.0004955994864753983,0.0005969876403678295,0.002698435452251961,0.008604937458430916,0.012264790491171209,0.012055127731237293,0.00021456357612268604,0.02784496428033222,0.0004955994864753983,2.7755575615628914e-17,5.551115123125783e-17,1.0594884412777977e-16,1.144322806860525,2.735585843369894e-16,1.1194120222764044,0.0016074180222053203,-0.0033272537689538195
irregular,0.1,0.0,1.0,2.7459119496855346,0.04496208015717611,0.04889018770655396,0.16583104548759248,0.026846791747304213,0.03001716258350226,0.27495812062944985,0.0004447973299902518,0.0005358280479825733,0.002420176329307837,0.007578008916922224,0.010783414331719495,0.010608840721779266,0.00017865948185071594,0.026412166756882172,0.0004447973299902518,2.7755575615628914e-17,5.551115123125783e-17,1.835087154047223e-16,1.136181698175994,1.730136374211258e-16,1.1127132173990826,0.0014156951642116389,-0.002924966693303832
irregular,0.1,0.0,1.0,2.7955974842767297,0.04268194749822459,0.04636074608779963,0.15728797614668652,0.025469064931848372,0.028456264869303912,0.2605609786341188,0.00040006475881420987,0.00048196575067660605,0.002175265969300007,0.006689746497082838,0.00950537514083075,0.009359484071551996,0.00014930919620844755,0.025078158832784872,0.00040006475881420987,2.7755575615628914e-17,5.551115123125783e-17,1.6359348789400261e-19,1.1286646297212912,3.460272864437195e-16,1.1065212049889475,0.0012497757322081915,-0.0025777112569970173
irregular,0.1,0.0,1.0,2.845283018867925,0.040556652194063694,0.044007768306470525,0.14932332495637793,0.02418685433259869,0.027005387866656027,0.24716390076752057,0.00036057800582548546,0.00043441219071704,0.0019591737166021798,0.005919334614862816,0.008399520932045162,0.00827716970179041,0.00012522019051829545,0.023834537646024827,0.00036057800582548546,2.7755575615628914e-17,1.1102230246251565e-16,2.3690868769539777e-16,1.1217110082744657,1.2233912537320254e-16,1.1007876443537674,0.0011058065114165627,-0.0022771121157107166
irregular,0.1,0.0,1.0,2.89496855345912,0.03857320806132158,0.04181591734710739,0.1418890888200739,0.022991915646210254,0.02565483129892552,0.23468097875100544,0.00032563804498488247,0.00039232817701175313,0.0017680543222233242,0.005249385830498545,0.0074399555638351425,0.007336998024401771,0.00010537323735271327,0.02267374290425194,0.0003256380449848825,2.7755575615628914e-17,5.551115123125783e-17,1.0594883149770763e-16,1.1152673855549706,2.9966840892722084e-16,1.095469774532674,0.0009805646721589012,-0.002016194115683656
irregular,0.1,0.0,1.0,2.9446540880503145,0.03671991564961006,0.0397714462853616,0.13494194886558744,0.02187685229296258,0.024395919084748807,0.2230350638471813,0.00029464979625537914,0.00035499904427403306,0.001598633644440104,0.004665327805600158,0.006605072394101205,0.0065181518508422845,8.89608435944875e-05,0.021588960234762325,0.0002946497962553791,2.7755575615628914e-17,2.7755575615628914e-17,1.8350870082076627e-16,1.1092864658697514,2.1189756405982117e-16,1.0905296576881593,0.000871345900110676,-0.0017891277183994247
irregular,0.1,0.0,1.0,2.9943396226415095,0.03498621590539405,0.03786200713016607,0.12844274796164512,0.020835014484837017,0.02322087347162482,0.2121567358446932,0.0002671051072956187,0.0003218143126920208,0.0014481161341172557,0.0041549083082703065,0.005876779922868811,0.00580316789772495,7.534038111626929e-05,0.02057403693756452,0.00026710510729561874,1.3877787807814457e-17,5.551115123125783e-17,1.4983422976758231e-16,1.1037262722760095,2.7355858107591714e-16,1.0859335402922432,0.000775873890158485,-0.0015910243551386094
irregular,0.1,0.0,1.0,3.0440251572327046,0.03336256254574409,0.0360764857727691,0.12235603353079248,0.019860411927321932,0.02212270680358845,0.20198340927997185,0.00024256877091755947,0.0002922509671974036,0.0013141088046617795,0.0037077939571579597,0.005239878495639623,0.0051773485878686375,6.399821368740591e-05,0.019623408392384502,0.0002425687709175595,1.3877787807814457e-17,1.1102230246251565e-16,1.0594880623755884e-16,1.098549442695197,2.735585778148448e-16,1.0816513114375608,0.0006922268422463462,-0.0014177712186180524
irregular,0.1,0.0,1.0,3.0937106918238992,0.031840310494363915,0.03440485905515582,0.11664965652596952,0.018947638097729338,0.021095128151417123,0.1924585566594152,0.00022066699325213677,0.0002658596604225045,0.0011945532103720682,0.003315243717704275,0.004681556446019557,0.0046282851915303925,5.452209818209988e-05,0.018732033637394153,0.00022066699325213677,2.7755575615628914e-17,5.551115123125783e-17,1.4983422083676918e-16,1.0937226331285015,2.446782325164574e-16,1.07765604162978,0.000618777544395599,-0.0012658973481938507
irregular,0.1,0.0,1.0,3.1433962264150948,0.030411618141920803,0.03283807064304431,0.11129441922002067,0.018091804385330937,0.020132462516166693,0.18353103145840866,0.00020107784854027025,0.00024225328700921357,0.0010876811540148034,0.0029698422533308753,0.004190981116906339,0.004145469719291861,4.657984622825726e-05,0.017895338860916467,0.00020107784854027027,9.540979117872439e-18,2.7755575615628914e-17,1.4983422976758231e-16,1.0892160095864696,1.2233912537320254e-16,1.0739235885840912,0.0005541443573864324,-0.0011324646567397179
irregular,0.1,0.0,1.0,3.1930817610062894,0.029069361533700357,0.031367922937218407,0.10626376495636346,0.017288482658851117,0.019229580707231502,0.1751544767832539,0.0001835233507614378,0.00022109748889852912,0.0009919633692122578,0.0026652813917852737,0.0037589655870784175,0.003719977860858894,3.9902747600836e-05,0.017109167734827527,0.00018352335076143777,1.3877787807814457e-17,2.7755575615628914e-17,2.1189758721496438e-16,1.0850028138524217,1.730136399992298e-16,1.0704322590545412,0.0004971509800051066,-0.0010149789210048277
irregular,0.1,0.0,1.0,3.2427672955974844,0.027807058872370123,0.029986982706338518,0.10153350451503104,0.0165336550570444,0.018381838313594693,0.16728680748324642,0.00016776284614893148,0.00020210273897297804,0.0009060763075124511,0.002396180416119583,0.003377696063345679,0.0033442090279072324,3.427263379197466e-05,0.016369737675954205,0.00016776284614893148,1.3877787807814457e-17,5.551115123125783e-17,1.4983424762920692e-16,1.081058990972724,2.1189756616483433e-16,1.0671625177199366,0.00044679331264690925,-0.0009113168159838592
irregular,0.1,0.0,1.0,3.2924528301886795,0.02661880396205471,0.02868849849392585,0.0970815743652534,0.01582366998794467,0.01758502244627026,0.15988975569434533,0.00015358748878175105,0.0001850177195351856,0.0008288721958367201,0.0021579377981932307,0.0030405080860203184,0.003011672474691072,2.9511737915934973e-05,0.01567360125447458,0.00015358748878175105,1.3877787807814457e-17,2.7755575615628914e-17,1.498342386983949e-16,1.0773628685733205,1.730136399992298e-16,1.064096735747167,0.00040221207980720153,-0.0008196658937997814
irregular,0.1,0.0,1.0,3.342138364779874,0.02549920742019634,0.027466328157376287,0.09288782253363857,0.015155203479517439,0.016835305142686115,0.15292847100609355,0.00014081560738442682,0.0001696237667495971,0.00075935234779968,0.0019466084860521521,0.0027417021659760193,0.0027168107392329523,2.5474712780392496e-05,0.015017612080324599,0.00014081560738442682,9.540979117872439e-18,2.7755575615628914e-17,1.4983421190595556e-16,1.0738948798670338,1.730136399992298e-16,1.0612189729381007,0.0003626701408383226,-0.0007384750456872341
irregular,0.1,0.0,1.0,3.3918238993710697,0.024443344652251606,0.026314875149710346,0.08893381868926638,0.014525225155023835,0.016129202499013305,0.1463711680436335,0.0001292888079373468,0.0001557301955964882,0.0006966473827320742,0.001758802030110571,0.002476391395461509,0.002454853421864584,2.204232210436919e-05,0.014398894593363975,0.0001292888079373468,1.3877787807814457e-17,2.7755575615628914e-17,5.1732803211623064e-20,1.0706373236358289,2.1189756616483433e-16,1.058514788405857,0.00032753363005616487,-0.000666413484447001
irregular,0.1,0.0,1.0,3.4415094339622643,0.023446709726653078,0.02522903236509121,0.08520268549774053,0.01393096821524371,0.015463538741353141,0.14018881519420115,0.00011886868578372056,0.0001431703545000185,0.0006399960373940026,0.0015915977590027165,0.0022403750799192923,0.002221695710750345,1.9116434500309804e-05,0.013814817263331327,0.00011886868578372056,6.938893903907228e-18,2.7755575615628914e-17,1.4983422976758231e-16,1.0675741556198945,1.7301364515543773e-16,1.0559710755712295,0.00029625623468232387,-0.0006023366763448779
irregular,0.1,0.0,1.0,3.4911949685534593,0.02250517440794045,0.02420413254466459,0.08167894844861678,0.013369902900748321,0.014835414567009337,0.1343548590517212,0.00010943404419622346,0.00013179828653968472,0.0005887337310894221,0.001442473949348463,0.0020300336206906275,0.0020137971622435696,1.6616036078619806e-05,0.013262968773807433,0.00010943404419622346,6.938893903907228e-18,2.7755575615628914e-17,1.0594883149770763e-16,1.0646908066777174,1.730136399992298e-16,1.0535759179599395,0.00026836605196112195,-0.0005452579601643165
irregular,0.1,0.0,1.0,3.5408805031446544,0.02161495170820821,0.023235904386220065,0.07834840207549071,0.012839712983804347,0.01424217918726545,0.1288449801191046,0.00010087853505739865,0.00012148589643208464,0.0005422793570527136,0.0013092485167224696,0.001842240811677072,0.001828097113315119,1.4474042725047876e-05,0.012741136822454594,0.00010087853505739866,1.3877787807814457e-17,2.7755575615628914e-17,1.835086862368091e-16,1.061974023842152,2.1189756405982117e-16,1.0513184628471597,0.00024345457262160697,-0.0004943248355129548
irregular,0.1,0.0,1.0,3.590566037735849,0.02077256340398066,0.02232043362461481,0.07519799045428721,0.01233827490378691,0.013681405586860292,0.12363687571569465,9.310865239005619e-05,0.00011212054045376119,0.0005001131720326926,0.0011900292203263364,0.0016742904523867385,0.0016619437941997287,1.2634742615713653e-05,0.012247289219291572,9.310865239005619e-05,6.938893903907228e-18,1.3877787807814457e-17,2.369086933437404e-16,1.0594117310211735,2.996684208349731e-16,1.0491888102616294,0.00022116742245793797,-0.0004487990966863739
irregular,0.1,0.0,1.0,3.640251572327044,0.019974811039767965,0.021454128453908462,0.0722157004102677,0.011863639214246317,0.013150868585605621,0.11871006678174631,8.604202167352265e-05,0.00010360297104705102,0.0004617889521414675,0.0010831717463529865,0.001523834767875836,0.0015130347605302964,1.1051737308986392e-05,0.011779557007067586,8.604202167352265e-05,6.938893903907228e-18,2.7755575615628914e-17,1.0594879360748219e-16,1.056992906605372,2.118975745848866e-16,1.0471779152469132,0.0002011965616638689,-0.0004080401432969283
irregular,0.1,0.0,1.0,3.689937106918239,0.019218750002899767,0.020633688749998935,0.0693904658171841,0.011414014055718073,0.012648525346689156,0.11404572563593096,7.960593779277943e-05,9.584557965979477e-05,0.0004269056057337937,0.0009872443342920688,0.001388832595623441,0.0013793667054405531,9.686278698456411e-06,0.011336219364019564,7.960593779277943e-05,6.938893903907228e-18,1.3877787807814457e-17,1.4983425656001845e-16,1.0547074756685753,2.446782379854418e-16,1.045277501597001,0.00018327369617572586,-0.0003714909228769228
irregular,0.1,0.0,1.0,3.7396226415094342,0.018501666308502893,0.01985607862704495,0.06671208183321546,0.010987750407365247,0.012172498026089218,0.10962652211135142,7.373611253551608e-05,8.87708910365731e-05,0.0003951127548296006,0.0009009978516468104,0.001267505675615428,0.0012591930665694956,8.50592138259132e-06,0.010915690080387726,7.373611253551608e-05,6.938893903907228e-18,2.7755575615628914e-17,1.0594881886763399e-16,1.0525462148000215,1.7301364515543773e-16,1.0434799855498045,0.00016716469937941292,-0.00033866606027928986
irregular,0.1,0.0,1.0,3.7893081761006293,0.017821055780034463,0.019118501924187018,0.06417112791875149,0.010583328903721653,0.01172105829972902,0.10543648598893278,6.837559915094047e-05,8.231027003746104e-05,0.0003661006880824839,0.000823340417585869,0.0011583016824569493,0.0011509881286136797,7.483427214256337e-06,0.010516505426772006,6.837559915094047e-05,6.938893903907228e-18,1.3877787807814457e-17,2.1189756826984743e-16,1.0505006678996882,2.735585778148448e-16,1.0417784081446828,0.00015266487824745767,-0.000309141808986127
irregular,0.1,0.0,1.0,3.838993710691824,0.017174605350851347,0.0184183802730084,0.061758898433092554,0.010199348031134712,0.011292613540842605,0.10146088363535961,6.347386689231106e-05,7.640280854634864e-05,0.00033958303440465856,0.0007533158342677142,0.0010598628824472626,0.00105341655313545,6.595872139983663e-06,0.010137313255444985,6.347386689231106e-05,6.938893903907228e-18,2.7755575615628914e-17,1.4983421190595556e-16,1.0485630715133905,2.1189756405982117e-16,1.0401663751368813,0.0001395949469931157,-0.00028254752436276953
irregular,0.1,0.0,1.0,3.888679245283019,0.01656017624677939,0.0177533334421666,0.059467340339133916,0.009834513542714677,0.010885694450503509,0.09768610741048149,5.898600291431955e-05,7.099436533352006e-05,0.0003153211590479323,0.0006900852132857793,0.0009709994961624803,0.0009653074547841537,5.823915830882351e-06,0.009776863195580533,5.898600291431955e-05,3.469446951953614e-18,1.3877787807814457e-17,2.369086933437404e-16,1.0467262884897428,2.735585843369894e-16,1.0386380035188658,0.0001277975949626614,-0.0002585584115630188
irregular,0.1,0.0,1.0,3.938364779874214,0.01597578883946418,0.01712116169505645,0.05728899695249759,0.009487628951373634,0.010498943970288346,0.09409957617334744,5.4872022561707506e-05,6.603673614652287e-05,0.00029309565557980013,0.000632911289702604,0.0008906670075732477,0.0008856322956288827,5.1512027277849956e-06,0.00943399782054806,5.487202256170751e-05,6.938893903907228e-18,1.3877787807814457e-17,7.316123192145576e-20,1.0449837489139226,2.118975682698474e-16,1.0371878738311884,0.00011713455480556745,-0.00023688934364530373
irregular,0.1,0.0,1.0,3.9880503144654087,0.015419608986066844,0.01651982993017606,0.055216957026889196,0.009157586978373813,0.010131107328312959,0.09068964585459,5.109627211865784e-05,6.148693490642485e-05,0.00027270952289283184,0.0005811450020706727,0.0008179467914489617,0.000813485993797932,4.563869492384656e-06,0.009107644680281458,5.109627211865785e-05,6.938893903907228e-18,1.3877787807814457e-17,1.0594881886763399e-16,1.0433293974190851,2.7355857944538095e-16,1.0358109875578032,0.00010748409278381332,-0.00021728958043606972
irregular,0.1,0.0,1.0,4.037735849056604,0.014889935693193506,0.015947453402941576,0.0532448089394849,0.008843361850178227,0.00978102308894869,0.08744552871958267,4.762691060635745e-05,5.730656992255928e-05,0.000253991561303658,0.0005342139873361135,0.000752029537606175,0.0007480707445259024,4.050138868872338e-06,0.008796809104643429,4.762691060635745e-05,3.469446951953614e-18,1.3877787807814457e-17,2.3690867639871204e-16,1.0417576460997735,1.730136374211258e-16,1.0345027289960909,9.873885608374655e-05,-0.00019953824729789654
irregular,0.1,0.0,1.0,4.087421383647799,0.014385189962373951,0.015402284852773817,0.051366599161160174,0.008544002349660145,0.009447615092954522,0.0843572206285161,4.443545930122807e-05,5.3461301534117054e-05,0.0002367848509981965,0.0004916126975222364,0.0006922010380731238,0.0006886821353546531,3.599983918167999e-06,0.008500567694926698,4.443545930122808e-05,6.938893903907228e-18,6.938893903907228e-18,2.80314130950383e-16,1.0402633323565322,2.1189756405982117e-16,1.033258831073054,9.080402270125743e-05,-0.00018344045645524165
irregular,0.1,0.0,1.0,4.1371069182389935,0.01390390469127945,0.014882702880952595,0.04957679444289609,0.008258625539201118,0.009129885188868826,0.08141543521288494,4.1496409399169056e-05,4.992036966922449e-05,0.00022094599670867364,0.00045289389292583495,0.0006378299751511129,0.0006346972060766516,3.2048497235161847e-06,0.008218062430387306,4.149640939916905e-05,5.204170427930421e-18,1.3877787807814457e-17,1.835086862368091e-16,1.038841681090201,1.730136399992298e-16,1.0320753446484383,8.359570831266427e-05,-0.00016882397286307332
irregular,0.1,0.0,1.0,4.186792452830189,0.013444715519560297,0.01438720144344678,0.04787024778792143,0.007986411083145519,0.00882690666873543,0.07861154435399795,3.8786879695387137e-05,4.665618157319794e-05,0.0002063643491902473,0.0004176613061125589,0.0005883574075998165,0.0005855641608210994,2.857422157322242e-06,0.007948495325234844,3.878687969538712e-05,3.469446951953614e-18,6.938893903907228e-18,1.835086862368091e-16,1.0374882707405793,1.730136425773338e-16,1.0309486109048807,7.703959186138032e-05,-0.00015553634255530135
irregular,0.1,0.0,1.0,4.2364779874213845,0.013006352521061006,0.013914380339249995,0.046242167283185136,0.007726596105722676,0.008537818331773878,0.07593752422524319,3.6286317378336195e-05,4.364395140331913e-05,0.00019290372692798774,0.00038556330378744746,0.000543287701117414,0.0005407934866838877,2.551435286735397e-06,0.007691123578939381,3.628631737833619e-05,3.469446951953614e-18,1.3877787807814457e-17,2.8031415481898714e-16,1.0361990027293968,1.7301364773354161e-16,1.02987523647608,7.106972766812714e-05,-0.0001434424146072935
irregular,0.1,0.0,1.0,4.286163522012579,0.012587632655356404,0.013462936588814641,0.044688087994862034,0.0074784705280484375,0.008261819108778696,0.07338590637160754,3.397623605975713e-05,4.086138463173211e-05,0.00018048984891091215,0.000356287400856637,0.0005021806898208186,0.0004999502722845452,2.28151058401728e-06,0.007445255169217705,3.397623605975713e-05,6.938893903907228e-18,1.3877787807814457e-17,1.835086789448301e-16,1.0349700739234833,1.730136348430218e-16,1.0288520710077906,6.562751691716745e-05,-0.0001324221987884372
irregular,0.1,0.0,1.0,4.335849056603774,0.012187452901414259,0.01303165660955018,0.043203846173771335,0.007241372834374132,0.007998163187972054,0.07094973324165399,3.183998601772823e-05,3.828840122087477e-05,0.00016900405657592615,0.0003295555036868276,0.0004646448890873939,0.00046264755204464806,2.0430223812706325e-06,0.00721024484277858,3.183998601772824e-05,3.469446951953614e-18,1.3877787807814457e-17,5.1732803211623064e-20,1.033797951782197,2.118975703748605e-16,1.027876186884189,6.066081558762926e-05,-0.0001223690100789175
irregular,0.1,0.0,1.0,4.385534591194968,0.011804784004803486,0.012619409106052993,0.04178555592091092,0.007014686223462089,0.007746155589971597,0.06862251780187677,2.9862552368108894e-05,3.5906892417091646e-05,0.00015839054423557065,0.00030511977850697976,0.0004303316081301848,0.00042854052899081956,1.831985034549081e-06,0.006985490463897444,2.986255236810889e-05,6.938893903907228e-18,1.3877787807814457e-17,1.4983421190595556e-16,1.0326793518946815,1.7301364773354161e-16,1.0269448608847995,5.612315941429247e-05,-0.00011318785880439983
irregular,0.1,0.0,1.0,4.435220125786164,0.011438664777437277,0.012225138602119105,0.04042958773437382,0.006797835105972573,0.007505148145565232,0.06639820668602532,2.8030377481737967e-05,3.370050673725259e-05,0.00014855661444781895,0.00028275905673958996,0.0003989298340473526,0.0003973215514472403,1.6449580877961782e-06,0.00677042968530386,2.8030377481737967e-05,3.469446951953614e-18,1.3877787807814457e-17,1.498342386983949e-16,1.031611217648397,1.7301364515543773e-16,1.0260555575654078,5.197308940756151e-05,-0.00010479405147159615
irregular,0.1,0.0,1.0,4.484905660377359,0.011088196895516976,0.011847859549822332,0.039132549114229774,0.006590281913123337,0.007274535835264943,0.0642711467060429,2.6331204495559388e-05,3.165446135405097e-05,0.00013944504908986082,0.00026227570233301983,0.00037016177862606546,0.00036871573786891493,1.4789663959646309e-06,0.006564536909728172,2.633120449555939e-05,3.469446951953614e-18,1.3877787807814457e-17,1.0594881886763399e-16,1.0305907018014346,1.730136374211258e-16,1.0252059141809293,4.817356393473776e-05,-9.711197268824634e-05
irregular,0.1,0.0,1.0,4.534591194968554,0.010752540147212936,0.011486650958138167,0.03789126654604397,0.006391524185736157,0.0070537534542291745,0.06223605427295854,2.47539392015498e-05,2.975537561638571e-05,0.00013099514465926128,0.00024349287732501585,0.0003437789955567424,0.00034247715991320355,1.3314327079873698e-06,0.0063673205138740745,2.4753939201549803e-05,1.734723475976807e-18,6.938893903907228e-18,1.4983426549082943e-16,1.0296151497581156,1.730136374211258e-16,1.0243937269895178,4.469144544338999e-05,-9.007402299380032e-05
irregular,0.1,0.0,1.0,4.584276729559749,0.010430908086792753,0.0111406514899037,0.03670276944505373,0.006201091916158689,0.006842272570198509,0.06028798735974769,2.328852797455468e-05,2.7991123889771753e-05,0.0001231477851165129,0.0002262521512627561,0.00031955898946606963,0.0003183855071695957,1.2001206507371077e-06,0.006178320309593722,2.3288527974554675e-05,3.469446951953614e-18,6.938893903907228e-18,1.4983422976758231e-16,1.0286820843707982,2.1189756616483433e-16,1.0236169387957776,4.149705165614609e-05,-8.361969116407394e-05
irregular,0.1,0.0,1.0,4.633962264150943,0.01012256405650303,0.010809054981505533,0.03556427497144464,0.006018545118529218,0.006639598745633403,0.05842232002103273,2.1925849721010735e-05,2.6350705285667335e-05,0.00011585554233774013,0.0002104114080306175,0.00029730224975253993,0.0002962431681922518,1.0830864139779974e-06,0.005997105219705371,2.1925849721010735e-05,3.469446951953614e-18,6.938893903907228e-18,1.0594883149770763e-16,1.0277891921112852,3.670173445210314e-16,1.0228736276071777,3.8563762546357794e-05,-7.769474270064025e-05
irregular,0.1,0.0,1.0,4.683647798742139,0.009826817541542462,0.010491106344557494,0.034473174449406535,0.005843471605481571,0.00644526899838869,0.05663471902246482,2.0657620104003372e-05,2.4824128185279094e-05,0.00010907605742743146,0.00019584301033430816,0.0002768296519708165,0.000275872671956008,9.78637729423058e-07,0.0058232711482554935,2.065762010400338e-05,3.469446951953614e-18,6.938893903907228e-18,2.80314130950383e-16,1.0269343104730466,2.1189756405982117e-16,1.0221619962919448,3.586767565296606e-05,-7.225050887084417e-05
irregular,0.1,0.0,1.0,4.733333333333333,0.00954302082707627,0.01018609781318799,0.033427020730801955,0.005675484951695049,0.0062588494780012926,0.054921122348525704,1.9476306529818697e-05,2.340230772576987e-05,0.0001027654110716426,0.00018243218776437445,0.00025798017776076053,0.0002571144418718448,8.852989768187233e-07,0.0056564390271114946,1.9476306529818697e-05,1.734723475976807e-18,1.3877787807814457e-17,2.996684104156899e-16,1.026115416481106,1.730136399992298e-16,1.0214803631391627,3.3387303352068465e-05,-6.72432629123497e-05
irregular,0.1,0.0,1.0,4.783018867924529,0.009270565929412554,0.009893365504367866,0.03242351677791539,0.005514222626758988,0.006079933337112529,0.053277719580376,1.8375052588834528e-05,2.20769746863514e-05,9.687603691089795e-05,0.00017007561917338558,0.00024060891130346835,0.00023982482129147865,8.017814473228909e-07,0.005496253022632081,1.837505258883453e-05,1.734723475976807e-18,6.938893903907228e-18,2.3690870464042534e-16,1.0253306162001,1.730136399992298e-16,1.0208271532326951,3.1103306602206504e-05,-6.263367191814903e-05
irregular,0.1,0.0,1.0,4.8327044025157235,0.009008881776286826,0.009612286262085816,0.031460504906771554,0.005359344281619788,0.005908138779682969,0.051700933945138514,1.734761080773749e-05,2.084059438633864e-05,9.140563018877185e-05,0.00015868018419280033,0.00022458527621242911,0.00022387433519858066,7.269579560774042e-07,0.005342378887799697,1.734761080773749e-05,3.469446951953614e-18,6.938893903907228e-18,2.369086933437404e-16,1.0245781351430527,1.7301364515543773e-16,1.020200890560181,2.8998260444425272e-05,-5.838631453487439e-05
irregular,0.1,0.0,1.0,4.882389937106918,0.00875743161374288,0.009342274759223567,0.0305359570314517,0.005210530174509582,0.0057431072695863184,0.050187405542364866,1.638828272460685e-05,1.9686294414385545e-05,8.62860666057507e-05,0.00014816186219894191,0.00020979148180634655,0.00020914615769180526,6.598411297714479e-07,0.005194502446680957,1.6388282724606855e-05,3.469446951953614e-18,6.938893903907228e-18,2.3690870464042534e-16,1.023856309493955,1.2233913631117026e-16,1.01960019078677,2.7056447190886013e-05,-5.4469255981095394e-05
irregular,0.1,0.0,1.0,4.932075471698114,0.00851571061930856,0.009082780833590102,0.02964796578289009,0.005067479723665736,0.005584501884820594,0.048733976309275125,1.549186541803713e-05,1.8607800135297516e-05,8.151191223860274e-05,0.00013844476000830866,0.00019612115199879574,0.00019553475904589577,5.995648050068371e-07,0.005052328199372531,1.549186541803713e-05,3.469446951953614e-18,1.3877787807814457e-17,1.4983421190595556e-16,1.023163578066554,2.735585778148448e-16,1.0190237546307526,2.5263673790285046e-05,-5.0853673063375876e-05
irregular,0.1,0.0,1.0,4.981761006289308,0.008283243703178993,0.00883328703697771,0.028794736083259668,0.0049299101754376965,0.005432005804104931,0.04733767592348652,1.4653603742449316e-05,1.759937707775724e-05,7.704804573440969e-05,0.0001294602521213479,0.00018347811369980364,0.0001829447097073949,5.453680651149549e-07,0.004915578036760397,1.4653603742449318e-05,1.734723475976807e-18,6.938893903907228e-18,1.0594879360748219e-16,1.022498474929967,1.730136399992298e-16,1.0184703617848123,2.3607110334257497e-05,-4.75135228668426e-05
irregular,0.1,0.0,1.0,5.031446540880504,0.00805958348091423,0.008593306378218608,0.02797457765472517,0.004797555377501607,0.005285320913943797,0.04599570891066219,1.3869147601304108e-05,1.6655779394424656e-05,7.287647009015021e-05,0.00012114621950745663,0.00017177532475103288,0.00017128962163459512,4.965815182470447e-07,0.0047839900554653226,1.3869147601304108e-05,1.734723475976807e-18,6.938893903907228e-18,1.835086862368091e-16,1.0218596226389922,1.7301365031164545e-16,1.0179388653324597,2.207514707648281e-05,-4.442524965173056e-05
irregular,0.1,0.0,1.0,5.081132075471698,0.007844308402725632,0.008362380243055622,0.027185897821280055,0.004670164647917014,0.0051441665254291745,0.044705442567437095,1.3134513690079072e-05,1.577220371567778e-05,6.897096141953346e-05,0.00011344637478553927,0.00016093392409315094,0.00016049121000604293,4.526154832983091e-07,0.004657317464264487,1.3134513690079072e-05,1.734723475976807e-18,6.938893903907228e-18,1.4983422083676918e-16,1.0212457260134038,2.7355857944538095e-16,1.0174281866143864,2.0657267684211916e-05,-4.156752521929617e-05
irregular,0.1,0.0,1.0,5.130817610062893,0.007637021025877175,0.008140076475363137,0.026427195077694775,0.004547501731660356,0.005008278191108567,0.04346439627994462,1.2446051193853878e-05,1.4944247765582944e-05,6.531228886837391e-05,0.00010630966325502054,0.00015088238915903139,0.00015047846056636576,4.129498020089031e-07,0.0045353275741271135,1.2446051193853878e-05,1.5178830414797062e-18,6.938893903907228e-18,2.5952046257694874e-16,1.0206555664162325,1.730136348430218e-16,1.0169373105040571,1.934393674197371e-05,-3.892101863688449e-05
irregular,0.1,0.0,1.0,5.180503144654088,0.007437346417999304,0.007925987605728024,0.0256970530365729,0.004429343837074331,0.004877406613189055,0.04227023107973412,1.1800411002701945e-05,1.416787322918255e-05,6.189711731221187e-05,9.968973060762755e-05,0.00014155578745755112,0.00014118688980588407,3.771250400180193e-07,0.0044178008647291515,1.1800411002701945e-05,1.734723475976807e-18,3.469446951953614e-18,2.595204728893644e-16,1.02008799648606,2.4467824345442613e-16,1.0164652810559285,1.8126499786001032e-05,-3.6468191753071325e-05
irregular,0.1,0.0,1.0,5.230188679245283,0.007244930680239142,0.007719729214728872,0.024994134771255876,0.004315480745395189,0.004751316635184974,0.04112074041536598,1.1194518048178069e-05,1.3439372375416241e-05,5.867481351105143e-05,9.354444933426566e-05,0.0001328951110084208,0.00013255788683094196,3.447348757808347e-07,0.004304530120998635,1.1194518048178069e-05,2.6020852139652106e-18,3.469446951953614e-18,1.4983424762920692e-16,1.0195419352828763,2.9966840892722084e-16,1.0160111974933297,1.6997094368836896e-05,-3.419311739578934e-05
irregular,0.1,0.0,1.0,5.279874213836479,0.0070594395802400295,0.007520938419483666,0.024317177907672804,0.00420571398716604,0.004629786309879698,0.04001384149764785,1.0625546421234058e-05,1.2755338040449569e-05,5.5659232081422456e-05,8.783549686489775e-05,0.00012484668374936663,0.00012453812721228443,3.154195073093663e-07,0.004195319633829084,1.0625546421234058e-05,1.734723475976807e-18,3.469446951953614e-18,1.0594884412777977e-16,1.019016363811028,2.735585778148448e-16,1.0155742105062513,1.5948570846358034e-05,-3.208131754767023e-05
irregular,0.1,0.0,1.0,5.329559748427673,0.006880557285823021,0.007329272473069539,0.02366498951558321,0.0040998560799192394,0.004512606037130219,0.0389475671180157,1.0090896965716616e-05,1.2112636593634149e-05,5.28305860469141e-05,8.252797936085658e-05,0.00011736163329740283,0.00011707905033446596,2.8885993221392227e-07,0.004089984459644984,1.0090896965716618e-05,1.734723475976807e-18,3.469446951953614e-18,1.0594883149770763e-16,1.0185103208863655,2.4467823616244703e-16,1.0151535188322023,1.4974421744647082e-05,-3.0119619137338946e-05
irregular,0.1,0.0,1.0,5.379245283018868,0.006707985191110268,0.007144407467421427,0.023036441857117645,0.003997729822036263,0.004399577765667574,0.03792005835396459,9.588177079795114e-06,1.150838356936327e-05,5.016238056098053e-05,7.759009584406337e-05,0.00011039541953546373,0.00011013639283743591,2.647729782712409e-07,0.003988349733987621,9.588177079795116e-06,1.734723475976807e-18,3.469446951953614e-18,1.4983422976758231e-16,1.0180228993178753,2.118975703748605e-16,1.0147483660958412,1.4068718707713895e-05,-2.8296025383692247e-05
irregular,0.1,0.0,1.0,5.428930817610063,0.006541440827552015,0.006966037131148671,0.022430468361081563,0.0038991676381584786,0.00429051425357279,0.036929557614990415,9.115182492037407e-06,1.0939921680506923e-05,4.766626754286834e-05,7.29928380085983e-05,0.00010390741343834808,0.00010366977166632233,2.429069800685567e-07,0.0038902500347238857,9.115182492037407e-06,1.734723475976807e-18,3.469446951953614e-18,2.1189756826984743e-16,1.0175532423769227,2.735585827064533e-16,1.0143580378854247,1.3226056151321303e-05,-2.6599600888946653e-05
irregular,0.1,0.0,1.0,5.478616352201258,0.006380656853017105,0.006793871714512061,0.021846059527959222,0.003804010971941729,0.004185238382601021,0.035974402228311234,8.669880800021474e-06,1.0404800955444686e-05,4.5298304282611835e-05,6.870972163509011e-05,9.786052036900025e-05,9.764231104757742e-05,2.2303801247824116e-07,0.0037955287908768573,8.669880800021474e-06,1.734723475976807e-18,3.469446951953614e-18,1.835086862368091e-16,1.0171005405297913,2.7355858107591714e-16,1.0139818590461658,1.244150085611545e-05,-2.5020368899132325e-05
irregular,0.1,0.0,1.0,5.528301886792454,0.006225380112699511,0.0066276369545015335,0.021282259565138118,0.003712109722328439,0.004083582521972267,0.035053018577898845,8.250396584366813e-06,9.900760779551954e-06,4.309654522880066e-05,6.471654602674043e-05,9.222084278538072e-05,9.202030840619009e-05,2.0496660477123007e-07,0.00370403773343557,8.250396584366811e-06,1.734723475976807e-18,3.469446951953614e-18,1.4983421190595556e-16,1.0166640284114696,2.7355857944538095e-16,1.0136191911724497,1.1710546826776413e-05,-2.3549219346441497e-05
irregular,0.1,0.0,1.0,5.577987421383648,0.0060753707661448065,0.006467073113564776,0.02073816317572546,0.0036233217198509576,0.003985387937629604,0.034163916428847356,7.85499794169943e-06,9.425713645369564e-06,4.100780676713782e-05,6.099117831978543e-05,8.695737791448328e-05,8.67729348439548e-05,1.8851487042722285e-07,0.003615636384810393,7.85499794169943e-06,1.734723475976807e-18,3.469446951953614e-18,2.5952045742074077e-16,1.0162429820206915,2.9966840892722084e-16,1.0132694302825274,1.102907482555468e-05,-2.217782645528958e-05
irregular,0.1,0.0,1.0,5.627672955974843,0.00593040147520973,0.0063119340861462255,0.020212912202109655,0.0035375122397879612,0.0038905042433299915,0.03330568397087162,7.482084280536345e-06,8.977730429949439e-06,3.904089467493814e-05,5.751335989970421e-05,8.204174648646738e-05,8.187196632653886e-05,1.735239965617587e-07,0.0035301915839079773,7.482084280536345e-06,1.5178830414797062e-18,1.734723475976807e-18,2.803141404978249e-16,1.0158367161180726,2.9966841190415895e-16,1.01293200466079,1.0393316059578717e-05,-2.089857484190681e-05
irregular,0.1,0.0,1.0,5.6773584905660375,0.005790256648203708,0.006161986567669645,0.019705693022713588,0.003454553549278251,0.00379878889025593,0.03247698292788909,7.1301752586787866e-06,8.55502704537171e-06,3.7175935985634886e-05,5.4264532483572624e-05,7.744794908941743e-05,7.729154218642712e-05,1.598520452948693e-07,0.0034475770440484874,7.130175258678787e-06,8.673617379884035e-19,3.469446951953614e-18,1.835086789448301e-16,1.0154445818108382,2.1189756616483433e-16,1.0126063728540853,9.799819563519052e-06,-1.9704493165281778e-05
irregular,0.1,0.0,1.0,5.727044025157233,0.005654731735876918,0.00601700928110461,0.01921573385930226,0.0033743244857373793,0.0037101066921177432,0.031676544163531786,6.7979007409668e-06,8.155952323204291e-06,3.543932030182262e-05,5.122768171756761e-05,7.315214711288075e-05,7.300794795025065e-05,1.473720257680836e-07,0.0033676729411896192,6.7979007409667995e-06,1.3010426069826053e-18,3.469446951953614e-18,1.4983424762920692e-16,1.0150659643091207,1.730136348430218e-16,1.0122920218097442,9.245422872707076e-06,-1.8589194498767198e-05
irregular,0.1,0.0,1.0,5.7767295597484285,0.005523632575278771,0.005876792256629371,0.01874230204033084,0.003296710064166549,0.0036243293829897848,0.030903163547174553,6.483991680053598e-06,7.77897701235428e-06,3.380771155232102e-05,4.838719638962018e-05,6.913246560509243e-05,6.899941984985785e-05,1.3597020152827283e-07,0.003290365530141363,6.483991680053598e-06,1.1926223897340549e-18,3.469446951953614e-18,1.0594884412777977e-16,1.0147002808401484,3.460272709750956e-16,1.0119884651440745,8.72722562996961e-06,-1.7546822689513963e-05
irregular,0.1,0.0,1.0,5.826415094339623,0.0053967747778665915,0.005741136160339864,0.018284702064709214,0.0032216011111326124,0.003541335205349805,0.030155698071270946,6.187271822584574e-06,7.422683771430508e-06,3.2217937879139246e-05,4.5728741578687746e-05,6.536881568015428e-05,6.524596868333026e-05,1.2554460263125185e-07,0.0032155467866454746,6.187271822584574e-06,1.3010426069826053e-18,3.469446951953614e-18,1.4983422083676918e-16,1.0143469787078636,3.460272709750956e-16,1.0116952415310787,8.242565810150787e-06,-1.6572004058704182e-05
irregular,0.1,0.0,1.0,5.876100628930818,0.0052739831585197645,0.005609851668254892,0.01784227326341271,0.0031488939233998607,0.0034610085260197484,0.029433062274163015,5.9066501662201155e-06,7.085758068512879e-06,3.073585126505775e-05,4.323914425419709e-05,6.184273438482785e-05,6.172922096118363e-05,1.1600371629516607e-07,0.0031431140733739326,5.9066501662201155e-06,1.734723475976807e-18,3.469446951953614e-18,1.0594879360748219e-16,1.014005533486577,1.7301364515543773e-16,1.0114119132020294,7.788998283089765e-06,-1.5659803869782704e-05
irregular,0.1,0.0,1.0,5.925786163522012,0.005155091202413148,0.005482758882199607,0.017414387643347483,0.0030784899493522724,0.003383239477884213,0.028734224810312237,5.64111408322024e-06,6.766979886039746e-06,2.9352931658318245e-05,4.0906290009624684e-05,5.853724017379495e-05,5.843227550903817e-05,1.0726533312435176e-07,0.003072969828066549,5.64111408322024e-06,8.673617379884035e-19,3.469446951953614e-18,1.835086862368091e-16,1.0136754473382843,1.2233912172721306e-16,1.0111380645473576,7.364275467618489e-06,-1.4805687058135758e-05
irregular,0.1,0.0,1.0,5.975471698113208,0.005039940566947596,0.005359686784443224,0.01700044820673568,0.0030102954915076276,0.0033079236254592455,0.02805820551829459,5.389723061965867e-06,6.465216167166473e-06,2.8057865103326316e-05,3.871902976275036e-05,5.543670235265742e-05,5.533957390493896e-05,9.925552956258614e-08,0.003005021272157349,5.3897230619658665e-06,1.3010426069826053e-18,3.469446951953614e-18,1.4983422976758231e-16,1.0133562474441358,2.9966841785803506e-16,1.010873300813025,6.9663298567414905e-06,-1.4005482772836558e-05
irregular,0.1,0.0,1.0,6.025157232704403,0.0049283806161597755,0.0052404727282073646,0.01659988703058619,0.002944221428561817,0.0032349616525262355,0.027404072178768103,5.151602989398413e-06,6.179413921455295e-06,2.680903629165514e-05,3.666709538607967e-05,5.2526723032668275e-05,5.2436783312324554e-05,9.190776915531673e-08,0.0029391801384027077,5.151602989398412e-06,8.673617379884035e-19,3.469446951953614e-18,1.4983422083676918e-16,1.0130474845413702,1.730136399992298e-16,1.0106172468842305,6.593258219637563e-06,-1.3255352332200085e-05
irregular,0.1,0.0,1.0,6.074842767295598,0.0048202679852489844,0.005124961961404992,0.016212163900401637,0.002880182955528241,0.003164259070208908,0.02677093814492366,4.925940935814074e-06,5.908593929688527e-06,2.5627434997857515e-05,3.474102334654265e-05,4.979403030378858e-05,4.971069042941053e-05,8.516210810907063e-08,0.002875362416113474,4.925940935814074e-06,1.734723475976807e-18,3.469446951953614e-18,2.5952048320177957e-16,1.0127487315577608,2.118975745848866e-16,1.0103695461498814,6.2433073070196354e-06,-1.255176023895032e-05
irregular,0.1,0.0,1.0,6.124528301886793,0.004715466173044761,0.005013007181196048,0.01583676432545987,0.0028180993406549414,0.00309572594398835,0.026157959404799747,4.711980388476761e-06,5.651844996119384e-06,2.449303836449816e-05,3.293208553508813e-05,4.7226381475965716e-05,4.714910541759202e-05,7.896449217498327e-08,0.00281348811272798,4.711980388476761e-06,8.673617379884035e-19,1.734723475976807e-18,1.835087154047223e-16,1.012459582336279,2.7355857618430866e-16,1.010129859441828,5.914860905783387e-06,-1.1891447940475496e-05
irregular,0.1,0.0,1.0,6.174213836477987,0.00461384516041204,0.0049044681171158,0.01547319854017227,0.002757893697910097,0.003029276638288179,0.025564332504524914,4.5090168918504405e-06,5.408318688037181e-06,2.3428270691461952e-05,3.123222655652288e-05,4.48124753649151e-05,4.474077479599221e-05,7.326613369440346e-08,0.002753481030554439,4.5090168918504405e-06,1.3010426069826053e-18,1.734723475976807e-18,1.4983422083676918e-16,1.0121796504432892,2.7355857944538095e-16,1.009897864043334,5.606428106154707e-06,-1.1271410054217341e-05
irregular,0.1,0.0,1.0,6.223899371069182,0.004515281052748004,0.004799211140731335,0.01512099978825642,0.002699492773918285,0.0029648295773577896,0.02498929202477228,4.316394061426239e-06,5.177224525321943e-06,2.2443044409623265e-05,2.9634006829273527e-05,4.254187271016558e-05,4.24753023993976e-05,6.802295916561257e-08,0.00269526855760087,4.316394061426238e-06,1.3010426069826053e-18,3.469446951953614e-18,1.835086862368091e-16,1.0119085680541346,1.730136399992298e-16,1.0096732527617254,5.31663265867198e-06,-1.0688872808535532e-05
irregular,0.1,0.0,1.0,6.273584905660378,0.004419655744883589,0.004697108899949941,0.014779723372648913,0.0026428267483207648,0.00290230702129428,0.024432108738751672,4.1334999284310915e-06,4.957825574854589e-06,2.144654928025244e-05,2.813055091507922e-05,4.040492391178654e-05,4.0343077594375386e-05,6.319511871285276e-08,0.0026387814715050925,4.1334999284310915e-06,8.673617379884035e-19,1.734723475976807e-18,1.0594878413492372e-16,1.0116459849104862,1.730136399992298e-16,1.0094557330605536,5.0442033121943924e-06,-1.0141274476841398e-05
irregular,0.1,0.0,1.0,6.323270440251573,0.0043268566067959455,0.004598039976206719,0.014448945159681767,0.002587829046615575,0.0028416348561255676,0.023892087529399628,3.959763594511321e-06,4.749434411446742e-06,2.05970127328611e-05,2.6715500559925748e-05,3.839270335948718e-05,3.833521003434874e-05,5.8746550223861635e-08,0.00258395375564201,3.959763594511321e-06,8.673617379884035e-19,1.734723475976807e-18,1.498342320002855e-16,1.011391567344253,1.730136374211258e-16,1.0092450262469967,4.78796503566685e-06,-9.62624760628139e-06
irregular,0.1,0.0,1.0,6.3729559748427675,0.004236776188719195,0.004501888562970306,0.014128260728618813,0.002534436164604375,0.0027827423969721187,0.023368565393099627,3.794652159409951e-06,4.551409414070482e-06,1.972937709214414e-05,2.5382971983647498e-05,3.6496949705008934e-05,3.644347031100801e-05,5.4644591544331624e-08,0.002530722426571126,3.794652159409951e-06,6.505213034913027e-19,3.469446951953614e-18,1.8350868805980381e-16,1.0111449973633053,2.1189756616483433e-16,1.0090408667105595,4.546831036265214e-06,-9.14160286376569e-06
irregular,0.1,0.0,1.0,6.422641509433962,0.004149311944290127,0.004408544164044806,0.013817283995050587,0.0024825875036391188,0.0027255622033701926,0.02286090994695677,3.6376679050083486e-06,4.36315136787762e-06,1.8879790668529747e-05,2.4127517003295553e-05,3.471001149722659e-05,3.466023592686312e-05,5.0859635207559726e-08,0.002479027372033264,3.637667905008348e-06,8.673617379884035e-19,0.0,1.4983421413865901e-16,1.0109059717946083,2.446782452774209e-16,1.0088430012094338,4.319795496424833e-06,-8.685314340646857e-06
irregular,0.1,0.0,1.0,6.472327044025157,0.004064365970510784,0.004317901310336245,0.013515646742928312,0.002432225215925135,0.002670029905914118,0.022368517750143098,3.4883457054812238e-06,4.184100340069431e-06,1.8131386516320817e-05,2.294408761947641e-05,3.3024797660204883e-05,3.2978442074144e-05,4.736482063341458e-08,0.0024288111987833395,3.4883457054812234e-06,4.336808689942018e-19,3.469446951953614e-18,2.1189756984860726e-16,1.0106742014807295,2.1189756616483433e-16,1.0086511882011842,4.105926959851666e-06,-8.255506174129068e-06
irregular,0.1,0.0,1.0,6.522012578616353,0.003981844763378076,0.004229859293791464,0.013222997178517836,0.0023832940591987416,0.002616084043450957,0.021890812530944756,3.3462506489515007e-06,4.013732813863717e-06,1.737172379932318e-05,2.1828003732740647e-05,3.143473234853528e-05,3.139153675851364e-05,4.413575954461408e-08,0.0023800190895905795,3.3462506489515002e-06,4.336808689942018e-19,1.734723475976807e-18,1.0594884728529756e-16,1.010449410525982,1.730136348430218e-16,1.0084651972146685,3.904362303996586e-06,-7.850440358343758e-06
irregular,0.1,0.0,1.0,6.571698113207548,0.003901658988136964,0.0041443219173719695,0.012938999380737058,0.0023357412601360955,0.002563665910093521,0.021427244124022773,3.21097585083366e-06,3.851559048069442e-06,1.668685248064749e-05,2.0774923691999073e-05,2.9933713762121354e-05,2.989343985352392e-05,4.1150290769080506e-08,0.002332598668783565,3.21097585083366e-06,8.673617379884035e-19,5.204170427930421e-18,1.8350868076782488e-16,1.0102313355887769,2.9966840743875174e-16,1.0082848082603477,3.7143012431295475e-06,-7.468505630900922e-06
irregular,0.1,0.0,1.0,6.6213836477987424,0.003823723263158015,0.0040611972599496025,0.012663332210018028,0.00228951638591245,0.0025127194114018237,0.0209772868169993,3.0821404386284337e-06,3.6971206484041013e-06,1.6040950469935144e-05,1.978081740654478e-05,2.851607654553783e-05,2.8478505714228714e-05,3.838826103749355e-08,0.002286499875777292,3.0821404386284337e-06,8.673617379884035e-19,1.734723475976807e-18,1.1853474331475863e-19,1.0100197252169942,2.1189756405982117e-16,1.0081098112763525,3.5350013115678647e-06,-7.108207332847533e-06
irregular,0.1,0.0,1.0,6.671069182389937,0.0037479559565689476,0.003980397455165756,0.012395688792982853,0.002244571223365286,0.0024631909291090506,0.020540438229193058,2.959387698676056e-06,3.5499883324404676e-06,1.5367925632528735e-05,1.884194178150128e-05,2.717655743503953e-05,2.714148901584957e-05,3.583132890968664e-08,0.00224167484604631,2.9593876986760556e-06,4.336808689942018e-19,1.734723475976807e-18,2.5952045742074077e-16,1.0098143392234527,1.7301364773354161e-16,1.0079400056078807,3.365773281870793e-06,-6.7681581499253254e-06
irregular,0.1,0.0,1.0,6.720754716981132,0.003674278994759639,0.003901838483285451,0.012135775827577423,0.0022008596652568118,0.002415029193829333,0.02011621806759962,2.842383366019554e-06,3.4097598654010328e-06,1.4738418260860163e-05,1.7954818259567486e-05,2.5910263850282935e-05,2.587751351715613e-05,3.346278917271553e-08,0.002198077799058189,2.8423833660195543e-06,8.673617379884035e-19,1.734723475976807e-18,2.803141369175342e-16,1.0096149480987504,2.1189756616483433e-16,1.0077751995176742,3.2059769774633873e-06,-6.4470696527320695e-06
irregular,0.1,0.0,1.0,6.770440251572328,0.0036026176820199026,0.0038254399752225016,0.011883312610076439,0.002158337603170336,0.0023681851652154525,0.01970416703742457,2.730814049538971e-06,3.2760581642046657e-06,1.4183953086968166e-05,1.711621227463835e-05,2.4712645158158552e-05,2.4682043478107137e-05,3.126741548682764e-08,0.0021556649327074025,2.7308140495389715e-06,8.673617379884035e-19,1.734723475976807e-18,1.4983422306947251e-16,1.0094213324589862,2.1189756405982117e-16,1.0076152097254973,3.055017442910035e-06,-6.143744561279939e-06
irregular,0.1,0.0,1.0,6.820125786163523,0.003532900530566921,0.0037511250279255925,0.01163803064135782,0.0021169628266077324,0.002322611919082287,0.01930384566366535,2.62438577731832e-06,3.148529540507607e-06,1.3606912857609226e-05,1.6323114441426177e-05,2.357946636318823e-05,2.355085748825145e-05,2.923131921946281e-08,0.002114394323834201,2.6243857773183203e-06,8.673617379884035e-19,1.734723475976807e-18,1.8350868805980381e-16,1.0092332825260175,2.1189756616483433e-16,1.0074598609746943,2.9123414391329233e-06,-5.857069667312455e-06
irregular,0.1,0.0,1.0,6.869811320754717,0.0034650591002977358,0.003678820030391201,0.011399672930186337,0.002076694927884154,0.0022782645410382198,0.018914833486529732,2.522822654234679e-06,3.0268420832919022e-06,1.3088102160853195e-05,1.5572723322910996e-05,2.250678400312164e-05,2.2480024486206287e-05,2.734182271774171e-08,0.0020742258344302413,2.522822654234679e-06,6.505213034913027e-19,8.673617379884035e-19,1.4983421413865901e-16,1.0090505976381225,1.730136399992298e-16,1.0073089856240312,2.777434233705231e-06,-5.586009353819067e-06
irregular,0.1,0.0,1.0,6.919496855345912,0.0033990278476491273,0.0036084544996149936,0.011167993356656872,0.0020374952124507474,0.002235100026208996,0.01853672790988069,2.4258656207959845e-06,2.910684163686429e-06,1.2605816820395112e-05,1.4862429632766034e-05,2.149092405009506e-05,2.1465881772142203e-05,2.5587345429663653e-08,0.002035121023173503,2.4258656207959845e-06,6.505213034913027e-19,1.734723475976807e-18,1.8350869535178247e-16,1.008873085789063,2.1189756616483433e-16,1.007162423263184,2.6498166594470657e-06,-5.3295996575528776e-06
irregular,0.1,0.0,1.0,6.969182389937107,0.0033347439829779077,0.0035399609258516306,0.010942756389539803,0.001999326614293111,0.002193077184659098,0.01816914348176236,2.3332713067489182e-06,2.7997630486793552e-06,1.210433051621537e-05,1.4189801743787693e-05,2.052846163700687e-05,2.0505014834268987e-05,2.395730150686721e-08,0.0019970430619469658,2.3332713067489182e-06,8.673617379884035e-19,1.734723475976807e-18,2.595204677331566e-16,1.0087005631937005,1.730136399992298e-16,1.007020020350326,2.529042417223626e-06,-5.0869428255074026e-06
irregular,0.1,0.0,1.0,7.018867924528303,0.0032721473359331715,0.003473274626591139,0.010723736205495731,0.001962153616091146,0.002152156552151587,0.017811710980318026,2.244810970686087e-06,2.693803626284219e-06,1.1737447080919157e-05,1.3552572385804274e-05,1.961620244630167e-05,1.9594238827713295e-05,2.244200764585383e-08,0.0019599566570337747,2.2448109706860864e-06,8.673617379884035e-19,1.734723475976807e-18,1.0594878729244331e-16,1.0085328538784504,1.730136348430218e-16,1.0068816298703933,2.4146956011123627e-06,-4.857202320947794e-06
irregular,0.1,0.0,1.0,7.068553459119498,0.003211180228313202,0.0034083336086970155,0.010510716316178826,0.0019259421738326342,0.0021123003059034,0.017464076508931517,2.1602695184201348e-06,2.592547222236741e-06,1.1197136397927998e-05,1.294862642767539e-05,1.875116561378256e-05,1.873058155949653e-05,2.1032600075261857e-08,0.0019238279746903266,2.160269518420135e-06,8.673617379884035e-19,8.673617379884035e-19,1.835086734758456e-16,1.008369789294983,1.7301365804595679e-16,1.0067471110127129,2.3063884259273693e-06,-4.639598238948689e-06
irregular,0.1,0.0,1.0,7.118238993710692,0.003151787353943476,0.0033450784381972485,0.010303489651735283,0.0018906596456092245,0.0020734721850337004,0.017125901029726713,2.079444592307311e-06,2.4957504992704237e-06,1.0866764427531615e-05,1.2375989647955073e-05,1.793056801424156e-05,1.7911267847335432e-05,1.97209597088526e-08,0.0018886245708311159,2.0794445923073107e-06,4.336808689942018e-19,1.734723475976807e-18,1.8350868805980381e-16,1.008211207955691,2.446782379854418e-16,1.0066163288667536,2.203759139610649e-06,-4.433403095324348e-06
irregular,0.1,0.0,1.0,7.167924528301887,0.0030939156651456235,0.0032834521172623835,0.010101856939174125,0.0018562747243303253,0.0020356374153965378,0.01679685933289086,2.002145730444153e-06,2.403184445948162e-06,1.0491346209810032e-05,1.1832818407939659e-05,1.715180980815274e-05,1.71337051323288e-05,1.849964465209852e-08,0.0018543153245643483,2.002145730444153e-06,3.2526065174565133e-19,8.673617379884035e-19,5.783903232390431e-20,1.0080569550895468,1.730136374211258e-16,1.0064891541348675,2.1064701040069203e-06,-4.237937956032972e-06
irregular,0.1,0.0,1.0,7.2176100628930815,0.003037514265387269,0.003223399967910222,0.009905627707458307,0.0018227573741149453,0.0019987626385425104,0.016476639575823834,1.928193584793887e-06,2.3146334341348017e-06,9.993164321055812e-06,1.1317390148718312e-05,1.6412461140060244e-05,1.63954702369486e-05,1.7361829243077017e-08,0.0018208703753476473,1.928193584793887e-06,8.673617379884035e-19,1.734723475976807e-18,4.480192179024677e-20,1.0079068823170694,1.730136374211258e-16,1.0063654628609515,2.0142060294997197e-06,-4.052568877381882e-06
irregular,0.1,0.0,1.0,7.267295597484278,0.0029825343077376047,0.003164869522032935,0.009714619015938982,0.001790078770138311,0.0019628158445470813,0.01616494276937983,1.8574191967628584e-06,2.2298943439383032e-06,9.697004570245026e-06,1.0828094641230639e-05,1.5710249889477712e-05,1.5694297169783663e-05,1.6301248982692997e-08,0.0017882610635422238,1.8574191967628584e-06,2.168404344971009e-19,1.734723475976807e-18,1.4983420744054853e-16,1.0077608473432194,2.9966840892722084e-16,1.0062451361740448,1.926672350156637e-06,-3.876703630181777e-06
irregular,0.1,0.0,1.0,7.3169811320754725,0.0029289288987824924,0.0031078104173683104,0.00952865495535978,0.0017582112417197284,0.0019277663084702385,0.015861481667172862,1.7896633241872637e-06,2.1487757538133914e-06,9.234973977599935e-06,1.0363425924979928e-05,1.5043050384236613e-05,1.502806588758071e-05,1.5312150734650436e-08,0.0017564598741580317,1.7896633241872637e-06,4.336808689942018e-19,8.673617379884035e-19,1.0594880939507777e-16,1.007618713667098,1.7301365031164545e-16,1.0061280600459395,1.8435937273603153e-06,-3.7097886833119785e-06
irregular,0.1,0.0,1.0,7.366666666666667,0.0028766530076657277,0.0030521742990479066,0.00934756728006569,0.0017271282184592616,0.0018935845302300905,0.01556598074917599,1.7247758185473782e-06,2.0710971909937913e-06,8.99506352021738e-06,9.921974876782052e-06,1.4408872994553056e-05,1.4394791933358603e-05,1.4389247681735829e-08,0.0017254403835991732,1.7247758185473782e-06,4.336808689942018e-19,8.673617379884035e-19,1.4983421637136245e-16,1.0074803503074372,2.1189756616483433e-16,1.006014125061945,1.76471267088283e-06,-3.551306424550739e-06
irregular,0.1,0.0,1.0,7.416352201257862,0.0028256633799476983,0.0029979147263804926,0.00917119367803121,0.0016968041792373204,0.0018602421776827344,0.015278175436393402,1.6626150414232639e-06,1.996688427221966e-06,8.706816964856289e-06,9.502422356369959e-06,1.3805854533480907e-05,1.3792616876785389e-05,1.352767849580863e-08,0.0016951772092334144,1.6626150414232639e-06,4.336808689942018e-19,8.673617379884035e-19,1.4983420744054853e-16,1.0073456315429006,1.730136348430218e-16,1.0059032262040073,1.6897882676066012e-06,-3.400772598617652e-06
irregular,0.1,0.0,1.0,7.466037735849056,0.002775918456006353,0.0029449870845784354,0.008999378990255278,0.0016672146039107172,0.0018277120327199392,0.014997811731671374,1.6030473284130223e-06,1.9253888309807356e-06,8.45192788808014e-06,9.103532880546603e-06,1.3232249396213438e-05,1.321979948960781e-05,1.2722970392497066e-08,0.0016656459616119885,1.6030473284130223e-06,6.505213034913027e-19,0.0,2.595204612878967e-16,1.0072144366663116,1.730136399992298e-16,1.005795262645439,1.6185950086440234e-06,-3.2577339439897844e-06
irregular,0.1,0.0,1.0,7.515723270440253,0.0027273782937008175,0.0028933485011151537,0.008831973645160654,0.0016383359275403567,0.0017959679401983225,0.014724645367323526,1.545946485011028e-06,1.8570467629097985e-06,8.054484469784713e-06,8.724148781795994e-06,1.2686421376694771e-05,1.267470759506817e-05,1.1971005582545242e-08,0.0016368231991895962,1.545946485011028e-06,4.336808689942018e-19,8.673617379884035e-19,1.8350868441381436e-16,1.0070866497519653,1.730136374211258e-16,1.0056901375565555,1.5509217067980266e-06,-3.1217660118976025e-06
irregular,0.1,0.0,1.0,7.565408805031447,0.002680004495056528,0.0028429577664500086,0.00866883414561133,0.0016101454970084926,0.001764984759544946,0.014458441792785512,1.4911933216532331e-06,1.791519014169969e-06,7.778248095798993e-06,8.363184811282305e-06,1.2166836105600228e-05,1.2155810535627404e-05,1.1267990861713286e-08,0.001608686385396434,1.4911933216532331e-06,4.336808689942018e-19,1.734723475976807e-18,1.8350867529884047e-16,1.0069621594352431,2.1189756405982117e-16,1.0055877579205832,1.486570496740322e-06,-2.992471152361755e-06
irregular,0.1,0.0,1.0,7.615094339622642,0.0026337601367334156,0.002793775258864785,0.008509822342557103,0.0015826215298772775,0.0017347383188701033,0.01419897568716744,1.4386752169151416e-06,1.7286702805610726e-06,7.588506156264597e-06,8.01962314974632e-06,1.1672054058588888e-05,1.1661672208248619e-05,1.0610429965455965e-08,0.0015812138479229273,1.4386752169151416e-06,4.336808689942018e-19,8.673617379884035e-19,2.3690867922288354e-16,1.006840858703803,2.1189756405982117e-16,1.0054880343592134,1.4253559111818137e-06,-2.8694766534419387e-06
irregular,0.1,0.0,1.0,7.664779874213837,0.002588609704061269,0.0027457628731696313,0.008354805604607858,0.0015557430753685222,0.001705205371448267,0.013946030072902005,1.3882857130059905e-06,1.6683726742698788e-06,7.294645231227028e-06,7.692508792932067e-06,1.1200724088383414e-05,1.1190944621027837e-05,9.995098466719079e-09,0.0015543847400949116,1.3882857130059907e-06,4.336808689942018e-19,8.673617379884035e-19,4.480192179024677e-20,1.006722644699664,1.730136399992298e-16,1.0053908809672492,1.3671040266964932e-06,-2.7524330210916027e-06
irregular,0.1,0.0,1.0,7.714465408805031,0.002544519028436178,0.0026988839530622073,0.008203656277185205,0.0015294899773337343,0.0016763635544303442,0.013699396560179565,1.3399241404981263e-06,1.6105052727648374e-06,6.9884384818971375e-06,7.380945281216207e-06,1.0751577438159331e-05,1.0742361928896302e-05,9.419020962097641e-09,0.0015281790042104971,1.3399241404981263e-06,4.336808689942018e-19,1.734723475976807e-18,1.0594879992252071e-16,1.0066074185315428,2.1189756195480804e-16,1.0052962151558058,1.311651673623418e-06,-2.6410123881719268e-06
irregular,0.1,0.0,1.0,7.764150943396228,0.0025014552278849566,0.0026531032269179813,0.008056251789371568,0.0015038428391069552,0.001648191349656582,0.013458874602558143,1.2934952625128308e-06,1.5549536889002085e-06,6.830189170012755e-06,7.084090745629461e-06,1.0323422197541055e-05,1.0314734909957998e-05,8.879450271126004e-09,0.0015025773367402927,1.293495262512831e-06,2.710505431213761e-19,1.734723475976807e-18,1.0594878097740403e-16,1.0064950850968517,2.7355857944538095e-16,1.0052039575035758,1.2588457048287247e-06,-2.534907042162516e-06
irregular,0.1,0.0,1.0,7.813836477987422,0.002459386650623926,0.002608386746833696,0.007912473656670247,0.0014787829901289292,0.0016206680464519525,0.013224271214199636,1.2489089494593728e-06,1.5016096822449695e-06,6.502146373618258e-06,6.8011542450240576e-06,9.915138165769808e-06,9.90694584713567e-06,8.373848545063714e-09,0.0014775611552696126,1.2489089494593728e-06,2.439454888092385e-19,8.673617379884035e-19,1.8350867712183528e-16,1.0063855529128,2.7355857944538095e-16,1.005114031615687,1.2085423185337688e-06,-2.43382806200702e-06
irregular,0.1,0.0,1.0,7.863522012578617,0.0024182828214329073,0.0025647018307223576,0.007772208289999723,0.0014542924542449776,0.001593773706291244,0.012995400656248634,1.2060798714937812e-06,1.450370784913883e-06,6.331754823653221e-06,6.531392371106615e-06,9.525672089702691e-06,9.517943783029476e-06,7.899870027040123e-09,0.001453112567096532,1.2060798714937812e-06,4.336808689942018e-19,8.673617379884035e-19,1.4983420967325206e-16,1.0062787339560735,1.730136374211258e-16,1.0050263639897246,1.1606064310347788e-06,-2.33750405531424e-06
irregular,0.1,0.0,1.0,7.913207547169812,0.0023781143906988315,0.0025220170073007044,0.007635346269590337,0.0014303539195807539,0.0015674891292259418,0.012772084209446064,1.1649272130588713e-06,1.4011399579164253e-06,6.156649318399953e-06,6.274106100266835e-06,9.15403324703391e-06,9.146740118502394e-06,7.455345346864282e-09,0.0014292143393870248,1.1649272130588713e-06,4.336808689942018e-19,1.734723475976807e-18,1.4983420744054853e-16,1.0061745435106078,1.730136348430218e-16,1.0049408838885046,1.1149110951827815e-06,-2.245679987980965e-06
irregular,0.1,0.0,1.0,7.962893081761006,0.002338853085970719,0.0024803019637994173,0.007501782024861727,0.001406950709910761,0.0015417958219818616,0.012554149759875177,1.1253744033726999e-06,1.3538252702211269e-06,5.915117333884395e-06,6.028637872716405e-06,8.799289347672128e-06,8.792404528084832e-06,7.038267175947026e-09,0.0014058498708062353,1.1253744033727e-06,2.168404344971009e-19,8.673617379884035e-19,1.4983422306947251e-16,1.0060729000229893,2.1189756616483433e-16,1.004857523219225,1.0713369611101142e-06,-2.158116098941159e-06
irregular,0.1,0.0,1.0,8.0125786163522,0.002300471665894115,0.002439527496253793,0.007371414226897715,0.0013840667574332936,0.0015166759676243902,0.012341431358171933,1.087348869590822e-06,1.3083395980403627e-06,5.533085616490783e-06,5.794368881269103e-06,8.460562728447763e-06,8.45406116746241e-06,6.6467771655322764e-09,0.0013830031645352707,1.087348869590822e-06,4.336808689942018e-19,8.673617379884035e-19,1.8350868259081962e-16,1.0059737249650713,2.99668413392628e-16,1.0047762164186267,1.0297717759127564e-06,-2.0745868932973283e-06
irregular,0.1,0.0,1.0,8.062264150943397,0.0022629438763897623,0.0023996654622225225,0.007244145074308037,0.0013616865768754872,0.0014921123967123497,0.01213376947701709,1.0507818009416086e-06,1.2646003423385374e-06,5.533085616490783e-06,5.570716553445283e-06,8.137026818435224e-06,8.130885150496383e-06,6.279153984322023e-09,0.0013606588026062667,1.0507818009416086e-06,4.336808689942018e-19,8.673617379884035e-19,1.4983421413865901e-16,1.0058769427033796,1.730136399992298e-16,1.0046969003438366,9.901099191616386e-07,-1.9948802077603654e-06
irregular,0.1,0.0,1.0,8.111949685534592,0.002226244408954244,0.0023606887358046972,0.007119879973797187,0.0013397952408590015,0.0014680885598561653,0.011931010040841931,1.0156079309419382e-06,1.2225291649398924e-06,5.3318147119265075e-06,5.357132211985027e-06,7.827902854077963e-06,7.82209927502484e-06,5.9338024041251765e-09,0.0013388019214808397,1.0156079309419382e-06,2.168404344971009e-19,8.673617379884035e-19,2.803141381109644e-16,1.005782480374949,2.7355857944538095e-16,1.0046195141685765,9.522519715480376e-07,-1.918796342813365e-06
irregular,0.1,0.0,1.0,8.161635220125786,0.0021903488609728984,0.00232257116483807,0.0069985284528141815,0.0013183783564510278,0.0014445885016032385,0.011733004910206327,9.817653338422089e-07,1.1820517462301596e-06,5.263014220319208e-06,5.1530989001735245e-06,7.532456824965585e-06,7.52697097840532e-06,5.609243320196345e-09,0.0013174181888005617,9.81765333842209e-07,2.168404344971009e-19,8.673617379884035e-19,1.4983420744054853e-16,1.005690267769233,2.4467824345442613e-16,1.0045439992844396,9.161043140913303e-07,-1.8461472563739874e-06
irregular,0.1,0.0,1.0,8.211320754716981,0.002155233697927927,0.002285287530145448,0.006880002749095446,0.001297422042842429,0.0014215968355781067,0.011539610970585007,9.491952306335803e-07,1.1430975488291797e-06,5.0509930079323e-06,4.9581293593270025e-06,7.249996632763249e-06,7.244809505391674e-06,5.304104600267045e-09,0.0012964937812539338,9.491952306335804e-07,4.336808689942018e-19,8.673617379884035e-19,1.835086734758456e-16,1.005600237215738,1.2233913266518113e-16,1.0044702992069574,8.815787555360027e-07,-1.776755814322361e-06
irregular,0.1,0.0,1.0,8.261006289308176,0.0021208762174081716,0.0022488135067337675,0.0067642183724036945,0.00127691291009065,0.0013990987208129726,0.011350690487088136,9.178418126078721e-07,1.1055996068347678e-06,4.7536104815230715e-06,4.771764146991242e-06,6.979869447176777e-06,6.974963272269471e-06,5.0171127369275626e-09,0.0012760153634924346,9.178418126078722e-07,3.5236570605778894e-19,8.673617379884035e-19,1.0594879992252071e-16,1.0055123234770964,2.1189756405982117e-16,1.0043983594862032,8.485921858345652e-07,-1.7104550935373268e-06
irregular,0.1,0.0,1.0,8.310691823899372,0.002087254514817034,0.002213125626828994,0.0066510939279185105,0.0012568380388679023,0.0013770798391997666,0.011166110270466696,8.876520714197576e-07,1.0694943210843062e-06,4.7536104815230715e-06,4.59356988523134e-06,6.72145924414265e-06,6.716817412549507e-06,4.747085174475516e-09,0.0012559700680442505,8.876520714197575e-07,2.439454888092385e-19,8.673617379884035e-19,5.1732803211623064e-20,1.0054264636472625,2.735585778148448e-16,1.0043281276216731,8.170662537509282e-07,-1.647087733420375e-06
irregular,0.1,0.0,1.0,8.360377358490567,0.0020543474506961984,0.002178201244655713,0.006540550834914688,0.001237184961165995,0.0013555263740088297,0.010985742270760913,8.585756414489873e-07,1.0347212677879405e-06,4.517745487845102e-06,4.4231376292965345e-06,6.474184512668808e-06,6.469791490680479e-06,4.4929232857672264e-09,0.0012363454761733451,8.585756414489874e-07,3.2526065174565133e-19,8.673617379884035e-19,1.4983422083676918e-16,1.0053425970545622,1.2233912172721306e-16,1.0042595529812333,7.869270667142103e-07,-1.5865053323632292e-06
irregular,0.1,0.0,1.0,8.410062893081761,0.0020221346195743563,0.002144018502874064,0.006432513327927025,0.001217941641902008,0.001334424989413421,0.010809462601079928,8.305646538968414e-07,1.0012230251840912e-06,4.436338000413295e-06,4.260081347720174e-06,6.237496117785629e-06,6.2333373712915244e-06,4.253605941382479e-09,0.0012171295996277305,8.305646538968415e-07,2.168404344971009e-19,1.734723475976807e-18,1.4983421190595556e-16,1.005260665169344,1.7301364515543773e-16,1.0041925867238986,7.581049113244281e-07,-1.5285678856848638e-06
irregular,0.1,0.0,1.0,8.459748427672956,0.001990596320263026,0.002110556300572314,0.00632690820096489,0.0011990964613824765,0.0013137628109726046,0.010637151860213932,8.03573594810876e-07,9.689450018899644e-07,4.26886823125797e-06,4.104036505588249e-06,6.01087530812257e-06,6.0069372325684485e-06,4.02818358227754e-09,0.0011983108632425148,8.035735948108761e-07,4.336808689942018e-19,8.673617379884035e-19,1.4983421413865901e-16,1.0051806115159745,1.730136399992298e-16,1.0041271817262476,7.305339929696356e-07,-1.4731432620303762e-06
irregular,0.1,0.0,1.0,8.50943396226415,0.0019597135275236212,0.0020777942627479055,0.006223664851739983,0.0011806381985775146,0.0012935274070148945,0.010468694890786957,7.775591787363071e-07,9.378352830831575e-07,4.182619578303747e-06,3.954658743428374e-06,5.793831857489762e-06,5.790101713122954e-06,3.8157728136137505e-09,0.0011798780883371786,7.775591787363072e-07,4.336808689942018e-19,8.673617379884035e-19,1.059487967650015e-16,1.0051023815889593,1.730136374211258e-16,1.0040632925122865,7.04152193060914e-07,-1.4201067153442673e-06
irregular,0.1,0.0,1.0,8.559119496855347,0.0019294678650388477,0.0020457127111937977,0.006122715187506481,0.0011625560151651752,0.0012737067708837454,0.010303980227361682,7.52480224467996e-07,9.078444842573003e-07,4.00455336570039e-06,3.8116226447407308e-06,5.585902330713012e-06,5.582368182717624e-06,3.6155514098596182e-09,0.0011618204768819632,7.524802244679959e-07,2.168404344971009e-19,8.673617379884035e-19,2.1189757300612684e-16,1.0050259227729643,1.730136399992298e-16,1.0040008751865706,6.789008427246848e-07,-1.3693404298411975e-06
irregular,0.1,0.0,1.0,8.608805031446542,0.001899841579610093,0.0020142926367128443,0.00602399295382999,0.0011448394403046254,0.001254289303993713,0.010142900281618314,7.282975401816614e-07,8.78925610947953e-07,3.818191820832846e-06,3.6746205856818687e-06,5.386648464714233e-06,5.383299127825781e-06,3.426753733808142e-09,0.0011441275963827722,7.282975401816613e-07,2.168404344971009e-19,4.336808689942018e-19,1.4983420520784495e-16,1.004951184266545,2.73558594120206e-16,1.003939887370421,6.547245116565042e-07,-1.320733095548643e-06
irregular,0.1,0.0,1.0,8.658490566037736,0.0018708175165361878,0.0019835156726081436,0.00592743500473564,0.0011274783561015954,0.0012352637996595139,0.009985351585264646,7.049738152631128e-07,8.510339268303777e-07,3.91248236030638e-06,3.5433616610732103e-06,5.1956556565437614e-06,5.192480643786265e-06,3.2486665230999606e-09,0.0011267893654522796,7.049738152631128e-07,2.168404344971009e-19,8.673617379884035e-19,1.4983420520784495e-16,1.004878117009375,1.2233912172721306e-16,1.0038802881410722,6.315708110586453e-07,-1.2741795121650086e-06
irregular,0.1,0.0,1.0,8.70817610062893,0.0018423790960932103,0.0019533640693579647,0.00583297980417339,0.0011104629837324841,0.0012166194276591363,0.009831233651259015,6.824735208797742e-07,8.241268388081924e-07,3.818191820832846e-06,3.4175706811284673e-06,5.0125315507165875e-06,5.00952102592582e-06,3.0806250240238715e-09,0.0011097960400318946,6.824735208797741e-07,3.2526065174565133e-19,4.336808689942018e-19,1.0594880308003983e-16,1.0048066736128092,2.996684059502827e-16,1.0038220379736038,6.093902096557594e-07,-1.2295802192621198e-06
irregular,0.1,0.0,1.0,8.757861635220126,0.0018145102910760078,0.0019238206704460662,0.00574056772671437,0.00109378387018941,0.001198345719487674,0.009680449653205166,6.607628127518353e-07,7.981637755444574e-07,3.91248236030638e-06,3.2969872339775464e-06,4.836904718765687e-06,4.834049452608691e-06,2.922009415288582e-09,0.0010931382002312023,6.607628127518353e-07,2.168404344971009e-19,8.673617379884035e-19,6.335948541614567e-20,1.0047368082936028,1.7301364773354161e-16,1.0037650986855102,5.881358618353878e-07,-1.186841150877492e-06
irregular,0.1,0.0,1.0,8.807547169811322,0.001787195605339033,0.0018948688892607662,0.005650141758636087,0.0010774318756194118,0.0011804325542764797,0.009532905803327711,6.398094418991474e-07,7.731060827060856e-07,3.6222548091772e-06,3.1813648092366965e-06,4.668423424509143e-06,4.665714753717437e-06,2.7722415248453106e-09,0.0010768067377546196,6.398094418991474e-07,2.168404344971009e-19,8.673617379884035e-19,1.059488125525966e-16,1.004668476810624,1.730136399992298e-16,1.003709433383771,5.677634470949676e-07,-1.1458733127794364e-06
irregular,0.1,0.0,1.0,8.857232704402517,0.0017604200532887835,0.0018664926870296456,0.005561646152200656,0.0010613981612252027,0.0011628701453346706,0.009388511808534972,6.19582670379942e-07,7.48916920183613e-07,3.078324659199975e-06,3.070469978357765e-06,4.506754468988786e-06,4.504184258553443e-06,2.630781803333415e-09,0.0010607928438845743,6.195826703799421e-07,4.336808689942018e-19,8.673617379884035e-19,1.059487967650015e-16,1.0046016364044135,2.99668413392628e-16,1.0036550064143073,5.482310199140909e-07,-1.106592480804719e-06
irregular,0.1,0.0,1.0,8.906918238993711,0.0017341691402807283,0.0018386765517251012,0.005475027395341631,0.0010456741777011697,0.001145649027288663,0.009247180042470247,6.000531922199909e-07,7.255611679259458e-07,3.1945284701301985e-06,2.9640816277553544e-06,4.351582109515752e-06,4.349142717611726e-06,2.497126534923908e-09,0.0010450879979947694,6.000531922199909e-07,3.2526065174565133e-19,8.673617379884035e-19,2.1189757142736706e-16,1.004536245739443,1.2233912172721306e-16,1.0036017833136854,5.294988693676714e-07,-1.0689189187565278e-06
irregular,0.1,0.0,1.0,8.956603773584906,0.001708428843877398,0.001811405477901597,0.005403529766863691,0.0010302516541766242,0.0011287600437867678,0.009108825895757101,5.811930578076549e-07,7.030053346026253e-07,3.078324659199975e-06,2.861990241056618e-06,4.2026070476633285e-06,4.200291293096275e-06,2.3708052599512828e-09,0.0010296839565674223,5.811930578076549e-07,4.336808689942018e-19,1.734723475976807e-18,1.4983420744054853e-16,1.0044722648489406,1.730136399992298e-16,1.003549730762975,5.115293878386017e-07,-1.03277711451682e-06
irregular,0.1,0.0,1.0,9.0062893081761,0.0016831855959220496,0.0017846649474136246,0.00533402497649316,0.0010151225876418935,0.0011121943357419077,0.008973367486152371,5.62975603312716e-07,6.81217472643889e-07,3.1945284701301985e-06,2.7639972270426273e-06,4.059545481442435e-06,4.057346613418278e-06,2.251378399430018e-09,0.001014572742687879,5.629756033127161e-07,2.168404344971009e-19,8.673617379884035e-19,1.0594880308003983e-16,1.0044096550821546,2.735585843369894e-16,1.003498816543641,4.942869480653242e-07,-9.980955330847995e-07
irregular,0.1,0.0,1.0,9.055974842767297,0.0016584262653908314,0.001758440910970468,0.005266122222379647,0.0010002792328342614,0.0010959433300852667,0.00884072577302805,5.453753846209524e-07,6.601670984985149e-07,2.831646840510158e-06,2.669914290142251e-06,3.922128217249666e-06,3.920039887291667e-06,2.1384350637314976e-09,0.000999746635995865,5.453753846209525e-07,2.168404344971009e-19,4.336808689942018e-19,1.059488346552258e-16,1.00434837905393,1.7301364773354161e-16,1.0034490094953692,4.77737788101909e-07,-9.648063853669002e-07
irregular,0.1,0.0,1.0,9.105660377358491,0.0016341381419849135,0.0017327197704914844,0.005199779829000174,0.0009857140925612516,0.0010799987290091063,0.008710824033442052,5.283681154568928e-07,6.398251194095123e-07,3.078324659199975e-06,2.5795628405596157e-06,3.7900998375008075e-06,3.788116073344829e-06,2.031591029940905e-09,0.000985198163068968,5.283681154568928e-07,2.168404344971009e-19,4.336808689942018e-19,1.0594879992252071e-16,1.0042884005964927,2.4467823616244703e-16,1.003400279475742,4.6184990353925065e-07,-9.328454116535895e-07
irregular,0.1,0.0,1.0,9.155345911949686,0.0016103089204247464,0.0017074883622190107,0.00513495691955822,0.0009714199084375037,0.0010643524996671546,0.008583588204732602,5.11930606852642e-07,6.201637594442184e-07,2.9575586669421963e-06,2.4927734413341915e-06,3.6632179201541504e-06,3.661333101480195e-06,1.9304868642381088e-09,0.0009709200882183456,5.11930606852642e-07,2.168404344971009e-19,4.336808689942018e-19,1.4983422306947251e-16,1.004229684713328,1.7301364515543773e-16,1.003352597321657,4.465929465085998e-07,-9.021516787228578e-07
irregular,0.1,0.0,1.0,9.20503144654088,0.0015869266854168223,0.0016827339405530916,0.005071614526601092,0.0009573896520198291,0.0010489968643220336,0.008458946593090813,4.960407114789066e-07,6.011564927472222e-07,2.699869328381916e-06,2.4093852898276868e-06,3.5412523066332273e-06,3.5394611424921393e-06,1.834786191810942e-09,0.0009569054046787022,4.960407114789066e-07,2.168404344971009e-19,8.673617379884035e-19,1.0594878413492372e-16,1.0041721975350468,2.446782379854418e-16,1.0033059348124194,4.3193813104545897e-07,-8.726673897153925e-07
irregular,0.1,0.0,1.0,9.254716981132075,0.0015639798972557329,0.0016584441625743882,0.005009714304515719,0.0009436165163169901,0.0010339242909066105,0.008336829755995628,4.806772722996093e-07,5.827779823841785e-07,2.699869328381916e-06,2.3292457313107044e-06,3.4239844148779655e-06,3.4222819226788377e-06,1.7441741008982382e-09,0.0009431473261679296,4.806772722996093e-07,2.168404344971009e-19,8.673617379884035e-19,1.4983421413865901e-16,1.0041159062771545,1.730136348430218e-16,1.0032602646344138,4.178581443380937e-07,-8.443377058468555e-07
irregular,0.1,0.0,1.0,9.304402515723272,0.0015414573780355675,0.0016346070732245685,0.0049492195662580825,0.0009300939076594906,0.0010191274839878722,0.0082171704014576,4.6582007144888153e-07,5.650040175651217e-07,2.831646840510158e-06,2.2522098025068645e-06,3.311206594518935e-06,3.309588080472583e-06,1.6583556560672618e-09,0.0009296392788071367,4.6582007144888153e-07,2.168404344971009e-19,8.673617379884035e-19,6.84360659610991e-20,1.004060779199621,1.730136399992298e-16,1.0032155603472894,4.0432706349463263e-07,-8.171105791889965e-07
irregular,0.1,0.0,1.0,9.354088050314466,0.001519348298438698,0.0016112110911033755,0.00489009445177166,0.0009168154379099866,0.0010045993761105753,0.008099903487198527,4.5144978446131727e-07,5.478114615788831e-07,2.4148365394514667e-06,2.1781398030864033e-06,3.202721521365019e-06,3.2011825622650468e-06,1.5770545310688976e-09,0.0009163748933756728,4.5144978446131727e-07,2.168404344971009e-19,8.673617379884035e-19,1.059487967650015e-16,1.004006785568169,1.7301364773354161e-16,1.0031717963515785,3.913202774072193e-07,-7.909365957738893e-07
irregular,0.1,0.0,1.0,9.403773584905661,0.00149764216507848,0.0015882449948703167,0.004832304535286965,0.0009037749169999157,0.0009903331195013979,0.007984965993466464,4.375479352729155e-07,5.311781934841439e-07,2.561320938754782e-06,2.1069048932650726e-06,3.0983416286106924e-06,3.096878054859892e-06,1.5000117361841513e-09,0.0009033479978916618,4.375479352729155e-07,2.168404344971009e-19,4.336808689942018e-19,1.4983420744054853e-16,1.0039538956172023,1.730136374211258e-16,1.0031289478576881,3.788144134729554e-07,-7.657688283427971e-07
irregular,0.1,0.0,1.0,9.453459119496856,0.0014763288083647762,0.0015656979102022992,0.0047758160958672165,0.0008909663457770213,0.0009763220781218629,0.007872296892377425,4.240968540478539e-07,5.150830609157872e-07,2.4148365394514667e-06,2.038380715767375e-06,2.997888572347371e-06,2.9964964521381403e-06,1.4269844403715773e-09,0.000890552610501087,4.240968540478539e-07,2.168404344971009e-19,4.336808689942018e-19,1.4983421860406583e-16,1.0039020805142866,2.1189757247987357e-16,1.0030869908561912,3.667872687184402e-07,-7.415626980520652e-07
irregular,0.1,0.0,1.0,9.50314465408805,0.0014553983708712997,0.001543559297297951,0.004720596177542907,0.0008783839091459887,0.0009625598200461036,0.007761836677972918,4.110796386033126e-07,4.995058319321416e-07,2.2588727439225506e-06,1.9724490405793324e-06,2.901192729123617e-06,2.8998683536811583e-06,1.3577448837447675e-09,0.0008779829326556487,4.1107963860331267e-07,2.168404344971009e-19,8.673617379884035e-19,1.4983421413865901e-16,1.0038513123261232,1.730136374211258e-16,1.0030459020893603,3.552177451592031e-07,-7.182758446160585e-07
irregular,0.1,0.0,1.0,9.552830188679247,0.0014348412961830473,0.0015218189388947758,0.004666613897892446,0.0008660219694956274,0.0009490401101569511,0.007653528700006185,3.9848011612603665e-07,4.844271491634619e-07,2.4148365394514667e-06,1.908997430980511e-06,2.808092723492603e-06,2.806832593313307e-06,1.2920793628384512e-09,0.0008656333425779458,3.9848011612603665e-07,2.168404344971009e-19,8.673617379884035e-19,2.5952046257694874e-16,1.0038015639859323,1.730136425773338e-16,1.003005659023887,3.4408578902626885e-07,-6.958680042763038e-07
irregular,0.1,0.0,1.0,9.602515723270441,0.0014146483181955963,0.0015004669287753808,0.004613838365249787,0.0008538750603892031,0.0009357569031376771,0.007547316494389551,3.8628280793138653e-07,4.6982848943369124e-07,2.2588727439225506e-06,1.8479189294906064e-06,2.7184349835721094e-06,2.7172357955787818e-06,1.2297872924810686e-09,0.0008534983889858373,3.862828079313865e-07,1.3552527156068805e-19,4.336808689942018e-19,1.4983420520784495e-16,1.0037528092621886,1.2233914360314818e-16,1.0029662398247288,3.3337233365212174e-07,-6.743008950909485e-07
irregular,0.1,0.0,1.0,9.652201257861636,0.001394810450854382,0.0014794936607467155,0.004562239799448034,0.0008419378805178252,0.0009227043367512032,0.007443146846896964,3.7447289575784923e-07,4.5569211951796243e-07,2.2588727439225506e-06,1.7891117624310445e-06,2.6320733228531953e-06,2.6309319584046354e-06,1.170680333862176e-09,0.0008415727850790411,3.7447289575784923e-07,2.168404344971009e-19,8.673617379884035e-19,1.4983420967325206e-16,1.0037050227286433,2.1189756616483433e-16,1.0029276233300333,3.2305924578708567e-07,-6.535381091049997e-07
irregular,0.1,0.0,1.0,9.70188679245283,0.0013753189783042871,0.0014588898180610203,0.004511789433190751,0.0008302052878931267,0.0009098767253913242,0.007340967447733753,3.630361910581219e-07,4.420010624720976e-07,2.2588727439225506e-06,1.7324790619139978e-06,2.5488685465384947e-06,2.547782060227173e-06,1.1145815885989702e-09,0.0008298514027615816,3.630361910581219e-07,2.168404344971009e-19,8.673617379884035e-19,1.4983421190595556e-16,1.003658179735576,1.730136374211258e-16,1.0028897890270863,3.131292750737681e-07,-6.335450109164892e-07
irregular,0.1,0.0,1.0,9.751572327044025,0.0013561654454369643,0.0014386463632640645,0.004462459482241794,0.0008186722942775416,0.0008972685538936616,0.007240727605654337,3.519591034382612e-07,4.287390585765377e-07,2.091309789151873e-06,1.6779286041331081e-06,2.4686880808771557e-06,2.4676536900683636e-06,1.0613248422935926e-09,0.0008183292671032408,3.5195910343826126e-07,1.0842021724855044e-19,4.336808689942018e-19,1.4983421413865901e-16,1.0036122563822132,2.99668413392628e-16,1.0028527170292394,3.035660065316831e-07,-6.142886422426126e-07
irregular,0.1,0.0,1.0,9.801257861635222,0.0013373416488200872,0.0014187545284570673,0.0044142225299356455,0.0008073340598353214,0.0008848744715955555,0.007142378197078251,3.412286131217277e-07,4.158905319260389e-07,1.7075472925031877e-06,1.6253725629482599e-06,2.3914056240199317e-06,2.390420699071792e-06,1.0107538689279017e-09,0.000807001551017483,3.412286131217277e-07,1.8973538018496328e-19,4.336808689942018e-19,1.4983420967325206e-16,1.0035672294902689,1.2233913631117026e-16,1.0028163880537788,2.943538158300084e-07,-5.957376321055058e-07
irregular,0.1,0.0,1.0,9.850943396226416,0.0013188396279820698,0.0013992058059384813,0.00436705236854965,0.0007961858879983875,0.0008726892866319394,0.007045871652534429,3.3083224393566424e-07,4.034405588439223e-07,1.9090959104164224e-06,1.5747272777506608e-06,2.3169008170503986e-06,2.315962872168679e-06,9.627217812264334e-10,0.0007958635701533379,3.308322439356643e-07,1.0842021724855044e-19,4.336808689942018e-19,1.0594879360748219e-16,1.0035230765785499,2.1189756616483433e-16,1.0027807834006768,2.85477827169367e-07,-5.778621122724988e-07
irregular,0.1,0.0,1.0,9.90062893081761,0.0013006516570446482,0.0013799919392224681,0.004320923457529828,0.0007852232205345232,0.0008607079604580753,0.006951161722509097,3.207580380692073e-07,3.9137483577427965e-07,1.4787793334710982e-06,1.525913034748316e-06,2.2450589339183462e-06,2.2441656186033137e-06,9.170904274878534e-10,0.0007849107779887951,3.2075803806920725e-07,2.168404344971009e-19,4.336808689942018e-19,1.059487967650015e-16,1.0034797758385807,1.7301365546785302e-16,1.0027458849322002,2.769238736334209e-07,-5.606336376164783e-07
irregular,0.1,0.0,1.0,9.950314465408805,0.0012827702366871327,0.001361104914411172,0.004275810682315865,0.0007744416328106998,0.000848925602589737,0.006858203586792027,3.109945304216943e-07,3.7967965236753117e-07,1.9090959104164224e-06,1.478853860820315e-06,2.1757705891016735e-06,2.1749196801479804e-06,8.737298254578798e-10,0.0007741387611188165,3.109945304216943e-07,1.0842021724855044e-19,4.336808689942018e-19,1.4983421413865901e-16,1.0034373061111999,2.446782325164574e-16,1.0027116750533327,2.6867845980904984e-07,-5.440251110997232e-07
irregular,0.1,0.0,1.0,10.0,0.0012651880864222478,0.0013425369519060814,0.004231690299898497,0.0007638368292423586,0.0008373374655482469,0.006766953802761252,3.015307276298232e-07,3.6834186033014014e-07,1.7075472925031877e-06,1.4334773291453394e-06,2.108931461894819e-06,2.1081208558986547e-06,8.325176449757228e-10,0.0007635432347253898,3.015307276298232e-07,2.168404344971009e-19,4.336808689942018e-19,2.3690867922288354e-16,1.0033956468640897,1.730136399992298e-16,1.0026781366929727,2.607287265888117e-07,-5.280107130637562e-07
