case_id,lmax,rms_d,rms_matched_pairwise,rms_collective_residual,delta_d,delta_d_applicable,delta_b,delta_b_applicable,delta_r,delta_r_applicable,physical_residual,balanced_condition,raw_condition
n2_pair_f0.1_d2.1,1,0.0098184182483527539,0.0098184182483527539,8.5023607794799466e-19,0,false,0,false,0,false,8.5784850110415752e-17,1.0110946527705362,1.0110946527705362
n2_pair_f0.1_d2.1,3,0.0099187099212858735,0.0099187099212858718,1.4992127237341574e-18,0.010111362639801525,true,0.010111362639801436,true,1.2367473197267708e-16,true,1.3426216122422628e-16,1.0299581186158226,50.659174537722393
n2_pair_f0.1_d2.1,5,0.0099432552337696736,0.0099432552337696736,8.6563941655273991e-19,0.0024685389147448599,true,0.002468538914744947,true,1.2336406132648463e-16,true,9.3817716720693882e-17,1.0410256421742119,396515387.1941269
n2_pair_f0.1_d2.1,7,0.0099469137560457745,0.0099469137560457745,1.501744280419302e-18,0.00036780476495819374,true,0.00036780476495810652,true,1.2331866497334875e-16,true,1.9227268692090286e-16,1.047018807020321,10946932073021240
n2_pair_f0.1_d2.1,9,0.0099473423041284079,0.0099473423041284079,1.5016630100970117e-18,4.3081666391984207e-05,true,4.3081666391984207e-05,true,2.2154309745942971e-20,true,2.1745048937955017e-16,1.0501324475304785,7.8406185006602197e+23
n2_pair_f0.1_d2.5,1,0.0048926672170301697,0.0048926672170301697,4.2367601476913964e-19,0,false,0,false,0,false,1.3398812564585655e-16,1.0066187172931136,1.0066187172931136
n2_pair_f0.1_d2.5,3,0.0049119052929698665,0.0049119052929698665,7.4665731348482465e-19,0.003916621920058338,true,0.0039166219200584265,true,1.2486422039080825e-16,true,9.5485246975008043e-17,1.0130320697878408,10.365897925234576
n2_pair_f0.1_d2.5,5,0.004914168584618973,0.004914168584618973,4.2620377905280367e-19,0.00046056451058494575,true,0.00046056451058485749,true,1.248059651916194e-16,true,9.4953766362994865e-17,1.014468111381313,33719227.166027501
n2_pair_f0.1_d2.5,7,0.0049143327407276506,0.0049143327407276506,4.2623457517997182e-19,3.3403539674301347e-05,true,3.3403539674301347e-05,true,4.3059916560460733e-20,true,1.9639759456674653e-16,1.0146977438021223,451795301914537.12
n2_pair_f0.1_d3.0,1,0.0023673627816643917,0.0023673627816643921,3.6887360389935995e-19,0,false,0,false,0,false,1.4467572390814989e-16,1.0038741290064856,1.0038741290064856
n2_pair_f0.1_d3.0,3,0.0023710227808715783,0.0023710227808715783,3.6908918920830593e-19,0.0015436373014690377,true,0.0015436373014690377,true,1.661184543499511e-19,true,9.6303459997961473e-17,1.0060539778488236,3.0420751240332833
n2_pair_f0.1_d3.0,5,0.0023712184900892812,0.0023712184900892812,2.0543420418718825e-19,8.2535295048152978e-05,true,8.2535295048061526e-05,true,1.2932536104810877e-16,true,1.4188644296206719e-16,1.0062370939387433,2612065.2069214731
n2_pair_f0.1_d3.0,7,0.0023712253450265787,0.0023712253450265787,2.0542644771241222e-19,2.8908839524091834e-06,true,2.8908839524091834e-06,true,4.6238291175057731e-21,true,1.1886737364168967e-16,1.0062465033899004,16773683890264.021
n2_pair_f0.1_d4.0,1,0.00075734745805164068,0.00075734745805164068,1.667625544654995e-19,0,false,0,false,0,false,1.3899877190996911e-16,1.0016839609360291,1.0016839609360291
n2_pair_f0.1_d4.0,3,0.00075766051817776584,0.00075766051817776584,6.56121017790643e-20,0.00041319313678664398,true,0.00041319313678650087,true,2.0237209553059338e-16,true,9.5888609335026687e-17,1.0021168445194728,1.3220656128315429
n2_pair_f0.1_d4.0,5,0.00075766484519006519,0.00075766484519006519,6.5612101321022343e-20,5.7109846481920404e-06,true,5.7109846481920404e-06,true,1.023251686402496e-20,true,3.5453353135489171e-17,1.0021255115224517,46729.158873703309
n2_pair_f0.1_d6.0,1,0.00015495147783745105,0.00015495147783745105,1.3427881305448505e-20,0,false,0,false,0,false,1.0324331703444617e-17,1.0005390902230547,1.0005390902230547
n2_pair_f0.1_d6.0,3,0.00015496579069873548,0.00015496579069873545,2.3393028998271668e-20,9.2361425188658891e-05,true,9.2361425188571436e-05,true,1.2368003218152365e-16,true,1.9465398268690268e-16,1.0005891245938749,1.038572156560128
n2_pair_f0.1_d6.0,5,0.00015496581222251957,0.00015496581222251959,4.0611079271670109e-20,1.3889375849493215e-07,true,1.3889375875729697e-07,true,3.7103992358690624e-16,true,2.2796981741543778e-16,1.0005892802590592,165.62887478202376
n2_pair_f0.1_d10.0,1,2.2652552563440868e-05,2.2652552563440868e-05,3.0816157271690922e-21,0,false,0,false,0,false,9.939654774158921e-17,1.0001381868761825,1.0001381868761825
n2_pair_f0.1_d10.0,3,2.2653048671998138e-05,2.2653048671998138e-05,1.938204576421551e-21,2.1900299798748486e-05,true,2.1900299798673703e-05,true,1.0575931735533814e-16,true,1.9648632080800465e-16,1.0001421002330089,1.0032183294514334
n2_pair_f0.1_d10.0,5,2.2653048702590407e-05,2.2653048702590407e-05,1.938204576421551e-21,1.3504702624726429e-09,true,1.3504702624726429e-09,true,0,true,4.5471626443279783e-17,1.0001421014671563,1.4475827475151877
n2_pair_f0.4_d2.1,1,0.15975330235003485,0.15975330235003488,2.4011782140140976e-17,0,false,0,false,0,false,9.9625249515623894e-17,1.0451296577176712,1.0451296577176712
n2_pair_f0.4_d2.1,3,0.16658865227136338,0.16658865227136338,1.463482124327155e-17,0.041031305722998013,true,0.041031305722997929,true,1.1791632755039724e-16,true,1.2280852875743675e-16,1.1289991070654628,827.81230570856405
n2_pair_f0.4_d2.1,5,0.16851915979507495,0.16851915979507495,1.4984057445033893e-17,0.011455715338594942,true,0.011455715338594942,true,2.349064584442853e-18,true,7.6069033813487407e-18,1.1821434621557307,7160041237.7525511
n2_pair_f0.4_d2.1,7,0.16884925445864593,0.16884925445864593,2.470984703001646e-17,0.0019549666631891384,true,0.0019549666631890564,true,1.1623491098722084e-16,true,1.0402317572297155e-16,1.2123074538299805,2.1690114843674317e+17
n2_pair_f0.4_d2.1,9,0.16889612219446343,0.16889612219446348,6.0754498425364403e-17,0.00027749444574893043,true,0.0002774944457492591,true,4.6481082519972637e-16,true,2.0167670344963535e-16,1.228466263165779,1.7757478482017763e+25
n2_pair_f0.4_d2.1,11,0.1689024822865498,0.1689024822865498,2.4739137513234171e-17,3.7655409205645691e-05,true,3.765540920548136e-05,true,2.3239781849750726e-16,true,1.140531854530328e-16,1.2366641217407619,2.4628786855671003e+33
n2_pair_f0.4_d2.5,1,0.079067664837804294,0.079067664837804294,6.8472891275820541e-18,0,false,0,false,0,false,4.8523752762402057e-17,1.0267403492803469,1.0267403492803469
n2_pair_f0.4_d2.5,3,0.080293984577491664,0.080293984577491664,6.9878415091473919e-18,0.015272871886235141,true,0.015272871886235141,true,1.8295839784776081e-18,true,1.9635525985649428e-16,1.0542577404684377,140.67274427052786
n2_pair_f0.4_d2.5,5,0.080455256315098034,0.080455256315098034,7.0120597902863767e-18,0.0020044897622941947,true,0.0020044897622941947,true,3.9009414587431874e-19,true,1.419652824252517e-17,1.0607024505788476,561755292.40521383
n2_pair_f0.4_d2.5,7,0.080467349312104405,0.080467349312104405,7.014738048142571e-18,0.000150284520488765,true,0.000150284520488765,true,4.2658563987175634e-19,true,2.4920021362046189e-16,1.0617620743077247,7673810018811905
n2_pair_f0.4_d2.5,9,0.080468046415533137,0.080468046415533123,2.0842205624363328e-17,8.6631086472752212e-06,true,8.6631086471027585e-06,true,2.4390012779080273e-16,true,3.1079751138898516e-16,1.0618965192718979,2.6936939168062004e+23
n2_pair_f0.4_d3.0,1,0.038099206108252008,0.038099206108252008,5.912546560190146e-18,0,false,0,false,0,false,9.550310969403186e-17,1.0155870955907602,1.0155870955907602
n2_pair_f0.4_d3.0,3,0.03831652640125955,0.03831652640125955,3.3236704781135411e-18,0.0056717117499565806,true,0.0056717117499564904,true,1.2805452651159077e-16,true,1.804205323113653e-16,1.0247815991979936,24.089915584547516
n2_pair_f0.4_d3.0,5,0.038330018473875016,0.038330018473875016,3.325900731772225e-18,0.00035199755055328292,true,0.00035199755055328292,true,7.0010549542466144e-20,true,2.1971835451672022e-16,1.0255828466724244,42440410.076652505
n2_pair_f0.4_d3.0,7,0.038330497440135294,0.038330497440135301,1.0361298428323122e-17,1.2495696436665744e-05,true,1.2495696436846772e-05,true,2.5601228930642878e-16,true,3.3921993638395827e-16,1.025624968410187,273827114334810.94
n2_pair_f0.4_d4.0,1,0.012148244903310042,0.012148244903310042,1.0519023877155041e-18,0,false,0,false,0,false,7.2264259486235954e-18,1.0067529011494545,1.0067529011494545
n2_pair_f0.4_d4.0,3,0.012164031017498805,0.012164031017498805,1.6170306730672864e-18,0.0012977699716527024,true,0.0012977699716527737,true,1.0084124754939254e-16,true,1.1228878521034677e-16,1.0085566157293553,2.9137737936604022
n2_pair_f0.4_d4.0,5,0.012164324651259512,0.012164324651259512,1.053639135846763e-18,2.4138928310972077e-05,true,2.4138928310900774e-05,true,1.0083870403933126e-16,true,9.4864800473060916e-17,1.0085938537031407,750903.55874739459
n2_pair_f0.4_d4.0,7,0.012164327952764509,0.01216432795276451,2.6699600193257624e-18,2.7140874607233055e-07,true,2.7140874621493797e-07,true,2.0167735334165009e-16,true,2.1155799003102624e-16,1.0085942935607106,1520157200406.6853
n2_pair_f0.4_d6.0,1,0.0024812298566191096,0.0024812298566191096,2.1484610088717608e-19,0,false,0,false,0,false,1.365965963340664e-16,1.0021581060046221,1.0021581060046221
n2_pair_f0.4_d6.0,3,0.0024817331667282491,0.0024817331667282491,2.1484610088717608e-19,0.00020280589222372963,true,0.00020280589222372963,true,0,true,1.0656887275644244e-16,1.0023652440895297,1.163301825258966
n2_pair_f0.4_d6.0,5,0.0024817346168216391,0.0024817346168216391,2.1484610088717608e-19,5.8430638802163528e-07,true,5.8430638802163528e-07,true,0,true,9.9615008330225693e-17,1.0023659053698013,2622.8757258863179
n2_pair_f0.4_d10.0,1,0.00036251570029980929,0.00036251570029980929,3.1259363408526771e-20,0,false,0,false,0,false,1.3340928201911802e-16,1.0005528621002815,1.0005528621002815
n2_pair_f0.4_d10.0,3,0.00036252701416740121,0.00036252701416740121,3.1259363408526771e-20,3.1208343515875227e-05,true,3.1208343515875227e-05,true,0,true,2.968632527286312e-17,1.000569021086273,1.0129360015678832
n2_pair_f0.4_d10.0,5,0.00036252701616733106,0.00036252701616733106,3.1011273222744815e-20,5.516636705510328e-09,true,5.516636705510328e-09,true,6.8433571766538206e-19,true,1.3696600865135707e-16,1.0005690263010076,3.9620661625765958
n2_pair_f0.8_d2.1,1,0.65376530182809334,0.65376530182809345,9.6787997815150172e-17,0,false,0,false,0,false,2.1389942014852948e-16,1.0923430185952472,1.0923430185952472
n2_pair_f0.8_d2.1,3,0.71656000407136078,0.71656000407136078,6.368366724884615e-17,0.087633557394327835,true,0.087633557394327766,true,1.1001504449626691e-16,true,3.9880700638034296e-16,1.2876988421334499,3609.2310496168338
n2_pair_f0.8_d2.1,5,0.73762454955974233,0.73762454955974233,6.7385458912582927e-17,0.02855727280356125,true,0.02855727280356125,true,5.4071985476131035e-18,true,2.6953918153724959e-16,1.4276186400730957,34421214469.41024
n2_pair_f0.8_d2.1,7,0.74206598083041153,0.74206598083041153,1.040616302626036e-16,0.0059852242056684249,true,0.0059852242056683503,true,1.0580137948356062e-16,true,2.3155186302033413e-16,1.513696557242955,1.1887548126678886e+18
n2_pair_f0.8_d2.1,9,0.74288679061537732,0.74288679061537743,1.0364756715543582e-16,0.0011048921522562906,true,0.00110489215225644,true,2.1136419013221351e-16,true,4.6826013996361943e-16,1.5623412120471489,1.142694532249547e+26
n2_pair_f0.8_d2.1,11,0.74303845151783798,0.74303845151783798,1.0425171306606643e-16,0.00020410909038522045,true,0.00020410909038522045,true,3.1249681066616216e-18,true,2.6711247632553961e-16,1.5879654557222973,3.7596442040034334e+34
n2_pair_f0.8_d2.1,13,0.74306796272687115,0.74306796272687115,6.9389825676778967e-17,3.9715356486260807e-05,true,3.9715356486186099e-05,true,1.0565613074438066e-16,true,4.6884543849171555e-16,1.600589410317506,2.0736343880228757e+40
n2_pair_f0.8_d2.5,1,0.3205565515480841,0.3205565515480841,2.7758314706771775e-17,0,false,0,false,0,false,3.4033595139522847e-16,1.0542054339551954,1.0542054339551954
n2_pair_f0.8_d2.5,3,0.33116782274484802,0.33116782274484807,8.3678148181090955e-17,0.032041975300660441,true,0.032041975300660615,true,2.3708351480156224e-16,true,3.0054659469503845e-16,1.1149217892513363,576.97433923103188
n2_pair_f0.8_d2.5,5,0.33267375381952913,0.33267375381952907,8.3767416142654705e-17,0.0045267504796848417,true,0.0045267504796845087,true,4.7196266773943456e-16,true,2.2508003362499478e-16,1.1301121602097219,2382941505.9250293
n2_pair_f0.8_d2.5,7,0.33279246154384567,0.33279246154384573,4.894047779716921e-17,0.00035670196303690842,true,0.00035670196303715866,true,3.5384498259912218e-16,true,2.1218981712445661e-16,1.1327142220589135,33472463014110384
n2_pair_f0.8_d2.5,9,0.33279967563319524,0.33279967563319529,4.8941196388429509e-17,2.1676972298230637e-05,true,2.1676972298230637e-05,true,2.1469363925689258e-19,true,3.4784683682556539e-16,1.133054633671726,1.218675195444543e+24
n2_pair_f0.8_d3.0,1,0.15359386293599722,0.15359386293599722,2.3709041353709255e-17,0,false,0,false,0,false,2.1113828412850572e-16,1.0314190566867261,1.0314190566867261
n2_pair_f0.8_d3.0,3,0.1554123771862658,0.1554123771862658,2.3825494328923853e-17,0.011701218932447495,true,0.011701218932447318,true,2.525723949094323e-16,true,9.9005657843668805e-17,1.051214707011783,91.872274897708934
n2_pair_f0.8_d3.0,5,0.15553235219447625,0.15553235219447625,1.3524091580965638e-17,0.00077138297285200786,true,0.00077138297285209709,true,1.2618717308539595e-16,true,2.7247280746107026e-16,1.0530341540636616,173508234.5726617
n2_pair_f0.8_d3.0,7,0.15553669853516799,0.15553669853516797,2.383453784995221e-17,2.794414908288917e-05,true,2.7944149082799947e-05,true,1.2618347204049794e-16,true,3.0831655061382907e-16,1.0531330555689409,1127233646976850.8
n2_pair_f0.8_d4.0,1,0.048757605918100744,0.048757605918100744,4.2215026012658061e-18,0,false,0,false,0,false,2.7274378840270825e-16,1.0135515582901005,1.0135515582901005
n2_pair_f0.8_d4.0,3,0.048883658784691759,0.048883658784691759,4.236389058471002e-18,0.0025786299496569189,true,0.0025786299496569189,true,3.105373198036994e-19,true,3.5930270782511475e-17,1.0173690732273271,6.8998132845232227
n2_pair_f0.8_d4.0,5,0.048886212200016516,0.048886212200016516,6.4823696716226601e-18,5.2231809539782305e-05,true,5.2231809539853272e-05,true,1.0036651874994601e-16,true,2.7086658449814294e-16,1.0174514880911028,3021812.6845770199
n2_pair_f0.8_d4.0,7,0.048886241294638012,0.048886241294638012,4.2363898720717077e-18,5.9514948848012313e-07,true,5.9514948840915331e-07,true,1.0036646106966662e-16,true,1.9367753757529598e-16,1.0174524858655438,6123964745933.877
n2_pair_f0.8_d6.0,1,0.0099356393720524024,0.0099356393720524041,2.600093814802382e-18,0,false,0,false,0,false,2.9653827178230667e-16,1.0043208744080987,1.0043208744080987
n2_pair_f0.8_d6.0,3,0.0099392369439025349,0.0099392369439025349,8.6136912503495991e-19,0.00036195654358954764,true,0.00036195654358937309,true,2.4682674138263863e-16,true,1.9702494267006896e-16,1.0047553536594647,1.3521679736791377
n2_pair_f0.8_d6.0,5,0.0099392494611581644,0.0099392494611581662,1.4988627484249586e-18,1.2593763421836294e-06,true,1.2593763422708959e-06,true,1.2341321526743997e-16,true,2.1272361356861911e-16,1.0047567941491826,10500.33976758632
n2_pair_f0.8_d10.0,1,0.0014504622339564996,0.0014504622339564994,1.9784906324708043e-19,0,false,0,false,0,false,9.4020976506274069e-17,1.001106029929536,1.001106029929536
n2_pair_f0.8_d10.0,3,0.0014505269566284116,0.0014505269566284116,1.2404509289097926e-19,4.4620109689367774e-05,true,4.4620109689442523e-05,true,1.0570817195520179e-16,true,1.3708954100865405e-16,1.0011398011778607,1.0260402447293744
n2_pair_f0.8_d10.0,5,0.0014505269737768896,0.0014505269737768896,1.2503745363410708e-19,1.1822239958416627e-08,true,1.1822239958416627e-08,true,6.8413808296437691e-19,true,2.0977064800739732e-16,1.0011398124516153,10.767051358853864
n2_pair_f1.0_d2.1,1,1.0334371099674209,1.0334371099674209,8.949109181526807e-17,0,false,0,false,0,false,3.3168620014131322e-17,1.1167767112796907,1.1167767112796907
n2_pair_f1.0_d2.1,3,1.1658691337674172,1.1658691337674172,1.0488293744589382e-16,0.11359081389525454,true,0.11359081389525454,true,1.3593783622655383e-17,true,6.9395720735248658e-17,1.381839399766662,5920.6139225516981
n2_pair_f1.0_d2.1,5,1.2148352228571322,1.2148352228571322,1.1452376980594389e-16,0.040306774259107524,true,0.040306774259107524,true,8.5787732874121495e-18,true,4.6325886648964012e-17,1.585926882783804,59694075029.363213
n2_pair_f1.0_d2.1,7,1.2264777175818597,1.22647771758186,1.9482592073314662e-16,0.0094926263704832505,true,0.0094926263704833407,true,1.2802007514233348e-16,true,1.5257914644655977e-16,1.7180827103494873,2.2127590180317064e+18
n2_pair_f1.0_d2.1,9,1.2289519871998802,1.2289519871998802,1.1652466421266423e-16,0.0020133167477582739,true,0.0020133167477581833,true,1.2776629042081174e-16,true,3.4348347781451433e-16,1.795426902687745,2.323733370105792e+26
n2_pair_f1.0_d2.1,11,1.2294814115416135,1.2294814115416135,1.1646062792528626e-16,0.00043060784552202219,true,0.00043060784552202219,true,1.5598653024184325e-18,true,1.5987657836812192e-16,1.8371709492666357,7.1524944735547126e+33
n2_pair_f1.0_d2.1,13,1.2295999113479104,1.2295999113479104,1.9533793329788361e-16,9.6372653578891425e-05,true,9.6372653578801138e-05,true,1.2771920206994119e-16,true,3.098675212163256e-16,1.8581075906727142,2.3843798794048734e+41
n2_pair_f1.0_d2.5,1,0.50428648956273903,0.50428648956273903,8.9832861074022388e-17,0,false,0,false,0,false,1.557100529703091e-16,1.0682190219619712,1.0682190219619712
n2_pair_f1.0_d2.5,3,0.52596349345472027,0.52596349345472027,4.6152457242272717e-17,0.041213894427536819,true,0.041213894427536715,true,1.4933624400049584e-16,true,5.078554326132451e-18,1.1481156712599769,917.84226430897809
n2_pair_f1.0_d2.5,5,0.52915900883745104,0.52915900883745115,9.1301631960866611e-17,0.006038856618450654,true,0.0060388566184507589,true,1.4836013510182455e-16,true,3.0141093880795133e-16,1.1688381446916156,3843545548.4959898
n2_pair_f1.0_d2.5,7,0.52941800812643813,0.52941800812643802,9.1342585730232861e-17,0.00048921510982136358,true,0.00048921510982115389,true,2.9656957832120606e-16,true,1.5394350848936507e-16,1.1724685659634722,54803780301936456
n2_pair_f1.0_d2.5,9,0.52943420501043814,0.52943420501043814,4.6685243862130045e-17,3.0592817477186537e-05,true,3.0592817477291393e-05,true,1.4828024493663679e-16,true,1.5510320319956383e-16,1.1729515269486779,2.0327493302668466e+24
n2_pair_f1.0_d3.0,1,0.24093665825076277,0.24093665825076277,2.0864384624262711e-17,0,false,0,false,0,false,2.1635061031555764e-16,1.0394286719246244,1.0394286719246244
n2_pair_f1.0_d3.0,3,0.24459774383934946,0.24459774383934943,4.46478213857846e-17,0.014967781513926269,true,0.014967781513926156,true,1.604861786352001e-16,true,1.551932088936832e-16,1.0651378758589598,143.58567806238219
n2_pair_f1.0_d3.0,5,0.24484557008958527,0.24484557008958527,2.1316445966732294e-17,0.001012173714824144,true,0.0010121737148242574,true,1.6031489967380719e-16,true,1.5213383126916532e-16,1.0675697345114648,274259213.7132349
n2_pair_f1.0_d3.0,7,0.24485465085043726,0.24485465085043726,2.1318656576778246e-17,3.7086331913433421e-05,true,3.7086331913433421e-05,true,1.8265977033097496e-19,true,5.3033101491190301e-17,1.0677043594929381,1788467388852862
n2_pair_f1.0_d3.0,9,0.24485490210142244,0.24485490210142244,2.1316021950345164e-17,1.0261219319173636e-06,true,1.0261219319173636e-06,true,1.5231932297115781e-19,true,3.0827829994425101e-16,1.0677099742978646,2.9837085947857537e+22
n2_pair_f1.0_d4.0,1,0.076313027994863156,0.076313027994863156,6.6091225492313742e-18,0,false,0,false,0,false,2.1824453271575893e-16,1.0169681908756327,1.0169681908756327
n2_pair_f1.0_d4.0,3,0.076563185933866892,0.076563185933866892,6.6351730623033969e-18,0.0032673397266907893,true,0.0032673397266907893,true,3.4368917105365772e-19,true,1.2334075172276733e-16,1.0218819652278579,9.7968436324017141
n2_pair_f1.0_d4.0,5,0.076568397869128765,0.076568397869128765,1.1847149789428615e-17,6.8069012894513611e-05,true,6.8069012894604236e-05,true,1.2816094540143411e-16,true,2.2311747965123895e-16,1.0219906435375801,4736385.9313953202
n2_pair_f1.0_d4.0,7,0.076568457704158793,0.076568457704158793,6.6376539637711714e-18,7.8145795055790501e-07,true,7.8145795046728159e-07,true,1.281608411532889e-16,true,2.1634141326110925e-16,1.0219919772185084,9604205552409.4277
n2_pair_f1.0_d6.0,1,0.015532825003804058,0.015532825003804056,2.7976081731026019e-18,0,false,0,false,0,false,1.568829659363905e-16,1.005404011716738,1.005404011716738
n2_pair_f1.0_d6.0,3,0.015539773931689349,0.015539773931689349,1.3458898295033764e-18,0.0004471704617993385,true,0.00044717046179945012,true,1.5787038503191349e-16,true,1.5800693760642816e-17,1.0059606500804028,1.4569961865035808
n2_pair_f1.0_d6.0,5,0.015539799386186257,0.015539799386186257,1.3458892578671251e-18,1.638019660052342e-06,true,1.638019660052342e-06,true,7.9824127588961187e-20,true,2.1534927687224068e-16,1.0059625339156271,16417.474477084012
n2_pair_f1.0_d10.0,1,0.002266659420171411,0.0022666594201714105,3.6260970981613573e-19,0,false,0,false,0,false,1.860529730568931e-16,1.0013827285680235,1.0013827285680235
n2_pair_f1.0_d10.0,3,0.0022667768423370706,0.0022667768423370702,6.4387169612641611e-19,5.180137870951057e-05,true,5.180137870941491e-05,true,1.3528844693783049e-16,true,1.603349412885635e-16,1.0014259130489136,1.0326560461721368
n2_pair_f1.0_d10.0,5,0.0022667768771430395,0.0022667768771430395,1.9351034490992764e-19,1.5354827915318552e-08,true,1.5354828106639045e-08,true,2.7057024911812468e-16,true,2.1194596079251928e-16,1.0014259277337878,15.782179774289112
n3_linear_f0.1_d2.1,1,0.0085739859617766298,0.0085268469948905825,4.7138966886047133e-05,0,false,0,false,0,false,1.4035453986940526e-16,1.0157495736123001,1.0157495736123001
n3_linear_f0.1_d2.1,3,0.0086396516243258791,0.0086089069525895155,3.0744671736363029e-05,0.0076004988863625066,true,0.009498063263093182,true,0.0018975643767306758,true,2.4560667753091429e-16,1.0329250752849777,101.65100358260358
n3_linear_f0.1_d2.1,5,0.0086516542150226906,0.0086289499755470549,2.2704239475637286e-05,0.0013873174306910424,true,0.0023166694437158318,true,0.00092935201302478951,true,4.3531903449142026e-16,1.0426625482362395,799164319.30538261
n3_linear_f0.1_d2.1,7,0.0086532614552048692,0.0086319371635290906,2.1324291675777519e-05,0.00018573808158896555,true,0.00034520949095332017,true,0.00015947140936435465,true,3.3187267580312609e-16,1.0479704677409587,22006999164930632
n3_linear_f0.1_d2.1,9,0.0086534425763726587,0.0086322870716920349,2.1155504680625395e-05,2.0930533275300947e-05,true,4.0435717907019302e-05,true,1.9505184631718348e-05,true,6.2699436378442043e-16,1.0507298727453238,1.6998587242693004e+25
n3_linear_f0.1_d2.5,1,0.0042661287580729882,0.0042520858147391503,1.4042943333838485e-05,0,false,0,false,0,false,2.160228355589374e-16,1.0093860341864573,1.0093860341864573
n3_linear_f0.1_d2.5,3,0.0042765950027301739,0.0042678379042336385,8.7570984965348988e-06,0.0024473312648271277,true,0.0036833250481826028,true,0.001235993783355475,true,1.8035819431031389e-16,1.0146395179494476,19.234486308530457
n3_linear_f0.1_d2.5,5,0.0042774414629684317,0.0042696860632716015,7.7553996968298459e-06,0.0001978893798048229,true,0.00043207114672721622,true,0.00023418176692239327,true,1.9367219656485564e-16,1.0156376168254446,67825857.449337766
n3_linear_f0.1_d2.5,7,0.004277495024729139,0.0042698200970368288,7.6749276923108976e-06,1.2521758739151207e-05,true,3.1334639655136037e-05,true,1.881288091598483e-05,true,2.2264299159358103e-16,1.0157831430125388,905062081270738.5
n3_linear_f0.1_d3.0,1,0.002063445548748787,0.0020594609689085041,3.9845798402829442e-06,0,false,0,false,0,false,1.4467572390814989e-16,1.0054906589046984,1.0054906589046984
n3_linear_f0.1_d3.0,3,0.0020651532843198122,0.0020624610321496721,2.6922521701403415e-06,0.00082692920859275972,true,0.0014527072948757106,true,0.00062577808628295096,true,1.9465398268690268e-16,1.0071502146170856,4.5752135319110803
n3_linear_f0.1_d3.0,5,0.0020652078584327874,0.0020626208456308785,2.5870128019090401e-06,2.6425481944801909e-05,true,7.7383727044238901e-05,true,5.0958245099436985e-05,true,2.2796981741543778e-16,1.0072569896289116,5251551.2079119207
n3_linear_f0.1_d3.0,7,0.0020652094972726728,0.002062626442702312,2.5830545703606527e-06,7.9354655660592376e-07,true,2.7101712639853915e-06,true,1.9166247073794673e-06,true,1.9957366324257687e-16,1.0072616883875114,33577495768839.984
n3_linear_f0.1_d4.0,1,0.00066109005253965907,0.00066053418099452075,5.5587154513832668e-07,0,false,0,false,0,false,1.6242120145249048e-16,1.002385699776297,1.002385699776297
n3_linear_f0.1_d4.0,3,0.00066122890277356037,0.0006607914615757134,4.3744119784705537e-07,0.00020998814982062762,true,0.00038909457846358155,true,0.00017910642864295387,true,1.2327063264336025e-16,1.0026988486898329,1.4865495505704125
n3_linear_f0.1_d4.0,5,0.00066122964376337035,0.00066079499499376482,4.3464876960542074e-07,1.1206240023047188e-06,true,5.343707870326096e-06,true,4.2230838680213772e-06,true,2.573012400922513e-16,1.0027036099621904,93923.554485058688
n3_linear_f0.1_d6.0,1,0.00013625428855843947,0.00013621758659983617,3.6701958603311796e-08,0,false,0,false,0,false,1.9836760864099371e-16,1.0007636942038787,1.0007636942038787
n3_linear_f0.1_d6.0,3,0.00013626248385886059,0.00013622940592304339,3.307793581720356e-08,6.0143483290717406e-05,true,8.6739378826145716e-05,true,2.6595895535428293e-05,true,1.9465398268690268e-16,1.0007992670485681,1.0551556071279167
n3_linear_f0.1_d6.0,5,0.00013626248571415472,0.00013622942349973211,3.3062214422616498e-08,1.3615589929020251e-08,true,1.2899139937989254e-07,true,1.1537580945087229e-07,true,2.8688798710140952e-16,1.0007993609810031,330.78843006538676
n3_linear_f0.1_d10.0,1,2.0379899325209327e-05,2.0378503833414222e-05,1.3954917951061642e-09,0,false,0,false,0,false,1.5493789900346924e-16,1.0001956284959821,1.0001956284959821
n3_linear_f0.1_d10.0,3,2.0380265840691865e-05,2.0378915759979387e-05,1.3500807124784207e-09,1.7983842085499706e-05,true,2.0212031010154181e-05,true,2.2281889246544767e-06,true,1.9648632080800465e-16,1.0001984036242288,1.0045381069036028
n3_linear_f0.1_d10.0,5,2.0380265842769125e-05,2.0378915784966605e-05,1.3500578025172429e-09,1.0192496309754621e-10,true,1.2260497097854435e-09,true,1.1241247466880326e-09,true,2.1815896838784813e-16,1.0001984044450145,1.683927764527666
n3_linear_f0.4_d2.1,1,0.14170504801347972,0.13861827005685268,0.0030867779566270356,0,false,0,false,0,false,1.8612147667549847e-16,1.0645958148414338,1.0645958148414338
n3_linear_f0.4_d2.1,3,0.14630611226909779,0.14420768227692665,0.002098429992171121,0.031448202568293407,true,0.038203545521006591,true,0.0067553429527131897,true,1.2280852875743675e-16,1.1423411877270682,1709.6068649200406
n3_linear_f0.4_d2.1,5,0.14732180353973739,0.14578406108662684,0.0015377424531105683,0.006894371683181558,true,0.010700241049349867,true,0.0038058693661683104,true,2.3594338874042084e-16,1.1897966614241757,14612166798.086157
n3_linear_f0.4_d2.1,7,0.1474855681688175,0.14605358341697575,0.0014319847518417402,0.0011103773142918539,true,0.0018274488392004725,true,0.00071707152490861831,true,1.715372060867113e-16,1.2168168585017172,4.4403914335971059e+17
n3_linear_f0.4_d2.1,9,0.14750922270559672,0.14609185077118464,0.0014173719344120761,0.00016035971409364495,true,0.00025942346862802289,true,9.9063754534377968e-05,true,5.8331774200618658e-16,1.2312719846869524,1.4026905167342585e+26
n3_linear_f0.4_d2.1,11,0.14751261766739632,0.14609704376467608,0.0014155739027202146,2.3014721406583861e-05,true,3.5203724085090411e-05,true,1.2189002678506552e-05,true,2.3043319567990067e-16,1.2385624652766336,3.2492660202930521e+33
n3_linear_f0.4_d2.5,1,0.069590793130339834,0.068679842228769716,0.00091095090157011847,0,false,0,false,0,false,8.9742692084007909e-17,1.038106303427226,1.038106303427226
n3_linear_f0.4_d2.5,3,0.070252019384581157,0.069682984453258726,0.00056903493132242689,0.0094122028097379049,true,0.014279194153800748,true,0.0048669913440628444,true,3.213864792243373e-16,1.060886924876284,286.87998158949597
n3_linear_f0.4_d2.5,5,0.070314813867529455,0.069814675055369077,0.00050013881216037889,0.00089304770210440739,true,0.0018728713747069646,true,0.00097982367260255709,true,1.9873997321536373e-16,1.0654232847623664,1135346543.1720788
n3_linear_f0.4_d2.5,7,0.070318983222775883,0.069824549004984526,0.00049443421779135665,5.9292029766920836e-05,true,0.00014041655841588637,true,8.1124528648965537e-05,true,2.4920021362046189e-16,1.0661056519280463,15462479097000632
n3_linear_f0.4_d2.5,9,0.070319211544078761,0.069825118187755789,0.00049409335632296964,3.2469263784774771e-06,true,8.0942712349163382e-06,true,4.8473448564388607e-06,true,4.2984217042120582e-16,1.0661872329188411,6.9594837034663495e+24
n3_linear_f0.4_d3.0,1,0.033390811759465025,0.033133787217873793,0.00025702454159123362,0,false,0,false,0,false,1.365965963340664e-16,1.022154072099416,1.022154072099416
n3_linear_f0.4_d3.0,3,0.0334840131117147,0.03331163944506392,0.00017237366665077982,0.0027834582413619473,true,0.0053115564910558568,true,0.0025280982496939091,true,1.804205323113653e-16,1.0291929009260341,47.29400781846627
n3_linear_f0.4_d3.0,5,0.033487872914240151,0.03332265686022038,0.00016521605401977291,0.00011525971014436997,true,0.00032899716218669618,true,0.00021373745204232616,true,2.1971835451672022e-16,1.0296625688811121,85526219.039742053
n3_linear_f0.4_d3.0,7,0.03348799072986456,0.033323047937160968,0.00016494279270359163,3.5181455155300413e-06,true,1.1678124965642822e-05,true,8.1599794501127803e-06,true,3.3921993638395827e-16,1.0296837488755937,549514367652480.19
n3_linear_f0.4_d4.0,1,0.010629550550098591,0.010593852604559145,3.5697945539447365e-05,0,false,0,false,0,false,1.7647071752918986e-16,1.0095788580568354,1.0095788580568354
n3_linear_f0.4_d4.0,3,0.010634690558642818,0.010606786689654814,2.7903868988005886e-05,0.00048332469251311427,true,0.0012162164027573041,true,0.0007328917102441899,true,1.5389796054806779e-16,1.0108856006824527,4.3290905330973599
n3_linear_f0.4_d4.0,5,0.010634741623330153,0.010607026469144562,2.7715154185590739e-05,4.8016857523187107e-06,true,2.2546809150629702e-05,true,1.7745123398310992e-05,true,2.1381661720276533e-16,1.0109059857975569,1510829.1637912346
n3_linear_f0.4_d4.0,7,0.010634742103949497,0.010607029164831912,2.77129391175855e-05,4.5193324042170942e-08,true,2.5347933451492841e-07,true,2.0828601047275744e-07,true,2.1155799003102624e-16,1.0109061901244005,3045356503485.3003
n3_linear_f0.4_d6.0,1,0.0021834906766291756,0.0021811391478407174,2.3515287884579239e-06,0,false,0,false,0,false,1.365965963340664e-16,1.0030584730492824,1.0030584730492824
n3_linear_f0.4_d6.0,3,0.0021836654561234051,0.0021815528571424055,2.1125989809994798e-06,8.0039501352892223e-05,true,0.00018945635675463897,true,0.00010941685540174676,true,1.7262590922302768e-16,1.0032057451308456,1.2392494651970525
n3_linear_f0.4_d6.0,5,0.0021836655798222701,0.0021815540413012494,2.1115385210209661e-06,5.6647348542710595e-08,true,5.4228030823797307e-07,true,4.8563295969526251e-07,true,1.8231372078374403e-16,1.0032061423466332,5269.8816596779616
n3_linear_f0.4_d10.0,1,0.00032620704331399634,0.00032611770982372119,8.9333490275166383e-08,0,false,0,false,0,false,2.4033239561559443e-16,1.0007827511511365,1.0007827511511365
n3_linear_f0.4_d10.0,3,0.0003262134103045411,0.00032612707285516971,8.6337449371366986e-08,1.9517868804934198e-05,true,2.8702165983282573e-05,true,9.1842971783483754e-06,true,1.7148684456228971e-16,1.000794209416743,1.0182768774947806
n3_linear_f0.4_d10.0,5,0.00032621341039299308,0.00032612707448846591,8.6335904527160837e-08,2.7114755719816109e-10,true,5.0068333289436564e-09,true,4.7356857717455444e-09,true,1.9138090395566346e-16,1.0007942128776233,6.2866477932454616
n3_linear_f0.8_d2.1,1,0.59212729383476193,0.56661445679269218,0.025512837042069695,0,false,0,false,0,false,2.2969713581391023e-16,1.1337125651997173,1.1337125651997175
n3_linear_f0.8_d2.1,3,0.63660818485984338,0.61795232927937016,0.018655855580473193,0.069871692012370881,true,0.080642809356873998,true,0.010771117344503112,true,3.9880700638034296e-16,1.3196374538444999,7567.847364438082
n3_linear_f0.8_d2.1,5,0.64876793820132894,0.63515255275131099,0.013615385450017959,0.018742839504673724,true,0.026512135478870043,true,0.0077692959741963207,true,2.6953918153724959e-16,1.4473926297973154,71554485951.648834
n3_linear_f0.8_d2.1,7,0.65128139305314403,0.63877897645662052,0.012502416596523496,0.0038592456020157318,true,0.0055681365136337861,true,0.0017088909116180547,true,3.4358787287882803e-16,1.525789794554042,2.493501431527403e+18
n3_linear_f0.8_d2.1,9,0.65176577010872638,0.63944916491194814,0.012316605196778244,0.00074317657937390596,true,0.0010282658066192297,true,0.00028508922724532394,true,5.9707825642227297e-16,1.5698772445656926,8.8734873238562578e+26
n3_linear_f0.8_d2.1,11,0.65186069544447767,0.63957299552070035,0.012287699923777247,0.0001456221189812437,true,0.00018996483392479447,true,4.4342714943550756e-05,true,3.1751035806633083e-16,1.5929237433840346,3.7596442040034334e+34
n3_linear_f0.8_d2.1,13,0.65188019601160763,0.6395970913219774,0.012283104689630264,2.9914342005333032e-05,true,3.6963542418379897e-05,true,7.0492004130468679e-06,true,5.993824275879179e-16,1.6041752942615881,7.8898569602248641e+40
n3_linear_f0.8_d2.5,1,0.28567365535923778,0.2782483606677395,0.0074252946914982803,0,false,0,false,0,false,3.4033595139522847e-16,1.0777651595825175,1.0777651595825173
n3_linear_f0.8_d2.5,3,0.29158923312898583,0.286926504387712,0.0046627287412738449,0.020287366945168753,true,0.029761536895066741,true,0.0094741699498979877,true,3.3298931749004259e-16,1.1287925320618926,1190.66633703703
n3_linear_f0.8_d2.5,5,0.29220799575397405,0.28815620251089968,0.0040517932430743234,0.0021175417304773294,true,0.0042082973123810539,true,0.0020907555819037237,true,3.0375900500798984e-16,1.1396797962590199,4848409090.7172117
n3_linear_f0.8_d2.5,7,0.29225195479978316,0.2882531274781055,0.0039988273216775986,0.00015041489060087761,true,0.00033164865320482891,true,0.00018123376260395131,true,3.1397797063546981e-16,1.1413936039157775,68008244734454504
n3_linear_f0.8_d2.5,9,0.29225454602247258,0.28825901775920459,0.0039955282632679568,8.8663212417980257e-06,true,2.0154626092968998e-05,true,1.128830485117097e-05,true,4.6632374441904355e-16,1.1416054593240077,1.5596916835454334e+25
n3_linear_f0.8_d3.0,1,0.13559965093485324,0.13352127951533521,0.0020783714195180261,0,false,0,false,0,false,3.2356887488794823e-16,1.0448291454141174,1.0448291454141174
n3_linear_f0.8_d3.0,3,0.13638886518176443,0.13500902758816311,0.0013798375936013138,0.0057865005758308049,true,0.010908134405585027,true,0.0051216338297542215,true,1.9702494267006896e-16,1.0601032184941093,186.7373191213224
n3_linear_f0.8_d3.0,5,0.13642440912772741,0.13510699699246018,0.001317412135267256,0.00026053948989227947,true,0.00071812225483291461,true,0.00045758276494063519,true,2.7247280746107026e-16,1.0611783057807482,350768715.0726617
n3_linear_f0.8_d3.0,7,0.13642552060579966,0.13511054578774748,0.0013149748180521636,8.1471418785189533e-06,true,2.6012693750848663e-05,true,1.7865551872329711e-05,true,3.1500766998402447e-16,1.0612285639860402,2269956772106291.5
n3_linear_f0.8_d4.0,1,0.042798072721747307,0.042511167268580459,0.00028690545316685496,0,false,0,false,0,false,3.1745901517131472e-16,1.0192547250649253,1.0192547250649253
n3_linear_f0.8_d4.0,3,0.042836492259079137,0.042614372385191716,0.00022211987388742288,0.00089688803414298595,true,0.0024092802927715117,true,0.0015123922586285253,true,2.7972739028949606e-16,1.0220261498372083,12.225042912475326
n3_linear_f0.8_d4.0,5,0.042836946471993431,0.042616457485667364,0.00022048898632606999,1.0603298127047368e-05,true,4.8675282609395288e-05,true,3.807198448234792e-05,true,4.5365494173023622e-16,1.0220710548731009,6088048.6987697408
n3_linear_f0.8_d4.0,7,0.042836950794737698,0.04261648124149936,0.00022046955323834047,1.0091157720129474e-07,true,5.5456402839123013e-07,true,4.5365245118993537e-07,true,1.9367753757529598e-16,1.0220715151752633,12284229077015.314
n3_linear_f0.8_d6.0,1,0.0087522545973536345,0.0087334144718702357,1.8840125483397547e-05,0,false,0,false,0,false,3.1863087654786407e-16,1.0061268304910043,1.0061268304910043
n3_linear_f0.8_d6.0,3,0.0087532153210590664,0.0087363665557790154,1.6848765280051001e-05,0.00010975666314537474,true,0.00033725708788136862,true,0.00022750042473599391,true,2.0908028863275608e-16,1.0064357425825594,1.5325917266212656
n3_linear_f0.8_d6.0,5,0.0087532164022303995,0.0087363767774586969,1.6839624771701553e-05,1.235170345174277e-07,true,1.1677627071272017e-06,true,1.0442456726097739e-06,true,2.6494925636641746e-16,1.0064366022550155,21112.816048593984
n3_linear_f0.8_d10.0,1,0.0013055146835280094,0.0013047997805356658,7.1490299234357136e-07,0,false,0,false,0,false,1.4316866509990569e-16,1.0015661351734655,1.0015661351734653
n3_linear_f0.8_d10.0,3,0.0013055431241893361,0.0013048532181022436,6.8990608709248796e-07,2.1784543765560858e-05,true,4.0931291803167748e-05,true,1.9146748037606889e-05,true,2.191149124824797e-16,1.0015900797680839,1.0368884317235361
n3_linear_f0.8_d10.0,5,0.0013055431248838961,0.0013048532321066932,6.8989277720304153e-07,5.3200856671959044e-10,true,1.0726914573846352e-08,true,1.0194906007126817e-08,true,3.6581913500550073e-16,1.0015900872277683,19.739167148247152
n3_linear_f1.0_d2.1,1,0.94584547096269045,0.8951505354072774,0.050694935555413004,0,false,0,false,0,false,1.3573349324502935e-16,1.170117248758471,1.1701172487584708
n3_linear_f1.0_d2.1,3,1.0422206607154023,1.0034119100294221,0.038808750685980296,0.092471002912720965,true,0.10387567499173518,true,0.01140467207901423,true,3.4288639257279988e-16,1.4260573980953675,12514.998935924013
n3_linear_f1.0_d2.1,5,1.0717968143140499,1.0433947857445667,0.028402028569483151,0.027594925832631942,true,0.037304529348441459,true,0.0097096035158095208,true,2.2007701814193772e-16,1.6147740378101594,125351111574.51611
n3_linear_f1.0_d2.1,7,1.0787737575173635,1.052900863957754,0.025872893559609492,0.0064674758304930479,true,0.008811929421665015,true,0.002344453591171968,true,1.8054759914053743e-16,1.7362704926894592,4.6958671973526958e+18
n3_linear_f1.0_d2.1,9,1.0803226854705106,1.0549210967903797,0.025401588680131024,0.0014337641650768111,true,0.0018700272240842204,true,0.0004362630590074092,true,4.9919372484261905e-16,1.8068695044474141,1.1068390650189023e+27
n3_linear_f1.0_d2.1,11,1.080671558809319,1.0553533699561606,0.025318188853158424,0.00032283012906598492,true,0.00040000420318013442,true,7.7174074114149459e-05,true,8.7134940701476846e-16,1.8446349037537242,7.1524944735547126e+33
n3_linear_f1.0_d2.1,13,1.0807529434341272,1.0554501246428474,0.025302818791279835,7.5303634658171144e-05,true,8.9525258547299436e-05,true,1.42216238891283e-05,true,1.0335610727230601e-15,1.8633937154886149,2.3843798794048734e+41
n3_linear_f1.0_d2.5,1,0.45221965140233528,0.43757610051351781,0.014643550888817448,0,false,0,false,0,false,2.8324628847173868e-16,1.0982067500340946,1.0982067500340946
n3_linear_f1.0_d2.5,3,0.4645371085454425,0.45530288457253743,0.0092342239729050635,0.026515550461997769,true,0.038160103322048188,true,0.011644552860050419,true,2.3245006113916756e-16,1.1658920786919522,1901.5011096615815
n3_linear_f1.0_d2.5,5,0.4658860159497813,0.45791223699469447,0.0079737789550868039,0.0028953592899517602,true,0.0056008386876294216,true,0.002705479397677661,true,3.0141093880795133e-16,1.180887464825352,7847685570.2609367
n3_linear_f1.0_d2.5,7,0.46598534082135951,0.45812371008697739,0.0078616307343821103,0.00021315020640587834,true,0.00045381919506337187,true,0.00024066898865749353,true,3.0135142725026418e-16,1.1833068851408013,1.1183653285036816e+17
n3_linear_f1.0_d2.5,9,0.46599141837888836,0.45813693479111284,0.0078544835877755442,1.30422091248776e-05,true,2.83797160502843e-05,true,1.53375069254067e-05,true,4.3798548613879311e-16,1.1836114260435633,4.9496483929066675e+25
n3_linear_f1.0_d3.0,1,0.21348804741302857,0.20940645618965448,0.0040815912233740821,0,false,0,false,0,false,2.1706525764638134e-16,1.0563678343704714,1.0563678343704714
n3_linear_f1.0_d3.0,3,0.21509739752296408,0.21240139383107873,0.0026960036918853595,0.0074819599328890245,true,0.013923634948230831,true,0.006441675015341806,true,2.840195148989601e-16,1.0762874561600364,293.53042127560542
n3_linear_f1.0_d3.0,5,0.21517214214460748,0.21260376390057012,0.0025683782440373733,0.00034737127631127038,true,0.0009405031128768746,true,0.00059313183656560422,true,3.5143877320885391e-16,1.0777308977379787,555347590.79100311
n3_linear_f1.0_d3.0,7,0.21517451100092908,0.21261117835781562,0.002563332643113436,1.100900060405369e-05,true,3.4457878914345999e-05,true,2.3448878310292307e-05,true,5.1966557486107206e-16,1.0777997161521626,3607938237504123.5
n3_linear_f1.0_d4.0,1,0.06709196301337747,0.066530294017686564,0.00056166899569091001,0,false,0,false,0,false,3.0824917356737814e-16,1.0241294984270881,1.0241294984270881
n3_linear_f1.0_d4.0,3,0.067167706548495673,0.066735077152132102,0.00043262939636356731,0.0011276778530990856,true,0.0030488332112052164,true,0.001921155358106131,true,2.5593917245354105e-16,1.0277006759533802,18.102513338315823
n3_linear_f1.0_d4.0,5,0.067168644590618873,0.066739333178400986,0.00042931141221788031,1.3965476434902824e-05,true,6.3363289445862064e-05,true,4.9397813010959243e-05,true,3.4145420330990484e-16,1.0277597536444878,9548735.2562516853
n3_linear_f1.0_d4.0,7,0.067168653574584403,0.066739382033852615,0.00042927154073178401,1.3375235400224006e-07,true,7.2735493458807519e-07,true,5.9360258058583515e-07,true,2.6728664206679517e-16,1.0277603668214568,19277865876248.77
n3_linear_f1.0_d6.0,1,0.013689715861591227,0.013652891395019365,3.6824466571862727e-05,0,false,0,false,0,false,2.2177256148332394e-16,1.0076647307891216,1.0076647307891216
n3_linear_f1.0_d6.0,3,0.013691443333200293,0.013658591160621899,3.2852172578393901e-05,0.00012617162172218595,true,0.00041630129591339659,true,0.0002901296741912107,true,1.8581125275952319e-16,1.0080604972836755,1.7018493484986554
n3_linear_f1.0_d6.0,5,0.013691445548812015,0.013658611946934691,3.2833601877323916e-05,1.6182452856707187e-07,true,1.5181970900894828e-06,true,1.3563725615224111e-06,true,2.1534927687224068e-16,1.0080616176956738,33018.823201976862
n3_linear_f1.0_d10.0,1,0.0020404032671321255,0.0020390067424640806,1.39652466804503e-06,0,false,0,false,0,false,1.860529730568931e-16,1.0019580647393598,1.0019580647393598
n3_linear_f1.0_d10.0,3,0.0020404502505552498,0.0020391036180400354,1.346632515214245e-06,2.3026007672209072e-05,true,4.7477548608925635e-05,true,2.4451540936716566e-05,true,3.2690253174648237e-16,1.0019886817954007,1.0463212256452932
n3_linear_f1.0_d10.0,5,0.0020404502519437429,0.0020391036464644961,1.3466054792469254e-06,6.8048370341922298e-10,true,1.3930484429334631e-08,true,1.3250000725915406e-08,true,3.0362725577297795e-16,1.0019886914966618,29.768554659175649
n3_compact_f0.1_d2.1,1,0.017100863309389758,0.017005999256108403,9.4864053281354201e-05,0,false,0,false,0,false,1.3895316658570687e-16,1.0167348121940705,1.0167348121940705
n3_compact_f0.1_d2.1,3,0.017354077601742759,0.017179709529204647,0.00017436807253811134,0.014591054515485787,true,0.010009766988641196,true,0.0045812875268445886,true,2.6014106799935746e-16,1.0402908418261141,106.64154633346602
n3_compact_f0.1_d2.1,5,0.017391903058166777,0.017222223257514244,0.00016967980065253507,0.0021748888719949409,true,0.0024444552253661896,true,0.00026956635337124893,true,1.8470547477102819e-16,1.0497613715033487,803617356.07367182
n3_compact_f0.1_d2.1,7,0.017398010949482689,0.017228560003977069,0.00016945094550561824,0.00035106836831206109,true,0.00036422246665015969,true,1.3154098338098626e-05,true,3.0051849752540672e-16,1.054323767344411,23581651924688516
n3_compact_f0.1_d2.1,9,0.017398824822925547,0.017229302271029683,0.00016952255189586535,4.6777495097590905e-05,true,4.266190735095557e-05,true,4.1155877466353343e-06,true,6.5565717187615805e-16,1.0566273353823374,3.1237569003501052e+26
n3_compact_f0.1_d2.5,1,0.0085024859697787059,0.0084743482044228758,2.8137765355829482e-05,0,false,0,false,0,false,1.3398812564585655e-16,1.0099610401743671,1.0099610401743671
n3_compact_f0.1_d2.5,3,0.0085511728086551282,0.0085076695293902996,4.3503279264828764e-05,0.0056935861274074687,true,0.0038966964781365571,true,0.0017968896492709127,true,1.4855102256933723e-16,1.0181860576946185,20.012802847185259
n3_compact_f0.1_d2.5,5,0.0085546383546996532,0.0085115896655188986,4.3048689180754402e-05,0.00040510725302849148,true,0.00045824685580604489,true,5.3139602777553376e-05,true,9.4953766362994865e-17,1.0194621727715651,70885810.227617383
n3_compact_f0.1_d2.5,7,0.008554908258015045,0.0085118739922395003,4.3034265775543739e-05,3.1549527739091962e-05,true,3.3235507854325714e-05,true,1.6859801152337483e-06,true,2.950906188312628e-16,1.0196461262069101,971094728202454.88
n3_compact_f0.1_d3.0,1,0.0041083507512133348,0.0041003926177903141,7.958133423021196e-06,0,false,0,false,0,false,1.4467572390814989e-16,1.0058224715987767,1.0058224715987765
n3_compact_f0.1_d3.0,3,0.0041175405959588442,0.0041067319223728228,1.0808673586021432e-05,0.0022318771439748196,true,0.0015395852049960282,true,0.00069229193897879103,true,1.0330001026209337e-16,1.0087132593705435,4.6996343177653381
n3_compact_f0.1_d3.0,5,0.0041178400349656114,0.004107070900681394,1.0769134284217467e-05,7.2717493691942011e-05,true,8.23194455570522e-05,true,9.6019518651101837e-06,true,1.7790258932678521e-16,1.0088901876987724,5561446.3872595597
n3_compact_f0.1_d3.0,7,0.0041178511812246781,0.0041070827737810754,1.0768407443602553e-05,2.7068144467108289e-06,true,2.8833241317203706e-06,true,1.7650968500954149e-07,true,2.7279154167623097e-16,1.0088989569355906,35984855787754.047
n3_compact_f0.1_d4.0,1,0.0013128696811731096,0.0013117642763285811,1.1054048445285984e-06,0,false,0,false,0,false,1.3899877190996911e-16,1.0025280695836967,1.0025280695836967
n3_compact_f0.1_d4.0,3,0.0013136201426973864,0.0013123065123728538,1.3136303245326612e-06,0.00057129264380478861,true,0.00041277994044710962,true,0.00015851270335767907,true,2.3093060084865511e-16,1.0031295956633817,1.4984554950005953
n3_compact_f0.1_d4.0,5,0.00131362677739917,0.0013123140069780013,1.3127704211687672e-06,5.0506748932311528e-06,true,5.7052773866398726e-06,true,6.546024934087189e-07,true,2.3907479022898885e-16,1.0031392454724939,100107.8470271601
n3_compact_f0.1_d6.0,1,0.00026845618634019412,0.00026838383232234811,7.2354017846044231e-08,0,false,0,false,0,false,1.7968610611804909e-16,1.0008088529687416,1.0008088529687416
n3_compact_f0.1_d6.0,3,0.00026848652900340252,0.00026840862292529434,7.7906078108171244e-08,0.00011301372668877602,true,9.2334624900184401e-05,true,2.0679101788591637e-05,true,1.9465398268690268e-16,1.0008813354186377,1.0563165021637309
n3_compact_f0.1_d6.0,5,0.00026848656212628635,0.00026840866020558208,7.790192070423961e-08,1.2336886996519529e-07,true,1.3885345846267708e-07,true,1.5484588497481826e-08,true,2.6681138134728587e-16,1.0008815368059314,353.29447553490149
n3_compact_f0.1_d10.0,1,3.9238072858681429e-05,3.9235371961004193e-05,2.7008976772348391e-09,0,false,0,false,0,false,1.825855603270081e-16,1.0002072942966744,1.0002072942966744
n3_compact_f0.1_d10.0,3,3.9238998640421075e-05,3.9236231246231455e-05,2.7673941896165581e-09,2.3593408897301051e-05,true,2.1898755244411446e-05,true,1.6946536528896017e-06,true,1.9648632080800465e-16,1.0002130952494506,1.0046053605984464
n3_compact_f0.1_d10.0,5,3.9238998687853836e-05,3.9236231299218821e-05,2.7673886350142347e-09,1.208816838460609e-09,true,1.3503750460996595e-09,true,1.4155820763926664e-10,true,1.3566136472474665e-16,1.0002130970040266,1.7136105316012984
n3_compact_f0.4_d2.1,1,0.28308867974796514,0.27670083634717318,0.0063878434007919793,0,false,0,false,0,false,9.962675155829845e-17,1.0692572571693004,1.0692572571693004
n3_compact_f0.4_d2.1,3,0.30134071283338437,0.28854000969842614,0.012800703134958192,0.06056942294256467,true,0.039288329943650925,true,0.021281092998913745,true,2.3826289045066403e-16,1.178275667262543,1850.959998248389
n3_compact_f0.4_d2.1,5,0.30453902218686252,0.29188374681388851,0.012655275372974005,0.010502133127345988,true,0.010979667208002994,true,0.00047753408065700728,true,2.4299043072681749e-16,1.2255481420157732,14289142907.216188
n3_compact_f0.4_d2.1,7,0.30512055283317119,0.29245548754250084,0.012665065290670383,0.0019059045380880422,true,0.0018738191292046557,true,3.2085408883386712e-05,true,1.4728423178693867e-16,1.2490180898710828,4.8007125399828186e+17
n3_compact_f0.4_d2.1,9,0.30521383045967382,0.2925366648421725,0.012677165617501325,0.00030561402267428102,true,0.0002659686146902548,true,3.9645407984026267e-05,true,5.7804264044911808e-16,1.2612091347127561,1.8486824408090108e+26
n3_compact_f0.4_d2.1,11,0.30522529729239667,0.29254768084480687,0.012677616447589805,3.7568421833142761e-05,true,3.6091381455167004e-05,true,1.47704037797576e-06,true,3.6974593236241081e-16,1.2667451573392217,9.058835864648005e+33
n3_compact_f0.4_d2.5,1,0.13880505849508834,0.13694921273490424,0.0018558457601840913,0,false,0,false,0,false,1.9811831920128288e-16,1.0406540687875867,1.0406540687875867
n3_compact_f0.4_d2.5,3,0.14204688886300026,0.13907326083036742,0.0029736280326328542,0.022822255340196773,true,0.014953147601224546,true,0.0078691077389722273,true,1.9635525985649428e-16,1.0766116955897118,303.92115235417816
n3_compact_f0.4_d2.5,5,0.14230188988888959,0.13935259167372657,0.0029492982151630167,0.0017919721662755311,true,0.0019629454224201603,true,0.00017097325614462918,true,1.6511920903819739e-16,1.0824259605857447,1106461410.3677256
n3_compact_f0.4_d2.5,7,0.14232232471399425,0.13937353735895736,0.0029487873550368715,0.00014358130494103677,true,0.00014717076377802278,true,3.5894588369860144e-06,true,2.4920021362046189e-16,1.083282405976584,16760199997700756
n3_compact_f0.4_d2.5,9,0.1423236833123086,0.13937474477751405,0.0029489385347945367,9.5458344157315317e-06,true,8.483609534062736e-06,true,1.0622248816687955e-06,true,3.2201566270965857e-16,1.0833831945264369,1.1624616595280514e+25
n3_compact_f0.4_d3.0,1,0.066508093583979341,0.065989760707531001,0.00051833287644834785,0,false,0,false,0,false,2.4116805629060335e-16,1.023564285914053,1.023564285914053
n3_compact_f0.4_d3.0,3,0.067082116049269849,0.066366170496535815,0.00071594555273403742,0.0085570118996977796,true,0.0056111794196885209,true,0.0029458324800092587,true,1.804205323113653e-16,1.0358638144151664,49.534282063384332
n3_compact_f0.4_d3.0,5,0.06710306931979497,0.066389539451805216,0.00071352986798975295,0.00031225502406237942,true,0.00034825464030604087,true,3.5999616243661459e-05,true,2.1971835451672022e-16,1.036640833456552,87995535.847731397
n3_compact_f0.4_d3.0,7,0.067103858854921747,0.06639036904570314,0.00071348980921861539,1.1765867719952962e-05,true,1.2362834449157253e-05,true,5.9696672920428833e-07,true,3.3921993638395827e-16,1.0366801210862857,592571440872828.62
n3_compact_f0.4_d4.0,1,0.021112662676392863,0.021041377395322663,7.1285281070199036e-05,0,false,0,false,0,false,1.4643655621266807e-16,1.0101636622390995,1.0101636622390995
n3_compact_f0.4_d4.0,3,0.021154004956837232,0.02106871974715168,8.5285209685547714e-05,0.0019543476768924773,true,0.0012925378378613231,true,0.00066180983903115409,true,1.9565862074567519e-16,1.012676328431007,4.4465093665951327
n3_compact_f0.4_d4.0,5,0.021154457442700818,0.021069228335744049,8.5229106956768956e-05,2.1389622722026096e-05,true,2.4041675081710624e-05,true,2.6520523596845268e-06,true,2.6976497117774834e-16,1.0127176854576985,1595896.0622178426
n3_compact_f0.4_d4.0,7,0.021154462779781166,0.021069234054118445,8.5228725662721974e-05,2.5229098953118503e-07,true,2.7031527362461629e-07,true,1.8024284093431282e-08,true,2.1155799003102624e-16,1.0127181791625672,3267278121049.9482
n3_compact_f0.4_d6.0,1,0.0043022580495191238,0.004297616176921139,4.6418725979846758e-06,0,false,0,false,0,false,1.365965963340664e-16,1.0032406495981214,1.0032406495981214
n3_compact_f0.4_d6.0,3,0.0043034982265611884,0.0042984879356021315,5.0102909590573874e-06,0.00028817882029344731,true,0.00020256977814284667,true,8.560904215060065e-05,true,1.9701488539575278e-16,1.0035408143078828,1.24476309706011
n3_compact_f0.4_d6.0,5,0.0043035004603103636,0.0042984904472375589,5.010013072805111e-06,5.1905401094260301e-07,true,5.8362615513980154e-07,true,6.4572144197198492e-08,true,1.1761070375238887e-16,1.0035416673316422,5617.5324392332423
n3_compact_f0.4_d10.0,1,0.00062806857091812806,0.00062789561146068173,1.729594574463628e-07,0,false,0,false,0,false,1.3340928201911802e-16,1.0008295170034909,1.0008295170034909
n3_compact_f0.4_d10.0,3,0.0006280925617716623,0.00062791520765418101,1.7735411748129655e-07,3.8196366259388003e-05,true,3.1199531234725843e-05,true,6.9968350246621583e-06,true,1.294162401107792e-16,1.0008534693231825,1.0185529274857807
n3_compact_f0.4_d10.0,5,0.00062809256486186173,0.00062791521111816109,1.773537437004452e-07,4.9199743755878484e-09,true,5.5150790978415347e-09,true,5.9510472225371621e-10,true,1.798815048151337e-16,1.0008534767267669,6.6023114788796073
n3_compact_f0.8_d2.1,1,1.1871679817853051,1.132354718991861,0.054813262793443888,0,false,0,false,0,false,2.1389942014852948e-16,1.1452194964198079,1.1452194964198079
n3_compact_f0.8_d2.1,3,1.3673300546575691,1.2411183337233598,0.12621172093420929,0.13176194895926821,true,0.079544521354602368,true,0.052217427604665849,true,3.9881123447549668e-16,1.4158986127125612,8608.6693679543714
n3_compact_f0.8_d2.1,5,1.4065684122706954,1.2776031967475823,0.12896521552311302,0.027896515569962064,true,0.02593891822533052,true,0.0019575973446315435,true,3.1862508114503107e-16,1.5492654546781763,72687766789.802338
n3_compact_f0.8_d2.1,7,1.4151473374728878,1.2852959813667064,0.12985135610618148,0.0060622134353249752,true,0.0054360308749628302,true,0.00062618256036214425,true,2.3155186302033413e-16,1.6192224098000407,2.7580273718798167e+18
n3_compact_f0.8_d2.1,9,1.4169214261749137,1.2867176656176176,0.13020376055729616,0.0012520727467684228,true,0.0010033613894519964,true,0.00024871135731642638,true,4.6826013996361943e-16,1.6573874542350295,4.1317305219132154e+26
n3_compact_f0.8_d2.1,11,1.4172208343963706,1.2869803500062005,0.13024048439017002,0.00021126433805527173,true,0.00018535176890404316,true,2.5912569151228532e-05,true,4.4624583468625588e-16,1.67528601616983,3.7596442040034334e+34
n3_compact_f0.8_d2.1,13,1.4172790480480504,1.2870314649196386,0.13024758312841153,4.1074234294156037e-05,true,3.6065525351988177e-05,true,5.0087089421678587e-06,true,5.1206920949334482e-16,1.6838049525811745,7.4419161122301914e+41
n3_compact_f0.8_d2.5,1,0.57068737786511092,0.55522023398035347,0.015467143884757529,0,false,0,false,0,false,3.4033595139522847e-16,1.0835731802192179,1.0835731802192179
n3_compact_f0.8_d2.5,3,0.59974922756633242,0.57359949482604089,0.026149732740291524,0.048456668829985595,true,0.030644909573734617,true,0.017811759256250979,true,3.1720894911660316e-16,1.1651100924444149,1288.4227234694347
n3_compact_f0.8_d2.5,5,0.60224590093814601,0.57620784396008518,0.026038056978060827,0.0041456045909559662,true,0.0043310367575456208,true,0.00018543216658965469,true,2.2508003362499478e-16,1.1791428604419745,4770190779.1817369
n3_compact_f0.8_d2.5,7,0.60245477831318495,0.57641345176985248,0.026041326543332508,0.00034671046285632073,true,0.0003412833911666665,true,5.4270716896542205e-06,true,2.1218981712445661e-16,1.1812768201162953,74832783379496512
n3_compact_f0.8_d2.5,9,0.6024694285323996,0.57642594693913629,0.026043481593263321,2.4316950405817247e-05,true,2.0739922545556711e-05,true,3.577027860260533e-06,true,6.9152493791800925e-16,1.1815358889487202,4.9252241051862144e+25
n3_compact_f0.8_d3.0,1,0.27027830211899578,0.26603237433591748,0.0042459277830783149,0,false,0,false,0,false,2.1113828412850572e-16,1.0478807401016299,1.0478807401016299
n3_compact_f0.8_d3.0,3,0.2751926780546996,0.26918213341167063,0.0060105446430289708,0.017857945823424166,true,0.011445650000641027,true,0.0064122958227831404,true,2.8795005953813467e-16,1.074684420693425,197.71156324866058
n3_compact_f0.8_d3.0,5,0.27538298451702925,0.26938993622152968,0.0059930482954995675,0.00069106107867694059,true,0.00075459567781017316,true,6.3534599133232601e-05,true,3.7651115397791411e-16,1.0764588066844625,346674995.38419867
n3_compact_f0.8_d3.0,7,0.27539028910221325,0.26939746430443468,0.0059928247977785454,2.6524483517010239e-05,true,2.7336050699539724e-05,true,8.11567182529483e-07,true,3.0831655061382907e-16,1.0765511777860162,2469198672523260.5
n3_compact_f0.8_d4.0,1,0.0850267663283404,0.084450650705571492,0.00057611562276891368,0,false,0,false,0,false,3.5863890198890693e-16,1.0204659835242333,1.0204659835242336
n3_compact_f0.8_d4.0,3,0.085364940855536323,0.084668980674946839,0.00069596018058949325,0.0039615153926975781,true,0.002557606989323957,true,0.0014039084033736213,true,1.5283832947891841e-16,1.0258015631675186,12.70898298043466
n3_compact_f0.8_d4.0,5,0.085368902947192377,0.084673403320022142,0.00069549962717024296,4.641141585839616e-05,true,5.1806277492441458e-05,true,5.3948616340452919e-06,true,2.7242354956641305e-16,1.0258927706493348,6352167.4370595301
n3_compact_f0.8_d4.0,7,0.085368950295736074,0.084673453713384805,0.0006954965823512719,5.54634249587512e-07,true,5.903008351611721e-07,true,3.5666585573659993e-08,true,3.364166724908506e-16,1.0258938861714775,13221164020515.869
n3_compact_f0.8_d6.0,1,0.01724628733538212,0.017209032198076502,3.7255137305619147e-05,0,false,0,false,0,false,3.5350732086884049e-16,1.0064953192130457,1.0064953192130457
n3_compact_f0.8_d6.0,3,0.017255616471213455,0.017215263375304806,4.0353095908648805e-05,0.00054064343901580488,true,0.00036111009065947102,true,0.00017953334835633396,true,1.9702494267006896e-16,1.0071251385833158,1.5462900780286253
n3_compact_f0.8_d6.0,5,0.017255635786081903,0.01721528505582753,4.0350730254369458e-05,1.1193368175851832e-06,true,1.2564314056184597e-06,true,1.3709458803327644e-07,true,2.1272361356861911e-16,1.0071269890029262,22436.066017614517
n3_compact_f0.8_d10.0,1,0.0025136590484978738,0.0025122742836725122,1.3847648253613881e-06,0,false,0,false,0,false,1.8055589003728538e-16,1.0016599410255713,1.0016599410255713
n3_compact_f0.8_d10.0,3,0.0025138079036749411,0.0025123863866286663,1.4215170462750842e-06,5.9215016728116134e-05,true,4.4594877750922273e-05,true,1.4620138977193856e-05,true,3.7910706631074401e-16,1.0017099956261937,1.0374596036110197
n3_compact_f0.8_d10.0,5,0.0025138079301653743,0.0025123864163307014,1.4215138346729768e-06,1.0537970171584397e-08,true,1.1815554695241721e-08,true,1.2775845236573269e-09,true,3.9049468604264688e-16,1.0017100116004496,20.962027173781248
n3_compact_f1.0_d2.1,1,1.9009592732035381,1.7899655808907198,0.11099369231281807,0,false,0,false,0,false,1.4692789852659611e-16,1.1860268078858618,1.1860268078858618
n3_compact_f1.0_d2.1,3,2.2968977745045698,2.0193445746614844,0.27755319984308535,0.1723796791027993,true,0.099864694161341333,true,0.072514984941457986,true,3.3355117640443096e-16,1.5674360247913632,14663.180368605897
n3_compact_f1.0_d2.1,5,2.3948234271130064,2.1041563288128153,0.29066709830019077,0.040890552305347765,true,0.035414616873684454,true,0.0054759354316633122,true,1.5364388353819327e-16,1.7709846871449044,130612011077.58058
n3_compact_f1.0_d2.1,7,2.4186762244654525,2.1243217212028966,0.29435450326255569,0.0098619224479778705,true,0.0083373674351712827,true,0.0015245550128065897,true,2.194838639449995e-16,1.8818363025444309,5.2912469774353172e+18
n3_compact_f1.0_d2.1,9,2.4243213861303698,2.1286072818929314,0.29571410423743866,0.0023285533416541552,true,0.0017677362063265973,true,0.00056081713532755843,true,5.4666234109745478e-16,1.9442857796554156,4.5108487364267861e+26
n3_compact_f1.0_d2.1,11,2.4254286671320711,2.1295242717515777,0.29590439538049351,0.00045653002156127839,true,0.00037807331589373146,true,7.8456705667546934e-05,true,4.8489214374512966e-16,1.9741921029368992,1.3785907867505676e+35
n3_compact_f1.0_d2.1,13,2.4256761574949439,2.1297295194367702,0.29594663805817395,0.00010202943295142602,true,8.46146277846593e-05,true,1.7414805166766711e-05,true,5.8295689206418805e-16,1.9886473780856064,1.2759845395272773e+42
n3_compact_f1.0_d2.5,1,0.90429478769952365,0.87344982149321626,0.03084496620630732,0,false,0,false,0,false,2.154932800102421e-16,1.1059421162827614,1.1059421162827614
n3_compact_f1.0_d2.5,3,0.96472449325260601,0.9109954935899961,0.053728999662609869,0.062639340014413139,true,0.038918543438441332,true,0.023720796575971804,true,1.7620109215611991e-16,1.2148388464023876,2081.4796015723373
n3_compact_f1.0_d2.5,5,0.97016170940054725,0.91653028858925401,0.053631420811293372,0.0056044431513390261,true,0.0057050231375114337,true,0.00010057998617240681,true,3.0141093880795133e-16,1.2342448883657351,7797280328.5533276
n3_compact_f1.0_d2.5,7,0.97062770377734153,0.91697888851690335,0.053648815260438132,0.00048009589565677736,true,0.00046217507073381778,true,1.792082492295956e-05,true,1.5394350848936507e-16,1.2372481142706075,1.2408596457720269e+17
n3_compact_f1.0_d2.5,9,0.970661341577293,0.91700694234291591,0.053654399234377127,3.4654516988220067e-05,true,2.8901765024366122e-05,true,5.752751963853947e-06,true,5.4416163563565835e-16,1.2376189524582255,8.1288716140578495e+25
n3_compact_f1.0_d3.0,1,0.42570702371435798,0.41731453349618025,0.0083924902181776971,0,false,0,false,0,false,2.1635061031555764e-16,1.0603323745444173,1.0603323745444178
n3_compact_f1.0_d3.0,3,0.43569529306726812,0.42365571974647059,0.012039573320797494,0.022924896164457757,true,0.014554176625707285,true,0.0083707195387504735,true,1.551932088936832e-16,1.0953637018064324,312.40398662823941
n3_compact_f1.0_d3.0,5,0.43609282114583275,0.42408496740332835,0.012007853742504421,0.00091156758214951204,true,0.00098430342359200149,true,7.2735841442489539e-05,true,3.8857778945420937e-16,1.0977428561475064,539885362.96270669
n3_compact_f1.0_d3.0,7,0.43610823912965313,0.42410069574249537,0.012007543387157784,3.5353571515117388e-05,true,3.6065219034677272e-05,true,7.1164751955988761e-07,true,4.1371200364575105e-16,1.0978686922907852,3942561492745828
n3_compact_f1.0_d4.0,1,0.1333090323853787,0.13217804176652909,0.0011309906188495993,0,false,0,false,0,false,2.1824453271575893e-16,1.0256700308493454,1.0256700308493454
n3_compact_f1.0_d4.0,3,0.13398466867524603,0.13261132802680031,0.0013733406484457387,0.0050426388074664699,true,0.0032338495482748014,true,0.0018087892591916678,true,3.0541538857256574e-16,1.0325490590280473,18.885153647729204
n3_compact_f1.0_d4.0,5,0.13399278480830379,0.13262035536347963,0.0013724294448241774,6.0571418598179367e-05,true,6.7371811789984182e-05,true,6.8003931918048106e-06,true,4.6059538963888489e-16,1.03266910761036,9900356.2361888476
n3_compact_f1.0_d4.0,7,0.13399288251913566,0.1326204590007917,0.0013724235183439537,7.2922404550375063e-07,true,7.7345385914979757e-07,true,4.4229813646047014e-08,true,2.1634141326110925e-16,1.0326705955080675,20782145243215.98
n3_compact_f1.0_d6.0,1,0.026976523813786027,0.026903642091664865,7.288172212116085e-05,0,false,0,false,0,false,1.568829659363905e-16,1.0081279399256196,1.0081279399256196
n3_compact_f1.0_d6.0,3,0.0269947676732579,0.026915677987820328,7.908968543757565e-05,0.00067582946786928788,true,0.00044586033490413726,true,0.00022996913296515059,true,2.7553886634573822e-16,1.0089349484262973,1.7208293798402972
n3_compact_f1.0_d6.0,5,0.026994806985741839,0.026915722076302252,7.9084909439586061e-05,1.4562980190337092e-06,true,1.6332208617167752e-06,true,1.7692284268306609e-07,true,3.0325053393292545e-16,1.0089373629695837,35033.151995645829
n3_compact_f1.0_d10.0,1,0.0039286749625518603,0.0039259692791914942,2.7056833603656027e-06,0,false,0,false,0,false,1.860529730568931e-16,1.0020754936193621,1.0020754936193621
n3_compact_f1.0_d10.0,3,0.0039289517875607232,0.0039261726603483527,2.7791272123714568e-06,7.0457726088641313e-05,true,5.1764737226222223e-05,true,1.869298886241909e-05,true,1.9049277001612842e-16,1.0021394964763335,1.0470472763392031
n3_compact_f1.0_d10.0,5,0.0039289518413316198,0.0039261727206340588,2.7791206975605937e-06,1.3685811966043692e-08,true,1.5343966895389923e-08,true,1.6581549293462346e-09,true,2.1194596079251928e-16,1.0021395172619796,31.666941089552623
n3_irregular_f0.1_d2.1,1,0.011347849826569964,0.011306613218412405,4.3201958871898368e-05,0,false,0,false,0,false,1.9320817185543033e-16,1.0139501562899442,1.013950156289944
n3_irregular_f0.1_d2.1,3,0.011455121472302408,0.011394708436010117,6.2799024809761416e-05,0.0095282073386569119,true,0.008003978819481096,true,0.0018941114684587277,true,3.037370052927721e-16,1.031613883067054,65.433620176634818
n3_irregular_f0.1_d2.1,5,0.011473778341527829,0.011414095335840648,6.1872417794187667e-05,0.001798602264950114,true,0.001837244730478358,true,0.00010856282913840002,true,2.1564333631636601e-16,1.0416818353649495,460826518.20519447
n3_irregular_f0.1_d2.1,7,0.011476550770663948,0.01141681541563974,6.1933950416016305e-05,0.00027073946203760049,true,0.00026672132006844211,true,7.665103144900651e-06,true,2.2474945135482986e-16,1.0473999025820748,11954493995687060
n3_irregular_f0.1_d2.1,9,0.011476856650066144,0.011417122459191116,6.1932947747383952e-05,3.0802003590345436e-05,true,3.0864481872539763e-05,true,3.7298374948361885e-07,true,4.7902372017233294e-16,1.0504063613379124,2.2868154547638222e+25
n3_irregular_f0.1_d2.5,1,0.0056516641509833784,0.0056393688036465136,1.2876280446535752e-05,0,false,0,false,0,false,1.3398812564585655e-16,1.0083211126667773,1.0083211126667773
n3_irregular_f0.1_d2.5,3,0.0056726395289916917,0.0056564701993038879,1.6795502665412093e-05,0.0037524756011399819,true,0.003126673168306482,true,0.0007647472367025074,true,1.541774938546357e-16,1.0142988634965382,13.008418440051075
n3_irregular_f0.1_d2.5,5,0.0056743560542362268,0.0056582646522134235,1.669773828679353e-05,0.00033458315749176654,true,0.00034337526047615354,true,2.2367340597408988e-05,true,1.3365349862638106e-16,1.0154724153192281,39779652.771762297
n3_irregular_f0.1_d2.5,7,0.0056744806516984721,0.0056583871101755587,1.67003976747674e-05,2.4579282615930102e-05,true,2.4247315289289384e-05,true,7.141229404452567e-07,true,4.0897682996178819e-16,1.01565777344593,499207466583779
n3_irregular_f0.1_d3.0,1,0.0027350516606221365,0.002731553480511907,3.660759927355926e-06,0,false,0,false,0,false,1.4941456409762483e-16,1.0048737102335499,1.0048737102335501
n3_irregular_f0.1_d3.0,3,0.0027390959510834776,0.0027348555750493627,4.4072896899249781e-06,0.0014950771470858928,true,0.00124509004146585,true,0.00030106750704423637,true,2.1323387011350773e-16,1.006919881523985,3.5134551985500297
n3_irregular_f0.1_d3.0,5,0.0027392441208141998,0.0027350111074838711,4.398118755753245e-06,5.9829421779944527e-05,true,6.1598883449461456e-05,true,4.2721910842604243e-06,true,2.3237126470953785e-16,1.0070613077718442,3104406.0859278636
n3_irregular_f0.1_d3.0,7,0.0027392493250438868,0.0027350162274607701,4.3982285053741413e-06,2.1262613710937971e-06,true,2.0991151622112785e-06,true,6.3192265343664014e-08,true,2.0033354790938767e-16,1.0070682826110333,18688683424544.488
n3_irregular_f0.1_d4.0,1,0.00087644000758487297,0.00087594817880075272,5.1374468365093628e-07,0,false,0,false,0,false,1.3947355226619334e-16,1.0021235292348549,1.0021235292348549
n3_irregular_f0.1_d4.0,3,0.0008767871548807847,0.00087623911632834746,5.7003140857368827e-07,0.00039989436326268445,true,0.00034015379184673119,true,7.0651386874597365e-05,true,3.0706450755453413e-16,1.0025374876557547,1.3761226659936763
n3_irregular_f0.1_d4.0,5,0.00087679042496393721,0.00087624256248086012,5.6981359579087817e-07,4.1267537828444498e-06,true,4.261634606288903e-06,true,3.1388450970011524e-07,true,1.1857742421956538e-16,1.0025441300031617,55768.260752550043
n3_irregular_f0.1_d6.0,1,0.00018048487392568769,0.00018045183288656512,3.4388129370141369e-08,0,false,0,false,0,false,2.863014444413947e-16,1.0006837489846681,1.0006837489846681
n3_irregular_f0.1_d6.0,3,0.00018050035881302638,0.00018046575372601911,3.5948556475819531e-08,8.6516099175250243e-05,true,7.8361543222533149e-05,true,9.474476101651133e-06,true,2.3146597612397112e-16,1.0007326141300841,1.0441751198389999
n3_irregular_f0.1_d6.0,5,0.00018050037505047068,0.00018046577088713132,3.594742316310523e-08,9.9705685395928745e-08,true,1.0316727203619265e-07,true,7.933530780535227e-09,true,3.4663860339340154e-16,1.0007327365852603,197.74057411307351
n3_irregular_f0.1_d10.0,1,2.6990830382614758e-05,2.6989550482112414e-05,1.3300904177075373e-09,0,false,0,false,0,false,1.4911834832295108e-16,1.0001760752520537,1.0001760752520537
n3_irregular_f0.1_d10.0,3,2.699135063883083e-05,2.6990050390470897e-05,1.3501653973637916e-09,1.9468323989788696e-05,true,1.8757069368455001e-05,true,8.1555021861037281e-07,true,1.9648632080800465e-16,1.0001800114005341,1.0036551449968543
n3_irregular_f0.1_d10.0,5,2.6991350661972339e-05,2.6990050414929929e-05,1.3501637898361206e-09,9.5342345666098672e-10,true,9.8628674376074364e-10,true,7.532091296399197e-11,true,2.9820114858306696e-16,1.0001800123956426,1.4990184071258972
n3_irregular_f0.4_d2.1,1,0.1862186672035861,0.18348165886077419,0.0028624779802780896,0,false,0,false,0,false,1.5005122100561848e-16,1.0571961878308846,1.0571961878308846
n3_irregular_f0.4_d2.1,3,0.19362760333458984,0.18942109244754371,0.0043727345758544497,0.038943195419610305,true,0.032002607398608759,true,0.0084598422725159477,true,1.7609387178563104e-16,1.1364829152609173,1060.4103304255561
n3_irregular_f0.4_d2.1,5,0.19511817170065132,0.19093607859468631,0.0043368694754242852,0.0084273497153062853,true,0.0084519864830008094,true,0.00036921185293300844,true,2.8639552422721662e-16,1.1851346444665505,8161773282.8320274
n3_irregular_f0.4_d2.1,7,0.19537079858442469,0.19117977533588798,0.0043468134649091612,0.0014497358790062807,true,0.0014069191594077103,true,5.6171215340828619e-05,true,1.9808976409205199e-16,1.2140510944151537,2.3455685795090723e+17
n3_irregular_f0.4_d2.1,9,0.1954046256873225,0.19121314446863588,0.0043473506992071633,0.00020013708926979644,true,0.00019751897022658973,true,3.3695362711263494e-06,true,4.3714644696095587e-16,1.2297165411693434,1.0161298250705483e+26
n3_irregular_f0.4_d2.1,11,0.19540916498820751,0.19121758089287252,0.0043474610719675642,2.7201432370696354e-05,true,2.667220776735183e-05,true,6.044584186919818e-07,true,3.2623508680446691e-16,1.237700961247479,4.491054958040491e+33
n3_irregular_f0.4_d2.5,1,0.091796309243417196,0.090992186306809997,0.00084123869076760426,0,false,0,false,0,false,2.1480212359012555e-16,1.0337764183731146,1.0337764183731144
n3_irregular_f0.4_d2.5,3,0.093148783305437063,0.092068734087836043,0.0011213330485702396,0.014743881958771111,true,0.012027953493839835,true,0.0032922975473279313,true,1.9635525985649428e-16,1.0595740724022495,181.88685296755233
n3_irregular_f0.4_d2.5,5,0.093272277255001201,0.092196337086478786,0.0011159488844488369,0.0014621408106317022,true,0.0014857062536062973,true,8.4804826817883321e-05,true,2.3235348625143739e-16,1.0648756975737441,649937485.875036
n3_irregular_f0.4_d2.5,7,0.093281533720479551,0.092205344348661525,0.0011162380481198571,0.00011097816474366259,true,0.00010850748677288365,true,3.8088638430318487e-06,true,2.7812375839587648e-16,1.0657382232258055,8380262560052085
n3_irregular_f0.4_d2.5,9,0.09328203619817671,0.092205844983748481,0.0011162400678354373,6.2078278579543391e-06,true,6.1796668977939257e-06,true,8.6412014633539184e-08,true,3.1079751138898516e-16,1.0658438317287153,1.5098130575607264e+25
n3_irregular_f0.4_d3.0,1,0.044147105748565237,0.043920369174991362,0.00023713033707306754,0,false,0,false,0,false,1.5104443998979857e-16,1.0196627673840184,1.0196627673840184
n3_irregular_f0.4_d3.0,3,0.044390624718690347,0.044112920643532651,0.00028849309068944019,0.0055598585227325126,true,0.0045032727307885208,true,0.0012709314199864181,true,1.9625338501362766e-16,1.0283202688849815,30.888467547443515
n3_irregular_f0.4_d3.0,5,0.04440089523699086,0.044123635525421021,0.00028792893621348256,0.00025564465858708447,true,0.00026179867423464586,true,1.7083261895453595e-05,true,2.1971835451672022e-16,1.0289412463963574,49814321.627932034
n3_irregular_f0.4_d3.0,7,0.044401260747286064,0.044123993172574129,0.00028793858218732787,9.2065591730558772e-06,true,9.0444235979317711e-06,true,2.9609675655179447e-07,true,3.3921993638395827e-16,1.0289725950382831,301792979411388.06
n3_irregular_f0.4_d4.0,1,0.014076830713462021,0.014045179460879003,3.3053171834120402e-05,0,false,0,false,0,false,1.0704654499192878e-16,1.0085259182371369,1.0085259182371369
n3_irregular_f0.4_d4.0,3,0.014094813126321201,0.014059394760495399,3.6828399257573238e-05,0.0012901423930261541,true,0.0010425661991798156,true,0.00029414782796849859,true,1.922504838059404e-16,1.0102525073880562,3.348658456205782
n3_irregular_f0.4_d4.0,5,0.014095035515063676,0.01405962857026476,3.6814175746210069e-05,1.7453432879632788e-05,true,1.798572922256149e-05,true,1.2977712862982154e-06,true,1.7438858956924905e-16,1.0102810523134171,892180.90094286401
n3_irregular_f0.4_d4.0,7,0.014095038026823027,0.014059631037475255,3.6814234419696386e-05,1.9944561811745561e-07,true,1.9658482469290215e-07,true,6.2959875042778331e-09,true,2.2164357548467613e-16,1.010281376512346,1694057572301.0479
n3_irregular_f0.4_d6.0,1,0.0028913293494450634,0.0028892109678385347,2.2045823206298887e-06,0,false,0,false,0,false,1.365965963340664e-16,1.0027382970683951,1.0027382970683951
n3_irregular_f0.4_d6.0,3,0.002891901656043896,0.002889679580875262,2.3080617106329977e-06,0.00019973893503043321,true,0.00016621259682096892,true,3.9191876663171681e-05,true,1.9474765983751587e-16,1.0029406270545069,1.1885568564723896
n3_irregular_f0.4_d6.0,5,0.0028919027500899212,0.0028896807365364468,2.3079859702695499e-06,4.1939920891245078e-07,true,4.3371298059975909e-07,true,3.3257237221378206e-08,true,2.6494367925312814e-16,1.0029411469082261,3133.6466688735663
n3_irregular_f0.4_d10.0,1,0.00043198975734008688,0.00043190780954438485,8.5159909288620339e-08,0,false,0,false,0,false,1.3340928201911802e-16,1.0007045168857365,1.0007045168857365
n3_irregular_f0.4_d10.0,3,0.00043200219634736801,0.00043191890410363006,8.6486432640357586e-08,2.9065604854344376e-05,true,2.6133260161620256e-05,true,3.366534914317792e-06,true,5.8561492745274665e-17,1.000720769965294,1.0147015412282276
n3_irregular_f0.4_d10.0,5,0.00043200219784979364,0.00043191890569466851,8.648632447570381e-08,3.8814141430449105e-09,true,4.0181452182247459e-09,true,3.1702923443914202e-10,true,1.9847843737475232e-16,1.0007207741683797,4.4322673317716825
n3_irregular_f0.8_d2.1,1,0.77118099527166273,0.74816583161816097,0.024017432345362539,0,false,0,false,0,false,2.8863825306578003e-16,1.1183385379499979,1.1183385379499979
n3_irregular_f0.8_d2.1,3,0.84040200875161253,0.80229293188369422,0.039626961209310502,0.083806034928719228,true,0.067261124006120956,true,0.019708148538754456,true,3.9880700638034296e-16,1.3056197138348056,4583.0243955643245
n3_irregular_f0.8_d2.1,5,0.85705159958781518,0.81868809487211636,0.039820152422915575,0.021339555430182414,true,0.020843635343637985,true,0.00078252932487282571,true,2.6953918153724959e-16,1.4349615086803034,38983976850.490807
n3_irregular_f0.8_d2.1,7,0.86051027091488452,0.82194728265149197,0.040038752649519949,0.0044980765968307673,true,0.004274190700341551,true,0.00026403076968424142,true,3.4030071453860797e-16,1.5180460500710458,1.2817529551150758e+18
n3_irregular_f0.8_d2.1,9,0.86111639772893012,0.82253096821174032,0.040064060899102742,0.00080987374370344433,true,0.00078229609627592054,true,3.1153991519397224e-05,true,4.6826013996361943e-16,1.5654695831003977,2.1772072381168394e+26
n3_irregular_f0.8_d2.1,11,0.86122735697186581,0.82263722231635317,0.04006921244868087,0.00014969959683032715,true,0.00014404674424301929,true,6.3146215844587912e-06,true,3.639130953617344e-16,1.5905529572310444,3.7596442040034334e+34
n3_irregular_f0.8_d2.5,1,0.37474577057979286,0.36812139822790307,0.0069208126645874104,0,false,0,false,0,false,3.7687771098778494e-16,1.0689109045314649,1.0689109045314649
n3_irregular_f0.8_d2.5,3,0.38657043999375101,0.37739010611858537,0.0095261885899490268,0.031061320416328465,true,0.024975615082014475,true,0.0072835555411051968,true,3.0054659469503845e-16,1.1262978283275311,741.4060273717007
n3_irregular_f0.8_d2.5,5,0.38773926972323564,0.37857823435801402,0.009496861773337896,0.0033215490088260536,true,0.0033284027434717723,true,0.00015923905126009815,true,3.9857760923045026e-16,1.1389150451933741,2732963841.2707133
n3_irregular_f0.8_d2.5,7,0.38783121357655614,0.37866647394431346,0.0095009958133218733,0.00026476339950864269,true,0.00025568986627044256,true,1.171894705678189e-05,true,3.4585794821459758e-16,1.1410592304741134,36417294103010248
n3_irregular_f0.8_d2.5,9,0.38783648098830015,0.37867164952163507,0.0095010957214929411,1.5620294307739264e-05,true,1.5360754591024247e-05,true,3.3669447905088061e-07,true,4.1449308020762759e-16,1.1413304590081186,1.8886185154785065e+25
n3_irregular_f0.8_d3.0,1,0.17869022491388131,0.17684516312587242,0.0019281098924061933,0,false,0,false,0,false,3.1734694834768131e-16,1.0397824428725009,1.0397824428725009
n3_irregular_f0.8_d3.0,3,0.18074267062681654,0.17844862923018831,0.0023816881517458154,0.011510664715464533,true,0.0092212083020693988,true,0.0027367850745265046,true,3.0460383397838845e-16,1.0585010806162651,118.78288623271094
n3_irregular_f0.8_d3.0,5,0.18083468637510797,0.17854381561195004,0.002377514663150867,0.00056172470803410779,true,0.00057101901590891706,true,3.4245286135603386e-05,true,2.7247280746107026e-16,1.0599183654212629,201572123.50347033
n3_irregular_f0.8_d3.0,7,0.18083802673379501,0.17854705978945121,0.0023776271894687469,2.0638623137875631e-05,true,2.0138652294522866e-05,true,7.542086476268544e-07,true,3.0831655061382907e-16,1.059992410416994,1235210814118818
n3_irregular_f0.8_d4.0,1,0.056596708779480739,0.056341621124178842,0.00026629604946351609,0,false,0,false,0,false,2.7274378840270825e-16,1.0171373841568319,1.0171373841568321
n3_irregular_f0.8_d4.0,3,0.056741423530047602,0.056454232879912095,0.0002985019550308624,0.0025798783533161058,true,0.0020561852930634328,true,0.00062158669231152759,true,1.8299854252109279e-16,1.0207964134554706,8.4867838228530204
n3_irregular_f0.8_d4.0,5,0.056743363227441945,0.056456265604590376,0.00029838493699942207,3.7799067287519071e-05,true,3.8839647042372791e-05,true,2.7238633490566117e-06,true,4.3535244923949388e-16,1.0208596101035194,3571066.858734047
n3_irregular_f0.8_d4.0,7,0.056743385426347707,0.056456287347304381,0.00029838551665882892,4.3768685636160527e-07,true,4.3027003422253881e-07,true,1.4371710156019655e-08,true,3.4083962195797313e-16,1.0208603456582395,6791832215116.4912
n3_irregular_f0.8_d6.0,1,0.011584417832111392,0.011567430592089445,1.7676709537717207e-05,0,false,0,false,0,false,2.9653827178230667e-16,1.0054854218846028,1.0054854218846028
n3_irregular_f0.8_d6.0,3,0.01158858296323766,0.011570724856419908,1.8546072749633108e-05,0.00036291684346228045,true,0.00029282991094041656,true,8.2100569378488385e-05,true,2.2165796332582588e-16,1.0059098890897782,1.4109988187639007
n3_irregular_f0.8_d6.0,5,0.011588592414734025,0.01157073483101497,1.8545428084603094e-05,9.0411004653419189e-07,true,9.3417236840433215e-07,true,7.112376132239403e-08,true,3.3805927740737441e-16,1.0059110204137514,12527.646039606323
n3_irregular_f0.8_d10.0,1,0.0017286873575938569,0.0017280314105622406,6.8164351114979136e-07,0,false,0,false,0,false,3.4052440201672966e-16,1.0014096098355283,1.0014096098355283
n3_irregular_f0.8_d10.0,3,0.0017287608322566531,0.0017280936453238189,6.927347591596504e-07,4.2897457627293949e-05,true,3.6779060584252548e-05,true,7.032530891432802e-06,true,2.8710187401433968e-16,1.0014435770914669,1.0296204441244505
n3_irregular_f0.8_d10.0,5,0.0017287608451263786,0.0017280936589543769,6.9273382991123662e-07,8.3134590005346801e-09,true,8.6057788532220034e-09,true,6.8170200342998718e-10,true,2.5590846005269081e-16,1.0014435861730577,12.551581502248176
n3_irregular_f1.0_d2.1,1,1.2265986666235,1.1804858886354062,0.048070416434876098,0,false,0,false,0,false,4.831843819965594e-17,1.1505193838270598,1.1505193838270598
n3_irregular_f1.0_d2.1,3,1.3738854179636775,1.2941866191723448,0.082895682954944261,0.10905836869298942,true,0.086460899838918373,true,0.026654626478083941,true,2.7722351608430618e-16,1.4065738307808555,7506.1481070894633
n3_irregular_f1.0_d2.1,5,1.4130988320812368,1.3321536740507993,0.084079785436246238,0.030405930992072134,true,0.029278693247000682,true,0.0013296913456180082,true,2.8184975804452133e-16,1.5962779965681249,67548258108.744659
n3_irregular_f1.0_d2.1,7,1.4222657940992431,1.3406868021241913,0.084773382584412735,0.0071969404314840505,true,0.0067623528583295343,true,0.00050412746935721915,true,4.3051097834389311e-16,1.724311186238829,2.3872497830140713e+18
n3_irregular_f1.0_d2.1,9,1.4241209276756686,1.3424505601642018,0.084875864267071888,0.0014915705663101804,true,0.0014241332590054954,true,7.5750891785809787e-05,true,3.4348347781451433e-16,1.7999349496326542,2.7022088857390618e+26
n3_irregular_f1.0_d2.1,11,1.4245148598528188,1.3428234940966441,0.084898965192872891,0.00031916457308105427,true,0.00030384062036358721,true,1.7119919624687765e-05,true,3.7220267470231247e-16,1.8409040190307089,4.9333175492344406e+34
n3_irregular_f1.0_d2.1,13,1.424602364643107,1.3429065970398613,0.084903854232125889,7.1217058848657805e-05,true,6.7944569698597066e-05,true,3.6435531770491474e-06,true,8.0094114778700046e-16,1.8614712036368251,2.3843798794048734e+41
n3_irregular_f1.0_d2.5,1,0.59162588543792582,0.57849398438638377,0.013710575210469861,0,false,0,false,0,false,2.1612241511792342e-16,1.0870132780461368,1.0870132780461368
n3_irregular_f1.0_d2.5,3,0.61590405847842367,0.59738979029705497,0.019207646165958846,0.040026191914756051,true,0.031966786412411574,true,0.0095881463252818263,true,3.0887586185883802e-16,1.1628506171505366,1176.3992778550721
n3_irregular_f1.0_d2.5,5,0.61840183564084861,0.59990717714774189,0.01916890004093957,0.004445264755194649,true,0.004422122232428178,true,0.00019688853020314887,true,3.0141093880795133e-16,1.1801528597786102,4399079517.2395754
n3_irregular_f1.0_d2.5,7,0.6186036874364147,0.60009951340528589,0.019179409106206149,0.00036412705671429191,true,0.00034940432587863261,true,1.8224074045765742e-05,true,2.2106876323239618e-16,1.1831643626727539,59580159247902632
n3_irregular_f1.0_d2.5,9,0.61861559443008152,0.60011112928546584,0.01917972596166358,2.2111130095312929e-05,true,2.1607244540206625e-05,true,6.0353399757751394e-07,true,6.0133561418436814e-16,1.1835521494239731,3.270576893427826e+25
n3_irregular_f1.0_d3.0,1,0.28087413045880094,0.27723942098451598,0.0037968290312347004,0,false,0,false,0,false,2.1853472605623378e-16,1.0500186266541469,1.0500186266541471
n3_irregular_f1.0_d3.0,3,0.28501873151449525,0.2804627845571992,0.0047286239897338742,0.014740402799660917,true,0.011758529367520507,true,0.0035530732727528254,true,2.7552538565700222e-16,1.0743816721782899,185.53215093328961
n3_irregular_f1.0_d3.0,5,0.28520953744893063,0.28065930383502324,0.0047209078331948593,0.00073809815147129055,true,0.00074746837294868956,true,4.295532832053381e-05,true,1.8108733274416415e-16,1.0762812444346603,317583208.49482429
n3_irregular_f1.0_d3.0,7,0.28521654179984535,0.28066608042047153,0.0047211700634277485,2.7425508604700764e-05,true,2.6668471724767476e-05,true,1.0732605743053603e-06,true,6.0021535079441682e-16,1.0763823632434015,1956964510759892.5
n3_irregular_f1.0_d4.0,1,0.088660135127097334,0.088160066990381175,0.00052195314320096445,0,false,0,false,0,false,2.1824453271575893e-16,1.0214756006965167,1.0214756006965164
n3_irregular_f1.0_d4.0,3,0.088947964227852352,0.088383130046719272,0.00058696105662970103,0.0032735402769861902,true,0.0025995155731973535,true,0.0007992773456859441,true,1.8423473172571571e-16,1.0261883458100356,12.251802257314656
n3_irregular_f1.0_d4.0,5,0.08895192952064998,0.088387278671866465,0.0005867291618746333,4.9282544549011345e-05,true,5.0565087186009119e-05,true,3.4950221051584689e-06,true,3.3516173471462083e-16,1.0262716980534605,5583623.4649079181
n3_irregular_f1.0_d4.0,7,0.088951975241050113,0.088387323387391567,0.00058673041972222761,5.7493275668182141e-07,true,5.6443201824707913e-07,true,1.9290873326743283e-08,true,3.084086179676059e-16,1.0262726813639684,10630941894757.693
n3_irregular_f1.0_d6.0,1,0.018115610793347128,0.018082393233350213,3.4564049756795597e-05,0,false,0,false,0,false,3.0148940328593103e-16,1.0068623079969321,1.0068623079969321
n3_irregular_f1.0_d6.0,3,0.018123691694239094,0.018088730127602495,3.6305345769913494e-05,0.00045027117452395537,true,0.000360577468347728,true,0.00010510580893848632,true,2.1204598491776682e-16,1.007406155355191,1.5361172615156005
n3_irregular_f1.0_d6.0,5,0.018123710922755457,0.018088750410725739,3.630404436398894e-05,1.1760646854485852e-06,true,1.214645074583456e-06,true,9.2131678289393098e-08,true,2.5196780833039407e-16,1.0074076341079163,19572.986759084182
n3_irregular_f1.0_d10.0,1,0.0027016433255122718,0.0027003618226335928,1.3316909029786986e-06,0,false,0,false,0,false,2.1349453480597603e-16,1.0017623725439051,1.0017623725439051
n3_irregular_f1.0_d10.0,3,0.0027017779733733726,0.0027004740129659048,1.3538526459099583e-06,5.0301604240359325e-05,true,4.2483088962838859e-05,true,8.9903464515741572e-06,true,3.1372386156099549e-16,1.0018058068929052,1.0371621945064806
n3_irregular_f1.0_d10.0,5,0.0027017779994913636,0.0027004740406266917,1.3538507610504621e-06,1.0796609275035011e-08,true,1.1175376350916161e-08,true,8.8547975348166177e-10,true,3.3931139071298376e-16,1.0018058187187751,18.557242691537173
n4_linear_f0.1_d2.1,1,0.007539732783897528,0.0074882581586570574,6.2902740569182884e-05,0,false,0,false,0,false,1.9144441603755212e-16,1.0181767362942975,1.0181767362942975
n4_linear_f0.1_d2.1,3,0.0075929636715543871,0.0075592174269382669,4.0505188408293591e-05,0.0074039356978347261,true,0.0093604229352672909,true,0.0029555321385270447,true,3.7198744329669732e-16,1.0343469898327557,134.37440978035906
n4_linear_f0.1_d2.1,5,0.0076026727910668696,0.0075765456733775096,3.0571332493127516e-05,0.0016211025156531204,true,0.0022831148570825912,true,0.001320102874606836,true,2.7315193259306075e-16,1.0434650431684032,1049883320.3605514
n4_linear_f0.1_d2.1,7,0.0076039792816606127,0.0075791282515915558,2.8900548340697407e-05,0.00024030362144016471,true,0.00034021406386051527,true,0.0002233808938241877,true,5.7728173717451833e-16,1.0484543075781483,28807780179199420
n4_linear_f0.1_d2.1,9,0.0076041266803804873,0.0075794307653611701,2.869721497920434e-05,2.8173529240750626e-05,true,3.985064568996978e-05,true,2.7231080700642834e-05,true,6.8075777393884438e-16,1.0510489162785608,2.2579022956422706e+25
n4_linear_f0.1_d2.5,1,0.0037509958320009144,0.0037356486048513381,1.8743183914432295e-05,0,false,0,false,0,false,2.2120368239988468e-16,1.0108295320116774,1.0108295320116774
n4_linear_f0.1_d2.5,3,0.0037591286297342431,0.0037492706029497872,1.1744463929797632e-05,0.002565733867194065,true,0.0036295561790618321,true,0.0018676924257001301,true,2.0822218423165279e-16,1.0154586688510394,24.91209640199073
n4_linear_f0.1_d2.5,5,0.0037597814619094792,0.0037508683385123536,1.0510652124490739e-05,0.00029814294824575567,true,0.00042570387401749449,true,0.0003316404104405932,true,2.2494972904664127e-16,1.0162809694658921,89072381.844137341
n4_linear_f0.1_d2.5,7,0.0037598229994021391,0.0037509842102243767,1.0413019386733367e-05,2.2201795740743971e-05,true,3.0872901842657172e-05,true,2.6320940841545173e-05,true,7.7153414715556733e-16,1.0163956944617363,1184697282138752
n4_linear_f0.1_d3.0,1,0.0018147746062283617,0.001810406607284228,5.3244842346907391e-06,0,false,0,false,0,false,2.1305519083847181e-16,1.0063353119624654,1.0063353119624654
n4_linear_f0.1_d3.0,3,0.0018160471783128184,0.0018130012717742585,3.6329967086197686e-06,0.00096912061761612021,true,0.0014310363311386802,true,0.00093476712360327885,true,1.9465398268690268e-16,1.0077190151551778,5.5281539614280266
n4_linear_f0.1_d3.0,5,0.0018160862212993534,0.0018131394223088659,3.5034105277140051e-06,5.6001837933137435e-05,true,7.6209276813637633e-05,true,7.2038858562366564e-05,true,2.7760200337587828e-16,1.0077986954154416,6896293.1642264267
n4_linear_f0.1_d3.0,7,0.0018160874026336309,0.0018131442606569037,3.4985985553341069e-06,2.0387445202595294e-06,true,2.6690378865545747e-06,true,2.6796404609622658e-06,true,5.7411873047357912e-16,1.0078019781822407,43963154259017.523
n4_linear_f0.1_d4.0,1,0.00058220237376566185,0.00058158738880076074,7.4581513805972968e-07,0,false,0,false,0,false,1.654487976050411e-16,1.0027536673647746,1.0027536673647746
n4_linear_f0.1_d4.0,3,0.0005823046187201648,0.00058180996647288932,5.9173602181020437e-07,0.00025777090925233363,true,0.00038284311230615543,true,0.00026563142082585274,true,1.3710244815110878e-16,1.0029997269723798,1.5775244085631654
n4_linear_f0.1_d4.0,5,0.00058230504283999455,0.00058181302049548555,5.8829707195287226e-07,4.2774178584845207e-06,true,5.2550327357937075e-06,true,5.955877405689291e-06,true,2.1412977146998755e-16,1.0030030612008791,123334.4285227108
n4_linear_f0.1_d6.0,1,0.00012055128025855564,0.00012050981509070566,4.9827509684880818e-08,0,false,0,false,0,false,1.1629713529551522e-16,1.0008809513894892,1.0008809513894892
n4_linear_f0.1_d6.0,3,0.00012055779802033389,0.00012052004474662782,4.5100508317472094e-08,6.1599072128785587e-05,true,8.4998258334989388e-05,true,3.9366892962416537e-05,true,1.9465398268690268e-16,1.0009077564462678,1.0638245600088874
n4_linear_f0.1_d6.0,5,0.00012055779831986683,0.0001205200599316409,4.5081138322717385e-08,1.1360719161042918e-07,true,1.2626210140673036e-07,true,1.6193195158770553e-07,true,2.4520087041880651e-16,1.0009078220462682,433.65930119633009
n4_linear_f0.1_d10.0,1,1.8118869534334013e-05,1.8117294103660787e-05,1.9130389685296567e-09,0,false,0,false,0,false,1.8897951887028539e-16,1.0002232296290778,1.0002232296290778
n4_linear_f0.1_d10.0,3,1.8119177785682217e-05,1.811765068224795e-05,1.8527458139305929e-09,1.7357666682766559e-05,true,1.9732919708845496e-05,true,3.3301817251035875e-06,true,2.1453610679198439e-16,1.000225340276327,1.0052032668470297
n4_linear_f0.1_d10.0,5,1.8119177785116206e-05,1.8117650703800609e-05,1.8527174037036437e-09,1.0997316096844457e-09,true,1.19430325287082e-09,true,1.5730660282511426e-09,true,2.1019489744282203e-16,1.0002253408752391,1.8126057585333628
n4_linear_f0.4_d2.1,1,0.12513455887563027,0.12170629677490022,0.0041476132996930339,0,false,0,false,0,false,1.7697987015427643e-16,1.0748986123879005,1.0748986123879003
n4_linear_f0.4_d2.1,3,0.12885664386778053,0.12653962269811653,0.0027670380992786733,0.030286900103605768,true,0.037567478884665571,true,0.010734529731657744,true,2.299875283170944e-16,1.1487991485284934,2279.0065016048202
n4_linear_f0.4_d2.1,5,0.12968078826913212,0.12790269075257751,0.00207046338199591,0.0076138355835224086,true,0.010527269779171688,true,0.0054294323416702083,true,2.5504321145106025e-16,1.1935633916110533,19264681543.189022
n4_linear_f0.4_d2.1,7,0.12981525407076439,0.12813574558886687,0.0019421297791131316,0.0012938079061417757,true,0.0017980412828499115,true,0.0010064998351335939,true,7.112348476168894e-16,1.219107306337416,5.8319677545661504e+17
n4_linear_f0.4_d2.1,9,0.12983483568212895,0.12816883530868953,0.0019245107745960485,0.00018524285495828121,true,0.00025525122520303147,true,0.00013847820741072836,true,7.2381645863620646e-16,1.2327655106267634,4.3145354206746149e+26
n4_linear_f0.4_d2.1,11,0.12983766794116877,0.12817332568380574,0.0019223462292753447,2.5624526135342163e-05,true,3.4637592900429721e-05,true,1.7021400192782618e-05,true,3.7482817507233229e-16,1.2396357349810467,4.8973214449354043e+34
n4_linear_f0.4_d2.5,1,0.061335590118627922,0.06032986114103088,0.0012208996883230517,0,false,0,false,0,false,1.9891365074191761e-16,1.0440878644482277,1.0440878644482277
n4_linear_f0.4_d2.5,3,0.061841311281301166,0.061197263990405815,0.00076410590935012163,0.0098475019313384766,true,0.014049035105026236,true,0.0074100643857063957,true,2.4633313144686332e-16,1.0642879381172508,380.98530707868133
n4_linear_f0.4_d2.5,5,0.061889653393156004,0.061311118149359189,0.00067902766884171911,0.0012852249841364912,true,0.0018427549349464849,true,0.0013901346885165087,true,3.3344636317195092e-16,1.0680495872505196,1493426032.1391385
n4_linear_f0.4_d2.5,7,0.061892895733903427,0.061319654730543488,0.00067210333890982963,9.8604442720130324e-05,true,0.00013815949557165853,true,0.00011352946602565932,true,6.4444618461893694e-16,1.0685915897292528,20270883873625956
n4_linear_f0.4_d2.5,9,0.061893073622137453,0.061320146820813777,0.00067169142912700214,5.7448762896501873e-06,true,7.9641664324852526e-06,true,6.7587802667532094e-06,true,5.3436253138517754e-16,1.0686544744682711,8.1343113748166692e+24
n4_linear_f0.4_d3.0,1,0.029407816933934783,0.029124378799263634,0.00034429119068687996,0,false,0,false,0,false,1.8224319237328448e-16,1.0256032635954524,1.0256032635954524
n4_linear_f0.4_d3.0,3,0.029474068708251786,0.029278162992373329,0.0002329484664945012,0.0035051842130724023,true,0.005226342184120587,true,0.0037913262593654673,true,1.804205323113653e-16,1.0314953008379915,62.213460126426192
n4_linear_f0.4_d3.0,5,0.029476814211939473,0.02928768727230846,0.00022411909099281593,0.00023648969001194685,true,0.0003236905736446561,true,0.00030252581445526109,true,2.1971835451672022e-16,1.0318468012890623,112422342.97970064
n4_linear_f0.4_d3.0,7,0.029476898760702409,0.029288025346515156,0.00022378661412754042,8.7263397940298689e-06,true,1.1489762558868265e-05,true,1.1413472729305822e-05,true,1.1105850499596275e-15,1.0318616415821982,720122482881219.5
n4_linear_f0.4_d4.0,1,0.0093668964050308574,0.0093273011193175989,4.7946623624281167e-05,0,false,0,false,0,false,1.5638593656382093e-16,1.0110640781194713,1.0110640781194713
n4_linear_f0.4_d4.0,3,0.0093701221930387549,0.0093384851925081402,3.7784198932638194e-05,0.00083002544742130744,true,0.0011956836761695387,true,0.0010887825504613936,true,2.8695876280403484e-16,1.0120927827223993,5.2088940394169052
n4_linear_f0.4_d4.0,5,0.0093701511194191171,0.0093386924422138497,3.7551526027318404e-05,1.7985751664325842e-05,true,2.2161357807712932e-05,true,2.5045713453183727e-05,true,2.1381661720276533e-16,1.0121070478931882,1984935.140297763
n4_linear_f0.4_d4.0,7,0.0093701513944889139,0.0093386947721718887,3.7548827468348548e-05,2.0930158685739815e-07,true,2.4914578719356719e-07,true,2.9085337683240824e-07,true,7.8644910255762259e-16,1.0121071817005229,3990209013833.1348
n4_linear_f0.4_d6.0,1,0.0019322503585119772,0.0019295915739913068,3.1935273788033252e-06,0,false,0,false,0,false,2.0416634674079609e-16,1.0035288676543646,1.0035288676543646
n4_linear_f0.4_d6.0,3,0.0019323630041844682,0.0019299493512337769,2.8816464401274662e-06,0.00012687849240233831,true,0.00018551878453176618,true,0.00016204723780558332,true,1.9740098275116447e-16,1.0036399129848346,1.2802837933432831
n4_linear_f0.4_d6.0,5,0.0019323630217876972,0.0019299503742654541,2.8803392277249529e-06,4.780862259143595e-07,true,5.3070394411669369e-07,true,6.818251740142684e-07,true,1.9195093205604178e-16,1.0036401900084366,6919.5165174158701
n4_linear_f0.4_d10.0,1,0.00029003064644878262,0.0002899297775482991,1.2247182606143296e-07,0,false,0,false,0,false,1.3340928201911802e-16,1.0008932321303952,1.0008932321303952
n4_linear_f0.4_d10.0,3,0.00029003555515234603,0.00028993787611018314,1.1849312843218366e-07,1.9849422554802301e-05,true,2.8005082908195002e-05,true,1.3728628968776626e-05,true,1.97097493559243e-16,1.0009019480671151,1.020979596002991
n4_linear_f0.4_d10.0,5,0.00029003555506904667,0.00028993787751895489,1.1849121241125502e-07,4.6265023802332314e-09,true,4.8769250652320584e-09,true,6.6276489567971206e-09,true,1.8689484210783117e-16,1.0009019505906009,7.7010750720439471
n4_linear_f0.8_d2.1,1,0.52629884980464736,0.49733271956859915,0.034598447533005484,0,false,0,false,0,false,2.6879421270467904e-16,1.1560699504383731,1.1560699504383731
n4_linear_f0.8_d2.1,3,0.56248504141691824,0.54173062301258579,0.024625710123980817,0.06653692913807159,true,0.07904499734450425,true,0.017764901968620076,true,4.2003571969216153e-16,1.3353224595066977,10149.492781251152
n4_linear_f0.8_d2.1,5,0.57242517851343322,0.55660646129052005,0.018316480003321922,0.019549108065109819,true,0.026022327036264278,true,0.011149121204289928,true,2.6953918153724959e-16,1.4571740574299221,94818937378.457458
n4_linear_f0.8_d2.1,7,0.57451319772683307,0.55974294634234367,0.016961449985103971,0.0041187471609998774,true,0.0054664976797579564,true,0.0024063035863491227,true,4.9229931875043255e-16,1.5319109737011356,3.28743843641299e+18
n4_linear_f0.8_d2.1,9,0.57491967250765774,0.56032259564343201,0.016737033028549252,0.00077999788425369831,true,0.0010095327319684288,true,0.00039951080350619274,true,8.0095240191298601e-16,1.5738518756989055,2.8453382023120309e+26
n4_linear_f0.8_d2.1,11,0.57499992711727466,0.56042969751736615,0.016702214411429057,0.00014935959940399736,true,0.00018650515919713714,true,6.2029853119607305e-05,true,3.9881723064920151e-16,1.5957016808219031,3.7596442040034334e+34
n4_linear_f0.8_d2.1,13,0.57501650790597947,0.56045053813390722,0.016696690283042992,3.0172249220469435e-05,true,3.6290394699231875e-05,true,9.8439137962911773e-06,true,4.8996693719818844e-16,1.6063253001618631,2.0736343880228757e+40
n4_linear_f0.8_d2.5,1,0.25268150730921163,0.24437360826012566,0.010006771957208322,0,false,0,false,0,false,3.4033595139522847e-16,1.0903155269732976,1.0903155269732976
n4_linear_f0.8_d2.5,3,0.25719061846514935,0.25187770238013002,0.0062697646364523558,0.020680555820036688,true,0.029223114468395928,true,0.014577082360921296,true,3.0054659469503845e-16,1.135970745003823,1587.5516602966636
n4_linear_f0.8_d2.5,5,0.2576672689288233,0.25294094414284191,0.005513076701233301,0.0028736247671790416,true,0.0041330445725052331,true,0.0029725401923289467,true,4.1227339350945893e-16,1.1450835099762351,6391613212.1023731
n4_linear_f0.8_d2.5,7,0.25770166457393312,0.2530247491691941,0.0054487786343105091,0.00023082345952998761,true,0.00032572348513503635,true,0.00025363929387959758,true,3.1397797063546981e-16,1.1464595562019675,89334238720929264
n4_linear_f0.8_d2.5,9,0.25770370618060184,0.25302984213246738,0.0054447957802171605,1.4132712731786705e-05,true,1.9794566182726283e-05,true,1.5727809209735014e-05,true,5.2984086720251561e-16,1.1466247735761992,2.3277340700735409e+25
n4_linear_f0.8_d3.0,1,0.11966102437676197,0.11735099013087368,0.0027930625475206063,0,false,0,false,0,false,2.9653827178230667e-16,1.0519223262339996,1.0519223262339998
n4_linear_f0.8_d3.0,3,0.12021489672532643,0.11863738187551522,0.0018682060122174073,0.0071631481934284948,true,0.010718552854794991,true,0.0077215092240680728,true,2.9581036230869778e-16,1.0647796380620962,247.91818831814118
n4_linear_f0.8_d3.0,5,0.12024005938190296,0.11872207753879226,0.001791036501000848,0.00051159663666907858,true,0.00070562207419961991,true,0.00064857881721661612,true,3.0624624714733745e-16,1.0655877415908488,461676231.50593126
n4_linear_f0.8_d3.0,7,0.12024085493518062,0.11872514549715012,0.0017880687104606585,1.9263872984188188e-05,true,2.5559922156083458e-05,true,2.4997289505389976e-05,true,4.9626271886599234e-16,1.0656231132359657,2978141665456487.5
n4_linear_f0.8_d4.0,1,0.037746016767081315,0.037426706391496103,0.00038589035363821475,0,false,0,false,0,false,2.7274378840270825e-16,1.0222612992423785,1.0222612992423783
n4_linear_f0.8_d4.0,3,0.037768668453295143,0.037515938348730744,0.00030117202615374421,0.0016669328661721554,true,0.0023668110510514729,true,0.0022518601385947694,true,2.7972739028949606e-16,1.0244488352927479,15.638082100151237
n4_linear_f0.8_d4.0,5,0.037768923071388509,0.0375177405998414,0.00029915836729026574,3.8633279177679341e-05,true,4.7810502523481186e-05,true,5.3787333969965688e-05,true,2.7086658449814294e-16,1.0244802305352059,8003807.5115579283
n4_linear_f0.8_d4.0,7,0.037768925511633696,0.037517761132979027,0.00029913466906549018,4.5616864824395937e-07,true,5.4471113172983788e-07,true,6.3386235189503641e-07,true,5.6146566756880841e-16,1.0244805312563072,16105015578063.293
n4_linear_f0.8_d6.0,1,0.007747355343397805,0.0077260313990797757,2.5597130978959201e-05,0,false,0,false,0,false,2.9653827178230667e-16,1.0070712793496217,1.0070712793496217
n4_linear_f0.8_d6.0,3,0.0077478599755920127,0.0077285836159018944,2.2995169933601776e-05,0.00024034525388803035,true,0.00033009959357633634,true,0.00033718035895803969,true,2.1224066758123219e-16,1.0073044203646506,1.6339228177691689
n4_linear_f0.8_d6.0,5,0.0077478601249757481,0.0077285924467685521,2.2983895372266682e-05,1.0280322899080332e-06,true,1.1425403164106147e-06,true,1.4667591692358971e-06,true,4.1216895065381688e-16,1.007305018739971,27731.039804113952
n4_linear_f0.8_d10.0,1,0.0011608096818373687,0.0011600022894102551,9.8017314533449484e-07,0,false,0,false,0,false,2.1190327141359958e-16,1.0017873012105714,1.0017873012105716
n4_linear_f0.8_d10.0,3,0.0011608292469470498,0.0011600484843855589,9.4696867369461749e-07,2.6381165707443928e-05,true,3.991938929970768e-05,true,2.8626251357872088e-05,true,3.9328524333364848e-16,1.0018055188979662,1.0424075833003188
n4_linear_f0.8_d10.0,5,0.0011608292461644304,0.0011600484964648437,9.4695216257463117e-07,9.9584103392761822e-09,true,1.0447914468962767e-08,true,1.4269820800939676e-08,true,3.9818567479618951e-16,1.0018055243314412,25.295761439241765
n4_linear_f1.0_d2.1,1,0.84375929475917144,0.78557705250342258,0.069068028753703145,0,false,0,false,0,false,1.7331226059636429e-16,1.1992594058516779,1.1992594058516781
n4_linear_f1.0_d2.1,3,0.92254489749462332,0.87920880899156251,0.051256126957429114,0.087781450537078143,true,0.10163236352177248,true,0.019348516081250485,true,3.4288639257279988e-16,1.4479486362418488,16840.133827489892
n4_linear_f1.0_d2.1,5,0.9468423687324653,0.9137922335719223,0.038177397680222741,0.02816773311611771,true,0.036570179811935527,true,0.013979253362220702,true,3.3798730938794386e-16,1.6290829846025019,166576207881.72916
n4_linear_f1.0_d2.1,7,0.95267052922771467,0.92201502090449106,0.035092553068850438,0.0067065729280796609,true,0.0086415030046406646,true,0.0033074854296874356,true,1.0504722380485925e-15,1.7454543829349609,6.2030055823681188e+18
n4_linear_f1.0_d2.1,9,0.95397726842318586,0.92376255073087987,0.034522988282507799,0.0014670237235819734,true,0.0018339776140892767,true,0.00061211259097053536,true,6.1667582453086763e-16,1.8128644395914608,5.2485335603902589e+26
n4_linear_f1.0_d2.1,11,0.95427357246405731,0.92413647410454203,0.034422605291425865,0.00032540469569324314,true,0.00039229792560830111,true,0.00010797453452905503,true,4.7863588933408896e-16,1.8487815240703733,7.5531900652932936e+34
n4_linear_f1.0_d2.1,13,0.95434301514377406,0.92422016854276201,0.034404169909751738,7.5191894134069904e-05,true,8.7800733358900834e-05,true,1.9839282648678254e-05,true,6.4579276762185759e-16,1.8665451532748725,2.3843798794048734e+41
n4_linear_f1.0_d2.5,1,0.40076068428442213,0.38426831510954079,0.019789049920906805,0,false,0,false,0,false,2.6698807314074825e-16,1.1142810603442606,1.1142810603442606
n4_linear_f1.0_d2.5,3,0.41015207238415807,0.39959723610901804,0.012423766492962828,0.026682592050634366,true,0.037431563703893514,true,0.018016195409278818,true,2.167737401368184e-16,1.1751299841515852,2539.2446950202257
n4_linear_f1.0_d2.5,5,0.41119268009899096,0.40185348283901834,0.010860536850178125,0.0038196915247240156,true,0.0054956388993031673,true,0.0038501316059545349,true,4.4495422521085354e-16,1.1877443432993597,10357079081.273701
n4_linear_f1.0_d2.5,7,0.41127069520991472,0.40203633955794632,0.010724413031781885,0.00031490715019141303,true,0.00044530542337616405,true,0.00033679977185381468,true,7.0191479982521123e-16,1.1896981334449739,1.4704884676431018e+17
n4_linear_f1.0_d2.5,9,0.41127551081876945,0.4020477747109984,0.010715789622309313,1.9823134072822529e-05,true,2.7847341838251508e-05,true,2.1361817777119636e-05,true,4.4754620154291671e-16,1.1899371048291845,5.3561036889884244e+25
n4_linear_f1.0_d3.0,1,0.18858977802899476,0.18403552666573195,0.0054940124438101548,0,false,0,false,0,false,2.8412008052619601e-16,1.0653597276885849,1.0653597276885849
n4_linear_f1.0_d3.0,3,0.18971628708226715,0.18662513200228611,0.0036534223392508162,0.0091244871665655085,true,0.013672416393488826,true,0.0097375539838856894,true,1.7957181160303431e-16,1.0821772369166325,390.37420942829345
n4_linear_f1.0_d3.0,5,0.18976913896207884,0.18680008701338735,0.0034955051837568876,0.00066706155506950321,true,0.00092353118066045231,true,0.00084122076040420342,true,2.4106691749893923e-16,1.083264851315332,731410948.97746384
n4_linear_f1.0_d3.0,7,0.18977083458563926,0.18680649700561161,0.0034893599387079617,2.5403329956059017e-05,true,3.3836118104194311e-05,true,3.2811704305798065e-05,true,8.4983481367279001e-16,1.0833134074128434,4736235818045684
n4_linear_f1.0_d4.0,1,0.059197655630723413,0.058571490291450354,0.00075598048231251865,0,false,0,false,0,false,2.2177256148332394e-16,1.0279105913151174,1.0279105913151176
n4_linear_f1.0_d4.0,3,0.059241669348861194,0.058748544032862941,0.00058699312643611739,0.0021111501579236798,true,0.0029940158739897279,true,0.0028636970796428315,true,1.6374061315595878e-16,1.0307333516072816,23.445560981455341
n4_linear_f1.0_d4.0,5,0.059242193049520546,0.058752222745741128,0.00058289364447560875,5.0159300214817577e-05,true,6.2216287601339745e-05,true,6.9819760781278527e-05,true,3.4145420330990484e-16,1.0307746380575582,12557582.977506721
n4_linear_f1.0_d4.0,7,0.059242198092514985,0.058752264973829113,0.00058284500041015229,5.9712284958177172e-07,true,7.141879254077767e-07,true,8.2962252823189194e-07,true,6.7935882972034582e-16,1.0307750381829901,25281144960565.699
n4_linear_f1.0_d6.0,1,0.012119622894002849,0.012077921996955921,5.0042330034989592e-05,0,false,0,false,0,false,2.2177256148332394e-16,1.0088475884860593,1.0088475884860593
n4_linear_f1.0_d6.0,3,0.012120461292414069,0.012082849365948178,4.4849440560722429e-05,0.00030234333068266512,true,0.0004073951633714667,true,0.00043016428105418543,true,3.4041110197809948e-16,1.0091464287322014,1.8417176776893742
n4_linear_f1.0_d6.0,5,0.012120461597052143,0.012082867324012512,4.4826526980065306e-05,1.3353472092916101e-06,true,1.4852150103047682e-06,true,1.9055858242925248e-06,true,4.0012217450516928e-16,1.0091472077915975,43375.189701497562
n4_linear_f1.0_d10.0,1,0.0018143022669519075,0.0018127248974918447,1.9147901453820856e-06,0,false,0,false,0,false,1.860529730568931e-16,1.0022346499529891,1.0022346499529891
n4_linear_f1.0_d10.0,3,0.0018143328302014994,0.0018128086280949742,1.8485072189062495e-06,3.062980352178058e-05,true,4.6296694197027409e-05,true,3.6561193341346708e-05,true,3.3807084711142835e-16,1.0022579468558539,1.053292039869107
n4_linear_f1.0_d10.0,5,0.00181433282858576,0.0018128086526119861,1.8484736770614534e-06,1.2942202673694334e-08,true,1.3567726558110859e-08,true,1.8547283569683624e-08,true,3.0362725577297795e-16,1.0022579539180934,38.444469250026899
n4_compact_f0.1_d2.1,1,0.016482873246079943,0.016349698838917671,0.00013317440716227404,0,false,0,false,0,false,1.6947210870702171e-16,1.0223580976115547,1.0223580976115547
n4_compact_f0.1_d2.1,3,0.016682354641584646,0.016495537494517317,0.00018681714706732916,0.011957628271937623,true,0.0087420905941005805,true,0.0032155376778370431,true,1.7997478255198618e-16,1.0392397069081674,122.33558220559325
n4_compact_f0.1_d2.1,5,0.016717131783673966,0.016530473766437292,0.00018665801723667384,0.0020803294811185011,true,0.0020898484484099312,true,9.5189672914299301e-06,true,1.8326654778322641e-16,1.0475512128190141,900870075.68563342
n4_compact_f0.1_d2.1,7,0.016722495905644338,0.016535655864348738,0.0001868400412956021,0.00032077280811665534,true,0.00030988782659503733,true,1.0884981521617956e-05,true,5.6464643337722453e-16,1.0518900710763806,21976486940282048
n4_compact_f0.1_d2.1,9,0.01672309162608996,0.016536262149798232,0.00018682947629172601,3.5622626422168496e-05,true,3.6254387828034026e-05,true,6.317614058655277e-07,true,5.1845041531422578e-16,1.0541839691474568,3.2758854498387306e+25
n4_compact_f0.1_d2.5,1,0.0081926027704283273,0.0081530301379600673,3.9572632468260415e-05,0,false,0,false,0,false,1.3398812564585655e-16,1.0132974477309671,1.0132974477309671
n4_compact_f0.1_d2.5,3,0.008231785351287383,0.0081811129179570948,5.0672433330285736e-05,0.0047599128484231371,true,0.0034115053780692851,true,0.001348407470353852,true,1.1499549422367236e-16,1.0191416183438293,23.116602960866182
n4_compact_f0.1_d2.5,5,0.0082349323793712154,0.0081843357676675641,5.0596611703650225e-05,0.00038215591080216732,true,0.00039136322704260741,true,9.2073162404400967e-06,true,2.0285125810903957e-16,1.0201368204120322,76393847.353768215
n4_compact_f0.1_d2.5,7,0.0082351738632389475,0.0081845683216495244,5.0605541589422907e-05,2.9323469272593529e-05,true,2.8239110166035716e-05,true,1.0843591065578138e-06,true,5.3265204121911187e-16,1.020271394517702,952607320265125.62
n4_compact_f0.1_d3.0,1,0.0039596013217086572,0.0039483751869508086,1.1226134757848945e-05,0,false,0,false,0,false,1.8798356217198096e-16,1.0077688402299263,1.0077688402299263
n4_compact_f0.1_d3.0,3,0.003967141260914301,0.0039537456398153793,1.339562109892233e-05,0.0019005976116681052,true,0.0013537337118498807,true,0.00054686389981822468,true,2.6594105963234846e-16,1.0098031518224153,5.2495096027858628
n4_compact_f0.1_d3.0,5,0.0039674094191358309,0.0039540244084098845,1.3385010725946159e-05,6.7590256814886653e-05,true,7.0264639984164273e-05,true,2.6743831692776146e-06,true,2.0827405308780749e-16,1.0099356157061914,5916912.4552891795
n4_compact_f0.1_d3.0,7,0.0039674195433415061,0.0039540341203203391,1.3385423021166088e-05,2.5518364177035499e-06,true,2.4479161704435309e-06,true,1.0392024726001878e-07,true,3.3611309147605562e-16,1.0099415225068804,35874845901566.523
n4_compact_f0.1_d4.0,1,0.0012673232021825477,0.0012657519870711916,1.5712151113562012e-06,0,false,0,false,0,false,2.2343754535452719e-16,1.0033718293701679,1.0033718293701679
n4_compact_f0.1_d4.0,3,0.0012679556543838558,0.0012662165223385896,1.7391320452661448e-06,0.00049879678293267488,true,0.0003663655474005928,true,0.00013243123553208208,true,2.1878502693404063e-16,1.0037882917727681,1.5527186431706195
n4_compact_f0.1_d4.0,5,0.0012679614914953108,0.0012662226879567881,1.7388035385224807e-06,4.6035400081181259e-06,true,4.8626225953005321e-06,true,2.5908258718240609e-07,true,3.0730772724170566e-16,1.003795388962194,106659.10769110828
n4_compact_f0.1_d6.0,1,0.00026066185684707504,0.00026055716234608018,1.0469450099488296e-07,0,false,0,false,0,false,2.258960338208164e-16,1.0010785847611028,1.0010785847611028
n4_compact_f0.1_d6.0,3,0.00026068824798098793,0.00026057880071637382,1.0944726461408571e-07,0.00010123637761676271,true,8.3004778547711563e-05,true,1.823159906905114e-05,true,2.047072526926902e-16,1.0011278256935272,1.0615190841868318
n4_compact_f0.1_d6.0,5,0.00026068827668865909,0.00026057883140176164,1.0944528689745048e-07,1.1012260136873212e-07,true,1.1770912064127543e-07,true,7.5865192725433106e-09,true,2.5599414171446886e-16,1.0011279708391421,376.5193092334228
n4_compact_f0.1_d10.0,1,3.8867481571988157e-05,3.8863476025677064e-05,4.0055463110909946e-09,0,false,0,false,0,false,1.8226893753434789e-16,1.000276399620331,1.000276399620331
n4_compact_f0.1_d10.0,3,3.8868306952186563e-05,3.8864238826898863e-05,4.0681252877085625e-09,2.1235301023664301e-05,true,1.9625275233383582e-05,true,1.6100257902807171e-06,true,2.0114475556663364e-16,1.0002802968018929,1.0050083325093855
n4_compact_f0.1_d10.0,5,3.8868306992964972e-05,3.8864238870607985e-05,4.0681223569876973e-09,1.04914281449075e-09,true,1.1245441142109761e-09,true,7.5401299720332633e-11,true,1.4929737142062237e-16,1.0002802980416921,1.743314250710174
n4_compact_f0.4_d2.1,1,0.27459711242610563,0.265592447961922,0.0090046644641835934,0,false,0,false,0,false,1.6008829682507843e-16,1.0931189014000473,1.0931189014000473
n4_compact_f0.4_d2.1,3,0.28888384969947523,0.27549793286874069,0.01338591683073455,0.049454953221622001,true,0.034288815096874772,true,0.015166138124747222,true,1.6331359995992126e-16,1.1717078208195739,1914.1228390552117
n4_compact_f0.4_d2.1,5,0.29174950846814834,0.27824353886551001,0.013505969602638297,0.0098223259525593125,true,0.0094108333247427609,true,0.00041149262781655163,true,1.7050622093029627e-16,1.2128598103615169,16702488455.566782
n4_compact_f0.4_d2.1,7,0.29225525241084999,0.27871093466638353,0.013544317744466454,0.0017304870948587894,true,0.0015992725434972046,true,0.00013121455136158475,true,7.1212018050415123e-16,1.2353207815242617,4.4544727559756038e+17
n4_compact_f0.4_d2.1,9,0.2923236196547222,0.27877723171538377,0.01354638793933842,0.0002338751961025883,true,0.00022679333636641195,true,7.081859736176345e-06,true,3.0899775129748889e-16,1.2475663959398418,1.1790083525066268e+27
n4_compact_f0.4_d2.1,11,0.29233330540205865,0.27878622662963187,0.013547078772426738,3.313254821623301e-05,true,3.0769378931197953e-05,true,2.3631692850350574e-06,true,4.9024476141152389e-16,1.2536122324216605,3.1144964453722096e+35
n4_compact_f0.4_d2.5,1,0.13424637879283652,0.13163002483850825,0.0026163539543282485,0,false,0,false,0,false,1.1757955139843252e-16,1.0544739515651673,1.0544739515651673
n4_compact_f0.4_d2.5,3,0.13684453076977368,0.13341216250846555,0.0034323682613081616,0.018986158689150035,true,0.013023082909725788,true,0.0059630757794242439,true,3.0001224338375181e-16,1.0802225595435624,338.89660626341873
n4_compact_f0.4_d2.5,5,0.13707467420904032,0.13364173950882355,0.0034329347002167716,0.0016789639705117767,true,0.0016748316323400582,true,4.1323381717186167e-06,true,1.6946079389397742e-16,1.0847713887805499,1291928842.7746961
n4_compact_f0.4_d2.5,7,0.13709291470831128,0.13365886926690787,0.003434045441403417,0.00013305209324472532,true,0.00012494998826717305,true,8.1021049775522685e-06,true,7.6548166795943827e-16,1.0854050356281353,15514685641714664
n4_compact_f0.4_d2.5,9,0.13709389442212883,0.13365985550568862,0.0034340389164402071,7.1462979563226368e-06,true,7.1938928053651761e-06,true,4.7594849042539343e-08,true,5.1687337259693842e-16,1.0854724902291721,1.9125357525831602e+25
n4_compact_f0.4_d3.0,1,0.064239881425952911,0.063507662326455577,0.00073221909949733929,0,false,0,false,0,false,2.4467927996361029e-16,1.0315100647507776,1.0315100647507778
n4_compact_f0.4_d3.0,3,0.064707958792390968,0.063824382252645986,0.00088357653974497589,0.0072336908036279247,true,0.0048946054256877574,true,0.0023390853779401677,true,1.804205323113653e-16,1.040219991596858,56.870973082494395
n4_compact_f0.4_d3.0,5,0.064726715609102148,0.063843598043211783,0.00088311756589035215,0.00028978477487488021,true,0.00029687572411129235,true,7.0909492364121489e-06,true,2.1971835451672022e-16,1.0408036957851559,96825015.019264802
n4_compact_f0.4_d3.0,7,0.064727432807421492,0.063844276604750713,0.00088315620267077422,1.1080283710258566e-05,true,1.0483368635052199e-05,true,5.9691507520636582e-07,true,3.3921993638395827e-16,1.040830309526229,572155217295830.62
n4_compact_f0.4_d4.0,1,0.020399781340156447,0.020298393274476946,0.0001013880656794987,0,false,0,false,0,false,2.0105888608529493e-16,1.0135688593554468,1.0135688593554466
n4_compact_f0.4_d4.0,3,0.020434236434174795,0.020321530685130734,0.00011270574904405809,0.001686145412349412,true,0.0011322865294389954,true,0.0005538588829104165,true,1.6701497061198364e-16,1.0153149673993902,4.9422123785227203
n4_compact_f0.4_d4.0,5,0.020434634914752031,0.020321949068308299,0.0001126858464437329,1.9500254293747022e-05,true,2.0474218370335819e-05,true,9.7396407658879614e-07,true,2.1016598815296527e-16,1.0153454515750491,1702556.8671628074
n4_compact_f0.4_d4.0,7,0.020434639845617272,0.020321953746116731,0.00011268609950054008,2.4129934648090029e-07,true,2.2891562897633039e-07,true,1.2383717504569901e-08,true,5.3905622317069242e-16,1.0153457857030865,3250701340142.0215
n4_compact_f0.4_d6.0,1,0.0041786808939935386,0.0041719628186601236,6.7180753334153031e-06,0,false,0,false,0,false,2.2403980110759599e-16,1.0043226987764684,1.0043226987764684
n4_compact_f0.4_d6.0,3,0.0041797439964979801,0.0041727103470251235,7.0336494728562586e-06,0.00025434632009334275,true,0.00017884549044794778,true,7.5500829645394979e-05,true,2.3882548559847357e-16,1.0045269456953929,1.2690083172435043
n4_compact_f0.4_d6.0,5,0.0041797459336239866,0.0041727124141410976,7.0335194828884671e-06,4.6345544375757794e-07,true,4.945554124772832e-07,true,3.1099968719705244e-08,true,2.1087326579013641e-16,1.0045275612920548,5985.7096035755403
n4_compact_f0.4_d10.0,1,0.0006221866614313519,0.00062193014726718144,2.5651416417053778e-07,0,false,0,false,0,false,1.7500344583849503e-16,1.0011061383643598,1.0011061383643598
n4_compact_f0.4_d10.0,3,0.00062220799525563848,0.00062194734494997437,2.6065030566410378e-07,3.428728728858564e-05,true,2.763976503701661e-05,true,6.6475222515690374e-06,true,3.0133980016950705e-16,1.0011222390420729,1.0201831860905495
n4_compact_f0.4_d10.0,5,0.00062220799791338447,0.0006219473478041792,2.6065010920527867e-07,4.2714750525503995e-09,true,4.5872196681378686e-09,true,3.1574461558750453e-10,true,2.4286438215080009e-16,1.0011222442763528,6.9248174294644844
n4_compact_f0.8_d2.1,1,1.1622687293217107,1.0845165943927235,0.077752134928987041,0,false,0,false,0,false,2.8284776543611141e-16,1.1970690238295123,1.1970690238295125
n4_compact_f0.8_d2.1,3,1.3022293088819028,1.1753234782824069,0.12690583059949587,0.10747767586367919,true,0.069731869241716191,true,0.037745806621962995,true,3.9880700638034296e-16,1.3931597939481188,8339.9630086206853
n4_compact_f0.8_d2.1,5,1.335873660267781,1.2052508972845455,0.13062276298323547,0.025185279406687414,true,0.022402881269580257,true,0.0027823981371071587,true,4.6961709241641926e-16,1.5070223120237332,83659702526.617081
n4_compact_f0.8_d2.1,7,1.3431570771910069,1.2115372268303075,0.13161985036069948,0.0054226099440714591,true,0.004680263874206528,true,0.00074234606986493096,true,3.7654371744686319e-16,1.5740470427863091,2.5493938468966431e+18
n4_compact_f0.8_d2.1,9,1.3444454185582226,1.2126981757420026,0.13174724281622019,0.00095826974411302194,true,0.00086351509378491107,true,9.4754650328110829e-05,true,7.0712366523429472e-16,1.6125567563208827,1.2667051492674912e+27
n4_compact_f0.8_d2.1,11,1.3446909112887886,1.2129126602778708,0.13177825101091792,0.00018256443061011267,true,0.00015950471150485152,true,2.3059719105261158e-05,true,2.6711247632553961e-16,1.6323186632569349,2.2792825644423861e+35
n4_compact_f0.8_d2.5,1,0.55484652202806983,0.532965295146972,0.021881226881097768,0,false,0,false,0,false,3.4033595139522847e-16,1.1125716534873162,1.1125716534873158
n4_compact_f0.8_d2.5,3,0.57813539657627588,0.5483623388865313,0.029773057689744614,0.040282734262809539,true,0.026632245371483461,true,0.013650488891326074,true,4.6549191346212745e-16,1.1715465445139714,1342.486530906091
n4_compact_f0.8_d2.5,5,0.5803665495735264,0.55050520671988201,0.029861342853644376,0.003844385929702529,true,0.0036922662667677199,true,0.00015211966293480976,true,2.2508003362499478e-16,1.1825617308017438,5598886186.6777744
n4_compact_f0.8_d2.5,7,0.58055215875951716,0.55067333046354283,0.02987882829597437,0.00031971147327649127,true,0.00028959283179670847,true,3.0118641479782801e-05,true,6.3977785669388799e-16,1.1841647394722625,69213325098697192
n4_compact_f0.8_d2.5,9,0.58056266955651903,0.55068353618204713,0.029879133374471928,1.810450025983483e-05,true,1.7579012636265626e-05,true,5.2548762356920115e-07,true,4.3816501090602518e-16,1.1843413182814861,4.7388865697777504e+25
n4_compact_f0.8_d3.0,1,0.26184344596340081,0.25583366671957269,0.0060097792438281094,0,false,0,false,0,false,3.1076361117507782e-16,1.0642178931452673,1.0642178931452673
n4_compact_f0.8_d3.0,3,0.26585146201724752,0.25847948110611169,0.0073719809111358284,0.015076148249982761,true,0.0099522280842951096,true,0.0051239201656876517,true,2.1358150606657654e-16,1.0833578372330213,220.77971676241663
n4_compact_f0.8_d3.0,5,0.26602165696591568,0.25865032417279382,0.0073713327931218577,0.00063977854513538814,true,0.00064221488066296465,true,2.4363355275765064e-06,true,2.7247280746107026e-16,1.0846965663939689,400574181.4276132
n4_compact_f0.8_d3.0,7,0.26602829119176463,0.25865648138783426,0.0073718098039303719,2.4938046322995902e-05,true,2.3144963315254785e-05,true,1.7930830077411175e-06,true,5.3607464796459007e-16,1.0847596371050559,2287638257075873
n4_compact_f0.8_d4.0,1,0.082262341308098105,0.081442241072194305,0.00082010023590379589,0,false,0,false,0,false,2.7274378840270825e-16,1.0273582550521478,1.0273582550521476
n4_compact_f0.8_d4.0,3,0.082543722941794448,0.081626436731545002,0.00091728621024944861,0.0034088798477719304,true,0.0022314920236949465,true,0.0011773878240769835,true,1.7456991007029225e-16,1.0310846585797584,14.490817048937538
n4_compact_f0.8_d4.0,5,0.082547216481851787,0.081630074773885883,0.00091714170796590119,4.232171848092048e-05,true,4.4072259440458504e-05,true,1.7505409595380195e-06,true,2.7086658449814294e-16,1.0311520804959236,6885440.0987055786
n4_compact_f0.8_d4.0,7,0.082547260258362162,0.081630115996678632,0.00091714426168352462,5.3032057319136074e-07,true,4.9938414216587627e-07,true,3.0936431025484377e-08,true,2.8385937015989841e-16,1.0311528369194627,12981567078870.25
n4_compact_f0.8_d6.0,1,0.016758071331480891,0.016704137772271022,5.3933559209870657e-05,0,false,0,false,0,false,3.1985520656310526e-16,1.0086677909093973,1.0086677909093971
n4_compact_f0.8_d6.0,3,0.016766034841404567,0.016709445652716978,5.6589188687588567e-05,0.00047497872925841573,true,0.00031658531645459075,true,0.00015839341280382495,true,2.1005663284925911e-16,1.0090972959437354,1.6049122065470112
n4_compact_f0.8_d6.0,5,0.016766051603663592,0.016709463495646473,5.6588108017115795e-05,9.997737940980995e-07,true,1.064229665898691e-06,true,6.4455871800591574e-08,true,3.9976611954044602e-16,1.009098633647409,23890.54037866521
n4_compact_f0.8_d10.0,1,0.0024903854990007647,0.0024883316857272218,2.0538132735430187e-06,0,false,0,false,0,false,2.6709258094220708e-16,1.0022137179899024,1.0022137179899027
n4_compact_f0.8_d10.0,3,0.0024905176762083981,0.0024884292690208402,2.0884071875580275e-06,5.3072182099534029e-05,true,3.9181931752997636e-05,true,1.3890250346536388e-05,true,4.1885579112500428e-16,1.0022473907000411,1.040769406569608
n4_compact_f0.8_d10.0,5,0.0024905176989978473,0.0024884292934894987,2.0884055083485509e-06,9.1504865568737299e-09,true,9.8247276903615256e-09,true,6.7424113348780923e-10,true,3.6944164306574806e-16,1.0022474020021876,22.222708992309485
n4_compact_f1.0_d2.1,1,1.8704353696867484,1.7124425908356637,0.15799277885108462,0,false,0,false,0,false,1.7263142639597052e-16,1.2537140258409634,1.2537140258409631
n4_compact_f1.0_d2.1,3,2.1763616542768527,1.9037621999799226,0.27259945429693033,0.14056776087233333,true,0.087908004061865885,true,0.052659756810467452,true,2.7100198159811022e-16,1.5301914934625169,14033.634289688434
n4_compact_f1.0_d2.1,5,2.2580078529631309,1.9732952892666951,0.28471256369643605,0.036158509625702044,true,0.030793997990541003,true,0.0053645116351610381,true,2.8656340080428195e-16,1.7013365092514221,148596827783.57199
n4_compact_f1.0_d2.1,7,2.2778756702413676,1.9897711349210236,0.28810453532034408,0.0087220815155953663,true,0.0072329872387560034,true,0.0014890942768393618,true,7.991014649573415e-16,1.8070387453689762,4.8655927140620073e+18
n4_compact_f1.0_d2.1,9,2.2819290589523931,1.9932705943476792,0.28865846460471412,0.0017762991777169252,true,0.0015335531194216943,true,0.00024274605829523082,true,5.0178099373008418e-16,1.8698620123977836,3.2781212485252759e+27
n4_compact_f1.0_d2.1,11,2.2828184942324539,1.9940193211726738,0.2887991730597802,0.00038962154998658534,true,0.000327983511122962,true,6.163803886362336e-05,true,6.4808418026542794e-16,1.9028982457677186,1.011036099355631e+36
n4_compact_f1.0_d2.1,13,2.2830144158790153,1.994186905378954,0.28882751050006106,8.5817086917355171e-05,true,7.3404795482075655e-05,true,1.2412291435279525e-05,true,7.514999014723298e-16,1.919587266578638,2.2449893674832796e+43
n4_compact_f1.0_d2.5,1,0.88160953719216606,0.83789267690379421,0.043716860288371948,0,false,0,false,0,false,1.557100529703091e-16,1.1430943164008975,1.1430943164008975
n4_compact_f1.0_d2.5,3,0.93003483466289094,0.86932801202193888,0.060706822640952049,0.052068262032655528,true,0.033800169570572157,true,0.018268092462083368,true,2.1388257582371911e-16,1.2222372534347787,2092.3206052645692
n4_compact_f1.0_d2.5,5,0.93486564631502644,0.87387409897098522,0.060991547344041247,0.0051673859994504938,true,0.0048628238367359935,true,0.00030456216271449908,true,3.0141093880795133e-16,1.2374877212940016,9134223315.9057312
n4_compact_f1.0_d2.5,7,0.93527848702218463,0.87424088645610132,0.061037600566083317,0.00044140939077148226,true,0.00039216927386395185,true,4.9240116907530399e-05,true,5.4069748726410194e-16,1.2397609300128167,1.1468950259360019e+17
n4_compact_f1.0_d2.5,9,0.93530254592680595,0.87426379948116462,0.06103874644564132,2.5723125341705559e-05,true,2.4497982137522679e-05,true,1.2251432041828826e-06,true,3.0679963641078345e-16,1.2400160648474621,6.8402959786456322e+25
n4_compact_f1.0_d3.0,1,0.41305575783222304,0.4011647238851424,0.0118910339470806,0,false,0,false,0,false,2.1635061031555764e-16,1.0810425139144249,1.0810425139144251
n4_compact_f1.0_d3.0,3,0.42120542434436564,0.40648879270635635,0.014716631638009268,0.019348436751089122,true,0.012640076583774329,true,0.0067083601673147931,true,1.8756514194513777e-16,1.1061615000398626,343.27551472238719
n4_compact_f1.0_d3.0,5,0.42156069908325206,0.40684166345091993,0.014719035632332136,0.00084276057910292643,true,0.00083705797369379551,true,5.7026054091309876e-06,true,2.204942591107067e-16,1.107960271520755,637062329.42205203
n4_compact_f1.0_d3.0,7,0.42157469891761284,0.40685452728130755,0.014720171636305306,3.3208431143415936e-05,true,3.0513762853107266e-05,true,2.6946682903086691e-06,true,7.2743471362956323e-16,1.1080465481541955,3652503422129494
n4_compact_f1.0_d4.0,1,0.12905938449646881,0.12744872261887158,0.0016106618775972401,0,false,0,false,0,false,3.36910809324608e-16,1.0343373404898102,1.0343373404898102
n4_compact_f1.0_d4.0,3,0.12962149442590731,0.12781401249581706,0.0018074819300902358,0.0043365487485550244,true,0.0028181273373167849,true,0.0015184214112382393,true,1.9443950448875441e-16,1.0391538084742484,21.564033262060555
n4_compact_f1.0_d4.0,5,0.12962865501128179,0.12782143814033914,0.0018072168709426647,5.5239216775461714e-05,true,5.7283974144486919e-05,true,2.0447573690252011e-06,true,4.7396159128489213e-16,1.0392426744733199,10819258.621245505
n4_compact_f1.0_d4.0,7,0.12962874538138575,0.12782152291717269,0.0018072224642130437,6.971455573432503e-07,true,6.5399717723217473e-07,true,4.3148380111075605e-08,true,4.3889537635645085e-16,1.0392436843782631,20267184566962.75
n4_compact_f1.0_d6.0,1,0.026218483070590284,0.02611295877481664,0.00010552429577364259,0,false,0,false,0,false,1.6540955277783224e-16,1.0108487887642663,1.0108487887642663
n4_compact_f1.0_d6.0,3,0.026234042357797121,0.026123194598799231,0.00011084775899788893,0.00059309529940637651,true,0.00039017334206402522,true,0.00020292195734235131,true,2.9177871815688079e-16,1.0113997453643959,1.8008876420490976
n4_compact_f1.0_d6.0,5,0.0262340764872981,0.026123230883001992,0.00011084560429610635,1.300960641589292e-06,true,1.3830943421459488e-06,true,8.2133700556657e-08,true,3.0282876727003773e-16,1.0114014924064336,37291.509539482679
n4_compact_f1.0_d10.0,1,0.0038925088717457032,0.0038884958560498903,4.0130156958130883e-06,0,false,0,false,0,false,1.860529730568931e-16,1.0027680491194815,1.0027680491194815
n4_compact_f1.0_d10.0,3,0.0038927545797510653,0.0038886724302243159,4.0821495267493537e-06,6.3119315725631962e-05,true,4.5359698590794171e-05,true,1.7759617134837784e-05,true,2.2161493261973012e-16,1.0028111223062792,1.0512154851616182
n4_compact_f1.0_d10.0,5,0.003892754626015427,0.0038886724798859128,4.082146129514311e-06,1.1884736231407767e-08,true,1.2757443444822567e-08,true,8.7270721341482145e-10,true,2.6179437713524157e-16,1.0028111370182673,33.63137348658141
n4_irregular_f0.1_d2.1,1,0.011245247141721563,0.011180888222880226,6.5271032364506832e-05,0,false,0,false,0,false,1.9456594486557434e-16,1.0164608920782943,1.016460892078294
n4_irregular_f0.1_d2.1,3,0.011337076304957281,0.011253858867169661,8.503362699053795e-05,0.0083972021809087805,true,0.0069753965524114465,true,0.0020211722255792722,true,2.6779812887010084e-16,1.0316903863805584,63.257687499140346
n4_irregular_f0.1_d2.1,5,0.011352123228446552,0.011268893404555134,8.4964772069198079e-05,0.0015950700148581467,true,0.0015815689673463458,true,0.00010364709537766715,true,2.2114984968782122e-16,1.0416220268448197,437341826.84802121
n4_irregular_f0.1_d2.1,7,0.011354149558980158,0.011270921889387574,8.4965708296167239e-05,0.00023122322293150739,true,0.00023026931795791514,true,6.4908109926080712e-06,true,5.1107795352297095e-16,1.0473395431135928,11484314802400270
n4_irregular_f0.1_d2.1,9,0.011354374859068565,0.011271145065949551,8.4968005199567262e-05,2.6898257287274028e-05,true,2.676514877546095e-05,true,3.310286673898394e-07,true,7.0393888083894279e-16,1.0503582102510984,1.5584838789855987e+25
n4_irregular_f0.1_d2.5,1,0.0056001158451315976,0.005580891954556925,1.9492788596652642e-05,0,false,0,false,0,false,2.8004843344623518e-16,1.0098206788027702,1.0098206788027702
n4_irregular_f0.1_d2.5,3,0.005618243218894735,0.0055951643599327404,2.3468246504121961e-05,0.0033280640189611347,true,0.0027317939913501814,true,0.00083017755928680456,true,3.0990045849111457e-16,1.0146919859886494,12.618793754743855
n4_irregular_f0.1_d2.5,5,0.0056196358461870531,0.0055965588457609142,2.3461492323581335e-05,0.00029753405589792134,true,0.00029531990891964132,true,2.1067664969908933e-05,true,2.103733755589128e-16,1.0157610457055359,37439703.008141898
n4_irregular_f0.1_d2.5,7,0.0056197267646376616,0.0055966503393651262,2.3460963361326556e-05,2.0914394907653189e-05,true,2.0904131156823878e-05,true,6.5241565296541366e-07,true,4.9958997270391335e-16,1.0159277918981962,475552694114136.62
n4_irregular_f0.1_d3.0,1,0.0027113380388247396,0.0027058524575745411,5.5606722914945702e-06,0,false,0,false,0,false,1.9608724022637471e-16,1.0057565500194812,1.0057565500194812
n4_irregular_f0.1_d3.0,3,0.0027148663019179722,0.002708634654102374,6.3205803338781925e-06,0.0013345942330894632,true,0.0010919831313778345,true,0.00033099139963837268,true,1.9164290073425096e-16,1.0073436244128848,3.4450135850941908
n4_irregular_f0.1_d3.0,5,0.0027149870429742464,0.0027087556730234137,6.320131168016215e-06,5.3323849812499597e-05,true,5.293855323390848e-05,true,4.0055009894052131e-06,true,2.7076732891142554e-16,1.0074633191350406,2914683.236284127
n4_irregular_f0.1_d3.0,7,0.0027149908327788255,0.002708759500607897,6.3200918794122871e-06,1.8043282844783997e-06,true,1.8079539744888155e-06,true,6.0024762101601993e-08,true,7.5172767669430492e-16,1.0074689064315021,17717809734686.066
n4_irregular_f0.1_d4.0,1,0.00087051689573235612,0.00086974003342567708,7.8695951982444009e-07,0,false,0,false,0,false,1.5006843555079898e-16,1.0025141146695884,1.0025141146695882
n4_irregular_f0.1_d4.0,3,0.00087082409700781603,0.0008699898501284784,8.4466061903064736e-07,0.00036020485001808363,true,0.00030082793890539412,true,7.8803407819238677e-05,true,1.8925372950846847e-16,1.0028205852515297,1.3685902403749297
n4_irregular_f0.1_d4.0,5,0.00087082677405606675,0.00086999253431746027,8.4465690128731059e-07,3.6830303795419782e-06,true,3.6551571419727623e-06,true,2.9373153900752318e-07,true,2.1391704756080547e-16,1.0028257478162872,52326.591000899229
n4_irregular_f0.1_d6.0,1,0.00018047678868733235,0.0001804237495332454,5.3660449911759982e-08,0,false,0,false,0,false,1.3800877648537627e-16,1.0008138362365833,1.0008138362365833
n4_irregular_f0.1_d6.0,3,0.00018049072998252793,0.00018043604427827746,5.529984984092983e-08,7.849412917080453e-05,true,7.0134764861618583e-05,true,1.0770199080629694e-05,true,1.9465398268690268e-16,1.0008490328669266,1.0434380197839164
n4_irregular_f0.1_d6.0,5,0.00018049074331577525,0.00018043605764413062,5.5299864972935854e-08,8.8628134527070686e-08,true,8.78988835903858e-08,true,7.393065907838595e-09,true,2.2796981741543778e-16,1.0008491245372535,185.64367111809415
n4_irregular_f0.1_d10.0,1,2.7578342791127605e-05,2.7576259948961006e-05,2.1061663380863828e-09,0,false,0,false,0,false,1.4362458979110487e-16,1.0002104806540324,1.0002104806540324
n4_irregular_f0.1_d10.0,3,2.757881729575136e-05,2.7576711170515843e-05,2.1291565041155654e-09,1.7501738675347297e-05,true,1.6724131665400694e-05,true,9.6642993733050891e-07,true,1.9648632080800465e-16,1.0002133023441104,1.0036116090448821
n4_irregular_f0.1_d10.0,5,2.7578817314772996e-05,2.7576711189571178e-05,2.1291565682088776e-09,8.2989727480387088e-10,true,8.2294087790377745e-10,true,6.8857804347055485e-11,true,2.6663627012791183e-16,1.0002133030793308,1.4803762203079682
n4_irregular_f0.4_d2.1,1,0.1854465835332258,0.1811579114335273,0.0043476737366901184,0,false,0,false,0,false,1.9118539356246128e-16,1.0678267919332107,1.0678267919332107
n4_irregular_f0.4_d2.1,3,0.19179427641110597,0.1860458087906314,0.0058790831336980034,0.034349013192348669,true,0.027785094302480922,true,0.0089700255025550284,true,2.2371111894075498e-16,1.1366665503911735,1027.3938296992865
n4_irregular_f0.4_d2.1,5,0.19299431792543648,0.18721745044402571,0.0059038424940011224,0.0074809866391409401,true,0.0072777795554200744,true,0.00045565721172693535,true,2.9840383452482296e-16,1.1847879243417652,7827886211.8624535
n4_irregular_f0.4_d2.1,7,0.19317921071206029,0.18739860719580084,0.0059081857684689255,0.0012441195615273378,true,0.0012168135195262111,true,3.9289185264286262e-05,true,5.9744952953815e-16,1.213734710829552,2.2658344129590656e+17
n4_irregular_f0.4_d2.1,9,0.19320405965576087,0.18742278466922474,0.0059089254999981329,0.00017550083466087493,true,0.00017171497837657155,true,4.4303160912174772e-06,true,5.049731187835985e-16,1.2294692616710685,1.7678121543393924e+26
n4_irregular_f0.4_d2.1,11,0.19320729898840269,0.18742594802230012,0.0059090097444275871,2.380224902069385e-05,true,2.3272880336008467e-05,true,5.6220081745977466e-07,true,4.1034037321276887e-16,1.237488156095695,5.0790235107066213e+33
n4_irregular_f0.4_d2.5,1,0.091225356028648452,0.089965142597181941,0.0012775277938458685,0,false,0,false,0,false,2.0152843758379456e-16,1.0399811342807423,1.0399811342807423
n4_irregular_f0.4_d2.5,3,0.09239330136608509,0.090856279753130736,0.0015634867759426038,0.013060295388061144,true,0.010454066979298546,true,0.0035626817163576865,true,2.3144557660450926e-16,1.0611497883582002,175.90921082923342
n4_irregular_f0.4_d2.5,5,0.092493559080945018,0.090955361026187148,0.0015643872011665901,0.0012998300215748321,true,0.0012760486945601526,true,8.8648049049464586e-05,true,2.316507732819695e-16,1.0659987033725458,618919997.42205548
n4_irregular_f0.4_d2.5,7,0.092500326388471096,0.090962087527998003,0.0015644375788458327,9.4490837351974297e-05,true,9.3453837811379234e-05,true,2.9263012679786507e-06,true,7.2368813050527741e-16,1.0667790877265717,8054736417194204
n4_irregular_f0.4_d2.5,9,0.092500698205180254,0.090962452115389308,0.0015644453097658829,5.4177503149963454e-06,true,5.3455178894754742e-06,true,1.0311739827898631e-07,true,3.1079751138898516e-16,1.0668755100439733,1.3940540662078569e+25
n4_irregular_f0.4_d3.0,1,0.043839653880130003,0.043483609716624301,0.00036086656439442946,0,false,0,false,0,false,2.1773837262849192e-16,1.0232648765298569,1.0232648765298569
n4_irregular_f0.4_d3.0,3,0.044051441892938116,0.043643892398724973,0.00041340954050876166,0.0049495418269176038,true,0.0039217834771876738,true,0.0013950021650106302,true,2.7393910343305958e-16,1.0300174879215305,29.893940137160655
n4_irregular_f0.4_d3.0,5,0.044059819399091579,0.043652227573113427,0.00041344154852130131,0.00022777618186769851,true,0.00022471949503929383,true,1.6793808960277939e-05,true,2.1971835451672022e-16,1.0305458791640267,47023294.585995615
n4_irregular_f0.4_d3.0,7,0.044060085972633146,0.043652494955915722,0.00041344075492244411,7.812581058633823e-06,true,7.7813841718698215e-06,true,2.5432784256707059e-07,true,5.2287547370814359e-16,1.030571179717217,288129826775170.69
n4_irregular_f0.4_d4.0,1,0.013992402334382974,0.013942377034461302,5.0672457348184191e-05,0,false,0,false,0,false,2.104802066782951e-16,1.01010190082059,1.0101019008205903
n4_irregular_f0.4_d4.0,3,0.014008212651349366,0.013954332192815369,5.4552541238487366e-05,0.0011568848284714622,true,0.00091109106750410132,true,0.0003278935494455849,true,2.1094776311732529e-16,1.0113838336221892,3.2865106533496768
n4_irregular_f0.4_d4.0,5,0.014008394824933787,0.013954514292101261,5.4552842058524703e-05,1.5574729375746202e-05,true,1.5415813848093437e-05,true,1.2346856666776519e-06,true,2.4547768664913805e-16,1.0114060902086528,837904.78535007627
n4_irregular_f0.4_d4.0,7,0.014008396650094731,0.013954516136561033,5.4552820476153932e-05,1.6853826167144129e-07,true,1.6883584767839368e-07,true,5.8970204221632677e-09,true,3.8200393719264887e-16,1.0114063177337762,1606111506862.4595
n4_irregular_f0.4_d6.0,1,0.0028919455389689679,0.0028885443162892229,3.4410034626122166e-06,0,false,0,false,0,false,1.962257184451216e-16,1.0032601163533557,1.0032601163533554
n4_irregular_f0.4_d6.0,3,0.0028924574744270022,0.0028889470052169655,3.5498160755110106e-06,0.00018049836628979,true,0.00014611766721478746,true,4.4544784100635663e-05,true,3.1030060379074474e-16,1.0034059989969493,1.185214574871984
n4_irregular_f0.4_d6.0,5,0.0028924583729130204,0.0028889479050350935,3.5498179308945755e-06,3.7281945846835058e-07,true,3.6942389455030553e-07,true,3.1134947811177269e-08,true,2.1540089738254795e-16,1.0034063884277058,2940.5421614849984
n4_irregular_f0.4_d10.0,1,0.00044142067544666918,0.00044128731476938997,1.3485359876238399e-07,0,false,0,false,0,false,1.9639130436771441e-16,1.0008422316306214,1.0008422316306211
n4_irregular_f0.4_d10.0,3,0.00044143206666999397,0.0004412971673714026,1.3637302781464248e-07,2.6237370661497473e-05,true,2.302073299521041e-05,true,3.9892149779651156e-06,true,2.2190383804108166e-16,1.0008538864687955,1.0145254725727937
n4_irregular_f0.4_d10.0,5,0.00044143206790323193,0.00044129716860661006,1.3637303242052307e-07,3.3818995467241856e-09,true,3.3511580047306608e-09,true,2.9014202952938225e-10,true,2.2473068280169485e-16,1.0008538895743648,4.2593180495350076
n4_irregular_f0.8_d2.1,1,0.77338884712261047,0.73711992962170447,0.036748763415010662,0,false,0,false,0,false,2.6737335359402044e-16,1.1413294106701455,1.1413294106701455
n4_irregular_f0.8_d2.1,3,0.83290713220995205,0.78148610970862775,0.052659024954510386,0.074170254542420697,true,0.058252360196034206,true,0.020758845754527359,true,3.9880700638034296e-16,1.3054963225825071,4441.1822160355832
n4_irregular_f0.8_d2.1,5,0.84628536677686661,0.79412875552691153,0.053399864177876934,0.018999123070111232,true,0.017984328459088563,true,0.0013304569704306276,true,3.9428265887743287e-16,1.4338649563593475,37445222693.911964
n4_irregular_f0.8_d2.1,7,0.84882825816302454,0.79654854367340622,0.053537800208637028,0.0038945295076743824,true,0.0037129245600884008,true,0.00020306232638255572,true,3.6226820943585026e-16,1.5171237431527245,1.2404342723344305e+18
n4_irregular_f0.8_d2.1,9,0.84927447824909874,0.79697219984667445,0.053562819083686174,0.00071554865550226454,true,0.00068339508169402161,true,3.4810950277771932e-05,true,7.9385037630916861e-16,1.5647602328235517,4.7889651019787805e+26
n4_irregular_f0.8_d2.1,11,0.84935441772164788,0.79704839141990236,0.053566996048927958,0.00013215183039488201,true,0.00012622664235784685,true,6.2554989336664539e-06,true,7.7225017622051282e-16,1.589948788776834,3.7596442040034334e+34
n4_irregular_f0.8_d2.5,1,0.37392654223425092,0.36351081035987431,0.010555486427875948,0,false,0,false,0,false,3.4033595139522847e-16,1.0819038558421397,1.0819038558421397
n4_irregular_f0.8_d2.5,3,0.38416700647189683,0.37116150324325609,0.013236273538559971,0.027543369018992608,true,0.021636673084194924,true,0.0078539128283276576,true,3.3270671727353168e-16,1.129438326306009,718.06250220152413
n4_irregular_f0.8_d2.5,5,0.38511674450635591,0.37208307242408639,0.013262897892794554,0.0029522606382084027,true,0.0028540526351728567,true,0.00020250846107366062,true,3.4807719146154995e-16,1.1410434048723122,2616361150.8901672
n4_irregular_f0.8_d2.5,7,0.38518415003648682,0.37214893586446435,0.013264620212661041,0.00022569551347968394,true,0.00021997338105279957,true,8.3662148216987775e-06,true,3.4186805500494051e-16,1.1429996794116328,35100003173161280
n4_irregular_f0.8_d2.5,9,0.38518805386992339,0.37215270530571165,0.013264764596181696,1.3643360580032952e-05,true,1.3274914618066324e-05,true,4.3051206307732683e-07,true,3.9731819427607935e-16,1.1432494149090591,3.2633969860375394e+25
n4_irregular_f0.8_d3.0,1,0.17786227063865387,0.17495947408375473,0.0029415641475637735,0,false,0,false,0,false,2.8581036806437967e-16,1.047181831117719,1.0471818311177188
n4_irregular_f0.8_d3.0,3,0.17964975883393072,0.1762901521811269,0.003408498790672647,0.010247206836953248,true,0.0080060707097184373,true,0.0029980740072508686,true,2.8454638799364911e-16,1.0618944367942096,114.89070500473306
n4_irregular_f0.8_d3.0,5,0.17972491189766898,0.17636417356669143,0.003409559097027249,0.00050029853338745219,true,0.00048936611299435018,true,3.6469751316934311e-05,true,3.4383089389286635e-16,1.063109229096421,191552253.49907744
n4_irregular_f0.8_d3.0,7,0.17972735308727361,0.17636659912939678,0.0034095764159114582,1.7514478660527164e-05,true,1.730167411404251e-05,true,5.8700299807519506e-07,true,3.0831655061382907e-16,1.0631695988271308,1184885603642514.5
n4_irregular_f0.8_d4.0,1,0.05631525639016409,0.055911749920873791,0.00040869400737802633,0,false,0,false,0,false,2.7274378840270825e-16,1.0203262653313578,1.0203262653313578
n4_irregular_f0.8_d4.0,3,0.056442418527179926,0.056005954424460352,0.00044190657713735721,0.0023115140934538464,true,0.0017906069073499867,true,0.00069235748338177872,true,2.2207924075860113e-16,1.0230537715735992,8.2582174415237226
n4_irregular_f0.8_d4.0,5,0.056444008821161157,0.056007537478638875,0.00044191571879722424,3.3723970309757871e-05,true,3.3260404883754721e-05,true,2.6558201649422669e-06,true,3.2139230333961889e-16,1.0231032712065857,3360561.4743831586
n4_irregular_f0.8_d4.0,7,0.056444024969518072,0.056007553734953669,0.00044191559434564721,3.6984108534130166e-07,true,3.6922153965828832e-07,true,1.2820631802466715e-08,true,4.2024573168102355e-16,1.0231037906294782,6456731182657.9883
n4_irregular_f0.8_d6.0,1,0.011590883708074508,0.011563602009891543,2.7600136771980423e-05,0,false,0,false,0,false,3.881527536034258e-16,1.0065329998309105,1.0065329998309103
n4_irregular_f0.8_d6.0,3,0.011594602125567831,0.011566402001541971,2.8515381950262485e-05,0.00032762697652276697,true,0.00025574425416681999,true,9.3293841316495667e-05,true,2.2973987770001685e-16,1.0068394756037591,1.4031576773553371
n4_irregular_f0.8_d6.0,5,0.011594609890091324,0.011566409767490378,2.8515407595773048e-05,8.0366245638469589e-07,true,7.9543417882659853e-07,true,6.7010704436403552e-08,true,3.4495890015454361e-16,1.0068403239163348,11758.235677493225
n4_irregular_f0.8_d10.0,1,0.0017665750697084541,0.0017655075568734626,1.0794580736545274e-06,0,false,0,false,0,false,3.3769377965865854e-16,1.0016852879573308,1.0016852879573306
n4_irregular_f0.8_d10.0,3,0.0017666425349959802,0.0017655621563440881,1.0921653045609099e-06,3.8848833692982066e-05,true,3.2125046299511379e-05,true,8.332857910606348e-06,true,2.6260144571806375e-16,1.0017096556017171,1.0292631334690772
n4_irregular_f0.8_d10.0,5,0.0017666425455581517,0.0017655621669197469,1.0921653474926745e-06,7.2447691086975102e-09,true,7.1762195549699664e-09,true,6.248011914706661e-10,true,3.3973120076303264e-16,1.0017096623124202,11.892440372586767
n4_irregular_f1.0_d2.1,1,1.2346869235491218,1.1617978779647347,0.073834873569724402,0,false,0,false,0,false,3.4311900239558132e-16,1.1804365457982289,1.1804365457982289
n4_irregular_f1.0_d2.1,3,1.3615595670548728,1.2548224314829639,0.10938783077655991,0.09671965745636886,true,0.074818086377122117,true,0.027999133546434962,true,3.372017675550454e-16,1.4059864617553761,7269.5751562831738
n4_irregular_f1.0_d2.1,5,1.3930455643275299,1.284072172609537,0.11169411129507531,0.027135878318252246,true,0.02531278577658411,true,0.0021674867783543612,true,3.3656679271449172e-16,1.5945581460647567,64885952119.96843
n4_irregular_f1.0_d2.1,7,1.3998114574132887,1.2904147458173985,0.11216615458001912,0.0062673374676271059,true,0.0058942239973561869,true,0.00040776346975368447,true,4.7946971897815507e-16,1.7228957002466914,2.3109845486111017e+18
n4_irregular_f1.0_d2.1,9,1.4011823795346727,1.2916996927283522,0.11226163977118331,0.0013242901599702886,true,0.0012483444913184265,true,8.1468048531005115e-05,true,6.1864517721209731e-16,1.7988481874442372,2.3459836861068499e+26
n4_irregular_f1.0_d2.1,11,1.4014683300740005,1.2919687195625644,0.11228051026109667,0.00028320765843770443,true,0.00026705698951269568,true,1.7052775246944919e-05,true,3.8656598035267084e-16,1.8399803533633012,3.7137931264164175e+34
n4_irregular_f1.0_d2.1,13,1.4015316651225649,1.2920284106817268,0.11228458734633144,6.332050458391218e-05,true,5.9780943946569957e-05,true,3.7265747872905392e-06,true,6.201033336976187e-16,1.8606291045582284,4.6949240650952069e+42
n4_irregular_f1.0_d2.5,1,0.59157008308654313,0.57088714701546817,0.020957206682144174,0,false,0,false,0,false,2.3800388480084557e-16,1.1036380507799544,1.1036380507799544
n4_irregular_f1.0_d2.5,3,0.61262940051755399,0.58646776213580121,0.026633520465240059,0.035518031504858188,true,0.027653533726812278,true,0.010323295893538354,true,4.270082188255275e-16,1.1667558971790319,1139.8483498740293
n4_irregular_f1.0_d2.5,5,0.61465984765760384,0.58841933509610067,0.02671033755765281,0.0039510893045233515,true,0.0037891869910919745,true,0.00027885206733975026,true,3.0158342087280447e-16,1.1827178761453685,4215844960.7945862
n4_irregular_f1.0_d2.5,7,0.61480805009139849,0.58856287383905581,0.026715494435790712,0.00031063305927725242,true,0.00030046607137097396,true,1.3115315620779262e-05,true,4.198939397343637e-16,1.1854779713823018,57464928920623768
n4_irregular_f1.0_d2.5,9,0.61481688303882209,0.58857133560440955,0.026715893861064034,1.9323687863030164e-05,true,1.8666490608561657e-05,true,7.4396983510861635e-07,true,4.8936764307159918e-16,1.1858366873872483,4.0289498368025117e+25
n4_irregular_f1.0_d3.0,1,0.27990701505992005,0.27418305841842155,0.0057998683043771933,0,false,0,false,0,false,2.6729830046223185e-16,1.0593934643004388,1.0593934643004388
n4_irregular_f1.0_d3.0,3,0.28352005854636592,0.27685572052013274,0.0067620012010967505,0.013124924690141758,true,0.010196616825305605,true,0.0038887587160365378,true,3.0000948301140301e-16,1.0786182591276747,179.5067851595789
n4_irregular_f1.0_d3.0,5,0.28367599635166929,0.2770085161721581,0.0067650197053125269,0.00065726974427440105,true,0.00064008491092017704,true,4.7949513314883286e-05,true,3.0194236247417309e-16,1.0802524506311517,302480452.61917365
n4_irregular_f1.0_d3.0,7,0.28368112057313205,0.27701358296953671,0.006765082364898996,2.3275116983944402e-05,true,2.2895770186919785e-05,true,8.1042672577235097e-07,true,5.5904068844167301e-16,1.0803353204157415,1879599428189888.5
n4_irregular_f1.0_d4.0,1,0.088265075180048613,0.087473716971955662,0.00080150040506990841,0,false,0,false,0,false,2.1824453271575893e-16,1.0254850690769035,1.0254850690769037
n4_irregular_f1.0_d4.0,3,0.088518039360019313,0.087660087097156336,0.00086865207195892431,0.0029326278426766478,true,0.0022614057637616539,true,0.00088993362757404284,true,2.1313605105012384e-16,1.0290052597241635,11.898165702942368
n4_irregular_f1.0_d4.0,5,0.088521291743061475,0.087663317871489357,0.0008686774927328287,4.3965189830608511e-05,true,4.3282331720070009e-05,true,3.4536004895238512e-06,true,3.5196947888981374e-16,1.0290707047176315,5260789.5648384159
n4_irregular_f1.0_d4.0,7,0.08852132502005898,0.08766335130554162,0.00086867730565101339,4.8580051629642441e-07,true,4.8414364709456063e-07,true,1.6824741916225911e-08,true,5.9376364731477619e-16,1.0290714014127915,10120411174978.449
n4_irregular_f1.0_d6.0,1,0.018128856326707007,0.018075501301149304,5.397716535744854e-05,0,false,0,false,0,false,2.1858275686226711e-16,1.0081742525778223,1.0081742525778223
n4_irregular_f1.0_d6.0,3,0.01813606779520948,0.018080872605936545,5.5811437177036757e-05,0.00040639939871888142,true,0.0003143916065671244,true,0.00011942207241800516,true,4.3087741891694854e-16,1.008567207556226,1.5255384269148331
n4_irregular_f1.0_d6.0,5,0.018136083594261544,0.018080888397585038,5.581149914105993e-05,1.0453744453885793e-06,true,1.0340810380020371e-06,true,8.7089160408751304e-08,true,2.8520122581783779e-16,1.0085683169500559,18373.5763638141
n4_irregular_f1.0_d10.0,1,0.0027609711670837415,0.0027588855679936569,2.1089314618949597e-06,0,false,0,false,0,false,2.194677536577959e-16,1.002107125734256,1.0021071257342558
n4_irregular_f1.0_d10.0,3,0.0027610949050948458,0.002758983597319195,2.1343252232921795e-06,4.5603308005832275e-05,true,3.7006878369043737e-05,true,1.0652388700818261e-05,true,3.3654122778602382e-16,1.0021382916744683,1.0367123015973563
n4_irregular_f1.0_d10.0,5,0.0027610949265297422,0.0027589836187779451,2.1343253137877727e-06,9.4089922468275159e-09,true,9.3184591717763695e-09,true,8.1216889259048485e-10,true,4.5023924809911445e-16,1.0021383004133331,17.531433122366703
n6_linear_f0.1_d2.1,1,0.0062033517655523699,0.0061569225633280695,5.939663970044693e-05,0,false,0,false,0,false,1.9304021901738787e-16,1.0205364507117576,1.0205364507117576
n6_linear_f0.1_d2.1,3,0.0062456334174147855,0.0062147996142340178,3.8508023351592325e-05,0.0073914316317423333,true,0.0092916493294464102,true,0.0033540246767184978,true,2.4380050019013362e-16,1.0356406359928989,168.79177246756959
n6_linear_f0.1_d2.1,5,0.0062534194075897038,0.0062289325176960331,3.0201900944866001e-05,0.0016271913243768896,true,0.0022663703413741652,true,0.0013378040667377793,true,3.094884695411741e-16,1.0442094093187215,1306444680.2917323
n6_linear_f0.1_d2.1,7,0.0062544680418868985,0.0062310388693720305,2.8824102359740449e-05,0.0002395129112440234,true,0.00033772031076742082,true,0.00022282432932775752,true,7.2290950427319714e-16,1.0489191767735586,35026045197593012
n6_linear_f0.1_d2.1,9,0.0062545863124310501,0.006231285599786889,2.8656951875975737e-05,2.8005336545740844e-05,true,3.9558561105179114e-05,true,2.7063947060540134e-05,true,4.7991505588420186e-16,1.0513697922178002,4.6551890819444398e+24
n6_linear_f0.1_d2.5,1,0.0030867185684670235,0.0030728391097856857,1.7734658366709918e-05,0,false,0,false,0,false,1.5359756237140292e-16,1.012235106924076,1.012235106924076
n6_linear_f0.1_d2.5,3,0.003093072215268351,0.0030839494114244942,1.140848774231655e-05,0.0026240161438651722,true,0.0036017975233389073,true,0.0020504095692845349,true,2.0329007699565581e-16,1.0162523679595161,30.879853663194332
n6_linear_f0.1_d2.5,5,0.0030935883891979347,0.0030852524333773129,1.0379833475395146e-05,0.00030143874721612725,true,0.00042243709969595663,true,0.00033504452674326478,true,2.0236142414448122e-16,1.0169365309213487,110840027.63225196
n6_linear_f0.1_d2.5,7,0.003093621249946615,0.0030853469316301767,1.0299503385879601e-05,2.2151647072892028e-05,true,3.0636001392446863e-05,true,2.6228595586445221e-05,true,8.8594452563462186e-16,1.0170286566456996,1470286357576779.8
n6_linear_f0.1_d3.0,1,0.0014941721376493054,0.001490205230872783,5.0581394677350552e-06,0,false,0,false,0,false,2.1305519083847181e-16,1.0071599127219661,1.0071599127219661
n6_linear_f0.1_d3.0,3,0.0014951481247334419,0.0014923214104936705,3.5469660762970755e-06,0.0010135306678617359,true,0.0014192955585031312,true,0.0010133057486983155,true,2.146118241880833e-16,1.0082759798492651,6.518716599976015
n6_linear_f0.1_d3.0,5,0.0014951782372234501,0.0014924340680772211,3.4391340375487464e-06,5.6871824480435047e-05,true,7.5579795896036619e-05,true,7.2638392367428998e-05,true,2.96946422509867e-16,1.0083355141878325,8581882.3988076597
n6_linear_f0.1_d3.0,7,0.0014951791487299688,0.0014924380135968832,3.4351798439498992e-06,2.034945293754914e-06,true,2.6469919657263695e-06,true,2.6682023326588643e-06,true,6.6223741754781124e-16,1.0083378526161568,54556453398671.273
n6_linear_f0.1_d4.0,1,0.00048013473104758771,0.00047957132009798044,7.1571564769771405e-07,0,false,0,false,0,false,1.7828174352885102e-16,1.0031141239123336,1.0031141239123336
n6_linear_f0.1_d4.0,3,0.00048021242408091713,0.00047975283671426136,5.7871650105803636e-07,0.00027017575051062819,true,0.00037909362973645688,true,0.000286023990024824,true,2.2452263943842769e-16,1.0032934087570335,1.6662325722512861
n6_linear_f0.1_d4.0,5,0.0004802127203731795,0.00047975532658198959,5.7585916167715059e-07,4.3495972183230225e-06,true,5.2029146250327647e-06,true,5.9896509838560735e-06,true,3.0685924147032911e-16,1.0032956191765972,153475.78935924527
n6_linear_f0.1_d6.0,1,9.9737670184921553e-05,9.9699472395831175e-05,4.8623139157388687e-08,0,false,0,false,0,false,1.8897951887028539e-16,1.0009942597746979,1.0009942597746979
n6_linear_f0.1_d6.0,3,9.9742771612892241e-05,9.9707812079911278e-05,4.4390597771654093e-08,6.1703965372720106e-05,true,8.390951422139562e-05,true,4.252602933269289e-05,true,2.2070322223759114e-16,1.0010119687328456,1.07195568442689
n6_linear_f0.1_d6.0,5,9.9742771506992035e-05,9.9707824450642914e-05,4.4374513992045238e-08,1.1531830887635592e-07,true,1.2460667492406584e-07,true,1.6232257474134294e-07,true,2.6102217602641153e-16,1.0010120086889209,539.10764818091923
n6_linear_f0.1_d10.0,1,1.4701978424125325e-05,1.4700694230014844e-05,1.7304684388736122e-09,0,false,0,false,0,false,1.8897951887028539e-16,1.0002469387354613,1.0002469387354613
n6_linear_f0.1_d10.0,3,1.4702227220912542e-05,1.4700985198647765e-05,1.6764608815325938e-09,1.7434259297817744e-05,true,1.988017150863555e-05,true,3.6857213668065214e-06,true,1.9648632080800465e-16,1.0002482880624644,1.0058593275202286
n6_linear_f0.1_d10.0,5,1.4702227219947167e-05,1.4700985216201949e-05,1.6764374014501726e-09,1.1435408194631096e-09,true,1.201780255611171e-09,true,1.6126738968485006e-09,true,2.7648279686313622e-16,1.0002482884249504,1.9369460326141181
n6_linear_f0.4_d2.1,1,0.10317297285705111,0.10005607001347167,0.0039564619658542747,0,false,0,false,0,false,2.1020609111807298e-16,1.0850337333305338,1.0850337333305338
n6_linear_f0.4_d2.1,3,0.10612188316339435,0.10399844985821466,0.0026389444057409017,0.03014361832916776,true,0.037245283206992386,true,0.012462172739566933,true,2.1667244923336269e-16,1.1547089577373886,2879.7474241557456
n6_linear_f0.4_d2.1,5,0.10678343102202684,0.10511027675273669,0.0020529635186522176,0.0076349545426791718,true,0.010438591402528379,true,0.005528113714467946,true,2.5558623656542856e-16,1.1970592521950421,24010034121.199654
n6_linear_f0.4_d2.1,7,0.10689169709942711,0.10530037695804668,0.0019467772793859573,0.0012894003895279177,true,0.0017829361256293983,true,0.0010054929130583175,true,8.1542162183519423e-16,1.2213007157403111,7.8479965651513114e+17
n6_linear_f0.4_d2.1,9,0.10690749079851336,0.10532736792285359,0.0019322598163230194,0.00018413778237767186,true,0.00025310766774316624,true,0.00013765765079601326,true,7.238325927444529e-16,1.2342612014414962,5.4770294302597781e+25
n6_linear_f0.4_d2.1,11,0.10690977962475308,0.10533103067949215,0.0019304785583299665,2.5450136608361157e-05,true,3.4346726046522795e-05,true,1.6896520017350614e-05,true,5.0036638518378679e-16,1.2407665744988754,4.8973214449354043e+34
n6_linear_f0.4_d2.5,1,0.050535638194453267,0.049621852366599502,0.0011622020919465365,0,false,0,false,0,false,1.5438419300995934e-16,1.0499532504625015,1.0499532504625015
n6_linear_f0.4_d2.5,3,0.050927395212199661,0.05032930837560104,0.00074499315587847885,0.010130419071892665,true,0.013929421488448465,true,0.0082143884780930855,true,3.0391062393679366e-16,1.0676028314557937,480.20415951252153
n6_linear_f0.4_d2.5,5,0.050965566149032797,0.050422165461852853,0.00067379231604885483,0.0013011408692497235,true,0.0018271035300344862,true,0.0014080215856201548,true,2.4305126997811201e-16,1.0707520560962176,1860363243.7020476
n6_linear_f0.4_d2.5,7,0.050968131390363131,0.050429127724963912,0.00066808408906877438,9.8420634656925154e-05,true,0.0001369863203144664,true,0.00011318999170397766,true,4.7750736568255137e-16,1.0711901194825226,24690194538803780
n6_linear_f0.4_d2.5,9,0.05096827206141212,0.050429529063873726,0.00066774591006957945,5.7067808541315564e-06,true,7.896539965842086e-06,true,6.7106037098618505e-06,true,7.6749724694313919e-16,1.0712396181773509,2.4553630605167773e+24
n6_linear_f0.4_d3.0,1,0.024230180849304953,0.023972070199117599,0.00032822369727193712,0,false,0,false,0,false,1.6236832546533571e-16,1.0289844809960316,1.0289844809960313
n6_linear_f0.4_d3.0,3,0.024279798381517063,0.02409748692553846,0.00022815748577121738,0.0037446760047108577,true,0.0051803100550418379,true,0.0041321533696257852,true,2.2010685046019068e-16,1.0337608012997628,77.937899299007896
n6_linear_f0.4_d3.0,5,0.024281909104869211,0.024105253856433181,0.00022079023295789059,0.00024072269114603118,true,0.00032083529929642944,true,0.00030562509512712841,true,2.933061306288973e-16,1.0340244271675709,140017078.67644632
n6_linear_f0.4_d3.0,7,0.024281974171853977,0.024105529551333795,0.00022051653561776057,8.7219357866596433e-06,true,1.1388413340369856e-05,true,1.1374930814365943e-05,true,6.596834549052134e-16,1.0340350331022159,893848525847168.88
n6_linear_f0.4_d4.0,1,0.0077273235676621269,0.0076910055459762155,4.6081674467797586e-05,0,false,0,false,0,false,1.8617338648456878e-16,1.012521612803855,1.012521612803855
n6_linear_f0.4_d4.0,3,0.0077295636409894872,0.0077001249166242913,3.7021123217076255e-05,0.00091260533179319647,true,0.0011835347896472349,true,0.0011752208529727279,true,2.8826939565315702e-16,1.01327355047649,6.1240457171197944
n6_linear_f0.4_d4.0,5,0.0077295837156081942,0.0077002938835405267,3.682748598571456e-05,1.8326721691735446e-05,true,2.1935181658338694e-05,true,2.5218265219955896e-05,true,3.6671583748672099e-16,1.013283017692536,2471265.6118404451
n6_linear_f0.4_d4.0,7,0.0077295839061557736,0.0077002957831087482,3.6825267827239838e-05,2.0896248997087784e-07,true,2.4660303119062379e-07,true,2.893007407675043e-07,true,1.053110209587158e-15,1.0132831021744069,4954110793270.6553
n6_linear_f0.4_d6.0,1,0.0015988107238941523,0.0015963605173866383,3.1177761441774719e-06,0,false,0,false,0,false,1.7098169053912326e-16,1.0039836691084723,1.0039836691084723
n6_linear_f0.4_d6.0,3,0.0015988883061658985,0.0015966521000873807,2.8382513852218851e-06,0.00013832949226561168,true,0.00018309607578000182,true,0.00017519945582746653,true,1.899636865085651e-16,1.0040571469537245,1.3196233695949287
n6_linear_f0.4_d6.0,5,0.001598888296503286,0.0015966529335202319,2.8371652004337369e-06,4.8576389514229558e-07,true,5.2369364277323793e-07,true,6.8383517068493616e-07,true,1.9030995591850661e-16,1.0040573156088244,8611.0246001791857
n6_linear_f0.4_d10.0,1,0.00023533654923717744,0.00023525432254860619,1.1079282068916435e-07,0,false,0,false,0,false,1.4130640632531581e-16,1.0009881408133567,1.0009881408133567
n6_linear_f0.4_d10.0,3,0.00023534037035035163,0.00023526092777613147,1.0722800975155013e-07,2.0382834470640539e-05,true,2.8204276537548709e-05,true,1.5198115689588191e-05,true,1.5495366435945051e-16,1.0009937156863176,1.0236484690412004
n6_linear_f0.4_d10.0,5,0.00023534037024832243,0.00023526092892354152,1.0722642593672093e-07,4.8134485754565757e-09,true,4.9074453705866902e-09,true,6.7957365211493883e-09,true,2.5143684442530352e-16,1.0009937172129193,9.1451960514316841
n6_linear_f0.8_d2.1,1,0.43544338216010553,0.4087967925147914,0.033469121364105056,0,false,0,false,0,false,3.0568630294911105e-16,1.1784313966311508,1.1784313966311508
n6_linear_f0.8_d2.1,3,0.46410637949738248,0.44501345624993771,0.023576068673008096,0.065801426410701414,true,0.078221147159081891,true,0.021447859557913975,true,4.2003571969216153e-16,1.3497915921267447,12886.817495136267
n6_linear_f0.8_d2.1,5,0.47210304259529334,0.45714902053448875,0.018229215806542541,0.019544792770480983,true,0.025762169507363708,true,0.011415345595669634,true,3.397372095972857e-16,1.4662471774158796,118475420388.00415
n6_linear_f0.8_d2.1,7,0.47379056255918417,0.45970780265137601,0.017103440776984911,0.0040998324576840776,true,0.005412241195289047,true,0.0024077592077797385,true,5.1038580607151801e-16,1.5377291626613236,4.5766239963163843e+18
n6_linear_f0.8_d2.1,9,0.4741198414697293,0.46018069007951828,0.01691792638080181,0.00077487500730875989,true,0.00099952535202110023,true,0.00039729186308193353,true,6.7725616927866163e-16,1.5777888091636045,3.6110294273980564e+26
n6_linear_f0.8_d2.1,11,0.47418497551881594,0.46026806563671202,0.016889204268367413,0.00014825780402331714,true,0.00018465676410593068,true,6.1540070084662178e-05,true,4.1927687134042737e-16,1.5986026199457239,3.7596442040034334e+34
n6_linear_f0.8_d2.5,1,0.20857751893460594,0.20097903157412028,0.0096041182178015442,0,false,0,false,0,false,3.4033595139522847e-16,1.1027414724632418,1.1027414724632421
n6_linear_f0.8_d2.5,3,0.21205604318071264,0.20709959143288298,0.0061415521511135364,0.021219426194831807,true,0.02893933750293242,true,0.016378694612430942,true,3.0054659469503845e-16,1.143020794634557,2007.310030685326
n6_linear_f0.8_d2.5,5,0.212432061890623,0.2079668024135794,0.0055053342184808044,0.0029109101632916745,true,0.004093206494350278,true,0.0030197657335080171,true,3.8999400451359213e-16,1.1507185725051039,7973221249.0217638
n6_linear_f0.8_d2.5,7,0.21245930027127918,0.20803515646779497,0.0054522141168328623,0.00023032993286249456,true,0.0003225855580782317,true,0.00025291696910430126,true,6.165968421000261e-16,1.1518412083972269,1.3390536879225699e+17
n6_linear_f0.8_d2.5,9,0.21246091910484174,0.20803931045238555,0.0054489409470805964,1.402502954253743e-05,true,1.960387692016349e-05,true,1.5598595769592743e-05,true,5.2124833162862005e-16,1.1519725077400007,3.8191913893934823e+24
n6_linear_f0.8_d3.0,1,0.098696049292046187,0.096584517282567742,0.0026753937674470233,0,false,0,false,0,false,2.9653827178230667e-16,1.0589147588952961,1.0589147588952961
n6_linear_f0.8_d3.0,3,0.099107183378787905,0.097633624314725359,0.0018375254638510962,0.0076910169584248301,true,0.010615709614146578,true,0.0084771564112967584,true,3.4138568946725447e-16,1.0694119087131893,312.55904491976759
n6_linear_f0.8_d3.0,5,0.099126460088304766,0.097702694624210329,0.0017729136149006444,0.0005220713618134963,true,0.0006988534608945822,true,0.00065672736094592741,true,3.9937598632057073e-16,1.0700213454739866,575622187.60488391
n6_linear_f0.8_d3.0,7,0.099127070761212785,0.097705196578264084,0.001770465319360709,1.9278652833386519e-05,true,2.5314752169015171e-05,true,2.4934925827968383e-05,true,4.3368071846114305e-16,1.0700467467420718,3727812039460004
n6_linear_f0.8_d4.0,1,0.031153214412124614,0.030859859416619919,0.00037163733762067666,0,false,0,false,0,false,3.392834453557655e-16,1.025219002267775,1.025219002267775
n6_linear_f0.8_d4.0,3,0.031168270835202506,0.030932616017323705,0.00029582878914083887,0.0018545922708771451,true,0.0023417963973251786,true,0.0024385465158252738,true,2.7972739028949606e-16,1.0268253192935892,19.234502033703194
n6_linear_f0.8_d4.0,5,0.031168446197766278,0.03093408537708172,0.00029414942729658874,3.9466716872286587e-05,true,4.7303920586145249e-05,true,5.4241434709270254e-05,true,3.3086045107507284e-16,1.0268461889713967,9971323.6704658512
n6_linear_f0.8_d4.0,7,0.031168447873379548,0.030934102117535604,0.00029412991584413655,4.5628343726317719e-07,true,5.3893957442179406e-07,true,6.3114092455748542e-07,true,4.851784607325888e-16,1.0268463789015565,20007004291459.094
n6_linear_f0.8_d6.0,1,0.0064113492552181905,0.0063916881574001749,2.5005364128299251e-05,0,false,0,false,0,false,3.7783535344862806e-16,1.0079850866622337,1.0079850866622337
n6_linear_f0.8_d6.0,3,0.0064116398210503599,0.0063937679320244748,2.2670347560512154e-05,0.00026938901846940171,true,0.00032572731601293765,true,0.00036496059219241696,true,2.6755006860530878e-16,1.0081397051330989,1.7335223506012667
n6_linear_f0.8_d6.0,5,0.0064116397312509376,0.0063937751262959624,2.2660970824105747e-05,1.0458583612526827e-06,true,1.1272975990659185e-06,true,1.4721143974305571e-06,true,2.6824552773219079e-16,1.0081400692108069,34520.324586704439
n6_linear_f0.8_d10.0,1,0.00094190609692925071,0.00094124787493667539,8.8679986831970811e-07,0,false,0,false,0,false,2.266000454903382e-16,1.0019773114847255,1.0019773114847255
n6_linear_f0.8_d10.0,3,0.00094192051212478437,0.0009412855388357341,8.5703948986966186e-07,2.8448456722659732e-05,true,4.0193545888986879e-05,true,3.1700935322354186e-05,true,3.5364288874953983e-16,1.0019889724886684,1.0478661657942983
n6_linear_f0.8_d10.0,5,0.00094192051119090586,0.0009412855486740201,8.5702583820594805e-07,1.0365392065927433e-08,true,1.0513279536570652e-08,true,1.4635193160863364e-08,true,3.406714410427588e-16,1.0019889757735276,31.001853275082937
n6_linear_f1.0_d2.1,1,0.6995406207351097,0.64567546236715934,0.067296527830639774,0,false,0,false,0,false,2.5490552367045309e-16,1.2286620414244558,1.2286620414244558
n6_linear_f1.0_d2.1,3,0.76199728519870502,0.72205676210478442,0.049161308569979204,0.086533464458286344,true,0.10046671923664792,true,0.023999656118114738,true,3.4288639257279988e-16,1.4682292967410755,21440.004935712572
n6_linear_f1.0_d2.1,5,0.78157393653943652,0.75027155034254889,0.038041795286593398,0.028108054939875241,true,0.036173379458178487,true,0.014346495533547315,true,3.3798730938794386e-16,1.6423475226874686,208479880281.83606
n6_linear_f1.0_d2.1,7,0.78629311143672342,0.75698032774363067,0.035474978451403211,0.0066703659337836729,true,0.0085487361950496929,true,0.0033105334780372409,true,5.5900024424675879e-16,1.7541410926651551,7.526427096372139e+18
n6_linear_f1.0_d2.1,9,0.78735366926307493,0.75840610743788284,0.035003770985721321,0.001456726809597844,true,0.001814331210118633,true,0.00060833547995016739,true,4.7715853812346499e-16,1.818756560882111,7.117267943279107e+26
n6_linear_f1.0_d2.1,11,0.78759455570352099,0.75871118564211359,0.034921008216453227,0.00032289030982289487,true,0.00038809725719326225,true,0.00010690709438811507,true,6.0688748527304255e-16,1.8530776009503007,1.3785907867505676e+35
n6_linear_f1.0_d2.5,1,0.33115260663093782,0.31601589677911984,0.019072107430293257,0,false,0,false,0,false,2.145897692007561e-16,1.1302751952876027,1.1302751952876027
n6_linear_f1.0_d2.5,3,0.33838777719858687,0.32851885709213807,0.012196612190801627,0.027310828039089848,true,0.037044646203026527,true,0.020385650262928604,true,3.1655284527119018e-16,1.1842362009506575,3214.8169426994441
n6_linear_f1.0_d2.5,5,0.33920863068323009,0.33035917572324713,0.010879419257692046,0.0038685458150010351,true,0.0054394006092040089,true,0.0039163708884581566,true,3.0141093880795133e-16,1.1949431446426639,12928983547.859678
n6_linear_f1.0_d2.5,7,0.33927046022554919,0.33050832442377176,0.010766856640627388,0.00031410522196958167,true,0.00044075177735317301,true,0.00033579102423384339,true,6.3996260249380643e-16,1.1965451688357669,2.0766516578007491e+17
n6_linear_f1.0_d2.5,9,0.33927428415434546,0.33051765161140656,0.010759766822664198,1.9660669360217896e-05,true,2.7562589947518742e-05,true,2.1171570848669747e-05,true,7.3500268330614941e-16,1.1967360607616322,6.4150182476467515e+24
n6_linear_f1.0_d3.0,1,0.15563461167635223,0.15146363230890747,0.0052751870370324229,0,false,0,false,0,false,2.7294381571031936e-16,1.0742491544351562,1.0742491544351562
n6_linear_f1.0_d3.0,3,0.15646851021258235,0.15357558203286797,0.0036009647497300575,0.0098052106747493414,true,0.013535739922514941,true,0.010729878246611415,true,2.6807821861299383e-16,1.0880313332826297,492.81368955320175
n6_linear_f1.0_d3.0,5,0.15650894239239563,0.15371826208517561,0.00346853069591351,0.00068140475781425887,true,0.00091430768493449752,true,0.00085267135231084992,true,3.4233248419833384e-16,1.088854026825292,912414167.48844528
n6_linear_f1.0_d3.0,7,0.15651024285098561,0.15372348958643964,0.0034634563363114016,2.5433003374748389e-05,true,3.349821031584476e-05,true,3.2739813958136792e-05,true,6.8747087494734082e-16,1.0888889882227104,5875375204378942
n6_linear_f1.0_d4.0,1,0.048869519584558457,0.048293781240084196,0.00072880329531777456,0,false,0,false,0,false,2.9194222622087379e-16,1.0316347728679305,1.0316347728679303
n6_linear_f1.0_d4.0,3,0.048898436831168297,0.048438144119480039,0.00057731136690602905,0.0023564498040372626,true,0.0029617698657175549,true,0.0031061641179685475,true,3.3720199513652695e-16,1.0337125914501062,29.085225670809578
n6_linear_f1.0_d4.0,5,0.048898796303342498,0.048441143360191591,0.00057388895619671994,5.1303282364970605e-05,true,6.1544809390867364e-05,true,7.046106652195628e-05,true,3.5888823684206754e-16,1.0337400613936001,15649523.153301153
n6_linear_f1.0_d4.0,7,0.048898799752388353,0.048441177788519807,0.00057384887464227556,5.9778617243211274e-07,true,7.064799460869685e-07,true,8.2645995014937948e-07,true,7.543835055499814e-16,1.0337403141659827,31414836784278.441
n6_linear_f1.0_d6.0,1,0.01003035917404054,0.0099919003152343627,4.8900505740445307e-05,0,false,0,false,0,false,2.2177256148332394e-16,1.0099924879407469,1.0099924879407469
n6_linear_f1.0_d6.0,3,0.010030799648961699,0.0099959154676365798,4.4237363726158882e-05,0.00034076736499884328,true,0.00040196684558113486,true,0.00046587100536100496,true,3.3807084711142835e-16,1.0101909212457316,1.9806567737745837
n6_linear_f1.0_d6.0,5,0.01003079946276501,0.0099959300976261468,4.4218298571904392e-05,1.3593409838645472e-06,true,1.4653026290885027e-06,true,1.9132030685846258e-06,true,3.8209906042268662e-16,1.0101913951189887,54001.678584548346
n6_linear_f1.0_d10.0,1,0.0014721660085741527,0.0014708800195679015,1.7324778592664236e-06,0,false,0,false,0,false,2.3779255626767206e-16,1.0024722834822608,1.0024722834822608
n6_linear_f1.0_d10.0,3,0.001472187845766626,0.0014709482796514458,1.6730599774662879e-06,3.3643306998178943e-05,true,4.6611015277197833e-05,true,4.0494958970782654e-05,true,3.3807084711142835e-16,1.0024872016802242,1.0601917680524942
n6_linear_f1.0_d10.0,5,0.0014721878438465057,0.0014709482996199711,1.6730322411976156e-06,1.3473954822562586e-08,true,1.3652598451306572e-08,true,1.9024422784030641e-08,true,3.6693372309387096e-16,1.0024872059483014,47.357161451297131
n6_compact_f0.1_d2.1,1,0.018989706086753502,0.018657582456425192,0.00033213549042195527,0,false,0,false,0,false,1.8118259230825774e-16,1.0279788876144458,1.027978887614446
n6_compact_f0.1_d2.1,3,0.01924421565507696,0.018832096800860981,0.00041717699161716675,0.013756249455666447,true,0.0090719178759539939,true,0.0054645001193625109,true,1.8205086787256262e-16,1.0491214935140367,233.14918044326885
n6_compact_f0.1_d2.1,5,0.019276783749538395,0.018874610190760765,0.00040847431241826317,0.001738287784012885,true,0.002206325768780219,true,0.00062563650672148525,true,2.7315193258824051e-16,1.0569581225521762,1633396441.357115
n6_compact_f0.1_d2.1,7,0.019281347449799584,0.018880944597232448,0.00040696149751875911,0.00024880187614547691,true,0.0003286601915018602,true,0.00011459660114606003,true,4.8140871921988855e-16,1.0607794715462437,47406620962899392
n6_compact_f0.1_d2.1,9,0.019281978252933128,0.018881686562404437,0.00040688972554640129,3.484301209378213e-05,true,3.8495543374893925e-05,true,1.2451623463911786e-05,true,9.1177649865478906e-16,1.0625880739633702,1.3532294538157373e+26
n6_compact_f0.1_d2.5,1,0.0094036883986480524,0.0093052461950828141,9.8445736432270752e-05,0,false,0,false,0,false,2.1818746968340558e-16,1.0166065001177984,1.0166065001177984
n6_compact_f0.1_d2.5,3,0.0094498581805141039,0.0093387666940856571,0.00011201636240696767,0.005177803264334791,true,0.0035485745861118124,true,0.0020998731152105437,true,1.5866980785493878e-16,1.0235999261119471,41.767772154556013
n6_compact_f0.1_d2.5,5,0.0094526309109926356,0.0093426868876104966,0.00011099516515015426,0.00031147149285126074,true,0.00041489631512791627,true,0.0001531201851822766,true,3.3409682129642868e-16,1.0247071621481985,143659346.77355763
n6_compact_f0.1_d2.5,7,0.0094528062394657244,0.0093429711063389102,0.00011089771966817727,2.0568920411487749e-05,true,3.0079958451672474e-05,true,1.4061412015701516e-05,true,5.0472567107926339e-16,1.0248446161516731,2022953943420033.5
n6_compact_f0.1_d3.0,1,0.0045355115043341394,0.0045076444635160726,2.7868042984936026e-05,0,false,0,false,0,false,1.9940867117982581e-16,1.0096940660448659,1.0096940660448657
n6_compact_f0.1_d3.0,3,0.0045438508764605286,0.0045140343359181363,2.9956663428141303e-05,0.0019751716771184537,true,0.001406812259759486,true,0.00081362420373902564,true,2.1257307808762521e-16,1.0120877580226739,8.2866595188519181
n6_compact_f0.1_d3.0,5,0.0045440763161009199,0.004514373323649983,2.9852997187035458e-05,5.4740382129966546e-05,true,7.4632787428689893e-05,true,3.2620954859936192e-05,true,2.2796981741543778e-16,1.0122538888921997,11272870.756597716
n6_compact_f0.1_d3.0,7,0.0045440827099904263,0.0045143851920922779,2.9847921476673314e-05,1.6676336811964219e-06,true,2.6130001967790646e-06,true,1.4568884993908982e-06,true,8.3335183477664891e-16,1.0122604241808741,75071788257430.391
n6_compact_f0.1_d4.0,1,0.0014501608284335648,0.0014462733316923913,3.8876368858429457e-06,0,false,0,false,0,false,1.5184396394044618e-16,1.0042087182045525,1.0042087182045525
n6_compact_f0.1_d4.0,3,0.001450823222547807,0.0014468224260981936,4.0068298671512677e-06,0.00049261400543460876,true,0.00037861616642397537,true,0.00019119374098545503,true,2.2530563181986366e-16,1.004695273233992,1.8130007793281258
n6_compact_f0.1_d4.0,5,0.001450827879029294,0.0014468299209245417,4.0041388482807751e-06,3.754083101759812e-06,true,5.1683562818383979e-06,true,2.6508013377864563e-06,true,2.7771821012079968e-16,1.0047055198988861,202870.58934051948
n6_compact_f0.1_d6.0,1,0.0002988281485812634,0.00029857062653271249,2.5753152460577824e-07,0,false,0,false,0,false,1.7318890919968119e-16,1.0013484492398057,1.0013484492398053
n6_compact_f0.1_d6.0,3,0.00029885600521549613,0.00029859593899869761,2.6011503258179713e-07,9.6963496574041028e-05,true,8.4733243634964908e-05,true,2.571628634017915e-05,true,2.0466521888196443e-16,1.0014060716032991,1.0846878551089183
n6_compact_f0.1_d6.0,5,0.00029885602716588837,0.00029859597627854474,2.6009999398451405e-07,9.1150515442234705e-08,true,1.2481563016315904e-07,true,7.1415462491051168e-08,true,3.2278588180773429e-16,1.0014063053660824,713.1871913821725
n6_compact_f0.1_d10.0,1,4.4867137978649457e-05,4.4857409522126653e-05,9.7287466000937023e-09,0,false,0,false,0,false,1.3275332760327018e-16,1.0003434140019607,1.0003434140019609
n6_compact_f0.1_d10.0,3,4.4868055323128306e-05,4.4858294400172992e-05,9.7609354313552702e-09,2.0628064119769457e-05,true,1.9734798415990451e-05,true,2.1481435024510072e-06,true,1.9648814360379449e-16,1.000348070416768,1.0068771066712019
n6_compact_f0.1_d10.0,5,4.4868055354262831e-05,4.4858294453163739e-05,9.7609136099917506e-09,8.7774001821653687e-10,true,1.1821977370458106e-09,true,6.8745458684329392e-10,true,2.1019489744282203e-16,1.0003480725233833,2.1298276755429693
n6_compact_f0.4_d2.1,1,0.32598887363888346,0.30320260645181152,0.022787036800085262,0,false,0,false,0,false,1.1281049115577612e-16,1.1189361281501691,1.1189361281501686
n6_compact_f0.4_d2.1,3,0.34564653359642639,0.31508322744749956,0.030935290734357711,0.058992626225247681,true,0.034385020956493664,true,0.027024153047361419,true,2.1686545412988296e-16,1.221749384244873,4192.3524815746141
n6_compact_f0.4_d2.1,5,0.3486563853554363,0.31842687646147011,0.030704820158124538,0.0088478247759235362,true,0.009593695116938963,true,0.0020608368881892664,true,1.9944189235635291e-16,1.2618881836306481,28811669897.435894
n6_compact_f0.4_d2.1,7,0.34914559056427508,0.31899842306986531,0.030643519102566283,0.0014457857708601548,true,0.0016375945743970174,true,0.00041288803372606386,true,4.7146281433683763e-16,1.281998824896263,1.7014523980050816e+18
n6_compact_f0.4_d2.1,9,0.34922717157606886,0.31907957050186353,0.030647693664135923,0.00024259384949902482,true,0.00023244903562882069,true,6.2942249240799801e-05,true,5.953145327776798e-16,1.291758193140677,6.313783847839709e+26
n6_compact_f0.4_d2.1,11,0.34923748196592891,0.3190905824250127,0.030647395214550142,3.032512648018973e-05,true,3.1543020119150445e-05,true,6.8949742949685138e-06,true,5.7140675391940625e-16,1.2960637212008383,4.8973214449354043e+34
n6_compact_f0.4_d2.5,1,0.15682959337359023,0.15026691512915166,0.0065629062790038438,0,false,0,false,0,false,1.6051358655189146e-16,1.0688396569992147,1.0688396569992147
n6_compact_f0.4_d2.5,3,0.16002320907287923,0.15239994384880573,0.0076883524438111717,0.021173069370342894,true,0.013334713192200002,true,0.0094513950445679826,true,1.9637114470369114e-16,1.1002897313035258,676.6498319546115
n6_compact_f0.4_d2.5,5,0.16023711096778143,0.15267927705549161,0.0076323142024169281,0.0014119113263227666,true,0.0017439636220730234,true,0.00058705536173955992,true,1.5250033299660969e-16,1.1053932719936417,2258344090.9528208
n6_compact_f0.4_d2.5,7,0.16025123813270672,0.15270021505750164,0.0076263541972209376,9.6403324349294376e-05,true,0.0001307109647529432,true,5.5819933334961016e-05,true,6.9688877500502947e-16,1.1060446481829598,39971154999554208
n6_compact_f0.4_d2.5,9,0.16025224391398707,0.15270142198622635,0.0076262153129512192,6.9246258958231214e-06,true,7.534521730723762e-06,true,3.0337645352796507e-06,true,6.4374820553117149e-16,1.1061120017503006,1.3303584032321796e+25
n6_compact_f0.4_d3.0,1,0.074338853470066829,0.072512636559807775,0.0018262813823309207,0,false,0,false,0,false,2.0054956081687415e-16,1.0395873589653963,1.0395873589653961
n6_compact_f0.4_d3.0,3,0.074866950496745771,0.072890973500766287,0.0019856712754626337,0.0076649177517055236,true,0.0050554977466441102,true,0.0034914213908703385,true,2.1526880864728463e-16,1.0499391632687498,107.46904163455314
n6_compact_f0.4_d3.0,5,0.074883144387599271,0.072914343049356053,0.0019792020273841442,0.00023780164982892322,true,0.00031221543905121148,true,0.00013186657965098377,true,2.2338109587567184e-16,1.0506711169402616,178310730.83275303
n6_compact_f0.4_d3.0,7,0.074883612736637864,0.072915172323020902,0.001978869801736706,7.344859211240926e-06,true,1.1078980319235941e-05,true,5.9896232267445373e-06,true,4.3571565908065544e-16,1.0507005748515532,1250879746426553
n6_compact_f0.4_d4.0,1,0.023445912082976209,0.023194550557433642,0.00025137051702353976,0,false,0,false,0,false,1.7420800795975803e-16,1.0169862892090806,1.0169862892090806
n6_compact_f0.4_d4.0,3,0.023481521299665489,0.023222090633567082,0.00025984597470463767,0.0016936063952345682,true,0.0011733379537024894,true,0.00079797900702765427,true,1.5390334874841225e-16,1.0190331182469083,7.7661049778921862
n6_compact_f0.4_d4.0,5,0.023481842404711413,0.023222599235624908,0.00025966883098913623,1.5960047648134858e-05,true,2.1669634184824561e-05,true,1.1007723507456111e-05,true,2.5381923598365757e-16,1.0190770140460281,3233317.0377608486
n6_compact_f0.4_d4.0,7,0.023481845058179796,0.02322260495158196,0.00025966589279756598,1.4873571103381911e-07,true,2.435359709722032e-07,true,1.5810039347845367e-07,true,4.8973793003074953e-16,1.0190774293174154,6833307579174.3906
n6_compact_f0.4_d6.0,1,0.0047972186325999575,0.0047806832636449964,1.6535976002227287e-05,0,false,0,false,0,false,1.8321736937388438e-16,1.0054092759190947,1.0054092759190945
n6_compact_f0.4_d6.0,3,0.0047982742829892778,0.0047815662422731045,1.6711451324061653e-05,0.00024412797815447722,true,0.0001841092448653907,true,0.0001063560917440896,true,2.0062566324656767e-16,1.0056484647271509,1.3831027563633707
n6_compact_f0.4_d6.0,5,0.0047982757664919396,0.004781568753822284,1.6710443787365784e-05,3.8384840450570659e-07,true,5.2373676546753203e-07,true,2.9967788204343335e-07,true,1.9656865202346049e-16,1.005649454526421,11368.978871124331
n6_compact_f0.4_d10.0,1,0.00071847397801978372,0.00071785088547131467,6.2311111193681937e-07,0,false,0,false,0,false,2.1007416713819017e-16,1.0013746298034689,1.0013746298034689
n6_compact_f0.4_d10.0,3,0.00071849620339932017,0.00071787095302166073,6.2525149315863792e-07,3.2330450587448264e-05,true,2.7950011576649516e-05,true,8.8666870882163101e-06,true,2.4238023731920335e-16,1.0013938692915618,1.0278028871022158
n6_compact_f0.4_d10.0,5,0.00071849620539068699,0.00071787095648487395,6.2525002408979221e-07,3.5752929334241075e-09,true,4.8248435742278372e-09,true,2.894086386981245e-09,true,2.2094420759137255e-16,1.0013938781799894,11.500141319004239
n6_compact_f0.8_d2.1,1,1.4401676423603276,1.2387723351452928,0.20140157724043772,0,false,0,false,0,false,2.7169017373074933e-16,1.2595842011836174,1.2595842011836176
n6_compact_f0.8_d2.1,3,1.6556612968153925,1.3478688960362106,0.31141344663084558,0.13421158249168749,true,0.065915879960420171,true,0.071796255761934033,true,4.2003571969216153e-16,1.5356404020697727,20363.213409414479
n6_compact_f0.8_d2.1,5,1.6977637854905958,1.3843520654050581,0.31825758865866199,0.025299738324091544,true,0.021495945962132994,true,0.0061524842292208278,true,3.0817590316425402e-16,1.655427333371416,155421532910.36868
n6_compact_f0.8_d2.1,7,1.7062131086128836,1.3920425827127709,0.31927380536235811,0.0050406759434301661,true,0.0045087836202710938,true,0.0010867567663562757,true,7.3184296376532011e-16,1.7174441448202056,7.1797015384189297e+18
n6_compact_f0.8_d2.1,9,1.708012698627021,1.3934638230325493,0.31971017936928486,0.0010763361885936945,true,0.00083236278849371933,true,0.00031913172790005886,true,7.2318497506751411e-16,1.7490945394410335,7.6568768618680403e+27
n6_compact_f0.8_d2.1,11,1.7083246038627462,1.3937264251534602,0.31976797562366377,0.0001852716698896735,true,0.00015376726914370637,true,4.4060644461104384e-05,true,5.3235548883249312e-16,1.7634179150746172,1.0623623940633122e+35
n6_compact_f0.8_d2.5,1,0.66418257334974351,0.60861602288054373,0.055568395383588293,0,false,0,false,0,false,3.4033595139522847e-16,1.1446892041415624,1.1446892041415626
n6_compact_f0.8_d2.5,3,0.69455788095092463,0.62706485957705127,0.068086074381031605,0.046165971289212453,true,0.026572078022110857,true,0.022297556477006118,true,3.3984446843438405e-16,1.2190067020566626,2937.7485841092266
n6_compact_f0.8_d2.5,5,0.69679682867718196,0.62967320948534877,0.067809488386179728,0.0033804547356847789,true,0.0037447966887284535,true,0.0011309918304997005,true,3.0375900500798984e-16,1.2315556144292592,9621261947.298727
n6_compact_f0.8_d2.5,7,0.69695401645929633,0.62987874560647361,0.067769587488283808,0.00024262062695015927,true,0.00029502060328565944,true,0.00011017241262577059,true,5.0119832632378842e-16,1.2332227413181907,1.9586136825695818e+17
n6_compact_f0.8_d2.5,9,0.69696574774945186,0.62989123598315377,0.067769480147506958,1.8264269728366836e-05,true,1.7928022489761913e-05,true,6.9397504101789843e-06,true,5.8079650970067682e-16,1.233401206746648,1.6450771378258912e+26
n6_compact_f0.8_d3.0,1,0.30725043136293623,0.29216048393717614,0.015090466761875336,0,false,0,false,0,false,2.9653827178230667e-16,1.0814462230311714,1.081446223031171
n6_compact_f0.8_d3.0,3,0.31192652577718577,0.29532441837518714,0.016688381128565095,0.016245258207193386,true,0.010147272584198737,true,0.0077118825601563924,true,2.1048968969253602e-16,1.1045258398290765,441.12541506234118
n6_compact_f0.8_d3.0,5,0.31207903760978845,0.29553222589108852,0.016639679250542837,0.00053485526366815782,true,0.00066616285205358338,true,0.00026859133502089567,true,2.724728108103767e-16,1.1062053493641066,704660524.38624263
n6_compact_f0.8_d3.0,7,0.31208357490553501,0.29553975113266034,0.016636962096040448,1.6866534053987879e-05,true,2.4123136613265858e-05,true,1.247115625967241e-05,true,4.9387022329959704e-16,1.1062752498941255,5208792206991838
n6_compact_f0.8_d4.0,1,0.09510767120485232,0.09306883374640329,0.0020389096273762549,0,false,0,false,0,false,2.7274378840270825e-16,1.0343849288714153,1.0343849288714153
n6_compact_f0.8_d4.0,3,0.095401577062632331,0.093288462022544927,0.0021167861369161393,0.0034577509256090242,true,0.0023031391688686587,true,0.0016933305219591084,true,2.7972739028949606e-16,1.0387733131700176,25.882607829040637
n6_compact_f0.8_d4.0,5,0.095404431941405576,0.093292884781031676,0.0021153126482143791,3.4815047580333721e-05,true,4.6379788891896427e-05,true,2.3242906708772888e-05,true,4.5734685609612252e-16,1.0388700335160455,12865959.122295044
n6_compact_f0.8_d4.0,7,0.095404455937826968,0.093292935153250087,0.0021152874212184885,3.2886303321131099e-07,true,5.2823507846428571e-07,true,3.3911319093953541e-07,true,5.3675047060088719e-16,1.0388709684929016,27794488483184.742
n6_compact_f0.8_d6.0,1,0.019274581312798755,0.019141718719896863,0.0001328674554613062,0,false,0,false,0,false,2.9668762113318487e-16,1.0108601055869613,1.0108601055869608
n6_compact_f0.8_d6.0,3,0.019282369601280207,0.01914801133473315,0.00013438900956861863,0.00045956647493666222,true,0.00032650684648699059,true,0.00022275595293807978,true,1.9912193180634644e-16,1.0113635755954442,1.8998370998356582
n6_compact_f0.8_d6.0,5,0.019282382489514249,0.019148033014431898,0.00013438040589233707,8.2881219213472883e-07,true,1.1249899669847561e-06,true,6.4175182544856566e-07,true,2.6705556543259451e-16,1.0113657212793237,45405.576137339704
n6_compact_f0.8_d10.0,1,0.0028770994110365994,0.0028721096355689086,4.9899239594528506e-06,0,false,0,false,0,false,3.3768453652376759e-16,1.0027518605056049,1.0027518605056052
n6_compact_f0.8_d10.0,3,0.0028772319417802324,0.0028722239826551288,5.0079724240711907e-06,4.9811654598546281e-05,true,3.977233695553903e-05,true,1.8520109419034945e-05,true,3.3773511679251467e-16,1.0027921030631466,1.0564014274357041
n6_compact_f0.8_d10.0,5,0.0028772319588155461,0.0028722240123491296,5.0079597946002099e-06,7.6611707689069787e-09,true,1.0330523982682847e-08,true,6.2245990818380253e-09,true,3.3772975259854097e-16,1.0027921222384866,40.310310039153769
n6_compact_f1.0_d2.1,1,2.3714062536828395,1.9565657712277011,0.41485283942641216,0,false,0,false,0,false,2.2704626987294182e-16,1.3399969476513094,1.3399969476513089
n6_compact_f1.0_d2.1,3,2.8739644997390927,2.1866065465140467,0.69520990975968699,0.17977087474155815,true,0.080069587092282291,true,0.1034166149526517,true,3.4288637302399376e-16,1.7474355244905193,35625.502647710142
n6_compact_f1.0_d2.1,5,2.9872275434853011,2.2714136973432661,0.72665010557133503,0.03859817225873563,true,0.028398427113149893,true,0.012311947220313098,true,5.5002251777692149e-16,1.9379921674273708,289436977540.6308
n6_compact_f1.0_d2.1,7,3.0128183901090448,2.2915736448053172,0.73273937918449161,0.0086102822144432968,true,0.0066933090233466516,true,0.0023941236405431031,true,7.4061256049171963e-16,2.0384610852329743,3.1882450806047683e+19
n6_compact_f1.0_d2.1,9,3.0190135288927422,2.2958579948011577,0.73481985224098822,0.0020863427787391302,true,0.0014195248594466251,true,0.00075582696376249692,true,1.2851934906867192e-15,2.0915742475819834,2.3375486903444921e+28
n6_compact_f1.0_d2.1,11,3.020256230868267,2.2967747253662592,0.73517515747296602,0.0004162852041807814,true,0.00030361328024365564,true,0.00012922947307546839,true,7.8631043665308965e-16,2.1160137512443198,1.6767886045799282e+35
n6_compact_f1.0_d2.5,1,1.0687498673298745,0.9569787375858132,0.11177475328118273,0,false,0,false,0,false,2.318275124365967e-16,1.1855860155055586,1.1855860155055582
n6_compact_f1.0_d2.5,3,1.1339185172684141,0.99466145829679598,0.14049542785180799,0.060501111939389091,true,0.033244707180255462,true,0.030352625681895364,true,2.6823792517317383e-16,1.2870851684309359,4802.8389216772021
n6_compact_f1.0_d2.5,5,1.1389698546900047,1.0001962320224096,0.14021455515298256,0.004653290732788749,true,0.0048612879223013487,true,0.0014283165574233245,true,4.7118396540557338e-16,1.3046310499402227,15939778245.47809
n6_compact_f1.0_d2.5,7,1.1393361596502827,1.0006446797881434,0.14015094659846544,0.00034334435753608953,true,0.00039375237886574805,true,0.00013759890780801155,true,3.0507471312046837e-16,1.3070129183595183,3.4984155404530342e+17
n6_compact_f1.0_d2.5,9,1.1393641976501763,1.0006727231763726,0.14015241328922232,2.6505332829173562e-05,true,2.4622439173904748e-05,true,9.6370855522833068e-06,true,5.6138994281877115e-16,1.3072727095162924,2.1176034108135717e+26
n6_compact_f1.0_d3.0,1,0.48813170506856335,0.45816836547234957,0.029964357403580725,0,false,0,false,0,false,2.1635061031555764e-16,1.1032894494826142,1.103289449482614
n6_compact_f1.0_d3.0,3,0.49780777372098006,0.46453712623620214,0.033448592967433556,0.021018641557798413,true,0.01279871192372491,true,0.01015401489231499,true,2.2496310039287324e-16,1.1338150169112764,702.65507895673613
n6_compact_f1.0_d3.0,5,0.49813238469730758,0.46496638298662502,0.033357903427903852,0.00071147181121862415,true,0.00086209250260644785,true,0.00033976682156087941,true,3.4108062916717006e-16,1.1360729203695705,1096149902.5180433
n6_compact_f1.0_d3.0,7,0.49814219115166541,0.46498210545876711,0.033352564268745721,2.2699279821597372e-05,true,3.1575442838897715e-05,true,1.5937639218589193e-05,true,5.0248799419263584e-16,1.1361686350720561,8700634073753068
n6_compact_f1.0_d4.0,1,0.14965817441327678,0.14564824632984466,0.0040100692699289522,0,false,0,false,0,false,2.1824453271575893e-16,1.0432435991251605,1.0432435991251603
n6_compact_f1.0_d4.0,3,0.15024942922224571,0.14608398584160143,0.0041729894894715095,0.0044164973950520632,true,0.0029013622547521298,true,0.0021827812023570469,true,3.3898420385261051e-16,1.0489292007269801,39.627744083215497
n6_compact_f1.0_d4.0,5,0.15025532293021859,0.14609301340693284,0.0041700529977173285,4.5561232129474306e-05,true,6.0109633456130361e-05,true,2.9915031357888756e-05,true,3.4145759233340354e-16,1.0490564302016978,20050387.240021039
n6_compact_f1.0_d4.0,7,0.15025537293798674,0.14609311700092631,0.0041700018322158314,4.3366749303928439e-07,true,6.8977680888707801e-07,true,4.4024315160993278e-07,true,6.7994553318272643e-16,1.04905767492416,43808180247293.758
n6_compact_f1.0_d6.0,1,0.0301838583441085,0.029923791582786928,0.0002600762645420174,0,false,0,false,0,false,2.2177256148332394e-16,1.01360125248803,1.01360125248803
n6_compact_f1.0_d6.0,3,0.030199045614795462,0.029935937339821445,0.00026317208206512552,0.00057544323902804218,true,0.00040239775346931806,true,0.00028515589629141814,true,1.8933666894777972e-16,1.0142473971815562,2.216056881507098
n6_compact_f1.0_d6.0,5,0.03019907191165485,0.029935981426596498,0.0002631546855962371,1.079003885921348e-06,true,1.4607321522265676e-06,true,8.3185793585426884e-07,true,3.3685475007931378e-16,1.0142501958180463,70894.714239121487
n6_compact_f1.0_d10.0,1,0.0044979737323099572,0.0044882231537006715,9.7508686164744576e-06,0,false,0,false,0,false,3.0393592776798759e-16,1.0034414533999039,1.0034414533999036
n6_compact_f1.0_d10.0,3,0.0044982173989563945,0.0044884303430689698,9.7870871107885816e-06,5.9271731758483657e-05,true,4.6096085068930206e-05,true,2.3674713948181354e-05,true,3.5667059990274196e-16,1.003492933671581,1.0710046723283408
n6_compact_f1.0_d10.0,5,0.0044982174335345812,0.004488430403337778,9.7870614852387005e-06,9.9513611294669364e-09,true,1.3411600640816719e-08,true,8.0861941405092624e-09,true,3.0363469383069949e-16,1.0034929586201631,61.872103487727912
n6_irregular_f0.1_d2.1,1,0.012336724384103494,0.012180163197666172,0.00015711359107929446,0,false,0,false,0,false,2.9773916220497449e-16,1.0221598523402537,1.0221598523402537
n6_irregular_f0.1_d2.1,3,0.012435590064762298,0.012258483423760515,0.00017928861837901731,0.0085285197010094658,true,0.0066104175269231886,true,0.0028337130774249292,true,2.1908880067036882e-16,1.0368853069532535,124.95010342112039
n6_irregular_f0.1_d2.1,5,0.012448810269727346,0.012274383376212006,0.00017671348702227014,0.001314302723233206,true,0.0014358672692567442,true,0.00034332431935653448,true,2.8253053478010663e-16,1.0447544046977417,873437369.58307004
n6_irregular_f0.1_d2.1,7,0.012450709506477741,0.012276487979925659,0.00017655510485518579,0.00019841961557652348,true,0.00020256703230734469,true,3.7138067432981958e-05,true,3.9822861995885653e-16,1.0493626949986927,23370259149956544
n6_irregular_f0.1_d2.1,9,0.012450910798182127,0.01227671539417494,0.00017653337351919437,2.1508229093458049e-05,true,2.3048315583477167e-05,true,3.4025587198529945e-06,true,7.0506620125069817e-16,1.0518225156221308,2.3174952673040835e+25
n6_irregular_f0.1_d2.5,1,0.0061286746632194132,0.0060820219906394159,4.681564502798404e-05,0,false,0,false,0,false,2.215456646679392e-16,1.0131966154802443,1.0131966154802445
n6_irregular_f0.1_d2.5,3,0.0061472520412599032,0.006097354955219827,5.0299620414574804e-05,0.0032888528519851006,true,0.0026051383094555566,true,0.0011624242435374662,true,2.218006878368511e-16,1.0180947796599191,23.441391958222802
n6_irregular_f0.1_d2.5,5,0.0061484219235053905,0.0060988327912019115,5.0001318072843229e-05,0.00024215303278399497,true,0.00026939620173426258,true,7.7796883123271125e-05,true,3.0315719985172584e-16,1.0189412966477998,76038925.346051633
n6_irregular_f0.1_d2.5,7,0.0061485032068854415,0.0060989280278143316,4.9989368445949618e-05,1.7657777897949158e-05,true,1.848406216891297e-05,true,4.2942886914241122e-06,true,5.437356675049805e-16,1.0190590067209875,948332479128687.38
n6_irregular_f0.1_d3.0,1,0.0029638332211446516,0.0029505529438694743,1.3325782164881207e-05,0,false,0,false,0,false,2.2592066410922449e-16,1.0077261666056088,1.0077261666056088
n6_irregular_f0.1_d3.0,3,0.0029673217268272136,0.0029535440296269274,1.3849342009075326e-05,0.0012903052784260099,true,0.0010468805152649798,true,0.00047067198218585525,true,2.1541820655707376e-16,1.0093973579150077,5.296054422426514
n6_irregular_f0.1_d3.0,5,0.0029674195106325612,0.0029536724283597987,1.3819197344939507e-05,4.3075276196059692e-05,true,4.8412299055856925e-05,true,1.5944783703408649e-05,true,2.0357535597191538e-16,1.0095017287575971,5941759.7349320734
n6_irregular_f0.1_d3.0,7,0.0029674227708109354,0.0029536764178846276,1.3818536503045375e-05,1.5048507150766499e-06,true,1.6021213387944961e-06,true,4.3249713609000914e-07,true,6.9936192659133926e-16,1.0095061131151712,35709944022299.023
n6_irregular_f0.1_d4.0,1,0.00095177654762681227,0.00094990406901483931,1.8785841166119623e-06,0,false,0,false,0,false,2.120852715740275e-16,1.0033698525832013,1.0033698525832013
n6_irregular_f0.1_d4.0,3,0.00095207427647153178,0.00095017289423976405,1.9074844174122188e-06,0.00033983705988249507,true,0.00029043970010176565,true,0.00011468335876395167,true,2.2844113188347484e-16,1.0037089941366466,1.5570378172099821
n6_irregular_f0.1_d4.0,5,0.00095207635654523458,0.0009501757456211508,1.9067062785742856e-06,2.9572257107105062e-06,true,3.3467413516108436e-06,true,1.2554530785916823e-06,true,3.4133517261843955e-16,1.0037143606627152,106792.99553412739
n6_irregular_f0.1_d6.0,1,0.00019816019519013772,0.00019803343939208884,1.2712796374864178e-07,0,false,0,false,0,false,2.1329265958673406e-16,1.0010876415071213,1.0010876415071213
n6_irregular_f0.1_d6.0,3,0.00019817412462172162,0.00019804668469673524,1.2776781440796677e-07,7.3313855706742614e-05,true,6.8027022295412577e-05,true,1.5728509878080254e-05,true,2.9619327100541731e-16,1.0011279414147678,1.0620530919155386
n6_irregular_f0.1_d6.0,5,0.00019817413463749339,0.00019804669892183028,1.2776348213625852e-07,7.0770499716676193e-08,true,8.0276460572377708e-08,true,3.3024292374901553e-08,true,2.3673851128335807e-16,1.0011280513094531,376.95798463808609
n6_irregular_f0.1_d10.0,1,3.0594677155156708e-05,3.0589794665267165e-05,4.8963699162859026e-09,0,false,0,false,0,false,1.4004464011307572e-16,1.0002775278912441,1.0002775278912441
n6_irregular_f0.1_d10.0,3,3.0595175221428676e-05,3.0590281965337909e-05,4.906424723388636e-09,1.6583457476204448e-05,true,1.6149623532280012e-05,true,1.3280067361950741e-06,true,2.063710493432342e-16,1.0002808672055077,1.0051031576575657
n6_irregular_f0.1_d10.0,5,3.0595175235728788e-05,3.0590281985751661e-05,4.9064183921758148e-09,6.5881407024907004e-10,true,7.4736317263923529e-10,true,3.1026095352857534e-10,true,1.9655058598474417e-16,1.0002808681608863,1.7452535787265819
n6_irregular_f0.4_d2.1,1,0.2078532392097274,0.19731948837500454,0.010569161441004827,0,false,0,false,0,false,1.9867379133367964e-16,1.0925850685766538,1.0925850685766541
n6_irregular_f0.4_d2.1,3,0.21501810591372073,0.20255279088052153,0.012621581924537228,0.035682059195493665,true,0.025652248055837212,true,0.013111639830984078,true,2.2726171662038193e-16,1.160683065396932,2061.7576523914972
n6_irregular_f0.4_d2.1,5,0.21613292054786426,0.20378294126565627,0.012515668087894019,0.006280412154807808,true,0.00643092915546123,true,0.0012921356713606414,true,3.4450180752947697e-16,1.1992970861255434,14767163546.532701
n6_irregular_f0.4_d2.1,7,0.21631502131982963,0.2039686354610257,0.012515770836750838,0.0010782151637646498,true,0.0010392020313378003,true,0.00016363063972297617,true,7.6567671051420818e-16,1.222941236232064,3.3467793960482048e+17
n6_irregular_f0.4_d2.1,9,0.21633841261355027,0.20399285978556886,0.01251533990487641,0.00014227874662412057,true,0.00014318597712033724,true,1.4923159694380614e-05,true,5.0075665651471972e-16,1.2359921831156564,2.0928124654077959e+26
n6_irregular_f0.4_d2.1,11,0.21634160696175928,0.20399596221421287,0.012515448916099249,1.9940020346523554e-05,true,1.9037099116507717e-05,true,1.4208716150598123e-06,true,6.1561536575167684e-16,1.2428244785956621,2.7348687039814781e+34
n6_irregular_f0.4_d2.5,1,0.10111007053348156,0.098034696186543119,0.0030858101998280829,0,false,0,false,0,false,2.1013116341759767e-16,1.0541632290362708,1.054163229036271
n6_irregular_f0.4_d2.5,3,0.10233718735442295,0.098990932824020494,0.0033740012155690263,0.01311162314501794,true,0.0098086434690285666,true,0.0050286115139771609,true,2.1234332456676973e-16,1.0756763505264106,351.40212472708663
n6_irregular_f0.4_d2.5,5,0.102423970086511,0.099095675033935349,0.0033568150251031175,0.0010676412550203419,true,0.0011477946758176592,true,0.00031039953603495112,true,2.8723666573108081e-16,1.0795377139521032,1224271007.2765551
n6_irregular_f0.4_d2.5,7,0.10243018600003559,0.09910265232035452,0.0033562003269719809,8.0222042464321209e-05,true,8.1459424735455581e-05,true,1.7833362023396799e-05,true,5.3812825824255008e-16,1.0800919880553765,14612724932343854
n6_irregular_f0.4_d2.5,9,0.10243051514125218,0.099103023986999841,0.0033561641597109927,4.3007199930407628e-06,true,4.5637650963075058e-06,true,7.7604088891486636e-07,true,4.916719985922643e-16,1.0801525397726537,1.4734189812450697e+25
n6_irregular_f0.4_d3.0,1,0.04827816410742039,0.047413429900050569,0.00086764702395087647,0,false,0,false,0,false,2.007232623010858e-16,1.0313725503415478,1.0313725503415478
n6_irregular_f0.4_d3.0,3,0.048488776719758715,0.047585624246329151,0.00090796901180380447,0.0048472449484668239,true,0.0037144445788630828,true,0.0019783267425272076,true,2.1140023620010827e-16,1.0385142933376994,58.112159293033208
n6_irregular_f0.4_d3.0,5,0.048495673017853957,0.047594459132139243,0.00090606851718485256,0.00018481564089487841,true,0.00020391839488922197,true,6.534856695430223e-05,true,2.4661524978064733e-16,1.038974012749885,95105645.915134445
n6_irregular_f0.4_d3.0,7,0.04849590569575464,0.047594737488254449,0.00090602773125011244,6.5331151549248625e-06,true,6.8425390210940538e-06,true,1.8043999316818864e-06,true,4.8429769611395514e-16,1.0389937872316946,573924184636281.88
n6_irregular_f0.4_d4.0,1,0.015347795016498269,0.0152270507703634,0.00012113501882376093,0,false,0,false,0,false,1.8926357912454984e-16,1.0135680568090357,1.0135680568090355
n6_irregular_f0.4_d4.0,3,0.015362725306998223,0.015239908932911835,0.00012321413660447279,0.0011044699990110614,true,0.00087031025903381459,true,0.00047527870002182001,true,2.2423452893161917e-16,1.0149883548613088,4.9950689713482026
n6_irregular_f0.4_d4.0,5,0.015362867797755758,0.015240102320526612,0.00012316285644558357,1.2524256692987728e-05,true,1.4068439168678606e-05,true,5.2332578008620167e-06,true,2.1187699313126176e-16,1.0150113851676672,1708263.6162280363
n6_irregular_f0.4_d4.0,7,0.015362869309820035,0.015240104244845343,0.00012316246555072857,1.3889267561328387e-07,true,1.4922584568805239e-07,true,4.6092877990355467e-08,true,5.8612566559716772e-16,1.0150116118101842,3239980870916.4834
n6_irregular_f0.4_d6.0,1,0.0031785681273304917,0.003170436102711012,8.1558448816100242e-06,0,false,0,false,0,false,2.3253265404358964e-16,1.0043598048490883,1.0043598048490887
n6_irregular_f0.4_d6.0,3,0.0031790483493446191,0.0031708697850162692,8.1995464595860512e-06,0.00016815081108864942,true,0.00014045123212529074,true,6.4938301846164594e-05,true,2.1213541082796962e-16,1.0045268723041236,1.2716860457067352
n6_irregular_f0.4_d6.0,5,0.0031790490247791659,0.0031708707425812132,8.1992562169463552e-06,2.9777461935119026e-07,true,3.36976305103501e-07,true,1.3870932819623572e-07,true,2.6375184332252713e-16,1.0045273380370936,6000.7875710256703
n6_irregular_f0.4_d10.0,1,0.0004898213059465966,0.00048950866283144212,3.135315222672373e-07,0,false,0,false,0,false,1.8894562317400581e-16,1.0011106874301097,1.0011106874301097
n6_irregular_f0.4_d10.0,3,0.00048983266252151903,0.00048951930414422478,3.142001860308243e-07,2.4313068661079117e-05,true,2.2145882482276428e-05,true,5.4795874367660377e-06,true,3.0110576367978063e-16,1.0011244805732622,1.0205708185645588
n6_irregular_f0.4_d10.0,5,0.00048983266343265272,0.00048951930546700271,3.1419975980600322e-07,2.6807950620619086e-09,true,3.0366339435443542e-09,true,1.3064488148749733e-09,true,2.7744853160997692e-16,1.0011244846054155,6.9477205435704281
n6_irregular_f0.8_d2.1,1,0.89311957163700695,0.80271487807547293,0.09068948002883602,0,false,0,false,0,false,3.430837474356584e-16,1.1968536684478759,1.1968536684478759
n6_irregular_f0.8_d2.1,3,0.9650356092196587,0.85003836272351418,0.11646324358490368,0.07924490659860299,true,0.051819138274109812,true,0.032461676661819948,true,3.9881123447549668e-16,1.3651053066831504,9074.8186831031762
n6_irregular_f0.8_d2.1,5,0.97847638970717643,0.86315790054221886,0.11690633498922748,0.016365580972391897,true,0.015254002331917062,true,0.0027939214101650295,true,3.0775610413760267e-16,1.4702620549171945,69269559339.661316
n6_irregular_f0.8_d2.1,7,0.98115043719590067,0.86559155810886579,0.11718937912826496,0.0034134981169248457,true,0.0030349041742110147,true,0.00053301714656063808,true,5.4724860232397498e-16,1.5397743816921043,2.21989845576624e+18
n6_irregular_f0.8_d2.1,9,0.98159788704944306,0.86600572551650834,0.11722868107088047,0.00058707293351234371,true,0.00054402928234244946,true,6.3230148501961341e-05,true,7.5361103038248833e-16,1.5803980236253776,1.7964464364260261e+27
n6_irregular_f0.8_d2.1,11,0.98168045692954298,0.86607832656637984,0.11723906444710706,0.00011053457261193601,true,9.827236841384866e-05,true,1.3131347107329782e-05,true,4.798149898608892e-16,1.602527453420685,2.5483679670503769e+34
n6_irregular_f0.8_d2.5,1,0.42169190503462173,0.39606798262306775,0.025707566891541606,0,false,0,false,0,false,3.4294986860550559e-16,1.1122293061696533,1.1122293061696533
n6_irregular_f0.8_d2.5,3,0.43288245508298429,0.40426548648412308,0.028863165676375604,0.028133459590461703,true,0.019912894110797549,true,0.011296633824389087,true,3.410903882644266e-16,1.161294915682004,1445.7938351091652
n6_irregular_f0.8_d2.5,5,0.43373956468549862,0.40523610867336984,0.028757957705328855,0.0024566317057751292,true,0.0025167966552909408,true,0.00062762022813637531,true,2.6502244661690159e-16,1.1706166351339713,5031010626.9286785
n6_irregular_f0.8_d2.5,7,0.43380383672476286,0.40530407609474917,0.028755689143829876,0.00019312407575531657,true,0.00018790941746771458,true,3.896859070608217e-05,true,4.9560037111816994e-16,1.1720185915746499,73716861017670784
n6_irregular_f0.8_d2.5,9,0.4338074248574294,0.40530789503265219,0.028755525308497655,1.0939014611103981e-05,true,1.1104918990676913e-05,true,1.685544095761447e-06,true,5.6982223211343237e-16,1.1721774079420841,5.1926843757454374e+25
n6_irregular_f0.8_d3.0,1,0.19783928156879885,0.19075742628251224,0.0071051727349570023,0,false,0,false,0,false,3.4196585759106666e-16,1.0640377683866327,1.0640377683866329
n6_irregular_f0.8_d3.0,3,0.19965616482536136,0.19218602892956083,0.0075114561395091478,0.010143896329225115,true,0.0074978829513403407,true,0.0042499088051663443,true,3.6897553866752636e-16,1.0796928505798196,229.17747094910331
n6_irregular_f0.8_d3.0,5,0.19971943698644601,0.19226437923894205,0.0074967866505665408,0.00040847528598017628,true,0.00043938273406411325,true,0.00013577493729945251,true,4.6931668900296029e-16,1.0807469263721905,381867812.42029905
n6_irregular_f0.8_d3.0,7,0.19972161085401108,0.19226689993614171,0.0074964855288254294,1.4701684798535445e-05,true,1.5054500193469718e-05,true,3.8577074766175945e-06,true,6.4706629190744176e-16,1.0807938797191312,2343837228001858
n6_irregular_f0.8_d4.0,1,0.06203719435339005,0.061061419177113233,0.0009789018189109188,0,false,0,false,0,false,3.3986355975071203e-16,1.0273761612409809,1.0273761612409813
n6_irregular_f0.8_d4.0,3,0.062157686949841549,0.061162709498338977,0.00099824768325144919,0.0022225598361185119,true,0.0016996528011329864,true,0.00099874292709046467,true,2.7388204369412814e-16,1.0304025743264391,14.754843040269567
n6_irregular_f0.8_d4.0,5,0.062158942323681902,0.061164390041974243,0.00099782016726791714,2.7175855438871912e-05,true,3.0219470278617711e-05,true,1.1109201111655485e-05,true,3.4064663355251699e-16,1.0304534566270325,6833145.5567641975
n6_irregular_f0.8_d4.0,7,0.062158955809926558,0.061164406994578244,0.0009978168971951913,3.0516579009003891e-07,true,3.2491796065092792e-07,true,9.9424705334600243e-08,true,4.5762490664922972e-16,1.0304539687499961,12971668955116.65
n6_irregular_f0.8_d6.0,1,0.012757166411361489,0.012691899473233877,6.5457519408180576e-05,0,false,0,false,0,false,2.9767743958236294e-16,1.008744368268486,1.008744368268486
n6_irregular_f0.8_d6.0,3,0.012760585675977045,0.012694914467767661,6.5839097204611674e-05,0.00030733639742055508,true,0.00024458437994376861,true,0.00013569104555436872,true,3.0370573065573426e-16,1.0090954182056051,1.6120282774833958
n6_irregular_f0.8_d6.0,5,0.012760591528677976,0.012694922731340055,6.583661864041522e-05,6.4222400777236288e-07,true,7.2453032327292301e-07,true,2.9742542376485678e-07,true,3.8612786515907204e-16,1.0090964291948441,23994.599459648314
n6_irregular_f0.8_d10.0,1,0.0019609214125753862,0.0019584185191946104,2.5100015526968119e-06,0,false,0,false,0,false,3.4044951842257365e-16,1.0022229122251101,1.0022229122251101
n6_irregular_f0.8_d10.0,3,0.0019609864103861435,0.0019584774930363237,2.5156407465310718e-06,3.5858018400718504e-05,true,3.0799713656785849e-05,true,1.1439968641689919e-05,true,4.2178493447376551e-16,1.0022517507721156,1.0415673946341562
n6_irregular_f0.8_d10.0,5,0.0019609864181710174,0.0019584775043608458,2.5156370823736408e-06,5.7423291588642346e-09,true,6.4982576348717591e-09,true,2.810766298504818e-09,true,4.2461099601082909e-16,1.0022517594744906,22.321163668133281
n6_irregular_f1.0_d2.1,1,1.448239227242101,1.2650482800374445,0.18374934342257138,0,false,0,false,0,false,3.3606272135996059e-16,1.2540829027640372,1.2540829027640374
n6_irregular_f1.0_d2.1,3,1.6072416704180976,1.3640557972999654,0.24630245859079153,0.10481725083094519,true,0.065176742835550736,true,0.045389031771637785,true,2.9788134328910553e-16,1.4899999279667435,15062.607462499676
n6_irregular_f1.0_d2.1,5,1.6402162060297312,1.3941978039632836,0.2494431923591035,0.023687880419511531,true,0.020976837755233294,true,0.0042200106722555808,true,4.6251049724704752e-16,1.6464157058122759,120234546215.43547
n6_irregular_f1.0_d2.1,7,1.647571798120705,1.4005060866081391,0.25059613400467168,0.0055212783384331957,true,0.0047008419494549963,true,0.00098511238708635213,true,7.8737517076277512e-16,1.7550077050370101,6.8211934479293266e+18
n6_irregular_f1.0_d2.1,9,1.6489891564847363,1.4017449947026808,0.25079202281757251,0.0010913381614902689,true,0.00096842887501962123,true,0.00014832788353703541,true,5.6166368579032638e-16,1.820812001382502,2.4317358947917322e+27
n6_irregular_f1.0_d2.1,11,1.6492914493394064,1.4019973807452055,0.25084351544833877,0.00023661282579013175,true,0.00020234007287366052,true,3.6184067609692135e-05,true,7.6431616816071229e-16,1.8575525624594889,1.3785907867505676e+35
n6_irregular_f1.0_d2.5,1,0.67308149473376222,0.62197867915594096,0.051266416258150552,0,false,0,false,0,false,2.6297728572637566e-16,1.1428601495511781,1.1428601495511783
n6_irregular_f1.0_d2.5,3,0.69657087091710257,0.63865963613790655,0.058418739060260946,0.036593484161452215,true,0.025197539311555637,true,0.015033441568743469,true,3.3807001463603209e-16,1.2085631035923488,2304.8206003072487
n6_irregular_f1.0_d2.5,5,0.69844351634973656,0.64071089405287218,0.058258918048542843,0.0033103911189884872,true,0.0033066397438886088,true,0.00079833640010754266,true,3.4391115209039767e-16,1.2214464450513491,8033519534.696475
n6_irregular_f1.0_d2.5,7,0.69858758915050734,0.64085859907709974,0.058258384580028473,0.0002668984846593772,true,0.00025395304272461672,true,5.2203309598102229e-05,true,4.446600061895849e-16,1.2234340725657615,91136821596352368
n6_irregular_f1.0_d2.5,9,0.69859586567784326,0.64086714329642835,0.058258268611407177,1.5570489249720891e-05,true,1.5448767087449064e-05,true,2.2739891691571447e-06,true,8.0722608766461488e-16,1.2236637302872266,5.0168029224370116e+25
n6_irregular_f1.0_d3.0,1,0.31292660059610683,0.29892931991015836,0.014042844936905349,0,false,0,false,0,false,2.3237920866276962e-16,1.0808803509799192,1.0808803509799194
n6_irregular_f1.0_d3.0,3,0.31664276247485218,0.3017976878279916,0.014928806772534458,0.013059020348683555,true,0.0094972534861831066,true,0.0055186764014773003,true,3.3709654130618492e-16,1.1014008610030435,359.53126476633702
n6_irregular_f1.0_d3.0,5,0.31677557533521083,0.30195929954771511,0.014900926713880963,0.00053838987286471834,true,0.00057159286006597016,true,0.00017351373984670539,true,3.3719112166083384e-16,1.1028171520684391,598760095.48480964
n6_irregular_f1.0_d3.0,7,0.31678018569231847,0.30196456015622436,0.014900373359090098,1.9576501585137798e-05,true,1.9814606261545815e-05,true,5.0133501068013688e-06,true,7.5238693401264339e-16,1.1028814611317006,3803353925238612.5
n6_irregular_f1.0_d4.0,1,0.097444219070556601,0.095528679409606534,0.0019216470368247564,0,false,0,false,0,false,3.3672885435366349e-16,1.0343722295491689,1.0343722295491691
n6_irregular_f1.0_d4.0,3,0.097684889904574385,0.095729043047078577,0.0019623306825024621,0.0028274134956915351,true,0.0021408765099068146,true,0.0012809564158956068,true,3.3625407209714283e-16,1.0382809042031904,22.026337088085221
n6_irregular_f1.0_d4.0,5,0.09768746939207415,0.095732472100725483,0.0019614773862690234,3.5466996625500377e-05,true,3.9237659512216639e-05,true,1.4338098384677515e-05,true,4.741935707153486e-16,1.0383479384365242,10678461.226283235
n6_irregular_f1.0_d4.0,7,0.097687497297246004,0.095732506958739139,0.0019614708458500995,4.0110714974556523e-07,true,4.2511617645218889e-07,true,1.2948169499167015e-07,true,7.8984669187774712e-16,1.0383486215870739,20282421276365.027
n6_irregular_f1.0_d6.0,1,0.019966718532900496,0.019839037313077304,0.00012805346887646133,0,false,0,false,0,false,3.409030057896031e-16,1.0109460000592403,1.0109460000592401
n6_irregular_f1.0_d6.0,3,0.019973325145116728,0.019844820747815389,0.00012883239871175963,0.00038216759117370346,true,0.00030017474919750097,true,0.00017349314095674382,true,4.7591782938437418e-16,1.0113961364885511,1.8110628455484037
n6_irregular_f1.0_d6.0,5,0.019973337071178907,0.019844837550598175,0.00012882738686745125,8.3560586929276201e-07,true,9.4123697250604126e-07,true,3.8578612952756124e-07,true,4.5323518923206415e-16,1.0113974561360881,37488.825795570861
n6_irregular_f1.0_d10.0,1,0.0030652191021328071,0.0030603289296259896,4.9040565520853074e-06,0,false,0,false,0,false,2.2049637789784523e-16,1.0027796020595208,1.0027796020595205
n6_irregular_f1.0_d10.0,3,0.0030653370681625008,0.0030604348148152395,4.915373657940265e-06,4.2115025471662315e-05,true,3.5435654738281585e-05,true,1.462046693125271e-05,true,2.3683496577272139e-16,1.0028164859936133,1.0522274472950068
n6_irregular_f1.0_d10.0,5,0.0030653370839573198,0.003060434837792992,4.9153662232968676e-06,7.4579112180539691e-09,true,8.4360973037069733e-09,true,3.6519504168984571e-09,true,4.2445287609886406e-16,1.0028164973187046,33.791741625600729
n10_linear_f0.1_d2.1,1,0.0048184533440089154,0.0047812674829185798,4.7871582050719318e-05,0,false,0,false,0,false,1.9899067199700067e-16,1.0222404462511336,1.0222404462511336
n10_linear_f0.1_d2.1,3,0.0048509772299901704,0.0048260813782331708,3.1290000110820844e-05,0.0073805152254223664,true,0.0092665181105131243,true,0.0034285827841093394,true,2.373893404555597e-16,1.0365241944473196,193.49783394088149
n10_linear_f0.1_d2.1,5,0.0048569866907707407,0.0048370243386523385,2.4901588022477055e-05,0.0016232970093643592,true,0.0022602534830493712,true,0.00133494459156136,true,7.0383329704217278e-16,1.044731009601892,1484832913.853652
n10_linear_f0.1_d2.1,7,0.0048577958760329908,0.0048386552660420103,2.3846819215322964e-05,0.00023888846589921746,true,0.00033680918102154094,true,0.00022222163623193499,true,7.8033868512803234e-16,1.0492586478200863,40302439184580960
n10_linear_f0.1_d2.1,9,0.0048578871252624896,0.0048388463070004727,2.3718989363518905e-05,2.7931458292856624e-05,true,3.9451841710259155e-05,true,2.6989077677517371e-05,true,8.1623195127495285e-16,1.0516159708891879,2.8289182334837667e+24
n10_linear_f0.1_d2.5,1,0.0023982758511991702,0.0023871433798180746,1.4325242190451006e-05,0,false,0,false,0,false,2.0598408093757319e-16,1.013252838835623,1.013252838835623
n10_linear_f0.1_d2.5,3,0.0024031400317679292,0.0023957456116812451,9.3412798798338804e-06,0.0026295756911618052,true,0.0035909353185053154,true,0.0020812470497934958,true,2.1068572092596869e-16,1.0168358189800923,35.164793524365805
n10_linear_f0.1_d2.5,5,0.0024035370743832403,0.0023967544693809517,8.5514090483016392e-06,0.0003006764656602643,true,0.00042116219561619782,true,0.00033421973259013744,true,8.2490273641069437e-16,1.0174403895592468,126009266.44248232
n10_linear_f0.1_d2.5,7,0.0024035623350942164,0.0023968276341291778,8.4899059777198058e-06,2.208716175752448e-05,true,3.054354617368234e-05,true,2.615152001978114e-05,true,5.8893135635896904e-16,1.0175202662224492,1667102667033712.2
n10_linear_f0.1_d3.0,1,0.001161411107582031,0.0011582270026577713,4.0962637346712753e-06,0,false,0,false,0,false,2.1305519083847181e-16,1.0077576638286549,1.0077576638286549
n10_linear_f0.1_d3.0,3,0.0011621536133075816,0.0011598653559404893,2.908653650551404e-06,0.0010190371445431129,true,0.0014144002407748394,true,0.001026268532002179,true,2.1068572092596869e-16,1.0086861556339535,7.2259453219130201
n10_linear_f0.1_d3.0,5,0.0011621766203222233,0.0011599525731691258,2.8259007171825342e-06,5.6710046412332559e-05,true,7.5318588531085221e-05,true,7.2425196525802615e-05,true,5.7115886141820536e-16,1.00873460281598,9757258.6397609375
n10_linear_f0.1_d3.0,7,0.0011621773158271992,0.0011599556277095519,2.8228726690030514e-06,2.02813297907829e-06,true,2.6378438646984141e-06,true,2.6592085869509879e-06,true,6.0150522783238167e-16,1.0087364691780238,61896556765375.391
n10_linear_f0.1_d4.0,1,0.00037336811144695741,0.00037291808374114544,5.8044594350382641e-07,0,false,0,false,0,false,2.1038040471578735e-16,1.0033724626723233,1.0033724626723235
n10_linear_f0.1_d4.0,3,0.00037342693736455761,0.00037305859417896775,4.7285039534147186e-07,0.00027184490244096563,true,0.00037762281766979172,true,0.00028958624984858896,true,2.2452263943842769e-16,1.0035042188938375,1.7268869073986675
n10_linear_f0.1_d4.0,5,0.00037342715700630679,0.000373060521427348,4.7066030013427006e-07,4.3356902049721951e-06,true,5.1826285926370998e-06,true,5.9692818988417677e-06,true,5.0886117900182248e-16,1.0035057725445371,174495.63173888167
n10_linear_f0.1_d6.0,1,7.7156380464170359e-05,7.712711837753024e-05,3.8297648720914959e-08,0,false,0,false,0,false,2.1038040471578735e-16,1.0010690995332279,1.0010690995332279
n10_linear_f0.1_d6.0,3,7.7160303972764264e-05,7.7133575345716431e-05,3.4991598000885319e-08,6.1948798036240332e-05,true,8.4025694267852392e-05,true,4.3093080410600259e-05,true,2.0042825554334753e-16,1.0010801072378746,1.0773648043130766
n10_linear_f0.1_d6.0,5,7.7160303858960562e-05,7.7133584922177081e-05,3.4979295629021175e-08,1.1557643476101763e-07,true,1.2476835148141914e-07,true,1.6263594132468618e-07,true,6.5394682068660884e-16,1.0010801303815215,612.64386496717611
n10_linear_f0.1_d10.0,1,1.132273928354862e-05,1.1321796845357655e-05,1.2394366237768302e-09,0,false,0,false,0,false,1.8897951887028539e-16,1.0002599295004388,1.0002599295004388
n10_linear_f0.1_d10.0,3,1.1322933211194319e-05,1.1322022475814429e-05,1.1982247199098309e-09,1.7565100531313812e-05,true,1.9990709659110607e-05,true,3.6510519375212727e-06,true,3.0172500948918671e-16,1.0002606416993731,1.0062933158001905
n10_linear_f0.1_d10.0,5,1.1322933210643348e-05,1.1322022489434036e-05,1.1982064283588567e-09,1.1514497357184384e-09,true,1.2087180147860002e-09,true,1.6230768459964557e-09,true,6.1500693634375204e-16,1.0002606418844999,2.0203156820686488
n10_linear_f0.4_d2.1,1,0.080198652543914423,0.07769685376188766,0.003198092314714655,0,false,0,false,0,false,2.2890622841439653e-16,1.0924381170784936,1.0924381170784936
n10_linear_f0.4_d2.1,3,0.082466042538338225,0.08074947134337758,0.0021470725298320678,0.030090110771349949,true,0.037125897274818048,true,0.012796339159335918,true,2.2405769100445354e-16,1.1587639128638529,3312.0518260262916
n10_linear_f0.4_d2.1,5,0.082976879874218368,0.081610378126523025,0.0016962611082464837,0.0076150666766144357,true,0.010405532120592167,true,0.0055135967183992732,true,6.2061801590890885e-16,1.199505712608137,27292160547.721355
n10_linear_f0.4_d2.1,7,0.083060501229905728,0.081757576610010207,0.0016150015158614228,0.0012857682724578007,true,0.0017773003838261767,true,0.0010020678262389379,true,9.2488069206551457e-16,1.222894619548905,8.0973625110469478e+17
n10_linear_f0.4_d2.1,9,0.083072703387066862,0.081778476281839138,0.0016039074011388957,0.00018361533926909652,true,0.000252307825104197,true,0.00013716661405196673,true,7.2657481332590918e-16,1.2354030438892341,6.5382808521157077e+25
n10_linear_f0.4_d2.1,11,0.083074472457230111,0.081781312431640746,0.001602546667333745,2.5378412292296654e-05,true,3.4238191253177588e-05,true,1.6834515750934092e-05,true,6.4942043146934576e-16,1.2416740619942721,4.8973214449354043e+34
n10_linear_f0.4_d2.5,1,0.039281585407210461,0.038547700360665425,0.00094040772362607105,0,false,0,false,0,false,1.8302462552620816e-16,1.054229737264383,1.0542297372643827
n10_linear_f0.4_d2.5,3,0.03958087865244355,0.039095455255390668,0.00061100378230166555,0.010164723339187484,true,0.013882741455489706,true,0.0083515406226601779,true,3.2086584543663001e-16,1.0700558437802166,551.64193365122355
n10_linear_f0.4_d2.5,5,0.039610234188298836,0.039167350607109984,0.00055631381545777217,0.0012978201553858412,true,0.0018209927836027099,true,0.0014045055053954637,true,6.1524583253314897e-16,1.0728505577042116,2116026736.7305808
n10_linear_f0.4_d2.5,7,0.039612206375987974,0.039172741198436153,0.0005519440468355031,9.8125261522000033e-05,true,0.00013652824378122474,true,0.00011283789270405928,true,5.734175452884751e-16,1.0732318666744602,28495579476864720
n10_linear_f0.4_d2.5,9,0.039612314492433291,0.039173051938507404,0.00055168534315528956,5.6891405020133764e-06,true,7.8701345069213201e-06,true,6.6889330281941149e-06,true,7.2428068003683939e-16,1.0732742689445327,9.7867033100185684e+23
n10_linear_f0.4_d3.0,1,0.018838679810582775,0.018631342406064247,0.00026608132643817287,0,false,0,false,0,false,2.071834186130833e-16,1.0314454841368681,1.0314454841368683
n10_linear_f0.4_d3.0,3,0.018876166756376444,0.018728439559202649,0.00018734235971126052,0.0037788712695715986,true,0.0051613537292641608,true,0.0041887375482534284,true,2.8599749116956392e-16,1.0354378620117888,89.261614328777895
n10_linear_f0.4_d3.0,5,0.018877778239035962,0.01873445261702672,0.00018168702580111383,0.00024006481373599502,true,0.00031966104800320742,true,0.00030475058366081061,true,8.4541271491393781e-16,1.0356531749068767,159282311.77152801
n10_linear_f0.4_d3.0,7,0.018877827856173677,0.018734666056406554,0.00018147742476335062,8.6930875432531215e-06,true,1.1346732537687784e-05,true,1.1336516907735448e-05,true,9.369309965548508e-16,1.0356616641998728,1015371559969019.8
n10_linear_f0.4_d4.0,1,0.006009536655093321,0.0059805178219322032,3.738896169827199e-05,0,false,0,false,0,false,1.573444587942052e-16,1.0135680175133137,1.0135680175133135
n10_linear_f0.4_d4.0,3,0.0060111806651515654,0.0059875767947477282,3.0268772328498521e-05,0.00092588860777864613,true,0.0011788396949698732,true,0.0011903751044568139,true,2.254537056691749e-16,1.0141228863516105,6.7788389403201537
n10_linear_f0.4_d4.0,5,0.0060111955169026782,0.0059877075818573888,3.012032768794032e-05,1.8270497754724373e-05,true,2.184802137814398e-05,true,2.5134785077256473e-05,true,9.5374819307308703e-16,1.0141295614192549,2810760.8473365391
n10_linear_f0.4_d4.0,7,0.0060111956572081304,0.0059877090521978085,3.0118630649000593e-05,2.0818177641411667e-07,true,2.4562314490057911e-07,true,2.882063128859255e-07,true,9.6470332377752658e-16,1.0141296198502296,5623128547540.8545
n10_linear_f0.4_d6.0,1,0.0012368159278192076,0.0012349388068960388,2.455945906713942e-06,0,false,0,false,0,false,2.2232718871862239e-16,1.0042841904639594,1.0042841904639597
n10_linear_f0.4_d6.0,3,0.001236874218366734,0.0012351645459200435,2.2375666179453818e-06,0.00014045807716203427,true,0.00018334318826797191,true,0.00017756585503776075,true,2.1532117731672099e-16,1.004329996363478,1.3462519144287932
n10_linear_f0.4_d6.0,5,0.0012368742086899362,0.0012351651910997234,2.2367357730865568e-06,4.8688457934831881e-07,true,5.2437927390747499e-07,true,6.8519132466456807e-07,true,7.8060541473498841e-16,1.0043300941800803,9790.9570183429951
n10_linear_f0.4_d10.0,1,0.00018124261815169541,0.00018118227654062631,7.9351572384629155e-08,0,false,0,false,0,false,1.9941226585228661e-16,1.0010401436135707,1.0010401436135707
n10_linear_f0.4_d10.0,3,0.00018124564792597355,0.00018118739918362159,7.6631407487293449e-08,2.0558333069498795e-05,true,2.8363021566462147e-05,true,1.5055167934151356e-05,true,2.6501084098540731e-16,1.0010430901766871,1.0254167693349503
n10_linear_f0.4_d10.0,5,0.00018124564786020864,0.00018118740007385366,7.6630173678114948e-08,4.8467880688906171e-09,true,4.9358275057841009e-09,true,6.8395546766617623e-09,true,6.1490638446302399e-16,1.0010430909565036,10.149624648348466
n10_linear_f0.8_d2.1,1,0.33888578546835879,0.31742541359486148,0.027174076352599861,0,false,0,false,0,false,3.0568630294911105e-16,1.1950380984572215,1.1950380984572218
n10_linear_f0.8_d2.1,3,0.36092756888168737,0.34546910320117474,0.01921206307615381,0.065623326722347511,true,0.07791075837054233,true,0.022216007172215592,true,4.2003571969216153e-16,1.3597746693986248,14865.614753392058
n10_linear_f0.8_d2.1,5,0.3671078205338274,0.3548663410847393,0.015099419205011637,0.019487961328940977,true,0.025662633497560348,true,0.011370830890322247,true,6.3019765907080497e-16,1.4725700413267826,134783231938.23436
n10_linear_f0.8_d2.1,7,0.3684127607391452,0.35684776651829575,0.014238830900604807,0.0040873419660129714,true,0.0053914366810112425,true,0.0023956785757481376,true,7.2227074612221603e-16,1.5419113396776154,4.5496730015421507e+18
n10_linear_f0.8_d2.1,9,0.36866749557411221,0.35721395361959923,0.014097293748984384,0.00077253383480443744,true,0.0009956867344614569,true,0.00039514020599277941,true,5.5211715956074391e-16,1.5807562324943254,4.3203962614112546e+26
n10_linear_f0.8_d2.1,11,0.36871790395315091,0.3572816141485381,0.014075401442327017,0.0001478155009732792,true,0.00018394771991245976,true,6.1175346623521697e-05,true,6.0178096641195838e-16,1.6009095650741532,3.7596442040034334e+34
n10_linear_f0.8_d2.5,1,0.16223417443511681,0.15612005234255844,0.0077907465963204118,0,false,0,false,0,false,3.4033595139522847e-16,1.1118882085463677,1.1118882085463677
n10_linear_f0.8_d2.5,3,0.16488919499485327,0.16085902782824144,0.0050480894759450858,0.021291090941227834,true,0.02882855982402955,true,0.016693790492834645,true,3.5276301020087883e-16,1.1482828642381167,2310.5465332854315
n10_linear_f0.8_d2.5,5,0.16517835170216205,0.16153048906672379,0.0045592350978833655,0.0029031704374648049,true,0.0040776149809956599,true,0.0030118469319719626,true,4.7905323967618687e-16,1.155155958535641,9075136041.160593
n10_linear_f0.8_d2.5,7,0.16519930005026637,0.16158341409661059,0.0045185835308676012,0.00022959409295115782,true,0.00032135724058189287,true,0.00025204670699172077,true,9.7435164886626414e-16,1.1561387243148151,1.253157831318877e+17
n10_linear_f0.8_d2.5,9,0.16520054521131736,0.1615866304352466,0.004516081143854175,1.3978195420031732e-05,true,1.9529232328242682e-05,true,1.5541468751247479e-05,true,5.6789190195064614e-16,1.1562518105967761,5.3760823072240025e+24
n10_linear_f0.8_d3.0,1,0.076762434891992748,0.075064419516195913,0.0021719775191241962,0,false,0,false,0,false,2.9653827178230667e-16,1.0640322951360264,1.0640322951360264
n10_linear_f0.8_d3.0,3,0.077072278758256341,0.075876639512177407,0.0015115154847841572,0.0077698328941061658,true,0.010573825528847997,true,0.0086042791715806779,true,3.4138568946725447e-16,1.0728653850311216,359.23437238903597
n10_linear_f0.8_d3.0,5,0.077086983717876312,0.075930113545794667,0.0014619006079665219,0.00052071097873946661,true,0.00069609784621555597,true,0.00065490482084089871,true,5.4788145133478763e-16,1.0733657084722688,655294959.25208235
n10_linear_f0.8_d3.0,7,0.077087449097611616,0.07593205055125371,0.0014600256625897071,1.9215348722487859e-05,true,2.5214937926234119e-05,true,2.4849901336896943e-05,true,5.9861382868282768e-16,1.0733861231699946,4202761675049073.5
n10_linear_f0.8_d4.0,1,0.024230759601910217,0.023996257147720832,0.00030171565172236448,0,false,0,false,0,false,3.392834453557655e-16,1.0273473149322889,1.0273473149322885
n10_linear_f0.8_d4.0,3,0.024241629620604485,0.024052575139148536,0.00024209271049733958,0.0018854078115385492,true,0.0023322618042886886,true,0.0024714818726195549,true,3.1451374182201943e-16,1.0285396233546014,21.828366632809285
n10_linear_f0.8_d4.0,5,0.02424175905654195,0.02405371248860633,0.00024080500715598188,3.9352473313911731e-05,true,4.7111158529193682e-05,true,5.4068474628358993e-05,true,6.887714785232214e-16,1.0285544041701331,11346579.218795117
n10_linear_f0.8_d4.0,7,0.024241760286825651,0.024053725446450739,0.00024079007814486236,4.5462772627405206e-07,true,5.3674341325501072e-07,true,6.2879832282840052e-07,true,7.357051192012995e-16,1.0285545360406885,22717685064339.02
n10_linear_f0.8_d6.0,1,0.004959654005525756,0.0049445904448876003,1.9700038436370698e-05,0,false,0,false,0,false,3.3986134527804775e-16,1.0085892480302707,1.0085892480302709
n10_linear_f0.8_d6.0,3,0.0049598638141352489,0.0049462005303419791,1.7875331182309266e-05,0.00027442429298643362,true,0.00032616648524460916,true,0.00036997553920274857,true,2.6755006860530878e-16,1.0086860452098061,1.8022542170687978
n10_linear_f0.8_d6.0,5,0.0049598637251037116,0.0049462060996017763,1.7868158415506989e-05,1.0483663467924636e-06,true,1.1287910960718841e-06,true,1.4751381201108252e-06,true,5.7765496676192687e-16,1.0086862567805934,39257.991010979422
n10_linear_f0.8_d10.0,1,0.0007253910043761116,0.0007249079985987278,6.3510746557875277e-07,0,false,0,false,0,false,3.382282365300331e-16,1.0020814231761608,1.0020814231761608
n10_linear_f0.8_d10.0,3,0.00072540274161246436,0.0007249372112021449,6.1239918776105251e-07,2.8574827049008652e-05,true,4.0422014354468406e-05,true,3.1402776251359139e-05,true,4.2054273378014285e-16,1.0020875990247073,1.0514904648449206
n10_linear_f0.8_d10.0,5,0.00072540274100378621,0.00072493721883529541,6.1238855319700349e-07,1.0437205603924127e-08,true,1.0574233969684156e-08,true,1.4729504482307354e-08,true,6.0689174401998564e-16,1.0020876007032393,34.982959377403084
n10_linear_f1.0_d2.1,1,0.54480896759705422,0.50134376913094403,0.054774723952163921,0,false,0,false,0,false,3.3576699830688503e-16,1.250687190982769,1.250687190982769
n10_linear_f1.0_d2.1,3,0.59285066291787603,0.56048909498400734,0.040090441529895188,0.08625162443463924,true,0.10002442854716605,true,0.025022016995692498,true,3.4288639257279988e-16,1.4822589411326248,24775.138557520459
n10_linear_f1.0_d2.1,5,0.6079890366931413,0.58233791422071735,0.031542588644085968,0.02802264610374304,true,0.036019611939734894,true,0.014274479055015813,true,9.0032363198413342e-16,1.6515632059174075,237378459757.53415
n10_linear_f1.0_d2.1,7,0.61164065008950386,0.58753308884302413,0.029582504856180657,0.0066495772178596412,true,0.0085126674973877818,true,0.0032894482015982016,true,8.1143529919428684e-16,1.7603400525777102,8.5990242105317837e+18
n10_linear_f1.0_d2.1,9,0.61246163219220651,0.58863719402170667,0.029223577194315065,0.0014522538245897031,true,0.0018066880204346415,true,0.00060404401960126753,true,1.1630894467996623e-15,1.8231570243606023,8.7207533196557208e+26
n10_linear_f1.0_d2.1,11,0.61264816929049415,0.58887344274343567,0.029160644269839057,0.00032191409609328694,true,0.00038646286036641268,true,0.00010604649275236014,true,1.1280233189656337e-15,1.8564665745097879,1.7499817829861057e+35
n10_linear_f1.0_d2.5,1,0.25766769918986698,0.24547546550212213,0.015491752280787297,0,false,0,false,0,false,2.5637127008953505e-16,1.1421064513460815,1.142106451346081
n10_linear_f1.0_d2.5,3,0.26318829224067758,0.25515623062900378,0.010036118512780225,0.027398196111238865,true,0.036893462347069188,true,0.020807060689754606,true,4.7184818039800192e-16,1.1910611548102235,3703.7074395438217
n10_linear_f1.0_d2.5,5,0.26381955259520051,0.25658116400975761,0.0090238815256292633,0.0038579185401933619,true,0.0054173461327837891,true,0.0039056883506700508,true,6.6606482350570392e-16,1.2006523208911051,14720975321.048218
n10_linear_f1.0_d2.5,7,0.26386711563228005,0.25669664803433717,0.0089377589585606428,0.00031306244386674362,true,0.00043896558787497698,true,0.00033456355130046769,true,6.4972670457112641e-16,1.2020590617410354,2.0553073342150333e+17
n10_linear_f1.0_d2.5,9,0.26387005809390784,0.25670386996349964,0.0089323406602139273,1.9592222080113727e-05,true,2.7450893155691346e-05,true,2.108846016755872e-05,true,6.8492458898209141e-16,1.2022239589704931,7.5077066999108977e+24
n10_linear_f1.0_d3.0,1,0.12107029004553814,0.11771423691303301,0.0042857711022193396,0,false,0,false,0,false,2.9007971726050264e-16,1.0807732852415599,1.0807732852415604
n10_linear_f1.0_d3.0,3,0.12169826048785139,0.11934931807065051,0.0029648070724344311,0.0099089428924121412,true,0.013480334426021279,true,0.01089826210977418,true,3.9063025906316713e-16,1.0924115909462655,566.87916193780143
n10_linear_f1.0_d3.0,5,0.1217290928891273,0.11945978128532748,0.0028630960706755634,0.00067966403147558534,true,0.00091056880192091482,true,0.00085033570779172608,true,4.1302807538769331e-16,1.0930888339306533,1039066297.0897352
n10_linear_f1.0_d3.0,7,0.12173008372241136,0.11946382842868557,0.0028592101299540948,2.5349415793043947e-05,true,3.3361231566934066e-05,true,3.262723941740622e-05,true,1.0625276224973123e-15,1.0931169922797888,6678492575473598
n10_linear_f1.0_d4.0,1,0.038012742681064721,0.037552402307741144,0.00059186493215262407,0,false,0,false,0,false,2.2177256148332394e-16,1.0343177389940039,1.0343177389940037
n10_linear_f1.0_d4.0,3,0.038033525894391067,0.037664147926141762,0.00047266698432639617,0.0023970037131311205,true,0.0029495563554750069,true,0.0031490996473096974,true,3.5514679395260152e-16,1.0358648536337212,33.157775560041735
n10_linear_f1.0_d4.0,5,0.038033790942451656,0.037666469477994673,0.00047004246510157639,5.1159201144770825e-05,true,6.1290845140566313e-05,true,7.0240680827548735e-05,true,9.2905950390580303e-16,1.0358843559016382,17812086.900407441
n10_linear_f1.0_d4.0,7,0.038033793471510924,0.037666496127107457,0.00047001179580407899,5.9564817219058316e-07,true,7.0356466393319331e-07,true,8.2342088073879417e-07,true,6.5065214635887172e-16,1.0358845317632068,35678169370744.297
n10_linear_f1.0_d6.0,1,0.0077591728395967679,0.0077297061353256216,3.8528083462974516e-05,0,false,0,false,0,false,2.2694182825376213e-16,1.0107496491316861,1.0107496491316863
n10_linear_f1.0_d6.0,3,0.0077594832950641963,0.0077328144992449199,3.4883577752974651e-05,0.00034736790944021499,true,0.00040251030068385446,true,0.00047232795869476131,true,3.3807084711142835e-16,1.0108741605468481,2.0773016695857196
n10_linear_f1.0_d6.0,5,0.0077594831106804034,0.007732825824681936,3.4868993512635245e-05,1.3626628416956274e-06,true,1.4672553791485867e-06,true,1.9172010469063111e-06,true,4.8607843675047326e-16,1.0108744362219015,61418.316124003512
n10_linear_f1.0_d10.0,1,0.001133752199559119,0.0011328085622600383,1.2407323968639152e-06,0,false,0,false,0,false,2.1227816996978089e-16,1.0026024894660979,1.0026024894660979
n10_linear_f1.0_d10.0,3,0.001133770250856001,0.0011328615071667741,1.1953950387185088e-06,3.3724415669630942e-05,true,4.6876924326551893e-05,true,4.0114077598472477e-05,true,3.3807084711142835e-16,1.0026103991375528,1.0647777251801316
n10_linear_f1.0_d10.0,5,0.0011337702496021164,0.0011328615226595851,1.1953734325587442e-06,1.3567314893380162e-08,true,1.3731852387085262e-08,true,1.9146986064943685e-08,true,4.8593967649564569e-16,1.0026104013189434,53.576698293013237
n10_compact_f0.1_d2.1,1,0.019075398434971677,0.018603326734084994,0.00048865229044458354,0,false,0,false,0,false,1.8837458531348919e-16,1.0359466650617097,1.03594666506171
n10_compact_f0.1_d2.1,3,0.019308356373687299,0.01876877670925696,0.0005514985299660554,0.012838684701785993,true,0.0085940221833904606,true,0.0052011886809711803,true,2.7749008681777202e-16,1.0551459722894903,348.56602912557719
n10_compact_f0.1_d2.1,5,0.01933642295902405,0.018809001259703476,0.00053929667052730911,0.0015712926850681636,true,0.0020869330953327786,true,0.00076617809844768735,true,5.4406505917964568e-16,1.0622199172296094,2401607442.0173249
n10_compact_f0.1_d2.1,7,0.019340120879372893,0.018814993815779977,0.00053694214031132983,0.00022636585442016509,true,0.0003108512534776788,true,0.00015256590736046472,true,4.9906410148027167e-16,1.0655814451932939,80227478860735696
n10_compact_f0.1_d2.1,9,0.019340643574130692,0.018815695729548523,0.0005367551998808085,3.1935478875332168e-05,true,3.6409355907776412e-05,true,1.6888457788128513e-05,true,5.1919659500688159e-16,1.0670852710569656,1.1998445219991426e+28
n10_compact_f0.1_d2.5,1,0.0094246031252304338,0.0092847906282793134,0.00014473110788636764,0,false,0,false,0,false,1.3885784707919521e-16,1.0212996632881992,1.0212996632881994
n10_compact_f0.1_d2.5,3,0.0094653453877732979,0.0093165886745344827,0.00015214489307955277,0.004764712999187134,true,0.0033692344366996582,true,0.0020521980041471851,true,2.582430347391607e-16,1.0274724020568151,61.518038217870235
n10_compact_f0.1_d2.5,5,0.0094676275463775397,0.0093202975527202914,0.00015067253000907205,0.00028225523930198814,true,0.00039304026511527825,true,0.00018998485016607806,true,6.4070140995937197e-16,1.0284741804964959,210778792.88065195
n10_compact_f0.1_d2.5,7,0.0094677556476235117,0.009320566409070934,0.00015052411890244618,1.9375973372174566e-05,true,2.8491741253850071e-05,true,1.8808890491390089e-05,true,6.5978031871588323e-16,1.0285854595390451,2934188713833223.5
n10_compact_f0.1_d3.0,1,0.0045419902647865313,0.0045023522760606928,4.1020129530966171e-05,0,false,0,false,0,false,2.1325982226518645e-16,1.0124285849881101,1.0124285849881101
n10_compact_f0.1_d3.0,3,0.004549140517699269,0.0045084192778060625,4.1707478608271266e-05,0.0018047483589526167,true,0.0013374892093844552,true,0.00083238958136997896,true,2.1761922679561184e-16,1.0144907617687451,11.489900845557548
n10_compact_f0.1_d3.0,5,0.0045493182636838761,0.0045087399696305663,4.1555928483591807e-05,5.0195394778249455e-05,true,7.0732509802882174e-05,true,4.0695599957041386e-05,true,6.2825125422747973e-16,1.0146530128844686,16519866.907328866
n10_compact_f0.1_d3.0,7,0.0045493224251481933,0.0045087511956340637,4.1548319536441715e-05,1.6628045903837355e-06,true,2.4760956262597633e-06,true,1.9518822767981989e-06,true,8.6889854259439652e-16,1.0146585961160399,108613806925351.33
n10_compact_f0.1_d4.0,1,0.0014540320747989555,0.0014484672110813229,5.7529708177582064e-06,0,false,0,false,0,false,1.6225318757883431e-16,1.0054011935819078,1.005401193581908
n10_compact_f0.1_d4.0,3,0.0014545910506651616,0.0014489896737479074,5.7509237897704994e-06,0.00044769328512487725,true,0.00036017411429764708,true,0.00020712618244282682,true,2.1149823317912102e-16,1.0058089655722267,2.0590564696870652
n10_compact_f0.1_d4.0,5,0.0014545945180338062,0.001448996762827228,5.7469624647460077e-06,3.5172173921999425e-06,true,4.8912751470568442e-06,true,3.3129058141585919e-06,true,7.4903630431686609e-16,1.0058198103963292,297330.81448975287
n10_compact_f0.1_d6.0,1,0.00030184333010055078,0.00030146908643690235,3.8615185760404917e-07,0,false,0,false,0,false,1.439524791521219e-16,1.0017329215867963,1.0017329215867963
n10_compact_f0.1_d6.0,3,0.00030186772116662781,0.00030149326114941574,3.8515490563095504e-07,8.7819861121865689e-05,true,8.0309090561504388e-05,true,2.8857339085166126e-05,true,2.105465437709252e-16,1.0017802436593233,1.1045248944892962
n10_compact_f0.1_d6.0,5,0.00030186773657807912,0.00030149329639127134,3.8513273802987129e-07,8.6770637283496246e-08,true,1.1725233540086945e-07,true,8.873838879601544e-08,true,4.342090392293809e-16,1.0017805010896408,1045.3851306392869
n10_compact_f0.1_d10.0,1,4.6065437266366419e-05,4.605140329359141e-05,1.4509306321629113e-08,0,false,0,false,0,false,1.8897991092438926e-16,1.0004343603134034,1.0004343603134034
n10_compact_f0.1_d10.0,3,4.6066288588027697e-05,4.6052251451935248e-05,1.4497202531963047e-08,1.888905036636001e-05,true,1.8484976222554716e-05,true,2.369334594195789e-06,true,1.9648814360828477e-16,1.0004383129255645,1.0084498428608577
n10_compact_f0.1_d10.0,5,4.6066288609266005e-05,4.605225150194515e-05,1.4497170114443929e-08,8.2513264488495181e-10,true,1.0927680161455869e-09,true,8.4155949288991567e-10,true,4.7186873033351131e-16,1.0004383152853156,2.4783312450732362
n10_compact_f0.4_d2.1,1,0.33535039318283766,0.30211585241451488,0.034278844195627024,0,false,0,false,0,false,1.6223804558048131e-16,1.1560065241698523,1.1560065241698525
n10_compact_f0.4_d2.1,3,0.3539633538544289,0.313374725168937,0.041431603262992917,0.05541733448071573,true,0.031899024741857178,true,0.026022826242004381,true,1.9964840375311893e-16,1.2524779441068514,6411.7161958558054
n10_compact_f0.4_d2.1,5,0.35665114331159548,0.31653901568003495,0.040966117223675894,0.0079837355279032737,true,0.0088984092077314288,true,0.0023793752169509385,true,6.6251380928133381e-16,1.2893085953835226,42188228137.539078
n10_compact_f0.4_d2.1,7,0.35707399620193481,0.31707985231710534,0.040845886061672249,0.0013043961267808972,true,0.0015190798492707039,true,0.00053691768515638165,true,5.955305849216051e-16,1.3072586103886401,1.4747835694346092e+18
n10_compact_f0.4_d2.1,9,0.3571457586891339,0.31715663910108394,0.040840527763675166,0.00022030363996837832,true,0.00021563136138552419,true,7.4944806237098519e-05,true,9.9938137664349588e-16,1.3154805730769337,2.248231041779836e+27
n10_compact_f0.4_d2.1,11,0.35715495415134413,0.31716705926989336,0.040839291215142952,2.7570405143660549e-05,true,2.9260970568177457e-05,true,8.3169132633119879e-06,true,5.3800645530086592e-16,1.3190564656560055,4.8973214449354043e+34
n10_compact_f0.4_d2.5,1,0.15933655361670346,0.14987534910229514,0.0097729737842364769,0,false,0,false,0,false,2.1175058706345417e-16,1.0893506245693039,1.0893506245693041
n10_compact_f0.4_d2.5,3,0.1621951885899808,0.15189716643439227,0.010522195131756836,0.019453424817319126,true,0.012502318394961668,true,0.0090209406928900126,true,2.4814931747453998e-16,1.1176618642379039,1021.8330431173862
n10_compact_f0.4_d2.5,5,0.16237413970123662,0.15216146609467732,0.010434454766582738,0.001267455482217221,true,0.0016329255142945255,true,0.00072144173045065078,true,4.2873521376427159e-16,1.1222925549185645,3315964705.5552058
n10_compact_f0.4_d2.5,7,0.16238482260484338,0.15218127438133119,0.0104248526919903,8.8729909457154724e-05,true,0.00012237579641225391,true,7.458868592459639e-05,true,5.2238708437025463e-16,1.1228234086449753,51911889315446864
n10_compact_f0.4_d2.5,9,0.16238562074081794,0.15218241617299924,0.010424476757605996,6.3583825115229511e-06,true,7.053978778281788e-06,true,4.0437434221027198e-06,true,7.6885572793691201e-16,1.1228717129294747,2.2520534574339317e+26
n10_compact_f0.4_d3.0,1,0.075030058287292756,0.072409934977160487,0.0027080780132105325,0,false,0,false,0,false,2.1488979047000751e-16,1.0511022026285892,1.0511022026285888
n10_compact_f0.4_d3.0,3,0.075482129056972519,0.072768661502149404,0.0027769658973818413,0.0069805305520243156,true,0.0047668677872560027,true,0.003480060017079878,true,2.1526880864728463e-16,1.0601245013781802,160.54214478048323
n10_compact_f0.4_d3.0,5,0.07549499137092705,0.072790770659397,0.0027671813662298642,0.00021609506818287284,true,0.00029383868860080522,true,0.00016384885163078704,true,6.1093867037914377e-16,1.0608392527198114,261897795.80844519
n10_compact_f0.4_d3.0,7,0.07549530124755803,0.072791555080295306,0.0027666712639881704,7.1841193475055283e-06,true,1.042545317682102e-05,true,8.0288219908592273e-06,true,7.5133776398670492e-16,1.0608644069801827,1814624099638374.8
n10_compact_f0.4_d4.0,1,0.02358834137804118,0.023227184288191077,0.00037316580527758155,0,false,0,false,0,false,1.9702989166824852e-16,1.0218636458027788,1.021863645802779
n10_compact_f0.4_d4.0,3,0.023617463410262933,0.02325331897639521,0.0003736730187415118,0.0015399933018896503,true,0.001110029145161119,true,0.00085254727356513262,true,3.9905641752196408e-16,1.0235883774896286,10.73564106430837
n10_compact_f0.4_d4.0,5,0.023617702993454528,0.023253800050721044,0.00037340924713211317,1.4872583061267395e-05,true,2.0442825426853653e-05,true,1.3735381048973258e-05,true,5.7054400208185054e-16,1.0236348351591136,4740844.053532511
n10_compact_f0.4_d4.0,7,0.02361770441722363,0.023253805456336134,0.00037340487515882104,1.6003404784600748e-07,true,2.2971349636997635e-07,true,2.1179545090192088e-07,true,6.2202160309044395e-16,1.023635233246571,9900091604081.5312
n10_compact_f0.4_d6.0,1,0.0048509580507544968,0.0048269002366964214,2.481932456583994e-05,0,false,0,false,0,false,2.0379640300155984e-16,1.0069581804101362,1.006958180410136
n10_compact_f0.4_d6.0,3,0.0048518167159646566,0.0048277401109118687,2.4758705308899117e-05,0.00022065255702859125,true,0.00017368701288052261,true,0.00011881447696370245,true,3.1234773183411852e-16,1.0071549981835954,1.4858582401946014
n10_compact_f0.4_d6.0,5,0.0048518177563861824,0.0048277424851478727,2.4757215346197472e-05,3.6487747770175084e-07,true,4.9147020528904226e-07,true,3.7218518901374249e-07,true,6.0583111371322372e-16,1.0071560884805908,16679.55010771559
n10_compact_f0.4_d10.0,1,0.00073784706498883747,0.00073694802983179715,9.2945134666587681e-07,0,false,0,false,0,false,1.4733485479668918e-16,1.0017390260957251,1.0017390260957251
n10_compact_f0.4_d10.0,3,0.000737866465124912,0.00073696720644151595,9.2866970226231615e-07,2.8899457466826036e-05,true,2.6104211623455345e-05,true,9.7687842568198102e-06,true,1.8246363657868639e-16,1.0017553663618528,1.0342444789072569
n10_compact_f0.4_d10.0,5,0.00073786646645383465,0.00073696720970948669,9.2866751804731538e-07,3.3864566923882241e-09,true,4.4582731726473825e-09,true,3.5424680783317874e-09,true,5.7605573216904319e-16,1.0017553763192353,16.043431371620283
n10_compact_f0.8_d2.1,1,1.5386730979962822,1.2332081703744087,0.31364567087515149,0,false,0,false,0,false,4.1618163676873392e-16,1.351886870609649,1.3518868706096483
n10_compact_f0.8_d2.1,3,1.7560163779394902,1.3365934677378184,0.42733355061904582,0.12858835007776917,true,0.05903219380686036,true,0.072636032470477868,true,4.2003571969216153e-16,1.626022532628729,32291.065293126576
n10_compact_f0.8_d2.1,5,1.796004135367393,1.3711297621006848,0.43314073570276906,0.023070672973109031,true,0.019279186231600985,true,0.0058054594959568396,true,6.9551447001870756e-16,1.7391293954131102,237955070919.09277
n10_compact_f0.8_d2.1,7,1.8039475739596578,1.3784096496185856,0.43383130416658716,0.0046015334960062566,true,0.0040456941767773834,true,0.0011127008496220898,true,7.046597651917668e-16,1.7965388297532199,1.9972432981318193e+19
n10_compact_f0.8_d2.1,9,1.8056505006687409,1.3797550121263054,0.43419458458525007,0.00098474062588368061,true,0.00074694996907002324,true,0.0003077510586299332,true,9.2865542845983923e-16,1.8238617729088411,1.0798828693135913e+28
n10_compact_f0.8_d2.1,11,1.8059491788551623,1.3800035948298117,0.43424635132349831,0.00017042179895707338,true,0.0001379907701929127,true,4.282988773549064e-05,true,6.5109429516853955e-16,1.8359584806783242,1.1636136037985211e+35
n10_compact_f0.8_d2.5,1,0.68854114128750954,0.60669812174192705,0.084305599932467057,0,false,0,false,0,false,3.4033595139522847e-16,1.1911195765358837,1.1911195765358831
n10_compact_f0.8_d2.5,3,0.71656147791631597,0.6241829157258667,0.094268129186038288,0.042541744984721894,true,0.024471552945204089,true,0.021139374758469283,true,4.561085000729225e-16,1.2600421592525377,4513.522434970524
n10_compact_f0.8_d2.5,5,0.7184849050622516,0.62665119419357063,0.093711817343728077,0.0030080692429720023,true,0.0034458398203998214,true,0.0013319762067509199,true,5.2380449346506604e-16,1.2714971871724468,14118074761.751045
n10_compact_f0.8_d2.5,7,0.71860960028602028,0.6268456680868888,0.093638472123978481,0.00021815487971924805,true,0.00027145031450870777,true,0.00014534432730315712,true,6.3472375316906577e-16,1.2728712378782809,2.818624180879201e+17
n10_compact_f0.8_d2.5,9,0.71861925972090468,0.62685748606427616,0.093636051929247704,1.6458780932202514e-05,true,1.6495549443407086e-05,true,8.6354551304047329e-06,true,5.4706824128867702e-16,1.2730009979663675,7.9357790306712969e+26
n10_compact_f0.8_d3.0,1,0.31356284091833847,0.29165209366406952,0.022609091986205376,0,false,0,false,0,false,2.9653827178230667e-16,1.1061557350158455,1.1061557350158453
n10_compact_f0.8_d3.0,3,0.31762311585343961,0.29465125447421864,0.023485154366529846,0.014752846411365357,true,0.0094710344286761915,true,0.0074804533379884408,true,2.3798176333251568e-16,1.1266072245865164,667.69276583678777
n10_compact_f0.8_d3.0,5,0.3177457014157824,0.29484786556489917,0.023407010256561389,0.00048074685059132312,true,0.00062080057294149104,true,0.00033062688945356819,true,3.783661557273425e-16,1.1282470307507286,1035421184.5033087
n10_compact_f0.8_d3.0,7,0.31774877874901369,0.29485498423915402,0.023402676268074414,1.6097857290844212e-05,true,2.2477543021733836e-05,true,1.6705530377416949e-05,true,5.407983534074928e-16,1.1283066968771391,7787165071145843
n10_compact_f0.8_d4.0,1,0.096130314964137431,0.093186118078924449,0.003039946903276477,0,false,0,false,0,false,2.7274378840270825e-16,1.0444372164060467,1.0444372164060463
n10_compact_f0.8_d4.0,3,0.096370446053940295,0.093394409128870939,0.0030518192477130292,0.0031367339026368893,true,0.0021682419572481614,true,0.0017768314366683885,true,2.848764656738902e-16,1.0481626751942967,37.922753494982864
n10_compact_f0.8_d4.0,5,0.09637258346171515,0.093398592591010576,0.0030495885466230218,3.2213362658703942e-05,true,4.3565027243559399e-05,true,2.892931907537059e-05,true,6.7298691547084187e-16,1.0482650144885994,18876205.93150901
n10_compact_f0.8_d4.0,7,0.096372596431141141,0.093398640229344132,0.0030495505577738304,3.4931162210805774e-07,true,4.9610217827738832e-07,true,4.5452121948031167e-07,true,5.5923399063874224e-16,1.048265908473611,40391294391935.797
n10_compact_f0.8_d6.0,1,0.019519345799564519,0.019325740096020484,0.00019969125388403255,0,false,0,false,0,false,2.9653827178230667e-16,1.0139876415654505,1.0139876415654503
n10_compact_f0.8_d6.0,3,0.019525531085399239,0.019331716491320886,0.00019924487680364464,0.00041685926762650109,true,0.00030717531865328667,true,0.00024735803280825171,true,3.1892638312344821e-16,1.0144030289205417,2.1800590735170147
n10_compact_f0.8_d6.0,5,0.019525540128372348,0.019331736985820636,0.00019923209717630133,7.8575809253437686e-07,true,1.0541658117788923e-06,true,7.9647320706191866e-07,true,6.4134937462800906e-16,1.0144053931132939,66623.449188762577
n10_compact_f0.8_d10.0,1,0.0029556636430806671,0.0029484621639510817,7.4447537233021479e-06,0,false,0,false,0,false,3.3768453652376759e-16,1.0034822868530859,1.0034822868530857
n10_compact_f0.8_d10.0,3,0.0029557747120829429,0.0029485711987273038,7.4384252415138781e-06,4.4385599225379632e-05,true,3.7064038276669611e-05,true,2.0373640478703954e-05,true,3.3773562596495832e-16,1.0035164901008395,1.0696952574546639
n10_compact_f0.8_d10.0,5,0.0029557747234081845,0.0029485712267466884,7.4384064432117646e-06,7.2613808838950452e-09,true,9.5423304565371594e-09,true,7.6180407247813043e-09,true,4.7633579540713864e-16,1.0035165115845608,58.387278028386078
n10_compact_f1.0_d2.1,1,2.590214127442362,1.9468849516107973,0.65914257087123862,0,false,0,false,0,false,3.7012677068525487e-16,1.4698828854226575,1.4698828854226575
n10_compact_f1.0_d2.1,3,3.1181636713526744,2.1648866617559204,0.97024521141053288,0.17479984106649857,true,0.070093080098128785,true,0.10786586747220617,true,4.3923875840223056e-16,1.8894494597865086,57843.549198077737
n10_compact_f1.0_d2.1,5,3.2301928616813216,2.2451806226002633,1.0031290809565641,0.035627812328326861,true,0.024916751208082111,true,0.012169224783499718,true,5.7400932946863794e-16,2.0731260587337768,455453045319.75769
n10_compact_f1.0_d2.1,7,3.2554234667864796,2.2642677676390961,1.0094270693789162,0.0079748321493707964,true,0.0058766521606765255,true,0.0024447970038455934,true,9.9263225236888373e-16,2.1688740749675941,1.9030734881923834e+19
n10_compact_f1.0_d2.1,9,3.2615373716330263,2.2683241866725057,1.0115208133349065,0.0019299115954099244,true,0.001246542513224394,true,0.00074658568532443232,true,8.7462800434031323e-16,2.2155779945462637,2.083915323032056e+28
n10_compact_f1.0_d2.1,11,3.2627756138165895,2.2691921498474907,1.0119006096372036,0.00038728538373673338,true,0.00026662361144753053,true,0.00013124845377658818,true,6.95385923768249e-16,2.236483305457277,2.9447143969673402e+35
n10_compact_f1.0_d2.5,1,1.1202211792956469,0.95370120796120517,0.17129940998936505,0,false,0,false,0,false,2.3243400411322246e-16,1.2474990385490601,1.2474990385490599
n10_compact_f1.0_d2.5,3,1.1814187633131432,0.98941418386736524,0.19580722600451184,0.055944531932991148,true,0.030314978721911818,true,0.02893099007721971,true,4.6808650331430918e-16,1.3432139534223835,7449.4558461134875
n10_compact_f1.0_d2.5,5,1.185826138977822,0.99465207405845735,0.19496415976917822,0.0041299673505060218,true,0.0044301519815797717,true,0.001611195183153066,true,7.443810967987333e-16,1.3592991078159615,23655888473.026703
n10_compact_f1.0_d2.5,7,1.1861240809797788,0.99507641708749772,0.1948311724219203,0.0003061752227498239,true,0.00035881575889795133,true,0.00017836094914245961,true,7.5134730717197365e-16,1.3612759010072333,7.1153102865284429e+17
n10_compact_f1.0_d2.5,9,1.1861476193509504,0.99510295279251326,0.19482766755652556,2.3716752883346017e-05,true,2.2437613837968599e-05,true,1.1365040022275711e-05,true,9.9152090879406441e-16,1.3614663495397623,5.961373879067912e+26
n10_compact_f1.0_d3.0,1,0.50107461473262627,0.45729678528294138,0.045136669264968426,0,false,0,false,0,false,3.0909536296267183e-16,1.1353102663860679,1.1353102663860686
n10_compact_f1.0_d3.0,3,0.50955000567762954,0.46333356251285196,0.047225361693454752,0.019074869678856431,true,0.011882862418563912,true,0.009750431053566249,true,3.7224668116507123e-16,1.1625987298055158,1069.0592818008743
n10_compact_f1.0_d3.0,5,0.50981271614257118,0.46373970342474319,0.047074113064829448,0.00063634040235779042,true,0.00079923370131778954,true,0.00041530285084448671,true,5.8131246073623651e-16,1.1648031945334203,1609541038.2620409
n10_compact_f1.0_d3.0,7,0.50981945802840489,0.46375457694131877,0.047065401406975405,2.1413204874663526e-05,true,2.9269431056641709e-05,true,2.1323732753368039e-05,true,5.2957803748718562e-16,1.1648848922092512,12485819957055136
n10_compact_f1.0_d4.0,1,0.15162647091525416,0.14582109296818913,0.0059920789730294292,0,false,0,false,0,false,2.7565927079060164e-16,1.0560011101931877,1.0560011101931872
n10_compact_f1.0_d4.0,3,0.1521105660316133,0.14623428481153017,0.0060238644693423179,0.0040007671067176336,true,0.0027250705555665619,true,0.0022704931237095137,true,3.3898420425798858e-16,1.0608463202574407,58.669013474769116
n10_compact_f1.0_d4.0,5,0.15211498736153695,0.14624282402060468,0.0060193791383167687,4.2010034103327339e-05,true,5.6337270102889863e-05,true,3.717960544462242e-05,true,6.1427421874220778e-16,1.0609809083602499,29426244.783345606
n10_compact_f1.0_d4.0,7,0.15211501450566522,0.14624292199324634,0.0060193016055695046,4.5765175915018736e-07,true,6.4639096816776983e-07,true,5.9017626510807427e-07,true,1.129111702567876e-15,1.060982096770791,63761645973302.812
n10_compact_f1.0_d6.0,1,0.030589923594814494,0.030210662438128456,0.00039114062883850373,0,false,0,false,0,false,2.2177256148332394e-16,1.017529443732254,1.0175294437322542
n10_compact_f1.0_d6.0,3,0.030601925445995794,0.030222193604968639,0.0003903108667915939,0.00052230742998177844,true,0.00037817834744118976,true,0.00031569168206966534,true,2.4998090939782964e-16,1.0180632675840953,2.6188152848539192
n10_compact_f1.0_d6.0,5,0.030601943903768788,0.030222235281693297,0.00039028496813326504,1.0215601414081793e-06,true,1.3677842867663965e-06,true,1.0320408853987952e-06,true,3.7445828830787811e-16,1.0180663515375858,104028.59971265403
n10_compact_f1.0_d10.0,1,0.0046215701882289907,0.004607495804478892,1.4549475879168175e-05,0,false,0,false,0,false,2.1995846355028387e-16,1.0043555097490642,1.0043555097490642
n10_compact_f1.0_d10.0,3,0.0046217718478357445,0.0046076932307404029,1.4537041956113508e-05,5.2850430051953078e-05,true,4.292422295251881e-05,true,2.6024264607563613e-05,true,3.4264790033509997e-16,1.0043992804368365,1.0878834126315384
n10_compact_f1.0_d10.0,5,0.0046217718708074108,0.0046076932876101036,1.4537003792494027e-05,9.4311179835934762e-09,true,1.238623891345641e-08,true,9.8956511339202692e-09,true,4.5318874736926711e-16,1.0043993083900962,90.106214572078599
n10_irregular_f0.1_d2.1,1,0.0090704125548272257,0.0089482353745286864,0.00012678832819081252,0,false,0,false,0,false,2.3727228013808176e-16,1.0218472564251626,1.0218472564251624
n10_irregular_f0.1_d2.1,3,0.0091192945691468789,0.008991699470466465,0.00013140945695041097,0.0064465469559297321,true,0.0056140031475281401,true,0.0019813991016152241,true,2.6508098156196149e-16,1.0344830047166726,82.60400530331377
n10_irregular_f0.1_d2.1,5,0.009126021845001938,0.0089996102717355819,0.00013013290274894342,0.0012154120500838758,true,0.0012413374679018274,true,0.00019658804174595279,true,7.8193214889798141e-16,1.0428451239537579,506330691.26271313
n10_irregular_f0.1_d2.1,7,0.0091269794301880591,0.0090005952897228101,0.000130108075590749,0.00018509535942481839,true,0.00017988891590282874,true,1.5790033537020454e-05,true,6.1236964168593045e-16,1.04801980891233,12645010087487882
n10_irregular_f0.1_d2.1,9,0.009127079797321842,0.0090006983114926248,0.00013010511328748661,2.0853630713662526e-05,true,2.0924203518083305e-05,true,7.8056900347148151e-07,true,7.0952216358055243e-16,1.05083642925791,8.6087242068123511e+25
n10_irregular_f0.1_d2.5,1,0.0045130501589028347,0.004476426810484266,3.7990734898935767e-05,0,false,0,false,0,false,2.8405493288808564e-16,1.0130455733120933,1.0130455733120931
n10_irregular_f0.1_d2.5,3,0.0045222479128511177,0.004485036733921444,3.831743842010837e-05,0.0024902669440310418,true,0.0022075233119667427,true,0.00085666594695682518,true,3.380254338002123e-16,1.0169677338840115,15.993994947839877
n10_irregular_f0.1_d2.5,5,0.0045228508978195575,0.0044857731957510709,3.8171919002325327e-05,0.00022524918181008891,true,0.00023169267101499439,true,4.3759113389060483e-05,true,4.5334003730806322e-16,1.0177992635227164,43600964.551227517
n10_irregular_f0.1_d2.5,7,0.0045228931769200603,0.0044858177574800861,3.816958461949363e-05,1.6682370207039761e-05,true,1.6312217313446988e-05,true,1.6952746360906603e-06,true,5.6674053118022241e-16,1.0179269922648433,521317570916928.5
n10_irregular_f0.1_d3.0,1,0.0021878134373953723,0.0021772978202395403,1.0900650500345178e-05,0,false,0,false,0,false,2.1924282189525883e-16,1.007665971970626,1.007665971970626
n10_irregular_f0.1_d3.0,3,0.0021895612531783334,0.0021790028071857204,1.0877114726968673e-05,0.00098202416951305741,true,0.00088631029162449155,true,0.00035847824950440191,true,3.7894855716108089e-16,1.0089250872254401,4.0306088670241618
n10_irregular_f0.1_d3.0,5,0.0021896121338568064,0.0021790668292003294,1.086261764797583e-05,4.0165511399419962e-05,true,4.1466680448609092e-05,true,8.8527341838495469e-06,true,7.0137246721579693e-16,1.0090167065801998,3401298.1420614868
n10_irregular_f0.1_d4.0,1,0.00070719521258151856,0.00070568372113551363,1.5644964699654791e-06,0,false,0,false,0,false,2.1999159280223686e-16,1.0033684339364142,1.0033684339364144
n10_irregular_f0.1_d4.0,3,0.00070735131176843794,0.00070584150500766483,1.5564443577796042e-06,0.0002628572298817887,true,0.00024595999587870228,true,8.9525395908086975e-05,true,2.4113073818640158e-16,1.0036098410675318,1.4322356923887924
n10_irregular_f0.1_d4.0,5,0.00070735240191577178,0.00070584292461940256,1.556076052464753e-06,2.7488741250671385e-06,true,2.8441171750872678e-06,true,6.8632592546489786e-07,true,5.8990751801299507e-16,1.0036138727070856,61124.282861438965
n10_irregular_f0.1_d6.0,1,0.000150098492640813,0.00014999265788633178,1.0937401432072152e-07,0,false,0,false,0,false,2.1149513154011871e-16,1.0010964887626521,1.0010964887626521
n10_irregular_f0.1_d6.0,3,0.00015010647789625642,0.00015000075377985447,1.0905761170835039e-07,5.8681502886207695e-05,true,5.7480985245661049e-05,true,1.2361510454818147e-05,true,2.7361562292697471e-16,1.001124478193318,1.0500644719539625
n10_irregular_f0.1_d6.0,5,0.00015010648310247873,0.00015000076080076208,1.0905556948543463e-07,6.4564063272208872e-08,true,6.6839524615019349e-08,true,1.7687346094754157e-08,true,4.528981235331067e-16,1.0011245528613042,216.76975993588948
n10_irregular_f0.1_d10.0,1,2.3834019322373104e-05,2.3830213455555949e-05,3.9752570886614177e-09,0,false,0,false,0,false,2.1378597739126743e-16,1.0002707374337925,1.0002707374337925
n10_irregular_f0.1_d10.0,3,2.3834326127753654e-05,2.3830520216877321e-05,3.9724266754147424e-09,1.3637833686187308e-05,true,1.3544182086950538e-05,true,1.0189182793178015e-06,true,2.9801067768629203e-16,1.0002731961799631,1.0041925795362501
n10_irregular_f0.1_d10.0,5,2.3834326134985757e-05,2.3830520226834664e-05,3.9724236189013815e-09,5.8147438845098061e-10,true,6.0319092442619913e-10,true,1.6462173583722524e-10,true,5.0142548818140185e-16,1.0002731968150298,1.5287205535839634
n10_irregular_f0.4_d2.1,1,0.15290630903781621,0.14465529864366222,0.0085456045548648746,0,false,0,false,0,false,2.1995056214190926e-16,1.0913897451403405,1.0913897451403405
n10_irregular_f0.4_d2.1,3,0.15638142041677539,0.14753321398461361,0.0091056120870511344,0.026791557466005169,true,0.021962324752806493,true,0.0086582076414441385,true,3.0521177090975799e-16,1.1492849252665758,1362.4989060388657
n10_irregular_f0.4_d2.1,5,0.15694290486739282,0.14814586328007864,0.0090494696907835511,0.0057889831128378755,true,0.0056382776760201597,true,0.00075853073463910561,true,5.7397632829948329e-16,1.1901904534272996,8945858525.3772335
n10_irregular_f0.4_d2.1,7,0.15703366529957172,0.14823327222293314,0.0090532041124212446,0.0010096165805109493,true,0.00094003744584092311,true,9.2400177794950728e-05,true,8.409237423516961e-16,1.2167155968383596,2.7154814800915866e+17
n10_irregular_f0.4_d2.1,9,0.15704522263351353,0.14824439308254631,0.0090536297758701881,0.00013881865204922977,true,0.00013290701346780403,true,6.7545313223280103e-06,true,5.9131611876912378e-16,1.2315526778032642,3.1018084552510311e+26
n10_irregular_f0.4_d2.1,11,0.15704673795062263,0.14824581290964453,0.0090537257868688031,1.9137745152889736e-05,true,1.8053957704102981e-05,true,1.0986446312080361e-06,true,7.7933978426610051e-16,1.239195296109262,4.8973214449354043e+34
n10_irregular_f0.4_d2.5,1,0.074483220714930562,0.072063377199034453,0.0025072514892044914,0,false,0,false,0,false,2.1037098321276208e-16,1.0535864422996482,1.0535864422996482
n10_irregular_f0.4_d2.5,3,0.075075555021097112,0.072593276444073304,0.00255432251698701,0.0098176432895851866,true,0.0083250531223400103,true,0.0035698310014222463,true,3.8098640905133709e-16,1.0707830752691889,232.05056175886247
n10_irregular_f0.4_d2.5,5,0.075120057185182249,0.072645506099071028,0.0025458528212367257,0.00098997161813389051,true,0.00099149092746964192,true,0.00017458707183010737,true,5.3543220203416433e-16,1.0745661987462325,715432742.80415833
n10_irregular_f0.4_d2.5,7,0.075123274214252606,0.07264877866269856,0.0025457982068157383,7.5797480667823773e-05,true,7.2262468116998839e-05,true,7.6887236354624563e-06,true,6.2104725114060255e-16,1.0751644481115443,8792849835633992
n10_irregular_f0.4_d3.0,1,0.035647477092752483,0.034961789043784518,0.00071031089183936269,0,false,0,false,0,false,2.24737026802816e-16,1.0311449779285842,1.031144977928584
n10_irregular_f0.4_d3.0,3,0.035748798920107835,0.035057970197518627,0.00071129386442125657,0.0036305906558040711,true,0.0031386806323906303,true,0.0014763762902063901,true,3.4253887919018251e-16,1.0365298647854386,38.812299881031848
n10_irregular_f0.4_d3.0,5,0.035752377812158273,0.035062377173554593,0.00071037805762968402,0.00017200818658039409,true,0.00017490536770304701,true,3.6238475761037907e-05,true,6.6685127165461509e-16,1.036935391033631,54685615.624825478
n10_irregular_f0.4_d3.0,7,0.035752501589066843,0.035062507421883118,0.0007103710655612834,6.2271348373918503e-06,true,6.0226686629561757e-06,true,7.0572008644564202e-07,true,4.9698864140253786e-16,1.0369545537294269,315609491855802.5
n10_irregular_f0.4_d4.0,1,0.011406006824042886,0.011308476927855736,0.00010092087432991998,0,false,0,false,0,false,2.0306527128403435e-16,1.013566345662958,1.013566345662958
n10_irregular_f0.4_d4.0,3,0.011413254029045236,0.011315767492845318,0.00010046546197149538,0.00082949254507655803,true,0.0007313712887317479,true,0.00036821499695905861,true,3.0171505104292471e-16,1.0145782800439453,3.8337932105374559
n10_irregular_f0.4_d4.0,5,0.011413328622580279,0.011315863784546496,0.00010044118538413667,1.1633739601868673e-05,true,1.1957960130897636e-05,true,2.8599832839908026e-06,true,5.559036962044806e-16,1.014595658255506,978095.43925835507
n10_irregular_f0.4_d6.0,1,0.0024078473536230478,0.0024010563425829385,7.0174929068539816e-06,0,false,0,false,0,false,2.1579384963252884e-16,1.0043957280671276,1.0043957280671278
n10_irregular_f0.4_d6.0,3,0.0024080942939517353,0.0024013099998853472,6.9972800750361824e-06,0.00012737672024504501,true,0.00011675607603378911,true,5.0928113385575686e-05,true,2.9868998484303969e-16,1.0045118131707917,1.2155748147782468
n10_irregular_f0.4_d6.0,5,0.0024080946447458526,0.0024013104722583199,6.9971432324429648e-06,2.7167386978216018e-07,true,2.8059828640445817e-07,true,7.4293331101437276e-08,true,5.7927526344279536e-16,1.0045121301890556,3438.1235145773271
n10_irregular_f0.4_d10.0,1,0.00038157087630171649,0.00038132719836182603,2.5451915240873196e-07,0,false,0,false,0,false,2.1229575288168031e-16,1.0010834840899259,1.0010834840899256
n10_irregular_f0.4_d10.0,3,0.0003815774099512539,0.00038133372705628961,2.5433476256538093e-07,1.9037757575010652e-05,true,1.8327780041940761e-05,true,4.2019400872569659e-06,true,2.3579446279815207e-16,1.0010936410565765,1.0168782353208889
n10_irregular_f0.4_d10.0,5,0.00038157741040848375,0.00038133372769702729,2.5433455676009908e-07,2.3723744194379039e-09,true,2.4540611294350881e-09,true,6.9325249141242391e-10,true,4.5481312592755874e-16,1.0010936437382076,4.7135723313031512
n10_irregular_f0.8_d2.1,1,0.65794043155042636,0.58678200042042183,0.073511149369374196,0,false,0,false,0,false,3.4044223154085199e-16,1.194661721318071,1.194661721318071
n10_irregular_f0.8_d2.1,3,0.69239599913856487,0.61271423922842505,0.081917203792998938,0.059433516093182037,true,0.045001883913741623,true,0.020503124409346572,true,4.2003571969216153e-16,1.3356289029356292,5964.2957875022385
n10_irregular_f0.8_d2.1,5,0.69908773103873145,0.61927673281391626,0.082024183714449819,0.015069514948737168,true,0.013692910244052524,true,0.0019273069155769547,true,4.8320668429780456e-16,1.4465280136165637,42455234018.105049
n10_irregular_f0.8_d2.1,7,0.70041253148096305,0.62044088438157885,0.08219211045487454,0.0032304035378892177,true,0.0028275123126180399,true,0.00042662053080056388,true,5.1124485344821822e-16,1.5241370088525306,1.1887548201283574e+18
n10_irregular_f0.8_d2.1,9,0.70063515674177423,0.62063691640794338,0.082218944287907367,0.00058249312876327826,true,0.00052196554266448029,true,6.1717722476358272e-05,true,7.3316511817383131e-16,1.5696630838467014,4.75341150613832e+27
n10_irregular_f0.8_d2.1,11,0.70067531146424578,0.6206716218499484,0.082224448350942891,0.00010884668556237207,true,9.6610918592408856e-05,true,1.2423519690756125e-05,true,6.6715505573953381e-16,1.5939511029531848,4.9838050029433778e+34
n10_irregular_f0.8_d2.5,1,0.31087026501788451,0.29064645606442535,0.020922112456144053,0,false,0,false,0,false,3.443621217885653e-16,1.1111610925718094,1.111161092571809
n10_irregular_f0.8_d2.5,3,0.31622613944180888,0.29517317812596405,0.021644991318657717,0.020958907357284118,true,0.01697161494486402,true,0.0076736794760365315,true,4.0467448320231286e-16,1.1502761006910891,956.82496847425602
n10_irregular_f0.8_d2.5,5,0.31666276261789605,0.29565773212418056,0.021591571831178501,0.0022685769907298098,true,0.0021886553894336293,true,0.00036095775166091512,true,4.5749496479510488e-16,1.1593683862866253,3009108705.5699601
n10_irregular_f0.8_d2.5,7,0.31669582410570246,0.29568973684333966,0.021592697978272114,0.00018254783235442882,true,0.00016800328625955833,true,2.0440975348334722e-05,true,6.3455005274887074e-16,1.160869292943828,37813733655184088
n10_irregular_f0.8_d2.5,9,0.31669764026650848,0.29569148250444588,0.021592763409874198,1.0690124674840667e-05,true,1.0148621130535293e-05,true,6.5562177116634913e-07,true,7.8769539245805745e-16,1.1610565070548082,2.4793905442338044e+25
n10_irregular_f0.8_d3.0,1,0.1461471904810675,0.14052107945141293,0.0058229031715865522,0,false,0,false,0,false,3.4244015168469379e-16,1.0636208119578654,1.0636208119578654
n10_irregular_f0.8_d3.0,3,0.14701261534920196,0.14131532291167725,0.0058619372543469404,0.0075535633164519203,true,0.0063410444317270479,true,0.0030873523162140868,true,5.4648242410014638e-16,1.0754386204012796,151.72082910713547
n10_irregular_f0.8_d3.0,5,0.14704533609149462,0.14135442796341441,0.0058548422199152638,0.00037917851507396474,true,0.0003776364785390106,true,7.5490907664648341e-05,true,5.7798543775309486e-16,1.0763745282404162,221964743.81591138
n10_irregular_f0.8_d3.0,7,0.14704648926627167,0.14135560954185142,0.0058548105218053535,1.4010284047653257e-05,true,1.3280703246254448e-05,true,1.6139821591039588e-06,true,6.0111472738945343e-16,1.0764204539539484,1293864936031301
n10_irregular_f0.8_d4.0,1,0.046116725758380758,0.045327870726409633,0.00081596893569370115,0,false,0,false,0,false,3.4005832752115701e-16,1.0273836412534423,1.0273836412534423
n10_irregular_f0.8_d4.0,3,0.046174073539798834,0.04538478883530421,0.00081305282226900666,0.0016572819647768186,true,0.0014265272459329987,true,0.0007658195635060496,true,4.6827650054350951e-16,1.029542921352131,10.325239273738825
n10_irregular_f0.8_d4.0,5,0.046174729778156412,0.045385625799000864,0.00081285036639090703,2.5218154682321769e-05,true,2.5693052744936683e-05,true,6.0718761747875564e-06,true,4.1880990293603223e-16,1.0295815614128194,3917876.5036723176
n10_irregular_f0.8_d4.0,7,0.046174737137612172,0.04538563369642877,0.00081284976272906842,2.9235643706126102e-07,true,2.8348234161184823e-07,true,3.7222940666294912e-08,true,5.0590839602918409e-16,1.0295819626546698,7091485868741.0166
n10_irregular_f0.8_d6.0,1,0.0096650114522495254,0.0096104948041844107,5.6328178345865013e-05,0,false,0,false,0,false,3.4614183394907191e-16,1.0088176515166998,1.0088176515166998
n10_irregular_f0.8_d6.0,3,0.0096666932254043918,0.0096122259623118121,5.6167106126986857e-05,0.00022929305323951164,true,0.00020233413673664924,true,0.00010610909032174673,true,3.981353208765742e-16,1.0090617349033246,1.4753245440194136
n10_irregular_f0.8_d6.0,5,0.0096666962634395556,0.0096122300386682017,5.6165937242178786e-05,5.8580382034936356e-07,true,6.0330401774563291e-07,true,1.5931735463033384e-07,true,5.1392847899496165e-16,1.0090624248788365,13746.127776655787
n10_irregular_f0.8_d10.0,1,0.0015274928996804355,0.0015255423830596616,2.0372488574048668e-06,0,false,0,false,0,false,3.4237092735361287e-16,1.002168394490601,1.0021683944906012
n10_irregular_f0.8_d10.0,3,0.0015275284304042994,0.0015255778491359839,2.035737161832255e-06,2.723991430299422e-05,true,2.5265221079866256e-05,true,8.7661127015032511e-06,true,4.3303502443147656e-16,1.0021896336948048,1.0340465376743671
n10_irregular_f0.8_d10.0,5,0.001527528434305039,0.0015255778546148175,2.0357353921168976e-06,5.0838383825846395e-09,true,5.2530666440025995e-09,true,1.4916871604514992e-09,true,4.7552741865989318e-16,1.0021896394866188,13.62920010952589
n10_irregular_f1.0_d2.1,1,1.0679346453354799,0.92339668784287632,0.14913046883232658,0,false,0,false,0,false,3.3611100891324507e-16,1.2515019964591734,1.2515019964591736
n10_irregular_f1.0_d2.1,3,1.1436800839986423,0.97758232567585246,0.17067258036464059,0.078680751587253253,true,0.057102690778336671,true,0.028392874543382858,true,3.443533151901216e-16,1.4474739443310425,9833.89418617714
n10_irregular_f1.0_d2.1,5,1.1600171258130287,0.99272123027046166,0.17185423305805714,0.021836665934917735,true,0.019106300609833884,true,0.0031578069763070391,true,7.657807367365311e-16,1.6119766179986115,73471866732.333862
n10_irregular_f1.0_d2.1,7,1.1636656195298978,0.99577799453759031,0.17246739027141958,0.0052659777702366191,true,0.0044577472767638989,true,0.00083670607198847897,true,8.275640050404768e-16,1.7326501891592729,2.2127596081199337e+18
n10_irregular_f1.0_d2.1,9,1.1643782493362853,0.99637723288606339,0.1725821130187464,0.0010951783678885129,true,0.00094723170490706933,true,0.00015063811918639657,true,9.816363970117923e-16,1.8057052321442157,4.1199093088358106e+27
n10_irregular_f1.0_d2.1,11,1.1645279913959581,0.99650125694119951,0.17260811441012319,0.00023650133997409569,true,0.00020301965693451647,true,3.4069496101217624e-05,true,1.1578433804113534e-15,1.8455830883642637,7.5531900652932936e+34
n10_irregular_f1.0_d2.5,1,0.4964287703003708,0.45603439296292159,0.041757447461078352,0,false,0,false,0,false,3.0019041119984948e-16,1.1415857486510625,1.1415857486510623
n10_irregular_f1.0_d2.5,3,0.50763834350258197,0.4652357196364606,0.04357660213636267,0.027213609380998847,true,0.021528216365771846,true,0.010023084162648098,true,3.4080408556449756e-16,1.1938825599581979,1525.7603012761565
n10_irregular_f1.0_d2.5,5,0.50858918589060276,0.466260503278211,0.043492541503345791,0.0030509674326477509,true,0.0028864279857044751,true,0.00047078837581837759,true,5.0024504898036493e-16,1.2064158053507588,4841274103.6398411
n10_irregular_f1.0_d2.5,7,0.50866308983866337,0.46633021943125963,0.043496944694604689,0.00025237810077260704,true,0.00022804704293594624,true,3.0583402905410744e-05,true,5.2625203886599258e-16,1.2085343767056225,69865309016691432
n10_irregular_f1.0_d2.5,9,0.50866727213213114,0.4663341408850965,0.043497197408290979,1.522853012596331e-05,true,1.4184160517379748e-05,true,1.1522106301064824e-06,true,7.6978262117486492e-16,1.2088031873660194,2.811974439922435e+25
n10_irregular_f1.0_d3.0,1,0.2312259680568447,0.22009553726445977,0.011514617134539062,0,false,0,false,0,false,3.3649030343610324e-16,1.0803847343642241,1.0803847343642241
n10_irregular_f1.0_d3.0,3,0.23299150905078791,0.2216883531729997,0.011625796014810685,0.0097038301120771948,true,0.0080368860726740127,true,0.0039566040870725643,true,3.4159176884417261e-16,1.0958855171697228,238.03549268742211
n10_irregular_f1.0_d3.0,5,0.23306007205214749,0.22176903945732401,0.011612277363415717,0.00049910497058929134,true,0.00049181489718962861,true,9.6828279163544144e-05,true,5.4258067854253906e-16,1.097147126240982,350071485.70693094
n10_irregular_f1.0_d3.0,7,0.23306251421312785,0.22177150769606746,0.011612245927622398,1.8653446483219065e-05,true,1.7501582557178496e-05,true,2.1906561194252019e-06,true,6.2414710572957379e-16,1.0972103142106777,2050972552965442.2
n10_irregular_f1.0_d4.0,1,0.072447764259829697,0.070898496660404847,0.0016022111905614287,0,false,0,false,0,false,3.4071588319976695e-16,1.0343885773836892,1.0343885773836889
n10_irregular_f1.0_d4.0,3,0.072561806455393216,0.071010856835841574,0.0015973096028815477,0.0021040045178558849,true,0.0017964615448402832,true,0.0009770794247974605,true,3.4298198715351621e-16,1.0371794978545483,15.129808214945166
n10_irregular_f1.0_d4.0,5,0.072563153893293403,0.071012564808566395,0.0015969054358315874,3.2894867477493322e-05,true,3.3365395611053204e-05,true,7.839079287674522e-06,true,4.7432638862129115e-16,1.0372305776915347,6129125.1899311813
n10_irregular_f1.0_d4.0,7,0.072563169113937009,0.07101258105250928,0.0015969042819700594,3.8425211003519739e-07,true,3.7096111696666768e-07,true,4.8939670058511918e-08,true,7.3457879610313749e-16,1.0372311157472422,11107878814768.369
n10_irregular_f1.0_d6.0,1,0.015127965003338031,0.015021302219591305,0.00011020061470594375,0,false,0,false,0,false,3.4284623203727941e-16,1.0110385087669036,1.0110385087669034
n10_irregular_f1.0_d6.0,3,0.015131178384477089,0.015024607359425832,0.00010988687194208406,0.00028416103104392086,true,0.00024805496583094945,true,0.00013547127598982305,true,4.2191750289254662e-16,1.0113515977599397,1.623508110287281
n10_irregular_f1.0_d6.0,5,0.015131184573571595,0.015024615648215792,0.0001098845080265327,7.6210296717257549e-07,true,7.8374304438009776e-07,true,2.0666221391993584e-07,true,4.9260720769317965e-16,1.0113524996557102,21477.651013779581
n10_irregular_f1.0_d10.0,1,0.0023876531893242113,0.0023838425189380225,3.9800717866246234e-06,0,false,0,false,0,false,3.3554810021529897e-16,1.0027113852892071,1.0027113852892071
n10_irregular_f1.0_d10.0,3,0.0023877165901639561,0.0023839057669799899,3.9770817855878543e-06,3.171749335486737e-05,true,2.8989667626250223e-05,true,1.1199065265931508e-05,true,3.4037387381290149e-16,1.002738551962483,1.042740693280017
n10_irregular_f1.0_d10.0,5,0.0023877165980754462,0.0023839057780940232,3.9770781943184199e-06,6.6031946659730525e-09,true,6.8200821668031862e-09,true,1.9382310409793325e-09,true,5.6753503156282216e-16,1.0027385595027527,20.235629144425683
