case_id,split,particle_count,family,radius,k,ka,energy_density,f0,f1,distance_ratio,pair_count,reference_lmax,maximum_allowed_lmax,total_converged,matched_pairwise_converged,collective_residual_converged,joint_converged,collective_residual_resolved,metric_applicable,eta,lambda_max,rho_l1,rms_a,rms_matched_pairwise,rms_d,epsilon_a,epsilon_b,y_two_body,y_collective,y_multipolar,delta_d_penultimate,delta_d_last,delta_b_penultimate,delta_b_last,delta_r_penultimate,delta_r_last,collective_uncertainty,identity_max_abs_error,maximum_physical_residual,maximum_balanced_condition,maximum_raw_condition
n2_pair_f0.1_d2.1,calibration,2,pair,1,0.10000000000000001,0.10000000000000001,1,0,0.10000000000000001,2.1000000000000001,1,9,13,true,true,true,true,false,true,0.01079796998164345,0.01079796998164345,0.0055167482766554244,0.0097642527555988623,0.0099473423041284079,0.0099473423041284079,0.018405875954782363,1.5096122805322405e-16,0.018405875954782273,1.5096122805322405e-16,0.012960653392026927,0.00036780476495819374,4.3081666391984207e-05,0.00036780476495810652,4.3081666391984207e-05,1.2331866497334875e-16,2.2154309745942971e-20,1.2331866497334875e-16,0,2.1745048937955017e-16,1.0501324475304785,7.8406185006602197e+23
n2_pair_f0.1_d2.5,calibration,2,pair,1,0.10000000000000001,0.10000000000000001,1,0,0.10000000000000001,2.5,1,7,13,true,true,true,true,false,true,0.006400000000000002,0.006400000000000002,0.0032984845004941287,0.0048765290365825652,0.0049143327407276506,0.0049143327407276506,0.0076925406030784876,8.6732949856557852e-17,0.0076925406030784876,8.6732949856557852e-17,0.0044086399599944405,0.00046056451058494575,3.3403539674301347e-05,0.00046056451058485749,3.3403539674301347e-05,1.248059651916194e-16,4.3059916560460733e-20,1.248059651916194e-16,0,1.9639759456674653e-16,1.0146977438021223,451795301914537.12
n2_pair_f0.1_d3.0,calibration,2,pair,1,0.10000000000000001,0.10000000000000001,1,0,0.10000000000000001,3,1,7,13,true,true,true,true,false,true,0.003703703703703703,0.003703703703703703,0.0019333900942426941,0.0023627859156558156,0.0023712253450265787,0.0023712253450265787,0.0035591005251626906,8.6633034748584653e-17,0.0035591005251626906,8.6633034748584653e-17,0.0016289313752015247,8.2535295048152978e-05,2.8908839524091834e-06,8.2535295048061526e-05,2.8908839524091834e-06,1.2932536104810877e-16,4.6238291175057731e-21,1.2932536104810877e-16,0,1.4467572390814989e-16,1.0062465033899004,16773683890264.021
n2_pair_f0.1_d4.0,calibration,2,pair,1,0.10000000000000001,0.10000000000000001,1,0,0.10000000000000001,4,1,5,13,true,true,true,true,false,true,0.0015625000000000001,0.0015625000000000001,0.00084143200111476651,0.00075671032566280343,0.00075766484519006519,0.00075766484519006519,0.001259817626911695,8.6597790220243255e-17,0.001259817626911695,8.6597790220243255e-17,0.00041890176169517509,0.00041319313678664398,5.7109846481920404e-06,0.00041319313678650087,5.7109846481920404e-06,2.0237209553059338e-16,1.023251686402496e-20,2.0237209553059338e-16,0,1.3899877190996911e-16,1.0021255115224517,46729.158873703309
n2_pair_f0.1_d6.0,calibration,2,pair,1,0.10000000000000001,0.10000000000000001,1,0,0.10000000000000001,6,1,5,13,true,true,true,true,false,true,0.00046296296296296287,0.00046296296296296287,0.00026995147661320826,0.00015490972665714239,0.00015496581222251959,0.00015496581222251957,0.00036192218511162566,2.6206476570042155e-16,0.0003619221851118006,2.6206476570042155e-16,9.2500306118728346e-05,9.2361425188658891e-05,1.3889375849493215e-07,9.2361425188571436e-05,1.3889375875729697e-07,1.2368003218152365e-16,3.7103992358690624e-16,3.7103992358690624e-16,0,2.2796981741543778e-16,1.0005892802590592,165.62887478202376
n2_pair_f0.1_d10.0,calibration,2,pair,1,0.10000000000000001,0.10000000000000001,1,0,0.10000000000000001,10,1,5,13,true,true,true,true,false,true,0.00010000000000000003,0.00010000000000000003,7.0710678118654768e-05,2.2650993403820638e-05,2.2653048702590407e-05,2.2653048702590407e-05,9.0729455304349458e-05,8.556042949750576e-17,9.0729455304349458e-05,8.556042949750576e-17,2.1901650239435256e-05,2.1900299798748486e-05,1.3504702624726429e-09,2.1900299798673703e-05,1.3504702624726429e-09,1.0575931735533814e-16,0,1.0575931735533814e-16,0,1.9648632080800465e-16,1.0001421014671563,1.4475827475151877
n2_pair_f0.4_d2.1,calibration,2,pair,1,0.10000000000000001,0.10000000000000001,1,0,0.40000000000000002,2.1000000000000001,1,11,13,true,true,true,true,false,true,0.043191879926573799,0.043191879926573799,0.022066993106621698,0.1562280440895818,0.1689024822865498,0.1689024822865498,0.075039975880670032,1.464699463164978e-16,0.075039975880670115,1.464699463164978e-16,0.0541684160745073,0.00027749444574893043,3.7655409205645691e-05,0.0002774944457492591,3.765540920548136e-05,4.6481082519972637e-16,2.3239781849750726e-16,4.6481082519972637e-16,0,2.0167670344963535e-16,1.2366641217407619,2.4628786855671003e+33
n2_pair_f0.4_d2.5,calibration,2,pair,1,0.10000000000000001,0.10000000000000001,1,0,0.40000000000000002,2.5,1,9,13,true,true,true,true,false,true,0.025600000000000008,0.025600000000000008,0.013193938001976515,0.078024464585321043,0.080468046415533123,0.080468046415533137,0.030367107678910883,2.5901219866498529e-16,0.03036710767891071,2.5901219866498529e-16,0.017402952353252614,0.000150284520488765,8.6631086472752212e-06,0.000150284520488765,8.6631086471027585e-06,4.2658563987175634e-19,2.4390012779080273e-16,2.4390012779080273e-16,0,3.1079751138898516e-16,1.0618965192718979,2.6936939168062004e+23
n2_pair_f0.4_d3.0,calibration,2,pair,1,0.10000000000000001,0.10000000000000001,1,0,0.40000000000000002,3,1,7,13,true,true,true,true,false,true,0.014814814814814812,0.014814814814814812,0.0077335603769707762,0.037804574650493049,0.038330497440135301,0.038330497440135294,0.013720740005099949,2.7031473944488808e-16,0.013720740005100131,2.7031473944488808e-16,0.0060341333228070247,0.00035199755055328292,1.2495696436665744e-05,0.00035199755055328292,1.2495696436846772e-05,7.0010549542466144e-20,2.5601228930642878e-16,2.5601228930642878e-16,0,3.3921993638395827e-16,1.025624968410187,273827114334810.94
n2_pair_f0.4_d4.0,calibration,2,pair,1,0.10000000000000001,0.10000000000000001,1,0,0.40000000000000002,4,1,7,13,true,true,true,true,false,true,0.0062500000000000003,0.0062500000000000003,0.0033657280044590661,0.012107365210604855,0.01216432795276451,0.012164327952764509,0.0046827693548584653,2.1949095993576675e-16,0.0046827693548586085,2.1949095993576675e-16,0.0013221486231643025,2.4138928310972077e-05,2.7140874607233055e-07,2.4138928310900774e-05,2.7140874621493797e-07,1.0083870403933126e-16,2.0167735334165009e-16,2.0167735334165009e-16,0,2.1155799003102624e-16,1.0085942935607106,1520157200406.6853
n2_pair_f0.4_d6.0,calibration,2,pair,1,0.10000000000000001,0.10000000000000001,1,0,0.40000000000000002,6,1,5,13,true,true,true,true,true,true,0.0018518518518518515,0.0018518518518518515,0.001079805906452833,0.0024785556265142783,0.0024817346168216391,0.0024817346168216391,0.0012809549763351169,8.6570940918062293e-17,0.0012809549763351169,8.6570940918062293e-17,0.00020339008011097288,0.00020280589222372963,5.8430638802163528e-07,0.00020280589222372963,5.8430638802163528e-07,0,0,0,0,1.365965963340664e-16,1.0023659053698013,2622.8757258863179
n2_pair_f0.4_d10.0,calibration,2,pair,1,0.10000000000000001,0.10000000000000001,1,0,0.40000000000000002,10,1,5,13,true,true,true,true,true,true,0.00040000000000000013,0.00040000000000000013,0.00028284271247461907,0.00036241589446113021,0.00036252701616733106,0.00036252701616733106,0.00030651979368499928,8.554196470817222e-17,0.00030651979368499928,8.554196470817222e-17,3.121385998041565e-05,3.1208343515875227e-05,5.516636705510328e-09,3.1208343515875227e-05,5.516636705510328e-09,0,6.8433571766538206e-19,6.8433571766538206e-19,0,1.3696600865135707e-16,1.0005690263010076,3.9620661625765958
n2_pair_f0.8_d2.1,calibration,2,pair,1,0.10000000000000001,0.10000000000000001,1,0,0.80000000000000004,2.1000000000000001,1,13,13,true,true,true,true,false,true,0.086383759853147599,0.086383759853147599,0.044133986213243409,0.62491217635832719,0.74306796272687115,0.74306796272687115,0.15901073965689783,9.3382879033212368e-17,0.15901073965689783,9.3382879033212368e-17,0.12018101355232651,0.00020410909038522045,3.9715356486260807e-05,0.00020410909038522045,3.9715356486186099e-05,3.1249681066616216e-18,1.0565613074438066e-16,1.0565613074438066e-16,0,4.6884543849171555e-16,1.600589410317506,2.0736343880228757e+40
n2_pair_f0.8_d2.5,calibration,2,pair,1,0.10000000000000001,0.10000000000000001,1,0,0.80000000000000004,2.5,1,9,13,true,true,true,true,false,true,0.051200000000000016,0.051200000000000016,0.026387876003953037,0.31209785834128417,0.33279967563319529,0.33279967563319524,0.062205040472239508,1.4705902671122631e-16,0.062205040472239591,1.4705902671122631e-16,0.036788269284869363,0.00035670196303690842,2.1676972298230637e-05,0.00035670196303715866,2.1676972298230637e-05,3.5384498259912218e-16,2.1469363925689258e-19,3.5384498259912218e-16,0,3.4784683682556539e-16,1.133054633671726,1.218675195444543e+24
n2_pair_f0.8_d3.0,calibration,2,pair,1,0.10000000000000001,0.10000000000000001,1,0,0.80000000000000004,3,1,7,13,true,true,true,true,false,true,0.029629629629629624,0.029629629629629624,0.015467120753941556,0.1512182986019722,0.15553669853516797,0.15553669853516799,0.02776450814416228,1.5324060542896919e-16,0.027764508144162189,1.5324060542896919e-16,0.012491171649316466,0.00077138297285200786,2.794414908288917e-05,0.00077138297285209709,2.7944149082799947e-05,1.2618717308539595e-16,1.2618347204049794e-16,1.2618717308539595e-16,0,3.0831655061382907e-16,1.0531330555689409,1127233646976850.8
n2_pair_f0.8_d4.0,calibration,2,pair,1,0.10000000000000001,0.10000000000000001,1,0,0.80000000000000004,4,1,7,13,true,true,true,true,false,true,0.012500000000000001,0.012500000000000001,0.0067314560089181347,0.04842946084241942,0.048886241294638012,0.048886241294638012,0.0093437425361784527,8.6658122201273985e-17,0.0093437425361784527,8.6658122201273985e-17,0.0026313206565009056,5.2231809539782305e-05,5.9514948848012313e-07,5.2231809539853272e-05,5.9514948840915331e-07,1.0036651874994601e-16,1.0036646106966662e-16,1.0036651874994601e-16,0,2.7274378840270825e-16,1.0174524858655438,6123964745933.877
n2_pair_f0.8_d6.0,calibration,2,pair,1,0.10000000000000001,0.10000000000000001,1,0,0.80000000000000004,6,1,5,13,true,true,true,true,false,true,0.003703703703703703,0.003703703703703703,0.0021596118129056673,0.0099142225060571132,0.0099392494611581662,0.0099392494611581644,0.0025179924499184325,1.5080240759449705e-16,0.0025179924499185197,1.5080240759449705e-16,0.00036321546409222338,0.00036195654358954764,1.2593763421836294e-06,0.00036195654358937309,1.2593763422708959e-06,2.4682674138263863e-16,1.2341321526743997e-16,2.4682674138263863e-16,0,2.9653827178230667e-16,1.0047567941491826,10500.33976758632
n2_pair_f0.8_d10.0,calibration,2,pair,1,0.10000000000000001,0.10000000000000001,1,0,0.80000000000000004,10,1,5,13,true,true,true,true,false,true,0.00080000000000000026,0.00080000000000000026,0.00056568542494923836,0.0014496635778445208,0.0014505269737768896,0.0014505269737768896,0.00059522914635680706,8.620139845351095e-17,0.00059522914635680706,8.620139845351095e-17,4.4631931401816547e-05,4.4620109689367774e-05,1.1822239958416627e-08,4.4620109689442523e-05,1.1822239958416627e-08,1.0570817195520179e-16,6.8413808296437691e-19,1.0570817195520179e-16,0,2.0977064800739732e-16,1.0011398124516153,10.767051358853864
n2_pair_f1.0_d2.1,calibration,2,pair,1,0.10000000000000001,0.10000000000000001,1,0,1,2.1000000000000001,1,13,13,true,true,true,true,false,true,0.10797969981643449,0.10797969981643449,0.055167482766554234,0.97642527555988634,1.2295999113479104,1.2295999113479104,0.20590001141955952,1.5886300209939877e-16,0.20590001141955944,1.5886300209939877e-16,0.15953384476536947,0.00043060784552202219,9.6372653578891425e-05,0.00043060784552202219,9.6372653578801138e-05,1.5598653024184325e-18,1.2771920206994119e-16,1.2771920206994119e-16,0,3.4348347781451433e-16,1.8581075906727142,2.3843798794048734e+41
n2_pair_f1.0_d2.5,calibration,2,pair,1,0.10000000000000001,0.10000000000000001,1,0,1,2.5,1,9,13,true,true,true,true,false,true,0.064000000000000015,0.064000000000000015,0.032984845004941289,0.48765290365825653,0.52943420501043814,0.52943420501043814,0.07891689081811,8.8179500720414564e-17,0.07891689081811,8.8179500720414564e-17,0.047499226928874698,0.00048921510982136358,3.0592817477186537e-05,0.00048921510982115389,3.0592817477291393e-05,2.9656957832120606e-16,1.4828024493663679e-16,2.9656957832120606e-16,0,3.0141093880795133e-16,1.1729515269486779,2.0327493302668466e+24
n2_pair_f1.0_d3.0,calibration,2,pair,1,0.10000000000000001,0.10000000000000001,1,0,1,3,1,9,13,true,true,true,true,true,true,0.037037037037037028,0.037037037037037028,0.019333900942426936,0.23627859156558151,0.24485490210142244,0.24485490210142244,0.035026092850240338,8.7055728790415473e-17,0.035026092850240338,8.7055728790415473e-17,0.016002309192227959,3.7086331913433421e-05,1.0261219319173636e-06,3.7086331913433421e-05,1.0261219319173636e-06,1.8265977033097496e-19,1.5231932297115781e-19,1.8265977033097496e-19,0,3.0827829994425101e-16,1.0677099742978646,2.9837085947857537e+22
n2_pair_f1.0_d4.0,calibration,2,pair,1,0.10000000000000001,0.10000000000000001,1,0,1,4,1,7,13,true,true,true,true,false,true,0.015625,0.015625,0.0084143200111476638,0.075671032566280341,0.076568457704158793,0.076568457704158793,0.011720559154343639,8.6689142798427415e-17,0.011720559154343639,8.6689142798427415e-17,0.0033359651866379956,6.8069012894513611e-05,7.8145795055790501e-07,6.8069012894604236e-05,7.8145795046728159e-07,1.2816094540143411e-16,1.281608411532889e-16,1.2816094540143411e-16,0,2.2311747965123895e-16,1.0219919772185084,9604205552409.4277
n2_pair_f1.0_d6.0,calibration,2,pair,1,0.10000000000000001,0.10000000000000001,1,0,1,6,1,5,13,true,true,true,true,false,true,0.0046296296296296285,0.0046296296296296285,0.0026995147661320832,0.015490972665714239,0.015539799386186257,0.015539799386186257,0.0031420431666203215,8.6609178434022902e-17,0.0031420431666203215,8.6609178434022902e-17,0.00044880774898538301,0.0004471704617993385,1.638019660052342e-06,0.00044717046179945012,1.638019660052342e-06,1.5787038503191349e-16,7.9824127588961187e-20,1.5787038503191349e-16,0,2.1534927687224068e-16,1.0059625339156271,16417.474477084012
n2_pair_f1.0_d10.0,calibration,2,pair,1,0.10000000000000001,0.10000000000000001,1,0,1,10,1,5,13,true,true,true,true,false,true,0.0010000000000000002,0.0010000000000000002,0.00070710678118654762,0.0022650993403820633,0.0022667768771430395,0.0022667768771430395,0.00074005376439631064,8.5368060200887891e-17,0.00074005376439631064,8.5368060200887891e-17,5.1816732742024635e-05,5.180137870951057e-05,1.5354827915318552e-08,5.180137870941491e-05,1.5354828106639045e-08,1.3528844693783049e-16,2.7057024911812468e-16,2.7057024911812468e-16,0,2.1194596079251928e-16,1.0014259277337878,15.782179774289112
n3_linear_f0.1_d2.1,calibration,3,linear,1,0.10000000000000001,0.10000000000000001,1,0,0.10000000000000001,2.1000000000000001,3,9,13,true,true,true,true,true,true,0.01079796998164345,0.0215959399632869,0.0081763586247051157,0.0084822477370031114,0.0086322870716920349,0.0086534425763726587,0.01978343738444387,0.0024447501088628405,0.017338687275581029,0.0024447501088628405,0.0091820814542616612,0.00018573808158896555,2.0930533275300947e-05,0.00034520949095332017,4.0435717907019302e-05,0.00015947140936435465,1.9505184631718348e-05,0.00015947140936435465,0,6.2699436378442043e-16,1.0507298727453238,1.6998587242693004e+25
n3_linear_f0.1_d2.5,calibration,3,linear,1,0.10000000000000001,0.10000000000000001,1,0,0.10000000000000001,2.5,3,7,13,true,true,true,true,true,true,0.006400000000000002,0.012800000000000004,0.0048936098384128809,0.0042387940832673719,0.0042698200970368288,0.004277495024729139,0.0090475713561392265,0.0017942575381012611,0.0072533138180379654,0.0017942575381012611,0.0026572249857545033,0.0001978893798048229,1.2521758739151207e-05,0.00043207114672721622,3.1334639655136037e-05,0.00023418176692239327,1.881288091598483e-05,0.00023418176692239327,0,2.2264299159358103e-16,1.0157831430125388,905062081270738.5
n3_linear_f0.1_d3.0,calibration,3,linear,1,0.10000000000000001,0.10000000000000001,1,0,0.10000000000000001,3,3,7,13,true,true,true,true,true,true,0.003703703703703703,0.007407407407407406,0.0028723477911963041,0.0020556898837651651,0.002062626442702312,0.0020652094972726728,0.0046095146860786621,0.0012507469938385664,0.0033587676922400955,0.0012507469938385664,0.00085412570793196062,2.6425481944801909e-05,7.9354655660592376e-07,7.7383727044238901e-05,2.7101712639853915e-06,5.0958245099436985e-05,1.9166247073794673e-06,5.0958245099436985e-05,0,2.2796981741543778e-16,1.0072616883875114,33577495768839.984
n3_linear_f0.1_d4.0,calibration,3,linear,1,0.10000000000000001,0.10000000000000001,1,0,0.10000000000000001,4,3,5,13,true,true,true,true,false,true,0.0015625000000000001,0.0031250000000000002,0.0012537701602417441,0.00066000873708838904,0.00066079499499376482,0.00066122964376337035,0.0018464185423274057,0.00065733406495756784,0.0011890844773698379,0.00065733406495756784,0.00021110853850517142,0.00020998814982062762,1.1206240023047188e-06,0.00038909457846358155,5.343707870326096e-06,0.00017910642864295387,4.2230838680213772e-06,0.00017910642864295387,0,2.573012400922513e-16,1.0027036099621904,93923.554485058688
n3_linear_f0.1_d6.0,calibration,3,linear,1,0.10000000000000001,0.10000000000000001,1,0,0.10000000000000001,6,3,5,13,true,true,true,true,true,true,0.00046296296296296287,0.00092592592592592574,0.00040420849819232016,0.00013618308659771582,0.00013622942349973211,0.00013626248571415472,0.00058269241180184566,0.00024263621971474172,0.00034005619208710397,0.00024263621971474172,6.0157098061757425e-05,6.0143483290717406e-05,1.3615589929020251e-08,8.6739378826145716e-05,1.2899139937989254e-07,2.6595895535428293e-05,1.1537580945087229e-07,2.6595895535428293e-05,0,2.8688798710140952e-16,1.0007993609810031,330.78843006538676
n3_linear_f0.1_d10.0,calibration,3,linear,1,0.10000000000000001,0.10000000000000001,1,0,0.10000000000000001,10,3,5,13,true,true,true,true,true,true,0.00010000000000000003,0.00020000000000000006,0.00010559456374047438,2.0377219822982857e-05,2.0378915784966605e-05,2.0380265842769125e-05,0.0001494592764277905,6.6243385289119791e-05,8.3215891138670704e-05,6.6243385289119791e-05,1.7983944008629795e-05,1.7983842085499706e-05,1.0192496309754621e-10,2.0212031010154181e-05,1.2260497097854435e-09,2.2281889246544767e-06,1.1241247466880326e-09,2.2281889246544767e-06,0,2.1815896838784813e-16,1.0001984044450145,1.683927764527666
n3_linear_f0.4_d2.1,calibration,3,linear,1,0.10000000000000001,0.10000000000000001,1,0,0.40000000000000002,2.1000000000000001,3,11,13,true,true,true,true,true,true,0.043191879926573799,0.086383759853147599,0.032705434498820463,0.13571596379204978,0.14609704376467608,0.14751261766739632,0.07997047345431163,0.0095962903045485656,0.070374183149763056,0.0095962903045485656,0.039369985739194077,0.00016035971409364495,2.3014721406583861e-05,0.00025942346862802289,3.5203724085090411e-05,9.9063754534377968e-05,1.2189002678506552e-05,9.9063754534377968e-05,0,5.8331774200618658e-16,1.2385624652766336,3.2492660202930521e+33
n3_linear_f0.4_d2.5,calibration,3,linear,1,0.10000000000000001,0.10000000000000001,1,0,0.40000000000000002,2.5,3,9,13,true,true,true,true,true,true,0.025600000000000008,0.051200000000000016,0.019574439353651524,0.06782070533227795,0.069825118187755789,0.070319211544078761,0.035530919032484384,0.0070264348173649967,0.028504484215119381,0.0070264348173649967,0.010358739777426443,5.9292029766920836e-05,3.2469263784774771e-06,0.00014041655841588637,8.0942712349163382e-06,8.1124528648965537e-05,4.8473448564388607e-06,8.1124528648965537e-05,0,4.2984217042120582e-16,1.0661872329188411,6.9594837034663495e+24
n3_linear_f0.4_d3.0,calibration,3,linear,1,0.10000000000000001,0.10000000000000001,1,0,0.40000000000000002,3,3,7,13,true,true,true,true,true,true,0.014814814814814812,0.029629629629629624,0.011489391164785217,0.032891038140242641,0.033323047937160968,0.03348799072986456,0.017825870606490411,0.0049254311503525291,0.012900439456137882,0.0049254311503525291,0.0029019050794488804,0.00011525971014436997,3.5181455155300413e-06,0.00032899716218669618,1.1678124965642822e-05,0.00021373745204232616,8.1599794501127803e-06,0.00021373745204232616,0,3.3921993638395827e-16,1.0296837488755937,549514367652480.19
n3_linear_f0.4_d4.0,calibration,3,linear,1,0.10000000000000001,0.10000000000000001,1,0,0.40000000000000002,4,3,7,13,true,true,true,true,true,true,0.0062500000000000003,0.012500000000000001,0.0050150806409669764,0.010560139793414225,0.010607029164831912,0.010634742103949497,0.007014961886811266,0.0026058872746235712,0.0044090746121876944,0.0026058872746235712,0.00048816922875623666,4.8016857523187107e-06,4.5193324042170942e-08,2.2546809150629702e-05,2.5347933451492841e-07,1.7745123398310992e-05,2.0828601047275744e-07,1.7745123398310992e-05,0,2.1381661720276533e-16,1.0109061901244005,3045356503485.3003
n3_linear_f0.4_d6.0,calibration,3,linear,1,0.10000000000000001,0.10000000000000001,1,0,0.40000000000000002,6,3,5,13,true,true,true,true,true,true,0.0018518518518518515,0.003703703703703703,0.0016168339927692807,0.0021789293855634531,0.0021815540413012494,0.0021836655798222701,0.0021689192258104437,0.00096696973223932281,0.0012019494935711209,0.00096696973223932281,8.0096144167409402e-05,8.0039501352892223e-05,5.6647348542710595e-08,0.00018945635675463897,5.4228030823797307e-07,0.00010941685540174676,4.8563295969526251e-07,0.00010941685540174676,0,1.8231372078374403e-16,1.0032061423466332,5269.8816596779616
n3_linear_f0.4_d10.0,calibration,3,linear,1,0.10000000000000001,0.10000000000000001,1,0,0.40000000000000002,10,3,5,13,true,true,true,true,true,true,0.00040000000000000013,0.00080000000000000026,0.00042237825496189752,0.00032603551716772571,0.00032612707448846591,0.00032621341039299308,0.00054532775048402927,0.00026466080724011612,0.00028066694324391321,0.00026466080724011612,1.9518139947199173e-05,1.9517868804934198e-05,2.7114755719816109e-10,2.8702165983282573e-05,5.0068333289436564e-09,9.1842971783483754e-06,4.7356857717455444e-09,9.1842971783483754e-06,0,2.4033239561559443e-16,1.0007942128776233,6.2866477932454616
n3_linear_f0.8_d2.1,calibration,3,linear,1,0.10000000000000001,0.10000000000000001,1,0,0.80000000000000004,2.1000000000000001,3,13,13,true,true,true,true,true,true,0.086383759853147599,0.1727675197062952,0.065410868997640925,0.54286385516819913,0.6395970913219774,0.65188019601160763,0.16723370568764348,0.018842579916956929,0.14839112577068655,0.018842579916956929,0.091662398309430598,0.0001456221189812437,2.9914342005333032e-05,0.00018996483392479447,3.6963542418379897e-05,4.4342714943550756e-05,7.0492004130468679e-06,4.4342714943550756e-05,0,5.993824275879179e-16,1.6041752942615881,7.8898569602248641e+40
n3_linear_f0.8_d2.5,calibration,3,linear,1,0.10000000000000001,0.10000000000000001,1,0,0.80000000000000004,2.5,3,9,13,true,true,true,true,true,true,0.051200000000000016,0.10240000000000003,0.039148878707303048,0.2712828213291118,0.28825901775920459,0.29225454602247258,0.071758420797150391,0.013671398161795318,0.05808702263535509,0.013671398161795318,0.022517667399188233,0.00015041489060087761,8.8663212417980257e-06,0.00033164865320482891,2.0154626092968998e-05,0.00018123376260395131,1.128830485117097e-05,0.00018123376260395131,0,4.6632374441904355e-16,1.1416054593240077,1.5596916835454334e+25
n3_linear_f0.8_d3.0,calibration,3,linear,1,0.10000000000000001,0.10000000000000001,1,0,0.80000000000000004,3,3,7,13,true,true,true,true,true,true,0.029629629629629624,0.059259259259259248,0.022978782329570461,0.13156415256097057,0.13511054578774748,0.13642552060579966,0.035633861049179726,0.009638774418547184,0.02599508663063254,0.009638774418547184,0.0060536303418826827,0.00026053948989227947,8.1471418785189533e-06,0.00071812225483291461,2.6012693750848663e-05,0.00045758276494063519,1.7865551872329711e-05,0.00045758276494063519,0,3.2356887488794823e-16,1.0612285639860402,2269956772106291.5
n3_linear_f0.8_d4.0,calibration,3,linear,1,0.10000000000000001,0.10000000000000001,1,0,0.80000000000000004,4,3,7,13,true,true,true,true,true,true,0.012500000000000001,0.025000000000000001,0.010030161281933956,0.042240559173656898,0.04261648124149936,0.042836950794737698,0.013922363987542812,0.0051467144404083974,0.0087756495471344141,0.0051467144404083974,0.00090758264230060017,1.0603298127047368e-05,1.0091157720129474e-07,4.8675282609395288e-05,5.5456402839123013e-07,3.807198448234792e-05,4.5365245118993537e-07,3.807198448234792e-05,0,4.5365494173023622e-16,1.0220715151752633,12284229077015.314
n3_linear_f0.8_d6.0,calibration,3,linear,1,0.10000000000000001,0.10000000000000001,1,0,0.80000000000000004,6,3,5,13,true,true,true,true,true,true,0.003703703703703703,0.007407407407407406,0.003233667985538563,0.0087157175422538126,0.0087363767774586969,0.0087532164022303995,0.0042840092433943117,0.0019238213700978148,0.002360187873296496,0.0019238213700978148,0.00010988016662307462,0.00010975666314537474,1.235170345174277e-07,0.00033725708788136862,1.1677627071272017e-06,0.00022750042473599391,1.0442456726097739e-06,0.00022750042473599391,0,3.1863087654786407e-16,1.0064366022550155,21112.816048593984
n3_linear_f0.8_d10.0,calibration,3,linear,1,0.10000000000000001,0.10000000000000001,1,0,0.80000000000000004,10,3,5,13,true,true,true,true,true,true,0.00080000000000000026,0.0016000000000000005,0.00084475650992379568,0.0013041420686709028,0.0013048532321066932,0.0013055431248838961,0.0010731596576848948,0.00052843354160698043,0.00054472611607791447,0.00052843354160698043,2.1785075762538013e-05,2.1784543765560858e-05,5.3200856671959044e-10,4.0931291803167748e-05,1.0726914573846352e-08,1.9146748037606889e-05,1.0194906007126817e-08,1.9146748037606889e-05,0,3.6581913500550073e-16,1.0015900872277683,19.739167148247152
n3_linear_f1.0_d2.1,calibration,3,linear,1,0.10000000000000001,0.10000000000000001,1,0,1,2.1000000000000001,3,13,13,true,true,true,true,true,true,0.10797969981643449,0.21595939963286898,0.081763586247051059,0.84822477370031113,1.0554501246428474,1.0807529434341272,0.21515386207966297,0.023412213628472123,0.19174164845119082,0.023412213628472123,0.12482730053250084,0.00032283012906598492,7.5303634658171144e-05,0.00040000420318013442,8.9525258547299436e-05,7.7174074114149459e-05,1.42216238891283e-05,7.7174074114149459e-05,0,1.0335610727230601e-15,1.8633937154886149,2.3843798794048734e+41
n3_linear_f1.0_d2.5,calibration,3,linear,1,0.10000000000000001,0.10000000000000001,1,0,1,2.5,3,9,13,true,true,true,true,true,true,0.064000000000000015,0.12800000000000003,0.048936098384128761,0.42387940832673721,0.45813693479111284,0.46599141837888836,0.090370784506402138,0.016855425396244572,0.073515359110157552,0.016855425396244572,0.029553692264254448,0.00021315020640587834,1.30422091248776e-05,0.00045381919506337187,2.83797160502843e-05,0.00024066898865749353,1.53375069254067e-05,0.00024066898865749353,0,4.3798548613879311e-16,1.1836114260435633,4.9496483929066675e+25
n3_linear_f1.0_d3.0,calibration,3,linear,1,0.10000000000000001,0.10000000000000001,1,0,1,3,3,7,13,true,true,true,true,true,true,0.037037037037037028,0.074074074074074056,0.028723477911963061,0.20556898837651649,0.21261117835781562,0.21517451100092908,0.044640615562366051,0.011912808032836045,0.032727807529530008,0.011912808032836045,0.0078376550273337314,0.00034737127631127038,1.100900060405369e-05,0.0009405031128768746,3.4457878914345999e-05,0.00059313183656560422,2.3448878310292307e-05,0.00059313183656560422,0,5.1966557486107206e-16,1.0777997161521626,3607938237504123.5
n3_linear_f1.0_d4.0,calibration,3,linear,1,0.10000000000000001,0.10000000000000001,1,0,1,4,3,7,13,true,true,true,true,true,true,0.015625,0.03125,0.012537701602417446,0.066000873708838892,0.066739382033852615,0.067168653574584403,0.017385786428617128,0.0063909505087089286,0.010994835919908201,0.0063909505087089286,0.0011417611806341305,1.3965476434902824e-05,1.3375235400224006e-07,6.3363289445862064e-05,7.2735493458807519e-07,4.9397813010959243e-05,5.9360258058583515e-07,4.9397813010959243e-05,0,3.4145420330990484e-16,1.0277603668214568,19277865876248.77
n3_linear_f1.0_d6.0,calibration,3,linear,1,0.10000000000000001,0.10000000000000001,1,0,1,6,3,5,13,true,true,true,true,true,true,0.0046296296296296285,0.009259259259259257,0.0040420849819231969,0.013618308659771582,0.013658611946934691,0.013691445548812015,0.0053417945373035527,0.0023981106859949377,0.0029436838513086155,0.0023981106859949377,0.0001263334258330898,0.00012617162172218595,1.6182452856707187e-07,0.00041630129591339659,1.5181970900894828e-06,0.0002901296741912107,1.3563725615224111e-06,0.0002901296741912107,0,2.2177256148332394e-16,1.0080616176956738,33018.823201976862
n3_linear_f1.0_d10.0,calibration,3,linear,1,0.10000000000000001,0.10000000000000001,1,0,1,10,3,5,13,true,true,true,true,true,true,0.0010000000000000002,0.0020000000000000005,0.0010559456374047429,0.0020377219822982854,0.0020391036464644961,0.0020404502519437429,0.0013370919692153723,0.00065995506529215422,0.00067713690392321802,0.00065995506529215422,2.302668814024367e-05,2.3026007672209072e-05,6.8048370341922298e-10,4.7477548608925635e-05,1.3930484429334631e-08,2.4451540936716566e-05,1.3250000725915406e-08,2.4451540936716566e-05,0,3.2690253174648237e-16,1.0019886914966618,29.768554659175649
n3_compact_f0.1_d2.1,calibration,3,compact,1,0.10000000000000001,0.10000000000000001,1,0,0.10000000000000001,2.1000000000000001,3,9,13,true,true,true,true,true,true,0.01079796998164345,0.021595939963286917,0.011033496553310861,0.016912181870641654,0.017229302271029683,0.017398824822925547,0.027969874818365166,0.009743333450457763,0.018226541367907405,0.009743333450457763,0.017125381545492709,0.00035106836831206109,4.6777495097590905e-05,0.00036422246665015969,4.266190735095557e-05,1.3154098338098626e-05,4.1155877466353343e-06,1.3154098338098626e-05,0,6.5565717187615805e-16,1.0566273353823374,3.1237569003501052e+26
n3_compact_f0.1_d2.5,calibration,3,compact,1,0.10000000000000001,0.10000000000000001,1,0,0.10000000000000001,2.5,3,7,13,true,true,true,true,true,true,0.006400000000000002,0.012800000000000004,0.0065969690009882584,0.0084463960559459112,0.0085118739922395003,0.008554908258015045,0.012684204061156223,0.0050303597043516134,0.0076538443568046101,0.0050303597043516134,0.0061277440570125163,0.00040510725302849148,3.1549527739091962e-05,0.00045824685580604489,3.3235507854325714e-05,5.3139602777553376e-05,1.6859801152337483e-06,5.3139602777553376e-05,0,2.950906188312628e-16,1.0196461262069101,971094728202454.88
n3_compact_f0.1_d3.0,calibration,3,compact,1,0.10000000000000001,0.10000000000000001,1,0,0.10000000000000001,3,3,7,13,true,true,true,true,true,true,0.003703703703703703,0.007407407407407406,0.0038667801884853872,0.0040924652533240241,0.0041070827737810754,0.0041178511812246781,0.0061648483112747721,0.0026150550298420336,0.003549793281432739,0.0026150550298420336,0.0023071329179305813,7.2717493691942011e-05,2.7068144467108289e-06,8.23194455570522e-05,2.8833241317203706e-06,9.6019518651101837e-06,1.7650968500954149e-07,9.6019518651101837e-06,0,2.7279154167623097e-16,1.0088989569355906,35984855787754.047
n3_compact_f0.1_d4.0,calibration,3,compact,1,0.10000000000000001,0.10000000000000001,1,0,0.10000000000000001,4,3,5,13,true,true,true,true,true,true,0.0015625000000000001,0.0031250000000000023,0.0016828640022295335,0.0013106607306599678,0.0013123140069780013,0.00131362677739917,0.0022579067283286939,0.00099934809776632428,0.0012585586305623696,0.00099934809776632428,0.00057634043328460714,0.00057129264380478861,5.0506748932311528e-06,0.00041277994044710962,5.7052773866398726e-06,0.00015851270335767907,6.546024934087189e-07,0.00015851270335767907,0,2.3907479022898885e-16,1.0031392454724939,100107.8470271601
n3_compact_f0.1_d6.0,calibration,3,compact,1,0.10000000000000001,0.10000000000000001,1,0,0.10000000000000001,6,3,5,13,true,true,true,true,true,true,0.00046296296296296287,0.00092592592592592574,0.00053990295322641662,0.00026831151715677755,0.00026840866020558208,0.00026848656212628635,0.0006519692014471996,0.00029015202879165836,0.00036181717265554113,0.00029015202879165836,0.00011313708161636544,0.00011301372668877602,1.2336886996519529e-07,9.2334624900184401e-05,1.3885345846267708e-07,2.0679101788591637e-05,1.5484588497481826e-08,2.0679101788591637e-05,0,2.6681138134728587e-16,1.0008815368059314,353.29447553490149
n3_compact_f0.1_d10.0,calibration,3,compact,1,0.10000000000000001,0.10000000000000001,1,0,0.10000000000000001,10,3,5,13,true,true,true,true,true,true,0.00010000000000000003,0.00020000000000000006,0.00014142135623730956,3.9232671417324848e-05,3.9236231299218821e-05,3.9238998687853836e-05,0.00016124954103237735,7.0526484557590431e-05,9.0723056474786916e-05,7.0526484557590431e-05,2.35946176856194e-05,2.3593408897301051e-05,1.208816838460609e-09,2.1898755244411446e-05,1.3503750460996595e-09,1.6946536528896017e-06,1.4155820763926664e-10,1.6946536528896017e-06,0,1.9648632080800465e-16,1.0002130970040266,1.7136105316012984
n3_compact_f0.4_d2.1,calibration,3,compact,1,0.10000000000000001,0.10000000000000001,1,0,0.40000000000000002,2.1000000000000001,3,11,13,true,true,true,true,true,true,0.043191879926573799,0.086383759853147668,0.044133986213243444,0.27059490993026647,0.29254768084480687,0.30522529729239667,0.11345844420279258,0.041535274304098813,0.071923169898693781,0.041535274304098813,0.072525500804821147,0.00030561402267428102,3.7568421833142761e-05,0.0002659686146902548,3.6091381455167004e-05,3.9645407984026267e-05,1.47704037797576e-06,3.9645407984026267e-05,0,5.7804264044911808e-16,1.2667451573392217,9.058835864648005e+33
n3_compact_f0.4_d2.5,calibration,3,compact,1,0.10000000000000001,0.10000000000000001,1,0,0.40000000000000002,2.5,3,9,13,true,true,true,true,true,true,0.025600000000000008,0.051200000000000016,0.026387876003953033,0.13514233689513458,0.13937474477751405,0.1423236833123086,0.050457845455106592,0.020719942501231648,0.029737902953874944,0.020719942501231648,0.024722693618736274,0.00014358130494103677,9.5458344157315317e-06,0.00014717076377802278,8.483609534062736e-06,3.5894588369860144e-06,1.0622248816687955e-06,3.5894588369860144e-06,0,3.2201566270965857e-16,1.0833831945264369,1.1624616595280514e+25
n3_compact_f0.4_d3.0,calibration,3,compact,1,0.10000000000000001,0.10000000000000001,1,0,0.40000000000000002,3,3,7,13,true,true,true,true,true,true,0.014814814814814812,0.029629629629629624,0.015467120753941549,0.065479444053184385,0.06639036904570314,0.067103858854921747,0.024207472259521478,0.010632619664409721,0.01357485259511176,0.010632619664409721,0.008878256498340115,0.00031225502406237942,1.1765867719952962e-05,0.00034825464030604087,1.2362834449157253e-05,3.5999616243661459e-05,5.9696672920428833e-07,3.5999616243661459e-05,0,3.3921993638395827e-16,1.0366801210862857,592571440872828.62
n3_compact_f0.4_d4.0,calibration,3,compact,1,0.10000000000000001,0.10000000000000001,1,0,0.40000000000000002,4,3,7,13,true,true,true,true,true,true,0.0062500000000000003,0.012500000000000009,0.0067314560089181338,0.020970571690559485,0.021069234054118445,0.021154462779781166,0.0086927799176937503,0.004028876863948593,0.0046639030537451581,0.004028876863948593,0.0019759472893943865,2.1389622722026096e-05,2.5229098953118503e-07,2.4041675081710624e-05,2.7031527362461629e-07,2.6520523596845268e-06,1.8024284093431282e-08,2.6520523596845268e-06,0,2.6976497117774834e-16,1.0127181791625672,3267278121049.9482
n3_compact_f0.4_d6.0,calibration,3,compact,1,0.10000000000000001,0.10000000000000001,1,0,0.40000000000000002,6,3,5,13,true,true,true,true,true,true,0.0018518518518518515,0.003703703703703703,0.0021596118129056665,0.0042929842745084408,0.0042984904472375589,0.0043035004603103636,0.0024436353380021922,0.0011641716130881498,0.0012794637249140424,0.0011641716130881498,0.00028869772472401737,0.00028817882029344731,5.1905401094260301e-07,0.00020256977814284667,5.8362615513980154e-07,8.560904215060065e-05,6.4572144197198492e-08,8.560904215060065e-05,0,1.9701488539575278e-16,1.0035416673316422,5617.5324392332423
n3_compact_f0.4_d10.0,calibration,3,compact,1,0.10000000000000001,0.10000000000000001,1,0,0.40000000000000002,10,3,5,13,true,true,true,true,true,true,0.00040000000000000013,0.00080000000000000026,0.00056568542494923825,0.00062772274267719756,0.00062791521111816109,0.00062809256486186173,0.0005888020418541634,0.00028236879979537909,0.00030643324205878431,0.00028236879979537909,3.820128604583844e-05,3.8196366259388003e-05,4.9199743755878484e-09,3.1199531234725843e-05,5.5150790978415347e-09,6.9968350246621583e-06,5.9510472225371621e-10,6.9968350246621583e-06,0,1.798815048151337e-16,1.0008534767267669,6.6023114788796073
n3_compact_f0.8_d2.1,calibration,3,compact,1,0.10000000000000001,0.10000000000000001,1,0,0.80000000000000004,2.1000000000000001,3,13,13,true,true,true,true,true,true,0.086383759853147599,0.17276751970629534,0.088267972426486929,1.0823796397210659,1.2870314649196386,1.4172790480480504,0.23629743824141414,0.09189974501337278,0.14439769322804138,0.09189974501337278,0.16236115716214539,0.00021126433805527173,4.1074234294156037e-05,0.00018535176890404316,3.6065525351988177e-05,2.5912569151228532e-05,5.0087089421678587e-06,2.5912569151228532e-05,0,5.1206920949334482e-16,1.6838049525811745,7.4419161122301914e+41
n3_compact_f0.8_d2.5,calibration,3,compact,1,0.10000000000000001,0.10000000000000001,1,0,0.80000000000000004,2.5,3,9,13,true,true,true,true,true,true,0.051200000000000016,0.10240000000000003,0.052775752007906074,0.54056934758053832,0.57642594693913629,0.6024694285323996,0.10274393690423156,0.043227889017878614,0.059516047886352945,0.043227889017878614,0.052752968303651386,0.00034671046285632073,2.4316950405817247e-05,0.0003412833911666665,2.0739922545556711e-05,5.4270716896542205e-06,3.577027860260533e-06,5.4270716896542205e-06,0,6.9152493791800925e-16,1.1815358889487202,4.9252241051862144e+25
n3_compact_f0.8_d3.0,calibration,3,compact,1,0.10000000000000001,0.10000000000000001,1,0,0.80000000000000004,3,3,7,13,true,true,true,true,true,true,0.029629629629629624,0.059259259259259248,0.030934241507883112,0.26191777621273754,0.26939746430443468,0.27539028910221325,0.048921524914320016,0.021761205949982723,0.02716031896433729,0.021761205949982723,0.018562698778823425,0.00069106107867694059,2.6524483517010239e-05,0.00075459567781017316,2.7336050699539724e-05,6.3534599133232601e-05,8.11567182529483e-07,6.3534599133232601e-05,0,3.7651115397791411e-16,1.0765511777860162,2469198672523260.5
n3_compact_f0.8_d4.0,calibration,3,compact,1,0.10000000000000001,0.10000000000000001,1,0,0.80000000000000004,4,3,7,13,true,true,true,true,true,true,0.012500000000000001,0.025000000000000019,0.013462912017836269,0.08388228676223794,0.084673453713384805,0.085368950295736074,0.017414569680756452,0.0081469501492278506,0.0092676195315286036,0.0081469501492278506,0.0040082953604357388,4.641141585839616e-05,5.54634249587512e-07,5.1806277492441458e-05,5.903008351611721e-07,5.3948616340452919e-06,3.5666585573659993e-08,5.3948616340452919e-06,0,3.5863890198890693e-16,1.0258938861714775,13221164020515.869
n3_compact_f0.8_d6.0,calibration,3,compact,1,0.10000000000000001,0.10000000000000001,1,0,0.80000000000000004,6,3,5,13,true,true,true,true,true,true,0.003703703703703703,0.007407407407407406,0.0043192236258113356,0.017171937098033763,0.01721528505582753,0.017255635786081903,0.0048505131358676339,0.0023384087816060452,0.0025121043542615886,0.0023384087816060452,0.00054176217067128363,0.00054064343901580488,1.1193368175851832e-06,0.00036111009065947102,1.2564314056184597e-06,0.00017953334835633396,1.3709458803327644e-07,0.00017953334835633396,0,3.5350732086884049e-16,1.0071269890029262,22436.066017614517
n3_compact_f0.8_d10.0,calibration,3,compact,1,0.10000000000000001,0.10000000000000001,1,0,0.80000000000000004,10,3,5,13,true,true,true,true,true,true,0.00080000000000000026,0.0016000000000000005,0.0011313708498984767,0.0025108909707087903,0.0025123864163307014,0.0025138079301653743,0.0011603748327708985,0.00056548227794772719,0.00059489255482317132,0.00056548227794772719,5.922555407428163e-05,5.9215016728116134e-05,1.0537970171584397e-08,4.4594877750922273e-05,1.1815554695241721e-08,1.4620138977193856e-05,1.2775845236573269e-09,1.4620138977193856e-05,0,3.9049468604264688e-16,1.0017100116004496,20.962027173781248
n3_compact_f1.0_d2.1,calibration,3,compact,1,0.10000000000000001,0.10000000000000001,1,0,1,2.1000000000000001,3,13,13,true,true,true,true,true,true,0.10797969981643449,0.21595939963286914,0.11033496553310866,1.6912181870641656,2.1297295194367702,2.4256761574949439,0.30278484131586286,0.12200583212385836,0.18077900919200451,0.12200583212385836,0.21631778119684961,0.00045653002156127839,0.00010202943295142602,0.00037807331589373146,8.46146277846593e-05,7.8456705667546934e-05,1.7414805166766711e-05,7.8456705667546934e-05,0,5.8295689206418805e-16,1.9886473780856064,1.2759845395272773e+42
n3_compact_f1.0_d2.5,calibration,3,compact,1,0.10000000000000001,0.10000000000000001,1,0,1,2.5,3,9,13,true,true,true,true,true,true,0.064000000000000015,0.12800000000000003,0.065969690009882564,0.84463960559459117,0.91700694234291591,0.970661341577293,0.12983079740037937,0.055276126632580712,0.074554670767798661,0.055276126632580712,0.068372511642346798,0.00048009589565677736,3.4654516988220067e-05,0.00046217507073381778,2.8901765024366122e-05,1.792082492295956e-05,5.752751963853947e-06,1.792082492295956e-05,0,5.4416163563565835e-16,1.2376189524582255,8.1288716140578495e+25
n3_compact_f1.0_d3.0,calibration,3,compact,1,0.10000000000000001,0.10000000000000001,1,0,1,3,3,7,13,true,true,true,true,true,true,0.037037037037037028,0.074074074074074056,0.038667801884853872,0.40924652533240241,0.42410069574249537,0.43610823912965313,0.061594144267622691,0.027533401825018015,0.034060742442604687,0.027533401825018015,0.023850077760633512,0.00091156758214951204,3.5353571515117388e-05,0.00098430342359200149,3.6065219034677272e-05,7.2735841442489539e-05,7.1164751955988761e-07,7.2735841442489539e-05,0,4.1371200364575105e-16,1.0978686922907852,3942561492745828
n3_compact_f1.0_d4.0,calibration,3,compact,1,0.10000000000000001,0.10000000000000001,1,0,1,4,3,7,13,true,true,true,true,true,true,0.015625,0.031250000000000021,0.016828640022295324,0.13106607306599677,0.1326204590007917,0.13399288251913566,0.02184302179424271,0.010242510591172307,0.011600511203070405,0.010242510591172307,0.0051036302891632329,6.0571418598179367e-05,7.2922404550375063e-07,6.7371811789984182e-05,7.7345385914979757e-07,6.8003931918048106e-06,4.4229813646047014e-08,6.8003931918048106e-06,0,4.6059538963888489e-16,1.0326705955080675,20782145243215.98
n3_compact_f1.0_d6.0,calibration,3,compact,1,0.10000000000000001,0.10000000000000001,1,0,1,6,3,5,13,true,true,true,true,true,true,0.0046296296296296285,0.009259259259259257,0.0053990295322641655,0.026831151715677751,0.026915722076302252,0.026994806985741839,0.0060624723173803453,0.0029296341878405452,0.0031328381295398001,0.0029296341878405452,0.00067728478167920617,0.00067582946786928788,1.4562980190337092e-06,0.00044586033490413726,1.6332208617167752e-06,0.00022996913296515059,1.7692284268306609e-07,0.00022996913296515059,0,3.0325053393292545e-16,1.0089373629695837,35033.151995645829
n3_compact_f1.0_d10.0,calibration,3,compact,1,0.10000000000000001,0.10000000000000001,1,0,1,10,3,5,13,true,true,true,true,true,true,0.0010000000000000002,0.0020000000000000005,0.0014142135623730955,0.0039232671417324836,0.0039261727206340588,0.0039289518413316198,0.0014468743391899614,0.00070734404741868264,0.00073953029177127843,0.00070734404741868264,7.0471410936336158e-05,7.0457726088641313e-05,1.3685811966043692e-08,5.1764737226222223e-05,1.5343966895389923e-08,1.869298886241909e-05,1.6581549293462346e-09,1.869298886241909e-05,0,2.1194596079251928e-16,1.0021395172619796,31.666941089552623
n3_irregular_f0.1_d2.1,calibration,3,irregular,1,0.10000000000000001,0.10000000000000001,1,0,0.10000000000000001,2.1000000000000001,3,9,13,true,true,true,true,true,true,0.01079796998164345,0.01839218737285294,0.0080676724779565265,0.011254022021739075,0.011417122459191116,0.011476856650066144,0.019600783599149501,0.005396333650906672,0.014725385545114079,0.005396333650906672,0.011540858614009638,0.00027073946203760049,3.0802003590345436e-05,0.00026672132006844211,3.0864481872539763e-05,7.665103144900651e-06,3.7298374948361885e-07,7.665103144900651e-06,0,4.7902372017233294e-16,1.0504063613379124,2.2868154547638222e+25
n3_irregular_f0.1_d2.5,calibration,3,irregular,1,0.10000000000000001,0.10000000000000001,1,0,0.10000000000000001,2.5,3,7,13,true,true,true,true,true,true,0.006400000000000002,0.010901123024639433,0.0048318387051689152,0.0056236774889160904,0.0056583871101755587,0.0056744806516984721,0.0089969726246972095,0.0029430706878467681,0.0062859705991395584,0.0029430706878467681,0.0040965054623073897,0.00033458315749176654,2.4579282615930102e-05,0.00034337526047615354,2.4247315289289384e-05,2.2367340597408988e-05,7.141229404452567e-07,2.2367340597408988e-05,0,4.0897682996178819e-16,1.01565777344593,499207466583779
n3_irregular_f0.1_d3.0,calibration,3,irregular,1,0.10000000000000001,0.10000000000000001,1,0,0.10000000000000001,3,3,7,13,true,true,true,true,true,true,0.003703703703703703,0.0063085202688885596,0.0028389581530360573,0.0027270950277445399,0.0027350162274607701,0.0027392493250438868,0.0044527360171864091,0.0016056327787189197,0.0029562611927831791,0.0016056327787189197,0.0015542573887177983,5.9829421779944527e-05,2.1262613710937971e-06,6.1598883449461456e-05,2.0991151622112785e-06,4.2721910842604243e-06,6.3192265343664014e-08,4.2721910842604243e-06,0,2.3237126470953785e-16,1.0070682826110333,18688683424544.488
n3_irregular_f0.1_d4.0,calibration,3,irregular,1,0.10000000000000001,0.10000000000000001,1,0,0.10000000000000001,4,3,5,13,true,true,true,true,true,true,0.0015625000000000001,0.0026614069884373613,0.0012423642159447243,0.00087532490135061689,0.00087624256248086012,0.00087679042496393721,0.0016769433977213946,0.00064988574186849134,0.0010648327573011308,0.00064988574186849134,0.00040382160258953058,0.00039989436326268445,4.1267537828444498e-06,0.00034015379184673119,4.261634606288903e-06,7.0651386874597365e-05,3.1388450970011524e-07,7.0651386874597365e-05,0,3.0706450755453413e-16,1.0025441300031617,55768.260752550043
n3_irregular_f0.1_d6.0,calibration,3,irregular,1,0.10000000000000001,0.10000000000000001,1,0,0.10000000000000001,6,3,5,13,true,true,true,true,true,true,0.00046296296296296287,0.00078856503361106995,0.00040341416036334646,0.00018041058870567231,0.00018046577088713132,0.00018050037505047068,0.00049911154290388721,0.00019915428515344513,0.00030997854875317786,0.00019915428515344513,8.6610773893293699e-05,8.6516099175250243e-05,9.9705685395928745e-08,7.8361543222533149e-05,1.0316727203619265e-07,9.474476101651133e-06,7.933530780535227e-09,9.474476101651133e-06,0,3.4663860339340154e-16,1.0007327365852603,197.74057411307351
n3_irregular_f0.1_d10.0,calibration,3,irregular,1,0.10000000000000001,0.10000000000000001,1,0,0.10000000000000001,10,3,5,13,true,true,true,true,true,true,0.00010000000000000003,0.00017033004725999114,0.00010771151416836103,2.6987988306803438e-05,2.6990050414929929e-05,2.6991350661972339e-05,0.00012501456689411778,5.0022090659521668e-05,7.7428314042048027e-05,5.0022090659521668e-05,1.9469231411580426e-05,1.9468323989788696e-05,9.5342345666098672e-10,1.8757069368455001e-05,9.8628674376074364e-10,8.1555021861037281e-07,7.532091296399197e-11,8.1555021861037281e-07,0,2.9820114858306696e-16,1.0001800123956426,1.4990184071258972
n3_irregular_f0.4_d2.1,calibration,3,irregular,1,0.10000000000000001,0.10000000000000001,1,0,0.40000000000000002,2.1000000000000001,3,11,13,true,true,true,true,true,true,0.043191879926573799,0.073568749491411761,0.032270689911826106,0.1800643523478252,0.19121758089287252,0.19540916498820751,0.079348494571876635,0.022247989608010062,0.059295473767635373,0.022247989608010062,0.048361490203372416,0.00020013708926979644,2.7201432370696354e-05,0.00019751897022658973,2.667220776735183e-05,3.3695362711263494e-06,6.044584186919818e-07,3.3695362711263494e-06,0,4.3714644696095587e-16,1.237700961247479,4.491054958040491e+33
n3_irregular_f0.4_d2.5,calibration,3,irregular,1,0.10000000000000001,0.10000000000000001,1,0,0.40000000000000002,2.5,3,9,13,true,true,true,true,true,true,0.025600000000000008,0.043604492098557733,0.019327354820675661,0.089978839822657447,0.092205844983748481,0.09328203619817671,0.035589450830381612,0.011966291832052174,0.024572894614765278,0.011966291832052174,0.016242832734248678,0.00011097816474366259,6.2078278579543391e-06,0.00010850748677288365,6.1796668977939257e-06,3.8088638430318487e-06,8.6412014633539184e-08,3.8088638430318487e-06,0,3.1079751138898516e-16,1.0658438317287153,1.5098130575607264e+25
n3_irregular_f0.4_d3.0,calibration,3,irregular,1,0.10000000000000001,0.10000000000000001,1,0,0.40000000000000002,3,3,7,13,true,true,true,true,true,true,0.014814814814814812,0.025234081075554238,0.011355832612144229,0.043633520443912638,0.044123993172574129,0.044401260747286064,0.017351815987700862,0.0064849190617842431,0.011308166678310999,0.0064849190617842431,0.0058121406053255218,0.00025564465858708447,9.2065591730558772e-06,0.00026179867423464586,9.0444235979317711e-06,1.7083261895453595e-05,2.9609675655179447e-07,1.7083261895453595e-05,0,3.3921993638395827e-16,1.0289725950382831,301792979411388.06
n3_irregular_f0.4_d4.0,calibration,3,irregular,1,0.10000000000000001,0.10000000000000001,1,0,0.40000000000000002,4,3,7,13,true,true,true,true,true,true,0.0062500000000000003,0.010645627953749445,0.0049694568637788971,0.01400519842160987,0.014059631037475255,0.014095038026823027,0.006395281298330154,0.0026118577580023874,0.0039337426942293065,0.0026118577580023874,0.0013069316391154829,1.7453432879632788e-05,1.9944561811745561e-07,1.798572922256149e-05,1.9658482469290215e-07,1.2977712862982154e-06,6.2959875042778331e-09,1.2977712862982154e-06,0,2.2164357548467613e-16,1.010281376512346,1694057572301.0479
n3_irregular_f0.4_d6.0,calibration,3,irregular,1,0.10000000000000001,0.10000000000000001,1,0,0.40000000000000002,6,3,5,13,true,true,true,true,true,true,0.0018518518518518515,0.0031542601344442798,0.0016136566414533858,0.0028865694192907569,0.0028896807365364468,0.0028919027500899212,0.0018510174805248792,0.00079808560996658172,0.0010918811209714061,0.00079808560996658172,0.00020013662254964192,0.00019973893503043321,4.1939920891245078e-07,0.00016621259682096892,4.3371298059975909e-07,3.9191876663171681e-05,3.3257237221378206e-08,3.9191876663171681e-05,0,2.6494367925312814e-16,1.0029411469082261,3133.6466688735663
n3_irregular_f0.4_d10.0,calibration,3,irregular,1,0.10000000000000001,0.10000000000000001,1,0,0.40000000000000002,10,3,5,13,true,true,true,true,true,true,0.00040000000000000013,0.00068132018903996458,0.00043084605667344412,0.00043180781290885501,0.00043191890569466851,0.00043200219784979364,0.00045176295865238699,0.00020019880664073599,0.00026077840447734027,0.00020019880664073599,2.9069281961254606e-05,2.9065604854344376e-05,3.8814141430449105e-09,2.6133260161620256e-05,4.0181452182247459e-09,3.366534914317792e-06,3.1702923443914202e-10,3.366534914317792e-06,0,1.9847843737475232e-16,1.0007207741683797,4.4322673317716825
n3_irregular_f0.8_d2.1,calibration,3,irregular,1,0.10000000000000001,0.10000000000000001,1,0,0.80000000000000004,2.1000000000000001,3,11,13,true,true,true,true,true,true,0.086383759853147599,0.14713749898282352,0.064541379823652281,0.72025740939130078,0.82263722231635317,0.86122735697186581,0.16565413214536609,0.046525707903156903,0.12385743265408944,0.046525707903156903,0.10766539069449457,0.00080987374370344433,0.00014969959683032715,0.00078229609627592054,0.00014404674424301929,3.1153991519397224e-05,6.3146215844587912e-06,3.1153991519397224e-05,0,4.6826013996361943e-16,1.5905529572310444,3.7596442040034334e+34
n3_irregular_f0.8_d2.5,calibration,3,irregular,1,0.10000000000000001,0.10000000000000001,1,0,0.80000000000000004,2.5,3,9,13,true,true,true,true,true,true,0.051200000000000016,0.087208984197115466,0.038654709641351363,0.35991535929062979,0.37867164952163507,0.38783648098830015,0.072370568737778362,0.024497684429483982,0.049827870250166224,0.024497684429483982,0.034430352600414042,0.00026476339950864269,1.5620294307739264e-05,0.00025568986627044256,1.5360754591024247e-05,1.171894705678189e-05,3.3669447905088061e-07,1.171894705678189e-05,0,4.1449308020762759e-16,1.1413304590081186,1.8886185154785065e+25
n3_irregular_f0.8_d3.0,calibration,3,irregular,1,0.10000000000000001,0.10000000000000001,1,0,0.80000000000000004,3,3,7,13,true,true,true,true,true,true,0.029629629629629624,0.050468162151108477,0.022711665224288465,0.17453408177565055,0.17854705978945121,0.18083802673379501,0.03498229834900534,0.013147827547182675,0.022731518859217873,0.013147827547182675,0.012062704138496663,0.00056172470803410779,2.0638623137875631e-05,0.00057101901590891706,2.0138652294522866e-05,3.4245286135603386e-05,7.542086476268544e-07,3.4245286135603386e-05,0,3.1734694834768131e-16,1.059992410416994,1235210814118818
n3_irregular_f0.8_d4.0,calibration,3,irregular,1,0.10000000000000001,0.10000000000000001,1,0,0.80000000000000004,4,3,7,13,true,true,true,true,true,true,0.012500000000000001,0.021291255907498891,0.009938913727557815,0.056020793686439481,0.056456287347304381,0.056743385426347707,0.012776729547344681,0.0052585074791868039,0.0078209900319786401,0.0052585074791868039,0.0026162118521357693,3.7799067287519071e-05,4.3768685636160527e-07,3.8839647042372791e-05,4.3027003422253881e-07,2.7238633490566117e-06,1.4371710156019655e-08,2.7238633490566117e-06,0,4.3535244923949388e-16,1.0208603456582395,6791832215116.4912
n3_irregular_f0.8_d6.0,calibration,3,irregular,1,0.10000000000000001,0.10000000000000001,1,0,0.80000000000000004,6,3,5,13,true,true,true,true,true,true,0.003703703703703703,0.0063085202688885596,0.0032273132829067738,0.011546277677163028,0.01157073483101497,0.011588592414734025,0.0036649647201822326,0.0016003175727385126,0.0021424165557632057,0.0016003175727385126,0.00036377362392037409,0.00036291684346228045,9.0411004653419189e-07,0.00029282991094041656,9.3417236840433215e-07,8.2100569378488385e-05,7.112376132239403e-08,8.2100569378488385e-05,0,3.3805927740737441e-16,1.0059110204137514,12527.646039606323
n3_irregular_f0.8_d10.0,calibration,3,irregular,1,0.10000000000000001,0.10000000000000001,1,0,0.80000000000000004,10,3,5,13,true,true,true,true,true,true,0.00080000000000000026,0.0013626403780799292,0.00086169211334688792,0.00172723125163542,0.0017280936589543769,0.0017287608451263786,0.00088841604734221213,0.00040071119835005014,0.00050595665074494383,0.00040071119835005014,4.2905316732032884e-05,4.2897457627293949e-05,8.3134590005346801e-09,3.6779060584252548e-05,8.6057788532220034e-09,7.032530891432802e-06,6.8170200342998718e-10,7.032530891432802e-06,0,3.4052440201672966e-16,1.0014435861730577,12.551581502248176
n3_irregular_f1.0_d2.1,calibration,3,irregular,1,0.10000000000000001,0.10000000000000001,1,0,1,2.1000000000000001,3,13,13,true,true,true,true,true,true,0.10797969981643449,0.18392187372852939,0.080676724779565265,1.1254022021739074,1.3429065970398613,1.424602364643107,0.21276439862094376,0.059598282537875823,0.15934089944623966,0.059598282537875823,0.14325215112949932,0.00031916457308105427,7.1217058848657805e-05,0.00030384062036358721,6.7944569698597066e-05,1.7119919624687765e-05,3.6435531770491474e-06,1.7119919624687765e-05,0,8.0094114778700046e-16,1.8614712036368251,2.3843798794048734e+41
n3_irregular_f1.0_d2.5,calibration,3,irregular,1,0.10000000000000001,0.10000000000000001,1,0,1,2.5,3,9,13,true,true,true,true,true,true,0.064000000000000015,0.10901123024639434,0.048318387051689192,0.56236774889160912,0.60011112928546584,0.61861559443008152,0.091415313939132645,0.031004271690456636,0.062893666752862551,0.031004271690456636,0.04450827127172103,0.00036412705671429191,2.2111130095312929e-05,0.00034940432587863261,2.1607244540206625e-05,1.8224074045765742e-05,6.0353399757751394e-07,1.8224074045765742e-05,0,6.0133561418436814e-16,1.1835521494239731,3.270576893427826e+25
n3_irregular_f1.0_d3.0,calibration,3,irregular,1,0.10000000000000001,0.10000000000000001,1,0,1,3,3,7,13,true,true,true,true,true,true,0.037037037037037028,0.063085202688885594,0.028389581530360551,0.27270950277445394,0.28066608042047153,0.28521654179984535,0.044005625065313157,0.016552932146344075,0.028584108236291456,0.016552932146344075,0.015464109790128407,0.00073809815147129055,2.7425508604700764e-05,0.00074746837294868956,2.6668471724767476e-05,4.295532832053381e-05,1.0732605743053603e-06,4.295532832053381e-05,0,6.0021535079441682e-16,1.0763823632434015,1956964510759892.5
n3_irregular_f1.0_d4.0,calibration,3,irregular,1,0.10000000000000001,0.10000000000000001,1,0,1,4,3,7,13,true,true,true,true,true,true,0.015625,0.026614069884373613,0.01242364215944727,0.087532490135061689,0.088387323387391567,0.088951975241050113,0.016010537404148369,0.0065960358736526356,0.0097946767696431344,0.0065960358736526356,0.0033208931389273953,4.9282544549011345e-05,5.7493275668182141e-07,5.0565087186009119e-05,5.6443201824707913e-07,3.4950221051584689e-06,1.9290873326743283e-08,3.4950221051584689e-06,0,3.3516173471462083e-16,1.0262726813639684,10630941894757.693
n3_irregular_f1.0_d6.0,calibration,3,irregular,1,0.10000000000000001,0.10000000000000001,1,0,1,6,3,5,13,true,true,true,true,true,true,0.0046296296296296285,0.0078856503361106993,0.0040341416036334642,0.018041058870567232,0.018088750410725739,0.018123710922755457,0.0045773329492697452,0.0020031242232189288,0.0026715248972218482,0.0020031242232189288,0.00045138548932469074,0.00045027117452395537,1.1760646854485852e-06,0.000360577468347728,1.214645074583456e-06,0.00010510580893848632,9.2131678289393098e-08,0.00010510580893848632,0,3.0148940328593103e-16,1.0074076341079163,19572.986759084182
n3_irregular_f1.0_d10.0,calibration,3,irregular,1,0.10000000000000001,0.10000000000000001,1,0,1,10,3,5,13,true,true,true,true,true,true,0.0010000000000000002,0.0017033004725999115,0.0010771151416836113,0.0026987988306803432,0.0027004740406266917,0.0027017779994913636,0.001107203057376935,0.00050109622674599386,0.00062888705815242803,0.00050109622674599386,5.0311804181764766e-05,5.0301604240359325e-05,1.0796609275035011e-08,4.2483088962838859e-05,1.1175376350916161e-08,8.9903464515741572e-06,8.8547975348166177e-10,8.9903464515741572e-06,0,3.3931139071298376e-16,1.0018058187187751,18.557242691537173
n4_linear_f0.1_d2.1,calibration,4,linear,1,0.10000000000000001,0.10000000000000001,1,0,0.10000000000000001,2.1000000000000001,6,9,13,true,true,true,true,true,true,0.01079796998164345,0.022945686210992324,0.0096598744644465964,0.007449661173877623,0.0075794307653611701,0.0076041266803804873,0.02033612921808441,0.0037739001709751131,0.017091683919354082,0.0037739001709751131,0.009186969381218579,0.00024030362144016471,2.8173529240750626e-05,0.00034021406386051527,3.985064568996978e-05,0.0002233808938241877,2.7231080700642834e-05,0.0002233808938241877,0,6.8075777393884438e-16,1.0510489162785608,2.2579022956422706e+25
n4_linear_f0.1_d2.5,calibration,4,linear,1,0.10000000000000001,0.10000000000000001,1,0,0.10000000000000001,2.5,6,7,13,true,true,true,true,true,true,0.006400000000000002,0.013600000000000004,0.005786311711646854,0.0037241453766787519,0.0037509842102243767,0.0037598229994021391,0.0095492122451746719,0.0027695504252166054,0.0071489364427938067,0.0027695504252166054,0.002864106046458979,0.00029814294824575567,2.2201795740743971e-05,0.00042570387401749449,3.0872901842657172e-05,0.0003316404104405932,2.6320940841545173e-05,0.0003316404104405932,0,7.7153414715556733e-16,1.0163956944617363,1184697282138752
n4_linear_f0.1_d3.0,calibration,4,linear,1,0.10000000000000001,0.10000000000000001,1,0,0.10000000000000001,3,6,7,13,true,true,true,true,true,true,0.003703703703703703,0.0078703703703703696,0.0034000806868721262,0.001807142825083664,0.0018131442606569037,0.0018160874026336309,0.0049999181987164364,0.0019264483362753098,0.0033094135195949927,0.0019264483362753098,0.0010224315838743604,5.6001837933137435e-05,2.0387445202595294e-06,7.6209276813637633e-05,2.6690378865545747e-06,7.2038858562366564e-05,2.6796404609622658e-06,7.2038858562366564e-05,0,5.7411873047357912e-16,1.0078019781822407,43963154259017.523
n4_linear_f0.1_d4.0,calibration,4,linear,1,0.10000000000000001,0.10000000000000001,1,0,0.10000000000000001,4,6,5,13,true,true,true,true,false,true,0.0015625000000000001,0.0033203125000000003,0.0014873332531789561,0.00058113260038644753,0.00058181302049548555,0.00058230504283999455,0.0020722747542782772,0.0010102901892857627,0.001170204431396947,0.0010102901892857627,0.00026136294435721662,0.00025777090925233363,4.2774178584845207e-06,0.00038284311230615543,5.2550327357937075e-06,0.00026563142082585274,5.955877405689291e-06,0.00026563142082585274,0,2.1412977146998755e-16,1.0030030612008791,123334.4285227108
n4_linear_f0.1_d6.0,calibration,4,linear,1,0.10000000000000001,0.10000000000000001,1,0,0.10000000000000001,6,6,5,13,true,true,true,true,true,true,0.00046296296296296287,0.0009837962962962962,0.00048067007276963981,0.00012047996076488296,0.0001205200599316409,0.00012055779831986683,0.00067167668648392684,0.00037393796959618515,0.00033317498960228845,0.00037393796959618515,6.1655765725418069e-05,6.1599072128785587e-05,1.1360719161042918e-07,8.4998258334989388e-05,1.2626210140673036e-07,3.9366892962416537e-05,1.6193195158770553e-07,3.9366892962416537e-05,0,2.4520087041880651e-16,1.0009078220462682,433.65930119633009
n4_linear_f0.1_d10.0,calibration,4,linear,1,0.10000000000000001,0.10000000000000001,1,0,0.10000000000000001,10,6,5,13,true,true,true,true,true,true,0.00010000000000000003,0.00021250000000000007,0.00012451577297741773,1.8116188727404043e-05,1.8117650703800609e-05,1.8119177785116206e-05,0.00017280659766138142,0.00010225173711941486,8.0942989406593518e-05,0.00010225173711941486,1.7357854253426741e-05,1.7357666682766559e-05,1.0997316096844457e-09,1.9732919708845496e-05,1.19430325287082e-09,3.3301817251035875e-06,1.5730660282511426e-09,3.3301817251035875e-06,0,2.1453610679198439e-16,1.0002253408752391,1.8126057585333628
n4_linear_f0.4_d2.1,calibration,4,linear,1,0.10000000000000001,0.10000000000000001,1,0,0.40000000000000002,2.1000000000000001,6,11,13,true,true,true,true,true,true,0.043191879926573799,0.091782744843969297,0.038639497857786385,0.11919457878204197,0.12817332568380574,0.12983766794116877,0.082041564942320164,0.014805766768287815,0.069255206449266124,0.014805766768287815,0.038863856043870763,0.00018524285495828121,2.5624526135342163e-05,0.00025525122520303147,3.4637592900429721e-05,0.00013847820741072836,1.7021400192782618e-05,0.00013847820741072836,0,7.2381645863620646e-16,1.2396357349810467,4.8973214449354043e+34
n4_linear_f0.4_d2.5,calibration,4,linear,1,0.10000000000000001,0.10000000000000001,1,0,0.40000000000000002,2.5,6,9,13,true,true,true,true,true,true,0.025600000000000008,0.054400000000000018,0.023145246846587416,0.05958632602686003,0.061320146820813777,0.061893073622137453,0.037489345453156103,0.010852449067689483,0.028054717979000807,0.010852449067689483,0.011159608335337134,9.8604442720130324e-05,5.7448762896501873e-06,0.00013815949557165853,7.9641664324852526e-06,0.00011352946602565932,6.7587802667532094e-06,0.00011352946602565932,0,6.4444618461893694e-16,1.0686544744682711,8.1343113748166692e+24
n4_linear_f0.4_d3.0,calibration,4,linear,1,0.10000000000000001,0.10000000000000001,1,0,0.40000000000000002,3,6,7,13,true,true,true,true,true,true,0.014814814814814812,0.031481481481481478,0.013600322747488505,0.028914285201338624,0.029288025346515156,0.029476898760702409,0.019379154994965009,0.0075919321073859057,0.012697798032707482,0.0075919321073859057,0.0037401104646167622,0.00023648969001194685,8.7263397940298689e-06,0.0003236905736446561,1.1489762558868265e-05,0.00030252581445526109,1.1413472729305822e-05,0.00030252581445526109,0,1.1105850499596275e-15,1.0318616415821982,720122482881219.5
n4_linear_f0.4_d4.0,calibration,4,linear,1,0.10000000000000001,0.10000000000000001,1,0,0.40000000000000002,4,6,7,13,true,true,true,true,true,true,0.0062500000000000003,0.013281250000000001,0.0059493330127158243,0.0092981216061831604,0.0093386947721718887,0.0093701513944889139,0.0079296699214947194,0.0040072807671424626,0.0043365199884463851,0.0040072807671424626,0.00084763764101967304,1.7985751664325842e-05,2.0930158685739815e-07,2.2161357807712932e-05,2.4914578719356719e-07,2.5045713453183727e-05,2.9085337683240824e-07,2.5045713453183727e-05,0,7.8644910255762259e-16,1.0121071817005229,3990209013833.1348
n4_linear_f0.4_d6.0,calibration,4,linear,1,0.10000000000000001,0.10000000000000001,1,0,0.40000000000000002,6,6,5,13,true,true,true,true,true,true,0.0018518518518518515,0.0039351851851851848,0.0019226802910785592,0.0019276793722381273,0.0019299503742654541,0.0019323630217876972,0.0025355977600607458,0.0014905787345590217,0.0011772735668075138,0.0014905787345590217,0.00012730740143920919,0.00012687849240233831,4.780862259143595e-07,0.00018551878453176618,5.3070394411669369e-07,0.00016204723780558332,6.818251740142684e-07,0.00016204723780558332,0,2.0416634674079609e-16,1.0036401900084366,6919.5165174158701
n4_linear_f0.4_d10.0,calibration,4,linear,1,0.10000000000000001,0.10000000000000001,1,0,0.40000000000000002,10,6,5,13,true,true,true,true,true,true,0.00040000000000000013,0.00085000000000000028,0.00049806309190967093,0.00028985901963846469,0.00028993787751895489,0.00029003555506904667,0.00064359855807881634,0.00040854029907832053,0.00027278618392855702,0.00040854029907832053,1.9851590727757848e-05,1.9849422554802301e-05,4.6265023802332314e-09,2.8005082908195002e-05,4.8769250652320584e-09,1.3728628968776626e-05,6.6276489567971206e-09,1.3728628968776626e-05,0,1.97097493559243e-16,1.0009019505906009,7.7010750720439471
n4_linear_f0.8_d2.1,calibration,4,linear,1,0.10000000000000001,0.10000000000000001,1,0,0.80000000000000004,2.1000000000000001,6,13,13,true,true,true,true,true,true,0.086383759853147599,0.18356548968793859,0.077278995715572771,0.47677831512816787,0.56045053813390722,0.57501650790597947,0.17092908757059053,0.029036888599680091,0.14571130876765789,0.029036888599680091,0.089135718903071759,0.00014935959940399736,3.0172249220469435e-05,0.00018650515919713714,3.6290394699231875e-05,6.2029853119607305e-05,9.8439137962911773e-06,6.2029853119607305e-05,0,8.0095240191298601e-16,1.6063253001618631,2.0736343880228757e+40
n4_linear_f0.8_d2.5,calibration,4,linear,1,0.10000000000000001,0.10000000000000001,1,0,0.80000000000000004,2.5,6,9,13,true,true,true,true,true,true,0.051200000000000016,0.10880000000000004,0.046290493693174818,0.23834530410744012,0.25302984213246738,0.25770370618060184,0.07548415669105632,0.021128123692568793,0.057065062668168909,0.021128123692568793,0.023613940901712038,0.00023082345952998761,1.4132712731786705e-05,0.00032572348513503635,1.9794566182726283e-05,0.00025363929387959758,1.5727809209735014e-05,0.00025363929387959758,0,5.2984086720251561e-16,1.1466247735761992,2.3277340700735409e+25
n4_linear_f0.8_d3.0,calibration,4,linear,1,0.10000000000000001,0.10000000000000001,1,0,0.80000000000000004,3,6,7,13,true,true,true,true,true,true,0.029629629629629624,0.062962962962962957,0.027200645494976996,0.1156571408053545,0.11872514549715012,0.12024085493518062,0.038653605407747274,0.01487072519090595,0.025552984217206143,0.01487072519090595,0.0076727552253098262,0.00051159663666907858,1.9263872984188188e-05,0.00070562207419961991,2.5559922156083458e-05,0.00064857881721661612,2.4997289505389976e-05,0.00064857881721661612,0,4.9626271886599234e-16,1.0656231132359657,2978141665456487.5
n4_linear_f0.8_d4.0,calibration,4,linear,1,0.10000000000000001,0.10000000000000001,1,0,0.80000000000000004,4,6,7,13,true,true,true,true,true,true,0.012500000000000001,0.026562500000000003,0.01189866602543165,0.037192486424732642,0.037517761132979027,0.037768925511633696,0.015730515404502435,0.0079201265329443861,0.008625155504035583,0.0079201265329443861,0.0017052953229186661,3.8633279177679341e-05,4.5616864824395937e-07,4.7810502523481186e-05,5.4471113172983788e-07,5.3787333969965688e-05,6.3386235189503641e-07,5.3787333969965688e-05,0,5.6146566756880841e-16,1.0244805312563072,16105015578063.293
n4_linear_f0.8_d6.0,calibration,4,linear,1,0.10000000000000001,0.10000000000000001,1,0,0.80000000000000004,6,6,5,13,true,true,true,true,true,true,0.003703703703703703,0.0078703703703703696,0.0038453605821571236,0.0077107174889525093,0.0077285924467685521,0.0077478601249757481,0.0050169890729506632,0.0029664830032458318,0.0023110825010338085,0.0029664830032458318,0.00024133997481128722,0.00024034525388803035,1.0280322899080332e-06,0.00033009959357633634,1.1425403164106147e-06,0.00033718035895803969,1.4667591692358971e-06,0.00033718035895803969,0,4.1216895065381688e-16,1.007305018739971,27731.039804113952
n4_linear_f0.8_d10.0,calibration,4,linear,1,0.10000000000000001,0.10000000000000001,1,0,0.80000000000000004,10,6,5,13,true,true,true,true,true,true,0.00080000000000000026,0.0017000000000000006,0.00099612618381934208,0.0011594360785538587,0.0011600484964648437,0.0011608292461644304,0.0012710115163423337,0.00081575491460394881,0.00052932027891971676,0.00081575491460394881,2.6388379305607067e-05,2.6381165707443928e-05,9.9584103392761822e-09,3.991938929970768e-05,1.0447914468962767e-08,2.8626251357872088e-05,1.4269820800939676e-08,2.8626251357872088e-05,0,3.9818567479618951e-16,1.0018055243314412,25.295761439241765
n4_linear_f1.0_d2.1,calibration,4,linear,1,0.10000000000000001,0.10000000000000001,1,0,1,2.1000000000000001,6,13,13,true,true,true,true,true,true,0.10797969981643449,0.22945686210992322,0.096598744644466036,0.74496611738776242,0.92422016854276201,0.95434301514377406,0.21947277728801273,0.03605010919954045,0.18807457658761653,0.03605010919954045,0.12082259916546043,0.00032540469569324314,7.5191894134069904e-05,0.00039229792560830111,8.7800733358900834e-05,0.00010797453452905503,1.9839282648678254e-05,0.00010797453452905503,0,1.0504722380485925e-15,1.8665451532748725,2.3843798794048734e+41
n4_linear_f1.0_d2.5,calibration,4,linear,1,0.10000000000000001,0.10000000000000001,1,0,1,2.5,6,9,13,true,true,true,true,true,true,0.064000000000000015,0.13600000000000004,0.057863117116468479,0.37241453766787519,0.4020477747109984,0.41127551081876945,0.094901684666676811,0.02605501504569592,0.07215549016093073,0.02605501504569592,0.030576960220705118,0.00031490715019141303,1.9823134072822529e-05,0.00044530542337616405,2.7847341838251508e-05,0.00033679977185381468,2.1361817777119636e-05,0.00033679977185381468,0,7.0191479982521123e-16,1.1899371048291845,5.3561036889884244e+25
n4_linear_f1.0_d3.0,calibration,4,linear,1,0.10000000000000001,0.10000000000000001,1,0,1,3,6,7,13,true,true,true,true,true,true,0.037037037037037028,0.078703703703703692,0.034000806868721263,0.18071428250836635,0.18680649700561161,0.18977083458563926,0.048355002157940627,0.018387229767561006,0.032150021760684724,0.018387229767561006,0.0097883973965966868,0.00066706155506950321,2.5403329956059017e-05,0.00092353118066045231,3.3836118104194311e-05,0.00084122076040420342,3.2811704305798065e-05,0.00084122076040420342,0,8.4983481367279001e-16,1.0833134074128434,4736235818045684
n4_linear_f1.0_d4.0,calibration,4,linear,1,0.10000000000000001,0.10000000000000001,1,0,1,4,6,7,13,true,true,true,true,true,true,0.015625,0.033203125,0.01487333253178956,0.058113260038644754,0.058752264973829113,0.059242198092514985,0.019628877513003413,0.0098383419112835456,0.010802509413689515,0.0098383419112835456,0.0021610517420781804,5.0159300214817577e-05,5.9712284958177172e-07,6.2216287601339745e-05,7.141879254077767e-07,6.9819760781278527e-05,8.2962252823189194e-07,6.9819760781278527e-05,0,6.7935882972034582e-16,1.0307750381829901,25281144960565.699
n4_linear_f1.0_d6.0,calibration,4,linear,1,0.10000000000000001,0.10000000000000001,1,0,1,6,6,5,13,true,true,true,true,true,true,0.0046296296296296285,0.0098379629629629615,0.0048067007276963968,0.012047996076488297,0.012082867324012512,0.012120461597052143,0.006255977442631227,0.0036984174753680759,0.0028820495344753241,0.0036984174753680759,0.0003036488610114227,0.00030234333068266512,1.3353472092916101e-06,0.0004073951633714667,1.4852150103047682e-06,0.00043016428105418543,1.9055858242925248e-06,0.00043016428105418543,0,4.0012217450516928e-16,1.0091472077915975,43375.189701497562
n4_linear_f1.0_d10.0,calibration,4,linear,1,0.10000000000000001,0.10000000000000001,1,0,1,10,6,5,13,true,true,true,true,true,true,0.0010000000000000002,0.0021250000000000006,0.0012451577297741773,0.0018116188727404041,0.0018128086526119861,0.00181433282858576,0.0015845372820514703,0.0010188173018410881,0.00065794683512168683,0.0010188173018410881,3.0640098195761945e-05,3.062980352178058e-05,1.2942202673694334e-08,4.6296694197027409e-05,1.3567726558110859e-08,3.6561193341346708e-05,1.8547283569683624e-08,3.6561193341346708e-05,0,3.3807084711142835e-16,1.0022579539180934,38.444469250026899
n4_compact_f0.1_d2.1,calibration,4,compact,1,0.10000000000000001,0.10000000000000001,1,0,0.10000000000000001,2.1000000000000001,6,9,13,true,true,true,true,true,true,0.01079796998164345,0.025413598861821332,0.013024703240875866,0.016268190330613292,0.016536262149798232,0.01672309162608996,0.02720198547300717,0.01117194598158216,0.016030039491425015,0.01117194598158216,0.014364471915901404,0.00032077280811665534,3.5622626422168496e-05,0.00030988782659503733,3.6254387828034026e-05,1.0884981521617956e-05,6.317614058655277e-07,1.0884981521617956e-05,0,5.6464643337722453e-16,1.0541839691474568,3.2758854498387306e+25
n4_compact_f0.1_d2.5,calibration,4,compact,1,0.10000000000000001,0.10000000000000001,1,0,0.10000000000000001,2.5,6,7,13,true,true,true,true,true,true,0.006400000000000002,0.015062741699796958,0.0077969306195006969,0.0081287269417585437,0.0081845683216495244,0.0082351738632389475,0.012925886356276298,0.0061450483535413084,0.0067808380027349893,0.0061450483535413084,0.0051694224697129481,0.00038215591080216732,2.9323469272593529e-05,0.00039136322704260741,2.8239110166035716e-05,9.2073162404400967e-06,1.0843591065578138e-06,9.2073162404400967e-06,0,5.3265204121911187e-16,1.020271394517702,952607320265125.62
n4_compact_f0.1_d3.0,calibration,4,compact,1,0.10000000000000001,0.10000000000000001,1,0,0.10000000000000001,3,6,7,13,true,true,true,true,true,true,0.003703703703703703,0.008716864409604716,0.0045779344654355179,0.0039414756090542444,0.0039540341203203391,0.0039674195433415061,0.0065392464809533157,0.0033738360349690657,0.0031654104459842495,0.0033738360349690657,0.0019706062208543545,6.7590256814886653e-05,2.5518364177035499e-06,7.0264639984164273e-05,2.4479161704435309e-06,2.6743831692776146e-06,1.0392024726001878e-07,2.6743831692776146e-06,0,3.3611309147605562e-16,1.0099415225068804,35874845901566.523
n4_compact_f0.1_d4.0,calibration,4,compact,1,0.10000000000000001,0.10000000000000001,1,0,0.10000000000000001,4,6,5,13,true,true,true,true,true,true,0.0015625000000000001,0.0036774271728019902,0.0020000777535695265,0.0012647892421347013,0.0012662226879567881,0.0012679614914953108,0.0025018499235873412,0.0013713378128478529,0.0011305121107394883,0.0013713378128478529,0.00050339802670984674,0.00049879678293267488,4.6035400081181259e-06,0.0003663655474005928,4.8626225953005321e-06,0.00013243123553208208,2.5908258718240609e-07,0.00013243123553208208,0,3.0730772724170566e-16,1.003795388962194,106659.10769110828
n4_compact_f0.1_d6.0,calibration,4,compact,1,0.10000000000000001,0.10000000000000001,1,0,0.10000000000000001,6,6,5,13,true,true,true,true,true,true,0.00046296296296296287,0.0010896080512005895,0.00064691082101188846,0.00026049372304437799,0.00026057883140176164,0.00026068827668865909,0.0007463076082759385,0.00041983202423851753,0.00032647558403742092,0.00041983202423851753,0.00010134648906971818,0.00010123637761676271,1.1012260136873212e-07,8.3004778547711563e-05,1.1770912064127543e-07,1.823159906905114e-05,7.5865192725433106e-09,1.823159906905114e-05,0,2.5599414171446886e-16,1.0011279708391421,376.5193092334228
n4_compact_f0.1_d10.0,calibration,4,compact,1,0.10000000000000001,0.10000000000000001,1,0,0.10000000000000001,10,6,5,13,true,true,true,true,true,true,0.00010000000000000003,0.00023535533905932746,0.00017129102222507447,3.886109055834841e-05,3.8864238870607985e-05,3.8868306992964972e-05,0.00018566372386289703,0.0001046642540341161,8.099946982878093e-05,0.0001046642540341161,2.1236350144199924e-05,2.1235301023664301e-05,1.04914281449075e-09,1.9625275233383582e-05,1.1245441142109761e-09,1.6100257902807171e-06,7.5401299720332633e-11,1.6100257902807171e-06,0,2.0114475556663364e-16,1.0002802980416921,1.743314250710174
n4_compact_f0.4_d2.1,calibration,4,compact,1,0.10000000000000001,0.10000000000000001,1,0,0.40000000000000002,2.1000000000000001,6,11,13,true,true,true,true,true,true,0.043191879926573799,0.10165439544728533,0.052098812963503466,0.26029104528981267,0.27878622662963187,0.29233330540205865,0.10960865395811416,0.046341208894398307,0.063267445063715844,0.046341208894398307,0.060671133422719924,0.0002338751961025883,3.313254821623301e-05,0.00022679333636641195,3.0769378931197953e-05,7.081859736176345e-06,2.3631692850350574e-06,7.081859736176345e-06,0,7.1212018050415123e-16,1.2536122324216605,3.1144964453722096e+35
n4_compact_f0.4_d2.5,calibration,4,compact,1,0.10000000000000001,0.10000000000000001,1,0,0.40000000000000002,2.5,6,9,13,true,true,true,true,true,true,0.025600000000000008,0.06025096679918783,0.031187722478002788,0.1300596310681367,0.13365985550568862,0.13709389442212883,0.051309822247318747,0.025048810021155152,0.026261012226163592,0.025048810021155152,0.020770550295438124,0.00013305209324472532,7.1462979563226368e-06,0.00012494998826717305,7.1938928053651761e-06,8.1021049775522685e-06,4.7594849042539343e-08,8.1021049775522685e-06,0,7.6548166795943827e-16,1.0854724902291721,1.9125357525831602e+25
n4_compact_f0.4_d3.0,calibration,4,compact,1,0.10000000000000001,0.10000000000000001,1,0,0.40000000000000002,3,6,7,13,true,true,true,true,true,true,0.014814814814814812,0.034867457638418864,0.018311737861742072,0.06306360974486791,0.063844276604750713,0.064727432807421492,0.025705068011948183,0.013644233431879808,0.012060834580068378,0.013644233431879808,0.0075323763097347616,0.00028978477487488021,1.1080283710258566e-05,0.00029687572411129235,1.0483368635052199e-05,7.0909492364121489e-06,5.9691507520636582e-07,7.0909492364121489e-06,0,3.3921993638395827e-16,1.040830309526229,572155217295830.62
n4_compact_f0.4_d4.0,calibration,4,compact,1,0.10000000000000001,0.10000000000000001,1,0,0.40000000000000002,4,6,7,13,true,true,true,true,true,true,0.0062500000000000003,0.014709708691207961,0.008000311014278106,0.020236627874155221,0.020321953746116731,0.020434639845617272,0.0096900152367754219,0.0055144646713560005,0.0041755505654194232,0.0055144646713560005,0.0017058536741620723,1.9500254293747022e-05,2.4129934648090029e-07,2.0474218370335819e-05,2.2891562897633039e-07,9.7396407658879614e-07,1.2383717504569901e-08,9.7396407658879614e-07,0,5.3905622317069242e-16,1.0153457857030865,3250701340142.0215
n4_compact_f0.4_d6.0,calibration,4,compact,1,0.10000000000000001,0.10000000000000001,1,0,0.40000000000000002,6,6,5,13,true,true,true,true,true,true,0.0018518518518518515,0.004358432204802358,0.0025876432840475539,0.0041678995687100479,0.0041727124141410976,0.0041797459336239866,0.0028342308604550636,0.0016827624440775898,0.0011514684163774736,0.0016827624440775898,0.0002548096576589137,0.00025434632009334275,4.6345544375757794e-07,0.00017884549044794778,4.945554124772832e-07,7.5500829645394979e-05,3.1099968719705244e-08,7.5500829645394979e-05,0,2.3882548559847357e-16,1.0045275612920548,5985.7096035755403
n4_compact_f0.4_d10.0,calibration,4,compact,1,0.10000000000000001,0.10000000000000001,1,0,0.40000000000000002,10,6,5,13,true,true,true,true,true,true,0.00040000000000000013,0.00094142135623730984,0.00068516408890029786,0.00062177744893357457,0.0006219473478041792,0.00062220799791338447,0.00069196953631862424,0.00041891153774844744,0.00027305799857017679,0.00041891153774844744,3.4291558617180901e-05,3.428728728858564e-05,4.2714750525503995e-09,2.763976503701661e-05,4.5872196681378686e-09,6.6475222515690374e-06,3.1574461558750453e-10,6.6475222515690374e-06,0,3.0133980016950705e-16,1.0011222442763528,6.9248174294644844
n4_compact_f0.8_d2.1,calibration,4,compact,1,0.10000000000000001,0.10000000000000001,1,0,0.80000000000000004,2.1000000000000001,6,11,13,true,true,true,true,true,true,0.086383759853147599,0.20330879089457066,0.10419762592700693,1.0411641811592507,1.2129126602778708,1.3446909112887886,0.22572230360256518,0.097998915516293653,0.12772338808627154,0.097998915516293653,0.13566105075570087,0.00095826974411302194,0.00018256443061011267,0.00086351509378491107,0.00015950471150485152,9.4754650328110829e-05,2.3059719105261158e-05,9.4754650328110829e-05,0,7.0712366523429472e-16,1.6323186632569349,2.2792825644423861e+35
n4_compact_f0.8_d2.5,calibration,4,compact,1,0.10000000000000001,0.10000000000000001,1,0,0.80000000000000004,2.5,6,9,13,true,true,true,true,true,true,0.051200000000000016,0.12050193359837566,0.062375444956005499,0.5202385242725468,0.55068353618204713,0.58056266955651903,0.10390634542529702,0.051465819180720039,0.052440526244576978,0.051465819180720039,0.044295213724460394,0.00031971147327649127,1.810450025983483e-05,0.00028959283179670847,1.7579012636265626e-05,3.0118641479782801e-05,5.2548762356920115e-07,3.0118641479782801e-05,0,6.3977785669388799e-16,1.1843413182814861,4.7388865697777504e+25
n4_compact_f0.8_d3.0,calibration,4,compact,1,0.10000000000000001,0.10000000000000001,1,0,0.80000000000000004,3,6,7,13,true,true,true,true,true,true,0.029629629629629624,0.069734915276837728,0.036623475723484157,0.25225443897947164,0.25865648138783426,0.26602829119176463,0.051775892521010961,0.027710623448753632,0.024065269072257332,0.027710623448753632,0.015730827761274442,0.00063977854513538814,2.4938046322995902e-05,0.00064221488066296465,2.3144963315254785e-05,2.4363355275765064e-06,1.7930830077411175e-06,2.4363355275765064e-06,0,5.3607464796459007e-16,1.0847596371050559,2287638257075873
n4_compact_f0.8_d4.0,calibration,4,compact,1,0.10000000000000001,0.10000000000000001,1,0,0.80000000000000004,4,6,7,13,true,true,true,true,true,true,0.012500000000000001,0.029419417382415922,0.016000622028556222,0.080946511496620882,0.081630115996678632,0.082547260258362162,0.019391906608785519,0.011110535453423684,0.0082813711553618372,0.011110535453423684,0.0034515857870061058,4.232171848092048e-05,5.3032057319136074e-07,4.4072259440458504e-05,4.9938414216587627e-07,1.7505409595380195e-06,3.0936431025484377e-08,1.7505409595380195e-06,0,2.8385937015989841e-16,1.0311528369194627,12981567078870.25
n4_compact_f0.8_d6.0,calibration,4,compact,1,0.10000000000000001,0.10000000000000001,1,0,0.80000000000000004,6,6,5,13,true,true,true,true,true,true,0.003703703703703703,0.008716864409604716,0.0051752865680951164,0.016671598274840192,0.016709463495646473,0.016766051603663592,0.0056336059947924332,0.003375160076732114,0.0022584459180603187,0.003375160076732114,0.00047597802818122748,0.00047497872925841573,9.997737940980995e-07,0.00031658531645459075,1.064229665898691e-06,0.00015839341280382495,6.4455871800591574e-08,0.00015839341280382495,0,3.9976611954044602e-16,1.009098633647409,23890.54037866521
n4_compact_f0.8_d10.0,calibration,4,compact,1,0.10000000000000001,0.10000000000000001,1,0,0.80000000000000004,10,6,5,13,true,true,true,true,true,true,0.00080000000000000026,0.0018828427124746197,0.0013703281778005944,0.0024871097957342983,0.0024884292934894987,0.0024905176989978473,0.0013683513531825644,0.00083854272916385967,0.00052980862401870454,0.00083854272916385967,5.3081332100454608e-05,5.3072182099534029e-05,9.1504865568737299e-09,3.9181931752997636e-05,9.8247276903615256e-09,1.3890250346536388e-05,6.7424113348780923e-10,1.3890250346536388e-05,0,4.1885579112500428e-16,1.0022474020021876,22.222708992309485
n4_compact_f1.0_d2.1,calibration,4,compact,1,0.10000000000000001,0.10000000000000001,1,0,1,2.1000000000000001,6,13,13,true,true,true,true,true,true,0.10797969981643449,0.25413598861821329,0.13024703240875865,1.6268190330613292,1.994186905378954,2.2830144158790153,0.28742498437752301,0.12651147031362722,0.16091351406389576,0.12651147031362722,0.18071679413089201,0.00038962154998658534,8.5817086917355171e-05,0.000327983511122962,7.3404795482075655e-05,6.163803886362336e-05,1.2412291435279525e-05,6.163803886362336e-05,0,7.991014649573415e-16,1.919587266578638,2.2449893674832796e+43
n4_compact_f1.0_d2.5,calibration,4,compact,1,0.10000000000000001,0.10000000000000001,1,0,1,2.5,6,9,13,true,true,true,true,true,true,0.064000000000000015,0.15062741699796955,0.077969306195006943,0.8128726941758545,0.87426379948116462,0.93530254592680595,0.13089866191867758,0.065260964712928332,0.06563769720574926,0.065260964712928332,0.057407102085277176,0.00044140939077148226,2.5723125341705559e-05,0.00039216927386395185,2.4497982137522679e-05,4.9240116907530399e-05,1.2251432041828826e-06,4.9240116907530399e-05,0,5.4069748726410194e-16,1.2400160648474621,6.8402959786456322e+25
n4_compact_f1.0_d3.0,calibration,4,compact,1,0.10000000000000001,0.10000000000000001,1,0,1,3,6,7,13,true,true,true,true,true,true,0.037037037037037028,0.08716864409604716,0.045779344654355167,0.3941475609054243,0.40685452728130755,0.42157469891761284,0.065058785744513015,0.034917113560417976,0.030141672184095046,0.034917113560417976,0.020207429685088131,0.00084276057910292643,3.3208431143415936e-05,0.00083705797369379551,3.0513762853107266e-05,5.7026054091309876e-06,2.6946682903086691e-06,5.7026054091309876e-06,0,7.2743471362956323e-16,1.1080465481541955,3652503422129494
n4_compact_f1.0_d4.0,calibration,4,compact,1,0.10000000000000001,0.10000000000000001,1,0,1,4,6,7,13,true,true,true,true,true,true,0.015625,0.036774271728019906,0.02000077753569526,0.12647892421347012,0.12782152291717269,0.12962874538138575,0.024298786188575668,0.013941525538150852,0.010357260650424815,0.013941525538150852,0.0043922425017829817,5.5239216775461714e-05,6.971455573432503e-07,5.7283974144486919e-05,6.5399717723217473e-07,2.0447573690252011e-06,4.3148380111075605e-08,2.0447573690252011e-06,0,4.7396159128489213e-16,1.0392436843782631,20267184566962.75
n4_compact_f1.0_d6.0,calibration,4,compact,1,0.10000000000000001,0.10000000000000001,1,0,1,6,6,5,13,true,true,true,true,true,true,0.0046296296296296285,0.010896080512005895,0.0064691082101188922,0.026049372304437799,0.026123230883001992,0.0262340764872981,0.0070406207342472932,0.0042252527680848645,0.0028153679661624288,0.0042252527680848645,0.00059439548845432457,0.00059309529940637651,1.300960641589292e-06,0.00039017334206402522,1.3830943421459488e-06,0.00020292195734235131,8.2133700556657e-08,0.00020292195734235131,0,3.0282876727003773e-16,1.0114014924064336,37291.509539482679
n4_compact_f1.0_d10.0,calibration,4,compact,1,0.10000000000000001,0.10000000000000001,1,0,1,10,6,5,13,true,true,true,true,true,true,0.0010000000000000002,0.0023535533905932743,0.0017129102222507434,0.0038861090558348402,0.0038886724798859128,0.003892754626015427,0.0017071639029529479,0.0010486523096609206,0.00065851159329202702,0.0010486523096609206,6.3131199711706959e-05,6.3119315725631962e-05,1.1884736231407767e-08,4.5359698590794171e-05,1.2757443444822567e-08,1.7759617134837784e-05,8.7270721341482145e-10,1.7759617134837784e-05,0,2.6179437713524157e-16,1.0028111370182673,33.63137348658141
n4_irregular_f0.1_d2.1,calibration,4,irregular,1,0.10000000000000001,0.10000000000000001,1,0,0.10000000000000001,2.1000000000000001,6,9,13,true,true,true,true,true,true,0.01079796998164345,0.021559013682601699,0.0096526293793164769,0.011134616854747077,0.011271145065949551,0.011354374859068565,0.019652505123895693,0.0074832834263618324,0.012900459726881308,0.0074832834263618324,0.010121995588214002,0.00023122322293150739,2.6898257287274028e-05,0.00023026931795791514,2.676514877546095e-05,6.4908109926080712e-06,3.310286673898394e-07,6.4908109926080712e-06,0,7.0393888083894279e-16,1.0503582102510984,1.5584838789855987e+25
n4_irregular_f0.1_d2.5,calibration,4,irregular,1,0.10000000000000001,0.10000000000000001,1,0,0.10000000000000001,2.5,6,7,13,true,true,true,true,true,true,0.006400000000000002,0.01277811364573276,0.0057895163166253065,0.0055670728386273613,0.0055966503393651262,0.0056197267646376616,0.0094361352685734343,0.0041747516105152182,0.0055490917551388776,0.0041747516105152182,0.0036222234374558575,0.00029753405589792134,2.0914394907653189e-05,0.00029531990891964132,2.0904131156823878e-05,2.1067664969908933e-05,6.5241565296541366e-07,2.1067664969908933e-05,0,4.9958997270391335e-16,1.0159277918981962,475552694114136.62
n4_irregular_f0.1_d3.0,calibration,4,irregular,1,0.10000000000000001,0.10000000000000001,1,0,0.10000000000000001,3,6,7,13,true,true,true,true,true,true,0.003703703703703703,0.0073947416931323829,0.003408578045201502,0.0027019208369016569,0.002708759500607897,0.0027149908327788255,0.0048333171860392371,0.0023278501728654448,0.0026271380614691152,0.0023278501728654448,0.0013851123199612536,5.3323849812499597e-05,1.8043282844783997e-06,5.293855323390848e-05,1.8079539744888155e-06,4.0055009894052131e-06,6.0024762101601993e-08,4.0055009894052131e-06,0,7.5172767669430492e-16,1.0074689064315021,17717809734686.066
n4_irregular_f0.1_d4.0,calibration,4,irregular,1,0.10000000000000001,0.10000000000000001,1,0,0.10000000000000001,4,6,5,13,true,true,true,true,true,true,0.0015625000000000001,0.0031196566517902244,0.0014983986327046712,0.00086918877311681982,0.00086999253431746027,0.00087082677405606675,0.0018858046874493171,0.00096994824510635534,0.00095323427899425431,0.00096994824510635534,0.00036355546669710067,0.00036020485001808363,3.6830303795419782e-06,0.00030082793890539412,3.6551571419727623e-06,7.8803407819238677e-05,2.9373153900752318e-07,7.8803407819238677e-05,0,2.1391704756080547e-16,1.0028257478162872,52326.591000899229
n4_irregular_f0.1_d6.0,calibration,4,irregular,1,0.10000000000000001,0.10000000000000001,1,0,0.10000000000000001,6,6,5,13,true,true,true,true,true,true,0.00046296296296296287,0.00092434271164154786,0.00049100354219197919,0.00018038702624521396,0.00018043605764413062,0.00018049074331577525,0.00057591900676428047,0.00030638615563894424,0.00027858522622178276,0.00030638615563894424,7.8574615105669236e-05,7.849412917080453e-05,8.8628134527070686e-08,7.0134764861618583e-05,8.78988835903858e-08,1.0770199080629694e-05,7.393065907838595e-09,1.0770199080629694e-05,0,2.2796981741543778e-16,1.0008491245372535,185.64367111809415
n4_irregular_f0.1_d10.0,calibration,4,irregular,1,0.10000000000000001,0.10000000000000001,1,0,0.10000000000000001,10,6,5,13,true,true,true,true,true,true,0.00010000000000000003,0.00019965802571457437,0.00013256373132056456,2.7574861174723814e-05,2.7576711189571178e-05,2.7578817314772996e-05,0.00014379831220779585,7.7202606040265685e-05,6.8676039372080037e-05,7.7202606040265685e-05,1.7502497581215366e-05,1.7501738675347297e-05,8.2989727480387088e-10,1.6724131665400694e-05,8.2294087790377745e-10,9.6642993733050891e-07,6.8857804347055485e-11,9.6642993733050891e-07,0,2.6663627012791183e-16,1.0002133030793308,1.4803762203079682
n4_irregular_f0.4_d2.1,calibration,4,irregular,1,0.10000000000000001,0.10000000000000001,1,0,0.40000000000000002,2.1000000000000001,6,11,13,true,true,true,true,true,true,0.043191879926573799,0.086236054730406797,0.038610517517265908,0.17815386967595323,0.18742594802230012,0.19320729898840269,0.079256696803106153,0.030583781127141975,0.051803808293963464,0.030583781127141975,0.042473867226549014,0.00017550083466087493,2.380224902069385e-05,0.00017171497837657155,2.3272880336008467e-05,4.4303160912174772e-06,5.6220081745977466e-07,4.4303160912174772e-06,0,5.9744952953815e-16,1.237488156095695,5.0790235107066213e+33
n4_irregular_f0.4_d2.5,calibration,4,irregular,1,0.10000000000000001,0.10000000000000001,1,0,0.40000000000000002,2.5,6,9,13,true,true,true,true,true,true,0.025600000000000008,0.051112454582931038,0.023158065266501226,0.089073165418037781,0.090962452115389308,0.092500698205180254,0.037327079956347216,0.016912794607190005,0.021609533739249509,0.016912794607190005,0.014344569761969118,9.4490837351974297e-05,5.4177503149963454e-06,9.3453837811379234e-05,5.3455178894754742e-06,2.9263012679786507e-06,1.0311739827898631e-07,2.9263012679786507e-06,0,7.2368813050527741e-16,1.0668755100439733,1.3940540662078569e+25
n4_irregular_f0.4_d3.0,calibration,4,irregular,1,0.10000000000000001,0.10000000000000001,1,0,0.40000000000000002,3,6,7,13,true,true,true,true,true,true,0.014814814814814812,0.029578966772529532,0.013634312180806008,0.043230733390426511,0.043652494955915722,0.044060085972633146,0.018897588350966714,0.0093835666861667687,0.010012639695165207,0.0093835666861667687,0.0051649718867185657,0.00022777618186769851,7.812581058633823e-06,0.00022471949503929383,7.7813841718698215e-06,1.6793808960277939e-05,2.5432784256707059e-07,1.6793808960277939e-05,0,5.2287547370814359e-16,1.030571179717217,288129826775170.69
n4_irregular_f0.4_d4.0,calibration,4,irregular,1,0.10000000000000001,0.10000000000000001,1,0,0.40000000000000002,4,6,7,13,true,true,true,true,true,true,0.0062500000000000003,0.012478626607160898,0.0059935945308186847,0.013907020369869117,0.013954516136561033,0.014008396650094731,0.007254187806042184,0.0038942943892001391,0.0035101379421112991,0.0038942943892001391,0.0011711636900292907,1.5574729375746202e-05,1.6853826167144129e-07,1.5415813848093437e-05,1.6883584767839368e-07,1.2346856666776519e-06,5.8970204221632677e-09,1.2346856666776519e-06,0,3.8200393719264887e-16,1.0114063177337762,1606111506862.4595
n4_irregular_f0.4_d6.0,calibration,4,irregular,1,0.10000000000000001,0.10000000000000001,1,0,0.40000000000000002,6,6,5,13,true,true,true,true,true,true,0.0018518518518518515,0.0036973708465661915,0.0019640141687679168,0.0028861924199234234,0.0028889479050350935,0.0028924583729130204,0.0021707521219894374,0.0012272667306598168,0.00097872546543839156,0.0012272667306598168,0.00018083448917862545,0.00018049836628979,3.7281945846835058e-07,0.00014611766721478746,3.6942389455030553e-07,4.4544784100635663e-05,3.1134947811177269e-08,4.4544784100635663e-05,0,3.1030060379074474e-16,1.0034063884277058,2940.5421614849984
n4_irregular_f0.4_d10.0,calibration,4,irregular,1,0.10000000000000001,0.10000000000000001,1,0,0.40000000000000002,10,6,5,13,true,true,true,true,true,true,0.00040000000000000013,0.00079863210285829747,0.00053025492528225822,0.00044119777879558103,0.00044129716860661006,0.00044143206790323193,0.00053192452477188114,0.00030893322514670125,0.00023077532659184806,0.00030893322514670125,2.6240424253027562e-05,2.6237370661497473e-05,3.3818995467241856e-09,2.302073299521041e-05,3.3511580047306608e-09,3.9892149779651156e-06,2.9014202952938225e-10,3.9892149779651156e-06,0,2.2473068280169485e-16,1.0008538895743648,4.2593180495350076
n4_irregular_f0.8_d2.1,calibration,4,irregular,1,0.10000000000000001,0.10000000000000001,1,0,0.80000000000000004,2.1000000000000001,6,11,13,true,true,true,true,true,true,0.086383759853147599,0.17247210946081359,0.077221035034531815,0.71261547870381292,0.79704839141990236,0.84935441772164788,0.16428874005152094,0.063067895958696288,0.10808114780784306,0.063067895958696288,0.095002427223982944,0.00071554865550226454,0.00013215183039488201,0.00068339508169402161,0.00012622664235784685,3.4810950277771932e-05,6.2554989336664539e-06,3.4810950277771932e-05,0,7.9385037630916861e-16,1.589948788776834,3.7596442040034334e+34
n4_irregular_f0.8_d2.5,calibration,4,irregular,1,0.10000000000000001,0.10000000000000001,1,0,0.80000000000000004,2.5,6,9,13,true,true,true,true,true,true,0.051200000000000016,0.10222490916586208,0.046316130533002389,0.35629266167215112,0.37215270530571165,0.38518805386992339,0.075607360883573116,0.034437113152686605,0.043667938527384702,0.034437113152686605,0.030439189015956027,0.00022569551347968394,1.3643360580032952e-05,0.00021997338105279957,1.3274914618066324e-05,8.3662148216987775e-06,4.3051206307732683e-07,8.3662148216987775e-06,0,3.9731819427607935e-16,1.1432494149090591,3.2633969860375394e+25
n4_irregular_f0.8_d3.0,calibration,4,irregular,1,0.10000000000000001,0.10000000000000001,1,0,0.80000000000000004,3,6,7,13,true,true,true,true,true,true,0.029629629629629624,0.059157933545059063,0.027268624361612016,0.17292293356170604,0.17636659912939678,0.17972735308727361,0.038014114646103991,0.018970826406461378,0.020070045120329425,0.018970826406461378,0.010719135508924643,0.00050029853338745219,1.7514478660527164e-05,0.00048936611299435018,1.730167411404251e-05,3.6469751316934311e-05,5.8700299807519506e-07,3.6469751316934311e-05,0,3.4383089389286635e-16,1.0631695988271308,1184885603642514.5
n4_irregular_f0.8_d4.0,calibration,4,irregular,1,0.10000000000000001,0.10000000000000001,1,0,0.80000000000000004,4,6,7,13,true,true,true,true,true,true,0.012500000000000001,0.024957253214321795,0.011987189061637366,0.055628081479476468,0.056007553734953669,0.056444024969518072,0.014490280879783686,0.0078292714699970192,0.0069662212480406166,0.0078292714699970192,0.0023424080122094477,3.3723970309757871e-05,3.6984108534130166e-07,3.3260404883754721e-05,3.6922153965828832e-07,2.6558201649422669e-06,1.2820631802466715e-08,2.6558201649422669e-06,0,4.2024573168102355e-16,1.0231037906294782,6456731182657.9883
n4_irregular_f0.8_d6.0,calibration,4,irregular,1,0.10000000000000001,0.10000000000000001,1,0,0.80000000000000004,6,6,5,13,true,true,true,true,true,true,0.003703703703703703,0.0073947416931323829,0.0039280283375358396,0.011544769679693694,0.011566409767490378,0.011594609890091324,0.0043072399643571549,0.0024593675739053647,0.00191848355322216,0.0024593675739053647,0.00032834949021318734,0.00032762697652276697,8.0366245638469589e-07,0.00025574425416681999,7.9543417882659853e-07,9.3293841316495667e-05,6.7010704436403552e-08,9.3293841316495667e-05,0,3.881527536034258e-16,1.0068403239163348,11758.235677493225
n4_irregular_f0.8_d10.0,calibration,4,irregular,1,0.10000000000000001,0.10000000000000001,1,0,0.80000000000000004,10,6,5,13,true,true,true,true,true,true,0.00080000000000000026,0.0015972642057165949,0.001060509850564518,0.0017647911151823241,0.0017655621669197469,0.0017666425455581517,0.0010502868180419977,0.00061821524124316648,0.00044747774988165991,0.00061821524124316648,3.8855328523019776e-05,3.8848833692982066e-05,7.2447691086975102e-09,3.2125046299511379e-05,7.1762195549699664e-09,8.332857910606348e-06,6.248011914706661e-10,8.332857910606348e-06,0,3.3973120076303264e-16,1.0017096623124202,11.892440372586767
n4_irregular_f1.0_d2.1,calibration,4,irregular,1,0.10000000000000001,0.10000000000000001,1,0,1,2.1000000000000001,6,13,13,true,true,true,true,true,true,0.10797969981643449,0.21559013682601696,0.096526293793164838,1.1134616854747075,1.2920284106817268,1.4015316651225649,0.21020011247338755,0.080115626453942504,0.13911230246235237,0.080115626453942504,0.12681976266062653,0.00028320765843770443,6.332050458391218e-05,0.00026705698951269568,5.9780943946569957e-05,1.7052775246944919e-05,3.7265747872905392e-06,1.7052775246944919e-05,0,6.201033336976187e-16,1.8606291045582284,4.6949240650952069e+42
n4_irregular_f1.0_d2.5,calibration,4,irregular,1,0.10000000000000001,0.10000000000000001,1,0,1,2.5,6,9,13,true,true,true,true,true,true,0.064000000000000015,0.12778113645732758,0.057895163166252962,0.55670728386273616,0.58857133560440955,0.61481688303882209,0.095288294817562305,0.043453416127769352,0.055029655489167849,0.043453416127769352,0.039377673893412381,0.00031063305927725242,1.9323687863030164e-05,0.00030046607137097396,1.8666490608561657e-05,1.3115315620779262e-05,7.4396983510861635e-07,1.3115315620779262e-05,0,4.8936764307159918e-16,1.1858366873872483,4.0289498368025117e+25
n4_irregular_f1.0_d3.0,calibration,4,irregular,1,0.10000000000000001,0.10000000000000001,1,0,1,3,6,7,13,true,true,true,true,true,true,0.037037037037037028,0.073947416931323826,0.034085780452015012,0.27019208369016562,0.27701358296953671,0.28368112057313205,0.047747915929025608,0.023847488867892355,0.025203617670168661,0.023847488867892355,0.013744009322824151,0.00065726974427440105,2.3275116983944402e-05,0.00064008491092017704,2.2895770186919785e-05,4.7949513314883286e-05,8.1042672577235097e-07,4.7949513314883286e-05,0,5.5904068844167301e-16,1.0803353204157415,1879599428189888.5
n4_irregular_f1.0_d4.0,calibration,4,irregular,1,0.10000000000000001,0.10000000000000001,1,0,1,4,6,7,13,true,true,true,true,true,true,0.015625,0.03119656651790224,0.014983986327046719,0.086918877311681977,0.08766335130554162,0.08852132502005898,0.018145640768391504,0.0098131981808244582,0.008717287622099933,0.0098131981808244582,0.0029728948069915411,4.3965189830608511e-05,4.8580051629642441e-07,4.3282331720070009e-05,4.8414364709456063e-07,3.4536004895238512e-06,1.6824741916225911e-08,3.4536004895238512e-06,0,5.9376364731477619e-16,1.0290714014127915,10120411174978.449
n4_irregular_f1.0_d6.0,calibration,4,irregular,1,0.10000000000000001,0.10000000000000001,1,0,1,6,6,5,13,true,true,true,true,true,true,0.0046296296296296285,0.0092434271164154782,0.0049100354219197935,0.018038702624521393,0.018080888397585038,0.018136083594261544,0.0053802373171374061,0.0030773732846445028,0.00239138675101187,0.0030773732846445028,0.00040733860039543973,0.00040639939871888142,1.0453744453885793e-06,0.0003143916065671244,1.0340810380020371e-06,0.00011942207241800516,8.7089160408751304e-08,0.00011942207241800516,0,4.3087741891694854e-16,1.0085683169500559,18373.5763638141
n4_irregular_f1.0_d10.0,calibration,4,irregular,1,0.10000000000000001,0.10000000000000001,1,0,1,10,6,5,13,true,true,true,true,true,true,0.0010000000000000002,0.0019965802571457435,0.0013256373132056454,0.0027574861174723807,0.0027589836187779451,0.0027610949265297422,0.0013098709848967721,0.00077299961449361703,0.00055610411198262746,0.00077299961449361703,4.5611724185693991e-05,4.5603308005832275e-05,9.4089922468275159e-09,3.7006878369043737e-05,9.3184591717763695e-09,1.0652388700818261e-05,8.1216889259048485e-10,1.0652388700818261e-05,0,4.5023924809911445e-16,1.0021383004133331,17.531433122366703
n6_linear_f0.1_d2.1,holdout,6,linear,1,0.10000000000000001,0.10000000000000001,1,0,0.10000000000000001,2.1000000000000001,15,9,11,true,true,true,true,true,true,0.01079796998164345,0.024695357272832699,0.011194361890108773,0.0061254345827752186,0.006231285599786889,0.0062545863124310501,0.020698650448321969,0.0045817501661172657,0.016967137615873516,0.0045817501661172657,0.0092028344070713333,0.0002395129112440234,2.8005336545740844e-05,0.00033772031076742082,3.9558561105179114e-05,0.00022282432932775752,2.7063947060540134e-05,0.00022282432932775752,0,7.2290950427319714e-16,1.0513697922178002,4.6551890819444398e+24
n6_linear_f0.1_d2.5,holdout,6,linear,1,0.10000000000000001,0.10000000000000001,1,0,0.10000000000000001,2.5,15,7,11,true,true,true,true,true,true,0.006400000000000002,0.014637037037037042,0.0067136843445549229,0.0030634548524469223,0.0030853469316301767,0.003093621249946615,0.0098612138760506129,0.0033292709590927896,0.0070945750965483645,0.0033292709590927896,0.0029318313420991734,0.00030143874721612725,2.2151647072892028e-05,0.00042243709969595663,3.0636001392446863e-05,0.00033504452674326478,2.6228595586445221e-05,0.00033504452674326478,0,8.8594452563462186e-16,1.0170286566456996,1470286357576779.8
n6_linear_f0.1_d3.0,holdout,6,linear,1,0.10000000000000001,0.10000000000000001,1,0,0.10000000000000001,3,15,7,11,true,true,true,true,true,true,0.003703703703703703,0.008470507544581618,0.0039509831111570011,0.0014875427818554796,0.0014924380135968832,0.0014951791487299688,0.0052346565190005889,0.0022975038455209872,0.0032824123121929349,0.0022975038455209872,0.0010690848217313584,5.6871824480435047e-05,2.034945293754914e-06,7.5579795896036619e-05,2.6469919657263695e-06,7.2638392367428998e-05,2.6682023326588643e-06,7.2638392367428998e-05,0,6.6223741754781124e-16,1.0083378526161568,54556453398671.273
n6_linear_f0.1_d4.0,holdout,6,linear,1,0.10000000000000001,0.10000000000000001,1,0,0.10000000000000001,4,15,5,11,true,true,true,true,false,true,0.0015625000000000001,0.003573495370370371,0.001732512316638866,0.00047920038685906978,0.00047975532658198959,0.0004802127203731795,0.002203876520340512,0.0011991751514404763,0.0011587666346509558,0.0011991751514404763,0.00027399057783342824,0.00027017575051062819,4.3495972183230225e-06,0.00037909362973645688,5.2029146250327647e-06,0.000286023990024824,5.9896509838560735e-06,0.000286023990024824,0,3.0685924147032911e-16,1.0032956191765972,153475.78935924527
n6_linear_f0.1_d6.0,holdout,6,linear,1,0.10000000000000001,0.10000000000000001,1,0,0.10000000000000001,6,15,5,11,true,true,true,true,true,true,0.00046296296296296287,0.0010588134430727023,0.0005597276674328272,9.96751450078263e-05,9.9707824450642914e-05,9.9742771506992035e-05,0.00072142164152672007,0.00044488952253481903,0.00032880131729629648,0.00044488952253481903,6.1767393991233647e-05,6.1703965372720106e-05,1.1531830887635592e-07,8.390951422139562e-05,1.2460667492406584e-07,4.252602933269289e-05,1.6232257474134294e-07,4.252602933269289e-05,0,2.6102217602641153e-16,1.0010120086889209,539.10764818091923
n6_linear_f0.1_d10.0,holdout,6,linear,1,0.10000000000000001,0.10000000000000001,1,0,0.10000000000000001,10,15,5,11,true,true,true,true,true,true,0.00010000000000000003,0.00022870370370370378,0.00014196479783495821,1.4699794155507038e-05,1.4700985216201949e-05,1.4702227219947167e-05,0.0001789048518461786,0.00011402608437282722,8.1468998894071814e-05,0.00011402608437282722,1.743446806338542e-05,1.7434259297817744e-05,1.1435408194631096e-09,1.988017150863555e-05,1.201780255611171e-09,3.6857213668065214e-06,1.6126738968485006e-09,3.6857213668065214e-06,0,2.7648279686313622e-16,1.0002482884249504,1.9369460326141181
n6_linear_f0.4_d2.1,holdout,6,linear,1,0.10000000000000001,0.10000000000000001,1,0,0.40000000000000002,2.1000000000000001,15,11,11,true,true,true,true,true,true,0.043191879926573799,0.098781429091330794,0.044777447560435092,0.098006953324403498,0.10533103067949215,0.10690977962475308,0.083435369033531104,0.018057081074395912,0.06867595664841028,0.018057081074395912,0.038830980025659316,0.00018413778237767186,2.5450136608361157e-05,0.00025310766774316624,3.4346726046522795e-05,0.00013765765079601326,1.6896520017350614e-05,0.00013765765079601326,0,8.1542162183519423e-16,1.2407665744988754,4.8973214449354043e+34
n6_linear_f0.4_d2.5,holdout,6,linear,1,0.10000000000000001,0.10000000000000001,1,0,0.40000000000000002,2.5,15,9,11,true,true,true,true,true,true,0.025600000000000008,0.058548148148148169,0.026854737378219692,0.049015277639150756,0.050429529063873726,0.05096827206141212,0.038731170800987501,0.013101207536818328,0.027818112440109979,0.013101207536818328,0.011483089962281626,9.8420634656925154e-05,5.7067808541315564e-06,0.0001369863203144664,7.896539965842086e-06,0.00011318999170397766,6.7106037098618505e-06,0.00011318999170397766,0,7.6749724694313919e-16,1.0712396181773509,2.4553630605167773e+24
n6_linear_f0.4_d3.0,holdout,6,linear,1,0.10000000000000001,0.10000000000000001,1,0,0.40000000000000002,3,15,7,11,true,true,true,true,true,true,0.014814814814814812,0.033882030178326472,0.015803932444628004,0.023800684509687673,0.024105529551333795,0.024281974171853977,0.020326453055049855,0.0090814912353118487,0.012586884850444189,0.0090814912353118487,0.0039879224157778987,0.00024072269114603118,8.7219357866596433e-06,0.00032083529929642944,1.1388413340369856e-05,0.00030562509512712841,1.1374930814365943e-05,0.00030562509512712841,0,6.596834549052134e-16,1.0340350331022159,893848525847168.88
n6_linear_f0.4_d4.0,holdout,6,linear,1,0.10000000000000001,0.10000000000000001,1,0,0.40000000000000002,4,15,7,11,true,true,true,true,true,true,0.0062500000000000003,0.014293981481481484,0.0069300492665554641,0.0076672061897451165,0.0077002957831087482,0.0077295839061557736,0.0084668760528355032,0.0047641979535162967,0.0042927929800502754,0.0047641979535162967,0.0009307890717390843,1.8326721691735446e-05,2.0896248997087784e-07,2.1935181658338694e-05,2.4660303119062379e-07,2.5218265219955896e-05,2.893007407675043e-07,2.5218265219955896e-05,0,1.053110209587158e-15,1.0132831021744069,4954110793270.6553
n6_linear_f0.4_d6.0,holdout,6,linear,1,0.10000000000000001,0.10000000000000001,1,0,0.40000000000000002,6,15,5,11,true,true,true,true,true,true,0.0018518518518518515,0.004235253772290809,0.0022389106697313088,0.0015948023201252208,0.0015966529335202319,0.001598888296503286,0.0027418460379216368,0.001774461171952112,0.0011616261687195969,0.001774461171952112,0.00013878079807858477,0.00013832949226561168,4.8576389514229558e-07,0.00018309607578000182,5.2369364277323793e-07,0.00017519945582746653,6.8383517068493616e-07,0.00017519945582746653,0,1.9030995591850661e-16,1.0040573156088244,8611.0246001791857
n6_linear_f0.4_d10.0,holdout,6,linear,1,0.10000000000000001,0.10000000000000001,1,0,0.40000000000000002,10,15,5,11,true,true,true,true,true,true,0.00040000000000000013,0.00091481481481481513,0.00056785919133983285,0.0002351967064881126,0.00023526092892354152,0.00023534037024832243,0.00067006089422418536,0.00045562274684780846,0.00027450311657866051,0.00045562274684780846,2.0385372653538706e-05,2.0382834470640539e-05,4.8134485754565757e-09,2.8204276537548709e-05,4.9074453705866902e-09,1.5198115689588191e-05,6.7957365211493883e-09,1.5198115689588191e-05,0,2.5143684442530352e-16,1.0009937172129193,9.1451960514316841
n6_linear_f0.8_d2.1,holdout,6,linear,1,0.10000000000000001,0.10000000000000001,1,0,0.80000000000000004,2.1000000000000001,15,11,11,true,true,true,true,true,true,0.086383759853147599,0.19756285818266159,0.089554895120870143,0.39202781329761399,0.46026806563671202,0.47418497551881594,0.17348146625933752,0.035617333193420087,0.14423949453868998,0.035617333193420087,0.08855439798420589,0.00077487500730875989,0.00014825780402331714,0.00099952535202110023,0.00018465676410593068,0.00039729186308193353,6.1540070084662178e-05,0.00039729186308193353,0,6.7725616927866163e-16,1.5986026199457239,3.7596442040034334e+34
n6_linear_f0.8_d2.5,holdout,6,linear,1,0.10000000000000001,0.10000000000000001,1,0,0.80000000000000004,2.5,15,9,11,true,true,true,true,true,true,0.051200000000000016,0.11709629629629634,0.053709474756439425,0.19606111055660302,0.20803931045238555,0.21246091910484174,0.077905522629281354,0.025646791748988634,0.056518337495960747,0.025646791748988634,0.024245386345616987,0.00023032993286249456,1.402502954253743e-05,0.0003225855580782317,1.960387692016349e-05,0.00025291696910430126,1.5598595769592743e-05,0.00025291696910430126,0,6.165968421000261e-16,1.1519725077400007,3.8191913893934823e+24
n6_linear_f0.8_d3.0,holdout,6,linear,1,0.10000000000000001,0.10000000000000001,1,0,0.80000000000000004,3,15,7,11,true,true,true,true,true,true,0.029629629629629624,0.067764060356652944,0.031607864889256015,0.095202738038750692,0.097705196578264084,0.099127070761212785,0.040529149784144423,0.017860563272625932,0.025309948281046841,0.017860563272625932,0.0082198503284930963,0.0005220713618134963,1.9278652833386519e-05,0.0006988534608945822,2.5314752169015171e-05,0.00065672736094592741,2.4934925827968383e-05,0.00065672736094592741,0,4.3368071846114305e-16,1.0700467467420718,3727812039460004
n6_linear_f0.8_d4.0,holdout,6,linear,1,0.10000000000000001,0.10000000000000001,1,0,0.80000000000000004,4,15,7,11,true,true,true,true,true,true,0.012500000000000001,0.028587962962962968,0.013860098533110935,0.030668824758980466,0.030934102117535604,0.031168447873379548,0.016803572047695923,0.0094367841812022981,0.0085347753646162726,0.0094367841812022981,0.0018941027720300353,3.9466716872286587e-05,4.5628343726317719e-07,4.7303920586145249e-05,5.3893957442179406e-07,5.4241434709270254e-05,6.3114092455748542e-07,5.4241434709270254e-05,0,4.851784607325888e-16,1.0268463789015565,20007004291459.094
n6_linear_f0.8_d6.0,holdout,6,linear,1,0.10000000000000001,0.10000000000000001,1,0,0.80000000000000004,6,15,5,11,true,true,true,true,true,true,0.003703703703703703,0.008470507544581618,0.0044778213394626246,0.0063792092805008832,0.0063937751262959624,0.0064116397312509376,0.0054310483137844949,0.0035343487429048822,0.0022800335627769833,0.0035343487429048822,0.00027041421593564281,0.00026938901846940171,1.0458583612526827e-06,0.00032572731601293765,1.1272975990659185e-06,0.00036496059219241696,1.4721143974305571e-06,0.00036496059219241696,0,3.7783535344862806e-16,1.0081400692108069,34520.324586704439
n6_linear_f0.8_d10.0,holdout,6,linear,1,0.10000000000000001,0.10000000000000001,1,0,0.80000000000000004,10,15,5,11,true,true,true,true,true,true,0.00080000000000000026,0.0018296296296296303,0.0011357183826796631,0.00094078682595245041,0.0009412855486740201,0.00094192051119090586,0.0013245701387513804,0.00090987066108410544,0.00053262938374532085,0.00090987066108410544,2.8456581973663745e-05,2.8448456722659732e-05,1.0365392065927433e-08,4.0193545888986879e-05,1.0513279536570652e-08,3.1700935322354186e-05,1.4635193160863364e-08,3.1700935322354186e-05,0,3.5364288874953983e-16,1.0019889757735276,31.001853275082937
n6_linear_f1.0_d2.1,holdout,6,linear,1,0.10000000000000001,0.10000000000000001,1,0,1,2.1000000000000001,15,11,11,false,false,true,false,false,true,0.10797969981643449,0.24695357272832696,0.11194361890108767,0.61254345827752188,0.75871118564211359,0.78759455570352099,0.2224824690596223,0.044338813623793959,0.18599211769062368,0.044338813623793959,0.11969644825831298,0.001456726809597844,0.00032289030982289487,0.001814331210118633,0.00038809725719326225,0.00060833547995016739,0.00010690709438811507,0.00060833547995016739,0,6.0688748527304255e-16,1.8530776009503007,1.3785907867505676e+35
n6_linear_f1.0_d2.5,holdout,6,linear,1,0.10000000000000001,0.10000000000000001,1,0,1,2.5,15,9,11,true,true,true,true,true,true,0.064000000000000015,0.14637037037037043,0.067136843445549252,0.30634548524469224,0.33051765161140656,0.33927428415434546,0.097882644595068416,0.03171406536007685,0.07142132123417011,0.03171406536007685,0.031327751906671752,0.00031410522196958167,1.9660669360217896e-05,0.00044075177735317301,2.7562589947518742e-05,0.00033579102423384339,2.1171570848669747e-05,0.00033579102423384339,0,7.3500268330614941e-16,1.1967360607616322,6.4150182476467515e+24
n6_linear_f1.0_d3.0,holdout,6,linear,1,0.10000000000000001,0.10000000000000001,1,0,1,3,15,7,11,true,true,true,true,true,true,0.037037037037037028,0.084705075445816166,0.039509831111570012,0.14875427818554793,0.15372348958643964,0.15651024285098561,0.050683092084721069,0.022129263064328514,0.031831492532664499,0.022129263064328514,0.010495209118862701,0.00068140475781425887,2.5433003374748389e-05,0.00091430768493449752,3.349821031584476e-05,0.00085267135231084992,3.2739813958136792e-05,0.00085267135231084992,0,6.8747087494734082e-16,1.0888889882227104,5875375204378942
n6_linear_f1.0_d4.0,holdout,6,linear,1,0.10000000000000001,0.10000000000000001,1,0,1,4,15,7,11,true,true,true,true,true,true,0.015625,0.035734953703703706,0.017325123166388651,0.047920038685906975,0.048441177788519807,0.048898799752388353,0.020967108897913138,0.011735438856334039,0.010687166701243171,0.011735438856334039,0.0024078693989086396,5.1303282364970605e-05,5.9778617243211274e-07,6.1544809390867364e-05,7.064799460869685e-07,7.046106652195628e-05,8.2645995014937948e-07,7.046106652195628e-05,0,7.543835055499814e-16,1.0337403141659827,31414836784278.441
n6_linear_f1.0_d6.0,holdout,6,linear,1,0.10000000000000001,0.10000000000000001,1,0,1,6,15,5,11,true,true,true,true,true,true,0.0046296296296296285,0.010588134430727021,0.0055972766743282833,0.0099675145007826291,0.0099959300976261468,0.01003079946276501,0.0067734541011947539,0.0044082526757758082,0.0028431332671201969,0.0044082526757758082,0.000342108527286835,0.00034076736499884328,1.3593409838645472e-06,0.00040196684558113486,1.4653026290885027e-06,0.00046587100536100496,1.9132030685846258e-06,0.00046587100536100496,0,3.8209906042268662e-16,1.0101913951189887,54001.678584548346
n6_linear_f1.0_d10.0,holdout,6,linear,1,0.10000000000000001,0.10000000000000001,1,0,1,10,15,5,11,true,true,true,true,true,true,0.0010000000000000002,0.0022870370370370379,0.001419647978349578,0.0014699794155507036,0.0014709482996199711,0.0014721878438465057,0.0016515877315812454,0.0011364257952479401,0.00066205402812835427,0.0011364257952479401,3.3654715993788604e-05,3.3643306998178943e-05,1.3473954822562586e-08,4.6611015277197833e-05,1.3652598451306572e-08,4.0494958970782654e-05,1.9024422784030641e-08,4.0494958970782654e-05,0,3.6693372309387096e-16,1.0024872059483014,47.357161451297131
n6_compact_f0.1_d2.1,holdout,6,compact,1,0.10000000000000001,0.10000000000000001,1,0,0.10000000000000001,2.1000000000000001,15,9,11,true,true,true,true,true,true,0.01079796998164345,0.045269950218441567,0.019296651735944286,0.018562178929195303,0.018881686562404437,0.019281978252933128,0.037566387337040742,0.021102073667389715,0.016576351948734774,0.021102073667389715,0.015749265599744641,0.00024880187614547691,3.484301209378213e-05,0.0003286601915018602,3.8495543374893925e-05,0.00011459660114606003,1.2451623463911786e-05,0.00011459660114606003,0,9.1177649865478906e-16,1.0625880739633702,1.3532294538157373e+26
n6_compact_f0.1_d2.5,holdout,6,compact,1,0.10000000000000001,0.10000000000000001,1,0,0.10000000000000001,2.5,15,7,11,true,true,true,true,true,true,0.006400000000000002,0.026831680574271204,0.011552778171626758,0.0092768090839521183,0.0093429711063389102,0.0094528062394657244,0.018705585246497576,0.011731724617942158,0.0070016991444752808,0.011731724617942158,0.0055080927752149947,0.00031147149285126074,2.0568920411487749e-05,0.00041489631512791627,3.0079958451672474e-05,0.0001531201851822766,1.4061412015701516e-05,0.0001531201851822766,0,5.0472567107926339e-16,1.0248446161516731,2022953943420033.5
n6_compact_f0.1_d3.0,holdout,6,compact,1,0.10000000000000001,0.10000000000000001,1,0,0.10000000000000001,3,15,7,11,true,true,true,true,true,true,0.003703703703703703,0.015527592924925459,0.006784012632833139,0.0044995746731919858,0.0045143851920922779,0.0045440827099904263,0.00982295282729315,0.0065685251307268126,0.0032604423800839041,0.0065685251307268126,0.0020313599176441941,5.4740382129966546e-05,1.6676336811964219e-06,7.4632787428689893e-05,2.6130001967790646e-06,3.2620954859936192e-05,1.4568884993908982e-06,3.2620954859936192e-05,0,8.3335183477664891e-16,1.0122604241808741,75071788257430.391
n6_compact_f0.1_d4.0,holdout,6,compact,1,0.10000000000000001,0.10000000000000001,1,0,0.10000000000000001,4,15,5,11,true,true,true,true,true,true,0.0015625000000000001,0.0065507032652029323,0.0029642289376046278,0.0014451483775383609,0.0014468299209245417,0.001450827879029294,0.0039189870806173909,0.0027598993003634764,0.0011594329671598816,0.0027598993003634764,0.0004963186197514183,0.00049261400543460876,3.754083101759812e-06,0.00037861616642397537,5.1683562818383979e-06,0.00019119374098545503,2.6508013377864563e-06,0.00019119374098545503,0,2.7771821012079968e-16,1.0047055198988861,202870.58934051948
n6_compact_f0.1_d6.0,holdout,6,compact,1,0.10000000000000001,0.10000000000000001,1,0,0.10000000000000001,6,15,5,11,true,true,true,true,true,true,0.00046296296296296287,0.0019409491156156824,0.00095781042281920556,0.00029849667880229306,0.00029859597627854474,0.00029885602716588837,0.0012027036425540142,0.00087031871651073749,0.00033239515663268808,0.00087031871651073749,9.7048971532659982e-05,9.6963496574041028e-05,9.1150515442234705e-08,8.4733243634964908e-05,1.2481563016315904e-07,2.571628634017915e-05,7.1415462491051168e-08,2.571628634017915e-05,0,3.2278588180773429e-16,1.0014063053660824,713.1871913821725
n6_compact_f0.1_d10.0,holdout,6,compact,1,0.10000000000000001,0.10000000000000001,1,0,0.10000000000000001,10,15,5,11,true,true,true,true,true,true,0.00010000000000000003,0.00041924500897298756,0.00025108741138185771,4.4854653289552095e-05,4.4858294453163739e-05,4.4868055354262831e-05,0.00029872049534322031,0.00021754706177753665,8.1215557920025772e-05,0.00021754706177753665,2.0628823253631217e-05,2.0628064119769457e-05,8.7774001821653687e-10,1.9734798415990451e-05,1.1821977370458106e-09,2.1481435024510072e-06,6.8745458684329392e-10,2.1481435024510072e-06,0,2.1019489744282203e-16,1.0003480725233833,2.1298276755429693
n6_compact_f0.4_d2.1,holdout,6,compact,1,0.10000000000000001,0.10000000000000001,1,0,0.40000000000000002,2.1000000000000001,15,11,11,true,true,true,true,true,true,0.043191879926573799,0.18107980087376627,0.077186606943777145,0.29699486286712484,0.3190905824250127,0.34923748196592891,0.15055331461866422,0.087755171758855069,0.063290861542401419,0.087755171758855069,0.068931551224870297,0.00024259384949902482,3.032512648018973e-05,0.00023244903562882069,3.1543020119150445e-05,6.2942249240799801e-05,6.8949742949685138e-06,6.2942249240799801e-05,0,5.953145327776798e-16,1.2960637212008383,4.8973214449354043e+34
n6_compact_f0.4_d2.5,holdout,6,compact,1,0.10000000000000001,0.10000000000000001,1,0,0.40000000000000002,2.5,15,9,11,true,true,true,true,true,true,0.025600000000000008,0.10732672229708481,0.04621111268650703,0.14842894534323389,0.15270142198622635,0.16025224391398707,0.07414067020992117,0.047588820765870045,0.026670473487804269,0.047588820765870045,0.022657552702588513,9.6403324349294376e-05,6.9246258958231214e-06,0.0001307109647529432,7.534521730723762e-06,5.5819933334961016e-05,3.0337645352796507e-06,5.5819933334961016e-05,0,6.9688877500502947e-16,1.1061120017503006,1.3303584032321796e+25
n6_compact_f0.4_d3.0,holdout,6,compact,1,0.10000000000000001,0.10000000000000001,1,0,0.40000000000000002,3,15,7,11,true,true,true,true,true,true,0.014814814814814812,0.062110371699701836,0.027136050531332556,0.071993194771071772,0.072915172323020902,0.074883612736637864,0.038717167749581186,0.026425939259852455,0.012316518573212696,0.026425939259852455,0.0079081805119471712,0.00023780164982892322,7.344859211240926e-06,0.00031221543905121148,1.1078980319235941e-05,0.00013186657965098377,5.9896232267445373e-06,0.00013186657965098377,0,4.3571565908065544e-16,1.0507005748515532,1250879746426553
n6_compact_f0.4_d4.0,holdout,6,compact,1,0.10000000000000001,0.10000000000000001,1,0,0.40000000000000002,4,15,7,11,true,true,true,true,true,true,0.0062500000000000003,0.026202813060811729,0.011856915750418511,0.023122374040613774,0.02322260495158196,0.023481845058179796,0.015326680921439613,0.011058155445375129,0.0042699845116115215,0.011058155445375129,0.0017096358832007935,1.5960047648134858e-05,1.4873571103381911e-07,2.1669634184824561e-05,2.435359709722032e-07,1.1007723507456111e-05,1.5810039347845367e-07,1.1007723507456111e-05,0,4.8973793003074953e-16,1.0190774293174154,6833307579174.3906
n6_compact_f0.4_d6.0,holdout,6,compact,1,0.10000000000000001,0.10000000000000001,1,0,0.40000000000000002,6,15,5,11,true,true,true,true,true,true,0.0018518518518518515,0.0077637964624627295,0.0038312416912768222,0.0047759468608366889,0.004781568753822284,0.0047982757664919396,0.0046547013961717376,0.0034825934566038775,0.0011721408706881677,0.0034825934566038775,0.00024450513244879055,0.00024412797815447722,3.8384840450570659e-07,0.0001841092448653907,5.2373676546753203e-07,0.0001063560917440896,2.9967788204343335e-07,0.0001063560917440896,0,2.0062566324656767e-16,1.005649454526421,11368.978871124331
n6_compact_f0.4_d10.0,holdout,6,compact,1,0.10000000000000001,0.10000000000000001,1,0,0.40000000000000002,10,15,5,11,true,true,true,true,true,true,0.00040000000000000013,0.0016769800358919502,0.0010043496455274309,0.00071767445263283352,0.00071787095648487395,0.00071849620539068699,0.0011437816086852233,0.00087022035662639085,0.00027371295220930431,0.00087022035662639085,3.2333759116956547e-05,3.2330450587448264e-05,3.5752929334241075e-09,2.7950011576649516e-05,4.8248435742278372e-09,8.8666870882163101e-06,2.894086386981245e-09,8.8666870882163101e-06,0,2.4238023731920335e-16,1.0013938781799894,11.500141319004239
n6_compact_f0.8_d2.1,holdout,6,compact,1,0.10000000000000001,0.10000000000000001,1,0,0.80000000000000004,2.1000000000000001,15,11,11,false,true,true,false,false,true,0.086383759853147599,0.36215960174753253,0.15437321388755429,1.1879794514684994,1.3937264251534602,1.7083246038627462,0.30652697845117727,0.18718221051235018,0.12047753502131311,0.18718221051235018,0.16150258184108895,0.0010763361885936945,0.0001852716698896735,0.00083236278849371933,0.00015376726914370637,0.00031913172790005886,4.4060644461104384e-05,0.00031913172790005886,0,7.3184296376532011e-16,1.7634179150746172,1.0623623940633122e+35
n6_compact_f0.8_d2.5,holdout,6,compact,1,0.10000000000000001,0.10000000000000001,1,0,0.80000000000000004,2.5,15,9,11,true,true,true,true,true,true,0.051200000000000016,0.21465344459416963,0.092422225373014075,0.59371578137293557,0.62989123598315377,0.69696574774945186,0.14889251030737569,0.09723502247612463,0.051922384660180974,0.09723502247612463,0.049646489595043669,0.00024262062695015927,1.8264269728366836e-05,0.00029502060328565944,1.7928022489761913e-05,0.00011017241262577059,6.9397504101789843e-06,0.00011017241262577059,0,5.8079650970067682e-16,1.233401206746648,1.6450771378258912e+26
n6_compact_f0.8_d3.0,holdout,6,compact,1,0.10000000000000001,0.10000000000000001,1,0,0.80000000000000004,3,15,7,11,true,true,true,true,true,true,0.029629629629629624,0.12422074339940367,0.054272101062665133,0.28797277908428709,0.29553975113266034,0.31208357490553501,0.077507761189092972,0.053309316586354509,0.0242552069053469,0.053309316586354509,0.016788457479822463,0.00053485526366815782,1.6866534053987879e-05,0.00066616285205358338,2.4123136613265858e-05,0.00026859133502089567,1.247115625967241e-05,0.00026859133502089567,0,4.9387022329959704e-16,1.1062752498941255,5208792206991838
n6_compact_f0.8_d4.0,holdout,6,compact,1,0.10000000000000001,0.10000000000000001,1,0,0.80000000000000004,4,15,7,11,true,true,true,true,true,true,0.012500000000000001,0.052405626121623458,0.023713831500837071,0.092489496162455095,0.093292935153250087,0.095404455937826968,0.030592803295643119,0.022171788523137493,0.0084244513772629859,0.022171788523137493,0.0034927070117238192,3.4815047580333721e-05,3.2886303321131099e-07,4.6379788891896427e-05,5.2823507846428571e-07,2.3242906708772888e-05,3.3911319093953541e-07,2.3242906708772888e-05,0,5.3675047060088719e-16,1.0388709684929016,27794488483184.742
n6_compact_f0.8_d6.0,holdout,6,compact,1,0.10000000000000001,0.10000000000000001,1,0,0.80000000000000004,6,15,5,11,true,true,true,true,true,true,0.003703703703703703,0.015527592924925459,0.0076624833825536549,0.019103787443346756,0.019148033014431898,0.019282382489514249,0.009264608430347156,0.0069690768744688613,0.0022955799681213633,0.0069690768744688613,0.00046038739504294327,0.00045956647493666222,8.2881219213472883e-07,0.00032650684648699059,1.1249899669847561e-06,0.00022275595293807978,6.4175182544856566e-07,0.00022275595293807978,0,2.9668762113318487e-16,1.0113657212793237,45405.576137339704
n6_compact_f0.8_d10.0,holdout,6,compact,1,0.10000000000000001,0.10000000000000001,1,0,0.80000000000000004,10,15,5,11,true,true,true,true,true,true,0.00080000000000000026,0.0033539600717839005,0.0020086992910548617,0.0028706978105313341,0.0028722240123491296,0.0028772319588155461,0.0022711259762349567,0.0017405478134136284,0.00053087026798551119,0.0017405478134136284,4.9818980032612981e-05,4.9811654598546281e-05,7.6611707689069787e-09,3.977233695553903e-05,1.0330523982682847e-08,1.8520109419034945e-05,6.2245990818380253e-09,1.8520109419034945e-05,0,3.3773511679251467e-16,1.0027921222384866,40.310310039153769
n6_compact_f1.0_d2.1,holdout,6,compact,1,0.10000000000000001,0.10000000000000001,1,0,1,2.1000000000000001,15,11,11,false,false,true,false,false,true,0.10797969981643449,0.45269950218441557,0.19296651735944284,1.8562178929195301,2.2967747253662592,3.020256230868267,0.38780958134997046,0.24341483015883622,0.1459132867798302,0.24341483015883622,0.22031781618887469,0.0020863427787391302,0.0004162852041807814,0.0014195248594466251,0.00030361328024365564,0.00075582696376249692,0.00012922947307546839,0.00075582696376249692,0,1.2851934906867192e-15,2.1160137512443198,1.6767886045799282e+35
n6_compact_f1.0_d2.5,holdout,6,compact,1,0.10000000000000001,0.10000000000000001,1,0,1,2.5,15,9,11,true,true,true,true,true,true,0.064000000000000015,0.26831680574271199,0.11552778171626742,0.92768090839521167,1.0006727231763726,1.1393641976501763,0.18674501543311889,0.12300931833585128,0.064085810380698646,0.12300931833585128,0.065232932457461576,0.00034334435753608953,2.6505332829173562e-05,0.00039375237886574805,2.4622439173904748e-05,0.00013759890780801155,9.6370855522833068e-06,0.00013759890780801155,0,5.6138994281877115e-16,1.3072727095162924,2.1176034108135717e+26
n6_compact_f1.0_d3.0,holdout,6,compact,1,0.10000000000000001,0.10000000000000001,1,0,1,3,15,7,11,true,true,true,true,true,true,0.037037037037037028,0.15527592924925457,0.067840126328331321,0.44995746731919845,0.46498210545876711,0.49814219115166541,0.097050537675877457,0.066953903646742363,0.030171990833692059,0.066953903646742363,0.0217382376823731,0.00071147181121862415,2.2699279821597372e-05,0.00086209250260644785,3.1575442838897715e-05,0.00033976682156087941,1.5937639218589193e-05,0.00033976682156087941,0,5.0248799419263584e-16,1.1361686350720561,8700634073753068
n6_compact_f1.0_d4.0,holdout,6,compact,1,0.10000000000000001,0.10000000000000001,1,0,1,4,15,7,11,true,true,true,true,true,true,0.015625,0.065507032652029312,0.0296422893760463,0.14451483775383608,0.14609311700092631,0.15025537293798674,0.038255871956911623,0.027752763516395988,0.010507788054404832,0.027752763516395988,0.0044622157204555844,4.5561232129474306e-05,4.3366749303928439e-07,6.0109633456130361e-05,6.8977680888707801e-07,2.9915031357888756e-05,4.4024315160993278e-07,2.9915031357888756e-05,0,6.7994553318272643e-16,1.04905767492416,43808180247293.758
n6_compact_f1.0_d6.0,holdout,6,compact,1,0.10000000000000001,0.10000000000000001,1,0,1,6,15,5,11,true,true,true,true,true,true,0.0046296296296296285,0.019409491156156821,0.0095781042281920664,0.029849667880229306,0.029935981426596498,0.03019907191165485,0.011573309137769199,0.0087139991045445588,0.0028593604295298115,0.0087139991045445588,0.00057651343208440446,0.00057544323902804218,1.079003885921348e-06,0.00040239775346931806,1.4607321522265676e-06,0.00028515589629141814,8.3185793585426884e-07,0.00028515589629141814,0,3.3685475007931378e-16,1.0142501958180463,70894.714239121487
n6_compact_f1.0_d10.0,holdout,6,compact,1,0.10000000000000001,0.10000000000000001,1,0,1,10,15,5,11,true,true,true,true,true,true,0.0010000000000000002,0.0041924500897298749,0.0025108741138185745,0.0044854653289552087,0.004488430403337778,0.0044982174335345812,0.0028351054234562818,0.0021757644288769484,0.00065970075926232233,0.0021757644288769484,5.9281321834981981e-05,5.9271731758483657e-05,9.9513611294669364e-09,4.6096085068930206e-05,1.3411600640816719e-08,2.3674713948181354e-05,8.0861941405092624e-09,2.3674713948181354e-05,0,3.5667059990274196e-16,1.0034929586201631,61.872103487727912
n6_irregular_f0.1_d2.1,holdout,6,irregular,1,0.10000000000000001,0.10000000000000001,1,0,0.10000000000000001,2.1000000000000001,15,9,11,true,true,true,true,true,true,0.01079796998164345,0.036871682695548212,0.014006894213832218,0.01213033862153743,0.01227671539417494,0.012450910798182127,0.026099956257512956,0.014178350193061283,0.012266473749452934,0.014178350193061283,0.0099268803646742169,0.00019841961557652348,2.1508229093458049e-05,0.00020256703230734469,2.3048315583477167e-05,3.7138067432981958e-05,3.4025587198529945e-06,3.7138067432981958e-05,0,7.0506620125069817e-16,1.0518225156221308,2.3174952673040835e+25
n6_irregular_f0.1_d2.5,holdout,6,irregular,1,0.10000000000000001,0.10000000000000001,1,0,0.10000000000000001,2.5,15,7,11,true,true,true,true,true,true,0.006400000000000002,0.021853993820382198,0.0084023111035292902,0.0060671402883141759,0.0060989280278143316,0.0061485032068854415,0.013343580848574786,0.0081303313609674462,0.0053350199615519152,0.0081303313609674462,0.00352259607103815,0.00024215303278399497,1.7657777897949158e-05,0.00026939620173426258,1.848406216891297e-05,7.7796883123271125e-05,4.2942886914241122e-06,7.7796883123271125e-05,0,5.437356675049805e-16,1.0190590067209875,948332479128687.38
n6_irregular_f0.1_d3.0,holdout,6,irregular,1,0.10000000000000001,0.10000000000000001,1,0,0.10000000000000001,3,15,7,11,true,true,true,true,true,true,0.003703703703703703,0.012646987164573027,0.0049475877137842893,0.002946318533710246,0.0029536764178846276,0.0029674227708109354,0.0071512632476809588,0.0046567468036477506,0.0025418741299588735,0.0046567468036477506,0.001329939385119643,4.3075276196059692e-05,1.5048507150766499e-06,4.8412299055856925e-05,1.6021213387944961e-06,1.5944783703408649e-05,4.3249713609000914e-07,1.5944783703408649e-05,0,6.9936192659133926e-16,1.0095061131151712,35709944022299.023
n6_irregular_f0.1_d4.0,holdout,6,irregular,1,0.10000000000000001,0.10000000000000001,1,0,0.10000000000000001,4,15,5,11,true,true,true,true,true,true,0.0015625000000000001,0.0053354477100542464,0.0021751039794111007,0.000949310218763532,0.0009501757456211508,0.00095207635654523458,0.0029156034724641643,0.0020026821015628228,0.00092656690038901278,0.0020026821015628228,0.00034242886886427267,0.00033983705988249507,2.9572257107105062e-06,0.00029043970010176565,3.3467413516108436e-06,0.00011468335876395167,1.2554530785916823e-06,0.00011468335876395167,0,3.4133517261843955e-16,1.0037143606627152,106792.99553412739
n6_irregular_f0.1_d6.0,holdout,6,irregular,1,0.10000000000000001,0.10000000000000001,1,0,0.10000000000000001,6,15,5,11,true,true,true,true,true,true,0.00046296296296296287,0.0015808733955716284,0.00071157784127994872,0.00019799386938332175,0.00019804669892183028,0.00019817413463749339,0.00091203887277089353,0.00064470311612546032,0.00027068286758692543,0.00064470311612546032,7.3373975845656889e-05,7.3313855706742614e-05,7.0770499716676193e-08,6.8027022295412577e-05,8.0276460572377708e-08,1.5728509878080254e-05,3.3024292374901553e-08,1.5728509878080254e-05,0,2.9619327100541731e-16,1.0011280513094531,376.95798463808609
n6_irregular_f0.1_d10.0,holdout,6,irregular,1,0.10000000000000001,0.10000000000000001,1,0,0.10000000000000001,10,15,5,11,true,true,true,true,true,true,0.00010000000000000003,0.00034146865344347185,0.00018938801579050153,3.0588296066446579e-05,3.0590281985751661e-05,3.0595175235728788e-05,0.00022547737218115972,0.00016036575552756243,6.5923167752223569e-05,0.00016036575552756243,1.6583998402571169e-05,1.6583457476204448e-05,6.5881407024907004e-10,1.6149623532280012e-05,7.4736317263923529e-10,1.3280067361950741e-06,3.1026095352857534e-10,1.3280067361950741e-06,0,2.063710493432342e-16,1.0002808681608863,1.7452535787265819
n6_irregular_f0.4_d2.1,holdout,6,irregular,1,0.10000000000000001,0.10000000000000001,1,0,0.40000000000000002,2.1000000000000001,15,11,11,true,true,true,true,true,true,0.043191879926573799,0.14748673078219285,0.056027576855328873,0.19408541794459888,0.20399596221421287,0.21634160696175928,0.10436443325258614,0.057850401926206871,0.048004039750580159,0.057850401926206871,0.042423463702032496,0.00014227874662412057,1.9940020346523554e-05,0.00014318597712033724,1.9037099116507717e-05,1.4923159694380614e-05,1.4208716150598123e-06,1.4923159694380614e-05,0,7.6567671051420818e-16,1.2428244785956621,2.7348687039814781e+34
n6_irregular_f0.4_d2.5,holdout,6,irregular,1,0.10000000000000001,0.10000000000000001,1,0,0.40000000000000002,2.5,15,9,11,true,true,true,true,true,true,0.025600000000000008,0.087415975281528793,0.033609244414117161,0.097074244613026814,0.099103023986999841,0.10243051514125218,0.052741968066889314,0.032765276588552016,0.020483963932788448,0.032765276588552016,0.014144516038224909,8.0222042464321209e-05,4.3007199930407628e-06,8.1459424735455581e-05,4.5637650963075058e-06,1.7833362023396799e-05,7.7604088891486636e-07,1.7833362023396799e-05,0,5.3812825824255008e-16,1.0801525397726537,1.4734189812450697e+25
n6_irregular_f0.4_d3.0,holdout,6,irregular,1,0.10000000000000001,0.10000000000000001,1,0,0.40000000000000002,3,15,7,11,true,true,true,true,true,true,0.014814814814814812,0.050587948658292109,0.019790350855137157,0.047141096539363936,0.047594737488254449,0.04849590569575464,0.028094043928537538,0.018682561305983128,0.0096060217149835959,0.018682561305983128,0.0050172276062399471,0.00018481564089487841,6.5331151549248625e-06,0.00020391839488922197,6.8425390210940538e-06,6.534856695430223e-05,1.8043999316818864e-06,6.534856695430223e-05,0,4.8429769611395514e-16,1.0389937872316946,573924184636281.88
n6_irregular_f0.4_d4.0,holdout,6,irregular,1,0.10000000000000001,0.10000000000000001,1,0,0.40000000000000002,4,15,7,11,true,true,true,true,true,true,0.0062500000000000003,0.021341790840216986,0.0087004159176444027,0.015188963500216512,0.015240104244845343,0.015362869309820035,0.011359752238569009,0.0080168920965826614,0.0033977020228652868,0.0080168920965826614,0.0011155779186045268,1.2524256692987728e-05,1.3889267561328387e-07,1.4068439168678606e-05,1.4922584568805239e-07,5.2332578008620167e-06,4.6092877990355467e-08,5.2332578008620167e-06,0,5.8612566559716772e-16,1.0150116118101842,3239980870916.4834
n6_irregular_f0.4_d6.0,holdout,6,irregular,1,0.10000000000000001,0.10000000000000001,1,0,0.40000000000000002,6,15,5,11,true,true,true,true,true,true,0.0018518518518518515,0.0063234935822865136,0.0028463113651197949,0.003167901910133148,0.0031708707425812132,0.0031790490247791659,0.0035155099054010909,0.0025791537510233649,0.00094926411602812473,0.0025791537510233649,0.00016840937440387808,0.00016815081108864942,2.9777461935119026e-07,0.00014045123212529074,3.36976305103501e-07,6.4938301846164594e-05,1.3870932819623572e-07,6.4938301846164594e-05,0,2.6375184332252713e-16,1.0045273380370936,6000.7875710256703
n6_irregular_f0.4_d10.0,holdout,6,irregular,1,0.10000000000000001,0.10000000000000001,1,0,0.40000000000000002,10,15,5,11,true,true,true,true,true,true,0.00040000000000000013,0.0013658746137738874,0.0007575520631620061,0.00048941273706314527,0.00048951930546700271,0.00048983266343265272,0.00085959972917748397,0.00064144305445894929,0.00022114687443496712,0.00064144305445894929,2.4315331200111052e-05,2.4313068661079117e-05,2.6807950620619086e-09,2.2145882482276428e-05,3.0366339435443542e-09,5.4795874367660377e-06,1.3064488148749733e-09,5.4795874367660377e-06,0,3.0110576367978063e-16,1.0011244846054155,6.9477205435704281
n6_irregular_f0.8_d2.1,holdout,6,irregular,1,0.10000000000000001,0.10000000000000001,1,0,0.80000000000000004,2.1000000000000001,15,11,11,true,true,true,true,true,true,0.086383759853147599,0.2949734615643857,0.11205515371065777,0.77634167177839553,0.86607832656637984,0.98168045692954298,0.21242597855453513,0.1194269108848334,0.096317883105239463,0.1194269108848334,0.097006884011108546,0.00058707293351234371,0.00011053457261193601,0.00054402928234244946,9.827236841384866e-05,6.3230148501961341e-05,1.3131347107329782e-05,6.3230148501961341e-05,0,7.5361103038248833e-16,1.602527453420685,2.5483679670503769e+34
n6_irregular_f0.8_d2.5,holdout,6,irregular,1,0.10000000000000001,0.10000000000000001,1,0,0.80000000000000004,2.5,15,9,11,true,true,true,true,true,true,0.051200000000000016,0.17483195056305759,0.067218488828234335,0.38829697845210726,0.40530789503265219,0.4338074248574294,0.10584318342944458,0.066286383452169237,0.040619926371105258,0.066286383452169237,0.030502814182053598,0.00019312407575531657,1.0939014611103981e-05,0.00018790941746771458,1.1104918990676913e-05,3.896859070608217e-05,1.685544095761447e-06,3.896859070608217e-05,0,5.6982223211343237e-16,1.1721774079420841,5.1926843757454374e+25
n6_irregular_f0.8_d3.0,holdout,6,irregular,1,0.10000000000000001,0.10000000000000001,1,0,0.80000000000000004,3,15,7,11,true,true,true,true,true,true,0.029629629629629624,0.10117589731658422,0.039580701710274294,0.18856438615745574,0.19226689993614171,0.19972161085401108,0.056187517893938686,0.037534673873149745,0.019054338344680802,0.037534673873149745,0.010519550646553378,0.00040847528598017628,1.4701684798535445e-05,0.00043938273406411325,1.5054500193469718e-05,0.00013577493729945251,3.8577074766175945e-06,0.00013577493729945251,0,6.4706629190744176e-16,1.0807938797191312,2343837228001858
n6_irregular_f0.8_d4.0,holdout,6,irregular,1,0.10000000000000001,0.10000000000000001,1,0,0.80000000000000004,4,15,7,11,true,true,true,true,true,true,0.012500000000000001,0.042683581680433971,0.017400831835288833,0.060755854000866048,0.061164406994578244,0.062158955809926558,0.022653377093431619,0.016052665045506502,0.0067121512392041708,0.016052665045506502,0.0022466595422725878,2.7175855438871912e-05,3.0516579009003891e-07,3.0219470278617711e-05,3.2491796065092792e-07,1.1109201111655485e-05,9.9424705334600243e-08,1.1109201111655485e-05,0,4.5762490664922972e-16,1.0304539687499961,12971668955116.65
n6_irregular_f0.8_d6.0,holdout,6,irregular,1,0.10000000000000001,0.10000000000000001,1,0,0.80000000000000004,6,15,5,11,true,true,true,true,true,true,0.003703703703703703,0.012646987164573027,0.0056926227302395854,0.012671607640532592,0.012694922731340055,0.012760591528677976,0.0069913684567444422,0.00515937043298149,0.0018577980224832016,0.00515937043298149,0.00030789440566075837,0.00030733639742055508,6.4222400777236288e-07,0.00024458437994376861,7.2453032327292301e-07,0.00013569104555436872,2.9742542376485678e-07,0.00013569104555436872,0,3.8612786515907204e-16,1.0090964291948441,23994.599459648314
n6_irregular_f0.8_d10.0,holdout,6,irregular,1,0.10000000000000001,0.10000000000000001,1,0,0.80000000000000004,10,15,5,11,true,true,true,true,true,true,0.00080000000000000026,0.0027317492275477748,0.0015151041263240137,0.0019576509482525811,0.0019584775043608458,0.0019609864181710174,0.0017054792552517952,0.0012828426852236629,0.00042853544429254748,0.0012828426852236629,3.5862937021929005e-05,3.5858018400718504e-05,5.7423291588642346e-09,3.0799713656785849e-05,6.4982576348717591e-09,1.1439968641689919e-05,2.810766298504818e-09,1.1439968641689919e-05,0,4.2461099601082909e-16,1.0022517594744906,22.321163668133281
n6_irregular_f1.0_d2.1,holdout,6,irregular,1,0.10000000000000001,0.10000000000000001,1,0,1,2.1000000000000001,15,11,11,false,true,true,false,false,true,0.10797969981643449,0.36871682695548208,0.14006894213832219,1.2130338621537431,1.4019973807452055,1.6492914493394064,0.26880503352362045,0.15209168491645886,0.1211296803042686,0.15209168491645886,0.13072678264922383,0.0010913381614902689,0.00023661282579013175,0.00096842887501962123,0.00020234007287366052,0.00014832788353703541,3.6184067609692135e-05,0.00014832788353703541,0,7.8737517076277512e-16,1.8575525624594889,1.3785907867505676e+35
n6_irregular_f1.0_d2.5,holdout,6,irregular,1,0.10000000000000001,0.10000000000000001,1,0,1,2.5,15,9,11,true,true,true,true,true,true,0.064000000000000015,0.218539938203822,0.084023111035292655,0.60671402883141756,0.64086714329642835,0.69859586567784326,0.13271468339696221,0.083393377306748784,0.050683249829849335,0.083393377306748784,0.039778991638630107,0.0002668984846593772,1.5570489249720891e-05,0.00025395304272461672,1.5448767087449064e-05,5.2203309598102229e-05,2.2739891691571447e-06,5.2203309598102229e-05,0,8.0722608766461488e-16,1.2236637302872266,5.0168029224370116e+25
n6_irregular_f1.0_d3.0,holdout,6,irregular,1,0.10000000000000001,0.10000000000000001,1,0,1,3,15,7,11,true,true,true,true,true,true,0.037037037037037028,0.12646987164573029,0.049475877137842843,0.2946318533710246,0.30196456015622436,0.31678018569231847,0.070328092415215565,0.047036948748942584,0.023801353602379172,0.047036948748942584,0.013554084092410438,0.00053838987286471834,1.9576501585137798e-05,0.00057159286006597016,1.9814606261545815e-05,0.00017351373984670539,5.0133501068013688e-06,0.00017351373984670539,0,7.5238693401264339e-16,1.1028814611317006,3803353925238612.5
n6_irregular_f1.0_d4.0,holdout,6,irregular,1,0.10000000000000001,0.10000000000000001,1,0,1,4,15,7,11,true,true,true,true,true,true,0.015625,0.053354477100542468,0.021751039794110992,0.094931021876353189,0.095732506958739139,0.097687497297246004,0.028318815038020091,0.020079036725464326,0.0083803259629672989,0.020079036725464326,0.0028588731600680266,3.5466996625500377e-05,4.0110714974556523e-07,3.9237659512216639e-05,4.2511617645218889e-07,1.4338098384677515e-05,1.2948169499167015e-07,1.4338098384677515e-05,0,7.8984669187774712e-16,1.0383486215870739,20282421276365.027
n6_irregular_f1.0_d6.0,holdout,6,irregular,1,0.10000000000000001,0.10000000000000001,1,0,1,6,15,5,11,true,true,true,true,true,true,0.0046296296296296285,0.015808733955716286,0.0071157784127994896,0.019799386938332171,0.019844837550598175,0.019973337071178907,0.0087316551754983273,0.0064499680953838392,0.0023140043398897163,0.0064499680953838392,0.00038289344488905337,0.00038216759117370346,8.3560586929276201e-07,0.00030017474919750097,9.4123697250604126e-07,0.00017349314095674382,3.8578612952756124e-07,0.00017349314095674382,0,4.7591782938437418e-16,1.0113974561360881,37488.825795570861
n6_irregular_f1.0_d10.0,holdout,6,irregular,1,0.10000000000000001,0.10000000000000001,1,0,1,10,15,5,11,true,true,true,true,true,true,0.0010000000000000002,0.0034146865344347188,0.0018938801579050119,0.0030588296066446576,0.003060434837792992,0.0030653370839573198,0.0021286158040332969,0.0016035320386204243,0.00053244066509165744,0.0016035320386204243,4.2121433027995215e-05,4.2115025471662315e-05,7.4579112180539691e-09,3.5435654738281585e-05,8.4360973037069733e-09,1.462046693125271e-05,3.6519504168984571e-09,1.462046693125271e-05,0,4.2445287609886406e-16,1.0028164973187046,33.791741625600729
n10_linear_f0.1_d2.1,holdout,10,linear,1,0.10000000000000001,0.10000000000000001,1,0,0.10000000000000001,2.1000000000000001,45,9,11,true,true,true,true,true,true,0.01079796998164345,0.025519102408747146,0.012381356660967053,0.0047568856533373336,0.0048388463070004727,0.0048578871252624896,0.02085202444622879,0.0048825731746983065,0.016921438837149305,0.0048825731746983065,0.0091901756189151137,0.00023888846589921746,2.7931458292856624e-05,0.00033680918102154094,3.9451841710259155e-05,0.00022222163623193499,2.6989077677517371e-05,0.00022222163623193499,0,8.1623195127495285e-16,1.0516159708891879,2.8289182334837667e+24
n10_linear_f0.1_d2.5,holdout,10,linear,1,0.10000000000000001,0.10000000000000001,1,0,0.10000000000000001,2.5,45,7,11,true,true,true,true,true,true,0.006400000000000002,0.015125274074074078,0.0074346990049805961,0.0023798772798620067,0.0023968276341291778,0.0024035623350942164,0.0099828038168958931,0.003532217930760266,0.007073213237163303,0.003532217930760266,0.0029371766140646378,0.0003006764656602643,2.208716175752448e-05,0.00042116219561619782,3.054354617368234e-05,0.00033421973259013744,2.615152001978114e-05,0.00033421973259013744,0,8.2490273641069437e-16,1.0175202662224492,1667102667033712.2
n10_linear_f0.1_d3.0,holdout,10,linear,1,0.10000000000000001,0.10000000000000001,1,0,0.10000000000000001,3,45,7,11,true,true,true,true,true,true,0.003703703703703703,0.0087530521262002732,0.0043802688185063145,0.0011561656611104123,0.0011599556277095519,0.0011621773158271992,0.0053193382252547201,0.0024289517877862077,0.0032710931332369793,0.0024289517877862077,0.0010745527533564921,5.6710046412332559e-05,2.02813297907829e-06,7.5318588531085221e-05,2.6378438646984141e-06,7.2425196525802615e-05,2.6592085869509879e-06,7.2425196525802615e-05,0,6.0150522783238167e-16,1.0087364691780238,61896556765375.391
n10_linear_f0.1_d4.0,holdout,10,linear,1,0.10000000000000001,0.10000000000000001,1,0,0.10000000000000001,4,45,5,11,true,true,true,true,false,true,0.0015625000000000001,0.0036926938657407412,0.0019210938400393322,0.00037263095250461982,0.000373060521427348,0.00037342715700630679,0.0022425866384948954,0.0012603804819859984,0.0011542422724324668,0.0012603804819859984,0.0002756667798882314,0.00027184490244096563,4.3356902049721951e-06,0.00037762281766979172,5.1826285926370998e-06,0.00028958624984858896,5.9692818988417677e-06,0.00028958624984858896,0,5.0886117900182248e-16,1.0035057725445371,174495.63173888167
n10_linear_f0.1_d6.0,holdout,10,linear,1,0.10000000000000001,0.10000000000000001,1,0,0.10000000000000001,6,45,5,11,true,true,true,true,true,true,0.00046296296296296287,0.0010941315157750342,0.00061542180794446578,7.710828610700184e-05,7.7133584922177081e-05,7.7160303858960562e-05,0.00072354004364351833,0.0004533327874519387,0.00032922785264578343,0.0004533327874519387,6.2012948132297082e-05,6.1948798036240332e-05,1.1557643476101763e-07,8.4025694267852392e-05,1.2476835148141914e-07,4.3093080410600259e-05,1.6263594132468618e-07,4.3093080410600259e-05,0,6.5394682068660884e-16,1.0010801303815215,612.64386496717611
n10_linear_f0.1_d10.0,holdout,10,linear,1,0.10000000000000001,0.10000000000000001,1,0,0.10000000000000001,10,45,5,11,true,true,true,true,true,true,0.00010000000000000003,0.00023633240740740747,0.00015225509731222472,1.1321098548133906e-05,1.1322022489434036e-05,1.1322933210643348e-05,0.00017329220986422679,0.00010582120428234662,8.193217437188557e-05,0.00010582120428234662,1.7565307208459066e-05,1.7565100531313812e-05,1.1514497357184384e-09,1.9990709659110607e-05,1.2087180147860002e-09,3.6510519375212727e-06,1.6230768459964557e-09,3.6510519375212727e-06,0,6.1500693634375204e-16,1.0002606418844999,2.0203156820686488
n10_linear_f0.4_d2.1,holdout,10,linear,1,0.10000000000000001,0.10000000000000001,1,0,0.40000000000000002,2.1000000000000001,45,11,11,true,true,true,true,true,true,0.043191879926573799,0.10207640963498858,0.049525426643868213,0.076110170453397338,0.081781312431640746,0.083074472457230111,0.084034573194217421,0.019290482622791216,0.068459171278968459,0.019290482622791216,0.03876420638300386,0.00018361533926909652,2.5378412292296654e-05,0.000252307825104197,3.4238191253177588e-05,0.00013716661405196673,1.6834515750934092e-05,0.00013716661405196673,0,9.2488069206551457e-16,1.2416740619942721,4.8973214449354043e+34
n10_linear_f0.4_d2.5,holdout,10,linear,1,0.10000000000000001,0.10000000000000001,1,0,0.40000000000000002,2.5,45,9,11,true,true,true,true,true,true,0.025600000000000008,0.060501096296296311,0.029738796019922385,0.038078036477792107,0.039173051938507404,0.039612314492433291,0.039220343655500763,0.013927117115579601,0.027725240694090578,0.013927117115579601,0.011515360229427854,9.8125261522000033e-05,5.6891405020133764e-06,0.00013652824378122474,7.8701345069213201e-06,0.00011283789270405928,6.6889330281941149e-06,0.00011283789270405928,0,7.2428068003683939e-16,1.0732742689445327,9.7867033100185684e+23
n10_linear_f0.4_d3.0,holdout,10,linear,1,0.10000000000000001,0.10000000000000001,1,0,0.40000000000000002,3,45,7,11,true,true,true,true,true,true,0.014814814814814812,0.035012208504801093,0.017521075274025258,0.018498650577766597,0.018734666056406554,0.018877827856173677,0.020670966295020483,0.0096132577405615791,0.01254088650259717,0.0096132577405615791,0.0040214424546228143,0.00024006481373599502,8.6930875432531215e-06,0.00031966104800320742,1.1346732537687784e-05,0.00030475058366081061,1.1336516907735448e-05,0.00030475058366081061,0,9.369309965548508e-16,1.0356616641998728,1015371559969019.8
n10_linear_f0.4_d4.0,holdout,10,linear,1,0.10000000000000001,0.10000000000000001,1,0,0.40000000000000002,4,45,7,11,true,true,true,true,true,true,0.0062500000000000003,0.014770775462962965,0.0076843753601573287,0.0059620952400739171,0.0059877090521978085,0.0060111956572081304,0.0086268296107774867,0.0050104226124938747,0.0042756889396395464,0.0050104226124938747,0.00094399500864306575,1.8270497754724373e-05,2.0818177641411667e-07,2.184802137814398e-05,2.4562314490057911e-07,2.5134785077256473e-05,2.882063128859255e-07,2.5134785077256473e-05,0,9.6470332377752658e-16,1.0141296198502296,5623128547540.8545
n10_linear_f0.4_d6.0,holdout,10,linear,1,0.10000000000000001,0.10000000000000001,1,0,0.40000000000000002,6,45,5,11,true,true,true,true,true,true,0.0018518518518518515,0.0043765260631001366,0.0024616872317778631,0.0012337325777120294,0.0012351651910997234,0.0012368742086899362,0.0027521657891371883,0.001808377729418133,0.0011631251529534508,0.001808377729418133,0.00014091032750244016,0.00014045807716203427,4.8688457934831881e-07,0.00018334318826797191,5.2437927390747499e-07,0.00017756585503776075,6.8519132466456807e-07,0.00017756585503776075,0,7.8060541473498841e-16,1.0043300941800803,9790.9570183429951
n10_linear_f0.4_d10.0,holdout,10,linear,1,0.10000000000000001,0.10000000000000001,1,0,0.40000000000000002,10,45,5,11,true,true,true,true,true,true,0.00040000000000000013,0.00094532962962962986,0.00060902038924889889,0.00018113757677014249,0.00018118740007385366,0.00018124564786020864,0.00064631276208109041,0.00042279731724768563,0.00027607512504857824,0.00042279731724768563,2.0560841873948531e-05,2.0558333069498795e-05,4.8467880688906171e-09,2.8363021566462147e-05,4.9358275057841009e-09,1.5055167934151356e-05,6.8395546766617623e-09,1.5055167934151356e-05,0,6.1490638446302399e-16,1.0010430909565036,10.149624648348466
n10_linear_f0.8_d2.1,holdout,10,linear,1,0.10000000000000001,0.10000000000000001,1,0,0.80000000000000004,2.1000000000000001,45,11,11,true,true,true,true,true,true,0.086383759853147599,0.20415281926997716,0.09905085328773619,0.30444068181358935,0.3572816141485381,0.36871790395315091,0.17461615755150009,0.038173902843935209,0.14368604205946325,0.038173902843935209,0.088330796301301348,0.00077253383480443744,0.0001478155009732792,0.0009956867344614569,0.00018394771991245976,0.00039514020599277941,6.1175346623521697e-05,0.00039514020599277941,0,7.2227074612221603e-16,1.6009095650741532,3.7596442040034334e+34
n10_linear_f0.8_d2.5,holdout,10,linear,1,0.10000000000000001,0.10000000000000001,1,0,0.80000000000000004,2.5,45,9,11,true,true,true,true,true,true,0.051200000000000016,0.12100219259259262,0.059477592039844672,0.15231214591116843,0.1615866304352466,0.16520054521131736,0.078874268251040353,0.027336962708430532,0.056303411229123142,0.027336962708430532,0.02431164613267164,0.00022959409295115782,1.3978195420031732e-05,0.00032135724058189287,1.9529232328242682e-05,0.00025204670699172077,1.5541468751247479e-05,0.00025204670699172077,0,9.7435164886626414e-16,1.1562518105967761,5.3760823072240025e+24
n10_linear_f0.8_d3.0,holdout,10,linear,1,0.10000000000000001,0.10000000000000001,1,0,0.80000000000000004,3,45,7,11,true,true,true,true,true,true,0.029629629629629624,0.070024417009602186,0.035042150548050537,0.073994602311066388,0.07593205055125371,0.077087449097611616,0.041218001527036668,0.018939862191327105,0.025210278147954471,0.018939862191327105,0.0082970522131728328,0.00052071097873946661,1.9215348722487859e-05,0.00069609784621555597,2.5214937926234119e-05,0.00065490482084089871,2.4849901336896943e-05,0.00065490482084089871,0,5.9861382868282768e-16,1.0733861231699946,4202761675049073.5
n10_linear_f0.8_d4.0,holdout,10,linear,1,0.10000000000000001,0.10000000000000001,1,0,0.80000000000000004,4,45,7,11,true,true,true,true,true,true,0.012500000000000001,0.029541550925925929,0.015368750720314623,0.023848380960295668,0.024053725446450739,0.024241760286825651,0.017124928006134122,0.0099328627663941276,0.0084998973370918642,0.0099328627663941276,0.0019247129867310288,3.9352473313911731e-05,4.5462772627405206e-07,4.7111158529193682e-05,5.3674341325501072e-07,5.4068474628358993e-05,6.2879832282840052e-07,5.4068474628358993e-05,0,7.357051192012995e-16,1.0285545360406885,22717685064339.02
n10_linear_f0.8_d6.0,holdout,10,linear,1,0.10000000000000001,0.10000000000000001,1,0,0.80000000000000004,6,45,5,11,true,true,true,true,true,true,0.003703703703703703,0.0087530521262002732,0.0049233744635557271,0.0049349303108481178,0.0049462060996017763,0.0049598637251037116,0.00545232644535063,0.003602550272716084,0.0022830036056380202,0.003602550272716084,0.00027544903481475827,0.00027442429298643362,1.0483663467924636e-06,0.00032616648524460916,1.1287910960718841e-06,0.00036997553920274857,1.4751381201108252e-06,0.00036997553920274857,0,5.7765496676192687e-16,1.0086862567805934,39257.991010979422
n10_linear_f0.8_d10.0,holdout,10,linear,1,0.10000000000000001,0.10000000000000001,1,0,0.80000000000000004,10,45,5,11,true,true,true,true,true,true,0.00080000000000000026,0.0018906592592592597,0.0012180407784977969,0.00072455030708056998,0.00072493721883529541,0.00072540274100378621,0.0012766533938616568,0.00084420490657314347,0.00053569067483606107,0.00084420490657314347,2.8582894610288828e-05,2.8574827049008652e-05,1.0437205603924127e-08,4.0422014354468406e-05,1.0574233969684156e-08,3.1402776251359139e-05,1.4729504482307354e-08,3.1402776251359139e-05,0,6.0689174401998564e-16,1.0020876007032393,34.982959377403084
n10_linear_f1.0_d2.1,holdout,10,linear,1,0.10000000000000001,0.10000000000000001,1,0,1,2.1000000000000001,45,11,11,false,false,true,false,false,true,0.10797969981643449,0.25519102408747146,0.12381356660967036,0.47568856533373333,0.58887344274343567,0.61264816929049415,0.22385096361303311,0.047597700820047995,0.18520931161812967,0.047597700820047995,0.11934430828201655,0.0014522538245897031,0.00032191409609328694,0.0018066880204346415,0.00038646286036641268,0.00060404401960126753,0.00010604649275236014,0.00060404401960126753,0,1.1630894467996623e-15,1.8564665745097879,1.7499817829861057e+35
n10_linear_f1.0_d2.5,holdout,10,linear,1,0.10000000000000001,0.10000000000000001,1,0,1,2.5,45,9,11,true,true,true,true,true,true,0.064000000000000015,0.15125274074074083,0.074346990049806105,0.23798772798620063,0.25670386996349964,0.26387005809390784,0.099085195721203834,0.03385128545746189,0.071132221749810334,0.03385128545746189,0.031407452626424477,0.00031306244386674362,1.9592222080113727e-05,0.00043896558787497698,2.7450893155691346e-05,0.00033456355130046769,2.108846016755872e-05,0.00033456355130046769,0,6.8492458898209141e-16,1.2022239589704931,7.5077066999108977e+24
n10_linear_f1.0_d3.0,holdout,10,linear,1,0.10000000000000001,0.10000000000000001,1,0,1,3,45,7,11,true,true,true,true,true,true,0.037037037037037028,0.087530521262002725,0.043802688185063152,0.11561656611104119,0.11946382842868557,0.12173008372241136,0.051542570364665329,0.023488114379959919,0.031701481698648545,0.023488114379959919,0.010596824117283816,0.00067966403147558534,2.5349415793043947e-05,0.00091056880192091482,3.3361231566934066e-05,0.00085033570779172608,3.262723941740622e-05,0.00085033570779172608,0,1.0625276224973123e-15,1.0931169922797888,6678492575473598
n10_linear_f1.0_d4.0,holdout,10,linear,1,0.10000000000000001,0.10000000000000001,1,0,1,4,45,7,11,true,true,true,true,true,true,0.015625,0.036926938657407413,0.019210938400393229,0.037263095250461981,0.037666496127107457,0.038033793471510924,0.021368873271099136,0.012357741705574009,0.010642941169217456,0.012357741705574009,0.002448149270691269,5.1159201144770825e-05,5.9564817219058316e-07,6.1290845140566313e-05,7.0356466393319331e-07,7.0240680827548735e-05,8.2342088073879417e-07,7.0240680827548735e-05,0,9.2905950390580303e-16,1.0358845317632068,35678169370744.297
n10_linear_f1.0_d6.0,holdout,10,linear,1,0.10000000000000001,0.10000000000000001,1,0,1,6,45,5,11,true,true,true,true,true,true,0.0046296296296296285,0.010941315157750341,0.0061542180794446491,0.0077108286107001843,0.007732825824681936,0.0077594831106804034,0.0068001871734060674,0.0044937263236826223,0.0028468572180870596,0.0044937263236826223,0.00034870793102911488,0.00034736790944021499,1.3626628416956274e-06,0.00040251030068385446,1.4672553791485867e-06,0.00047232795869476131,1.9172010469063111e-06,0.00047232795869476131,0,4.8607843675047326e-16,1.0108744362219015,61418.316124003512
n10_linear_f1.0_d10.0,holdout,10,linear,1,0.10000000000000001,0.10000000000000001,1,0,1,10,45,5,11,true,true,true,true,true,true,0.0010000000000000002,0.0023633240740740754,0.0015225509731222467,0.0011321098548133905,0.0011328615226595851,0.0011337702496021164,0.0015916021460379993,0.0010543348028211595,0.00066586484266121767,0.0010543348028211595,3.3735767703816596e-05,3.3724415669630942e-05,1.3567314893380162e-08,4.6876924326551893e-05,1.3731852387085262e-08,4.0114077598472477e-05,1.9146986064943685e-08,4.0114077598472477e-05,0,4.8593967649564569e-16,1.0026104013189434,53.576698293013237
n10_compact_f0.1_d2.1,holdout,10,compact,1,0.10000000000000001,0.10000000000000001,1,0,0.10000000000000001,2.1000000000000001,45,9,11,true,true,true,true,true,true,0.01079796998164345,0.071022030765464039,0.025446013318562655,0.018512369982561436,0.018815695729548523,0.019340643574130692,0.04315557280424611,0.027752706254240256,0.015726502052894595,0.027752706254240256,0.014623453646214209,0.00022636585442016509,3.1935478875332168e-05,0.0003108512534776788,3.6409355907776412e-05,0.00015256590736046472,1.6888457788128513e-05,0.00015256590736046472,0,5.4406505917964568e-16,1.0670852710569656,1.1998445219991426e+28
n10_compact_f0.1_d2.5,holdout,10,compact,1,0.10000000000000001,0.10000000000000001,1,0,0.10000000000000001,2.5,45,7,11,true,true,true,true,true,true,0.006400000000000002,0.042095041722813593,0.015254218691025391,0.0092576734397482457,0.009320566409070934,0.0094677556476235117,0.022397924709711758,0.015898606227784197,0.0066603900830681136,0.015898606227784197,0.005059699788917702,0.00028225523930198814,1.9375973372174566e-05,0.00039304026511527825,2.8491741253850071e-05,0.00018998485016607806,1.8808890491390089e-05,0.00018998485016607806,0,6.5978031871588323e-16,1.0285854595390451,2934188713833223.5
n10_compact_f0.1_d3.0,holdout,10,compact,1,0.10000000000000001,0.10000000000000001,1,0,0.10000000000000001,3,45,7,11,true,true,true,true,true,true,0.003703703703703703,0.024360556552554157,0.0089733648370453195,0.0044946548704113513,0.0045087511956340637,0.0045493224251481933,0.012152837176636861,0.0091328588421798404,0.0031064416824316933,0.0091328588421798404,0.0018552351589252,5.0195394778249455e-05,1.6628045903837355e-06,7.0732509802882174e-05,2.4760956262597633e-06,4.0695599957041386e-05,1.9518822767981989e-06,4.0695599957041386e-05,0,8.6889854259439652e-16,1.0146585961160399,108613806925351.33
n10_compact_f0.1_d4.0,holdout,10,compact,1,0.10000000000000001,0.10000000000000001,1,0,0.10000000000000001,4,45,5,11,true,true,true,true,true,true,0.0015625000000000001,0.010277109795608788,0.0039350066088459376,0.0014473934897480385,0.001448996762827228,0.0014545945180338062,0.0050200277248584474,0.0039509034260037292,0.0011049593609796793,0.0039509034260037292,0.00045104274741645937,0.00044769328512487725,3.5172173921999425e-06,0.00036017411429764708,4.8912751470568442e-06,0.00020712618244282682,3.3129058141585919e-06,0.00020712618244282682,0,7.4903630431686609e-16,1.0058198103963292,297330.81448975287
n10_compact_f0.1_d6.0,holdout,10,compact,1,0.10000000000000001,0.10000000000000001,1,0,0.10000000000000001,6,45,5,11,true,true,true,true,true,true,0.00046296296296296287,0.0030450695690692696,0.0012780790959774067,0.00030139843440708678,0.00030149329639127134,0.00030186773657807912,0.0015795014512648218,0.0012758327285839486,0.00031511468582709587,0.0012758327285839486,8.7894017197048103e-05,8.7819861121865689e-05,8.6770637283496246e-08,8.0309090561504388e-05,1.1725233540086945e-07,2.8857339085166126e-05,8.873838879601544e-08,2.8857339085166126e-05,0,4.342090392293809e-16,1.0017805010896408,1045.3851306392869
n10_compact_f0.1_d10.0,holdout,10,compact,1,0.10000000000000001,0.10000000000000001,1,0,0.10000000000000001,10,45,5,11,true,true,true,true,true,true,0.00010000000000000003,0.0006577350269189624,0.0003328323930172273,4.6048787772397239e-05,4.605225150194515e-05,4.6066288609266005e-05,0.00038676874206629367,0.0003147023680897943,7.5542324168259784e-05,0.0003147023680897943,1.8889642666538975e-05,1.888905036636001e-05,8.2513264488495181e-10,1.8484976222554716e-05,1.0927680161455869e-09,2.369334594195789e-06,8.4155949288991567e-10,2.369334594195789e-06,0,4.7186873033351131e-16,1.0004383152853156,2.4783312450732362
n10_compact_f0.4_d2.1,holdout,10,compact,1,0.10000000000000001,0.10000000000000001,1,0,0.40000000000000002,2.1000000000000001,45,11,11,true,true,true,true,true,true,0.043191879926573799,0.28408812306185616,0.10178405327425062,0.29619791972098297,0.31716705926989336,0.35715495415134413,0.17195247340478328,0.11434614231288903,0.058868660952581996,0.11434614231288903,0.064363703801486094,0.00022030363996837832,2.7570405143660549e-05,0.00021563136138552419,2.9260970568177457e-05,7.4944806237098519e-05,8.3169132633119879e-06,7.4944806237098519e-05,0,9.9938137664349588e-16,1.3190564656560055,4.8973214449354043e+34
n10_compact_f0.4_d2.5,holdout,10,compact,1,0.10000000000000001,0.10000000000000001,1,0,0.40000000000000002,2.5,45,9,11,true,true,true,true,true,true,0.025600000000000008,0.16838016689125437,0.061016874764101565,0.14812277503597193,0.15218241617299924,0.16238562074081794,0.088646395396083141,0.064195811858516694,0.025066187892785721,0.064195811858516694,0.020771648222946949,8.8729909457154724e-05,6.3583825115229511e-06,0.00012237579641225391,7.053978778281788e-06,7.458868592459639e-05,4.0437434221027198e-06,7.458868592459639e-05,0,7.6885572793691201e-16,1.1228717129294747,2.2520534574339317e+26
n10_compact_f0.4_d3.0,holdout,10,compact,1,0.10000000000000001,0.10000000000000001,1,0,0.40000000000000002,3,45,7,11,true,true,true,true,true,true,0.014814814814814812,0.097442226210216629,0.035893459348181278,0.071914477926581621,0.072791555080295306,0.07549530124755803,0.047967069505519648,0.036646933229869866,0.011647717141102512,0.036646933229869866,0.0071981280362258017,0.00021609506818287284,7.1841193475055283e-06,0.00029383868860080522,1.042545317682102e-05,0.00016384885163078704,8.0288219908592273e-06,0.00016384885163078704,0,7.5133776398670492e-16,1.0608644069801827,1814624099638374.8
n10_compact_f0.4_d4.0,holdout,10,compact,1,0.10000000000000001,0.10000000000000001,1,0,0.40000000000000002,4,45,7,11,true,true,true,true,true,true,0.0062500000000000003,0.041108439182435154,0.015740026435383751,0.023158295835968616,0.023253805456336134,0.02361770441722363,0.019731118012458592,0.015810379728798236,0.0040543283135378036,0.015810379728798236,0.0015546177953398026,1.4872583061267395e-05,1.6003404784600748e-07,2.0442825426853653e-05,2.2971349636997635e-07,1.3735381048973258e-05,2.1179545090192088e-07,1.3735381048973258e-05,0,6.2202160309044395e-16,1.023635233246571,9900091604081.5312
n10_compact_f0.4_d6.0,holdout,10,compact,1,0.10000000000000001,0.10000000000000001,1,0,0.40000000000000002,6,45,5,11,true,true,true,true,true,true,0.0018518518518518515,0.012180278276277079,0.0051123163839096267,0.0048223749505133884,0.0048277424851478727,0.0048518177563861824,0.0061707247027844277,0.0051026680286189443,0.0011094171083702099,0.0051026680286189443,0.00022099806150699934,0.00022065255702859125,3.6487747770175084e-07,0.00017368701288052261,4.9147020528904226e-07,0.00011881447696370245,3.7218518901374249e-07,0.00011881447696370245,0,6.0583111371322372e-16,1.0071560884805908,16679.55010771559
n10_compact_f0.4_d10.0,holdout,10,compact,1,0.10000000000000001,0.10000000000000001,1,0,0.40000000000000002,10,45,5,11,true,true,true,true,true,true,0.00040000000000000013,0.0026309401076758496,0.0013313295720689092,0.00073678060435835582,0.00073696720970948669,0.00073786646645383465,0.0015005519713835471,0.0012585847985618118,0.00025413056461567505,0.0012585847985618118,2.8902270123397844e-05,2.8899457466826036e-05,3.3864566923882241e-09,2.6104211623455345e-05,4.4582731726473825e-09,9.7687842568198102e-06,3.5424680783317874e-09,9.7687842568198102e-06,0,5.7605573216904319e-16,1.0017553763192353,16.043431371620283
n10_compact_f0.8_d2.1,holdout,10,compact,1,0.10000000000000001,0.10000000000000001,1,0,0.80000000000000004,2.1000000000000001,45,11,11,true,true,true,true,true,true,0.086383759853147599,0.56817624612371231,0.20356810654850105,1.1847916788839319,1.3800035948298117,1.8059491788551623,0.34634458461172685,0.24045325107031987,0.10836520035540438,0.24045325107031987,0.15357617182621211,0.00098474062588368061,0.00017042179895707338,0.00074694996907002324,0.0001379907701929127,0.0003077510586299332,4.282988773549064e-05,0.0003077510586299332,0,9.2865542845983923e-16,1.8359584806783242,1.1636136037985211e+35
n10_compact_f0.8_d2.5,holdout,10,compact,1,0.10000000000000001,0.10000000000000001,1,0,0.80000000000000004,2.5,45,9,11,true,true,true,true,true,true,0.051200000000000016,0.33676033378250875,0.12203374952820338,0.59249110014388773,0.62685748606427616,0.71861925972090468,0.17705947357462087,0.130299947660203,0.047947410090001905,0.130299947660203,0.045616153802491961,0.00021815487971924805,1.6458780932202514e-05,0.00027145031450870777,1.6495549443407086e-05,0.00014534432730315712,8.6354551304047329e-06,0.00014534432730315712,0,6.3472375316906577e-16,1.2730009979663675,7.9357790306712969e+26
n10_compact_f0.8_d3.0,holdout,10,compact,1,0.10000000000000001,0.10000000000000001,1,0,0.80000000000000004,3,45,7,11,true,true,true,true,true,true,0.029629629629629624,0.19488445242043326,0.071786918696362625,0.28765791170632649,0.29485498423915402,0.31774877874901369,0.095725660351127798,0.073651506577653708,0.02270874985216461,0.073651506577653708,0.015234113348422271,0.00048074685059132312,1.6097857290844212e-05,0.00062080057294149104,2.2477543021733836e-05,0.00033062688945356819,1.6705530377416949e-05,0.00033062688945356819,0,5.407983534074928e-16,1.1283066968771391,7787165071145843
n10_compact_f0.8_d4.0,holdout,10,compact,1,0.10000000000000001,0.10000000000000001,1,0,0.80000000000000004,4,45,7,11,true,true,true,true,true,true,0.012500000000000001,0.082216878364870308,0.031480052870767529,0.092633183343874465,0.093398640229344132,0.096372596431141141,0.039345752845216755,0.031643337117649981,0.0079631045194648708,0.031643337117649981,0.0031684608366759409,3.2213362658703942e-05,3.4931162210805774e-07,4.3565027243559399e-05,4.9610217827738832e-07,2.892931907537059e-05,4.5452121948031167e-07,2.892931907537059e-05,0,6.7298691547084187e-16,1.048265908473611,40391294391935.797
n10_compact_f0.8_d6.0,holdout,10,compact,1,0.10000000000000001,0.10000000000000001,1,0,0.80000000000000004,6,45,5,11,true,true,true,true,true,true,0.003703703703703703,0.024360556552554157,0.010224632767819248,0.019289499802053554,0.019331736985820636,0.019525540128372348,0.012292118176527492,0.010203666370632141,0.0021693203639082882,0.010203666370632141,0.00041761669388633868,0.00041685926762650109,7.8575809253437686e-07,0.00030717531865328667,1.0541658117788923e-06,0.00024735803280825171,7.9647320706191866e-07,0.00024735803280825171,0,6.4134937462800906e-16,1.0144053931132939,66623.449188762577
n10_compact_f0.8_d10.0,holdout,10,compact,1,0.10000000000000001,0.10000000000000001,1,0,0.80000000000000004,10,45,5,11,true,true,true,true,true,true,0.00080000000000000026,0.0052618802153516992,0.0026626591441378214,0.0029471224174334233,0.0029485712267466884,0.0029557747234081845,0.0029854284722662492,0.0025165674448405996,0.00049256934248236397,0.0025165674448405996,4.4392067589575719e-05,4.4385599225379632e-05,7.2613808838950452e-09,3.7064038276669611e-05,9.5423304565371594e-09,2.0373640478703954e-05,7.6180407247813043e-09,2.0373640478703954e-05,0,4.7633579540713864e-16,1.0035165115845608,58.387278028386078
n10_compact_f1.0_d2.1,holdout,10,compact,1,0.10000000000000001,0.10000000000000001,1,0,1,2.1000000000000001,45,11,11,false,false,true,false,false,true,0.10797969981643449,0.71022030765464039,0.25446013318562677,1.8512369982561436,2.2691921498474907,3.2627756138165895,0.43548412185014485,0.31013490641287034,0.1284068996362169,0.31013490641287034,0.21242012598603649,0.0019299115954099244,0.00038728538373673338,0.001246542513224394,0.00026662361144753053,0.00074658568532443232,0.00013124845377658818,0.00074658568532443232,0,9.9263225236888373e-16,2.236483305457277,2.9447143969673402e+35
n10_compact_f1.0_d2.5,holdout,10,compact,1,0.10000000000000001,0.10000000000000001,1,0,1,2.5,45,9,11,true,true,true,true,true,true,0.064000000000000015,0.42095041722813592,0.15254218691025384,0.92576734397482452,0.99510295279251326,1.1861476193509504,0.22139758753935271,0.16425246265986149,0.05860529001928913,0.16425246265986149,0.060120649519546342,0.0003061752227498239,2.3716752883346017e-05,0.00035881575889795133,2.2437613837968599e-05,0.00017836094914245961,1.1365040022275711e-05,0.00017836094914245961,0,9.9152090879406441e-16,1.3614663495397623,5.961373879067912e+26
n10_compact_f1.0_d3.0,holdout,10,compact,1,0.10000000000000001,0.10000000000000001,1,0,1,3,45,7,11,true,true,true,true,true,true,0.037037037037037028,0.24360556552554158,0.089733648370453098,0.44946548704113509,0.46375457694131877,0.50981945802840489,0.11963559306181915,0.092317781649583736,0.028100054150335334,0.092317781649583736,0.019709651805589055,0.00063634040235779042,2.1413204874663526e-05,0.00079923370131778954,2.9269431056641709e-05,0.00041530285084448671,2.1323732753368039e-05,0.00041530285084448671,0,5.8131246073623651e-16,1.1648848922092512,12485819957055136
n10_compact_f1.0_d4.0,holdout,10,compact,1,0.10000000000000001,0.10000000000000001,1,0,1,4,45,7,11,true,true,true,true,true,true,0.015625,0.10277109795608788,0.039350066088459458,0.14473934897480384,0.14624292199324634,0.15211501450566522,0.049157706283806633,0.039570726302927364,0.0099098950643334658,0.039570726302927364,0.0040421288669443148,4.2010034103327339e-05,4.5765175915018736e-07,5.6337270102889863e-05,6.4639096816776983e-07,3.717960544462242e-05,5.9017626510807427e-07,3.717960544462242e-05,0,1.129111702567876e-15,1.060982096770791,63761645973302.812
n10_compact_f1.0_d6.0,holdout,10,compact,1,0.10000000000000001,0.10000000000000001,1,0,1,6,45,5,11,true,true,true,true,true,true,0.0046296296296296285,0.030450695690692697,0.012780790959774089,0.03013984344070867,0.030222235281693297,0.030601943903768788,0.015353153612318281,0.012753600534677126,0.0027000322978214886,0.012753600534677126,0.00052329521412319477,0.00052230742998177844,1.0215601414081793e-06,0.00037817834744118976,1.3677842867663965e-06,0.00031569168206966534,1.0320408853987952e-06,0.00031569168206966534,0,3.7445828830787811e-16,1.0180663515375858,104028.59971265403
n10_compact_f1.0_d10.0,holdout,10,compact,1,0.10000000000000001,0.10000000000000001,1,0,1,10,45,5,11,true,true,true,true,true,true,0.0010000000000000002,0.0065773502691896238,0.0033283239301722723,0.0046048787772397229,0.0046076932876101036,0.0046217718708074108,0.0037278216968895739,0.0031453313142334851,0.00061196333165447231,0.0031453313142334851,5.2858971492973118e-05,5.2850430051953078e-05,9.4311179835934762e-09,4.292422295251881e-05,1.238623891345641e-08,2.6024264607563613e-05,9.8956511339202692e-09,2.6024264607563613e-05,0,4.5318874736926711e-16,1.0043993083900962,90.106214572078599
n10_irregular_f0.1_d2.1,holdout,10,irregular,1,0.10000000000000001,0.10000000000000001,1,0,0.10000000000000001,2.1000000000000001,45,9,11,true,true,true,true,true,true,0.01079796998164345,0.039421616809316835,0.014383276186325298,0.0089178618367262517,0.0090006983114926248,0.009127079797321842,0.023690004855779555,0.014254845599757256,0.010446176486879807,0.014254845599757256,0.0077209356853524536,0.00018509535942481839,2.0853630713662526e-05,0.00017988891590282874,2.0924203518083305e-05,1.5790033537020454e-05,7.8056900347148151e-07,1.5790033537020454e-05,0,7.8193214889798141e-16,1.05083642925791,8.6087242068123511e+25
n10_irregular_f0.1_d2.5,holdout,10,irregular,1,0.10000000000000001,0.10000000000000001,1,0,0.10000000000000001,2.5,45,7,11,true,true,true,true,true,true,0.006400000000000002,0.023365349969349327,0.0086604508942742953,0.0044673432563901916,0.0044858177574800861,0.0045228931769200603,0.01256865898819445,0.0084391965775954605,0.0045470993614956344,0.0084391965775954605,0.0027027521831186926,0.00022524918181008891,1.6682370207039761e-05,0.00023169267101499439,1.6312217313446988e-05,4.3759113389060483e-05,1.6952746360906603e-06,4.3759113389060483e-05,0,5.6674053118022241e-16,1.0179269922648433,521317570916928.5
n10_irregular_f0.1_d3.0,holdout,10,irregular,1,0.10000000000000001,0.10000000000000001,1,0,0.10000000000000001,3,45,5,11,true,true,true,true,true,true,0.003703703703703703,0.013521614565595674,0.0051251981815163853,0.0021747088525539146,0.0021790668292003294,0.0021896121338568064,0.0069430662086630646,0.0049609780106773058,0.0021702692552179833,0.0049609780106773058,0.0010166558164304933,0.00098202416951305741,4.0165511399419962e-05,0.00088631029162449155,4.1466680448609092e-05,0.00035847824950440191,8.8527341838495469e-06,0.00035847824950440191,0,7.0137246721579693e-16,1.0090167065801998,3401298.1420614868
n10_irregular_f0.1_d4.0,holdout,10,irregular,1,0.10000000000000001,0.10000000000000001,1,0,0.10000000000000001,4,45,5,11,true,true,true,true,true,true,0.0015625000000000001,0.0057044311448606758,0.0022760019734953162,0.0007053193136371032,0.00070584292461940256,0.00070735240191577178,0.002928480353293691,0.0021998597138432325,0.00079260912585342783,0.0021998597138432325,0.00026516833713182303,0.0002628572298817887,2.7488741250671385e-06,0.00024595999587870228,2.8441171750872678e-06,8.9525395908086975e-05,6.8632592546489786e-07,8.9525395908086975e-05,0,5.8990751801299507e-16,1.0036138727070856,61124.282861438965
n10_irregular_f0.1_d6.0,holdout,10,irregular,1,0.10000000000000001,0.10000000000000001,1,0,0.10000000000000001,6,45,5,11,true,true,true,true,true,true,0.00046296296296296287,0.0016902018206994592,0.00075549625083801944,0.00014996822360766171,0.00015000076080076208,0.00015010648310247873,0.00093829067362767246,0.00072652138156472322,0.00022943478995465135,0.00072652138156472322,5.8733303596245394e-05,5.8681502886207695e-05,6.4564063272208872e-08,5.7480985245661049e-05,6.6839524615019349e-08,1.2361510454818147e-05,1.7687346094754157e-08,1.2361510454818147e-05,0,4.528981235331067e-16,1.0011245528613042,216.76975993588948
n10_irregular_f0.1_d10.0,holdout,10,irregular,1,0.10000000000000001,0.10000000000000001,1,0,0.10000000000000001,10,45,5,11,true,true,true,true,true,true,0.00010000000000000003,0.00036508359327108323,0.00019957140853693568,2.3829301486455679e-05,2.3830520226834664e-05,2.3834326134985757e-05,0.00021606978101335931,0.00016666817414528743,5.434909914790672e-05,0.00016666817414528743,1.3638276747730363e-05,1.3637833686187308e-05,5.8147438845098061e-10,1.3544182086950538e-05,6.0319092442619913e-10,1.0189182793178015e-06,1.6462173583722524e-10,1.0189182793178015e-06,0,5.0142548818140185e-16,1.0002731968150298,1.5287205535839634
n10_irregular_f0.4_d2.1,holdout,10,irregular,1,0.10000000000000001,0.10000000000000001,1,0,0.40000000000000002,2.1000000000000001,45,11,11,true,true,true,true,true,true,0.043191879926573799,0.15768646723726734,0.05753310474530119,0.14268578938762003,0.14824581290964453,0.15704673795062263,0.09473437433221063,0.057649881207436492,0.041259338282305255,0.057649881207436492,0.032990576020644445,0.00013881865204922977,1.9137745152889736e-05,0.00013290701346780403,1.8053957704102981e-05,6.7545313223280103e-06,1.0986446312080361e-06,6.7545313223280103e-06,0,8.409237423516961e-16,1.239195296109262,4.8973214449354043e+34
n10_irregular_f0.4_d2.5,holdout,10,irregular,1,0.10000000000000001,0.10000000000000001,1,0,0.40000000000000002,2.5,45,7,11,true,true,true,true,true,true,0.025600000000000008,0.093461399877397308,0.034641803577097181,0.071477492102243065,0.07264877866269856,0.075123274214252606,0.049684739874729184,0.033888275417217402,0.017480189225890549,0.033888275417217402,0.010755795075539381,0.00098997161813389051,7.5797480667823773e-05,0.00099149092746964192,7.2262468116998839e-05,0.00017458707183010737,7.6887236354624563e-06,0.00017458707183010737,0,6.2104725114060255e-16,1.0751644481115443,8792849835633992
n10_irregular_f0.4_d3.0,holdout,10,irregular,1,0.10000000000000001,0.10000000000000001,1,0,0.40000000000000002,3,45,7,11,true,true,true,true,true,true,0.014814814814814812,0.054086458262382696,0.020500792726065541,0.034795341640862634,0.035062507421883118,0.035752501589066843,0.027316032658867742,0.019869128983648957,0.0081974040993659236,0.019869128983648957,0.0037847047574018867,0.00017200818658039409,6.2271348373918503e-06,0.00017490536770304701,6.0226686629561757e-06,3.6238475761037907e-05,7.0572008644564202e-07,3.6238475761037907e-05,0,6.6685127165461509e-16,1.0369545537294269,315609491855802.5
n10_irregular_f0.4_d4.0,holdout,10,irregular,1,0.10000000000000001,0.10000000000000001,1,0,0.40000000000000002,4,45,5,11,true,true,true,true,true,true,0.0062500000000000003,0.022817724579442703,0.0091040078939812648,0.011285109018193651,0.011315863784546496,0.011413328622580279,0.011451080165820166,0.0088003411367147105,0.0028995859280785048,0.0088003411367147105,0.00083932838521830655,0.00082949254507655803,1.1633739601868673e-05,0.0007313712887317479,1.1957960130897636e-05,0.00036821499695905861,2.8599832839908026e-06,0.00036821499695905861,0,5.559036962044806e-16,1.014595658255506,978095.43925835507
n10_irregular_f0.4_d6.0,holdout,10,irregular,1,0.10000000000000001,0.10000000000000001,1,0,0.40000000000000002,6,45,5,11,true,true,true,true,true,true,0.0018518518518518515,0.006760807282797837,0.0030219850033520778,0.0023994915777225873,0.0024013104722583199,0.0024080946447458526,0.0036423397070073165,0.0029056761733637902,0.00080252154672031013,0.0029056761733637902,0.00012760168168374396,0.00012737672024504501,2.7167386978216018e-07,0.00011675607603378911,2.8059828640445817e-07,5.0928113385575686e-05,7.4293331101437276e-08,5.0928113385575686e-05,0,5.7927526344279536e-16,1.0045121301890556,3438.1235145773271
n10_irregular_f0.4_d10.0,holdout,10,irregular,1,0.10000000000000001,0.10000000000000001,1,0,0.40000000000000002,10,45,5,11,true,true,true,true,true,true,0.00040000000000000013,0.0014603343730843329,0.0007982856341477427,0.00038126882378329086,0.00038133372769702729,0.00038157741040848375,0.0008302455411821494,0.00066653462658554797,0.00018150107149071879,0.00066653462658554797,1.9039624752265606e-05,1.9037757575010652e-05,2.3723744194379039e-09,1.8327780041940761e-05,2.4540611294350881e-09,4.2019400872569659e-06,6.9325249141242391e-10,4.2019400872569659e-06,0,4.5481312592755874e-16,1.0010936437382076,4.7135723313031512
n10_irregular_f0.8_d2.1,holdout,10,irregular,1,0.10000000000000001,0.10000000000000001,1,0,0.80000000000000004,2.1000000000000001,45,11,11,true,true,true,true,true,true,0.086383759853147599,0.31537293447453468,0.11506620949060252,0.57074315755048011,0.6206716218499484,0.70067531146424578,0.19289631042201869,0.11735028622474686,0.084268496845678664,0.11735028622474686,0.076082593654267297,0.00058249312876327826,0.00010884668556237207,0.00052196554266448029,9.6610918592408856e-05,6.1717722476358272e-05,1.2423519690756125e-05,6.1717722476358272e-05,0,7.3316511817383131e-16,1.5939511029531848,4.9838050029433778e+34
n10_irregular_f0.8_d2.5,holdout,10,irregular,1,0.10000000000000001,0.10000000000000001,1,0,0.80000000000000004,2.5,45,9,11,true,true,true,true,true,true,0.051200000000000016,0.18692279975479462,0.069283607154194377,0.28590996840897226,0.29569148250444588,0.31669764026650848,0.09957034988577329,0.06818100504854846,0.034797632198292634,0.06818100504854846,0.023122781749447905,0.00018254783235442882,1.0690124674840667e-05,0.00016800328625955833,1.0148621130535293e-05,2.0440975348334722e-05,6.5562177116634913e-07,2.0440975348334722e-05,0,7.8769539245805745e-16,1.1610565070548082,2.4793905442338044e+25
n10_irregular_f0.8_d3.0,holdout,10,irregular,1,0.10000000000000001,0.10000000000000001,1,0,0.80000000000000004,3,45,7,11,true,true,true,true,true,true,0.029629629629629624,0.10817291652476539,0.041001585452131062,0.13918136656345054,0.14135560954185142,0.14704648926627167,0.054571481672475643,0.039816051039501303,0.016266369272309972,0.039816051039501303,0.0078940987029171121,0.00037917851507396474,1.4010284047653257e-05,0.0003776364785390106,1.3280703246254448e-05,7.5490907664648341e-05,1.6139821591039588e-06,7.5490907664648341e-05,0,6.0111472738945343e-16,1.0764204539539484,1293864936031301
n10_irregular_f0.8_d4.0,holdout,10,irregular,1,0.10000000000000001,0.10000000000000001,1,0,0.80000000000000004,4,45,7,11,true,true,true,true,true,true,0.012500000000000001,0.045635449158885406,0.018208015787962523,0.045140436072774605,0.04538563369642877,0.046174737137612172,0.022829957844436612,0.01760377672116626,0.0057241370556501215,0.01760377672116626,0.0016788472162279347,2.5218154682321769e-05,2.9235643706126102e-07,2.5693052744936683e-05,2.8348234161184823e-07,6.0718761747875564e-06,3.7222940666294912e-08,6.0718761747875564e-06,0,5.0590839602918409e-16,1.0295819626546698,7091485868741.0166
n10_irregular_f0.8_d6.0,holdout,10,irregular,1,0.10000000000000001,0.10000000000000001,1,0,0.80000000000000004,6,45,5,11,true,true,true,true,true,true,0.003703703703703703,0.013521614565595674,0.0060439700067041555,0.0095979663108903494,0.0096122300386682017,0.0096666962634395556,0.0072492440437523058,0.0058102515804292071,0.0015694210048025361,0.0058102515804292071,0.0002297780634917422,0.00022929305323951164,5.8580382034936356e-07,0.00020233413673664924,6.0330401774563291e-07,0.00010610909032174673,1.5931735463033384e-07,0.00010610909032174673,0,5.1392847899496165e-16,1.0090624248788365,13746.127776655787
n10_irregular_f0.8_d10.0,holdout,10,irregular,1,0.10000000000000001,0.10000000000000001,1,0,0.80000000000000004,10,45,5,11,true,true,true,true,true,true,0.00080000000000000026,0.0029206687461686659,0.001596571268295488,0.0015250752951331634,0.0015255778546148175,0.001527528434305039,0.0016491699739827556,0.0013326988528649362,0.00035138657119019657,0.0013326988528649362,2.72439842974677e-05,2.723991430299422e-05,5.0838383825846395e-09,2.5265221079866256e-05,5.2530666440025995e-09,8.7661127015032511e-06,1.4916871604514992e-09,8.7661127015032511e-06,0,4.7552741865989318e-16,1.0021896394866188,13.62920010952589
n10_irregular_f1.0_d2.1,holdout,10,irregular,1,0.10000000000000001,0.10000000000000001,1,0,1,2.1000000000000001,45,11,11,false,true,true,false,false,true,0.10797969981643449,0.3942161680931684,0.14383276186325281,0.89178618367262519,0.99650125694119951,1.1645279913959581,0.24429132325406153,0.1482215246738828,0.10726349576572917,0.1482215246738828,0.10332638112381404,0.0010951783678885129,0.00023650133997409569,0.00094723170490706933,0.00020301965693451647,0.00015063811918639657,3.4069496101217624e-05,0.00015063811918639657,0,1.1578433804113534e-15,1.8455830883642637,7.5531900652932936e+34
n10_irregular_f1.0_d2.5,holdout,10,irregular,1,0.10000000000000001,0.10000000000000001,1,0,1,2.5,45,9,11,true,true,true,true,true,true,0.064000000000000015,0.23365349969349322,0.086604508942742978,0.4467343256390191,0.4663341408850965,0.50866727213213114,0.12473835282248626,0.085512081848647364,0.043515435703293324,0.085512081848647364,0.030126619134520333,0.00025237810077260704,1.522853012596331e-05,0.00022804704293594624,1.4184160517379748e-05,3.0583402905410744e-05,1.1522106301064824e-06,3.0583402905410744e-05,0,7.6978262117486492e-16,1.2088031873660194,2.811974439922435e+25
n10_irregular_f1.0_d3.0,holdout,10,irregular,1,0.10000000000000001,0.10000000000000001,1,0,1,3,45,7,11,true,true,true,true,true,true,0.037037037037037028,0.13521614565595672,0.05125198181516364,0.21747088525539149,0.22177150769606746,0.23306251421312785,0.068253012031450858,0.049824597348174952,0.02032543206172906,0.049824597348174952,0.010152560965695801,0.00049910497058929134,1.8653446483219065e-05,0.00049181489718962861,1.7501582557178496e-05,9.6828279163544144e-05,2.1906561194252019e-06,9.6828279163544144e-05,0,6.2414710572957379e-16,1.0972103142106777,2050972552965442.2
n10_irregular_f1.0_d4.0,holdout,10,irregular,1,0.10000000000000001,0.10000000000000001,1,0,1,4,45,7,11,true,true,true,true,true,true,0.015625,0.057044311448606763,0.022760019734953101,0.070531931363710304,0.07101258105250928,0.072563169113937009,0.028528171772583159,0.02200709122092831,0.0071449299594927157,0.02200709122092831,0.0021321496642131626,3.2894867477493322e-05,3.8425211003519739e-07,3.3365395611053204e-05,3.7096111696666768e-07,7.839079287674522e-06,4.8939670058511918e-08,7.839079287674522e-06,0,7.3457879610313749e-16,1.0372311157472422,11107878814768.369
n10_irregular_f1.0_d6.0,holdout,10,irregular,1,0.10000000000000001,0.10000000000000001,1,0,1,6,45,5,11,true,true,true,true,true,true,0.0046296296296296285,0.016902018206994589,0.0075549625083801628,0.014996822360766169,0.015024615648215792,0.015131184573571595,0.0090535562802437769,0.0072621219767855455,0.0019543271993280537,0.0072621219767855455,0.00028479152234418093,0.00028416103104392086,7.6210296717257549e-07,0.00024805496583094945,7.8374304438009776e-07,0.00013547127598982305,2.0666221391993584e-07,0.00013547127598982305,0,4.9260720769317965e-16,1.0113524996557102,21477.651013779581
n10_irregular_f1.0_d10.0,holdout,10,irregular,1,0.10000000000000001,0.10000000000000001,1,0,1,10,45,5,11,true,true,true,true,true,true,0.0010000000000000002,0.0036508359327108316,0.0019957140853693552,0.0023829301486455673,0.0023839057780940232,0.0023877165980754462,0.0020586498659468217,0.0016656408040736641,0.00043650132610052609,0.0016656408040736641,3.1722796181324888e-05,3.171749335486737e-05,6.6031946659730525e-09,2.8989667626250223e-05,6.8200821668031862e-09,1.1199065265931508e-05,1.9382310409793325e-09,1.1199065265931508e-05,0,5.6753503156282216e-16,1.0027385595027527,20.235629144425683
