case_id,particle_index,x,y,z,a_x,a_y,b_l_x,b_l_y,d_x,d_y,collective_x,collective_y
n2_pair_f0.1_d2.1,0,-1.05,0,0,0.0097642527555988623,0,0.0099473423041284079,0,0.0099473423041284079,9.4510893648726439e-21,0,9.4510893648726439e-21
n2_pair_f0.1_d2.1,1,1.05,0,0,-0.0097642527555988623,0,-0.0099473423041284079,0,-0.0099473423041284096,1.2250015226896646e-18,-1.7347234759768071e-18,1.2250015226896646e-18
n2_pair_f0.1_d2.5,0,-1.25,0,0,0.0048765290365825652,0,0.0049143327407276506,0,0.0049143327407276506,4.7145805416418063e-22,0,4.7145805416418063e-22
n2_pair_f0.1_d2.5,1,1.25,0,0,-0.0048765290365825652,0,-0.0049143327407276506,0,-0.0049143327407276506,6.0278653260089123e-19,0,6.0278653260089123e-19
n2_pair_f0.1_d3.0,0,-1.5,0,0,0.0023627859156558156,0,0.0023712253450265787,0,0.0023712253450265787,1.3156968953418996e-22,0,1.3156968953418996e-22
n2_pair_f0.1_d3.0,1,1.5,0,0,-0.0023627859156558156,0,-0.0023712253450265787,0,-0.0023712253450265787,2.9051683863228594e-19,0,2.9051683863228594e-19
n2_pair_f0.1_d4.0,0,-2,0,0,0.00075671032566280343,0,0.00075766484519006519,0,0.00075766484519006519,0,0,0
n2_pair_f0.1_d4.0,1,2,0,0,-0.00075671032566280343,0,-0.00075766484519006519,0,-0.00075766484519006519,9.2789523543987457e-20,0,9.2789523543987457e-20
n2_pair_f0.1_d6.0,0,-3,0,0,0.00015490972665714239,0,0.00015496581222251959,0,0.00015496581222251959,0,0,0
n2_pair_f0.1_d6.0,1,3,0,0,-0.00015490972665714239,0,-0.00015496581222251959,0,-0.00015496581222251954,1.8967963574512383e-20,5.4210108624275222e-20,1.8967963574512383e-20
n2_pair_f0.1_d10.0,0,-5,0,0,2.2650993403820638e-05,0,2.2653048702590407e-05,0,2.2653048702590407e-05,0,0,0
n2_pair_f0.1_d10.0,1,5,0,0,-2.2650993403820638e-05,0,-2.2653048702590407e-05,0,-2.2653048702590407e-05,2.7410351986289572e-21,0,2.7410351986289572e-21
n2_pair_f0.4_d2.1,0,-1.05,0,0,0.1562280440895818,0,0.1689024822865498,0,0.1689024822865498,5.5294354854902231e-19,0,5.5294354854902231e-19
n2_pair_f0.4_d2.1,1,1.05,0,0,-0.1562280440895818,0,-0.1689024822865498,0,-0.16890248228654978,2.1292536849202451e-17,2.7755575615628914e-17,2.1292536849202451e-17
n2_pair_f0.4_d2.5,0,-1.25,0,0,0.078024464585321043,0,0.080468046415533123,0,0.080468046415533123,5.1926170802826966e-20,0,5.1926170802826966e-20
n2_pair_f0.4_d2.5,1,1.25,0,0,-0.078024464585321043,0,-0.080468046415533123,0,-0.080468046415533151,9.9207054433833476e-18,-2.7755575615628914e-17,9.9207054433833476e-18
n2_pair_f0.4_d3.0,0,-1.5,0,0,0.037804574650493049,0,0.038330497440135301,0,0.038330497440135301,1.1578132679008716e-20,0,1.1578132679008716e-20
n2_pair_f0.4_d3.0,1,1.5,0,0,-0.037804574650493049,0,-0.038330497440135301,0,-0.038330497440135287,4.7031778352155093e-18,1.3877787807814457e-17,4.7031778352155093e-18
n2_pair_f0.4_d4.0,0,-2,0,0,0.012107365210604855,0,0.01216432795276451,0,0.01216432795276451,7.0170501084901304e-22,0,7.0170501084901304e-22
n2_pair_f0.4_d4.0,1,2,0,0,-0.012107365210604855,0,-0.01216432795276451,0,-0.012164327952764507,1.4900705905378793e-18,3.4694469519536142e-18,1.4900705905378793e-18
n2_pair_f0.4_d6.0,0,-3,0,0,0.0024785556265142783,0,0.0024817346168216391,0,0.0024817346168216391,0,0,0
n2_pair_f0.4_d6.0,1,3,0,0,-0.0024785556265142783,0,-0.0024817346168216391,0,-0.0024817346168216391,3.0383826969762264e-19,0,3.0383826969762264e-19
n2_pair_f0.4_d10.0,0,-5,0,0,0.00036241589446113021,0,0.00036252701616733106,0,0.00036252701616733106,0,0,0
n2_pair_f0.4_d10.0,1,5,0,0,-0.00036241589446113021,0,-0.00036252701616733106,0,-0.00036252701616733106,4.3856563178063314e-20,0,4.3856563178063314e-20
n2_pair_f0.8_d2.1,0,-1.05,0,0,0.62491217635832719,0,0.74306796272687115,0,0.74306796272687115,3.7835934184978785e-18,0,3.7835934184978785e-18
n2_pair_f0.8_d2.1,1,1.05,0,0,-0.62491217635832719,0,-0.74306796272687115,0,-0.74306796272687115,9.8059065036084488e-17,0,9.8059065036084488e-17
n2_pair_f0.8_d2.5,0,-1.25,0,0,0.31209785834128417,0,0.33279967563319529,0,0.33279967563319529,7.4661413154334985e-19,0,7.4661413154334985e-19
n2_pair_f0.8_d2.5,1,1.25,0,0,-0.31209785834128417,0,-0.33279967563319529,0,-0.33279967563319524,4.1333231959050265e-17,5.5511151231257827e-17,4.1333231959050265e-17
n2_pair_f0.8_d3.0,0,-1.5,0,0,0.1512182986019722,0,0.15553669853516797,0,0.15553669853516797,8.4204601301881554e-20,0,8.4204601301881554e-20
n2_pair_f0.8_d3.0,1,1.5,0,0,-0.1512182986019722,0,-0.15553669853516797,0,-0.15553669853516799,1.9125671775700699e-17,-2.7755575615628914e-17,1.9125671775700699e-17
n2_pair_f0.8_d4.0,0,-2,0,0,0.04842946084241942,0,0.048886241294638012,0,0.048886241294638012,5.6136400867921043e-21,0,5.6136400867921043e-21
n2_pair_f0.8_d4.0,1,2,0,0,-0.04842946084241942,0,-0.048886241294638012,0,-0.048886241294638012,5.9911573826288735e-18,0,5.9911573826288735e-18
n2_pair_f0.8_d6.0,0,-3,0,0,0.0099142225060571132,0,0.0099392494611581662,0,0.0099392494611581662,0,0,0
n2_pair_f0.8_d6.0,1,3,0,0,-0.0099142225060571132,0,-0.0099392494611581662,0,-0.0099392494611581644,1.2181598988338866e-18,1.7347234759768071e-18,1.2181598988338866e-18
n2_pair_f0.8_d10.0,0,-5,0,0,0.0014496635778445208,0,0.0014505269737768896,0,0.0014505269737768896,0,0,0
n2_pair_f0.8_d10.0,1,5,0,0,-0.0014496635778445208,0,-0.0014505269737768896,0,-0.0014505269737768896,1.7682966273395129e-19,0,1.7682966273395129e-19
n2_pair_f1.0_d2.1,0,-1.05,0,0,0.97642527555988634,0,1.2295999113479104,0,1.2295999113479104,1.723387506645176e-17,0,1.723387506645176e-17
n2_pair_f1.0_d2.1,1,1.05,0,0,-0.97642527555988634,0,-1.2295999113479104,0,-1.2295999113479106,1.6344113112695211e-16,-2.2204460492503131e-16,1.6344113112695211e-16
n2_pair_f1.0_d2.5,0,-1.25,0,0,0.48765290365825653,0,0.52943420501043814,0,0.52943420501043814,9.2625061432069714e-19,0,9.2625061432069714e-19
n2_pair_f1.0_d2.5,1,1.25,0,0,-0.48765290365825653,0,-0.52943420501043814,0,-0.52943420501043814,6.6016407420675147e-17,0,6.6016407420675147e-17
n2_pair_f1.0_d3.0,0,-1.5,0,0,0.23627859156558151,0,0.24485490210142244,0,0.24485490210142244,9.8238701518861817e-20,0,9.8238701518861817e-20
n2_pair_f1.0_d3.0,1,1.5,0,0,-0.23627859156558151,0,-0.24485490210142244,0,-0.24485490210142244,3.0145247266073596e-17,0,3.0145247266073596e-17
n2_pair_f1.0_d4.0,0,-2,0,0,0.075671032566280341,0,0.076568457704158793,0,0.076568457704158793,5.2627875813675971e-21,0,5.2627875813675971e-21
n2_pair_f1.0_d4.0,1,2,0,0,-0.075671032566280341,0,-0.076568457704158793,0,-0.076568457704158793,9.3870587826326716e-18,0,9.3870587826326716e-18
n2_pair_f1.0_d6.0,0,-3,0,0,0.015490972665714239,0,0.015539799386186257,0,0.015539799386186257,0,0,0
n2_pair_f1.0_d6.0,1,3,0,0,-0.015490972665714239,0,-0.015539799386186257,0,-0.015539799386186257,1.9033748419279479e-18,0,1.9033748419279479e-18
n2_pair_f1.0_d10.0,0,-5,0,0,0.0022650993403820633,0,0.0022667768771430395,0,0.0022667768771430395,0,0,0
n2_pair_f1.0_d10.0,1,5,0,0,-0.0022650993403820633,0,-0.0022667768771430395,0,-0.0022667768771430395,2.7366495423111509e-19,0,2.7366495423111509e-19
n3_linear_f0.1_d2.1,0,-2.1000000000000001,0,0,0.010388589413767472,0,0.010572349319434737,0,0.010598259415294034,6.8416238557778772e-21,2.5910095859296711e-05,6.8416238557778772e-21
n3_linear_f0.1_d2.1,1,0,0,0,0,0,0,0,0,1.2370620775636321e-18,0,1.2370620775636321e-18
n3_linear_f0.1_d2.1,2,2.1000000000000001,0,0,-0.010388589413767472,0,-0.010572349319434737,0,-0.010598259415294034,1.307101008958999e-18,-2.5910095859296711e-05,1.307101008958999e-18
n3_linear_f0.1_d2.5,0,-2.5,0,0,0.005191441314366726,0,0.0052294402656105927,0,0.0052388400939400517,4.8242219495869652e-22,9.3998283294590562e-06,4.8242219495869652e-22
n3_linear_f0.1_d2.5,1,0,0,0,0,0,0,0,0,6.045627234096028e-19,0,6.045627234096028e-19
n3_linear_f0.1_d2.5,2,2.5,0,0,-0.005191441314366726,0,-0.0052294402656105927,0,-0.0052388400939400517,6.4201622836366889e-19,-9.3998283294590562e-06,6.4201622836366889e-19
n3_linear_f0.1_d3.0,0,-3,0,0,0.0025176956423129579,0,0.0025261911572963341,0,0.0025293547401339079,8.771312635612663e-23,3.163582837573814e-06,8.771312635612663e-23
n3_linear_f0.1_d3.0,1,0,0,0,0,0,0,0,0,2.9068130074420369e-19,0,2.9068130074420369e-19
n3_linear_f0.1_d3.0,2,3,0,0,-0.0025176956423129579,0,-0.0025261911572963341,0,-0.0025293547401339079,3.0989047541619538e-19,-3.163582837573814e-06,3.0989047541619538e-19
n3_linear_f0.1_d4.0,0,-4,0,0,0.00080834231582264417,0,0.00080930528115984428,0,0.00080983761501127519,0,5.323338514309035e-07,0
n3_linear_f0.1_d4.0,1,0,0,0,0,0,0,0,1.7963648277734734e-19,9.2833380107165527e-20,1.7963648277734734e-19,9.2833380107165527e-20
n3_linear_f0.1_d4.0,2,4,0,0,-0.00080834231582264417,0,-0.00080930528115984428,0,-0.00080983761501127519,9.9247402471957286e-20,-5.323338514309035e-07,9.9247402471957286e-20
n3_linear_f0.1_d6.0,0,-6,0,0,0.00016678953688082911,0,0.00016684628776392972,0,0.00016688678054148067,0,4.0492777550948586e-08,0
n3_linear_f0.1_d6.0,1,0,0,0,0,0,0,0,4.4909120694336834e-20,1.9011820137690447e-20,4.4909120694336834e-20,1.9011820137690447e-20
n3_linear_f0.1_d6.0,2,6,0,0,-0.00016678953688082911,0,-0.00016684628776392972,0,-0.00016688678054148067,2.0437158440977504e-20,-4.0492777550948586e-08,2.0437158440977504e-20
n3_linear_f0.1_d10.0,0,-10,0,0,2.4956895471417279e-05,0,2.4958972592158951e-05,0,2.4960626068528666e-05,0,1.6534763697151919e-09,0
n3_linear_f0.1_d10.0,1,0,0,0,0,0,0,0,0,2.7410351986289572e-21,0,2.7410351986289572e-21
n3_linear_f0.1_d10.0,2,10,0,0,-2.4956895471417279e-05,0,-2.4958972592158951e-05,0,-2.4960626068528666e-05,3.0699594224644318e-21,-1.6534763697151919e-09,3.0699594224644318e-21
n3_linear_f0.4_d2.1,0,-2.1000000000000001,0,0,0.16621743062027955,0,0.17893160507625958,0,0.18066532195369192,6.0346630933015118e-19,0.0017337168774323453,6.0346630933015118e-19
n3_linear_f0.4_d2.1,1,0,0,0,0,0,0,0,-4.5986939591000918e-17,2.1547957473151493e-17,-4.5986939591000918e-17,2.1547957473151493e-17
n3_linear_f0.4_d2.1,2,2.1000000000000001,0,0,-0.16621743062027955,0,-0.17893160507625958,0,-0.18066532195369195,2.2474208087472191e-17,-0.001733716877432373,2.2474208087472191e-17
n3_linear_f0.4_d2.5,0,-2.5,0,0,0.083063061029867616,0,0.085517955394765463,0,0.086123093698910677,4.7715940737732892e-20,0.00060513830414521408,4.7715940737732892e-20
n3_linear_f0.4_d2.5,1,0,0,0,0,0,0,0,3.4490204693250692e-17,1.0042100410260225e-17,3.4490204693250692e-17,1.0042100410260225e-17
n3_linear_f0.4_d2.5,2,2.5,0,0,-0.083063061029867616,0,-0.085517955394765463,0,-0.086123093698910677,1.0605569533971982e-17,-0.00060513830414521408,1.0605569533971982e-17
n3_linear_f0.4_d3.0,0,-3,0,0,0.040283130277007327,0,0.040812232060173967,0,0.041014244899610697,4.2102300650940786e-21,0.00020201283943672987,4.2102300650940786e-21
n3_linear_f0.4_d3.0,1,0,0,0,0,0,0,0,0,4.7266849530789517e-18,0,4.7266849530789517e-18
n3_linear_f0.4_d3.0,2,3,0,0,-0.040283130277007327,0,-0.040812232060173967,0,-0.041014244899610697,5.0214010576355371e-18,-0.00020201283943672987,5.0214010576355371e-18
n3_linear_f0.4_d4.0,0,-4,0,0,0.012933477053162307,0,0.012990904570328895,0,0.013024845850384345,7.0170501084901304e-22,3.394128005545019e-05,7.0170501084901304e-22
n3_linear_f0.4_d4.0,1,0,0,0,0,0,0,0,1.4370918622187787e-18,1.4918248530650019e-18,1.4370918622187787e-18,1.4918248530650019e-18
n3_linear_f0.4_d4.0,2,4,0,0,-0.012933477053162307,0,-0.012990904570328895,0,-0.013024845850384345,1.5970806046923537e-18,-3.394128005545019e-05,1.5970806046923537e-18
n3_linear_f0.4_d6.0,0,-6,0,0,0.0026686325900932657,0,0.0026718471237472999,0,0.0026744332197216661,0,2.5860959743662093e-06,0
n3_linear_f0.4_d6.0,1,0,0,0,0,0,0,0,-3.5927296555469468e-19,3.0383826969762264e-19,-3.5927296555469468e-19,3.0383826969762264e-19
n3_linear_f0.4_d6.0,2,6,0,0,-0.0026686325900932657,0,-0.0026718471237472999,0,-0.0026744332197216661,3.2769624006648909e-19,-2.5860959743662093e-06,3.2769624006648909e-19
n3_linear_f0.4_d10.0,0,-10,0,0,0.00039931032754267646,0,0.00039942246190169135,0,0.00039952820135797794,0,1.0573945628659411e-07,0
n3_linear_f0.4_d10.0,1,0,0,0,0,0,0,0,-8.9818241388673669e-20,4.4207415683487823e-20,-8.9818241388673669e-20,4.4207415683487823e-20
n3_linear_f0.4_d10.0,2,10,0,0,-0.00039931032754267646,0,-0.00039942246190169135,0,-0.00039952820135797794,5.0522760781128937e-20,-1.0573945628659411e-07,5.0522760781128937e-20
n3_linear_f0.8_d2.1,0,-2.1000000000000001,0,0,0.6648697224811182,0,0.78334325735356958,0,0.79838692682696022,1.0621007044210662e-17,0.015043669473390642,1.0621007044210662e-17
n3_linear_f0.8_d2.1,1,0,0,0,0,0,0,0,-2.2993469795500458e-16,1.0499752418335951e-16,-2.2993469795500458e-16,1.0499752418335951e-16
n3_linear_f0.8_d2.1,2,2.1000000000000001,0,0,-0.6648697224811182,0,-0.78334325735356958,0,-0.79838692682696022,9.8642883605110852e-17,-0.015043669473390642,9.8642883605110852e-17
n3_linear_f0.8_d2.5,0,-2.5,0,0,0.33225224411947046,0,0.35304375363296281,0,0.35793725638190038,5.2768216815845778e-19,0.0048935027489375726,5.2768216815845778e-19
n3_linear_f0.8_d2.5,1,0,0,0,0,0,0,0,1.3796081877300277e-16,4.1827232286687967e-17,1.3796081877300277e-16,4.1827232286687967e-17
n3_linear_f0.8_d2.5,2,2.5,0,0,-0.33225224411947046,0,-0.35304375363296281,0,-0.35793725638190038,4.4864211573642497e-17,-0.0048935027489375726,4.4864211573642497e-17
n3_linear_f0.8_d3.0,0,-3,0,0,0.16113252110802931,0,0.16547594802446219,0,0.16708645668888067,1.4595464225659472e-19,0.0016105086644184752,1.4595464225659472e-19
n3_linear_f0.8_d3.0,1,0,0,0,0,0,0,0,-2.2993469795500459e-17,1.9229524117306354e-17,-2.2993469795500459e-17,1.9229524117306354e-17
n3_linear_f0.8_d3.0,2,3,0,0,-0.16113252110802931,0,-0.16547594802446219,0,-0.16708645668888067,2.057399091809306e-17,-0.0016105086644184752,2.057399091809306e-17
n3_linear_f0.8_d4.0,0,-4,0,0,0.051733908212649227,0,0.052194316837282199,0,0.052464335791908852,5.6136400867921043e-21,0.00027001895462665237,5.6136400867921043e-21
n3_linear_f0.8_d4.0,1,0,0,0,0,0,0,0,0,6.0023846628024577e-18,0,6.0023846628024577e-18
n3_linear_f0.8_d4.0,2,4,0,0,-0.051733908212649227,0,-0.052194316837282199,0,-0.052464335791908852,6.4332315394637519e-18,-0.00027001895462665237,6.4332315394637519e-18
n3_linear_f0.8_d6.0,0,-6,0,0,0.010674530360373063,0,0.010699832652737117,0,0.010720456896812417,0,2.0624244075300238e-05,0
n3_linear_f0.8_d6.0,1,0,0,0,0,0,0,0,2.8741837244375574e-18,1.2181598988338866e-18,2.8741837244375574e-18,1.2181598988338866e-18
n3_linear_f0.8_d6.0,2,6,0,0,-0.010674530360373063,0,-0.010699832652737117,0,-0.010720456896812417,1.3107849602659563e-18,-2.0624244075300238e-05,1.3107849602659563e-18
n3_linear_f0.8_d10.0,0,-10,0,0,0.0015972413101707059,0,0.0015981123039414112,0,0.0015989572465821007,0,8.4494264068952531e-07,0
n3_linear_f0.8_d10.0,1,0,0,0,0,0,0,0,1.7963648277734734e-19,1.7682966273395129e-19,1.7963648277734734e-19,1.7682966273395129e-19
n3_linear_f0.8_d10.0,2,10,0,0,-0.0015972413101707059,0,-0.0015981123039414112,0,-0.0015989572465821007,2.0209104312451575e-19,-8.4494264068952531e-07,2.0209104312451575e-19
n3_linear_f1.0_d2.1,0,-2.1000000000000001,0,0,1.0388589413767473,0,1.2926571271659406,0,1.3236466247123113,7.1854593110938931e-18,0.030989497546370703,7.1854593110938931e-18
n3_linear_f1.0_d2.1,1,0,0,0,0,0,0,0,9.1973879182001832e-16,1.7904705056823415e-16,9.1973879182001832e-16,1.7904705056823415e-16
n3_linear_f1.0_d2.1,2,2.1000000000000001,0,0,-1.0388589413767473,0,-1.2926571271659406,0,-1.3236466247123113,1.8395898564417725e-16,-0.030989497546370703,1.8395898564417725e-16
n3_linear_f1.0_d2.5,0,-2.5,0,0,0.5191441314366726,0,0.56110086128047831,0,0.57072059977203582,1.3753418212640656e-18,0.0096197384915575057,1.3753418212640656e-18
n3_linear_f1.0_d2.5,1,0,0,0,0,0,0,0,1.1496734897750229e-16,6.7504022043675055e-17,1.1496734897750229e-16,6.7504022043675055e-17
n3_linear_f1.0_d2.5,2,2.5,0,0,-0.5191441314366726,0,-0.56110086128047831,0,-0.57072059977203582,7.1054649398571057e-17,-0.0096197384915575057,7.1054649398571057e-17
n3_linear_f1.0_d3.0,0,-3,0,0,0.25176956423129576,0,0.26039445029425712,0,0.26353387880258095,1.403410021698026e-20,0.0031394285083238271,1.403410021698026e-20
n3_linear_f1.0_d3.0,1,0,0,0,0,0,0,0,0,3.0383826969762263e-17,0,3.0383826969762263e-17
n3_linear_f1.0_d3.0,2,3,0,0,-0.25176956423129576,0,-0.26039445029425712,0,-0.26353387880258095,3.2348601000139498e-17,-0.0031394285083238271,3.2348601000139498e-17
n3_linear_f1.0_d4.0,0,-4,0,0,0.08083423158226441,0,0.081738715865804945,0,0.082264463983750563,1.403410021698026e-20,0.00052574811794561804,1.403410021698026e-20
n3_linear_f1.0_d4.0,1,0,0,0,0,0,0,0,0,9.4063556704310185e-18,0,9.4063556704310185e-18
n3_linear_f1.0_d4.0,2,4,0,0,-0.08083423158226441,0,-0.081738715865804945,0,-0.082264463983750563,1.0083501005900317e-17,-0.00052574811794561804,1.0083501005900317e-17
n3_linear_f1.0_d6.0,0,-6,0,0,0.01667895368808291,0,0.01672831493233615,0,0.016768527717844716,0,4.0212785508565718e-05,0
n3_linear_f1.0_d6.0,1,0,0,0,0,0,0,0,0,1.9033748419279479e-18,0,1.9033748419279479e-18
n3_linear_f1.0_d6.0,2,6,0,0,-0.01667895368808291,0,-0.01672831493233615,0,-0.016768527717844716,2.048978631679118e-18,-4.0212785508565718e-05,2.048978631679118e-18
n3_linear_f1.0_d10.0,0,-10,0,0,0.0024956895471417275,0,0.0024973817332432794,0,0.0024990309813977749,0,1.6492481544954848e-06,0
n3_linear_f1.0_d10.0,1,0,0,0,0,0,0,0,0,2.7717347928536013e-19,0,2.7717347928536013e-19
n3_linear_f1.0_d10.0,2,10,0,0,-0.0024956895471417275,0,-0.0024973817332432794,0,-0.0024990309813977749,3.1576725488205584e-19,-1.6492481544954848e-06,3.1576725488205584e-19
n3_compact_f0.1_d2.1,0,-1.05,-0.60621778264910697,0,0.014646379133398297,0.0084560909353208306,0.014921013456192619,0.0086146511355148451,0.015067824292648802,0.0086994124114627806,0.00014681083645618279,8.4761275947935547e-05
n3_compact_f0.1_d2.1,1,1.05,-0.60621778264910697,0,-0.014646379133398297,0.0084560909353208306,-0.014921013456192619,0.0086146511355148451,-0.015067824292648808,0.0086994124114627806,-0.00014681083645618972,8.4761275947935547e-05
n3_compact_f0.1_d2.1,2,0,1.2124355652982139,0,0,-0.016912181870641661,0,-0.01722930227102969,-6.466913379984504e-18,-0.017398824822925551,-6.466913379984504e-18,-0.00016952255189586068
n3_compact_f0.1_d2.5,0,-1.25,-0.72168783648703216,0,0.0073147935548738482,0.0042231980279729556,0.0073714991110914764,0.0042559369961197501,0.0074087678784863081,0.0042774541290075225,3.7268767394831731e-05,2.1517132887772378e-05
n3_compact_f0.1_d2.5,1,1.25,-0.72168783648703216,0,-0.0073147935548738482,0.0042231980279729556,-0.0073714991110914764,0.0042559369961197501,-0.0074087678784863081,0.0042774541290075208,-3.7268767394831731e-05,2.1517132887770643e-05
n3_compact_f0.1_d2.5,2,0,1.4433756729740643,0,0,-0.0084463960559459112,0,-0.0085118739922395003,-2.1556377933281682e-18,-0.008554908258015045,-2.1556377933281682e-18,-4.3034265775544756e-05
n3_compact_f0.1_d3.0,0,-1.5,-0.86602540378443871,0,0.0035441788734837231,0.002046232626662012,0.0035568380175398681,0.0020535413868905377,0.0035661637319443296,0.0020589255906123395,9.3257144044615013e-06,5.3842037218017856e-06
n3_compact_f0.1_d3.0,1,1.5,-0.86602540378443871,0,-0.0035441788734837231,0.002046232626662012,-0.0035568380175398681,0.0020535413868905377,-0.0035661637319443296,0.0020589255906123391,-9.3257144044615013e-06,5.3842037218013519e-06
n3_compact_f0.1_d3.0,2,0,1.7320508075688774,0,0,-0.0040924652533240241,0,-0.0041070827737810754,-2.7843654830488836e-18,-0.0041178511812246773,-2.7843654830488836e-18,-1.0768407443601836e-05
n3_compact_f0.1_d4.0,0,-2,-1.1547005383792515,0,0.0011350654884942056,0.00065533036532998412,0.0011364972677850981,0.00065615700348900074,0.001137634160319167,0.00065681338869958501,1.1368925340688937e-06,6.5638521058427116e-07
n3_compact_f0.1_d4.0,1,2,-1.1547005383792515,0,-0.0011350654884942056,0.00065533036532998412,-0.0011364972677850981,0.00065615700348900074,-0.001137634160319167,0.00065681338869958501,-1.1368925340688937e-06,6.5638521058427116e-07
n3_compact_f0.1_d4.0,2,0,2.3094010767585029,0,0,-0.0013106607306599682,0,-0.0013123140069780015,-1.7963648277734734e-19,-0.0013136267773991705,-1.7963648277734734e-19,-1.312770421168976e-06
n3_compact_f0.1_d6.0,0,-3,-1.7320508075688774,0,0.00023236458998571359,0.00013415575857838878,0.0002324487183337794,0.00013420433010279104,0.00023251618337611293,0.00013424328106314315,6.7465042333524116e-08,3.8950960352105617e-08
n3_compact_f0.1_d6.0,1,3,-1.7320508075688774,0,-0.00023236458998571359,0.00013415575857838878,-0.0002324487183337794,0.00013420433010279104,-0.00023251618337611287,0.00013424328106314315,-6.7465042333469906e-08,3.8950960352105617e-08
n3_compact_f0.1_d6.0,2,0,3.4641016151377548,0,0,-0.00026831151715677755,0,-0.00026840866020558208,-1.4034100216980261e-19,-0.00026848656212628629,-1.4034100216980261e-19,-7.7901920704211234e-08
n3_compact_f0.1_d10.0,0,-5,-2.8867513459481287,0,3.3976490105730957e-05,1.9616335708662424e-05,3.3979573053885609e-05,1.961811564960941e-05,3.3981969682745672e-05,1.9619499343926925e-05,2.3966288600630855e-09,1.3836943175145713e-09
n3_compact_f0.1_d10.0,1,5,-2.8867513459481287,0,-3.3976490105730957e-05,1.9616335708662424e-05,-3.3979573053885609e-05,1.961811564960941e-05,-3.3981969682745679e-05,1.9619499343926921e-05,-2.3966288600698617e-09,1.3836943175111831e-09
n3_compact_f0.1_d10.0,2,0,5.7735026918962573,0,0,-3.9232671417324848e-05,0,-3.9236231299218821e-05,-1.1928985184433223e-20,-3.9238998687853829e-05,-1.1928985184433223e-20,-2.7673886350088137e-09
n3_compact_f0.4_d2.1,0,-1.05,-0.60621778264910697,0,0.23434206613437275,0.13529745496513329,0.25335372342982482,0.14627384042240349,0.26433286133287293,0.15261264864619842,0.010979137903048108,0.0063388082237949284
n3_compact_f0.4_d2.1,1,1.05,-0.60621778264910697,0,-0.23434206613437275,0.13529745496513329,-0.25335372342982482,0.14627384042240349,-0.26433286133287304,0.15261264864619839,-0.010979137903048219,0.0063388082237949006
n3_compact_f0.4_d2.1,2,0,1.2124355652982139,0,0,-0.27059490993026658,0,-0.29254768084480698,-8.047714428425161e-17,-0.30522529729239684,-8.047714428425161e-17,-0.012677616447589857
n3_compact_f0.4_d2.5,0,-1.25,-0.72168783648703216,0,0.11703669687798157,0.06757116844756729,0.12070206962329968,0.069687372388757024,0.12325592530863061,0.071161841656154287,0.0025538556853309247,0.0014744692673972631
n3_compact_f0.4_d2.5,1,1.25,-0.72168783648703216,0,-0.11703669687798157,0.06757116844756729,-0.12070206962329968,0.069687372388757024,-0.12325592530863064,0.071161841656154287,-0.0025538556853309524,0.0014744692673972631
n3_compact_f0.4_d2.5,2,0,1.4433756729740643,0,0,-0.13514233689513458,0,-0.13937474477751405,-4.0238572142125805e-17,-0.14232368331230857,-4.0238572142125805e-17,-0.0029489385347945263
n3_compact_f0.4_d3.0,0,-1.5,-0.86602540378443871,0,0.05670686197573957,0.032739722026592193,0.057495746160202948,0.03319518452285157,0.05811364646032758,0.03355192942746088,0.0006179003001246311,0.00035674490460931019
n3_compact_f0.4_d3.0,1,1.5,-0.86602540378443871,0,-0.05670686197573957,0.032739722026592193,-0.057495746160202948,0.03319518452285157,-0.05811364646032758,0.033551929427460873,-0.0006179003001246311,0.00035674490460930325
n3_compact_f0.4_d3.0,2,0,1.7320508075688774,0,0,-0.065479444053184385,0,-0.06639036904570314,-4.1675664004344587e-17,-0.067103858854921761,-4.1675664004344587e-17,-0.00071348980921862037
n3_compact_f0.4_d4.0,0,-2,-1.1547005383792515,0,0.018161047815907289,0.010485285845279746,0.01824649192914677,0.010534617027059223,0.018320302170702862,0.010577231389890586,7.3810241556091644e-05,4.2614362831363758e-05
n3_compact_f0.4_d4.0,1,2,-1.1547005383792515,0,-0.018161047815907289,0.010485285845279746,-0.01824649192914677,0.010534617027059223,-0.018320302170702862,0.010577231389890585,-7.3810241556091644e-05,4.2614362831362024e-05
n3_compact_f0.4_d4.0,2,0,2.3094010767585029,0,0,-0.020970571690559492,0,-0.021069234054118445,-2.1556377933281682e-18,-0.021154462779781166,-2.1556377933281682e-18,-8.5228725662720578e-05
n3_compact_f0.4_d6.0,0,-3,-1.7320508075688774,0,0.0037178334397714174,0.0021464921372542204,0.0037226019252324587,0.0021492452236187795,0.0037269407238267999,0.0021517502301551818,4.3387985943412616e-06,2.5050065364023641e-06
n3_compact_f0.4_d6.0,1,3,-1.7320508075688774,0,-0.0037178334397714174,0.0021464921372542204,-0.0037226019252324587,0.0021492452236187795,-0.0037269407238268008,0.0021517502301551818,-4.3387985943421289e-06,2.5050065364023641e-06
n3_compact_f0.4_d6.0,2,0,3.4641016151377548,0,0,-0.0042929842745084408,0,-0.0042984904472375589,-2.5149107588828628e-18,-0.0043035004603103636,-2.5149107588828628e-18,-5.0100130728047282e-06
n3_compact_f0.4_d10.0,0,-5,-2.8867513459481287,0,0.00054362384169169531,0.00031386137133859878,0.00054379052425099661,0.0003139576055590806,0.00054394411709849744,0.00031404628243093097,1.53592847500824e-07,8.8676871850374653e-08
n3_compact_f0.4_d10.0,1,5,-2.8867513459481287,0,-0.00054362384169169531,0.00031386137133859878,-0.00054379052425099661,0.0003139576055590806,-0.00054394411709849755,0.00031404628243093086,-1.5359284750093242e-07,8.8676871850266233e-08
n3_compact_f0.4_d10.0,2,0,5.7735026918962573,0,0,-0.00062772274267719756,0,-0.0006279152111181612,-1.7963648277734734e-19,-0.00062809256486186151,-1.7963648277734734e-19,-1.7735374370031563e-07
n3_compact_f0.8_d2.1,0,-1.05,-0.60621778264910697,0,0.937368264537491,0.54118981986053316,1.1146019440903072,0.64351573245981974,1.2273996598610375,0.70863952402402541,0.11279771577073028,0.065123791564205669
n3_compact_f0.8_d2.1,1,1.05,-0.60621778264910697,0,-0.937368264537491,0.54118981986053316,-1.1146019440903072,0.64351573245981974,-1.2273996598610375,0.7086395240240253,-0.11279771577073028,0.065123791564205558
n3_compact_f0.8_d2.1,2,0,1.2124355652982139,0,0,-1.0823796397210663,0,-1.2870314649196395,-3.2190857713700644e-16,-1.4172790480480504,-3.2190857713700644e-16,-0.13024758312841089
n3_compact_f0.8_d2.5,0,-1.25,-0.72168783648703216,0,0.46814678751192629,0.27028467379026916,0.49919951344979296,0.28821297346956815,0.52175383011255139,0.30123471426619991,0.022554316662758422,0.013021740796631764
n3_compact_f0.8_d2.5,1,1.25,-0.72168783648703216,0,-0.46814678751192629,0.27028467379026916,-0.49919951344979296,0.28821297346956815,-0.5217538301125515,0.30123471426619991,-0.022554316662758533,0.013021740796631764
n3_compact_f0.8_d2.5,2,0,1.4433756729740643,0,0,-0.54056934758053832,0,-0.57642594693913629,-1.2646408387525254e-16,-0.60246942853239949,-1.2646408387525254e-16,-0.026043481593263196
n3_compact_f0.8_d3.0,0,-1.5,-0.86602540378443871,0,0.22682744790295828,0.13095888810636877,0.23330504780275196,0.13469873215221737,0.23849498631805746,0.13769514455110665,0.0051899385153054978,0.0029964123988892866
n3_compact_f0.8_d3.0,1,1.5,-0.86602540378443871,0,-0.22682744790295828,0.13095888810636877,-0.23330504780275196,0.13469873215221737,-0.23849498631805757,0.1376951445511066,-0.0051899385153056088,0.0029964123988892311
n3_compact_f0.8_d3.0,2,0,1.7320508075688774,0,0,-0.26191777621273754,0,-0.26939746430443473,-2.1843796305725438e-16,-0.2753902891022133,-2.1843796305725438e-16,-0.0059928247977785731
n3_compact_f0.8_d4.0,0,-2,-1.1547005383792515,0,0.072644191263629157,0.041941143381118984,0.073329361941957036,0.042336726856692403,0.0739316796505185,0.04268447514786803,0.00060231770856146449,0.00034774829117562717
n3_compact_f0.8_d4.0,1,2,-1.1547005383792515,0,-0.072644191263629157,0.041941143381118984,-0.073329361941957036,0.042336726856692403,-0.0739316796505185,0.04268447514786803,-0.00060231770856146449,0.00034774829117562717
n3_compact_f0.8_d4.0,2,0,2.3094010767585029,0,0,-0.083882286762237968,0,-0.084673453713384805,-1.4370918622187786e-17,-0.085368950295736074,-1.4370918622187786e-17,-0.00069549658235126821
n3_compact_f0.8_d6.0,0,-3,-1.7320508075688774,0,0.01487133375908567,0.0085859685490168817,0.01490887419173725,0.0086076425279137652,0.014943818949198785,0.0086278178930409514,3.4944757461534762e-05,2.0175365127186179e-05
n3_compact_f0.8_d6.0,1,3,-1.7320508075688774,0,-0.01487133375908567,0.0085859685490168817,-0.01490887419173725,0.0086076425279137652,-0.014943818949198785,0.0086278178930409514,-3.4944757461534762e-05,2.0175365127186179e-05
n3_compact_f0.8_d6.0,2,0,3.4641016151377548,0,0,-0.017171937098033763,0,-0.01721528505582753,-1.0418916001086147e-17,-0.017255635786081903,-1.0418916001086147e-17,-4.0350730254372358e-05
n3_compact_f0.8_d10.0,0,-5,-2.8867513459481287,0,0.0021744953667667813,0.0012554454853543951,0.0021757904606653344,0.0012561932081653505,0.0021770215277579922,0.0012569039650826873,1.2310670926577935e-06,7.1075691733687128e-07
n3_compact_f0.8_d10.0,1,5,-2.8867513459481287,0,-0.0021744953667667813,0.0012554454853543951,-0.0021757904606653344,0.0012561932081653505,-0.0021770215277579922,0.0012569039650826869,-1.2310670926577935e-06,7.107569173364376e-07
n3_compact_f0.8_d10.0,2,0,5.7735026918962573,0,0,-0.0025108909707087903,0,-0.002512386416330701,-5.8381856902637888e-19,-0.0025138079301653738,-5.8381856902637888e-19,-1.4215138346728752e-06
n3_compact_f1.0_d2.1,0,-1.05,-0.60621778264910697,0,1.46463791333983,0.84560909353208291,1.8443998670218664,1.0648647597183856,2.1006971737448437,1.2128380787474728,0.25629730672297724,0.14797331902908728
n3_compact_f1.0_d2.1,1,1.05,-0.60621778264910697,0,-1.46463791333983,0.84560909353208291,-1.8443998670218664,1.0648647597183856,-2.1006971737448437,1.2128380787474726,-0.25629730672297724,0.14797331902908706
n3_compact_f1.0_d2.1,2,0,1.2124355652982139,0,0,-1.6912181870641658,0,-2.1297295194367711,-6.8980409386501369e-16,-2.4256761574949448,-6.8980409386501369e-16,-0.29594663805817367
n3_compact_f1.0_d2.5,0,-1.25,-0.72168783648703216,0,0.73147935548738485,0.42231980279729547,0.79415130751565721,0.45850347117145795,0.84061738027742017,0.48533067078864628,0.046466072761762955,0.026827199617188324
n3_compact_f1.0_d2.5,1,1.25,-0.72168783648703216,0,-0.73147935548738485,0.42231980279729547,-0.79415130751565721,0.45850347117145795,-0.84061738027742017,0.48533067078864628,-0.046466072761762955,0.026827199617188324
n3_compact_f1.0_d2.5,2,0,1.4433756729740643,0,0,-0.84463960559459095,0,-0.91700694234291591,-1.4370918622187787e-16,-0.97066134157729322,-1.4370918622187787e-16,-0.053654399234377315
n3_compact_f1.0_d3.0,0,-1.5,-0.86602540378443871,0,0.35441788734837226,0.20462326266620121,0.3672819762756559,0.21205034787124769,0.37768081388597841,0.21805411956482654,0.010398837610322509,0.0060037716935788521
n3_compact_f1.0_d3.0,1,1.5,-0.86602540378443871,0,-0.35441788734837226,0.20462326266620121,-0.3672819762756559,0.21205034787124769,-0.37768081388597841,0.21805411956482648,-0.010398837610322509,0.0060037716935787966
n3_compact_f1.0_d3.0,2,0,1.7320508075688774,0,0,-0.40924652533240241,0,-0.42410069574249537,-2.9460383175484963e-16,-0.43610823912965319,-2.9460383175484963e-16,-0.012007543387157815
n3_compact_f1.0_d4.0,0,-2,-1.1547005383792515,0,0.11350654884942055,0.065533036532998412,0.1148526865562382,0.066310229500395862,0.11604124018787529,0.066996441259567829,0.0011885536316370848,0.00068621175917196742
n3_compact_f1.0_d4.0,1,2,-1.1547005383792515,0,-0.11350654884942055,0.065533036532998412,-0.1148526865562382,0.066310229500395862,-0.11604124018787532,0.066996441259567829,-0.0011885536316371126,0.00068621175917196742
n3_compact_f1.0_d4.0,2,0,2.3094010767585029,0,0,-0.13106607306599682,0,-0.13262045900079172,-2.5149107588828625e-17,-0.13399288251913566,-2.5149107588828625e-17,-0.0013724235183439348
n3_compact_f1.0_d6.0,0,-3,-1.7320508075688774,0,0.023236458998571359,0.013415575857838875,0.023309699079279385,0.013457861038151126,0.023378188619910055,0.013497403492870916,6.8489540630670143e-05,3.9542454719789649e-05
n3_compact_f1.0_d6.0,1,3,-1.7320508075688774,0,-0.023236458998571359,0.013415575857838875,-0.023309699079279385,0.013457861038151126,-0.023378188619910062,0.013497403492870914,-6.8489540630677082e-05,3.9542454719787914e-05
n3_compact_f1.0_d6.0,2,0,3.4641016151377548,0,0,-0.026831151715677751,0,-0.026915722076302252,-1.6167283449961258e-17,-0.026994806985741842,-1.6167283449961258e-17,-7.9084909439589707e-05
n3_compact_f1.0_d10.0,0,-5,-2.8867513459481287,0,0.0033976490105730949,0.0019616335708662418,0.0034001653157145592,0.0019630863603170294,0.0034025721048388294,0.0019644759206658099,2.4067891242702047e-06,1.3895603487804747e-06
n3_compact_f1.0_d10.0,1,5,-2.8867513459481287,0,-0.0033976490105730949,0.0019616335708662418,-0.0034001653157145592,0.0019630863603170294,-0.0034025721048388299,0.0019644759206658095,-2.4067891242706384e-06,1.3895603487800411e-06
n3_compact_f1.0_d10.0,2,0,5.7735026918962573,0,0,-0.0039232671417324836,0,-0.0039261727206340588,-8.9818241388673664e-19,-0.0039289518413316198,-8.9818241388673664e-19,-2.7791206975609495e-06
n3_irregular_f0.1_d2.1,0,-0.89090909090909098,-0.76363636363636367,0,0.011248342616792795,0.0059363594447757332,0.01144650480658747,0.0059966500098362456,0.011493036738482466,0.0060264967777829666,4.6531931894995895e-05,2.984676794672101e-05
n3_irregular_f0.1_d2.1,1,1.209090909090909,-0.76363636363636367,0,-0.011607062648087925,0.0027642148387335931,-0.011799495487739215,0.0027782297754162118,-0.011857227835206346,0.0028045246932061254,-5.7732347467131032e-05,2.629491778991357e-05
n3_irregular_f0.1_d2.1,2,-0.31818181818181823,1.5272727272727273,0,0.0003587200312951289,-0.0087005742835093262,0.00035299068115174663,-0.0087748797852524579,0.0003639557867953768,-0.0088405024918400011,1.096510564363017e-05,-6.5622706587543239e-05
n3_irregular_f0.1_d2.5,0,-1.0606060606060606,-0.90909090909090906,0,0.0056183473248916631,0.0029672731532363926,0.0056595983346324165,0.0029810623756190632,0.0056716373765731574,0.0029883723992165084,1.2039041940740958e-05,7.3100235974451339e-06
n3_irregular_f0.1_d2.5,1,1.4393939393939394,-0.90909090909090906,0,-0.0057990001881921211,0.0013837067274143336,-0.0058391499425740597,0.0013872258027696129,-0.0058553957597883609,0.0013936037653964283,-1.6245817214301239e-05,6.3779626268154008e-06
n3_irregular_f0.1_d2.5,2,-0.37878787878787878,1.8181818181818179,0,0.00018065286330045782,-0.0043509798806507264,0.00017955160794164301,-0.0043682881783886759,0.00018199353400361493,-0.004386392511696432,2.4419260619719244e-06,-1.8104333307756085e-05
n3_irregular_f0.1_d3.0,0,-1.2727272727272727,-1.0909090909090911,0,0.0027226721271059839,0.0014395448458006735,0.002731934574703786,0.0014428369187088287,0.002735019340844851,0.0014446335660938349,3.084766141065072e-06,1.7966473850061521e-06
n3_irregular_f0.1_d3.0,1,1.7272727272727273,-1.0909090909090911,0,-0.0028113103602198947,0.00067278666684611878,-0.0028203484081426458,0.00067368459467410078,-0.0028247537370570315,0.00067520570037485003,-4.4053289143856054e-06,1.5211057007492477e-06
n3_irregular_f0.1_d3.0,2,-0.45454545454545447,2.1818181818181817,0,8.8638233113910812e-05,-0.0021123315126467925,8.8413833438859995e-05,-0.0021165215133829296,8.8936820576869099e-05,-0.0021213480356342043,5.2298713800910353e-07,-4.8265222512746536e-06
n3_irregular_f0.1_d4.0,0,-1.696969696969697,-1.4545454545454544,0,0.00087235325393202512,0.00046257171307688655,0.0008734073657098246,0.00046297008207903757,0.00087379875550891472,0.00046318892089437276,3.9138979909011766e-07,2.188388153351881e-07
n3_irregular_f0.1_d4.0,1,2.3030303030303028,-1.4545454545454544,0,-0.00090167983494387973,0.00021745426392161439,-0.00090271218023142566,0.00021757100256204068,-0.0009032980403082901,0.0002177462319724332,-5.858600768644329e-07,1.7522941039252882e-07
n3_irregular_f0.1_d4.0,2,-0.60606060606060619,2.9090909090909092,0,2.9326581011854632e-05,-0.00068002597699850088,2.9304814521601048e-05,-0.00068054108464107822,2.9355544970286809e-05,-0.00068117074744414134,5.073044868576096e-08,-6.2966280306312253e-07
n3_irregular_f0.1_d6.0,0,-2.5454545454545454,-2.1818181818181821,0,0.00017882262941569161,9.5651611034196856e-05,0.00017888493468516599,9.5676489850585574e-05,0.00017890950422608652,9.5689920638194421e-05,2.456954092052723e-08,1.3430787608846996e-08
n3_irregular_f0.1_d6.0,1,3.4545454545454546,-2.1818181818181821,0,-0.00018541981997538938,4.5765139977370488e-05,-0.00018548112626645441,4.5772971065902217e-05,-0.00018551863121285206,4.5783130340080375e-05,-3.7504946397642165e-08,1.0159274178157915e-08
n3_irregular_f0.1_d6.0,2,-0.90909090909090895,4.3636363636363633,0,6.5971905596977699e-06,-0.00014141675101156734,6.5961915812884167e-06,-0.00014144946091648779,6.5986717732619653e-06,-0.00014148916759213585,2.4801919735485521e-09,-3.9706675648056846e-08
n3_irregular_f0.1_d10.0,0,-4.2424242424242422,-3.6363636363636362,0,2.6265316959887705e-05,1.4457294224268265e-05,2.6267613047081155e-05,1.4458257377962988e-05,2.6268512067937423e-05,1.4458753804853567e-05,8.9902085626783652e-10,4.9642689057868947e-10
n3_irregular_f0.1_d10.0,1,5.7575757575757578,-3.6363636363636362,0,-2.7522596208771333e-05,7.30740420742604e-06,-2.7524865590633078e-05,7.3077253320640047e-06,-2.7526271038155031e-05,7.3081064235843465e-06,-1.4054475219532018e-09,3.8109152034181018e-10
n3_irregular_f0.1_d10.0,2,-1.5151515151515151,7.2727272727272716,0,1.2572792488836281e-06,-2.1764698431694305e-05,1.2572525435519238e-06,-2.1765982710026993e-05,1.2573457836575529e-06,-2.1767494312295886e-05,9.324010562908154e-11,-1.5116022688925739e-09
n3_irregular_f0.4_d2.1,0,-0.89090909090909098,-0.76363636363636367,0,0.17997348186868473,0.094981751116411731,0.19363741203403043,0.098939718989922501,0.19696278560019978,0.10105552474420461,0.003325373566169354,0.0021158057542821074
n3_irregular_f0.4_d2.1,1,1.209090909090909,-0.76363636363636367,0,-0.1857130023694068,0.044227437419737489,-0.19897875273762147,0.045114405676607502,-0.20302188305456423,0.046946622700576604,-0.0040431303169427557,0.0018322170239691016
n3_irregular_f0.4_d2.1,2,-0.31818181818181823,1.5272727272727273,0,0.0057395205007220625,-0.13920918853614922,0.005341340703591043,-0.14405412466653,0.0061162621200197753,-0.14862162779056234,0.00077492141642873224,-0.0045675031240323405
n3_irregular_f0.4_d2.5,0,-1.0606060606060606,-0.90909090909090906,0,0.08989355719826661,0.047476370451782282,0.092554462853559866,0.048345665752106977,0.09336798448631442,0.048839560657470429,0.00081352163275455469,0.00049389490536345254
n3_irregular_f0.4_d2.5,1,1.4393939393939394,-0.90909090909090906,0,-0.092784003011073937,0.022139307638629337,-0.09537170841880957,0.02235549300491466,-0.096453628131529426,0.022783006837268735,-0.001081919712719856,0.00042751383235407545
n3_irregular_f0.4_d2.5,2,-0.37878787878787878,1.8181818181818179,0,0.0028904458128073251,-0.069615678090411623,0.0028172455652496972,-0.07070115875702164,0.0029826228971375495,-0.071905964981728313,0.00016537733188785224,-0.0012048062247066726
n3_irregular_f0.4_d3.0,0,-1.2727272727272727,-1.0909090909090911,0,0.043562754033695743,0.023032717532810776,0.044139013708449429,0.023234065073256517,0.044342260326810594,0.023352646976350006,0.00020324661836116503,0.00011858190309348843
n3_irregular_f0.4_d3.0,1,1.7272727272727273,-1.0909090909090911,0,-0.044980965763518316,0.0107645866695379,-0.045542693980173972,0.010818294810058008,-0.045830343671027153,0.010918419465799471,-0.00028764969085318115,0.00010012465574146291
n3_irregular_f0.4_d3.0,2,-0.45454545454545447,2.1818181818181817,0,0.001418211729822573,-0.03379730420234868,0.0014036802717245413,-0.034052359883314523,0.0014384342292701978,-0.034367605655402367,3.4753957545656479e-05,-0.00031524577208784377
n3_irregular_f0.4_d4.0,0,-1.696969696969697,-1.4545454545454544,0,0.013957652062912402,0.0074011474092301847,0.014020464502622305,0.0074245461994311771,0.014045821782007592,0.0074387473426186772,2.5357279385287632e-05,1.4201143187500195e-05
n3_irregular_f0.4_d4.0,1,2.3030303030303028,-1.4545454545454544,0,-0.014426877359102076,0.0034792682227458302,-0.014488322565062405,0.0034859919184468415,-0.014526123337531035,0.0034973671125280554,-3.780077246863002e-05,1.1375194081213874e-05
n3_irregular_f0.4_d4.0,2,-0.60606060606060619,2.9090909090909092,0,0.00046922529618967411,-0.010880415631976014,0.00046785806244010021,-0.010910538117878019,0.00047117964656621545,-0.010951181359891328,3.3215841261152387e-06,-4.0643242013308628e-05
n3_irregular_f0.4_d6.0,0,-2.5454545454545454,-2.1818181818181821,0,0.0028611620706510657,0.0015304257765471497,0.0028646890798795081,0.001531817852231475,0.0028662679924821494,0.0015326816322299443,1.5789126026413691e-06,8.6377999846927803e-07
n3_irregular_f0.4_d6.0,1,3.4545454545454546,-2.1818181818181821,0,-0.0029667171196062301,0.0007322422396379278,-0.002970183845552643,0.00073267384309650633,-0.0029725906278395995,0.00073332772496351748,-2.4067822869565034e-06,6.5388186701114629e-07
n3_irregular_f0.4_d6.0,2,-0.90909090909090895,4.3636363636363633,0,0.00010555504895516432,-0.0022626680161850774,0.00010549476567313533,-0.0022644916953279814,0.00010565526413200504,-0.0022670403017307503,1.6049845886970517e-07,-2.5486064027689312e-06
n3_irregular_f0.4_d10.0,0,-4.2424242424242422,-3.6363636363636362,0,0.00042024507135820328,0.00023131670758829223,0.0004203691107364277,0.00023136837827638667,0.00042042671421228366,0.00023140019462304933,5.7603475855959926e-08,3.1816346662659348e-08
n3_irregular_f0.4_d10.0,1,5.7575757575757578,-3.6363636363636362,0,-0.00044036153934034133,0.00011691846731881664,-0.00044048402776025947,0.00011693551738939263,-0.00044057404151520864,0.00011695994921313506,-9.0013754949172953e-08,2.4431823742425288e-08
n3_irregular_f0.4_d10.0,2,-1.5151515151515151,7.2727272727272716,0,2.0116467982138049e-05,-0.00034823517490710889,2.0114917023831773e-05,-0.00034830389566577928,2.0120905275782194e-05,-0.00034840071489612869,5.9882519504212306e-09,-9.681923034940464e-08
n3_irregular_f0.8_d2.1,0,-0.89090909090909098,-0.76363636363636367,0,0.7198939274747389,0.37992700446564692,0.84655230677373616,0.41405542102359255,0.87798711011323705,0.43372621526742788,0.031434803339500883,0.019670794243835332
n3_irregular_f0.8_d2.1,1,1.209090909090909,-0.76363636363636367,0,-0.7428520094776272,0.17690974967894996,-0.86589088785587132,0.18427865450705,-0.90311776494081641,0.20090062700264891,-0.037226877084945098,0.016621972495598908
n3_irregular_f0.8_d2.1,2,-0.31818181818181823,1.5272727272727273,0,0.02295808200288825,-0.55683675414459688,0.019338581082135181,-0.59833407553064255,0.026531140234936464,-0.63989938675632163,0.0071925591528012832,-0.04156531122567908
n3_irregular_f0.8_d2.5,0,-1.0606060606060606,-0.90909090909090906,0,0.35957422879306644,0.18990548180712913,0.38207579904356653,0.19710449364148497,0.38910226479380366,0.20136762055266758,0.0070264657502371319,0.0042631269111826076
n3_irregular_f0.8_d2.5,1,1.4393939393939394,-0.90909090909090906,0,-0.37113601204429575,0.088557230554517349,-0.39301051921696956,0.090316265375661384,-0.40217651691236045,0.093966694708368451,-0.0091659976953908928,0.0036504293327070669
n3_irregular_f0.8_d2.5,2,-0.37878787878787878,1.8181818181818179,0,0.0115617832512293,-0.27846271236164649,0.01093472017340303,-0.28742075901714637,0.012366984218505456,-0.29761264104977003,0.0014322640451024261,-0.010191882032623667
n3_irregular_f0.8_d3.0,0,-1.2727272727272727,-1.0909090909090911,0,0.17425101613478297,0.092130870131243103,0.17897796193638202,0.09376505360485618,0.1806708355018074,0.09475503287829079,0.0016928735654253846,0.00098997927343461023
n3_irregular_f0.8_d3.0,1,1.7272727272727273,-1.0909090909090911,0,-0.17992386305407326,0.043058346678151602,-0.18452967796446706,0.043489469143948634,-0.18689641846220517,0.044322393907370625,-0.0023667404977381068,0.00083292476342199107
n3_irregular_f0.8_d3.0,2,-0.45454545454545447,2.1818181818181817,0,0.0056728469192902919,-0.13518921680939472,0.0055517160280850429,-0.13725452274880481,0.0058446263683534947,-0.13984921590472241,0.00029291034026845183,-0.0025946931559175934
n3_irregular_f0.8_d4.0,0,-1.696969696969697,-1.4545454545454544,0,0.055830608251649608,0.029604589636920739,0.05633399724957612,0.029791023819752432,0.056540306717363868,0.029906827348059245,0.00020630946778774778,0.00011580352830681262
n3_irregular_f0.8_d4.0,1,2.3030303030303028,-1.4545454545454544,0,-0.057707509436408302,0.013917072890983321,-0.05819975812843875,0.013970275250701101,-0.05850557115545079,0.01406309199030042,-0.00030581302701204044,9.2816739599318326e-05
n3_irregular_f0.8_d4.0,2,-0.60606060606060619,2.9090909090909092,0,0.0018769011847586965,-0.043521662527904056,0.0018657608788626261,-0.043761299070453535,0.0018931880243648952,-0.044090295868367407,2.7427145502269094e-05,-0.00032899679791387193
n3_irregular_f0.8_d6.0,0,-2.5454545454545454,-2.1818181818181821,0,0.011444648282604263,0.0061217031061885988,0.01147240463249604,0.0061326206853514944,0.011485107630942773,0.0061395778241744537,1.270299844673313e-05,6.9571388229593481e-06
n3_irregular_f0.8_d6.0,1,3.4545454545454546,-2.1818181818181821,0,-0.01186686847842492,0.0029289689585517112,-0.011894142515248484,0.0029323395811354765,-0.011913468187409114,0.0029376121608845449,-1.9325672160629831e-05,5.2725797490683728e-06
n3_irregular_f0.8_d6.0,2,-0.90909090909090895,4.3636363636363633,0,0.00042222019582065728,-0.0090506720647403095,0.000421737882752444,-0.0090649602664869718,0.00042304195710571476,-0.0090854309393336233,1.3040743532707596e-06,-2.0470672846651522e-05
n3_irregular_f0.8_d10.0,0,-4.2424242424242422,-3.6363636363636362,0,0.0016809802854328131,0.00092526683035316893,0.0016819438514834339,0.00092566751082617696,0.0016824054152693177,0.00092592254465940669,4.6156378588385789e-07,2.550338332297326e-07
n3_irregular_f0.8_d10.0,1,5.7575757575757578,-3.6363636363636362,0,-0.0017614461573613653,0.00046767386927526656,-0.001762397477329064,0.00046780575532826154,-0.0017631183082994423,0.00046800168326987195,-7.2083097037828857e-07,1.9592794161041316e-07
n3_irregular_f0.8_d10.0,2,-1.5151515151515151,7.2727272727272716,0,8.0465871928552197e-05,-0.0013929406996284355,8.0453625845630173e-05,-0.0013934732661544384,8.0501769339795274e-05,-0.0013942486720162866,4.8143494165101149e-08,-7.7540586184820376e-07
n3_irregular_f1.0_d2.1,0,-0.89090909090909098,-0.76363636363636367,0,1.1248342616792797,0.59363594447757317,1.395398803926204,0.663195570313174,1.4629411597337318,0.70494004019192702,0.067542355807527876,0.041744469878753021
n3_irregular_f1.0_d2.1,1,1.209090909090909,-0.76363636363636367,0,-1.1607062648087925,0.2764214838733593,-1.4236941916025774,0.29114142038200053,-1.5026330164049937,0.32594867845706105,-0.078938824802416319,0.034807258075060521
n3_irregular_f1.0_d2.1,2,-0.31818181818181823,1.5272727272727273,0,0.035872003129512886,-0.87005742835093247,0.028295387676373518,-0.95433699069517453,0.043575352657543011,-1.0417730369873373,0.015279964981169493,-0.087436046292162728
n3_irregular_f1.0_d2.5,0,-1.0606060606060606,-0.90909090909090906,0,0.56183473248916638,0.29672731532363922,0.60720535036101309,0.31108458140229994,0.62149459288764941,0.31974935751501909,0.014289242526636325,0.0086647761127191525
n3_irregular_f1.0_d2.5,1,1.4393939393939394,-0.90909090909090906,0,-0.57990001881921216,0.13837067274143336,-0.62400015844225842,0.1418489301477304,-0.64246167433414059,0.1492273739905359,-0.018461515891882163,0.0073784438428055044
n3_irregular_f1.0_d2.5,2,-0.37878787878787878,1.8181818181818179,0,0.018065286330045782,-0.43509798806507261,0.016794808081245297,-0.45293351155003037,0.019711117864212924,-0.47344085173609718,0.0029163097829676271,-0.020507340186066814
n3_irregular_f1.0_d3.0,0,-1.2727272727272727,-1.0909090909090911,0,0.27226721271059834,0.14395448458006735,0.2816501816612107,0.14718212324309371,0.28502644236392627,0.14915882220968613,0.0033762607027155722,0.0019766989665924162
n3_irregular_f1.0_d3.0,1,1.7272727272727273,-1.0909090909090911,0,-0.28113103602198941,0.067278666684611882,-0.29027201441148087,0.068126045341565397,-0.29496293502523069,0.069786228668817368,-0.0046909206137498161,0.0016601833272519712
n3_irregular_f1.0_d3.0,2,-0.45454545454545447,2.1818181818181817,0,0.0088638233113910794,-0.21123315126467923,0.0086218327502701683,-0.21530816858465912,0.0092095845416379479,-0.22045165651731199,0.00058775179136777954,-0.0051434879326528737
n3_irregular_f1.0_d4.0,0,-1.696969696969697,-1.4545454545454544,0,0.087235325393202501,0.046257171307688652,0.088224083565641376,0.046622503445930337,0.088630551471043248,0.046850925842182402,0.00040646790540187216,0.00022842239625206484
n3_irregular_f1.0_d4.0,1,2.3030303030303028,-1.4545454545454544,0,-0.090167983494387968,0.021745426392161437,-0.091134729599586101,0.021849407843140951,-0.091735482178110353,0.022032558432719864,-0.00060075257852425235,0.00018315058957891345
n3_irregular_f1.0_d4.0,2,-0.60606060606060619,2.9090909090909092,0,0.0029326581011854622,-0.068002597699850093,0.0029106460339447162,-0.068471911289071291,0.0029651012416347946,-0.069118403082012031,5.4455207690078371e-05,-0.00064649179294073988
n3_irregular_f1.0_d6.0,0,-2.5454545454545454,-2.1818181818181821,0,0.017882262941569162,0.0095651611034196869,0.017936407874747751,0.0095864339542459827,0.017961290983492202,0.0096000697552973604,2.4883108744450794e-05,1.3635801051377697e-05
n3_irregular_f1.0_d6.0,1,3.4545454545454546,-2.1818181818181821,0,-0.018541981997538939,0.0045765139977370483,-0.018595181302631332,0.0045830728746676114,-0.018632998736517772,0.0045934134456182092,-3.7817433886439683e-05,1.034057095059774e-05
n3_irregular_f1.0_d6.0,2,-0.90909090909090895,4.3636363636363633,0,0.00065971905596977657,-0.014141675101156735,0.00065877342788357891,-0.014169506828913594,0.00066134121554340959,-0.014209571370513879,2.5677876598306738e-06,-4.0064541600284831e-05
n3_irregular_f1.0_d10.0,0,-4.2424242424242422,-3.6363636363636362,0,0.0026265316959887697,0.0014457294224268264,0.0026284037509228561,0.001446507495119266,0.0026293059894845778,0.0014470061203380965,9.0223856172170006e-07,4.9862521883051875e-07
n3_irregular_f1.0_d10.0,1,5.7575757575757578,-3.6363636363636362,0,-0.0027522596208771326,0.00073074042074260386,-0.002754107784836736,0.00073099636154054461,-0.0027555163861246908,0.00073137951924456877,-1.4086012879548082e-06,3.8315770402416911e-07
n3_irregular_f1.0_d10.0,2,-1.5151515151515151,7.2727272727272716,0,0.00012572792488836274,-0.0021764698431694304,0.00012570403391388003,-0.0021775038566598107,0.0001257983096378498,-0.0021790191846083975,9.4275723969768251e-08,-1.5153279485867997e-06
n4_linear_f0.1_d2.1,0,-3.1500000000000004,0,0,0.01051689626022936,0,0.010700696598101671,0,0.010734335325414549,8.5958863829004101e-21,3.3638727312877356e-05,8.5958863829004101e-21
n4_linear_f0.1_d2.1,1,-1.05,0,0,0.00062433665816862037,0,0.00062500701530633911,0,0.00064771155934261035,1.2298476729208404e-18,2.2704544036271238e-05,1.2298476729208404e-18
n4_linear_f0.1_d2.1,2,1.05,0,0,-0.00062433665816861994,0,-0.00062500701530633987,0,-0.00064771155934261393,1.3137233499988865e-18,-2.2704544036274057e-05,1.3137233499988865e-18
n4_linear_f0.1_d2.1,3,3.1500000000000004,0,0,-0.01051689626022936,0,-0.01070069659810167,0,-0.010734335325414552,1.3256961917464978e-18,-3.363872731288256e-05,1.3256961917464978e-18
n4_linear_f0.1_d2.5,0,-3.75,0,0,0.0052573137466367971,0,0.0052953255177059068,0,0.0053073346629827914,8.771312635612663e-23,1.2009145276884597e-05,8.771312635612663e-23
n4_linear_f0.1_d2.5,1,-1.25,0,0,0.00031491227778416105,0,0.0003151075248829416,0,0.00032363057452586079,6.0600998999447897e-19,8.5230496429191966e-06,6.0600998999447897e-19
n4_linear_f0.1_d2.5,2,1.25,0,0,-0.00031491227778416078,0,-0.00031510752488294203,0,-0.00032363057452585949,6.4311264244312042e-19,-8.5230496429174619e-06,6.4311264244312042e-19
n4_linear_f0.1_d2.5,3,3.75,0,0,-0.005257313746636798,0,-0.005295325517705906,0,-0.0053073346629827906,6.525856600895821e-19,-1.2009145276884597e-05,6.525856600895821e-19
n4_linear_f0.1_d3.0,0,-4.5,0,0,0.0025509867418490716,0,0.0025594862408174252,0,0.0025634776698209025,-8.771312635612663e-23,3.9914290034773377e-06,-8.771312635612663e-23
n4_linear_f0.1_d3.0,1,-1.5,0,0,0.00015490972665714239,0,0.00015496581226975538,0,0.00015788965874537051,2.9054973105466945e-19,2.9238464756151323e-06,2.9054973105466945e-19
n4_linear_f0.1_d3.0,2,1.5,0,0,-0.00015490972665714239,0,-0.00015496581226975533,0,-0.00015788965874537206,3.103948258927431e-19,-2.9238464756167315e-06,3.103948258927431e-19
n4_linear_f0.1_d3.0,3,4.5,0,0,-0.0025509867418490716,0,-0.0025594862408174256,0,-0.0025634776698209029,3.1383756610222107e-19,-3.9914290034773377e-06,3.1383756610222107e-19
n4_linear_f0.1_d4.0,0,-6,0,0,0.00082022212604633093,0,0.00082118575670125438,0,0.00082185144679610854,0,6.6569009485415321e-07,0
n4_linear_f0.1_d4.0,1,-2,0,0,5.1631990159840757e-05,0,5.1640435969779043e-05,0,5.2139478640649769e-05,9.2800487684781981e-20,4.9904267087072594e-07,9.2800487684781981e-20
n4_linear_f0.1_d4.0,2,2,0,0,-5.1631990159840737e-05,0,-5.1640435969779091e-05,0,-5.2139478640649525e-05,9.9247402471957286e-20,-4.9904267087043456e-07,9.9247402471957286e-20
n4_linear_f0.1_d4.0,3,6,0,0,-0.00082022212604633093,0,-0.00082118575670125438,0,-0.00082185144679610864,1.0060695593047724e-19,-6.6569009485426163e-07,1.0060695593047724e-19
n4_linear_f0.1_d6.0,0,-9,0,0,0.00016996973848560414,0,0.00017002653908364596,0,0.00017007734455443222,0,5.0805470786261875e-08,0
n4_linear_f0.1_d6.0,1,-3,0,0,1.1879810223686719e-05,0,1.1880475541410135e-05,0,1.1918990761818825e-05,1.8946035292923351e-20,3.8515220408690302e-08,1.8946035292923351e-20
n4_linear_f0.1_d6.0,2,3,0,0,-1.1879810223686712e-05,0,-1.1880475541410125e-05,0,-1.1918990761818858e-05,2.0437158440977504e-20,-3.8515220408732653e-08,2.0437158440977504e-20
n4_linear_f0.1_d6.0,3,9,0,0,-0.00016996973848560417,0,-0.00017002653908364596,0,-0.00017007734455443219,2.0875724072758137e-20,-5.080547078623477e-08,2.0875724072758137e-20
n4_linear_f0.1_d10.0,0,-15,0,0,2.5516179252946478e-05,0,2.5518253252630173e-05,0,2.5520270537076278e-05,0,2.0172844461057392e-09,0
n4_linear_f0.1_d10.0,1,-5,0,0,2.3059020675966409e-06,0,2.3059238895685441e-06,0,2.3075959203755178e-06,2.7629634802179889e-21,1.6720308069736817e-09,2.7629634802179889e-21
n4_linear_f0.1_d10.0,2,5,0,0,-2.3059020675966409e-06,0,-2.3059238895685437e-06,0,-2.3075959203755195e-06,3.1576725488205586e-21,-1.6720308069757993e-09,3.1576725488205586e-21
n4_linear_f0.1_d10.0,3,15,0,0,-2.5516179252946478e-05,0,-2.5518253252630173e-05,0,-2.5520270537076278e-05,3.1576725488205586e-21,-2.0172844461057392e-09,3.1576725488205586e-21
n4_linear_f0.4_d2.1,0,-3.1500000000000004,0,0,0.16827034016366976,0,0.18098679379933441,0,0.18325606922761717,4.7715940737732882e-19,0.0022692754282827576,4.7715940737732882e-19
n4_linear_f0.4_d2.1,1,-1.05,0,0,0.009989386530697926,0,0.010029122789709955,0,0.011526192955403688,2.202827455307764e-17,0.0014970701656937327,2.202827455307764e-17
n4_linear_f0.4_d2.1,2,1.05,0,0,-0.009989386530697919,0,-0.010029122789709966,0,-0.01152619295540382,2.3088901676975923e-17,-0.0014970701656938541,2.3088901676975923e-17
n4_linear_f0.4_d2.1,3,3.1500000000000004,0,0,-0.16827034016366976,0,-0.18098679379933438,0,-0.18325606922761711,2.2547185408600486e-17,-0.0022692754282827299,2.2547185408600486e-17
n4_linear_f0.4_d2.5,0,-3.75,0,0,0.084117019946188754,0,0.086572624030658699,0,0.087351066925128687,7.5784141171693406e-20,0.00077844289446998838,7.5784141171693406e-20
n4_linear_f0.4_d2.5,1,-1.25,0,0,0.0050385964445465769,0,0.0050499089792323433,0,0.0055943035162866013,1.001052368477202e-17,0.00054439453705425796,1.001052368477202e-17
n4_linear_f0.4_d2.5,2,1.25,0,0,-0.0050385964445465725,0,-0.0050499089792323398,0,-0.0055943035162865275,1.0628024094319152e-17,-0.00054439453705418771,1.0628024094319152e-17
n4_linear_f0.4_d2.5,3,3.75,0,0,-0.084117019946188767,0,-0.086572624030658712,0,-0.08735106692512877,1.076415486642386e-17,-0.00077844289447005777,1.076415486642386e-17
n4_linear_f0.4_d3.0,0,-4.5,0,0,0.040815787869585146,0,0.041345106731896702,0,0.0416011834191405,5.6136400867921043e-21,0.00025607668724379751,5.6136400867921043e-21
n4_linear_f0.4_d3.0,1,-1.5,0,0,0.0024785556265142783,0,0.0024817346200386673,0,0.0026677067350870894,4.7130017053673961e-18,0.00018597211504842214,4.7130017053673961e-18
n4_linear_f0.4_d3.0,2,1.5,0,0,-0.0024785556265142783,0,-0.0024817346200386656,0,-0.0026677067350870955,5.0410487979393099e-18,-0.00018597211504842994,5.0410487979393099e-18
n4_linear_f0.4_d3.0,3,4.5,0,0,-0.040815787869585146,0,-0.041345106731896702,0,-0.041601183419140479,5.0957817887855331e-18,-0.00025607668724377669,5.0957817887855331e-18
n4_linear_f0.4_d4.0,0,-6,0,0,0.013123554016741295,0,0.013181017077254581,0,0.013223566635174929,1.4034100216980261e-21,4.2549557920348174e-05,1.4034100216980261e-21
n4_linear_f0.4_d4.0,1,-2,0,0,0.00082611184255745212,0,0.00082657661756438481,0,0.00085834710716210761,1.4928774105812751e-18,3.1770489597722799e-05,1.4928774105812751e-18
n4_linear_f0.4_d4.0,2,2,0,0,-0.00082611184255745179,0,-0.00082657661756438405,0,-0.00085834710716210154,1.5970806046923537e-18,-3.1770489597717486e-05,1.5970806046923537e-18
n4_linear_f0.4_d4.0,3,6,0,0,-0.013123554016741295,0,-0.013181017077254583,0,-0.013223566635174924,1.6209385750612201e-18,-4.2549557920341236e-05,1.6209385750612201e-18
n4_linear_f0.4_d6.0,0,-9,0,0,0.0027195158157696663,0,0.0027227328420109773,0,0.0027259805652599506,0,3.2477232489733568e-06,0
n4_linear_f0.4_d6.0,1,-3,0,0,0.0001900769635789875,0,0.00019011250692566078,0,0.00019257116546877391,3.0383826969762264e-19,2.4586585431131305e-06,3.0383826969762264e-19
n4_linear_f0.4_d6.0,2,3,0,0,-0.00019007696357898739,0,-0.00019011250692566083,0,-0.00019257116546877393,3.2769624006648909e-19,-2.4586585431131034e-06,3.2769624006648909e-19
n4_linear_f0.4_d6.0,3,9,0,0,-0.0027195158157696667,0,-0.0027227328420109773,0,-0.0027259805652599498,3.340115851641302e-19,-3.2477232489724894e-06,3.340115851641302e-19
n4_linear_f0.4_d10.0,0,-15,0,0,0.00040825886804714365,0,0.00040837075277798222,0,0.00040849978128014517,0,1.2902850216294903e-07,0
n4_linear_f0.4_d10.0,1,-5,0,0,3.6894433081546254e-05,0,3.6895445734360268e-05,0,3.7002366174253519e-05,4.4207415683487823e-20,1.0692043989325121e-07,4.4207415683487823e-20
n4_linear_f0.4_d10.0,2,5,0,0,-3.6894433081546254e-05,0,-3.6895445734360288e-05,0,-3.7002366174253519e-05,5.0522760781128937e-20,-1.0692043989323088e-07,5.0522760781128937e-20
n4_linear_f0.4_d10.0,3,15,0,0,-0.00040825886804714365,0,-0.00040837075277798222,0,-0.00040849978128014517,5.3329580824524995e-20,-1.2902850216294903e-07,5.3329580824524995e-20
n4_linear_f0.8_d2.1,0,-3.1500000000000004,0,0,0.67308136065467905,0,0.79157280905290384,0,0.81146758445218536,4.4235483883921785e-18,0.019894775399281528,4.4235483883921785e-18
n4_linear_f0.8_d2.1,1,-1.05,0,0,0.039957546122791704,0,0.040275294626699515,0,0.052993661055917539,1.1741489605534364e-16,0.012718366429218024,1.1741489605534364e-16
n4_linear_f0.8_d2.1,2,1.05,0,0,-0.039957546122791676,0,-0.040275294626699543,0,-0.052993661055916901,1.1357516623597785e-16,-0.012718366429217358,1.1357516623597785e-16
n4_linear_f0.8_d2.1,3,3.1500000000000004,0,0,-0.67308136065467905,0,-0.79157280905290384,0,-0.81146758445218614,9.1704424457835814e-17,-0.019894775399282305,9.1704424457835814e-17
n4_linear_f0.8_d2.5,0,-3.75,0,0,0.33646807978475501,0,0.357265138692683,0,0.36361712086020614,8.08364172498063e-19,0.0063519821675231403,8.08364172498063e-19
n4_linear_f0.8_d2.5,1,-1.25,0,0,0.020154385778186307,0,0.020244077999767521,0,0.024596539914593204,4.2681908989902067e-17,0.0043524619148256824,4.2681908989902067e-17
n4_linear_f0.8_d2.5,2,1.25,0,0,-0.02015438577818629,0,-0.020244077999767518,0,-0.024596539914593311,4.5885894069438665e-17,-0.0043524619148257934,4.5885894069438665e-17
n4_linear_f0.8_d2.5,3,3.75,0,0,-0.33646807978475507,0,-0.357265138692683,0,-0.36361712086020626,4.5605212065099056e-17,-0.0063519821675232513,4.5605212065099056e-17
n4_linear_f0.8_d3.0,0,-4.5,0,0,0.16326315147834058,0,0.16760826849003749,0,0.16966277967286503,8.9818241388673669e-20,0.0020545111828275398,8.9818241388673669e-20
n4_linear_f0.8_d3.0,1,-1.5,0,0,0.0099142225060571132,0,0.0099392494892942412,0,0.011413482586973708,1.9292677568282765e-17,0.0014742330976794671,1.9292677568282765e-17
n4_linear_f0.8_d3.0,2,1.5,0,0,-0.0099142225060571132,0,-0.0099392494892942274,0,-0.011413482586973606,2.0590831838353439e-17,-0.0014742330976793786,2.0590831838353439e-17
n4_linear_f0.8_d3.0,3,4.5,0,0,-0.16326315147834058,0,-0.16760826849003752,0,-0.16966277967286506,2.0826604721998704e-17,-0.0020545111828275398,2.0826604721998704e-17
n4_linear_f0.8_d4.0,0,-6,0,0,0.05249421606696518,0,0.052954900028861378,0,0.053294538672211005,0,0.00033963864334962679,0
n4_linear_f0.8_d4.0,1,-2,0,0,0.0033044473702298085,0,0.0033080755426441876,0,0.0035602831801523705,5.9981744327373638e-18,0.00025220763750818291,5.9981744327373638e-18
n4_linear_f0.8_d4.0,2,2,0,0,-0.0033044473702298072,0,-0.0033080755426441871,0,-0.0035602831801524151,6.4444588196373362e-18,-0.00025220763750822802,6.4444588196373362e-18
n4_linear_f0.8_d4.0,3,6,0,0,-0.05249421606696518,0,-0.052954900028861378,0,-0.053294538672210991,6.5286634209392175e-18,-0.00033963864334961291,6.5286634209392175e-18
n4_linear_f0.8_d6.0,0,-9,0,0,0.010878063263078665,0,0.010903384594940389,0,0.010929318128542519,5.6136400867921043e-21,2.5933533602130049e-05,5.6136400867921043e-21
n4_linear_f0.8_d6.0,1,-3,0,0,0.00076030785431595001,0,0.00076058319157895041,0,0.0007801783626135146,1.2181598988338866e-18,1.9595171034564188e-05,1.2181598988338866e-18
n4_linear_f0.8_d6.0,2,3,0,0,-0.00076030785431594958,0,-0.00076058319157895106,0,-0.00078017836261351611,1.3135917803093524e-18,-1.9595171034565055e-05,1.3135917803093524e-18
n4_linear_f0.8_d6.0,3,9,0,0,-0.010878063263078667,0,-0.010903384594940389,0,-0.010929318128542517,1.3416599807433129e-18,-2.5933533602128314e-05,1.3416599807433129e-18
n4_linear_f0.8_d10.0,0,-15,0,0,0.0016330354721885746,0,0.0016339044031463156,0,0.0016349357015331288,0,1.0312983868131665e-06,0
n4_linear_f0.8_d10.0,1,-5,0,0,0.00014757773232618502,0,0.00014758533016452155,0,0.00014843964886018826,1.7682966273395129e-19,8.5431869566670151e-07,1.7682966273395129e-19
n4_linear_f0.8_d10.0,2,5,0,0,-0.00014757773232618502,0,-0.00014758533016452158,0,-0.00014843964886018907,2.0770468321130786e-19,-8.5431869566748755e-07,2.0770468321130786e-19
n4_linear_f0.8_d10.0,3,15,0,0,-0.0016330354721885746,0,-0.0016339044031463156,0,-0.0016349357015331286,2.0209104312451575e-19,-1.0312983868129497e-06,2.0209104312451575e-19
n4_linear_f1.0_d2.1,0,-3.1500000000000004,0,0,1.051689626022936,0,1.3055227410565091,0,1.3467098546275398,9.0379605397352882e-18,0.041187113571030665,9.0379605397352882e-18
n4_linear_f1.0_d2.1,1,-1.05,0,0,0.062433665816862112,0,0.063057215818032503,0,0.088959252225333837,1.8058027601693925e-16,0.025902036407301335,1.8058027601693925e-16
n4_linear_f1.0_d2.1,2,1.05,0,0,-0.06243366581686205,0,-0.063057215818032475,0,-0.088959252225333851,1.9277240058044086e-16,-0.025902036407301376,1.9277240058044086e-16
n4_linear_f1.0_d2.1,3,3.1500000000000004,0,0,-1.051689626022936,0,-1.3055227410565091,0,-1.3467098546275396,1.7593148032006455e-16,-0.041187113571030443,1.7593148032006455e-16
n4_linear_f1.0_d2.5,0,-3.75,0,0,0.5257313746636797,0,0.5676989071513231,0,0.58024256471496261,1.3192054203961444e-18,0.01254365756363951,1.3192054203961444e-18
n4_linear_f1.0_d2.5,1,-1.25,0,0,0.031491227778416099,0,0.031666656270040207,0,0.040170358368851862,6.6714603906469908e-17,0.0085037020988116552,6.6714603906469908e-17
n4_linear_f1.0_d2.5,2,1.25,0,0,-0.031491227778416064,0,-0.031666656270040172,0,-0.040170358368851772,7.286504832656151e-17,-0.0085037020988115997,7.286504832656151e-17
n4_linear_f1.0_d2.5,3,3.75,0,0,-0.52573137466367981,0,-0.5676989071513231,0,-0.58024256471496261,7.3398344134806766e-17,-0.01254365756363951,7.3398344134806766e-17
n4_linear_f1.0_d3.0,0,-4.5,0,0,0.25509867418490711,0,0.26372684596047674,0,0.2677446566162569,1.6840920260376311e-19,0.0040178106557801629,1.6840920260376311e-19
n4_linear_f1.0_d3.0,1,-1.5,0,0,0.015490972665714239,0,0.01553979944381988,0,0.018404840996401464,3.0225943342321236e-17,0.0028650415525815834,3.0225943342321236e-17
n4_linear_f1.0_d3.0,2,1.5,0,0,-0.015490972665714253,0,-0.015539799443819863,0,-0.018404840996401724,3.2488942002309305e-17,-0.0028650415525818609,3.2488942002309305e-17
n4_linear_f1.0_d3.0,3,4.5,0,0,-0.25509867418490711,0,-0.26372684596047674,0,-0.26774465661625679,3.2755589906431926e-17,-0.0040178106557800519,3.2755589906431926e-17
n4_linear_f1.0_d4.0,0,-6,0,0,0.082022212604633077,0,0.082927231411955307,0,0.083589663015893143,1.403410021698026e-20,0.00066243160393783529,1.403410021698026e-20
n4_linear_f1.0_d4.0,1,-2,0,0,0.0051631990159840746,0,0.0051702581616461449,0,0.0056607690780491752,9.4449494460277156e-18,0.00049051091640303027,9.4449494460277156e-18
n4_linear_f1.0_d4.0,2,2,0,0,-0.0051631990159840685,0,-0.0051702581616461518,0,-0.0056607690780492185,1.0122094781497013e-17,-0.0004905109164030667,1.0122094781497013e-17
n4_linear_f1.0_d4.0,3,6,0,0,-0.082022212604633091,0,-0.082927231411955293,0,-0.083589663015893143,1.025892725861257e-17,-0.00066243160393784917,1.025892725861257e-17
n4_linear_f1.0_d6.0,0,-9,0,0,0.016996973848560415,0,0.017046371940560801,0,0.017096969440905972,0,5.0597500345170993e-05,0
n4_linear_f1.0_d6.0,1,-3,0,0,0.0011879810223686719,0,0.0011885155461498931,0,0.0012267088440044791,1.9051291044550701e-18,3.8193297854585999e-05,1.9051291044550701e-18
n4_linear_f1.0_d6.0,2,3,0,0,-0.0011879810223686706,0,-0.0011885155461498938,0,-0.0012267088440044796,2.055995681787608e-18,-3.8193297854585782e-05,2.055995681787608e-18
n4_linear_f1.0_d6.0,3,9,0,0,-0.016996973848560415,0,-0.017046371940560801,0,-0.017096969440905978,2.0910809323300586e-18,-5.0597500345177931e-05,2.0910809323300586e-18
n4_linear_f1.0_d10.0,0,-15,0,0,0.0025516179252946473,0,0.0025533060573132938,0,0.0025553193115086894,0,2.0132541953955634e-06,0
n4_linear_f1.0_d10.0,1,-5,0,0,0.00023059020675966405,0,0.00023060485610023996,0,0.00023227234445531212,2.7717347928536013e-19,1.667488355072157e-06,2.7717347928536013e-19
n4_linear_f1.0_d10.0,2,5,0,0,-0.00023059020675966421,0,-0.00023060485610023988,0,-0.0002322723444553115,3.1576725488205584e-19,-1.6674883550716149e-06,3.1576725488205584e-19
n4_linear_f1.0_d10.0,3,15,0,0,-0.0025516179252946473,0,-0.0025533060573132938,0,-0.0025553193115086894,3.2278430499054597e-19,-2.0132541953955634e-06,3.2278430499054597e-19
n4_compact_f0.1_d2.1,0,-1.05,-1.05,0,0.011503347700410081,0.011503347700410081,0.011692903101600767,0.011692903101600767,0.011825011491212175,0.011825011491212184,0.00013210838961140794,0.00013210838961141662
n4_compact_f0.1_d2.1,1,1.05,-1.05,0,-0.011503347700410081,0.011503347700410081,-0.011692903101600767,0.011692903101600767,-0.011825011491212175,0.01182501149121218,-0.00013210838961140794,0.00013210838961141315
n4_compact_f0.1_d2.1,2,1.05,1.05,0,-0.011503347700410081,-0.011503347700410081,-0.011692903101600767,-0.011692903101600767,-0.011825011491212185,-0.011825011491212171,-0.00013210838961141835,-0.00013210838961140448
n4_compact_f0.1_d2.1,3,-1.05,1.05,0,0.011503347700410081,-0.011503347700410081,0.011692903101600767,-0.011692903101600767,0.011825011491212173,-0.011825011491212178,0.00013210838961140621,-0.00013210838961141141
n4_compact_f0.1_d2.5,0,-1.25,-1.25,0,0.0057478779429312524,0.0057478779429312524,0.0057873637613229788,0.0057873637613229788,0.0058231472829464786,0.0058231472829464743,3.5783521623499771e-05,3.5783521623495435e-05
n4_compact_f0.1_d2.5,1,1.25,-1.25,0,-0.0057478779429312524,0.0057478779429312524,-0.0057873637613229788,0.0057873637613229788,-0.0058231472829464786,0.0058231472829464778,-3.5783521623499771e-05,3.5783521623498904e-05
n4_compact_f0.1_d2.5,2,1.25,1.25,0,-0.0057478779429312524,-0.0057478779429312524,-0.0057873637613229788,-0.0057873637613229788,-0.0058231472829464769,-0.0058231472829464778,-3.5783521623498037e-05,-3.5783521623498904e-05
n4_compact_f0.1_d2.5,3,-1.25,1.25,0,0.0057478779429312524,-0.0057478779429312524,0.0057873637613229788,-0.0057873637613229788,0.0058231472829464769,-0.0058231472829464804,3.5783521623498037e-05,-3.5783521623501506e-05
n4_compact_f0.1_d3.0,0,-1.5,-1.5,0,0.0027870441310436336,0.0027870441310436336,0.0027959243395214973,0.0027959243395214973,0.0028053892629088147,0.0028053892629088142,9.4649233873173901e-06,9.4649233873169564e-06
n4_compact_f0.1_d3.0,1,1.5,-1.5,0,-0.0027870441310436336,0.0027870441310436336,-0.0027959243395214973,0.0027959243395214973,-0.0028053892629088142,0.0028053892629088138,-9.4649233873169564e-06,9.4649233873165227e-06
n4_compact_f0.1_d3.0,2,1.5,1.5,0,-0.0027870441310436336,-0.0027870441310436336,-0.0027959243395214973,-0.0027959243395214973,-0.0028053892629088155,-0.0028053892629088147,-9.4649233873182574e-06,-9.4649233873173901e-06
n4_compact_f0.1_d3.0,3,-1.5,1.5,0,0.0027870441310436336,-0.0027870441310436336,0.0027959243395214973,-0.0027959243395214973,0.0028053892629088129,-0.0028053892629088147,9.4649233873156553e-06,-9.4649233873173901e-06
n4_compact_f0.1_d4.0,0,-2,-2,0,0.00089434104988524155,0.00089434104988524155,0.00089535464914650262,0.00089535464914650262,0.00089658416891974296,0.00089658416891974307,1.2295197732403425e-06,1.2295197732404509e-06
n4_compact_f0.1_d4.0,1,2,-2,0,-0.00089434104988524155,0.00089434104988524155,-0.00089535464914650262,0.00089535464914650262,-0.00089658416891974296,0.00089658416891974307,-1.2295197732403425e-06,1.2295197732404509e-06
n4_compact_f0.1_d4.0,2,2,2,0,-0.00089434104988524155,-0.00089434104988524155,-0.00089535464914650262,-0.00089535464914650262,-0.00089658416891974328,-0.00089658416891974296,-1.2295197732406678e-06,-1.2295197732403425e-06
n4_compact_f0.1_d4.0,3,-2,2,0,0.00089434104988524155,-0.00089434104988524155,0.00089535464914650262,-0.00089535464914650262,0.00089658416891974296,-0.00089658416891974296,1.2295197732403425e-06,-1.2295197732403425e-06
n4_compact_f0.1_d6.0,0,-3,-3,0,0.0001841968780212101,0.0001841968780212101,0.00018425705871785172,0.00018425705871785172,0.00018433444822238586,0.00018433444822238583,7.7389504534141869e-08,7.7389504534114764e-08
n4_compact_f0.1_d6.0,1,3,-3,0,-0.0001841968780212101,0.0001841968780212101,-0.00018425705871785172,0.00018425705871785172,-0.00018433444822238575,0.0001843344482223858,-7.7389504534033449e-08,7.7389504534087659e-08
n4_compact_f0.1_d6.0,2,3,3,0,-0.0001841968780212101,-0.0001841968780212101,-0.00018425705871785172,-0.00018425705871785172,-0.00018433444822238586,-0.00018433444822238583,-7.7389504534141869e-08,-7.7389504534114764e-08
n4_compact_f0.1_d6.0,3,-3,3,0,0.0001841968780212101,-0.0001841968780212101,0.00018425705871785172,-0.00018425705871785172,0.00018433444822238578,-0.00018433444822238578,7.7389504534060554e-08,-7.7389504534060554e-08
n4_compact_f0.1_d10.0,0,-5,-5,0,2.7478940658112679e-05,2.7478940658112679e-05,2.7481166851060715e-05,2.7481166851060715e-05,2.7484043447966036e-05,2.7484043447966036e-05,2.8765969053213311e-09,2.8765969053213311e-09
n4_compact_f0.1_d10.0,1,5,-5,0,-2.7478940658112679e-05,2.7478940658112679e-05,-2.7481166851060715e-05,2.7481166851060715e-05,-2.7484043447966036e-05,2.7484043447966036e-05,-2.8765969053213311e-09,2.8765969053213311e-09
n4_compact_f0.1_d10.0,2,5,5,0,-2.7478940658112679e-05,-2.7478940658112679e-05,-2.7481166851060715e-05,-2.7481166851060715e-05,-2.7484043447966043e-05,-2.7484043447966036e-05,-2.8765969053281073e-09,-2.8765969053213311e-09
n4_compact_f0.1_d10.0,3,-5,5,0,2.7478940658112679e-05,-2.7478940658112679e-05,2.7481166851060715e-05,-2.7481166851060715e-05,2.7484043447966033e-05,-2.7484043447966043e-05,2.8765969053179429e-09,-2.8765969053281073e-09
n4_compact_f0.4_d2.1,0,-1.05,-1.05,0,0.1840535632065613,0.1840535632065613,0.19713163135122236,0.19713163135122236,0.20671086261647362,0.20671086261647367,0.009579231265251259,0.0095792312652513145
n4_compact_f0.4_d2.1,1,1.05,-1.05,0,-0.1840535632065613,0.1840535632065613,-0.19713163135122236,0.19713163135122236,-0.20671086261647362,0.20671086261647365,-0.009579231265251259,0.0095792312652512868
n4_compact_f0.4_d2.1,2,1.05,1.05,0,-0.1840535632065613,-0.1840535632065613,-0.19713163135122236,-0.19713163135122236,-0.20671086261647373,-0.20671086261647362,-0.00957923126525137,-0.009579231265251259
n4_compact_f0.4_d2.1,3,-1.05,1.05,0,0.1840535632065613,-0.1840535632065613,0.19713163135122236,-0.19713163135122236,0.20671086261647356,-0.20671086261647362,0.0095792312652512035,-0.009579231265251259
n4_compact_f0.4_d2.5,0,-1.25,-1.25,0,0.091966047086900038,0.091966047086900038,0.094511790200486515,0.094511790200486515,0.096940022405159892,0.096940022405159879,0.0024282322046733779,0.002428232204673364
n4_compact_f0.4_d2.5,1,1.25,-1.25,0,-0.091966047086900038,0.091966047086900038,-0.094511790200486515,0.094511790200486515,-0.096940022405159879,0.096940022405159892,-0.002428232204673364,0.0024282322046733779
n4_compact_f0.4_d2.5,2,1.25,1.25,0,-0.091966047086900038,-0.091966047086900038,-0.094511790200486515,-0.094511790200486515,-0.096940022405159892,-0.096940022405159892,-0.0024282322046733779,-0.0024282322046733779
n4_compact_f0.4_d2.5,3,-1.25,1.25,0,0.091966047086900038,-0.091966047086900038,0.094511790200486515,-0.094511790200486515,0.096940022405159879,-0.096940022405159906,0.002428232204673364,-0.0024282322046733917
n4_compact_f0.4_d3.0,0,-1.5,-1.5,0,0.044592706096698138,0.044592706096698138,0.045144720927168876,0.045144720927168876,0.045769206666924349,0.045769206666924335,0.00062448573975547317,0.00062448573975545929
n4_compact_f0.4_d3.0,1,1.5,-1.5,0,-0.044592706096698138,0.044592706096698138,-0.045144720927168876,0.045144720927168876,-0.045769206666924335,0.045769206666924349,-0.00062448573975545929,0.00062448573975547317
n4_compact_f0.4_d3.0,2,1.5,1.5,0,-0.044592706096698138,-0.044592706096698138,-0.045144720927168876,-0.045144720927168876,-0.045769206666924349,-0.045769206666924335,-0.00062448573975547317,-0.00062448573975545929
n4_compact_f0.4_d3.0,3,-1.5,1.5,0,0.044592706096698138,-0.044592706096698138,0.045144720927168876,-0.045144720927168876,0.045769206666924335,-0.045769206666924342,0.00062448573975545929,-0.00062448573975546623
n4_compact_f0.4_d4.0,0,-2,-2,0,0.014309456798163865,0.014309456798163865,0.014369791300838503,0.014369791300838503,0.014449472405940798,0.014449472405940798,7.9681105102294772e-05,7.9681105102294772e-05
n4_compact_f0.4_d4.0,1,2,-2,0,-0.014309456798163865,0.014309456798163865,-0.014369791300838503,0.014369791300838503,-0.014449472405940798,0.014449472405940791,-7.9681105102294772e-05,7.9681105102287833e-05
n4_compact_f0.4_d4.0,2,2,2,0,-0.014309456798163865,-0.014309456798163865,-0.014369791300838503,-0.014369791300838503,-0.014449472405940803,-0.014449472405940798,-7.9681105102299976e-05,-7.9681105102294772e-05
n4_compact_f0.4_d4.0,3,-2,2,0,0.014309456798163865,-0.014309456798163865,0.014369791300838503,-0.014369791300838503,0.014449472405940791,-0.0144494724059408,7.9681105102287833e-05,-7.9681105102296507e-05
n4_compact_f0.4_d6.0,0,-3,-3,0,0.0029471500483393615,0.0029471500483393615,0.0029505532439804598,0.0029505532439804598,0.0029555266933024185,0.0029555266933024172,4.9734493219586763e-06,4.9734493219573753e-06
n4_compact_f0.4_d6.0,1,3,-3,0,-0.0029471500483393615,0.0029471500483393615,-0.0029505532439804598,0.0029505532439804598,-0.0029555266933024172,0.0029555266933024185,-4.9734493219573753e-06,4.9734493219586763e-06
n4_compact_f0.4_d6.0,2,3,3,0,-0.0029471500483393615,-0.0029471500483393615,-0.0029505532439804598,-0.0029505532439804598,-0.0029555266933024181,-0.0029555266933024181,-4.9734493219582426e-06,-4.9734493219582426e-06
n4_compact_f0.4_d6.0,3,-3,3,0,0.0029471500483393615,-0.0029471500483393615,0.0029505532439804598,-0.0029505532439804598,0.0029555266933024181,-0.0029555266933024181,4.9734493219582426e-06,-4.9734493219582426e-06
n4_compact_f0.4_d10.0,0,-5,-5,0,0.00043966305052980286,0.00043966305052980286,0.0004397831871733233,0.0004397831871733233,0.00043996749463305938,0.00043996749463305938,1.8430745973608024e-07,1.8430745973608024e-07
n4_compact_f0.4_d10.0,1,5,-5,0,-0.00043966305052980286,0.00043966305052980286,-0.0004397831871733233,0.0004397831871733233,-0.00043996749463305938,0.00043996749463305938,-1.8430745973608024e-07,1.8430745973608024e-07
n4_compact_f0.4_d10.0,2,5,5,0,-0.00043966305052980286,-0.00043966305052980286,-0.0004397831871733233,-0.0004397831871733233,-0.00043996749463305943,-0.00043996749463305927,-1.8430745973613445e-07,-1.8430745973597182e-07
n4_compact_f0.4_d10.0,3,-5,5,0,0.00043966305052980286,-0.00043966305052980286,0.0004397831871733233,-0.0004397831871733233,0.00043996749463305927,-0.00043996749463305943,1.8430745973597182e-07,-1.8430745973613445e-07
n4_compact_f0.8_d2.1,0,-1.05,-1.05,0,0.7362142528262452,0.7362142528262452,0.85765876706949762,0.85765876706949762,0.9508400619722206,0.9508400619722206,0.093181294902722978,0.093181294902722978
n4_compact_f0.8_d2.1,1,1.05,-1.05,0,-0.7362142528262452,0.7362142528262452,-0.85765876706949762,0.85765876706949762,-0.9508400619722206,0.95084006197222093,-0.093181294902722978,0.093181294902723311
n4_compact_f0.8_d2.1,2,1.05,1.05,0,-0.7362142528262452,-0.7362142528262452,-0.85765876706949762,-0.85765876706949762,-0.95084006197222093,-0.95084006197222037,-0.093181294902723311,-0.093181294902722756
n4_compact_f0.8_d2.1,3,-1.05,1.05,0,0.7362142528262452,-0.7362142528262452,0.85765876706949762,-0.85765876706949762,0.9508400619722206,-0.95084006197222082,0.093181294902722978,-0.0931812949027232
n4_compact_f0.8_d2.5,0,-1.25,-1.25,0,0.36786418834760015,0.36786418834760015,0.38939206272211302,0.38939206272211302,0.41051980054717946,0.41051980054717946,0.021127737825066439,0.021127737825066439
n4_compact_f0.8_d2.5,1,1.25,-1.25,0,-0.36786418834760015,0.36786418834760015,-0.38939206272211302,0.38939206272211302,-0.41051980054717946,0.41051980054717929,-0.021127737825066439,0.021127737825066273
n4_compact_f0.8_d2.5,2,1.25,1.25,0,-0.36786418834760015,-0.36786418834760015,-0.38939206272211302,-0.38939206272211302,-0.41051980054717957,-0.41051980054717935,-0.02112773782506655,-0.021127737825066328
n4_compact_f0.8_d2.5,3,-1.25,1.25,0,0.36786418834760015,-0.36786418834760015,0.38939206272211302,-0.38939206272211302,0.41051980054717918,-0.41051980054717951,0.021127737825066162,-0.021127737825066495
n4_compact_f0.8_d3.0,0,-1.5,-1.5,0,0.17837082438679255,0.17837082438679255,0.18289775198718963,0.18289775198718963,0.18811040868916631,0.18811040868916629,0.0052126567019766812,0.0052126567019766534
n4_compact_f0.8_d3.0,1,1.5,-1.5,0,-0.17837082438679255,0.17837082438679255,-0.18289775198718963,0.18289775198718963,-0.18811040868916629,0.18811040868916623,-0.0052126567019766534,0.0052126567019765979
n4_compact_f0.8_d3.0,2,1.5,1.5,0,-0.17837082438679255,-0.17837082438679255,-0.18289775198718963,-0.18289775198718963,-0.18811040868916631,-0.18811040868916629,-0.0052126567019766812,-0.0052126567019766534
n4_compact_f0.8_d3.0,3,-1.5,1.5,0,0.17837082438679255,-0.17837082438679255,0.18289775198718963,-0.18289775198718963,0.18811040868916618,-0.18811040868916629,0.0052126567019765424,-0.0052126567019766534
n4_compact_f0.8_d4.0,0,-2,-2,0,0.057237827192655459,0.057237827192655459,0.057721208570295932,0.057721208570295932,0.058369727497058682,0.058369727497058682,0.00064851892676275058,0.00064851892676275058
n4_compact_f0.8_d4.0,1,2,-2,0,-0.057237827192655459,0.057237827192655459,-0.057721208570295932,0.057721208570295932,-0.058369727497058682,0.058369727497058682,-0.00064851892676275058,0.00064851892676275058
n4_compact_f0.8_d4.0,2,2,2,0,-0.057237827192655459,-0.057237827192655459,-0.057721208570295932,-0.057721208570295932,-0.058369727497058703,-0.058369727497058682,-0.0006485189267627714,-0.00064851892676275058
n4_compact_f0.8_d4.0,3,-2,2,0,0.057237827192655459,-0.057237827192655459,0.057721208570295932,-0.057721208570295932,0.058369727497058654,-0.058369727497058682,0.00064851892676272282,-0.00064851892676275058
n4_compact_f0.8_d6.0,0,-3,-3,0,0.011788600193357446,0.011788600193357446,0.011815374947760695,0.011815374947760695,0.011855388782674116,0.011855388782674116,4.0013834913421586e-05,4.0013834913421586e-05
n4_compact_f0.8_d6.0,1,3,-3,0,-0.011788600193357446,0.011788600193357446,-0.011815374947760695,0.011815374947760695,-0.011855388782674113,0.011855388782674113,-4.0013834913418117e-05,4.0013834913418117e-05
n4_compact_f0.8_d6.0,2,3,3,0,-0.011788600193357446,-0.011788600193357446,-0.011815374947760695,-0.011815374947760695,-0.011855388782674118,-0.011855388782674114,-4.0013834913423321e-05,-4.0013834913419852e-05
n4_compact_f0.8_d6.0,3,-3,3,0,0.011788600193357446,-0.011788600193357446,0.011815374947760695,-0.011815374947760695,0.011855388782674109,-0.011855388782674113,4.0013834913414648e-05,-4.0013834913418117e-05
n4_compact_f0.8_d10.0,0,-5,-5,0,0.0017586522021192114,0.0017586522021192114,0.001759585227929674,0.001759585227929674,0.0017610619536264946,0.0017610619536264946,1.4767256968205994e-06,1.4767256968205994e-06
n4_compact_f0.8_d10.0,1,5,-5,0,-0.0017586522021192114,0.0017586522021192114,-0.001759585227929674,0.001759585227929674,-0.0017610619536264946,0.0017610619536264946,-1.4767256968205994e-06,1.4767256968205994e-06
n4_compact_f0.8_d10.0,2,5,5,0,-0.0017586522021192114,-0.0017586522021192114,-0.001759585227929674,-0.001759585227929674,-0.0017610619536264946,-0.0017610619536264946,-1.4767256968205994e-06,-1.4767256968205994e-06
n4_compact_f0.8_d10.0,3,-5,5,0,0.0017586522021192114,-0.0017586522021192114,0.001759585227929674,-0.001759585227929674,0.0017610619536264946,-0.0017610619536264946,1.4767256968205994e-06,-1.4767256968205994e-06
n4_compact_f1.0_d2.1,0,-1.05,-1.05,0,1.1503347700410083,1.1503347700410083,1.4101030837468744,1.4101030837468744,1.6143349750146962,1.6143349750146967,0.20423189126782182,0.20423189126782226
n4_compact_f1.0_d2.1,1,1.05,-1.05,0,-1.1503347700410083,1.1503347700410083,-1.4101030837468744,1.4101030837468744,-1.6143349750146958,1.6143349750146969,-0.20423189126782137,0.20423189126782249
n4_compact_f1.0_d2.1,2,1.05,1.05,0,-1.1503347700410083,-1.1503347700410083,-1.4101030837468744,-1.4101030837468744,-1.6143349750146969,-1.6143349750146958,-0.20423189126782249,-0.20423189126782137
n4_compact_f1.0_d2.1,3,-1.05,1.05,0,1.1503347700410083,-1.1503347700410083,1.4101030837468744,-1.4101030837468744,1.6143349750146967,-1.6143349750146958,0.20423189126782226,-0.20423189126782137
n4_compact_f1.0_d2.5,0,-1.25,-1.25,0,0.57478779429312532,0.57478779429312532,0.61819786115904751,0.61819786115904751,0.66135877268588683,0.66135877268588672,0.043160911526839318,0.043160911526839207
n4_compact_f1.0_d2.5,1,1.25,-1.25,0,-0.57478779429312532,0.57478779429312532,-0.61819786115904751,0.61819786115904751,-0.66135877268588683,0.66135877268588672,-0.043160911526839318,0.043160911526839207
n4_compact_f1.0_d2.5,2,1.25,1.25,0,-0.57478779429312532,-0.57478779429312532,-0.61819786115904751,-0.61819786115904751,-0.66135877268588694,-0.66135877268588661,-0.043160911526839429,-0.043160911526839096
n4_compact_f1.0_d2.5,3,-1.25,1.25,0,0.57478779429312532,-0.57478779429312532,0.61819786115904751,-0.61819786115904751,0.66135877268588661,-0.66135877268588683,0.043160911526839096,-0.043160911526839318
n4_compact_f1.0_d3.0,0,-1.5,-1.5,0,0.27870441310436328,0.27870441310436328,0.28768959519705978,0.28768959519705978,0.29809832838132116,0.29809832838132116,0.010408733184261387,0.010408733184261387
n4_compact_f1.0_d3.0,1,1.5,-1.5,0,-0.27870441310436328,0.27870441310436328,-0.28768959519705978,0.28768959519705978,-0.29809832838132111,0.29809832838132116,-0.010408733184261332,0.010408733184261387
n4_compact_f1.0_d3.0,2,1.5,1.5,0,-0.27870441310436328,-0.27870441310436328,-0.28768959519705978,-0.28768959519705978,-0.29809832838132116,-0.29809832838132116,-0.010408733184261387,-0.010408733184261387
n4_compact_f1.0_d3.0,3,-1.5,1.5,0,0.27870441310436328,-0.27870441310436328,0.28768959519705978,-0.28768959519705978,0.29809832838132105,-0.29809832838132111,0.010408733184261276,-0.010408733184261332
n4_compact_f1.0_d4.0,0,-2,-2,0,0.089434104988524152,0.089434104988524152,0.090383465636324503,0.090383465636324503,0.091661364895882197,0.091661364895882239,0.0012778992595576938,0.0012778992595577354
n4_compact_f1.0_d4.0,1,2,-2,0,-0.089434104988524152,0.089434104988524152,-0.090383465636324503,0.090383465636324503,-0.091661364895882197,0.091661364895882225,-0.0012778992595576938,0.0012778992595577215
n4_compact_f1.0_d4.0,2,2,2,0,-0.089434104988524152,-0.089434104988524152,-0.090383465636324503,-0.090383465636324503,-0.091661364895882252,-0.091661364895882183,-0.0012778992595577493,-0.0012778992595576799
n4_compact_f1.0_d4.0,3,-2,2,0,0.089434104988524152,-0.089434104988524152,0.090383465636324503,-0.090383465636324503,0.091661364895882183,-0.091661364895882197,0.0012778992595576799,-0.0012778992595576938
n4_compact_f1.0_d6.0,0,-3,-3,0,0.018419687802121009,0.018419687802121009,0.01847191370387255,0.01847191370387255,0.018550293382335048,0.018550293382335045,7.8379678462497937e-05,7.8379678462494468e-05
n4_compact_f1.0_d6.0,1,3,-3,0,-0.018419687802121009,0.018419687802121009,-0.01847191370387255,0.01847191370387255,-0.018550293382335045,0.018550293382335051,-7.8379678462494468e-05,7.8379678462501406e-05
n4_compact_f1.0_d6.0,2,3,3,0,-0.018419687802121009,-0.018419687802121009,-0.01847191370387255,-0.01847191370387255,-0.018550293382335051,-0.018550293382335045,-7.8379678462501406e-05,-7.8379678462494468e-05
n4_compact_f1.0_d6.0,3,-3,3,0,0.018419687802121009,-0.018419687802121009,0.01847191370387255,-0.01847191370387255,0.018550293382335045,-0.018550293382335051,7.8379678462494468e-05,-7.8379678462501406e-05
n4_compact_f1.0_d10.0,0,-5,-5,0,0.0027478940658112673,0.0027478940658112673,0.0027497066803408373,0.0027497066803408373,0.002752593193550811,0.0027525931935508119,2.8865132099737713e-06,2.8865132099746386e-06
n4_compact_f1.0_d10.0,1,5,-5,0,-0.0027478940658112673,0.0027478940658112673,-0.0027497066803408373,0.0027497066803408373,-0.002752593193550811,0.0027525931935508115,-2.8865132099737713e-06,2.886513209974205e-06
n4_compact_f1.0_d10.0,2,5,5,0,-0.0027478940658112673,-0.0027478940658112673,-0.0027497066803408373,-0.0027497066803408373,-0.0027525931935508123,-0.0027525931935508106,-2.8865132099750723e-06,-2.8865132099733376e-06
n4_compact_f1.0_d10.0,3,-5,5,0,0.0027478940658112673,-0.0027478940658112673,0.0027497066803408373,-0.0027497066803408373,0.0027525931935508106,-0.002752593193550811,2.8865132099733376e-06,-2.8865132099737713e-06
n4_irregular_f0.1_d2.1,0,-1.4175000000000002,-1.2075,0,0.011556608867613756,0.0046729419735690508,0.011747555838845257,0.0047004109197639034,0.011820106088664035,0.0047439526454683629,7.2550249818777862e-05,4.3541725704459439e-05
n4_irregular_f0.1_d2.1,1,0.68249999999999988,-1.2075,0,-0.0093115366579406313,0.0071827683700022111,-0.0094849834051626818,0.0072329962117230716,-0.0095417532092115214,0.0072996829107719111,-5.6769804048839578e-05,6.6686699048839476e-05
n4_irregular_f0.1_d2.1,2,-0.78750000000000009,1.3125000000000004,0,0.0068584270445531288,-0.0069377176225567574,0.0069296947480377274,-0.0069799214273742142,0.0069793042683863491,-0.0070536642213015642,4.9609520348621768e-05,-7.3742793927349982e-05
n4_irregular_f0.1_d2.1,3,1.5225000000000002,1.1025,0,-0.0091034992542262539,-0.0049179927210145045,-0.0091922671817203025,-0.0049534857041127599,-0.0092576725528800089,-0.0049967515541626583,-6.5405371159706419e-05,-4.3265850049898323e-05
n4_irregular_f0.1_d2.5,0,-1.6875,-1.4375,0,0.0057752989852820113,0.002339399410729802,0.0058150625048948631,0.0023461206990655573,0.0058361432254088646,0.0023579133185170809,2.1080720514001471e-05,1.1792619451523548e-05
n4_irregular_f0.1_d2.5,1,0.8125,-1.4375,0,-0.0046513679764695511,0.0035935645541020043,-0.0046870259124283872,0.0036055854490718679,-0.004702384786512314,0.0036231317497563979,-1.5358874083926805e-05,1.754630068453002e-05
n4_irregular_f0.1_d2.5,2,-0.9375,1.5625,0,0.0034286980394050209,-0.0034719369917357453,0.0034448361481814785,-0.0034822241103868645,0.0034583638732118686,-0.0035020977922284552,1.3527725030390049e-05,-1.987368184159068e-05
n4_irregular_f0.1_d2.5,3,1.8125,1.3125,0,-0.0045526290482174811,-0.002461026973096061,-0.0045728727406479548,-0.0024694820377505599,-0.0045913625638615632,-0.0024819158922897273,-1.8489823213608397e-05,-1.2433854539167354e-05
n4_irregular_f0.1_d3.0,0,-2.0249999999999999,-1.7250000000000001,0,0.0028009531496676334,0.0011376434022884237,0.0028098918176553511,0.0011393277318542932,0.0028158098577742096,0.0011424498807161923,5.918040118858478e-06,3.1221488618990868e-06
n4_irregular_f0.1_d3.0,1,0.97500000000000009,-1.7250000000000001,0,-0.0022543873144234166,0.0017458081809375416,-0.0022623278840565443,0.0017487741925034043,-0.0022663931574591679,0.0017533081251146357,-4.0652734026236023e-06,4.5339326112314379e-06
n4_irregular_f0.1_d3.0,2,-1.125,1.875,0,0.0016637977688578262,-0.0016874376306326858,0.0016676276567821149,-0.0016900099457426332,0.0016712183892315003,-0.0016952321789051638,3.5907324493853615e-06,-5.2222331625305547e-06
n4_irregular_f0.1_d3.0,3,2.1750000000000003,1.5749999999999997,0,-0.002210363604102043,-0.0011960139525932798,-0.0022151915903809213,-0.0011980919786150641,-0.0022202590976551548,-0.0012015669651805052,-5.0675072742335618e-06,-3.4749865654411585e-06
n4_irregular_f0.1_d4.0,0,-2.7000000000000002,-2.2999999999999998,0,0.00089934586732400663,0.00036787298307827448,0.00090036546348492587,0.00036808787704019547,0.00090119065220155563,0.00036849664266233552,8.2518871662975914e-07,4.0876562214004104e-07
n4_irregular_f0.1_d4.0,1,1.2999999999999998,-2.2999999999999998,0,-0.00072259071542866136,0.00056304009245557694,-0.00072348706813500337,0.00056341224337080366,-0.00072402006693034443,0.00056399085493293326,-5.3299879534105844e-07,5.7861156212959865e-07
n4_irregular_f0.1_d4.0,2,-1.5000000000000002,2.5,0,0.00053497335485753561,-0.0005448226197206262,0.00053543440058722094,-0.00054515011852582034,0.00053590540899826021,-0.00054582623934189354,4.7100841103926965e-07,-6.7612081607320174e-07
n4_irregular_f0.1_d4.0,3,2.8999999999999995,2.1000000000000005,0,-0.00071172850675288077,-0.00038609045581322528,-0.00071231279593714344,-0.00038635000188517874,-0.00071300132260693498,-0.0003868335502899905,-6.8852666979153654e-07,-4.8354840481175778e-07
n4_irregular_f0.1_d6.0,0,-4.0499999999999998,-3.4500000000000002,0,0.00018558672198026548,7.7543736242246665e-05,0.00018564720864600232,7.7557895282234215e-05,0.00018570273491173844,7.7584395191942736e-05,5.5526265736120361e-08,2.649990970852111e-08
n4_irregular_f0.1_d6.0,1,1.9500000000000002,-3.4500000000000002,0,-0.00014830774346482912,0.00011772637321980584,-0.00014836036822357928,0.00011775048759784212,-0.00014839469009229406,0.00011778714499303773,-3.4321868714779716e-08,3.6657395195610122e-08
n4_irregular_f0.1_d6.0,2,-2.25,3.75,0,0.0001108446742279841,-0.00011429942825716915,0.00011087336468861402,-0.00011432096403496441,0.0001109037340393839,-0.00011436404147436155,3.0369350769883226e-08,-4.3077439397138663e-08
n4_irregular_f0.1_d6.0,3,4.3500000000000005,3.1499999999999995,0,-0.00014812365274342049,-8.097068120488336e-05,-0.00014816020511103703,-8.098741884511193e-05,-0.00014820587853406214,-8.1019993509289951e-05,-4.5673423025111232e-08,-3.2574664178021667e-08
n4_irregular_f0.1_d10.0,0,-6.75,-5.75,0,2.7832865183587412e-05,1.2415382731688174e-05,2.7835096670628107e-05,1.2415951648872981e-05,2.7837235852380077e-05,1.2416999736054637e-05,2.1391817519705305e-09,1.0480871816556604e-09
n4_irregular_f0.1_d10.0,1,3.25,-5.75,0,-2.1872987738715241e-05,1.8426469415918177e-05,-2.1874914020042962e-05,1.842743142541557e-05,-2.1876166914463119e-05,1.8428830125429829e-05,-1.252894420156192e-09,1.3987000142594243e-09
n4_irregular_f0.1_d10.0,2,-3.75,6.25,0,1.6860213893239425e-05,-1.8074799809722975e-05,1.6861320215834859e-05,-1.8075669076843838e-05,1.6862464673698745e-05,-1.8077332313078354e-05,1.1444578638860345e-09,-1.663236234516704e-09
n4_irregular_f0.1_d10.0,3,7.25,5.25,0,-2.2820091338111596e-05,-1.2767052337883378e-05,-2.2821502866420004e-05,-1.2767713997444711e-05,-2.2823284644827323e-05,-1.2769010788266208e-05,-1.7817784073189779e-09,-1.2967908214964863e-09
n4_irregular_f0.4_d2.1,0,-1.4175000000000002,-1.2075,0,0.1849057418818201,0.074767071577104813,0.19807875677484196,0.076522771500794062,0.20315191415305719,0.079526215270334918,0.0050731573782152317,0.0030034437695408561
n4_irregular_f0.4_d2.1,1,0.68249999999999988,-1.2075,0,-0.1489845865270501,0.11492429392003538,-0.16102103495627315,0.11816344723770543,-0.16504591047781367,0.12278043814200719,-0.0040248755215405163,0.0046169909043017598
n4_irregular_f0.4_d2.1,2,-0.78750000000000009,1.3125000000000004,0,0.10973483271285006,-0.11100348196090812,0.11443562799891467,-0.11370666163241787,0.11788396045535879,-0.11881996887932211,0.003448332456444117,-0.0051133072469042445
n4_irregular_f0.4_d2.1,3,1.5225000000000002,1.1025,0,-0.14565598806762006,-0.078687883536232073,-0.1514933498174835,-0.080979557106081623,-0.15602225043455326,-0.083953427962898008,-0.0045289006170697588,-0.0029738708568163852
n4_irregular_f0.4_d2.5,0,-1.6875,-1.4375,0,0.09240478376451218,0.037430390571676832,0.094968775049546289,0.037846272773002385,0.096372607905790553,0.038630911721450278,0.0014038328562442637,0.00078463894844789384
n4_irregular_f0.4_d2.5,1,0.8125,-1.4375,0,-0.074421887623512817,0.057497032865632069,-0.076728851992141453,0.058245406361116352,-0.077762674275153085,0.05941636027149802,-0.0010338222830116317,0.0011709539103816682
n4_irregular_f0.4_d2.5,2,-0.9375,1.5625,0,0.054859168630480334,-0.055550991867771925,0.05587877913436394,-0.056188097251764511,0.056782175298136325,-0.057512958611846611,0.0009033961637723853,-0.0013248613600820996
n4_irregular_f0.4_d2.5,3,1.8125,1.3125,0,-0.072842064771479698,-0.039376431569536977,-0.074118702191768762,-0.039903581882354225,-0.075349230186978783,-0.04072701892855702,-0.0012305279952100207,-0.00082343704620279484
n4_irregular_f0.4_d3.0,0,-2.0249999999999999,-1.7250000000000001,0,0.044815250394682135,0.01820229443661478,0.045371004977358687,0.018303656078261631,0.045757271362161352,0.018507854267304311,0.00038626638480266512,0.00020419818904268
n4_irregular_f0.4_d3.0,1,0.97500000000000009,-1.7250000000000001,0,-0.036070197030774666,0.027932930895000666,-0.036565271404225268,0.028112358154580734,-0.036832609840080063,0.02840952808624319,-0.00026733843585479561,0.00029716993166245542
n4_irregular_f0.4_d3.0,2,-1.125,1.875,0,0.026620764301725219,-0.026999002090122973,0.026855346507114377,-0.027153899537875691,0.027090622770489028,-0.02749573374362408,0.00023527626337465149,-0.00034183420574838974
n4_irregular_f0.4_d3.0,3,2.1750000000000003,1.5749999999999997,0,-0.035365817665632689,-0.019136223241492476,-0.035661080080247792,-0.019262114694966678,-0.035992199641369384,-0.01948840851996517,-0.00033111956112159141,-0.00022629382499849207
n4_irregular_f0.4_d4.0,0,-2.7000000000000002,-2.2999999999999998,0,0.014389533877184106,0.0058859677292523917,0.014450238630005597,0.0058984088604695124,0.014503447538540588,0.0059248226890485662,5.3208908534991065e-05,2.6413828579053764e-05
n4_irregular_f0.4_d4.0,1,1.2999999999999998,-2.2999999999999998,0,-0.011561451446858582,0.0090086414792892311,-0.011614956771996233,0.0090302851861640207,-0.01164946283396558,0.0090677174198620734,-3.4506061969346441e-05,3.7432233698052667e-05
n4_irregular_f0.4_d4.0,2,-1.5000000000000002,2.5,0,0.0085595736777205698,-0.0087171619155300192,0.0085866819248975497,-0.0087361314798203426,0.0086171373139000626,-0.0087798331903947823,3.0455389002512906e-05,-4.3701710574439723e-05
n4_irregular_f0.4_d4.0,3,2.8999999999999995,2.1000000000000005,0,-0.011387656108046092,-0.0061774472930116045,-0.011421963782906913,-0.0061925625668131897,-0.011466408753105469,-0.0062237169656244361,-4.4444970198556297e-05,-3.1154398811246431e-05
n4_irregular_f0.4_d6.0,0,-4.0499999999999998,-3.4500000000000002,0,0.0029693875516842477,0.0012406997798759466,0.0029728087329434958,0.0012414830942684566,0.0029763704915164468,0.0012431848311263353,3.5617585729509973e-06,1.701736857878753e-06
n4_irregular_f0.4_d6.0,1,1.9500000000000002,-3.4500000000000002,0,-0.0023729238954372659,0.0018836219715168934,-0.0023759071307273816,0.0018849606913036369,-0.0023781121890799535,0.0018873157580117533,-2.2050583525718218e-06,2.3550667081163532e-06
n4_irregular_f0.4_d6.0,2,-2.25,3.75,0,0.0017735147876477455,-0.0018287908521147063,0.0017751213168596791,-0.001829982707041397,0.0017770718054517973,-0.0018327491716332459,1.9504885921182817e-06,-2.7664645918488995e-06
n4_irregular_f0.4_d6.0,3,4.3500000000000005,3.1499999999999995,0,-0.0023699784438947278,-0.0012955308992781338,-0.002372022919075793,-0.0012964610785306965,-0.0023749542155606543,-0.0012985500840832329,-2.9312964848612552e-06,-2.0890055525363358e-06
n4_irregular_f0.4_d10.0,0,-6.75,-5.75,0,0.00044532584293739859,0.00019864612370701078,0.00044544623361971781,0.00019867635798974419,0.00044558321484269213,0.00019874349818664719,1.3698122297431869e-07,6.7140196902994165e-08
n4_irregular_f0.4_d10.0,1,3.25,-5.75,0,-0.00034996780381944386,0.00029482351065469083,-0.00035007193087886756,0.00029487483137759826,-0.00035015220055073222,0.0002949644447784113,-8.0269671864658526e-08,8.9613400813045186e-08
n4_irregular_f0.4_d10.0,2,-3.75,6.25,0,0.0002697634222918308,-0.00028919679695556759,0.00026982277653349698,-0.00028924307125008695,0.00026989609192666695,-0.00028934961917860563,7.3315393169979225e-08,-1.0654792851868058e-07
n4_irregular_f0.4_d10.0,3,7.25,5.25,0,-0.00036512146140978553,-0.00020427283740613404,-0.00036519707927434723,-0.00020430811811725556,-0.00036531119521830403,-0.00020439115374791842,-1.1411594395680695e-07,-8.3035630662868249e-08
n4_irregular_f0.8_d2.1,0,-1.4175000000000002,-1.2075,0,0.73962296752728041,0.29906828630841925,0.86191029264668662,0.31379087351437818,0.90845415204007285,0.34062432184428604,0.046543859393386233,0.026833448329907861
n4_irregular_f0.8_d2.1,1,0.68249999999999988,-1.2075,0,-0.5959383461082004,0.45969717568014151,-0.70854439030459415,0.48711051352421686,-0.74616804943370418,0.52855122717862879,-0.037623659129110032,0.041440713654411931
n4_irregular_f0.8_d2.1,2,-0.78750000000000009,1.3125000000000004,0,0.43893933085140024,-0.44401392784363247,0.47973685183996762,-0.4667478372159195,0.51090631997126201,-0.51286483113116199,0.031169468131294398,-0.046116993915242488
n4_irregular_f0.8_d2.1,3,1.5225000000000002,1.1025,0,-0.58262395227048025,-0.31475153414492829,-0.63310275418205997,-0.33415354982267548,-0.67383980509049957,-0.36062305687862184,-0.040737050908439598,-0.026469507055946362
n4_irregular_f0.8_d2.5,0,-1.6875,-1.4375,0,0.36961913505804872,0.14972156228670733,0.39130198140728761,0.15312148254223104,0.4031894157382207,0.15975186846659162,0.011887434330933089,0.0066303859243605767
n4_irregular_f0.8_d2.5,1,0.8125,-1.4375,0,-0.29768755049405127,0.22998813146252828,-0.3172525544832544,0.23613191005353909,-0.32613315832696949,0.24606707326446609,-0.0088806038437150847,0.0099351632109269949
n4_irregular_f0.8_d2.5,2,-0.9375,1.5625,0,0.21943667452192134,-0.2222039674710877,0.22789841741955877,-0.2274166470055077,0.23557171181555289,-0.23864424907602402,0.0076732943959941236,-0.011227602070516318
n4_irregular_f0.8_d2.5,3,1.8125,1.3125,0,-0.29136825908591879,-0.15750572627814791,-0.30194784434359195,-0.16183674559026243,-0.31235104937302927,-0.1687508647682579,-0.010403205029437312,-0.0069141191779954758
n4_irregular_f0.8_d3.0,0,-2.0249999999999999,-1.7250000000000001,0,0.17926100157872854,0.072809177746459119,0.1838189318745522,0.073625249016813735,0.18699463385942774,0.075308702444841974,0.0031757019848755452,0.0016834534280282393
n4_irregular_f0.8_d3.0,1,0.97500000000000009,-1.7250000000000001,0,-0.14428078812309866,0.11173172358000266,-0.14834771227527216,0.11318002277262175,-0.15056830342667107,0.11563722889249599,-0.0022205911513989152,0.002457206119874239
n4_irregular_f0.8_d3.0,2,-1.125,1.875,0,0.10648305720690088,-0.10799600836049189,0.10838891808496628,-0.10924355271079683,0.11033342184998456,-0.11206507965564493,0.0019445037650182712,-0.0028215269448480934
n4_irregular_f0.8_d3.0,3,2.1750000000000003,1.5749999999999997,0,-0.14146327066253075,-0.076544892965969905,-0.14386013768424633,-0.077561719078638652,-0.14658630628401051,-0.079416107225290578,-0.0027261685997641838,-0.0018543881466519252
n4_irregular_f0.8_d4.0,0,-2.7000000000000002,-2.2999999999999998,0,0.057558135508736424,0.023543870917009567,0.058044518205481024,0.023642493557795019,0.058474559019946533,0.023856622391535069,0.00043004081446550851,0.00021412883374005015
n4_irregular_f0.8_d4.0,1,1.2999999999999998,-2.2999999999999998,0,-0.046245805787434327,0.036034565917156924,-0.046674935739057982,0.036206412464697801,-0.046955370805776012,0.036510352309278189,-0.00028043506671802942,0.00030393984458038786
n4_irregular_f0.8_d4.0,2,-1.5000000000000002,2.5,0,0.034238294710882279,-0.034868647662120077,0.034454388364001158,-0.035019049172842646,0.034701489042427633,-0.035373460027906936,0.00024710067842647482,-0.00035441085506428965
n4_irregular_f0.8_d4.0,3,2.8999999999999995,2.1000000000000005,0,-0.04555062443218437,-0.024709789172046418,-0.0458239708304242,-0.024829856849650177,-0.046183726770662251,-0.025081368119351855,-0.00035975594023805041,-0.00025151126970167706
n4_irregular_f0.8_d6.0,0,-4.0499999999999998,-3.4500000000000002,0,0.011877550206736991,0.0049627991195037866,0.011904467935763916,0.004968922946422912,0.011933049619368818,0.0049826004426388286,2.8581683604901598e-05,1.3677496215916581e-05
n4_irregular_f0.8_d6.0,1,1.9500000000000002,-3.4500000000000002,0,-0.0094916955817490635,0.0075344878860675738,-0.0095151828951726396,0.0075449639247873006,-0.009532916678797073,0.0075639043317756813,-1.7733783624433383e-05,1.8940406988380773e-05
n4_irregular_f0.8_d6.0,2,-2.25,3.75,0,0.0070940591505909822,-0.0073151634084588253,0.0071066615937604716,-0.0073244820996660352,0.007122341135939219,-0.0073467191884326452,1.5679542178747424e-05,-2.2237088766609986e-05
n4_irregular_f0.8_d6.0,3,4.3500000000000005,3.1499999999999995,0,-0.0094799137755789114,-0.005182123597112535,-0.0094959466343517498,-0.0051894047715441774,-0.0095194868375478251,-0.0052061625731959372,-2.3540203196075263e-05,-1.6757801651759788e-05
n4_irregular_f0.8_d10.0,0,-6.75,-5.75,0,0.0017813033717495944,0.0007945844948280431,0.001782238329587859,0.0007948184303477212,0.0017833349779876714,0.00079535624879630018,1.0966483998124839e-06,5.3781844857898192e-07
n4_irregular_f0.8_d10.0,1,3.25,-5.75,0,-0.0013998712152777754,0.0011792940426187633,-0.0014006802416917077,0.0011796914751741187,-0.001401323334567836,0.0011804094596137898,-6.4309287612827025e-07,7.1798443967117931e-07
n4_irregular_f0.8_d10.0,2,-3.75,6.25,0,0.0010790536891673232,-0.0011567871878222704,0.0010795139684433772,-0.0011571453570136622,0.0010801012687107227,-0.0011579988615144175,5.8730026734551966e-07,-8.5350450075528592e-07
n4_irregular_f0.8_d10.0,3,7.25,5.25,0,-0.0014604858456391421,-0.00081709134962453618,-0.0014610720563395284,-0.00081736454850817768,-0.0014619858872891769,-0.00081802927818579564,-9.1383094964845452e-07,-6.6472967761796193e-07
n4_irregular_f1.0_d2.1,0,-1.4175000000000002,-1.2075,0,1.1556608867613758,0.46729419735690503,1.4171695256205101,0.49684796189370878,1.515604283481798,0.55254893486331114,0.098434757861287858,0.055700972969602358
n4_irregular_f1.0_d2.1,1,0.68249999999999988,-1.2075,0,-0.93115366579406322,0.71827683700022105,-1.1730657923360992,0.77358288832708555,-1.2534214958818699,0.85978602089025269,-0.080355703545770707,0.08620313256316714
n4_irregular_f1.0_d2.1,2,-0.78750000000000009,1.3125000000000004,0,0.68584270445531281,-0.69377176225567561,0.76931561224229672,-0.73948886963036764,0.83445108431453252,-0.83583831471728742,0.0651354720722358,-0.096349445086919783
n4_irregular_f1.0_d2.1,3,1.5225000000000002,1.1025,0,-0.91034992542262538,-0.49179927210145041,-1.0134193455267075,-0.53094198059042663,-1.0983526686707945,-0.5858216712802069,-0.08493332314408697,-0.054879690689780269
n4_irregular_f1.0_d2.5,0,-1.6875,-1.4375,0,0.57752989852820114,0.23393994107298016,0.62125258218616797,0.24067805499257963,0.64518487378657097,0.25400633582220061,0.023932291600403,0.013328280829620981
n4_irregular_f1.0_d2.5,1,0.8125,-1.4375,0,-0.46513679764695515,0.35935645541020045,-0.50464632228204798,0.37155730662657488,-0.52265428969206595,0.39157019264967147,-0.018007967410017978,0.020012886023096588
n4_irregular_f1.0_d2.5,2,-0.9375,1.5625,0,0.34286980394050215,-0.34719369917357451,0.35976422872462444,-0.35752885147106539,0.37523058095157036,-0.38013441245629664,0.015466352226945923,-0.022605560985231254
n4_irregular_f1.0_d2.5,3,1.8125,1.3125,0,-0.45526290482174819,-0.2461026973096061,-0.47637048862874437,-0.25470651014808909,-0.49728961070001881,-0.26856027079099842,-0.020919122071274443,-0.01385376064290933
n4_irregular_f1.0_d3.0,0,-2.0249999999999999,-1.7250000000000001,0,0.28009531496676332,0.11376434022884237,0.28914228633653744,0.1153704324995054,0.29543348930526403,0.11871004573669375,0.0062912029687265947,0.0033396132371883436
n4_irregular_f1.0_d3.0,1,0.97500000000000009,-1.7250000000000001,0,-0.22543873144234164,0.17458081809375414,-0.23351722943552938,0.17743440060141943,-0.23793944061434913,0.18231645090427701,-0.004422211178819746,0.0048820503028575712
n4_irregular_f1.0_d3.0,2,-1.125,1.875,0,0.16637977688578259,-0.16874376306326855,0.17014585781498942,-0.17119944448205954,0.17400823210144331,-0.17680034719809795,0.0038623742864538901,-0.0056009027160384139
n4_irregular_f1.0_d3.0,3,2.1750000000000003,1.5749999999999997,0,-0.22103636041020425,-0.11960139525932796,-0.22577091471599744,-0.12160538861886533,-0.23117522141562166,-0.12527256220505562,-0.0054043066996242173,-0.0036671735861902865
n4_irregular_f1.0_d4.0,0,-2.7000000000000002,-2.2999999999999998,0,0.089934586732400651,0.036787298307827454,0.090889866923388393,0.036980184534660884,0.091734180970897569,0.037401267193367005,0.00084431404750917594,0.0004210826587061206
n4_irregular_f1.0_d4.0,1,1.2999999999999998,-2.2999999999999998,0,-0.072259071542866135,0.056304009245557701,-0.0731022419192493,0.056640308373580701,-0.073654417828949117,0.057238504975148527,-0.00055217590969981745,0.00059819660156782556
n4_irregular_f1.0_d4.0,2,-1.5000000000000002,2.5,0,0.053497335485753555,-0.054482261972062622,0.05392087457674706,-0.054776437864617472,0.054406999620990049,-0.055473524851764405,0.00048612504424298819,-0.00069708698714693318
n4_irregular_f1.0_d4.0,3,2.8999999999999995,2.1000000000000005,0,-0.071172850675288085,-0.038609045581322533,-0.07170849958088614,-0.038844055043624114,-0.072415382010095578,-0.03933756920221846,-0.00070688242920943778,-0.00049351415859434644
n4_irregular_f1.0_d6.0,0,-4.0499999999999998,-3.4500000000000002,0,0.018558672198026548,0.0077543736242246652,0.0186111778819022,0.0077662939484467947,0.018667088362236725,0.0077930720698682022,5.591048033452492e-05,2.6778121421407522e-05
n4_irregular_f1.0_d6.0,1,1.9500000000000002,-3.4500000000000002,0,-0.01483077434648291,0.011772637321980584,-0.014876598477757762,0.011793035631416829,-0.014911328735837214,0.011830129769809107,-3.4730258079452084e-05,3.7094138392278209e-05
n4_irregular_f1.0_d6.0,2,-2.25,3.75,0,0.011084467422798406,-0.011429942825716913,0.011109025267819244,-0.011448082693286621,0.011139725586020851,-0.011491621034309554,3.0700318201607249e-05,-4.3538341022933066e-05
n4_irregular_f1.0_d6.0,3,4.3500000000000005,3.1499999999999995,0,-0.014812365274342047,-0.0080970681204883353,-0.014843604671963684,-0.0081112468865770018,-0.014889671541231881,-0.0081440222599109564,-4.6066869268196475e-05,-3.2775373333954541e-05
n4_irregular_f1.0_d10.0,0,-6.75,-5.75,0,0.0027832865183587403,0.0012415382731688174,0.0027851028765436148,0.0012419922962605408,0.0027872455603748037,0.0012430434300991975,2.1426838311888394e-06,1.0511338386566971e-06
n4_irregular_f1.0_d10.0,1,3.25,-5.75,0,-0.0021872987738715236,0.0018426469415918174,-0.0021888706701424436,0.0018434184381362635,-0.0021901276566318097,0.001844821846602692,-1.2569864893661499e-06,1.403408466428514e-06
n4_irregular_f1.0_d10.0,2,-3.75,6.25,0,0.0016860213893239424,-0.0018074799809722972,0.0016869152111163362,-0.0018081751673541889,0.0016880630680034627,-0.0018098433052608743,1.1478568871265294e-06,-1.6681379066854456e-06
n4_irregular_f1.0_d10.0,3,7.25,5.25,0,-0.0022820091338111594,-0.0012767052337883378,-0.0022831474175175077,-0.0012772355670426154,-0.0022849331509949057,-0.0012785343079381203,-1.7857334773979834e-06,-1.2987408955049407e-06
n6_linear_f0.1_d2.1,0,-5.25,0,0,0.010578909297271044,0,0.010762717329375645,0,0.010800762301741033,3.6839513069573186e-21,3.8044972365388827e-05,3.6839513069573186e-21
n6_linear_f0.1_d2.1,1,-3.1500000000000004,0,0,0.00079565188169143045,0,0.00079636884817925436,0,0.00082762162033596083,1.2435967054771634e-18,3.1252772156706472e-05,1.2435967054771634e-18
n6_linear_f0.1_d2.1,2,-1.05,0,0,0.00012830684646190983,0,0.00012834727866695362,0,0.00013463273670147522,1.3203676193203632e-18,6.2854580345216048e-06,1.3203676193203632e-18
n6_linear_f0.1_d2.1,3,1.05,0,0,-0.00012830684646190872,0,-0.000128347278666954,0,-0.00013463273670146481,1.3310466924542215e-18,-6.285458034510817e-06,1.3310466924542215e-18
n6_linear_f0.1_d2.1,4,3.1500000000000004,0,0,-0.00079565188169143132,0,-0.00079636884817925468,0,-0.00082762162033596213,1.335432348772028e-18,-3.1252772156707448e-05,1.335432348772028e-18
n6_linear_f0.1_d2.1,5,5.25,0,0,-0.010578909297271046,0,-0.010762717329375643,0,-0.010800762301741033,1.3379760294363556e-18,-3.8044972365390561e-05,1.3379760294363556e-18
n6_linear_f0.1_d2.5,0,-6.25,0,0,0.0052902899121677546,0,0.0053283042561893933,0,0.0053417695044248419,5.2627875813675983e-22,1.3465248235448521e-05,5.2627875813675983e-22
n6_linear_f0.1_d2.5,1,-3.75,0,0,0.00040343570345805315,0,0.00040364582568085404,0,0.00041513977392470999,6.0522057185727367e-19,1.1493948243855947e-05,6.0522057185727367e-19
n6_linear_f0.1_d2.5,2,-1.25,0,0,6.587243227007177e-05,0,6.5885252095313358e-05,0,6.8079689087444464e-05,6.4447219590164041e-19,2.1944369921311063e-06,6.4447219590164041e-19
n6_linear_f0.1_d2.5,3,1.25,0,0,-6.5872432270071702e-05,0,-6.588525209531371e-05,0,-6.8079689087437579e-05,6.5157695913648667e-19,-2.1944369921238693e-06,6.5157695913648667e-19
n6_linear_f0.1_d2.5,4,3.75,0,0,-0.00040343570345805282,0,-0.00040364582568085377,0,-0.00041513977392471085,6.5609418514382719e-19,-1.1493948243857085e-05,6.5609418514382719e-19
n6_linear_f0.1_d2.5,5,6.25,0,0,-0.0052902899121677555,0,-0.0053283042561893925,0,-0.0053417695044248497,6.5504162762755371e-19,-1.3465248235457195e-05,6.5504162762755371e-19
n6_linear_f0.1_d3.0,0,-7.5,0,0,0.0025685034602222524,0,0.0025770037916506058,0,0.0025814527692918448,0,4.4489776412390096e-06,0
n6_linear_f0.1_d3.0,1,-4.5,0,0,0.00020008063641694288,0,0.00020014137133225716,0,0.00020402760216730524,2.9076901387055978e-19,3.8862308350480804e-06,2.9076901387055978e-19
n6_linear_f0.1_d3.0,2,-1.5,0,0,3.3291099536113764e-05,0,3.3295083521091334e-05,0,3.4005850378307807e-05,3.1043868245592119e-19,7.1076685721647238e-07,3.1043868245592119e-19
n6_linear_f0.1_d3.0,3,1.5,0,0,-3.3291099536113689e-05,0,-3.329508352109149e-05,0,-3.4005850378309575e-05,3.1418841860764562e-19,-7.1076685721808513e-07,3.1418841860764562e-19
n6_linear_f0.1_d3.0,4,4.5,0,0,-0.00020008063641694307,0,-0.00020014137133225708,0,-0.00020402760216730695,3.1603039426112426e-19,-3.8862308350498694e-06,3.1603039426112426e-19
n6_linear_f0.1_d3.0,5,7.5,0,0,-0.0025685034602222524,0,-0.0025770037916506058,0,-0.0025814527692918426,3.1629353364019263e-19,-4.4489776412368412e-06,3.1629353364019263e-19
n6_linear_f0.1_d4.0,0,-10,0,0,0.00082711569055914536,0,0.00082807945363945327,0,0.00082881827368571823,0,7.3882004626496176e-07,0
n6_linear_f0.1_d4.0,1,-6,0,0,6.8099462828745327e-05,0,6.8108684559819535e-05,0,6.876836888092307e-05,9.2800487684781981e-20,6.5968432110353537e-07,9.2800487684781981e-20
n6_linear_f0.1_d4.0,2,-2,0,0,1.1879810223686739e-05,0,1.1880475541410088e-05,0,1.1997961106437077e-05,9.9203545908779216e-20,1.174855650269892e-07,9.9203545908779216e-20
n6_linear_f0.1_d4.0,3,2,0,0,-1.1879810223686746e-05,0,-1.1880475541410145e-05,0,-1.1997961106437377e-05,1.0078238218318949e-19,-1.1748556502723146e-07,1.0078238218318949e-19
n6_linear_f0.1_d4.0,4,6,0,0,-6.809946282874534e-05,0,-6.8108684559819522e-05,0,-6.8768368880923057e-05,1.0122094781497013e-19,-6.5968432110353537e-07,1.0122094781497013e-19
n6_linear_f0.1_d4.0,5,10,0,0,-0.00082711569055914536,0,-0.00082807945363945327,0,-0.00082881827368571823,1.0139637406768238e-19,-7.3882004626496176e-07,1.0139637406768238e-19
n6_linear_f0.1_d6.0,0,-15,0,0,0.00017183547044115669,0,0.00017189226946629947,0,0.00017194793679590578,0,5.566732960631351e-08,0
n6_linear_f0.1_d6.0,1,-9,0,0,1.6366460002485124e-05,0,1.6367176583308645e-05,0,1.6419259445593644e-05,1.8946035292923351e-20,5.2082862284998403e-08,1.8946035292923351e-20
n6_linear_f0.1_d6.0,2,-3,0,0,3.1802016047750495e-06,0,3.1802513197162438e-06,0,3.1900399021874997e-06,2.0393301877799441e-20,9.7885824712558609e-09,2.0393301877799441e-20
n6_linear_f0.1_d6.0,3,3,0,0,-3.1802016047750563e-06,0,-3.1802513197162282e-06,0,-3.1900399021875442e-06,2.0788010946402013e-20,-9.7885824713160003e-09,2.0788010946402013e-20
n6_linear_f0.1_d6.0,4,9,0,0,-1.6366460002485131e-05,0,-1.6367176583308645e-05,0,-1.6419259445593623e-05,2.1226576578182646e-20,-5.2082862284978074e-08,2.1226576578182646e-20
n6_linear_f0.1_d6.0,5,15,0,0,-0.00017183547044115672,0,-0.00017189226946629947,0,-0.00017194793679590575,2.0875724072758137e-20,-5.5667329606286405e-08,2.0875724072758137e-20
n6_linear_f0.1_d10.0,0,-25,0,0,2.5294499877613293e-05,0,2.5296574401254364e-05,0,2.5298488966964795e-05,0,1.9145657104312403e-09,0
n6_linear_f0.1_d10.0,1,-15,0,0,2.8508458807827832e-06,0,2.8508643751658907e-06,0,2.853004629533692e-06,2.8068200433960522e-21,2.1402543678012532e-09,2.8068200433960522e-21
n6_linear_f0.1_d10.0,2,-5,0,0,5.5928378152919921e-07,0,5.5928066047122066e-07,0,5.5971086561352983e-07,3.0699594224644318e-21,4.3020514230917205e-10,3.0699594224644318e-21
n6_linear_f0.1_d10.0,3,5,0,0,-5.5928378152919931e-07,0,-5.592806604712214e-07,0,-5.5971086561352496e-07,3.3330988015328122e-21,-4.3020514230356045e-10,3.3330988015328122e-21
n6_linear_f0.1_d10.0,4,15,0,0,-2.8508458807827849e-06,0,-2.8508643751658899e-06,0,-2.8530046295336966e-06,3.1576725488205586e-21,-2.1402543678067589e-09,3.1576725488205586e-21
n6_linear_f0.1_d10.0,5,25,0,0,-2.5294499877613293e-05,0,-2.5296574401254364e-05,0,-2.5298488966964802e-05,3.1576725488205586e-21,-1.9145657104380166e-09,3.1576725488205586e-21
n6_linear_f0.4_d2.1,0,-5.25,0,0,0.1692625487563367,0,0.18197942262651395,0,0.1845595739252732,2.7506836425281312e-19,0.0025801512987592423,2.7506836425281312e-19
n6_linear_f0.4_d2.1,1,-3.1500000000000004,0,0,0.012730430107062887,0,0.012772784028766559,0,0.014855844107942896,2.2032133930637313e-17,0.0020830600791763368,2.2032133930637313e-17
n6_linear_f0.4_d2.1,2,-1.05,0,0,0.0020529095433905573,0,0.0020551887230752081,0,0.0024840504427100008,2.3239066549297613e-17,0.00042886171963479273,2.3239066549297613e-17
n6_linear_f0.4_d2.1,3,1.05,0,0,-0.0020529095433905395,0,-0.0020551887230752068,0,-0.0024840504427100611,2.3200472773700919e-17,-0.00042886171963485431,2.3200472773700919e-17
n6_linear_f0.4_d2.1,4,3.1500000000000004,0,0,-0.012730430107062901,0,-0.012772784028766554,0,-0.01485584410794291,2.4643879981017337e-17,-0.0020830600791763559,2.4643879981017337e-17
n6_linear_f0.4_d2.1,5,5.25,0,0,-0.16926254875633673,0,-0.18197942262651395,0,-0.18455957392527317,2.3695174806349471e-17,-0.0025801512987592146,2.3695174806349471e-17
n6_linear_f0.4_d2.5,0,-6.25,0,0,0.084644638594684074,0,0.087100381380155953,0,0.087976713480778401,2.806820043396052e-20,0.00087633210062244837,2.806820043396052e-20
n6_linear_f0.4_d2.5,1,-3.75,0,0,0.0064549712553288504,0,0.0064671046312934745,0,0.0072079067259224775,1.0055432805466356e-17,0.00074080209462900302,1.0055432805466356e-17
n6_linear_f0.4_d2.5,2,-1.25,0,0,0.0010539589163211483,0,0.0010546686358932455,0,0.001199264995653595,1.076099719387504e-17,0.00014459635976034942,1.076099719387504e-17
n6_linear_f0.4_d2.5,3,1.25,0,0,-0.0010539589163211472,0,-0.001054668635893246,0,-0.0011992649956536561,1.0800643526988009e-17,-0.00014459635976041014,1.0800643526988009e-17
n6_linear_f0.4_d2.5,4,3.75,0,0,-0.0064549712553288452,0,-0.0064671046312934771,0,-0.0072079067259224654,1.0946598169244603e-17,-0.00074080209462898828,1.0946598169244603e-17
n6_linear_f0.4_d2.5,5,6.25,0,0,-0.084644638594684088,0,-0.087100381380155967,0,-0.087976713480778346,1.0862393567942722e-17,-0.00087633210062237898,1.0862393567942722e-17
n6_linear_f0.4_d3.0,0,-7.5,0,0,0.041096055363556039,0,0.041625418527961214,0,0.041911589398024446,1.1227280173584209e-20,0.00028617087006323205,1.1227280173584209e-20
n6_linear_f0.4_d3.0,1,-4.5,0,0,0.003201290182671086,0,0.0032047217986870876,0,0.0034534208657081952,4.7042303927317839e-18,0.00024869906702110764,4.7042303927317839e-18
n6_linear_f0.4_d3.0,2,-1.5,0,0,0.00053265759257782022,0,0.00053287467172273518,0,0.00057910923274222725,5.0399962404230361e-18,4.6234561019492071e-05,5.0399962404230361e-18
n6_linear_f0.4_d3.0,3,1.5,0,0,-0.00053265759257781903,0,-0.00053287467172273388,0,-0.00057910923274224568,5.1080616264753905e-18,-4.6234561019511803e-05,5.1080616264753905e-18
n6_linear_f0.4_d3.0,4,4.5,0,0,-0.0032012901826710891,0,-0.0032047217986870893,0,-0.0034534208657081749,5.1126227090459087e-18,-0.00024869906702108553,5.1126227090459087e-18
n6_linear_f0.4_d3.0,5,7.5,0,0,-0.041096055363556039,0,-0.041625418527961214,0,-0.041911589398024446,5.1364806794147755e-18,-0.00028617087006323205,5.1364806794147755e-18
n6_linear_f0.4_d4.0,0,-10,0,0,0.013233851048946326,0,0.013291320859921954,0,0.01333860475693871,0,4.7283897016756407e-05,0
n6_linear_f0.4_d4.0,1,-6,0,0,0.0010895914052599252,0,0.0010900974614230846,0,0.0011322304806244358,1.4932282630866997e-18,4.21330192013512e-05,1.4932282630866997e-18
n6_linear_f0.4_d4.0,2,-2,0,0,0.00019007696357898783,0,0.00019011250692568742,0,0.00019768501163223696,1.5984840147140517e-18,7.5725047065495446e-06,1.5984840147140517e-18
n6_linear_f0.4_d4.0,3,2,0,0,-0.00019007696357898794,0,-0.00019011250692568739,0,-0.00019768501163222019,1.6209385750612201e-18,-7.5725047065327937e-06,1.6209385750612201e-18
n6_linear_f0.4_d4.0,4,6,0,0,-0.0010895914052599254,0,-0.0010900974614230837,0,-0.0011322304806244568,1.6293590351914083e-18,-4.2133019201373101e-05,1.6293590351914083e-18
n6_linear_f0.4_d4.0,5,10,0,0,-0.013233851048946326,0,-0.013291320859921955,0,-0.013338604756938705,1.6391829053432945e-18,-4.7283897016749468e-05,1.6391829053432945e-18
n6_linear_f0.4_d6.0,0,-15,0,0,0.002749367527058507,0,0.0027525842578927872,0,0.0027561441605581959,0,3.5599026654087665e-06,0
n6_linear_f0.4_d6.0,1,-9,0,0,0.00026186336003976198,0,0.00026190135019485726,0,0.00026523025052604189,3.0313656468677362e-19,3.3289003311846388e-06,3.0313656468677362e-19
n6_linear_f0.4_d6.0,2,-3,0,0,5.0883225676400792e-05,0,5.0885718263677266e-05,0,5.1513440114109422e-05,3.2699453505564007e-19,6.2772185043215642e-07,3.2699453505564007e-19
n6_linear_f0.4_d6.0,3,3,0,0,-5.08832256764009e-05,0,-5.0885718263677401e-05,0,-5.1513440114109158e-05,3.3541499518582823e-19,-6.2772185043175662e-07,3.3541499518582823e-19
n6_linear_f0.4_d6.0,4,9,0,0,-0.00026186336003976209,0,-0.0002619013501948572,0,-0.00026523025052604222,3.3681840520752622e-19,-3.3289003311850183e-06,3.3681840520752622e-19
n6_linear_f0.4_d6.0,5,15,0,0,-0.0027493675270585075,0,-0.0027525842578927872,0,-0.0027561441605581959,3.340115851641302e-19,-3.5599026654087665e-06,3.340115851641302e-19
n6_linear_f0.4_d10.0,0,-25,0,0,0.0004047119980418127,0,0.00040482388873802134,0,0.00040494633621982693,0,1.2244748180559404e-07,0
n6_linear_f0.4_d10.0,1,-15,0,0,4.5613534092524532e-05,0,4.5614265655848862e-05,0,4.5751161995627046e-05,4.2102300650940777e-20,1.3689633977818428e-07,4.2102300650940777e-20
n6_linear_f0.4_d10.0,2,-5,0,0,8.9485405044671873e-06,0,8.9482908762908795e-06,0,8.9758322199812095e-06,5.0522760781128937e-20,2.7541343690330047e-08,5.0522760781128937e-20
n6_linear_f0.4_d10.0,3,5,0,0,-8.948540504467189e-06,0,-8.9482908762908981e-06,0,-8.9758322199809588e-06,5.3329580824524995e-20,-2.7541343690060691e-08,5.3329580824524995e-20
n6_linear_f0.4_d10.0,4,15,0,0,-4.5613534092524559e-05,0,-4.5614265655848855e-05,0,-4.5751161995627276e-05,5.0522760781128937e-20,-1.3689633977842145e-07,5.0522760781128937e-20
n6_linear_f0.4_d10.0,5,25,0,0,-0.0004047119980418127,0,-0.00040482388873802134,0,-0.00040494633621982693,5.0522760781128937e-20,-1.2244748180559404e-07,5.0522760781128937e-20
n6_linear_f0.8_d2.1,0,-5.25,0,0,0.6770501950253468,0,0.79551540612822069,0,0.81830321768009839,7.140550190399556e-18,0.022787811551877701,7.140550190399556e-18
n6_linear_f0.8_d2.1,1,-3.1500000000000004,0,0,0.050921720428251549,0,0.051260021716362618,0,0.069205381918443831,1.0695107093356317e-16,0.017945360202081213,1.0695107093356317e-16
n6_linear_f0.8_d2.1,2,-1.05,0,0,0.0082116381735622291,0,0.0082295516993366492,0,0.012026307465723725,1.1189668785002701e-16,0.0037967557663870759,1.1189668785002701e-16
n6_linear_f0.8_d2.1,3,1.05,0,0,-0.008211638173562158,0,-0.0082295516993366874,0,-0.012026307465723567,1.1564659942800412e-16,-0.0037967557663868799,1.1564659942800412e-16
n6_linear_f0.8_d2.1,4,3.1500000000000004,0,0,-0.050921720428251604,0,-0.051260021716362569,0,-0.069205381918443581,1.1065607339084595e-16,-0.017945360202081012,1.1065607339084595e-16
n6_linear_f0.8_d2.1,5,5.25,0,0,-0.67705019502534691,0,-0.79551540612822069,0,-0.81830321768009839,1.0603043395932927e-16,-0.022787811551877701,1.0603043395932927e-16
n6_linear_f0.8_d2.5,0,-6.25,0,0,0.3385785543787363,0,0.35937669018633528,0,0.36656685496119107,5.8381856902637888e-19,0.0071901647748557895,5.8381856902637888e-19
n6_linear_f0.8_d2.5,1,-3.75,0,0,0.025819885021315402,0,0.02591599003326945,0,0.031909955700107483,4.3062233105782229e-17,0.0059939656668380331,4.3062233105782229e-17
n6_linear_f0.8_d2.5,2,-1.25,0,0,0.0042158356652845933,0,0.0042213850597201726,0,0.0054242060894263196,4.6012200971391485e-17,0.001202821029706147,4.6012200971391485e-17
n6_linear_f0.8_d2.5,3,1.25,0,0,-0.0042158356652845889,0,-0.0042213850597201917,0,-0.0054242060894264376,4.5655734825880183e-17,-0.0012028210297062459,4.5655734825880183e-17
n6_linear_f0.8_d2.5,4,3.75,0,0,-0.025819885021315381,0,-0.025915990033269443,0,-0.031909955700107538,4.6862667444540489e-17,-0.0059939656668380956,4.6862667444540489e-17
n6_linear_f0.8_d2.5,5,6.25,0,0,-0.33857855437873635,0,-0.35937669018633528,0,-0.36656685496119118,4.5223484539197194e-17,-0.0071901647748559006,4.5223484539197194e-17
n6_linear_f0.8_d3.0,0,-7.5,0,0,0.16438422145422416,0,0.16872968135526675,0,0.17103390199651275,6.7363681041505258e-20,0.0023042206412459965,6.7363681041505258e-20
n6_linear_f0.8_d3.0,1,-4.5,0,0,0.012805160730684344,0,0.012832153146448711,0,0.014820038598829809,1.9221103657176167e-17,0.0019878854523810979,1.9221103657176167e-17
n6_linear_f0.8_d3.0,2,-1.5,0,0,0.0021306303703112809,0,0.0021323204655753084,0,0.0025098400092348882,2.0675036439655321e-17,0.0003775195436595798,2.0675036439655321e-17
n6_linear_f0.8_d3.0,3,1.5,0,0,-0.0021306303703112761,0,-0.0021323204655753075,0,-0.0025098400092349628,2.0941684343777945e-17,-0.00037751954365965526,2.0941684343777945e-17
n6_linear_f0.8_d3.0,4,4.5,0,0,-0.012805160730684356,0,-0.012832153146448727,0,-0.014820038598829771,2.115219584703265e-17,-0.0019878854523810441,2.115219584703265e-17
n6_linear_f0.8_d3.0,5,7.5,0,0,-0.16438422145422416,0,-0.16872968135526675,0,-0.17103390199651261,2.110728672633831e-17,-0.0023042206412458577,2.110728672633831e-17
n6_linear_f0.8_d4.0,0,-10,0,0,0.052935404195785303,0,0.053396139911528299,0,0.053774229205088085,0,0.00037808929355978571,0
n6_linear_f0.8_d4.0,1,-6,0,0,0.0043583656210397009,0,0.0043623132867257695,0,0.0046982464459316307,6.0009812527807595e-18,0.00033593315920586123,6.0009812527807595e-18
n6_linear_f0.8_d4.0,2,-2,0,0,0.00076030785431595131,0,0.00076058319157917701,0,0.00082169473570037116,6.4388451795505433e-18,6.1111544121194151e-05,6.4388451795505433e-18
n6_linear_f0.8_d4.0,3,2,0,0,-0.00076030785431595175,0,-0.00076058319157917787,0,-0.00082169473570039588,6.539890701112801e-18,-6.1111544121218004e-05,6.539890701112801e-18
n6_linear_f0.8_d4.0,4,6,0,0,-0.0043583656210397018,0,-0.0043623132867257677,0,-0.0046982464459316307,6.5735725416335546e-18,-0.00033593315920586297,6.5735725416335546e-18
n6_linear_f0.8_d4.0,5,10,0,0,-0.052935404195785303,0,-0.053396139911528306,0,-0.053774229205088064,6.5904134618939303e-18,-0.00037808929355975796,6.5904134618939303e-18
n6_linear_f0.8_d6.0,0,-15,0,0,0.010997470108234028,0,0.011022788820553185,0,0.011051230389470265,0,2.844156891708069e-05,0
n6_linear_f0.8_d6.0,1,-9,0,0,0.0010474534401590479,0,0.0010477472601901142,0,0.0010743234544605519,1.2125462587470945e-18,2.6576194270437788e-05,1.2125462587470945e-18
n6_linear_f0.8_d6.0,2,-3,0,0,0.00020353290270560317,0,0.00020355194220327152,0,0.00020858601130369073,1.3079781402225603e-18,5.0340691004192135e-06,1.3079781402225603e-18
n6_linear_f0.8_d6.0,3,3,0,0,-0.0002035329027056036,0,-0.00020355194220327238,0,-0.00020858601130368561,1.3360463406565208e-18,-5.0340691004132233e-06,1.3360463406565208e-18
n6_linear_f0.8_d6.0,4,9,0,0,-0.0010474534401590484,0,-0.0010477472601901142,0,-0.0010743234544605519,1.3472736208301049e-18,-2.6576194270437788e-05,1.3472736208301049e-18
n6_linear_f0.8_d6.0,5,15,0,0,-0.01099747010823403,0,-0.011022788820553185,0,-0.011051230389470267,1.3585009010036893e-18,-2.8441568917082424e-05,1.3585009010036893e-18
n6_linear_f0.8_d10.0,0,-25,0,0,0.0016188479921672508,0,0.0016197169342396589,0,0.0016206955052937477,0,9.7857105408878479e-07,0
n6_linear_f0.8_d10.0,1,-15,0,0,0.00018245413637009813,0,0.00018245939548140649,0,0.00018355360761332761,1.6840920260376311e-19,1.0942121319211192e-06,1.6840920260376311e-19
n6_linear_f0.8_d10.0,2,-5,0,0,3.5794162017868749e-05,0,3.5792099204904395e-05,0,3.6012504206014146e-05,2.0209104312451575e-19,2.2040500110975119e-07,2.0209104312451575e-19
n6_linear_f0.8_d10.0,3,5,0,0,-3.5794162017868756e-05,0,-3.5792099204904503e-05,0,-3.6012504206013882e-05,2.1331832329809998e-19,-2.204050011093785e-07,2.1331832329809998e-19
n6_linear_f0.8_d10.0,4,15,0,0,-0.00018245413637009824,0,-0.00018245939548140657,0,-0.00018355360761332723,2.1331832329809998e-19,-1.0942121319206584e-06,2.1331832329809998e-19
n6_linear_f0.8_d10.0,5,25,0,0,-0.0016188479921672508,0,-0.0016197169342396587,0,-0.0016206955052937479,2.0209104312451575e-19,-9.7857105408921848e-07,2.0209104312451575e-19
n6_linear_f1.0_d2.1,0,-5.25,0,0,1.0578909297271044,0,1.3116119110371238,0,1.3589667650278336,1.2574553794414313e-17,0.047354853990709822,1.2574553794414313e-17
n6_linear_f1.0_d2.1,1,-3.1500000000000004,0,0,0.079565188169143125,0,0.080228800689953944,0,0.11702334181642084,1.7754540184501728e-16,0.036794541126466893,1.7754540184501728e-16
n6_linear_f1.0_d2.1,2,-1.05,0,0,0.012830684646191071,0,0.012865613890572482,0,0.020746603128734886,2.0315061769089775e-16,0.0078809892381624044,2.0315061769089775e-16
n6_linear_f1.0_d2.1,3,1.05,0,0,-0.012830684646190908,0,-0.0128656138905726,0,-0.020746603128735289,1.9313728718608233e-16,-0.0078809892381626889,1.9313728718608233e-16
n6_linear_f1.0_d2.1,4,3.1500000000000004,0,0,-0.079565188169143153,0,-0.080228800689953861,0,-0.11702334181642121,1.9254785497696917e-16,-0.036794541126467351,1.9254785497696917e-16
n6_linear_f1.0_d2.1,5,5.25,0,0,-1.0578909297271044,0,-1.3116119110371236,0,-1.3589667650278339,1.7604375312180039e-16,-0.047354853990710266,1.7604375312180039e-16
n6_linear_f1.0_d2.5,0,-6.25,0,0,0.52902899121677549,0,0.57099861565458621,0,0.58523800483574773,1.0104552156225786e-18,0.014239389181161521,1.0104552156225786e-18
n6_linear_f1.0_d2.5,1,-3.75,0,0,0.04034357034580531,0,0.040531479018037969,0,0.052313472918620436,6.9721409877957937e-17,0.011781993900582467,6.9721409877957937e-17
n6_linear_f1.0_d2.5,2,-1.25,0,0,0.0065872432270071826,0,0.0065980458708447959,0,0.008994326678340903,7.3268528707799688e-17,0.0023962808074961071,7.3268528707799688e-17
n6_linear_f1.0_d2.5,3,1.25,0,0,-0.0065872432270071765,0,-0.0065980458708447473,0,-0.0089943266783408457,7.2861539801507259e-17,-0.0023962808074960984,7.2861539801507259e-17
n6_linear_f1.0_d2.5,4,3.75,0,0,-0.040343570345805269,0,-0.040531479018037997,0,-0.052313472918620263,7.3454480535674676e-17,-0.011781993900582266,7.3454480535674676e-17
n6_linear_f1.0_d2.5,5,6.25,0,0,-0.5290289912167756,0,-0.57099861565458621,0,-0.58523800483574784,7.3931639943052009e-17,-0.014239389181161632,7.3931639943052009e-17
n6_linear_f1.0_d3.0,0,-7.5,0,0,0.25685034602222517,0,0.2654791833251508,0,0.2699937203542821,0,0.0045145370291312936,0
n6_linear_f1.0_d3.0,1,-4.5,0,0,0.020008063641694284,0,0.020060710656189855,0,0.023940299828943353,3.0369792869545282e-17,0.0038795891727534983,3.0369792869545282e-17
n6_linear_f1.0_d3.0,2,-1.5,0,0,0.003329109953611362,0,0.0033323956662196382,0,0.0040769308526697754,3.2615248904262125e-17,0.00074453518645013718,3.2615248904262125e-17
n6_linear_f1.0_d3.0,3,1.5,0,0,-0.0033291099536113672,0,-0.0033323956662196057,0,-0.0040769308526697233,3.2787166631920133e-17,-0.00074453518645011766,3.2787166631920133e-17
n6_linear_f1.0_d3.0,4,4.5,0,0,-0.020008063641694274,0,-0.020060710656189834,0,-0.023940299828943381,3.3429226716846977e-17,-0.0038795891727535468,3.3429226716846977e-17
n6_linear_f1.0_d3.0,5,7.5,0,0,-0.25685034602222523,0,-0.26547918332515086,0,-0.26999372035428226,3.2811726307299849e-17,-0.0045145370291314046,3.2811726307299849e-17
n6_linear_f1.0_d4.0,0,-10,0,0,0.082711569055914536,0,0.083616688103321221,0,0.084354779788720385,0,0.00073809168539916425,0
n6_linear_f1.0_d4.0,1,-6,0,0,0.006809946282874531,0,0.0068176255430621707,0,0.0074724279086065722,9.4309153458107348e-18,0.00065480236554440151,9.4309153458107348e-18
n6_linear_f1.0_d4.0,2,-2,0,0,0.0011879810223686779,0,0.0011885155461503494,0,0.0013083576039044488,1.0104552156225787e-17,0.00011984205775409946,1.0104552156225787e-17
n6_linear_f1.0_d4.0,3,2,0,0,-0.0011879810223686749,0,-0.0011885155461503552,0,-0.0013083576039044948,1.028699545904653e-17,-0.00011984205775413957,1.028699545904653e-17
n6_linear_f1.0_d4.0,4,6,0,0,-0.0068099462828745266,0,-0.0068176255430621724,0,-0.0074724279086064872,1.0329097759697471e-17,-0.00065480236554431477,1.0329097759697471e-17
n6_linear_f1.0_d4.0,5,10,0,0,-0.082711569055914536,0,-0.083616688103321207,0,-0.084354779788720385,1.0329097759697471e-17,-0.00073809168539917813,1.0329097759697471e-17
n6_linear_f1.0_d6.0,0,-15,0,0,0.01718354704411567,0,0.01723293992226884,0,0.017288446010541192,0,5.5506088272351539e-05,0
n6_linear_f1.0_d6.0,1,-9,0,0,0.0016366460002485122,0,0.0016372162120125706,0,0.0016890617476510352,1.9086376295093153e-18,5.1845535638464588e-05,1.9086376295093153e-18
n6_linear_f1.0_d6.0,2,-3,0,0,0.00031802016047750555,0,0.00031805700822465111,0,0.00032790019799451212,2.055995681787608e-18,9.8431897698610061e-06,2.055995681787608e-18
n6_linear_f1.0_d6.0,3,3,0,0,-0.0003180201604775037,0,-0.00031805700822465084,0,-0.00032790019799452198,2.0910809323300586e-18,-9.8431897698711434e-06,2.0910809323300586e-18
n6_linear_f1.0_d6.0,4,9,0,0,-0.0016366460002485116,0,-0.0016372162120125711,0,-0.0016890617476510252,2.105115032547039e-18,-5.184553563845418e-05,2.105115032547039e-18
n6_linear_f1.0_d6.0,5,15,0,0,-0.01718354704411567,0,-0.01723293992226884,0,-0.017288446010541188,2.105115032547039e-18,-5.550608827234807e-05,2.105115032547039e-18
n6_linear_f1.0_d10.0,0,-25,0,0,0.0025294499877613289,0,0.0025311381273061357,0,0.0025330483171846154,0,1.9101898784796255e-06,0
n6_linear_f1.0_d10.0,1,-15,0,0,0.00028508458807827825,0,0.00028509463505852351,0,0.00028723073469919956,2.8068200433960521e-19,2.1360996406760485e-06,2.8068200433960521e-19
n6_linear_f1.0_d10.0,2,-5,0,0,5.5928378152919748e-05,0,5.5924324070014424e-05,0,5.6354862794774851e-05,3.0875020477356571e-19,4.3053872476042702e-07,3.0875020477356571e-19
n6_linear_f1.0_d10.0,3,5,0,0,-5.5928378152919958e-05,0,-5.5924324070014396e-05,0,-5.6354862794775549e-05,3.0875020477356571e-19,-4.3053872476115208e-07,3.0875020477356571e-19
n6_linear_f1.0_d10.0,4,15,0,0,-0.00028508458807827847,0,-0.00028509463505852362,0,-0.00028723073469920005,3.0875020477356571e-19,-2.136099640676428e-06,3.0875020477356571e-19
n6_linear_f1.0_d10.0,5,25,0,0,-0.0025294499877613289,0,-0.0025311381273061357,0,-0.0025330483171846145,3.3681840520752622e-19,-1.9101898784787581e-06,3.3681840520752622e-19
n6_compact_f0.1_d2.1,0,-2.1000000000000005,-1.2124355652982144,0,0.016536749764740795,0.0095474969281945776,0.016814055322521698,0.0097075993666271617,0.017108377511570287,0.0098775263617028493,0.00029432218904858892,0.00016992699507568758
n6_compact_f0.1_d2.1,1,0,-1.2124355652982144,0,5.2041704279304213e-18,0.018013611043413372,5.2041704279304213e-18,0.018332654827656794,1.8646056400785399e-18,0.018797001425457021,-3.3395647878518814e-18,0.00046434659780022688
n6_compact_f0.1_d2.1,2,2.1000000000000005,-1.2124355652982144,0,-0.016536749764740795,0.0095474969281945776,-0.016814055322521698,0.0097075993666271617,-0.017108377511570287,0.0098775263617028441,-0.00029432218904858892,0.00016992699507568237
n6_compact_f0.1_d2.1,3,-1.0500000000000003,0.60621778264910708,0,0.015600244777487886,-0.0090068055217066706,0.015876544799562211,-0.0091663274138283797,0.016278680749418073,-0.0093985007127284949,0.00040213594985586201,-0.00023217329890011518
n6_compact_f0.1_d2.1,4,1.05,0.60621778264910708,0,-0.015600244777487891,-0.009006805521706681,-0.015876544799562214,-0.0091663274138283936,-0.01627868074941809,-0.009398500712728507,-0.00040213594985587589,-0.00023217329890011344
n6_compact_f0.1_d2.1,5,0,2.4248711305964283,0,-8.6736173798840355e-19,-0.019094993856389179,-8.6736173798840355e-19,-0.019415198733254341,-1.3293099725523703e-17,-0.019755052723405716,-1.24257379875353e-17,-0.00033985399015137516
n6_compact_f0.1_d2.5,0,-2.5000000000000004,-1.4433756729740645,0,0.0082666640884451626,0.0047727607367640265,0.0083241288389239391,0.0048059380259218637,0.0084090298588079711,0.0048549556526063797,8.4901019884031995e-05,4.901762668451607e-05
n6_compact_f0.1_d2.5,1,0,-1.4433756729740645,0,3.0357660829594124e-18,0.0090000774084786489,1.7347234759768071e-18,0.0090660938088992019,3.9356879795994019e-19,0.0091885098926140132,-1.3411546780168669e-18,0.00012241608371481132
n6_compact_f0.1_d2.5,2,2.5000000000000004,-1.4433756729740645,0,-0.0082666640884451626,0.0047727607367640265,-0.0083241288389239391,0.0048059380259218637,-0.0084090298588079728,0.0048549556526063823,-8.4901019884033729e-05,4.9017626684518673e-05
n6_compact_f0.1_d2.5,3,-1.2500000000000002,0.72168783648703216,0,0.007794295671768931,-0.0045000387042393149,0.0078514675515995343,-0.0045330469044495966,0.0079574829899283633,-0.0045942549463070005,0.00010601543832882906,-6.1208041857403923e-05
n6_compact_f0.1_d2.5,4,1.25,0.72168783648703216,0,-0.0077942956717689318,-0.0045000387042393218,-0.0078514675515995343,-0.0045330469044496001,-0.0079574829899283668,-0.0045942549463070049,-0.00010601543832883253,-6.1208041857404791e-05
n6_compact_f0.1_d2.5,5,0,2.8867513459481287,0,-4.3368086899420177e-19,-0.0095455214735280652,-4.3368086899420177e-19,-0.0096118760518437325,-3.5927296555469468e-19,-0.0097099113052127681,7.4407903439507098e-20,-9.803525336903561e-05
n6_compact_f0.1_d3.0,0,-3.0000000000000009,-1.7320508075688776,0,0.0040111958834227182,0.0023158650230664245,0.0040240686684429655,0.0023232971289630861,0.0040480180371335025,0.0023371243034234898,2.3949368690536973e-05,1.3827174460403699e-05
n6_compact_f0.1_d3.0,1,0,-1.7320508075688776,0,6.5052130349130266e-19,0.004363418528976073,-2.1684043449710089e-19,0.004378185597638775,-7.0188043710172531e-19,0.0044100765653055244,-4.8504000260462442e-19,3.1890967666749377e-05
n6_compact_f0.1_d3.0,2,3.0000000000000009,-1.7320508075688776,0,-0.0040111958834227182,0.0023158650230664241,-0.0040240686684429663,0.0023232971289630861,-0.0040480180371335025,0.0023371243034234863,-2.3949368690536106e-05,1.3827174460400229e-05
n6_compact_f0.1_d3.0,3,-1.5000000000000004,0.8660254037844386,0,0.0037788312934370042,-0.0021817092644880356,0.003791619950038334,-0.0021890927988193875,0.0038192383381890059,-0.0022050382826527604,2.7618388150671847e-05,-1.5945483833372954e-05
n6_compact_f0.1_d3.0,4,1.5,0.8660254037844386,0,-0.0037788312934370055,-0.0021817092644880356,-0.0037916199500383336,-0.0021890927988193875,-0.0038192383381890102,-0.0022050382826527622,-2.7618388150676618e-05,-1.5945483833374689e-05
n6_compact_f0.1_d3.0,5,0,3.4641016151377544,0,6.5052130349130266e-19,-0.0046317300461328498,-2.1684043449710089e-19,-0.0046465942579261722,-4.6705485522110311e-18,-0.004674248606846977,-4.4537081177139302e-18,-2.7654348920804796e-05
n6_compact_f0.1_d4.0,0,-4.0000000000000009,-2.3094010767585034,0,0.0012896599730848647,0.00074458553262363256,0.0012911230676278516,0.00074543025065187593,0.0012945039421828372,0.00074738219948629315,3.3808745549855981e-06,1.9519488344172135e-06
n6_compact_f0.1_d4.0,1,0,-2.3094010767585034,0,-1.0842021724855044e-19,0.0013997418349945248,-1.0842021724855044e-19,0.0014014166424790872,9.5300311785931587e-20,0.0014055185735881979,2.0372052903448204e-19,4.1019311091106646e-06
n6_compact_f0.1_d4.0,2,4.0000000000000009,-2.3094010767585034,0,-0.0012896599730848647,0.00074458553262363256,-0.0012911230676278514,0.00074543025065187593,-0.0012945039421828372,0.00074738219948629336,-3.380874554985815e-06,1.9519488344174303e-06
n6_compact_f0.1_d4.0,3,-2.0000000000000004,1.1547005383792515,0,0.0012122119878451043,-0.00069987091749726252,0.0012136624136731837,-0.00070070832123954362,0.0012172147902182471,-0.00070275928679409917,3.5523765450633411e-06,-2.0509655545555491e-06
n6_compact_f0.1_d4.0,4,2,1.1547005383792515,0,-0.0012122119878451045,-0.00069987091749726177,-0.0012136624136731839,-0.00070070832123954329,-0.0012172147902182473,-0.00070275928679409895,-3.5523765450633411e-06,-2.0509655545556576e-06
n6_compact_f0.1_d4.0,5,0,4.6188021535170058,0,3.2526065174565133e-19,-0.001489171065247266,1.6263032587282567e-19,-0.0014908605013037521,-4.4909120694336834e-20,-0.0014947643989725867,-2.0753944656716249e-19,-3.9038976688346438e-06
n6_compact_f0.1_d6.0,0,-6.0000000000000018,-3.4641016151377553,0,0.00026726197180337581,0.00015430377136482916,0.00026734849883241043,0.00015435372776833456,0.00026757711055926499,0.00015448571681037388,2.2861172685456751e-07,1.3198904203932395e-07
n6_compact_f0.1_d6.0,1,0,-3.4641016151377553,0,4.0657581468206416e-20,0.00028803110783795689,-1.3552527156068805e-20,0.00028812986828086743,-7.1749337359311592e-20,0.00028838603148054214,-5.8196810203242787e-20,2.5616319967471362e-07
n6_compact_f0.1_d6.0,2,6.0000000000000018,-3.4641016151377553,0,-0.00026726197180337581,0.00015430377136482916,-0.00026734849883241043,0.00015435372776833456,-0.00026757711055926505,0.00015448571681037388,-2.2861172685462172e-07,1.3198904203932395e-07
n6_compact_f0.1_d6.0,3,-3.0000000000000009,1.7320508075688772,0,0.00024944225646784571,-0.00014401555391897836,0.00024952778552029533,-0.00014406493414043366,0.00024974962935872828,-0.00014419301574027099,2.2184383843295002e-07,-1.280815998373297e-07
n6_compact_f0.1_d6.0,4,3,1.7320508075688772,0,-0.00024944225646784577,-0.00014401555391897842,-0.00024952778552029528,-0.00014406493414043369,-0.00024974962935872845,-0.00014419301574027107,-2.2184383843316686e-07,-1.2808159983738391e-07
n6_compact_f0.1_d6.0,5,0,6.9282032302755088,0,4.0657581468206416e-20,-0.00030860754272965844,-1.3552527156068805e-20,-0.00030870745553666912,-1.7402284269055522e-19,-0.00030897143362074782,-1.6047031553448642e-19,-2.6397808407870212e-07
n6_compact_f0.1_d10.0,0,-10.000000000000002,-5.7735026918962582,0,4.0536178863924952e-05,2.3403573779005888e-05,4.053935097080728e-05,2.3405405195768303e-05,4.0548159175453917e-05,2.3410490615092112e-05,8.8082046466371618e-09,5.0854193238095851e-09
n6_compact_f0.1_d10.0,1,0,-5.7735026918962582,0,1.3552527156068805e-20,4.2813208019656295e-05,8.4703294725430034e-21,4.2816833056417053e-05,-1.2279837689857729e-21,4.2826166057553219e-05,-9.6983132415287763e-21,9.3330011361662888e-09
n6_compact_f0.1_d10.0,2,10.000000000000002,-5.7735026918962582,0,-4.0536178863924952e-05,2.3403573779005888e-05,-4.053935097080728e-05,2.3405405195768303e-05,-4.0548159175453917e-05,2.3410490615092109e-05,-8.8082046466371618e-09,5.085419323806197e-09
n6_compact_f0.1_d10.0,3,-5.0000000000000009,2.8867513459481287,0,3.7077325762530033e-05,-2.1406604009828113e-05,3.708046513645449e-05,-2.1408416528208506e-05,3.7088547752531932e-05,-2.1413083028776562e-05,8.0826160774421217e-09,-4.6665005680560393e-09
n6_compact_f0.1_d10.0,4,5,2.8867513459481287,0,-3.707732576253004e-05,-2.1406604009828141e-05,-3.7080465136454497e-05,-2.1408416528208526e-05,-3.7088547752531979e-05,-2.1413083028776579e-05,-8.0826160774827792e-09,-4.6665005680526512e-09
n6_compact_f0.1_d10.0,5,0,11.547005383792515,0,-1.6940658945086007e-21,-4.6807147558011831e-05,-1.6940658945086007e-21,-4.6810810391536633e-05,-1.4735805227829274e-20,-4.6820981230184259e-05,-1.3041739333320674e-20,-1.0170838647625947e-08
n6_compact_f0.4_d2.1,0,-2.1000000000000005,-1.2124355652982144,0,0.26458799623585272,0.15275995085111324,0.28376000335134716,0.16382891432014934,0.3056669601057313,0.17647690169941854,0.021906956754384144,0.012647987379269199
n6_compact_f0.4_d2.1,1,0,-1.2124355652982144,0,8.3266726846886741e-17,0.28821777669461396,9.7144514654701197e-17,0.3102868784131747,1.3335763390183321e-16,0.34548118658777932,3.6213119247132014e-17,0.035194308174604616
n6_compact_f0.4_d2.1,2,2.1000000000000005,-1.2124355652982144,0,-0.26458799623585272,0.15275995085111324,-0.2837600033513471,0.16382891432014934,-0.30566696010573136,0.1764769016994186,-0.021906956754384255,0.012647987379269254
n6_compact_f0.4_d2.1,3,-1.0500000000000003,0.60621778264910708,0,0.24960391643980617,-0.14410888834730673,0.26871631916678257,-0.15514343920658705,0.29919548411460867,-0.17274059329388927,0.030479164947826098,-0.017597154087302225
n6_compact_f0.4_d2.1,4,1.05,0.60621778264910708,0,-0.24960391643980626,-0.1441088883473069,-0.26871631916678268,-0.15514343920658727,-0.29919548411460883,-0.17274059329388949,-0.030479164947826154,-0.017597154087302225
n6_compact_f0.4_d2.1,5,0,2.4248711305964283,0,-1.3877787807814457e-17,-0.30551990170222687,-1.3877787807814457e-17,-0.32765782864029902,-1.7819939091512855e-16,-0.35295380339883753,-1.6432160310731409e-16,-0.025295974758538509
n6_compact_f0.4_d2.5,0,-2.5000000000000004,-1.4433756729740645,0,0.1322666254151226,0.076364171788224425,0.1359764954587685,0.078506066256581908,0.14177552547132277,0.081854137795368848,0.0057990300125542737,0.0033480715387869397
n6_compact_f0.4_d2.5,1,0,-1.4433756729740645,0,4.8572257327350599e-17,0.14400123853565838,3.4694469519536142e-17,0.14826543358753522,5.3890944833204206e-19,0.15672001742611905,-3.4155560071204103e-17,0.008454583838583829
n6_compact_f0.4_d2.5,2,2.5000000000000004,-1.4433756729740645,0,-0.1322666254151226,0.076364171788224425,-0.13597649545876853,0.078506066256581908,-0.14177552547132277,0.081854137795368834,-0.005799030012554246,0.0033480715387869259
n6_compact_f0.4_d2.5,3,-1.2500000000000002,0.72168783648703216,0,0.1247087307483029,-0.072000619267829039,0.12840163198992011,-0.074132716793767484,0.13572351637255908,-0.07836000871305937,0.0073218843826389768,-0.0042272919192918867
n6_compact_f0.4_d2.5,4,1.25,0.72168783648703216,0,-0.12470873074830291,-0.07200061926782915,-0.12840163198992011,-0.074132716793767567,-0.13572351637255917,-0.078360008713059412,-0.0073218843826390601,-0.0042272919192918451
n6_compact_f0.4_d2.5,5,0,2.8867513459481287,0,-6.9388939039072284e-18,-0.15272834357644904,-6.9388939039072284e-18,-0.15701213251316398,-2.0119286071062903e-17,-0.16370827559073781,-1.3180392167155674e-17,-0.006696143077573824
n6_compact_f0.4_d3.0,0,-3.0000000000000009,-1.7320508075688776,0,0.064179134134763491,0.037053840369062792,0.064980254733999668,0.037516367562685164,0.066561484680743854,0.038429291098088618,0.0015812299467441865,0.00091292353540345372
n6_compact_f0.4_d3.0,1,0,-1.7320508075688776,0,1.0408340855860843e-17,0.069814696463617168,-3.4694469519536142e-18,0.070734244672560731,-3.2783658106865888e-17,0.072855125116734032,-2.9314211154912274e-17,0.0021208804441733009
n6_compact_f0.4_d3.0,2,3.0000000000000009,-1.7320508075688776,0,-0.064179134134763491,0.037053840369062785,-0.064980254733999668,0.037516367562685164,-0.066561484680743868,0.038429291098088611,-0.0015812299467442004,0.00091292353540344678
n6_compact_f0.4_d3.0,3,-1.5000000000000004,0.8660254037844386,0,0.060461300694992066,-0.03490734823180857,0.06125765280394168,-0.035367122336280359,0.063094389146985355,-0.03642756255836703,0.0018367363430436753,-0.0010604402220866713
n6_compact_f0.4_d3.0,4,1.5,0.8660254037844386,0,-0.060461300694992087,-0.03490734823180857,-0.061257652803941673,-0.035367122336280352,-0.063094389146985411,-0.036427562558367009,-0.0018367363430437378,-0.0010604402220866574
n6_compact_f0.4_d3.0,5,0,3.4641016151377544,0,1.0408340855860843e-17,-0.074107680738125598,-3.4694469519536142e-18,-0.075032735125370342,-4.8861123315438481e-17,-0.07685858219617725,-4.5391676363484867e-17,-0.0018258470708069074
n6_compact_f0.4_d4.0,0,-4.0000000000000009,-2.3094010767585034,0,0.020634559569357835,0.011913368521978121,0.02072174131944373,0.011963702928858637,0.020940520153940677,0.012090014947848437,0.00021877883449694657,0.00012631201898979927
n6_compact_f0.4_d4.0,1,0,-2.3094010767585034,0,-1.7347234759768071e-18,0.022395869359912397,-1.7347234759768071e-18,0.02249573315974733,-4.9414066863987497e-18,0.022762254917207372,-3.2066832104219426e-18,0.00026652175746004134
n6_compact_f0.4_d4.0,2,4.0000000000000009,-2.3094010767585034,0,-0.020634559569357835,0.011913368521978121,-0.02072174131944373,0.011963702928858637,-0.02094052015394068,0.012090014947848437,-0.00021877883449695004,0.00012631201898979927
n6_compact_f0.4_d4.0,3,-2.0000000000000004,1.1547005383792515,0,0.019395391805521668,-0.0111979346799562,0.019481876393097168,-0.011247866579873665,0.01971269100571884,-0.011381127458603695,0.00023081461262167147,-0.00013326087873002934
n6_compact_f0.4_d4.0,4,2,1.1547005383792515,0,-0.019395391805521672,-0.011197934679956188,-0.019481876393097168,-0.011247866579873662,-0.019712691005718853,-0.011381127458603686,-0.00023081461262168534,-0.00013326087873002414
n6_compact_f0.4_d4.0,5,0,4.6188021535170058,0,5.2041704279304213e-18,-0.023826737043956256,1.7347234759768071e-18,-0.023927405857717278,-1.7963648277734733e-18,-0.02418002989569688,-3.5310883037502808e-18,-0.00025262403797960201
n6_compact_f0.4_d6.0,0,-6.0000000000000018,-3.4641016151377553,0,0.004276191548854013,0.0024688603418372666,0.0042810888812394969,0.0024716878180083375,0.0042957637135893978,0.0024801603364158647,1.467483234990092e-05,8.472518407527229e-06
n6_compact_f0.4_d6.0,1,0,-3.4641016151377553,0,6.5052130349130266e-19,0.0046084977254073102,-2.1684043449710089e-19,0.0046140911148671417,-8.7853467358296435e-19,0.0046305636250121634,-6.6169423908586346e-19,1.6472510145021727e-05
n6_compact_f0.4_d6.0,2,6.0000000000000018,-3.4641016151377553,0,-0.004276191548854013,0.0024688603418372666,-0.0042810888812394978,0.0024716878180083375,-0.0042957637135893978,0.0024801603364158651,-1.4674832349900052e-05,8.4725184075276627e-06
n6_compact_f0.4_d6.0,3,-3.0000000000000009,1.7320508075688772,0,0.0039910761034855314,-0.0023042488627036538,0.0039959201208510072,-0.0023070455574335704,0.0040101857331006916,-0.0023152818125060813,1.4265612249684395e-05,-8.2362550725108633e-06
n6_compact_f0.4_d6.0,4,3,1.7320508075688772,0,-0.0039910761034855323,-0.0023042488627036547,-0.0039959201208510063,-0.00230704555743357,-0.004010185733100695,-0.0023152818125060817,-1.4265612249688732e-05,-8.2362550725117306e-06
n6_compact_f0.4_d6.0,5,0,6.9282032302755088,0,6.5052130349130266e-19,-0.004937720683674535,-2.1684043449710089e-19,-0.0049433756360166767,-2.6945472416602097e-18,-0.0049603206728317303,-2.4777068071631088e-18,-1.6945036815053591e-05
n6_compact_f0.4_d10.0,0,-10.000000000000002,-5.7735026918962582,0,0.00064857886182279924,0.00037445718046409421,0.0006487499336623188,0.00037455594883669161,0.00064931400182578194,0.00037488161374270816,5.6406816346314496e-07,3.2566490601655153e-07
n6_compact_f0.4_d10.0,1,0,-5.7735026918962582,0,2.1684043449710089e-19,0.00068501132831450071,1.6263032587282567e-19,0.00068520711109357115,-6.45568609981092e-20,0.00068580514509026819,-2.2718718687093488e-19,5.9803399669704216e-07
n6_compact_f0.4_d10.0,2,10.000000000000002,-5.7735026918962582,0,-0.00064857886182279924,0.00037445718046409421,-0.0006487499336623188,0.00037455594883669161,-0.00064931400182578194,0.00037488161374270816,-5.6406816346314496e-07,3.2566490601655153e-07
n6_compact_f0.4_d10.0,3,-5.0000000000000009,2.8867513459481287,0,0.00059323721220048053,-0.00034250566415724981,0.00059340676506077893,-0.00034260355554678509,0.00059392467769424514,-0.00034290257254513328,5.1791263346620368e-07,-2.9901699834819582e-07
n6_compact_f0.4_d10.0,4,5,2.8867513459481287,0,-0.00059323721220048064,-0.00034250566415725025,-0.00059340676506077904,-0.00034260355554678541,-0.00059392467769424557,-0.00034290257254513355,-5.1791263346652894e-07,-2.9901699834814161e-07
n6_compact_f0.4_d10.0,5,0,11.547005383792515,0,-2.7105054312137611e-20,-0.00074891436092818929,-2.7105054312137611e-20,-0.00074911189767338398,-2.0209104312451575e-19,-0.00074976322748541698,-1.7498598881237814e-19,-6.5132981203299464e-07
n6_compact_f0.8_d2.1,0,-2.1000000000000005,-1.2124355652982144,0,1.0583519849434109,0.61103980340445296,1.2368309279738645,0.71408466920776525,1.4614626247823823,0.84377583982868598,0.2246316968085178,0.12969117062092073
n6_compact_f0.8_d2.1,1,0,-1.2124355652982144,0,3.3306690738754696e-16,1.1528711067784558,6.106226635438361e-16,1.3584104818322893,5.0388033419045925e-17,1.7288479495927915,-5.6023463012479019e-16,0.37043746776050224
n6_compact_f0.8_d2.1,2,2.1000000000000005,-1.2124355652982144,0,-1.0583519849434109,0.61103980340445296,-1.2368309279738645,0.71408466920776525,-1.4614626247823825,0.84377583982868598,-0.22463169680851802,0.12969117062092073
n6_compact_f0.8_d2.1,3,-1.0500000000000003,0.60621778264910708,0,0.99841566575922469,-0.57643555338922692,1.176417986033822,-0.67920524091614309,1.4972262436279957,-0.86442397479639399,0.32080825759417375,-0.1852187338802509
n6_compact_f0.8_d2.1,4,1.05,0.60621778264910708,0,-0.99841566575922502,-0.57643555338922758,-1.1764179860338224,-0.6792052409161442,-1.4972262436279971,-0.86442397479639466,-0.32080825759417464,-0.18521873388025045
n6_compact_f0.8_d2.1,5,0,2.4248711305964283,0,-5.5511151231257827e-17,-1.2220796068089075,-5.5511151231257827e-17,-1.428169338415533,-1.0576996105930211e-15,-1.6875516796573748,-1.0021884593617633e-15,-0.2593823412418419
n6_compact_f0.8_d2.5,0,-2.5000000000000004,-1.4433756729740645,0,0.52906650166049041,0.3054566871528977,0.56047353302774128,0.32358954516722704,0.61152030172037963,0.35306141081318232,0.051046768692638356,0.029471865645955275
n6_compact_f0.8_d2.5,1,0,-1.4433756729740645,0,1.9428902930940239e-16,0.57600495414263353,1.3877787807814457e-16,0.61211531868646973,5.9729130523467988e-17,0.68768675125403256,-7.9048747554676579e-17,0.075571432567562824
n6_compact_f0.8_d2.5,2,2.5000000000000004,-1.4433756729740645,0,-0.52906650166049041,0.3054566871528977,-0.56047353302774128,0.32358954516722704,-0.61152030172037974,0.35306141081318237,-0.051046768692638467,0.029471865645955331
n6_compact_f0.8_d2.5,3,-1.2500000000000002,0.72168783648703216,0,0.49883492299321158,-0.28800247707131615,0.53010741602809042,-0.30605765934323442,0.59555419643198237,-0.34384337562701606,0.065446780403891958,-0.037785716283781634
n6_compact_f0.8_d2.5,4,1.25,0.72168783648703216,0,-0.49883492299321164,-0.2880024770713166,-0.53010741602809053,-0.30605765934323476,-0.59555419643198282,-0.34384337562701628,-0.065446780403892291,-0.037785716283781523
n6_compact_f0.8_d2.5,5,0,2.8867513459481287,0,-2.7755575615628914e-17,-0.61091337430579618,-2.7755575615628914e-17,-0.64717909033445453,-1.9544449326175393e-16,-0.7061228216263653,-1.6768891764612501e-16,-0.058943731291910773
n6_compact_f0.8_d3.0,0,-3.0000000000000009,-1.7320508075688776,0,0.25671653653905396,0.14821536147625117,0.26329079055786697,0.15201100880373392,0.27650648421245883,0.15964109309274016,0.013215693654591854,0.0076300842890062448
n6_compact_f0.8_d3.0,1,0,-1.7320508075688776,0,4.163336342344337e-17,0.27925878585446867,-1.3877787807814457e-17,0.28680673250290717,-6.785768136914295e-17,0.30471495046396668,-5.3979893561328493e-17,0.017908217961059514
n6_compact_f0.8_d3.0,2,3.0000000000000009,-1.7320508075688776,0,-0.25671653653905396,0.14821536147625114,-0.26329079055786703,0.15201100880373392,-0.27650648421245894,0.15964109309274011,-0.013215693654591909,0.0076300842890061893
n6_compact_f0.8_d3.0,3,-1.5000000000000004,0.8660254037844386,0,0.24184520277996827,-0.13962939292723428,0.2483819163239257,-0.14340336625145356,0.26389088801471189,-0.15235747523198323,0.015508971690786189,-0.0089541089805296736
n6_compact_f0.8_d3.0,4,1.5,0.8660254037844386,0,-0.24184520277996835,-0.13962939292723428,-0.24838191632392564,-0.14340336625145358,-0.26389088801471206,-0.15235747523198329,-0.015508971690786411,-0.0089541089805297014
n6_compact_f0.8_d3.0,5,0,3.4641016151377544,0,4.163336342344337e-17,-0.29643072295250239,-1.3877787807814457e-17,-0.30402201760746783,-2.01192860710629e-16,-0.31928218618548032,-1.8731507290281454e-16,-0.01526016857801249
n6_compact_f0.8_d4.0,0,-4.0000000000000009,-2.3094010767585034,0,0.082538238277431342,0.047653474087912484,0.083237004858934358,0.048056907161843972,0.085013793891789396,0.049082736788256004,0.001776789032855039,0.0010258296264120323
n6_compact_f0.8_d4.0,1,0,-2.3094010767585034,0,-6.9388939039072284e-18,0.089583477439649589,-6.9388939039072284e-18,0.090384059408552236,3.233456689992252e-18,0.092561116150815012,1.017235059389948e-17,0.0021770567422627757
n6_compact_f0.8_d4.0,2,4.0000000000000009,-2.3094010767585034,0,-0.082538238277431342,0.047653474087912484,-0.083237004858934358,0.048056907161843972,-0.085013793891789369,0.049082736788255983,-0.0017767890328550112,0.0010258296264120115
n6_compact_f0.8_d4.0,3,-2.0000000000000004,1.1547005383792515,0,0.077581567222086673,-0.044791738719824802,0.078274891544968125,-0.045192029704276125,0.080160277989247838,-0.046280558075407506,0.001885386444279713,-0.0010885283711313809
n6_compact_f0.8_d4.0,4,2,1.1547005383792515,0,-0.077581567222086686,-0.044791738719824753,-0.078274891544968139,-0.045192029704276104,-0.080160277989247922,-0.046280558075407506,-0.0018853864442797824,-0.0010885283711314017
n6_compact_f0.8_d4.0,5,0,4.6188021535170058,0,2.0816681711721685e-17,-0.095306948175825024,1.0408340855860843e-17,-0.096113814323687957,-1.8682194208844124e-17,-0.098165473576512008,-2.909053506470497e-17,-0.0020516592528240507
n6_compact_f0.8_d6.0,0,-6.0000000000000018,-3.4641016151377553,0,0.017104766195416052,0.0098754413673490665,0.017143306107977981,0.0098976923962412443,0.017261171630776305,0.0099657420875570307,0.00011786552279832371,6.8049691315786448e-05
n6_compact_f0.8_d6.0,1,0,-3.4641016151377553,0,2.6020852139652106e-18,0.018433990901629241,-8.6736173798840355e-19,0.018478016061284856,-2.0770468321130783e-18,0.018610655214715815,-1.2096850941246748e-18,0.00013263915343095928
n6_compact_f0.8_d6.0,2,6.0000000000000018,-3.4641016151377553,0,-0.017104766195416052,0.0098754413673490665,-0.017143306107977981,0.0098976923962412443,-0.017261171630776305,0.0099657420875570325,-0.00011786552279832371,6.8049691315788183e-05
n6_compact_f0.8_d6.0,3,-3.0000000000000009,1.7320508075688772,0,0.015964304413942126,-0.0092169954508146152,0.016002431320609557,-0.0092390080306424278,0.01611730019701723,-0.0093053276073579074,0.00011486887640767274,-6.6319576715479639e-05
n6_compact_f0.8_d6.0,4,3,1.7320508075688772,0,-0.015964304413942129,-0.0092169954508146187,-0.016002431320609554,-0.0092390080306424278,-0.016117300197017237,-0.0093053276073579074,-0.00011486887640768315,-6.6319576715479639e-05
n6_compact_f0.8_d6.0,5,0,6.9282032302755088,0,2.6020852139652106e-18,-0.01975088273469814,-8.6736173798840355e-19,-0.019795384792482489,-1.0418916001086147e-17,-0.019931484175114065,-9.5515542630977431e-18,-0.00013609938263157637
n6_compact_f0.8_d10.0,0,-10.000000000000002,-5.7735026918962582,0,0.002594315447291197,0.0014978287218563768,0.0025956439325550739,0.0014985957231810909,0.0026001600809060039,0.0015012031226471999,4.5161483509300465e-06,2.6073994661090193e-06
n6_compact_f0.8_d10.0,1,0,-5.7735026918962582,0,8.6736173798840355e-19,0.0027400453132580029,5.4210108624275222e-19,0.0027415661560654041,2.301592435584763e-19,0.002746358357512046,-3.1194184268427592e-19,4.7922014466419104e-06
n6_compact_f0.8_d10.0,2,10.000000000000002,-5.7735026918962582,0,-0.002594315447291197,0.0014978287218563768,-0.0025956439325550747,0.0014985957231810909,-0.0026001600809060048,0.0015012031226472001,-4.5161483509300465e-06,2.6073994661092361e-06
n6_compact_f0.8_d10.0,3,-5.0000000000000009,2.8867513459481287,0,0.0023729488488019221,-0.0013700226566289993,0.0023742659373082939,-0.0013707830780327005,0.0023784161055011373,-0.0013731791787560202,4.1501681928434071e-06,-2.3961007233196541e-06
n6_compact_f0.8_d10.0,4,5,2.8867513459481287,0,-0.0023729488488019226,-0.001370022656629001,-0.0023742659373082939,-0.0013707830780327014,-0.002378416105501139,-0.0013731791787560215,-4.1501681928451419e-06,-2.3961007233200878e-06
n6_compact_f0.8_d10.0,5,0,11.547005383792515,0,-1.0842021724855044e-19,-0.0029956574437127572,-1.0842021724855044e-19,-0.0029971914463621839,-4.9400032763770524e-19,-0.0030024062452944024,-3.855801103891548e-19,-5.2147989322184722e-06
n6_compact_f1.0_d2.1,0,-2.1000000000000005,-1.2124355652982144,0,1.6536749764740795,0.95474969281945787,2.0357958625272601,1.1753672892452398,2.5472359246430969,1.4706473467821772,0.51144006211583681,0.29528005753693742
n6_compact_f1.0_d2.1,1,0,-1.2124355652982144,0,5.5511151231257827e-16,1.8013611043413376,8.8817841970012523e-16,2.2415162769098274,1.3297590637593136e-15,3.0972053412402825,4.4158064405918836e-16,0.85568906433045511
n6_compact_f1.0_d2.1,2,2.1000000000000005,-1.2124355652982144,0,-1.6536749764740797,0.95474969281945787,-2.0357958625272601,1.1753672892452398,-2.5472359246430978,1.4706473467821777,-0.5114400621158377,0.29528005753693787
n6_compact_f1.0_d2.1,3,-1.0500000000000003,0.60621778264910708,0,1.5600244777487888,-0.90068055217066723,1.9412100388002242,-1.120758138454911,2.6822585062509372,-1.5486026706201372,0.74104846745071296,-0.42784453216522622
n6_compact_f1.0_d2.1,4,1.05,0.60621778264910708,0,-1.5600244777487891,-0.90068055217066834,-1.9412100388002251,-1.1207581384549128,-2.6822585062509385,-1.5486026706201395,-0.7410484674507134,-0.42784453216522667
n6_compact_f1.0_d2.1,5,0,2.4248711305964283,0,-1.1102230246251565e-16,-1.9094993856389175,-1.1102230246251565e-16,-2.3507345784904832,-1.5520592111962809e-15,-2.9412946935643602,-1.4410369087337652e-15,-0.59056011507387707
n6_compact_f1.0_d2.5,0,-2.5000000000000004,-1.4433756729740645,0,0.82666640884451625,0.47727607367640268,0.89003248772710897,0.51386049637675857,0.99507590351590547,0.57450734075901844,0.1050434157887965,0.060646844382259868
n6_compact_f1.0_d2.5,1,0,-1.4433756729740645,0,2.7755575615628914e-16,0.90000774084786483,2.7755575615628914e-16,0.97287273518798867,-5.1398488634668509e-16,1.1296312723318458,-7.9154064250297422e-16,0.15675853714385712
n6_compact_f1.0_d2.5,2,2.5000000000000004,-1.4433756729740645,0,-0.82666640884451636,0.47727607367640268,-0.89003248772710897,0.51386049637675857,-0.99507590351590547,0.57450734075901799,-0.1050434157887965,0.060646844382259424
n6_compact_f1.0_d2.5,3,-1.2500000000000002,0.72168783648703216,0,0.77942956717689305,-0.4500038704239317,0.84253250332204943,-0.48643636759399356,0.97828937874871502,-0.56481563616592223,0.13575687542666559,-0.078379268571928673
n6_compact_f1.0_d2.5,4,1.25,0.72168783648703216,0,-0.77942956717689316,-0.45000387042393214,-0.84253250332204965,-0.486436367593994,-0.97828937874871658,-0.56481563616592245,-0.13575687542666692,-0.078379268571928451
n6_compact_f1.0_d2.5,5,0,2.8867513459481287,0,-2.7755575615628914e-17,-0.95455214735280625,-5.5511151231257827e-17,-1.0277209927535182,-5.1735307039876027e-16,-1.1490146815180375,-4.6184191916750244e-16,-0.12129368876451929
n6_compact_f1.0_d3.0,0,-3.0000000000000009,-1.7320508075688776,0,0.40111958834227174,0.23158650230664238,0.4141724681771965,0.2391225859930361,0.44058375884791534,0.25437115177142111,0.026411290670718846,0.015248565778385015
n6_compact_f1.0_d3.0,1,0,-1.7320508075688776,0,6.9388939039072284e-17,0.4363418528976073,-2.7755575615628914e-17,0.45132944980994566,-5.5771514262279557e-17,0.48731155721641495,-2.8015938646650644e-17,0.035982107406469288
n6_compact_f1.0_d3.0,2,3.0000000000000009,-1.7320508075688776,0,-0.40111958834227174,0.23158650230664238,-0.4141724681771965,0.2391225859930361,-0.44058375884791534,0.25437115177142111,-0.026411290670718846,0.015248565778385015
n6_compact_f1.0_d3.0,3,-1.5000000000000004,0.8660254037844386,0,0.37788312934370033,-0.21817092644880354,0.39086276901146677,-0.2256647249049728,0.4220241881071693,-0.24365577860820736,0.031161419095702525,-0.017991053703234561
n6_compact_f1.0_d3.0,4,1.5,0.8660254037844386,0,-0.37788312934370044,-0.21817092644880351,-0.39086276901146666,-0.22566472490497277,-0.42202418810716952,-0.24365577860820742,-0.031161419095702858,-0.017991053703234644
n6_compact_f1.0_d3.0,5,0,3.4641016151377544,0,6.9388939039072284e-17,-0.46317300461328503,-2.7755575615628914e-17,-0.4782451719860723,-3.1616020968813129e-16,-0.50874230354284222,-2.8840463407250238e-16,-0.030497131556769919
n6_compact_f1.0_d4.0,0,-4.0000000000000009,-2.3094010767585034,0,0.12896599730848646,0.074458553262363253,0.1303386070232205,0.07525102985065725,0.13383563167088139,0.077270037972347036,0.0034970246476608846,0.0020190081216897859
n6_compact_f1.0_d4.0,1,0,-2.3094010767585034,0,-6.9388939039072284e-18,0.13997418349945248,-6.9388939039072284e-18,0.14154690987709576,-3.8958662202337201e-17,0.14584484605386358,-3.2019768298429972e-17,0.0042979361767678248
n6_compact_f1.0_d4.0,2,4.0000000000000009,-2.3094010767585034,0,-0.12896599730848646,0.074458553262363253,-0.1303386070232205,0.07525102985065725,-0.13383563167088136,0.07727003797234698,-0.0034970246476608569,0.0020190081216897304
n6_compact_f1.0_d4.0,3,-2.0000000000000004,1.1547005383792515,0,0.12122119878451043,-0.069987091749726255,0.1225832197807514,-0.070773454938547878,0.12630534169367649,-0.072922423026931762,0.0037221219129250915,-0.0021489680883838846
n6_compact_f1.0_d4.0,4,2,1.1547005383792515,0,-0.12122119878451046,-0.069987091749726171,-0.12258321978075137,-0.070773454938547836,-0.12630534169367663,-0.072922423026931749,-0.0037221219129252581,-0.0021489680883839124
n6_compact_f1.0_d4.0,5,0,4.6188021535170058,0,3.4694469519536142e-17,-0.14891710652472659,1.3877787807814457e-17,-0.15050205970131456,-3.5927296555469467e-17,-0.15454007594469407,-4.9805084363283924e-17,-0.0040380162433795164
n6_compact_f1.0_d6.0,0,-6.0000000000000018,-3.4641016151377553,0,0.026726197180337582,0.015430377136482916,0.026801378319263967,0.015473782987280051,0.027032041012517133,0.015606956155321771,0.00023066269325316621,0.00013317316804171975
n6_compact_f1.0_d6.0,1,0,-3.4641016151377553,0,4.3368086899420177e-18,0.028803110783795684,-1.7347234759768071e-18,0.028888996663043023,1.2630690195282233e-19,0.02914892051027031,1.8610303779296294e-18,0.00025992384722728704
n6_compact_f1.0_d6.0,2,6.0000000000000018,-3.4641016151377553,0,-0.026726197180337582,0.015430377136482914,-0.026801378319263967,0.015473782987280051,-0.02703204101251714,0.015606956155321773,-0.00023066269325317315,0.00013317316804172148
n6_compact_f1.0_d6.0,3,-3.0000000000000009,1.7320508075688772,0,0.024944225646784571,-0.014401555391897837,0.025018605000039135,-0.01444449833152151,0.025243705654787344,-0.014574460255135148,0.00022510065474820942,-0.00012996192361363831
n6_compact_f1.0_d6.0,4,3,1.7320508075688772,0,-0.024944225646784578,-0.014401555391897837,-0.025018605000039128,-0.014444498331521508,-0.025243705654787355,-0.014574460255135155,-0.00022510065474822677,-0.00012996192361364699
n6_compact_f1.0_d6.0,5,0,6.9282032302755088,0,4.3368086899420177e-18,-0.030860754272965842,-1.7347234759768071e-18,-0.030947565974560109,-1.4820009829131154e-17,-0.031213912310643552,-1.3085286353154347e-17,-0.00026634633608344296
n6_compact_f1.0_d10.0,0,-10.000000000000002,-5.7735026918962582,0,0.0040536178863924948,0.0023403573779005884,0.0040561987607739877,0.0023418474464194884,0.0040650228295757923,0.0023469420249175579,8.8240688018046895e-06,5.0945784980695186e-06
n6_compact_f1.0_d10.0,1,0,-5.7735026918962582,0,1.0842021724855044e-18,0.0042813208019656292,8.6736173798840355e-19,0.004284275565601253,1.2630690195282233e-19,0.0042936432880960589,-7.4105483603558119e-19,9.3677224948058788e-06
n6_compact_f1.0_d10.0,2,10.000000000000002,-5.7735026918962582,0,-0.0040536178863924948,0.0023403573779005884,-0.0040561987607739877,0.0023418474464194884,-0.0040650228295757932,0.0023469420249175579,-8.8240688018055569e-06,5.0945784980695186e-06
n6_compact_f1.0_d10.0,3,-5.0000000000000009,2.8867513459481287,0,0.0037077325762530028,-0.0021406604009828107,0.0037102914766236304,-0.0021421377828006239,0.0037184041622797342,-0.002146821644048026,8.1126856561037318e-06,-4.683861247402072e-06
n6_compact_f1.0_d10.0,4,5,2.8867513459481287,0,-0.0037077325762530033,-0.0021406604009828142,-0.0037102914766236309,-0.0021421377828006265,-0.0037184041622797389,-0.0021468216440480277,-8.1126856561080686e-06,-4.6838612474012047e-06
n6_compact_f1.0_d10.0,5,0,11.547005383792515,0,-2.1684043449710089e-19,-0.0046807147558011811,-2.1684043449710089e-19,-0.0046836948928389794,-1.3472736208301049e-18,-0.0046938840498351201,-1.130433186333004e-18,-1.0189156996140772e-05
n6_irregular_f0.1_d2.1,0,-1.9891151317582991,-1.4742853329502692,0,0.012710210604639505,0.007435765076391319,0.012901035616606884,0.0075071156438348899,0.013048345947442105,0.0076034625823296837,0.00014731033083522152,9.6346938494793789e-05
n6_irregular_f0.1_d2.1,1,0.11700677245637064,-1.3138189021529609,0,-0.00094548773064425317,0.011377506490195276,-0.000974437597943564,0.011544446382923826,-0.00099452740437136499,0.011733577950004669,-2.0089806427800992e-05,0.00018913156708084272
n6_irregular_f0.1_d2.1,2,2.383595107468349,-1.5946351560482503,0,-0.010291372252145424,0.0049686916492630876,-0.010390539316074362,0.0050032120970467924,-0.010523464744112846,0.0050775912796135643,-0.00013292542803848388,7.4379182566771881e-05
n6_irregular_f0.1_d2.1,3,-1.3472494085690665,0.81236130591137223,0,0.0098344308711145953,-0.0056403010300087224,0.0099182521493873452,-0.005690008502631452,0.010074884882507993,-0.0058137225191512822,0.00015663273312064782,-0.00012371401651983024
n6_irregular_f0.1_d2.1,4,0.99957214184156573,0.59171996356507373,0,-0.010556258579341773,-0.0090561265286155049,-0.010692531484380159,-0.0092208697604586574,-0.010849456976632036,-0.0093626123695780619,-0.00015692549225187688,-0.00014174260911940448
n6_irregular_f0.1_d2.1,5,-0.16380948143891844,2.9786581216750334,0,-0.00075152291362265075,-0.0090855356572254516,-0.00076177936759614252,-0.0091438958607153974,-0.00076463082715198002,-0.0092537214693531079,-2.8514595558375069e-06,-0.00010982560863771057
n6_irregular_f0.1_d2.5,0,-2.3679942044741655,-1.7551015868455586,0,0.0063556209235270042,0.0037205764307801149,0.0063957769349903427,0.0037367458880284564,0.0064401736808886141,0.003764168542410933,4.4396745898271466e-05,2.7422654382476628e-05
n6_irregular_f0.1_d2.5,1,0.13929377673377458,-1.5640701216106678,0,-0.00047254798440468372,0.0056878622822327841,-0.00047796162675442576,0.0057230465363511968,-0.00048332069404740291,0.0057738104208853117,-5.3590672929771537e-06,5.07638845341149e-05
n6_irregular_f0.1_d2.5,2,2.8376132231766062,-1.8983751857717266,0,-0.0051502095489298133,0.0024884134659622836,-0.0051726861154034092,0.0024966112204832273,-0.0052126775823749579,0.0025178201916947274,-3.9991466971548741e-05,2.1208971211500102e-05
n6_irregular_f0.1_d2.5,3,-1.6038683435346028,0.96709679275163363,0,0.0049193164662639259,-0.0028214320340500731,0.0049388463016812783,-0.0028329317513318222,0.0049817435659643148,-0.0028667966589012443,4.2897264283036501e-05,-3.3864907569422162e-05
n6_irregular_f0.1_d2.5,4,1.1899668355256734,0.70442852805365908,0,-0.0052773037520226591,-0.0045243525518385494,-0.0053067860887969533,-0.0045583704685076987,-0.0053507684611736241,-0.004598561526020015,-4.3982372376670867e-05,-4.0191057512316275e-05
n6_irregular_f0.1_d2.5,5,-0.19501128742728385,3.5460215734226583,0,-0.00037487610443377468,-0.0045510675930865597,-0.00037718940571683122,-0.0045651014250233605,-0.00037826230852700546,-0.0045979311479653825,-1.0729028101742408e-06,-3.2829722942022063e-05
n6_irregular_f0.1_d3.0,0,-2.8415930453689988,-2.1061219042146702,0,0.0030852746175100802,0.001807885560323026,0.0030943648752941701,0.0018117306262968856,0.0031073070883517184,0.0018193450775411944,1.2942213057548328e-05,7.6144512443088175e-06
n6_irregular_f0.1_d3.0,1,0.16715253208052949,-1.8768841459328014,0,-0.00022922153676371848,0.0027600883053921356,-0.00023035066350067727,0.0027680717025705733,-0.00023171358414558386,0.0027814874618054737,-1.3629206449065879e-06,1.3415759234900338e-05
n6_irregular_f0.1_d3.0,2,3.4051358678119272,-2.2780502229260717,0,-0.0025031745233689983,0.0012108584550212795,-0.0025085165908418543,0.0012128716414671744,-0.0025200938025350945,0.001218754948092094,-1.1577211693240223e-05,5.8833066249196122e-06
n6_irregular_f0.1_d3.0,3,-1.9246420122415235,1.1605161513019602,0,0.0023892535826327828,-0.0013703955841878699,0.0023939803463764466,-0.0013731659951845203,0.0024054641370443225,-0.0013821861718588337,1.1483790667875856e-05,-9.0201766743134085e-06
n6_irregular_f0.1_d3.0,4,1.4279602026308083,0.84531423366439096,0,-0.002560842989637145,-0.0021932560274150375,-0.0025676438050610114,-0.0022008526076862647,-0.0025796417203795001,-0.0022119451218363846,-1.1997915318488674e-05,-1.1092514150119921e-05
n6_irregular_f0.1_d3.0,5,-0.23401354491274062,4.2552258881071907,0,-0.00018128915037300149,-0.0022151807091335338,-0.0001818341622670742,-0.0022186553674638479,-0.00018218260916179284,-0.0022281099637658014,-3.4844689471863629e-07,-9.4545963019534475e-06
n6_irregular_f0.1_d4.0,0,-3.7887907271586649,-2.8081625389528937,0,0.00099313434129437699,0.00058344381132377043,0.00099417895158132575,0.00058390831499093444,0.00099606876024308302,0.00058496493351974435,1.8898086617572755e-06,1.0566185288099147e-06
n6_irregular_f0.1_d4.0,1,0.22287004277403932,-2.5025121945770685,0,-7.3641001891299124e-05,0.00088754579849499159,-7.3760196985814621e-05,0.00088846620301441114,-7.3926264672112023e-05,0.00089022726669616737,-1.6606768629740161e-07,1.7610636817562376e-06
n6_irregular_f0.1_d4.0,2,4.5401811570825696,-3.0374002972347625,0,-0.00080837076683431359,0.00039223915695821672,-0.00080901554165149281,0.0003924907165996498,-0.00081069064868115499,0.00039330723927660446,-1.6751070296621784e-06,8.1652267695466905e-07
n6_irregular_f0.1_d4.0,3,-2.5661893496553647,1.5473548684026137,0,0.00077006588697375541,-0.00044173853205578431,0.00077064667604298358,-0.00044207740769605848,0.00077217166995770009,-0.00044326218465990557,1.5249939147165149e-06,-1.1847769638470953e-06
n6_irregular_f0.1_d4.0,4,1.9039469368410775,1.1270856448858546,0,-0.00082343529361042413,-0.00070337294916149795,-0.00082423194200741991,-0.0007042327543716995,-0.00082585198419164935,-0.00070575127198951968,-1.6200421842294454e-06,-1.5185176178201826e-06
n6_irregular_f0.1_d4.0,5,-0.31201805988365416,5.6736345174762537,0,-5.7753165932095634e-05,-0.00071811728555969654,-5.7817946979581928e-05,-0.00071855507253723735,-5.7872596382335163e-05,-0.00071991926277583784,-5.4649402753234773e-08,-1.3641902386004896e-06
n6_irregular_f0.1_d6.0,0,-5.6831860907379976,-4.2122438084293403,0,0.00020655194697293227,0.00012227248373964563,0.00020661436657326619,0.00012230153007750458,0.00020674592188611816,0.00012237299731619679,1.3155531285196547e-07,7.1467238692214836e-08
n6_irregular_f0.1_d6.0,1,0.33430506416105898,-3.7537682918656028,0,-1.5228816896873477e-05,0.0001839887403255195,-1.5235422031231851e-05,0.00018404394258299012,-1.5245360192957565e-05,0.00018415747037301737,-9.9381617257136303e-09,1.1352779002724912e-07
n6_irregular_f0.1_d6.0,2,6.8102717356238545,-4.5561004458521435,0,-0.00016976469155908426,8.3127964563488955e-05,-0.00016980496346014119,8.3144208830849683e-05,-0.00016992129711918815,8.3199727502899151e-05,-1.1633365904696233e-07,5.5518672049468111e-08
n6_irregular_f0.1_d6.0,3,-3.8492840244830471,2.3210323026039203,0,0.00016072542103464578,-9.2235574641769919e-05,0.0001607622692464869,-9.2256991091537011e-05,0.00016086136884389051,-9.2332862818944123e-05,9.9099597403607548e-08,-7.5871727407112008e-08
n6_irregular_f0.1_d6.0,4,2.8559204052616165,1.6906284673287819,0,-0.00017065835114608087,-0.00014461058913144817,-0.00017070678385137786,-0.00014466117501730092,-0.00017081266696335998,-0.00014476089423234883,-1.0588311198211475e-07,-9.9719215047909884e-08
n6_irregular_f0.1_d6.0,5,-0.46802708982548125,8.5104517762143814,0,-1.1625508405539434e-05,-0.00015254302485543601,-1.1629466477002204e-05,-0.00015257151538250645,-1.1633322351187921e-05,-0.00015266730805485384,-3.8558741857169478e-09,-9.5792672347389061e-08
n6_irregular_f0.1_d10.0,0,-9.4719768178966621,-7.0204063473822345,0,3.1629669877737798e-05,1.9134744364439976e-05,3.1631976079287053e-05,1.9135858681646755e-05,3.1637073866700458e-05,1.9138629499576369e-05,5.0977874134044672e-09,2.7708179296141234e-09
n6_irregular_f0.1_d10.0,1,0.55717510693509831,-6.2562804864426713,0,-2.297719001645314e-06,2.7949274292460909e-05,-2.2979473236136265e-06,2.7951328583627352e-05,-2.2983137819621371e-06,2.7955585291143831e-05,-3.6645834851055324e-10,4.2567075164790598e-09
n6_irregular_f0.1_d10.0,2,11.350452892706425,-7.5935007430869064,0,-2.6672194581696148e-05,1.3342301066190846e-05,-2.6673733570734807e-05,1.3342936013025324e-05,-2.6678309446723634e-05,1.334512613398021e-05,-4.5758759888277158e-09,2.190120954885977e-09
n6_irregular_f0.1_d10.0,3,-6.4154733741384113,3.8683871710065345,0,2.4937989998488836e-05,-1.4323281988574445e-05,2.4939428852312267e-05,-1.4324114875480407e-05,2.4943167993309352e-05,-1.4326999800659734e-05,3.7391409970854257e-09,-2.8849251793268887e-09
n6_irregular_f0.1_d10.0,4,4.7598673421026936,2.8177141122146363,0,-2.5955195048126672e-05,-2.1431433907779992e-05,-2.5957021211708092e-05,-2.143328640561765e-05,-2.5960991664269163e-05,-2.1436987460969532e-05,-3.9704525610706541e-09,-3.7010553518826612e-09
n6_irregular_f0.1_d10.0,5,-0.78004514970913541,14.184086293690633,0,-1.6425512447585103e-06,-2.4671603826737304e-05,-1.6427028255427905e-06,-2.4672721997201375e-05,-1.6428375389069578e-06,-2.4676594882175738e-05,-1.3471336416724278e-10,-3.8728849743635725e-09
n6_irregular_f0.4_d2.1,0,-1.9891151317582991,-1.4742853329502692,0,0.20336336967423208,0.1189722412222611,0.21644787770420673,0.12368590270829795,0.22686162370603485,0.13048026148351774,0.010413746001828122,0.0067943587752197915
n6_irregular_f0.4_d2.1,1,0.11700677245637064,-1.3138189021529609,0,-0.015127803690308051,0.18204010384312441,-0.017237701279324533,0.19350302444263567,-0.018653086665443391,0.20705412108115775,-0.0014153853861188573,0.013551096638522081
n6_irregular_f0.4_d2.1,2,2.383595107468349,-1.5946351560482503,0,-0.16466195603432679,0.079499066388209402,-0.17120410793670282,0.081733374044857574,-0.18050595538819128,0.086958836730720468,-0.0093018474514884597,0.0052254626858628944
n6_irregular_f0.4_d2.1,3,-1.3472494085690665,0.81236130591137223,0,0.15735089393783352,-0.090244816480139559,0.16281402507993059,-0.09349445285681425,0.17388364854872204,-0.10229799648184881,0.011069623468791451,-0.0088035436250345628
n6_irregular_f0.4_d2.1,4,0.99957214184156573,0.59171996356507373,0,-0.16890013726946837,-0.14489802445784808,-0.17811993284044142,-0.15630350492415368,-0.18926115516820829,-0.16650178451554384,-0.011141222327766875,-0.010198279591390164
n6_irregular_f0.4_d2.1,5,-0.16380948143891844,2.9786581216750334,0,-0.012024366617962412,-0.14536857051560723,-0.012700160727668542,-0.14912434341482328,-0.012898872112991502,-0.15670944844954576,-0.00019871138532296002,-0.0075851050347224835
n6_irregular_f0.4_d2.5,0,-2.3679942044741655,-1.7551015868455586,0,0.10168993477643207,0.059529222892481838,0.1042723833812526,0.060550162610475619,0.10723901962050954,0.062389052901205139,0.0029666362392569423,0.0018388902907295196
n6_irregular_f0.4_d2.5,1,0.13929377673377458,-1.5640701216106678,0,-0.0075607677504749395,0.091005796515724546,-0.0079191913090487231,0.093267144605837793,-0.0082816079368918938,0.096697876830797724,-0.00036241662784317064,0.0034307322249599315
n6_irregular_f0.4_d2.5,2,2.8376132231766062,-1.8983751857717266,0,-0.082403352782877012,0.039814615455396538,-0.083822637466963279,0.040325905618388704,-0.086487479789267935,0.04174494373952848,-0.0026648423223046558,0.0014190381211397762
n6_irregular_f0.4_d2.5,3,-1.6038683435346028,0.96709679275163363,0,0.078709063460222814,-0.04514291254480117,0.079933949678146182,-0.04586540806501993,0.082818024345486616,-0.048146815497105477,0.0028840746673404333,-0.0022814074320855471
n6_irregular_f0.4_d2.5,4,1.1899668355256734,0.70442852805365908,0,-0.084436860032362546,-0.07238964082941679,-0.086319938539944227,-0.074588259022766112,-0.089277977593986063,-0.077298796498836836,-0.0029580390540418361,-0.0027105374760707235
n6_irregular_f0.4_d2.5,5,-0.19501128742728385,3.5460215734226583,0,-0.0059980176709403948,-0.072817081489384955,-0.006144565743442543,-0.073689545746916066,-0.0062158306784826142,-0.075871164920212161,-7.1264935040071115e-05,-0.0021816191732960954
n6_irregular_f0.4_d3.0,0,-2.8415930453689988,-2.1061219042146702,0,0.049364393880161284,0.028926168965168416,0.049928439681783815,0.029161437263920769,0.050773685267986507,0.029660578939576052,0.00084524558620269197,0.00049914167565528328
n6_irregular_f0.4_d3.0,1,0.16715253208052949,-1.8768841459328014,0,-0.0036675445882194957,0.044161412886274169,-0.0037391350263561805,0.044656337028012812,-0.0038294006769766737,0.04553981882993996,-9.0265650620493208e-05,0.00088348180192714815
n6_irregular_f0.4_d3.0,2,3.4051358678119272,-2.2780502229260717,0,-0.040050792373903972,0.019373735280340473,-0.04037774431642354,0.019495679640271251,-0.041133366791976052,0.019880881204804392,-0.0007556224755525115,0.00038520156453314067
n6_irregular_f0.4_d3.0,3,-1.9246420122415235,1.1605161513019602,0,0.038228057322124524,-0.021926329347005918,0.038515842137123502,-0.022095227088098576,0.03927035342423333,-0.022688380361696819,0.00075451128710982834,-0.0005931532735982438
n6_irregular_f0.4_d3.0,4,1.4279602026308083,0.84531423366439096,0,-0.040973487834194321,-0.035092096438640599,-0.041393264141260079,-0.035565399438935538,-0.042181120896025708,-0.036293912953689465,-0.00078785675476562844,-0.00072851351475392706
n6_irregular_f0.4_d3.0,5,-0.23401354491274062,4.2552258881071907,0,-0.0029006264059680239,-0.03544289134613654,-0.0029341383348675193,-0.035652827405170714,-0.0029568438658529404,-0.036269769538433042,-2.2705530985421031e-05,-0.00061694213326232705
n6_irregular_f0.4_d4.0,0,-3.7887907271586649,-2.8081625389528937,0,0.015890149460710032,0.0093351009811803269,0.015952232122943773,0.0093623797941408526,0.016074017034645591,0.0094306348268680482,0.00012178491170181799,6.8255032727195658e-05
n6_irregular_f0.4_d4.0,1,0.22287004277403932,-2.5025121945770685,0,-0.001178256030260786,0.014200732775919865,-0.0011854734108184741,0.014255380452485759,-0.0011962876804662969,0.0143694082652465,-1.0814269647822783e-05,0.00011402781276074157
n6_irregular_f0.4_d4.0,2,4.5401811570825696,-3.0374002972347625,0,-0.012933932269349017,0.0062758265113314676,-0.012971809377383334,0.0062904709677932833,-0.013079766867119515,0.0063431894398129447,-0.00010795748973618097,5.2718472019661414e-05
n6_irregular_f0.4_d4.0,3,-2.5661893496553647,1.5473548684026137,0,0.012321054191580087,-0.0070678165128925489,0.012355025744799835,-0.0070876594676376817,0.012453689052036063,-0.0071643421523687285,9.8663307236228348e-05,-7.6682684731046828e-05
n6_irregular_f0.4_d4.0,4,1.9039469368410775,1.1270856448858546,0,-0.013174964697766786,-0.011253967186583967,-0.013222098024025374,-0.01130526354280482,-0.013326859545033777,-0.011403405168198927,-0.00010476152100840318,-9.8141625394107534e-05
n6_irregular_f0.4_d4.0,5,-0.31201805988365416,5.6736345174762537,0,-0.00092405065491353014,-0.011489876568955145,-0.00092787705551642492,-0.011515308203977396,-0.00093139639929499455,-0.011603265425893402,-3.5193437785696353e-06,-8.7957221916006023e-05
n6_irregular_f0.4_d6.0,0,-5.6831860907379976,-4.2122438084293403,0,0.0033048311515669164,0.00195635973983433,0.0033083562018253452,0.0019579843732686932,0.0033167905137025974,0.0019625710583564926,8.4343118772521944e-06,4.586685087799424e-06
n6_irregular_f0.4_d6.0,1,0.33430506416105898,-3.7537682918656028,0,-0.00024366107034997562,0.0029438198452083121,-0.00024404007433922228,0.0029469345983934836,-0.00024468046759087975,0.0029542275730412922,-6.4039325165746869e-07,7.2929746478085297e-06
n6_irregular_f0.4_d6.0,2,6.8102717356238545,-4.5561004458521435,0,-0.0027162350649453481,0.0013300474330158233,-0.0027184881343956906,0.0013309497499111899,-0.0027259472567434124,0.0013345121402113976,-7.4591223477218221e-06,3.5623903002076577e-06
n6_irregular_f0.4_d6.0,3,-3.8492840244830471,2.3210323026039203,0,0.0025716067365543324,-0.0014757691942683187,0.0025736615309758983,-0.0014769644326075172,0.0025800261647480572,-0.0014818380948721497,6.3646337721589077e-06,-4.8736622646325303e-06
n6_irregular_f0.4_d6.0,4,2.8559204052616165,1.6906284673287819,0,-0.002730533618337294,-0.0023137694261031708,-0.0027332588050905074,-0.0023166358614942185,-0.0027400578339067914,-0.002323036643265634,-6.7990288162840355e-06,-6.4007817714155542e-06
n6_irregular_f0.4_d6.0,5,-0.46802708982548125,8.5104517762143814,0,-0.00018600813448863094,-0.0024406883976869761,-0.0001862307189758236,-0.0024422684274716311,-0.0001864778557658874,-0.0024484121869805474,-2.4713679006379977e-07,-6.1437595089163834e-06
n6_irregular_f0.4_d10.0,0,-9.4719768178966621,-7.0204063473822345,0,0.00050607471804380477,0.00030615590983103962,0.00050619886611327823,0.00030621550609370019,0.00050652521779897424,0.00030639294743790114,3.2635168569601029e-07,1.7744134420095373e-07
n6_irregular_f0.4_d10.0,1,0.55717510693509831,-6.2562804864426713,0,-3.6763504026325024e-05,0.00044718838867937455,-3.6775924955123357e-05,0.00044729899923330639,-3.6799426650095019e-05,0.00044757168248421521,-2.3501694971661427e-08,2.7268325090881295e-07
n6_irregular_f0.4_d10.0,2,11.350452892706425,-7.5935007430869064,0,-0.00042675511330713837,0.00021347681705905354,-0.00042683738295983995,0.00021351055401239106,-0.00042713033087144988,0.00021365079713648536,-2.9294791160992643e-07,1.4024312409429774e-07
n6_irregular_f0.4_d10.0,3,-6.4154733741384113,3.8683871710065345,0,0.00039900783997582137,-0.00022917251181719112,0.00039908476035220911,-0.0002292170501486567,0.0003993242737572307,-0.00022940185727680448,2.3951340502158941e-07,-1.8480712814778854e-07
n6_irregular_f0.4_d10.0,4,4.7598673421026936,2.8177141122146363,0,-0.00041528312077002675,-0.00034290294252447987,-0.00041538131734045712,-0.00034300302809510419,-0.00041563563667881473,-0.00034324005831157554,-2.5431933835761127e-07,-2.3703021647135175e-07
n6_irregular_f0.4_d10.0,5,-0.78004514970913541,14.184086293690633,0,-2.6280819916136165e-05,-0.00039474566122779686,-2.6289001210066937e-05,-0.00039480498109563676,-2.6297623104317142e-05,-0.00039505294611529983,-8.6218942502052959e-09,-2.4796501966306951e-07
n6_irregular_f0.8_d2.1,0,-1.9891151317582991,-1.4742853329502692,0,0.8134534786969283,0.47588896488904442,0.93374389975866334,0.51699660137509262,1.0311099394244896,0.58000021585016093,0.097366039665826243,0.063003614475068304
n6_irregular_f0.8_d2.1,1,0.11700677245637064,-1.3138189021529609,0,-0.060511214761232203,0.72816041537249765,-0.081647186009815506,0.83401408085576989,-0.094744840345522913,0.9629495806841879,-0.013097654335707407,0.12893549982841801
n6_irregular_f0.8_d2.1,2,2.383595107468349,-1.5946351560482503,0,-0.65864782413730716,0.31799626555283761,-0.71548898635477653,0.33699664342722641,-0.80096090165776368,0.38524031106505885,-0.085471915302987145,0.048243667637832444
n6_irregular_f0.8_d2.1,3,-1.3472494085690665,0.81236130591137223,0,0.6294035757513341,-0.36097926592055823,0.67615442550293003,-0.38889194729159854,0.77905039109014906,-0.47172286053628582,0.10289596558721903,-0.082830913244687276
n6_irregular_f0.8_d2.1,4,0.99957214184156573,0.59171996356507373,0,-0.67560054907787348,-0.57959209783139232,-0.75883055914874775,-0.68592595654066546,-0.86331168285768511,-0.7838640162117041,-0.10448112370893736,-0.097938059671038635
n6_irregular_f0.8_d2.1,5,-0.16380948143891844,2.9786581216750334,0,-0.048097466471849648,-0.5814742820624289,-0.053931593748253584,-0.61318942182582503,-0.055744395650361309,-0.68124514841979644,-0.0018128019021077246,-0.068055726593971411
n6_irregular_f0.8_d2.5,0,-2.3679942044741655,-1.7551015868455586,0,0.40675973910572827,0.23811689156992735,0.42854506981265056,0.24659049491716178,0.45380543729499806,0.26231550234379142,0.025260367482347501,0.015725007426629634
n6_irregular_f0.8_d2.5,1,0.13929377673377458,-1.5640701216106678,0,-0.030243071001899758,0.36402318606289819,-0.033353476088063848,0.38309849585805772,-0.036483941561150202,0.41276438859689629,-0.0031304654730863538,0.029665892738838573
n6_irregular_f0.8_d2.5,2,2.8376132231766062,-1.8983751857717266,0,-0.32961341113150805,0.15925846182158615,-0.34139103607464927,0.1634625245777836,-0.36398192461355011,0.1755592464584329,-0.022590888538900844,0.012096721880649308
n6_irregular_f0.8_d2.5,3,-1.6038683435346028,0.96709679275163363,0,0.31483625384089126,-0.18057165017920468,0.3249436964039325,-0.18654201429221298,0.34969151941045373,-0.20617883890394317,0.02474782300652123,-0.019636824611730191
n6_irregular_f0.8_d2.5,4,1.1899668355256734,0.70442852805365908,0,-0.33774744012945018,-0.28955856331766716,-0.35353565077351534,-0.30818526774636745,-0.37893926005742495,-0.33156784090081631,-0.025403609283909612,-0.02338257315444886
n6_irregular_f0.8_d2.5,5,-0.19501128742728385,3.5460215734226583,0,-0.023992070683761579,-0.29126832595753982,-0.025208603280354687,-0.29842423331442269,-0.025809883645543426,-0.31683255222043938,-0.00060128036518873954,-0.018408318906016685
n6_irregular_f0.8_d3.0,0,-2.8415930453689988,-2.1061219042146702,0,0.19745757552064513,0.11570467586067366,0.20207781561056312,0.11761552857251692,0.20903309474683013,0.12174386636515906,0.0069552791362670063,0.0041283377926421422
n6_irregular_f0.8_d3.0,1,0.16715253208052949,-1.8768841459328014,0,-0.014670178352877983,0.17664565154509668,-0.015265253638683637,0.18069821011979897,-0.016022014376353508,0.18805320737582268,-0.00075676073766987179,0.0073549972560237042
n6_irregular_f0.8_d3.0,2,3.4051358678119272,-2.2780502229260717,0,-0.16020316949561589,0.077494941121361891,-0.16285887066085383,0.078480040841110987,-0.16907059487368878,0.081660672313106808,-0.0062117242128349459,0.0031806314719958206
n6_irregular_f0.8_d3.0,3,-1.9246420122415235,1.1605161513019602,0,0.1529122292884981,-0.087705317388023674,0.15524263938979191,-0.089074071814800107,0.16150318471717398,-0.094001787843271623,0.0062605453273820721,-0.0049277160284715155
n6_irregular_f0.8_d3.0,4,1.4279602026308083,0.84531423366439096,0,-0.16389395133677728,-0.1403683857545624,-0.1673212397738276,-0.14425453556338858,-0.17385385641526985,-0.15029698633860594,-0.0065326166414422515,-0.0060424507752173673
n6_irregular_f0.8_d3.0,5,-0.23401354491274062,4.2552258881071907,0,-0.011602505623872095,-0.14177156538454616,-0.011875090926990003,-0.14346517215523819,-0.012061248441253411,-0.14853432652002826,-0.00018615751426340719,-0.0050691543647900794
n6_irregular_f0.8_d4.0,0,-3.7887907271586649,-2.8081625389528937,0,0.063560597842840127,0.037340403924721308,0.064057671632446175,0.037557781568296734,0.065041044460017211,0.038110795473809696,0.00098337282757103572,0.00055301390551296126
n6_irregular_f0.8_d4.0,1,0.22287004277403932,-2.5025121945770685,0,-0.0047130241210431439,0.056802931103679462,-0.0047712799232890015,0.057240327879565289,-0.0048598697085197396,0.058167272462785427,-8.85897852307381e-05,0.00092694458322013784
n6_irregular_f0.8_d4.0,2,4.5401811570825696,-3.0374002972347625,0,-0.05173572907739607,0.02510330604532587,-0.052037590742757427,0.025219627361293091,-0.052909413164197762,0.025646455583172023,-0.00087182242144033528,0.00042682822187893252
n6_irregular_f0.8_d4.0,3,-2.5661893496553647,1.5473548684026137,0,0.049284216766320346,-0.028271266051570196,0.049554492082055111,-0.028429202733548285,0.050355626590429498,-0.029052203690283652,0.00080113450837438621,-0.00062300095673536657
n6_irregular_f0.8_d4.0,4,1.9039469368410775,1.1270856448858546,0,-0.052699858791067145,-0.045015868746335869,-0.053076548238716777,-0.045427181339442277,-0.053926618214103904,-0.046222901267280049,-0.00085006997538712714,-0.00079571992783777218
n6_irregular_f0.8_d4.0,5,-0.31201805988365416,5.6736345174762537,0,-0.0036962026196541205,-0.045959506275820579,-0.0037267448097380914,-0.046161352736164549,-0.00375513096854176,-0.046872065164028996,-2.8386158803668602e-05,-0.00071071242786444749
n6_irregular_f0.8_d6.0,0,-5.6831860907379976,-4.2122438084293403,0,0.013219324606267666,0.0078254389593373202,0.013247047204064857,0.0078381797621814298,0.013314676164644669,0.007875011706878177,6.7628960579812006e-05,3.6831944696747235e-05
n6_irregular_f0.8_d6.0,1,0.33430506416105898,-3.7537682918656028,0,-0.0009746442813999025,0.011775279380833248,-0.00097763946206580726,0.01179976926208098,-0.00098281099294375324,0.011858412329332416,-5.1715308779459821e-06,5.8643067251435907e-05
n6_irregular_f0.8_d6.0,2,6.8102717356238545,-4.5561004458521435,0,-0.010864940259781393,0.0053201897320632931,-0.010882610641962134,0.0053272520650128174,-0.010942428595456636,0.0053558505173648581,-5.9817953494502307e-05,2.8598452352040712e-05
n6_irregular_f0.8_d6.0,3,-3.8492840244830471,2.3210323026039203,0,0.01028642694621733,-0.0059030767770732748,0.010302526712007425,-0.0059124439919521019,0.01035368814176945,-0.0059516297766964432,5.1161429762025534e-05,-3.9185784744341298e-05
n6_irregular_f0.8_d6.0,4,2.8559204052616165,1.6906284673287819,0,-0.010922134473349176,-0.0092550777044126831,-0.010943543292241563,-0.0092776424183694927,-0.010998181971377183,-0.0093290524513142369,-5.4638679135620219e-05,-5.1410032944744152e-05
n6_irregular_f0.8_d6.0,5,-0.46802708982548125,8.5104517762143814,0,-0.00074403253795452375,-0.0097627535907479045,-0.00074578051980277778,-0.0097751146789536326,-0.00074776121718063936,-0.0098244032479204661,-1.9806973778615719e-06,-4.9288568966833479e-05
n6_irregular_f0.8_d10.0,0,-9.4719768178966621,-7.0204063473822345,0,0.0020242988721752191,0.0012246236393241585,0.0020252625444266608,0.0012250854959753314,0.0020278742941406873,0.0012265062043520507,2.6117497140265566e-06,1.4207083767192857e-06
n6_irregular_f0.8_d10.0,1,0.55717510693509831,-6.2562804864426713,0,-0.0001470540161053001,0.0017887535547174982,-0.00014715069043443914,0.0017896121540270694,-0.00014733924424266203,0.0017917964204515419,-1.8855380822289198e-07,2.1842664244724544e-06
n6_irregular_f0.8_d10.0,2,11.350452892706425,-7.5935007430869064,0,-0.0017070204532285535,0.00085390726823621416,-0.0017076579685736167,0.00085416832648301086,-0.0017100024881465282,0.00085529108054144189,-2.3445195729114316e-06,1.1227540584310327e-06
n6_irregular_f0.8_d10.0,3,-6.4154733741384113,3.8683871710065345,0,0.0015960313599032855,-0.00091669004726876448,0.0015966273647195959,-0.00091703517357275325,0.0015985457642102797,-0.00091851552251919107,1.9183994906838645e-06,-1.4803489464378181e-06
n6_irregular_f0.8_d10.0,4,4.7598673421026936,2.8177141122146363,0,-0.001661132483080107,-0.0013716117700979195,-0.0016618944439468525,-0.001372389302789029,-0.0016639313076726231,-0.0013742873088332488,-2.0368637257705581e-06,-1.8980060442197726e-06
n6_irregular_f0.8_d10.0,5,-0.78004514970913541,14.184086293690633,0,-0.00010512327966454466,-0.0015789826449111874,-0.00010518680619134822,-0.0015794415001236296,-0.0001052557796459995,-0.0015814262726390439,-6.8973454651278707e-08,-1.9847725154142817e-06
n6_irregular_f1.0_d2.1,0,-1.9891151317582991,-1.4742853329502692,0,1.2710210604639505,0.74357650763913175,1.5264377665314042,0.82802559139473897,1.7347812104490621,0.96186582804265519,0.20834344391765791,0.13384023664791622
n6_irregular_f1.0_d2.1,1,0.11700677245637064,-1.3138189021529609,0,-0.094548773064425301,1.1377506490195273,-0.14174057289139863,1.3633864288841047,-0.16954177285265631,1.6416910272499763,-0.027801199961257683,0.27830459836587162
n6_irregular_f1.0_d2.1,2,2.383595107468349,-1.5946351560482503,0,-1.0291372252145423,0.49686916492630867,-1.1455339412335324,0.53531378166096122,-1.3264291374700019,0.63763890240366061,-0.18089519623646955,0.10232512074269939
n6_irregular_f1.0_d2.1,3,-1.3472494085690665,0.81236130591137223,0,0.98344308711145945,-0.56403010300087231,1.0783373012465596,-0.62080728309842881,1.2971510957144232,-0.79834000218275702,0.21881379446786364,-0.17753271908432822
n6_irregular_f1.0_d2.1,4,0.99957214184156573,0.59171996356507373,0,-1.0556258579341773,-0.90561265286155057,-1.2304563492483931,-1.1334594328490044,-1.45401108595493,-1.346300926722567,-0.22355473670653692,-0.21284149387356255
n6_irregular_f1.0_d2.1,5,-0.16380948143891844,2.9786581216750334,0,-0.075152291362265006,-0.90855356572254509,-0.087044204404639614,-0.97245908599237163,-0.090860132048399045,-1.1142498868970527,-0.0038159276437594314,-0.1417908009046811
n6_irregular_f1.0_d2.5,0,-2.3679942044741655,-1.7551015868455586,0,0.63556209235270034,0.37205764307801142,0.6794343042259039,0.38897832598577992,0.73045366030507297,0.42080000282680657,0.051019356079169076,0.031821676841026658
n6_irregular_f1.0_d2.5,1,0.13929377673377458,-1.5640701216106678,0,-0.047254798440468308,0.56878622822327829,-0.053611998744000189,0.60720303159656952,-0.059975607177902283,0.66759497961079284,-0.0063636084339020946,0.060391948014223318
n6_irregular_f1.0_d2.5,2,2.8376132231766062,-1.8983751857717266,0,-0.51502095489298128,0.24884134659622836,-0.53853586414003851,0.25719696368798467,-0.58404776337315312,0.28163647529997426,-0.045511899233114606,0.024439511611989595
n6_irregular_f1.0_d2.5,3,-1.6038683435346028,0.96709679275163363,0,0.4919316466263926,-0.28214320340500731,0.51205408660750096,-0.2940379692932793,0.56222111572321976,-0.3339139559168543,0.050167029115718798,-0.039875986623574999
n6_irregular_f1.0_d2.5,4,1.1899668355256734,0.70442852805365908,0,-0.52773037520226584,-0.45243525518385502,-0.55942429793287773,-0.49002913856770736,-0.61095147399208471,-0.53758229307579486,-0.051527176059206981,-0.047553154508087503
n6_irregular_f1.0_d2.5,5,-0.19501128742728385,3.5460215734226583,0,-0.037487610443377492,-0.45510675930865591,-0.039916230016488363,-0.46931121340934756,-0.041124257036185455,-0.50629254567181781,-0.0012080270196970916,-0.036981332262470246
n6_irregular_f1.0_d3.0,0,-2.8415930453689988,-2.1061219042146702,0,0.30852746175100804,0.18078855603230257,0.31769279526050631,0.18456412961090646,0.3314779028626561,0.19276789084839896,0.013785107602149793,0.0082037612374925017
n6_irregular_f1.0_d3.0,1,0.16715253208052949,-1.8768841459328014,0,-0.022922153676371869,0.27600883053921349,-0.024110956986850587,0.28404687870996931,-0.025624890100050601,0.29871309691570908,-0.0015139331132000139,0.014666218205739767
n6_irregular_f1.0_d3.0,2,3.4051358678119272,-2.2780502229260717,0,-0.25031745233689984,0.12108584550212795,-0.25556484433794102,0.12302752104070584,-0.26786942118665363,0.12934251684237541,-0.012304576848712612,0.0063149958016695679
n6_irregular_f1.0_d3.0,3,-1.9246420122415235,1.1605161513019602,0,0.23892535826327824,-0.1370395584187869,0.2435234698974342,-0.13974120839630963,0.25598521555207054,-0.14955636790627075,0.012461745654636341,-0.0098151595099611189
n6_irregular_f1.0_d3.0,4,1.4279602026308083,0.84531423366439096,0,-0.25608429896371437,-0.21932560274150373,-0.26287269517082978,-0.22704314210498217,-0.27587157588086098,-0.23906922207874801,-0.012998880710031191,-0.012026079973765841
n6_irregular_f1.0_d3.0,5,-0.23401354491274062,4.2552258881071907,0,-0.018128915037300165,-0.22151807091335332,-0.018667768662319111,-0.22485417886028991,-0.019035936698542737,-0.23489203850005907,-0.00036816803622362684,-0.010037859639769164
n6_irregular_f1.0_d4.0,0,-3.7887907271586649,-2.8081625389528937,0,0.099313434129437689,0.058344381132377034,0.10028943775909756,0.058770387326751189,0.1022191039011737,0.059857509815422087,0.0019296661420761391,0.0010871224886708983
n6_irregular_f1.0_d4.0,1,0.22287004277403932,-2.5025121945770685,0,-0.0073641001891299289,0.088754579849499152,-0.0074788718725360189,0.089613299367405974,-0.0076540101276329521,0.091438705332835782,-0.00017513825509693319,0.0018254059654298077
n6_irregular_f1.0_d4.0,2,4.5401811570825696,-3.0374002972347625,0,-0.080837076683431333,0.039223915695821662,-0.081428670535966099,0.039451591537631822,-0.083139549710958507,0.040290345703751104,-0.0017108791749924079,0.00083875416611928211
n6_irregular_f1.0_d4.0,3,-2.5661893496553647,1.5473548684026137,0,0.077006588697375547,-0.044173853205578428,0.077535917612170491,-0.04448322209730627,0.079112624067864887,-0.045709701307285806,0.001576706455694396,-0.0012264792099795363
n6_irregular_f1.0_d4.0,4,1.9039469368410775,1.1270856448858546,0,-0.082343529361042417,-0.07033729491614979,-0.083082608286659851,-0.071145372569451859,-0.084755023285315936,-0.072710203850648553,-0.0016724149986560854,-0.0015648312811966936
n6_irregular_f1.0_d4.0,5,-0.31201805988365416,5.6736345174762537,0,-0.0057753165932095622,-0.071811728555969651,-0.0058352046761060809,-0.072206683565030877,-0.0058908697931607107,-0.073601797226458321,-5.5665117054629759e-05,-0.001395113661427444
n6_irregular_f1.0_d6.0,0,-5.6831860907379976,-4.2122438084293403,0,0.020655194697293228,0.012227248373964564,0.020709262469617958,0.012252073747553273,0.020841498222692253,0.012324148278509748,0.00013223575307429528,7.2074530956475064e-05
n6_irregular_f1.0_d6.0,1,0.33430506416105898,-3.7537682918656028,0,-0.0015228816896873478,0.018398874032551946,-0.0015287329556898839,0.018446633291608439,-0.0015388826592132099,0.018561471187490873,-1.0149703523326063e-05,0.00011483789588243379
n6_irregular_f1.0_d6.0,2,6.8102717356238545,-4.5561004458521435,0,-0.016976469155908426,0.0083127964563488935,-0.017010900528006769,0.0083265487298979177,-0.017127872265462106,0.0083825032122841984,-0.00011697173745533682,5.5954482386280646e-05
n6_irregular_f1.0_d6.0,3,-3.8492840244830471,2.3210323026039203,0,0.016072542103464572,-0.0092235574641769923,0.016103903025262531,-0.0092418054256007097,0.016204072651364854,-0.0093185373956686593,0.00010016962610232341,-7.6731970067949601e-05
n6_irregular_f1.0_d6.0,4,2.8559204052616165,1.6906284673287819,0,-0.017065835114608081,-0.014461058913144817,-0.017107573858015642,-0.014505080979985305,-0.017214536472651646,-0.014605693607760947,-0.00010696261463600393,-0.00010061262777564216
n6_irregular_f1.0_d6.0,5,-0.46802708982548125,8.5104517762143814,0,-0.0011625508405539442,-0.015254302485543597,-0.0011659581531681912,-0.015278369363473616,-0.0011698299910648734,-0.015374770861458473,-3.8718378966822852e-06,-9.6401497984857643e-05
n6_irregular_f1.0_d10.0,0,-9.4719768178966621,-7.0204063473822345,0,0.0031629669877737804,0.0019134744364439978,0.0031648389193979008,0.0019143711995810312,0.003169940853151938,0.0019171471844272106,5.1019337540371759e-06,2.7759848461794343e-06
n6_irregular_f1.0_d10.0,1,0.55717510693509831,-6.2562804864426713,0,-0.00022977190016453184,0.0027949274292460905,-0.00022995983316314068,0.0027965952400822872,-0.00023032865234170062,0.0028008642043470399,-3.688191785599401e-07,4.2689642647526609e-06
n6_irregular_f1.0_d10.0,2,11.350452892706425,-7.5935007430869064,0,-0.0026672194581696144,0.0013342301066190847,-0.0026684572723535121,0.0013347368008975213,-0.0026730372865064493,0.0013369304746150398,-4.580014152937191e-06,2.1936737175185655e-06
n6_irregular_f1.0_d10.0,3,-6.4154733741384113,3.8683871710065345,0,0.0024937989998488836,-0.0014323281988574445,0.0024949561458898562,-0.0014329982805614133,0.0024987053223798133,-0.0014358914881600227,3.7491764899571373e-06,-2.8932075986094329e-06
n6_irregular_f1.0_d10.0,4,4.7598673421026936,2.8177141122146363,0,-0.0025955195048126666,-0.0021431433907779986,-0.0025969994360751335,-0.0021446540524546823,-0.0026009800001854586,-0.0021483628452170552,-3.9805641103250744e-06,-3.708792762372945e-06
n6_irregular_f1.0_d10.0,5,-0.78004514970913541,14.184086293690633,0,-0.0001642551244758511,-0.0024671603826737299,-0.00016437852369597056,-0.0024680509075447436,-0.00016451323189795787,-0.0024719284271134756,-1.3470820198731108e-07,-3.8775195687320088e-06
n10_linear_f0.1_d2.1,0,-9.4500000000000011,0,0,0.010601650875672178,0,0.01078545970525893,0,0.010825330392818418,1.2279837689857727e-20,3.9870687559487653e-05,1.2279837689857727e-20
n10_linear_f0.1_d2.1,1,-7.3500000000000005,0,0,0.00083465875037796696,0,0.00083537799683517874,0,0.00086860757410136061,1.23710593412681e-18,3.3229577266181867e-05,1.23710593412681e-18
n10_linear_f0.1_d2.1,2,-5.25,0,0,0.0002063857088120507,0,0.0002064345179641529,0,0.0002166714523038334,1.3178020103744465e-18,1.0236934339680496e-05,1.3178020103744465e-18
n10_linear_f0.1_d2.1,3,-3.1500000000000004,0,0,7.2061345440834344e-05,0,7.2069532580279266e-05,0,7.5724645783044494e-05,1.3372743244255066e-18,3.6551132027652276e-06,1.3372743244255066e-18
n10_linear_f0.1_d2.1,4,-1.05,0,0,1.9004659980737507e-05,0,1.9006177067952271e-05,0,1.9965902642318193e-05,1.3475367602091735e-18,9.5972557436592174e-07,1.3475367602091735e-18
n10_linear_f0.1_d2.1,5,1.05,0,0,-1.9004659980738805e-05,0,-1.9006177067952796e-05,0,-1.9965902642321703e-05,1.3454755017398043e-18,-9.5972557436890669e-07,1.3454755017398043e-18
n10_linear_f0.1_d2.1,6,3.1500000000000004,0,0,-7.2061345440833246e-05,0,-7.2069532580279212e-05,0,-7.5724645783048397e-05,1.3415722676169566e-18,-3.6551132027691849e-06,1.3415722676169566e-18
n10_linear_f0.1_d2.1,7,5.25,0,0,-0.00020638570881205073,0,-0.0002064345179641526,0,-0.00021667145230381879,1.3465719158192559e-18,-1.0236934339666185e-05,1.3465719158192559e-18
n10_linear_f0.1_d2.1,8,7.3500000000000005,0,0,-0.00083465875037796664,0,-0.00083537799683517863,0,-0.0008686075741013579,1.3434142432704355e-18,-3.3229577266179265e-05,1.3434142432704355e-18
n10_linear_f0.1_d2.1,9,9.4500000000000011,0,0,-0.010601650875672178,0,-0.01078545970525893,0,-0.010825330392818426,1.3290292905480306e-18,-3.9870687559496326e-05,1.3290292905480306e-18
n10_linear_f0.1_d2.5,0,-11.25,0,0,0.0053033061914418223,0,0.0053413207912056861,0,0.0053553656799035553,7.0170501084901304e-22,1.404488869786915e-05,7.0170501084901304e-22
n10_linear_f0.1_d2.5,1,-8.75,0,0,0.00042517194403257137,0,0.00042538283353967302,0,0.00043757523430730061,6.0557142436269833e-19,1.2192400767627588e-05,6.0557142436269833e-19
n10_linear_f0.1_d2.5,2,-6.25,0,0,0.00010795376418081391,0,0.00010796938476716237,0,0.00011154088435312319,6.4346349494854497e-19,3.5714995859608268e-06,6.4346349494854497e-19
n10_linear_f0.1_d2.5,3,-3.75,0,0,3.8613073680451501e-05,0,3.8615813775256364e-05,0,3.9885171293342908e-05,6.525856600895821e-19,1.2693575180865442e-06,6.525856600895821e-19
n10_linear_f0.1_d2.5,4,-1.25,0,0,1.0325172127137376e-05,0,1.0325689780888161e-05,0,1.0660510236312863e-05,6.5504162762755371e-19,3.3482045542470141e-07,6.5504162762755371e-19
n10_linear_f0.1_d2.5,5,1.25,0,0,-1.0325172127137095e-05,0,-1.0325689780887828e-05,0,-1.0660510236306124e-05,6.5644503764925175e-19,-3.3482045541829614e-07,6.5644503764925175e-19
n10_linear_f0.1_d2.5,6,3.75,0,0,-3.8613073680451542e-05,0,-3.8615813775255957e-05,0,-3.9885171293342935e-05,6.5714674266010067e-19,-1.2693575180869779e-06,6.5714674266010067e-19
n10_linear_f0.1_d2.5,7,6.25,0,0,-0.00010795376418081388,0,-0.00010796938476716244,0,-0.00011154088435313012,6.5837472642908643e-19,-3.5714995859676844e-06,6.5837472642908643e-19
n10_linear_f0.1_d2.5,8,8.75,0,0,-0.00042517194403257109,0,-0.00042538283353967324,0,-0.00043757523430730576,6.5819930017637424e-19,-1.2192400767632521e-05,6.5819930017637424e-19
n10_linear_f0.1_d2.5,9,11.25,0,0,-0.0053033061914418223,0,-0.0053413207912056861,0,-0.0053553656799035509,6.5609418514382719e-19,-1.4044888697864813e-05,6.5609418514382719e-19
n10_linear_f0.1_d3.0,0,-13.5,0,0,0.002575844866615897,0,0.0025843452607272163,0,0.0025889608261291316,0,4.6155654019153051e-06,0
n10_linear_f0.1_d3.0,1,-10.5,0,0,0.0002121911193648492,0,0.00021225208654607411,0,0.00021637388303199172,2.9085672699691592e-19,4.1217964859176085e-06,2.9085672699691592e-19
n10_linear_f0.1_d3.0,2,-7.5,0,0,5.5974944533683454e-05,0,5.5979824554136504e-05,0,5.7146995027982153e-05,3.1015361479526375e-19,1.1671704738456493e-06,3.1015361479526375e-19
n10_linear_f0.1_d3.0,3,-4.5,0,0,2.0696919977955889e-05,0,2.0697802152896283e-05,0,2.1116855058091455e-05,3.1436384486035785e-19,4.1905290519517215e-07,3.1436384486035785e-19
n10_linear_f0.1_d3.0,4,-1.5,0,0,5.6369081494938651e-06,0,5.6370752917698412e-06,0,5.7489145692301032e-06,3.1603039426112426e-19,1.1183927746026203e-07,3.1603039426112426e-19
n10_linear_f0.1_d3.0,5,1.5,0,0,-5.6369081494939989e-06,0,-5.637075291769859e-06,0,-5.7489145692269929e-06,3.1664438614561714e-19,-1.1183927745713394e-07,3.1664438614561714e-19
n10_linear_f0.1_d3.0,6,4.5,0,0,-2.0696919977955889e-05,0,-2.0697802152896476e-05,0,-2.11168550580932e-05,3.1681981239832941e-19,-4.1905290519672392e-07,3.1681981239832941e-19
n10_linear_f0.1_d3.0,7,7.5,0,0,-5.5974944533683339e-05,0,-5.5979824554136558e-05,0,-5.7146995027986517e-05,3.1681981239832941e-19,-1.167170473849959e-06,3.1681981239832941e-19
n10_linear_f0.1_d3.0,8,10.5,0,0,-0.0002121911193648492,0,-0.00021225208654607414,0,-0.00021637388303199077,3.1681981239832941e-19,-4.1217964859166327e-06,3.1681981239832941e-19
n10_linear_f0.1_d3.0,9,13.5,0,0,-0.002575844866615897,0,-0.0025843452607272163,0,-0.002588960826129129,3.1717066490375387e-19,-4.6155654019127031e-06,3.1717066490375387e-19
n10_linear_f0.1_d4.0,0,-18,0,0,0.00082973080408125003,0,0.0008306945615725236,0,0.00083145032425302023,0,7.5576268049662703e-07,0
n10_linear_f0.1_d4.0,1,-14,0,0,7.2865140036033823e-05,0,7.287437945898109e-05,0,7.3575256715871013e-05,9.2975913937494223e-20,7.0087725688992332e-07,9.2975913937494223e-20
n10_linear_f0.1_d4.0,2,-10,0,0,2.0833640015678972e-05,0,2.0834436404396514e-05,0,2.1032596844165719e-05,9.9291259035135343e-20,1.9816043976920441e-07,9.9291259035135343e-20
n10_linear_f0.1_d4.0,3,-6,0,0,8.2000126868378248e-06,0,8.2001466603811724e-06,0,8.2744154980640933e-06,1.0051924280412112e-19,7.4268837682920955e-08,1.0051924280412112e-19
n10_linear_f0.1_d4.0,4,-2,0,0,2.3059020675966257e-06,0,2.3059238895685619e-06,0,2.3263202621735868e-06,1.0122094781497013e-19,2.0396372605024853e-08,1.0122094781497013e-19
n10_linear_f0.1_d4.0,5,2,0,0,-2.3059020675966053e-06,0,-2.3059238895685361e-06,0,-2.3263202621740459e-06,1.0174722657310688e-19,-2.039637260550978e-08,1.0174722657310688e-19
n10_linear_f0.1_d4.0,6,6,0,0,-8.2000126868378095e-06,0,-8.2001466603812062e-06,0,-8.274415498064156e-06,1.0139637406768238e-19,-7.4268837682949754e-08,1.0139637406768238e-19
n10_linear_f0.1_d4.0,7,10,0,0,-2.0833640015678938e-05,0,-2.0834436404396565e-05,0,-2.103259684416541e-05,1.0174722657310688e-19,-1.9816043976884527e-07,1.0174722657310688e-19
n10_linear_f0.1_d4.0,8,14,0,0,-7.286514003603385e-05,0,-7.2874379458981063e-05,0,-7.3575256715870959e-05,1.0174722657310688e-19,-7.0087725688989621e-07,1.0174722657310688e-19
n10_linear_f0.1_d4.0,9,18,0,0,-0.00082973080408125003,0,-0.0008306945615725236,0,-0.0008314503242530199,1.0174722657310688e-19,-7.5576268049630177e-07,1.0174722657310688e-19
n10_linear_f0.1_d6.0,0,-27,0,0,0.00017150825125038249,0,0.00017156505030863417,0,0.00017161929126128099,0,5.424095264681527e-08,0
n10_linear_f0.1_d6.0,1,-21,0,0,1.6813719134735854e-05,0,1.6814432147972872e-05,0,1.6868180665211261e-05,1.9647740303772366e-20,5.3748517238389517e-08,1.9647740303772366e-20
n10_linear_f0.1_d6.0,2,-15,0,0,5.124452168853666e-06,0,5.1244990933237477e-06,0,5.1402346872363303e-06,2.0700297820045886e-20,1.5735593912582665e-08,2.0700297820045886e-20
n10_linear_f0.1_d6.0,3,-9,0,0,2.0210703379653252e-06,0,2.0210673061308681e-06,0,2.0271013220163939e-06,2.0700297820045886e-20,6.0340158855257916e-09,2.0700297820045886e-20
n10_linear_f0.1_d6.0,4,-3,0,0,5.5928378152919243e-07,0,5.5928066047122044e-07,0,5.6093996775719042e-07,2.0875724072758137e-20,1.6593072859699734e-09,2.0875724072758137e-20
n10_linear_f0.1_d6.0,5,3,0,0,-5.5928378152919931e-07,0,-5.5928066047122838e-07,0,-5.6093996775720101e-07,2.1051150325470389e-20,-1.6593072859726204e-09,2.1051150325470389e-20
n10_linear_f0.1_d6.0,6,9,0,0,-2.0210703379653375e-06,0,-2.0210673061308507e-06,0,-2.0271013220165671e-06,2.1051150325470389e-20,-6.034015885716374e-09,2.1051150325470389e-20
n10_linear_f0.1_d6.0,7,15,0,0,-5.1244521688536635e-06,0,-5.1244990933237477e-06,0,-5.1402346872361939e-06,2.1051150325470389e-20,-1.5735593912446293e-08,2.1051150325470389e-20
n10_linear_f0.1_d6.0,8,21,0,0,-1.6813719134735854e-05,0,-1.6814432147972875e-05,0,-1.6868180665211136e-05,2.0700297820045886e-20,-5.3748517238260768e-08,2.0700297820045886e-20
n10_linear_f0.1_d6.0,9,27,0,0,-0.00017150825125038252,0,-0.00017156505030863417,0,-0.00017161929126128104,2.1051150325470389e-20,-5.424095264686948e-08,2.1051150325470389e-20
n10_linear_f0.1_d10.0,0,-45,0,0,2.5190605363540553e-05,0,2.5192679702108777e-05,0,2.5194535130791994e-05,0,1.8554286832163814e-09,0
n10_linear_f0.1_d10.0,1,-35,0,0,2.4608970267359188e-06,0,2.4609161061232524e-06,0,2.4628264043965927e-06,2.8068200433960522e-21,1.9102982733403024e-09,2.8068200433960522e-21
n10_linear_f0.1_d10.0,2,-25,0,0,1.0495635246907468e-07,0,1.0495363221936575e-07,0,1.0517537244806391e-07,3.1576725488205586e-21,2.2174022869816464e-10,3.1576725488205586e-21
n10_linear_f0.1_d10.0,3,-15,0,0,-3.9967919554031886e-07,0,-3.9967863358020296e-07,0,-3.9984371360211489e-07,3.3330988015328122e-21,-1.6508002191192262e-10,3.3330988015328122e-21
n10_linear_f0.1_d10.0,4,-5,0,0,-2.0733940699012828e-07,0,-2.0733867650193377e-07,0,-2.0743976057851449e-07,3.508525054245065e-21,-1.0108407658072094e-10,3.508525054245065e-21
n10_linear_f0.1_d10.0,5,5,0,0,2.0733940699012759e-07,0,2.0733867650193401e-07,0,2.0743976057849906e-07,3.1576725488205586e-21,1.0108407656505083e-10,3.1576725488205586e-21
n10_linear_f0.1_d10.0,6,15,0,0,3.9967919554031859e-07,0,3.9967863358020164e-07,0,3.9984371360209975e-07,3.1576725488205586e-21,1.650800218981054e-10,3.1576725488205586e-21
n10_linear_f0.1_d10.0,7,25,0,0,-1.0495635246907404e-07,0,-1.0495363221936522e-07,0,-1.0517537244805796e-07,3.3330988015328122e-21,-2.2174022869273833e-10,3.3330988015328122e-21
n10_linear_f0.1_d10.0,8,35,0,0,-2.4608970267359179e-06,0,-2.4609161061232528e-06,0,-2.462826404396594e-06,3.1576725488205586e-21,-1.9102982733411494e-09,3.1576725488205586e-21
n10_linear_f0.1_d10.0,9,45,0,0,-2.5190605363540553e-05,0,-2.5192679702108777e-05,0,-2.5194535130791984e-05,3.3330988015328122e-21,-1.855428683206217e-09,3.3330988015328122e-21
n10_linear_f0.4_d2.1,0,-9.4500000000000011,0,0,0.16962641401075484,0,0.18234332990234395,0,0.18505331936683533,8.5327329319239991e-19,0.0027099894644913858,8.5327329319239991e-19
n10_linear_f0.4_d2.1,1,-7.3500000000000005,0,0,0.013354540006047471,0,0.013397016011141846,0,0.015618117159464576,2.1831446297534493e-17,0.0022211011483227305,2.1831446297534493e-17
n10_linear_f0.4_d2.1,2,-5.25,0,0,0.0033021713409928113,0,0.0033049069728437936,0,0.0040081956309641681,2.2825060592896697e-17,0.00070328865812037443,2.2825060592896697e-17
n10_linear_f0.4_d2.1,3,-3.1500000000000004,0,0,0.0011529815270533495,0,0.0011534280079613494,0,0.0014071323675764358,2.3647458865611739e-17,0.0002537043596150864,2.3647458865611739e-17
n10_linear_f0.4_d2.1,4,-1.05,0,0,0.00030407455969180011,0,0.00030415631119714025,0,0.00037097739656196635,2.4075498922229636e-17,6.6821085364826105e-05,2.4075498922229636e-17
n10_linear_f0.4_d2.1,5,1.05,0,0,-0.00030407455969182087,0,-0.00030415631119714681,0,-0.00037097739656200576,2.3516941733593823e-17,-6.6821085364858956e-05,2.3516941733593823e-17
n10_linear_f0.4_d2.1,6,3.1500000000000004,0,0,-0.0011529815270533319,0,-0.001153428007961328,0,-0.001407132367576286,2.4015152291296621e-17,-0.00025370435961495803,2.4015152291296621e-17
n10_linear_f0.4_d2.1,7,5.25,0,0,-0.0033021713409928117,0,-0.0033049069728437984,0,-0.004008195630964188,2.3992697730949455e-17,-0.00070328865812038961,2.3992697730949455e-17
n10_linear_f0.4_d2.1,8,7.3500000000000005,0,0,-0.013354540006047466,0,-0.013397016011141849,0,-0.015618117159464606,2.4099356892598502e-17,-0.0022211011483227565,2.4099356892598502e-17
n10_linear_f0.4_d2.1,9,9.4500000000000011,0,0,-0.16962641401075484,0,-0.18234332990234395,0,-0.18505331936683525,2.2926106114458954e-17,-0.0027099894644913025,2.2926106114458954e-17
n10_linear_f0.4_d2.5,0,-11.25,0,0,0.084852899063069157,0,0.087308654883319028,0,0.088224100524262258,-1.1227280173584209e-20,0.00091544564094322989,-1.1227280173584209e-20
n10_linear_f0.4_d2.5,1,-8.75,0,0,0.0068027511045211419,0,0.0068149249065158485,0,0.0076024403959251349,1.0048415755357865e-17,0.00078751548940928645,1.0048415755357865e-17
n10_linear_f0.4_d2.5,2,-6.25,0,0,0.0017272602268930226,0,0.0017281204815491472,0,0.0019645517240195255,1.0780995786684237e-17,0.00023643124247037825,1.0780995786684237e-17
n10_linear_f0.4_d2.5,3,-3.75,0,0,0.00061780917888722402,0,0.00061795663863607893,0,0.0007025878546007907,1.082730831740027e-17,8.4631215964711768e-05,1.082730831740027e-17
n10_linear_f0.4_d2.5,4,-1.25,0,0,0.00016520275403419802,0,0.0001652303333293683,0,0.00018759205393754141,1.0816782742237536e-17,2.2361720608173106e-05,1.0816782742237536e-17
n10_linear_f0.4_d2.5,5,1.25,0,0,-0.00016520275403419352,0,-0.00016523033332936957,0,-0.00018759205393763611,1.0882041308246495e-17,-2.2361720608266537e-05,1.0882041308246495e-17
n10_linear_f0.4_d2.5,6,3.75,0,0,-0.00061780917888722467,0,-0.00061795663863608132,0,-0.00070258785460073758,1.0918529968810642e-17,-8.4631215964656257e-05,1.0918529968810642e-17
n10_linear_f0.4_d2.5,7,6.25,0,0,-0.0017272602268930222,0,-0.001728120481549144,0,-0.0019645517240194769,1.0943791349201208e-17,-0.00023643124247033293,1.0943791349201208e-17
n10_linear_f0.4_d2.5,8,8.75,0,0,-0.0068027511045211375,0,-0.0068149249065158485,0,-0.0076024403959252529,1.0811870807161593e-17,-0.00078751548940940441,1.0811870807161593e-17
n10_linear_f0.4_d2.5,9,11.25,0,0,-0.084852899063069157,0,-0.087308654883319042,0,-0.088224100524262217,1.0665916164904998e-17,-0.00091544564094317438,1.0665916164904998e-17
n10_linear_f0.4_d3.0,0,-13.5,0,0,0.041213517865854352,0,0.041742883833247035,0,0.042040029029177459,1.1227280173584209e-20,0.00029714519593042332,1.1227280173584209e-20
n10_linear_f0.4_d3.0,1,-10.5,0,0,0.0033950579098375872,0,0.0033985013243278345,0,0.0036626461486572569,4.7266849530789517e-18,0.00026414482432942244,4.7266849530789517e-18
n10_linear_f0.4_d3.0,2,-7.5,0,0,0.00089559911253893527,0,0.00089586357928364948,0,0.00097199194843898551,5.0326283378091213e-18,7.6128369155336034e-05,5.0326283378091213e-18
n10_linear_f0.4_d3.0,3,-4.5,0,0,0.00033115071964729423,0,0.00033119751432818636,0,0.00035864305675707795,5.114026119067607e-18,2.7445542428891591e-05,5.114026119067607e-18
n10_linear_f0.4_d3.0,4,-1.5,0,0,9.0190530391901842e-05,0,9.0199289138820832e-05,0,9.7529802060245227e-05,5.1252533992411912e-18,7.330512921424395e-06,5.1252533992411912e-18
n10_linear_f0.4_d3.0,5,1.5,0,0,-9.0190530391903983e-05,0,-9.019928913882506e-05,0,-9.7529802060253954e-05,5.1701625199355284e-18,-7.3305129214288944e-06,5.1701625199355284e-18
n10_linear_f0.4_d3.0,6,4.5,0,0,-0.00033115071964729423,0,-0.000331197514328183,0,-0.00035864305675713433,5.1533215996751519e-18,-2.744554242895133e-05,5.1533215996751519e-18
n10_linear_f0.4_d3.0,7,7.5,0,0,-0.00089559911253893343,0,-0.00089586357928365078,0,-0.00097199194843902259,5.1673556998921327e-18,-7.6128369155371812e-05,5.1673556998921327e-18
n10_linear_f0.4_d3.0,8,10.5,0,0,-0.0033950579098375872,0,-0.0033985013243278336,0,-0.0036626461486572201,5.1477079595883598e-18,-0.00026414482432938645,5.1477079595883598e-18
n10_linear_f0.4_d3.0,9,13.5,0,0,-0.041213517865854352,0,-0.041742883833247028,0,-0.042040029029177396,5.1420943195015677e-18,-0.00029714519593036781,5.1420943195015677e-18
n10_linear_f0.4_d4.0,0,-18,0,0,0.0132756928653,0,0.013333162042516805,0,0.013381543501480046,0,4.8381458963240795e-05,0
n10_linear_f0.4_d4.0,1,-14,0,0,0.0011658422405765412,0,0.0011663487940817801,0,0.0012111441368615758,1.4932282630866997e-18,4.4795342779795685e-05,1.4932282630866997e-18
n10_linear_f0.4_d4.0,2,-10,0,0,0.00033333824025086355,0,0.00033338023464796771,0,0.00034616669254867625,1.5942737846489576e-18,1.2786457900708544e-05,1.5942737846489576e-18
n10_linear_f0.4_d4.0,3,-6,0,0,0.0001312002029894052,0,0.00013120690767289188,0,0.00013600684168128024,1.6223419850829181e-18,4.7999340083883647e-06,1.6223419850829181e-18
n10_linear_f0.4_d4.0,4,-2,0,0,3.6894433081546011e-05,0,3.6895445734361176e-05,0,3.8213923095684155e-05,1.6279556251697101e-18,1.3184773613229793e-06,1.6279556251697101e-18
n10_linear_f0.4_d4.0,5,2,0,0,-3.6894433081545685e-05,0,-3.6895445734360315e-05,0,-3.8213923095690599e-05,1.6335692652565024e-18,-1.3184773613302841e-06,1.6335692652565024e-18
n10_linear_f0.4_d4.0,6,6,0,0,-0.00013120020298940495,0,-0.00013120690767289247,0,-0.0001360068416812787,1.6391829053432945e-18,-4.7999340083862234e-06,1.6391829053432945e-18
n10_linear_f0.4_d4.0,7,10,0,0,-0.00033333824025086301,0,-0.0003333802346479664,0,-0.00034616669254868265,1.6391829053432945e-18,-1.2786457900716241e-05,1.6391829053432945e-18
n10_linear_f0.4_d4.0,8,14,0,0,-0.0011658422405765416,0,-0.0011663487940817806,0,-0.0012111441368615849,1.6447965454300865e-18,-4.4795342779804358e-05,1.6447965454300865e-18
n10_linear_f0.4_d4.0,9,18,0,0,-0.0132756928653,0,-0.013333162042516809,0,-0.013381543501480032,1.6335692652565024e-18,-4.8381458963223448e-05,1.6335692652565024e-18
n10_linear_f0.4_d6.0,0,-27,0,0,0.0027441320200061198,0,0.0027473486945711217,0,0.0027508170179229739,0,3.468323351852199e-06,0
n10_linear_f0.4_d6.0,1,-21,0,0,0.00026901950615577366,0,0.00026905716635312313,0,0.00027249304142419552,3.0313656468677362e-19,3.4358750710723903e-06,3.0313656468677362e-19
n10_linear_f0.4_d6.0,2,-15,0,0,8.1991234701658656e-05,0,8.1993312964151189e-05,0,8.3002799449868205e-05,3.3120476512073417e-19,1.0094864857170162e-06,3.3120476512073417e-19
n10_linear_f0.4_d6.0,3,-9,0,0,3.2337125407445203e-05,0,3.2336711552328218e-05,0,3.2724035325233678e-05,3.340115851641302e-19,3.8732377290546035e-07,3.340115851641302e-19
n10_linear_f0.4_d6.0,4,-3,0,0,8.9485405044670789e-06,0,8.9482908762909709e-06,0,9.0548157377471075e-06,3.3681840520752622e-19,1.0652486145613659e-07,3.3681840520752622e-19
n10_linear_f0.4_d6.0,5,3,0,0,-8.948540504467189e-06,0,-8.9482908762908066e-06,0,-9.0548157377483696e-06,3.3681840520752622e-19,-1.06524861457563e-07,3.3681840520752622e-19
n10_linear_f0.4_d6.0,6,9,0,0,-3.23371254074454e-05,0,-3.2336711552328421e-05,0,-3.2724035325233705e-05,3.3681840520752622e-19,-3.8732377290528417e-07,3.3681840520752622e-19
n10_linear_f0.4_d6.0,7,15,0,0,-8.1991234701658615e-05,0,-8.1993312964151433e-05,0,-8.3002799449867352e-05,3.3120476512073417e-19,-1.0094864857159184e-06,3.3120476512073417e-19
n10_linear_f0.4_d6.0,8,21,0,0,-0.00026901950615577366,0,-0.00026905716635312318,0,-0.00027249304142419335,3.3120476512073417e-19,-3.4358750710701677e-06,3.3120476512073417e-19
n10_linear_f0.4_d6.0,9,27,0,0,-0.0027441320200061203,0,-0.0027473486945711217,0,-0.0027508170179229748,3.3120476512073417e-19,-3.4683233518530664e-06,3.3120476512073417e-19
n10_linear_f0.4_d10.0,0,-45,0,0,0.00040304968581664886,0,0.00040316156998972743,0,0.00040328023025005053,0,1.1866026032310122e-07,0
n10_linear_f0.4_d10.0,1,-35,0,0,3.93743524277747e-05,0,3.9375114640570998e-05,0,3.9497285082601309e-05,4.4909120694336834e-20,1.221704420303115e-07,4.4909120694336834e-20
n10_linear_f0.4_d10.0,2,-25,0,0,1.6793016395051949e-06,0,1.6790489265280164e-06,0,1.6932415061140354e-06,5.0522760781128937e-20,1.4192579586018985e-08,5.0522760781128937e-20
n10_linear_f0.4_d10.0,3,-15,0,0,-6.3948671286451017e-06,0,-6.3948616790668326e-06,0,-6.4054315883154422e-06,5.3329580824524995e-20,-1.0569909248609632e-08,5.3329580824524995e-20
n10_linear_f0.4_d10.0,4,-5,0,0,-3.3174305118420524e-06,0,-3.3173930851585489e-06,0,-3.3238654114051973e-06,5.0522760781128937e-20,-6.4723262466484219e-09,5.0522760781128937e-20
n10_linear_f0.4_d10.0,5,5,0,0,3.3174305118420414e-06,0,3.3173930851585819e-06,0,3.3238654114056657e-06,5.0522760781128937e-20,6.4723262470837968e-09,5.0522760781128937e-20
n10_linear_f0.4_d10.0,6,15,0,0,6.3948671286450975e-06,0,6.3948616790668122e-06,0,6.4054315883151169e-06,5.613640086792104e-20,1.05699092483047e-08,5.613640086792104e-20
n10_linear_f0.4_d10.0,7,25,0,0,-1.6793016395051847e-06,0,-1.6790489265280329e-06,0,-1.6932415061143456e-06,5.0522760781128937e-20,-1.4192579586312694e-08,5.0522760781128937e-20
n10_linear_f0.4_d10.0,8,35,0,0,-3.9374352427774687e-05,0,-3.9375114640570984e-05,0,-3.9497285082601289e-05,5.3329580824524995e-20,-1.2217044203030472e-07,5.3329580824524995e-20
n10_linear_f0.4_d10.0,9,45,0,0,-0.00040304968581664886,0,-0.00040316156998972748,0,-0.00040328023025005047,5.0522760781128937e-20,-1.186602603229928e-07,5.0522760781128937e-20
n10_linear_f0.8_d2.1,0,-9.4500000000000011,0,0,0.67850565604301938,0,0.796971191666628,0,0.82098011993780828,6.1974586558184828e-18,0.024008928271180285,6.1974586558184828e-18
n10_linear_f0.8_d2.1,1,-7.3500000000000005,0,0,0.053418160024189885,0,0.05375740765931885,0,0.072965885456512544,1.0540170626960855e-16,0.019208477797193695,1.0540170626960855e-16
n10_linear_f0.8_d2.1,2,-5.25,0,0,0.013208685363971245,0,0.013230152907713478,0,0.019517334190793573,1.1310362046868733e-16,0.0062871812830800951,1.1310362046868733e-16
n10_linear_f0.8_d2.1,3,-3.1500000000000004,0,0,0.004611926108213398,0,0.004615403180533482,0,0.0069156697497103964,1.1387830280066462e-16,0.0023002665691769144,1.1387830280066462e-16
n10_linear_f0.8_d2.1,4,-1.05,0,0,0.0012162982387672004,0,0.0012169328940181822,0,0.0018256183807489016,1.0964281135517999e-16,0.0006086854867307194,1.0964281135517999e-16
n10_linear_f0.8_d2.1,5,1.05,0,0,-0.0012162982387672835,0,-0.0012169328940180965,0,-0.0018256183807486422,1.1193879015067795e-16,-0.00060868548673054571,1.1193879015067795e-16
n10_linear_f0.8_d2.1,6,3.1500000000000004,0,0,-0.0046119261082133278,0,-0.0046154031805333857,0,-0.0069156697497100442,1.1562975850774376e-16,-0.0023002665691766585,1.1562975850774376e-16
n10_linear_f0.8_d2.1,7,5.25,0,0,-0.013208685363971247,0,-0.01323015290771349,0,-0.019517334190794006,1.1566344034826452e-16,-0.0062871812830805167,1.1566344034826452e-16
n10_linear_f0.8_d2.1,8,7.3500000000000005,0,0,-0.053418160024189865,0,-0.053757407659318801,0,-0.072965885456512641,1.1541644018444565e-16,-0.01920847779719384,1.1541644018444565e-16
n10_linear_f0.8_d2.1,9,9.4500000000000011,0,0,-0.67850565604301938,0,-0.796971191666628,0,-0.82098011993780817,1.0257243166586532e-16,-0.024008928271180174,1.0257243166586532e-16
n10_linear_f0.8_d2.5,0,-11.25,0,0,0.33941159625227663,0,0.36020983199516099,0,0.36773696649823023,5.3890944833204206e-19,0.0075271345030692438,5.3890944833204206e-19
n10_linear_f0.8_d2.5,1,-8.75,0,0,0.027211004418084567,0,0.027307421631561135,0,0.033698606483377642,4.277593746135583e-17,0.0063911848518165074,4.277593746135583e-17
n10_linear_f0.8_d2.5,2,-6.25,0,0,0.0069090409075720904,0,0.0069157583016290942,0,0.0088959540077195257,4.5840984948744321e-17,0.0019801957060904315,4.5840984948744321e-17
n10_linear_f0.8_d2.5,3,-3.75,0,0,0.0024712367155488961,0,0.0024723811673023569,0,0.0031884651136653013,4.6200257914299018e-17,0.00071608394636294434,4.6200257914299018e-17
n10_linear_f0.8_d2.5,4,-1.25,0,0,0.00066081101613679207,0,0.00066102451987055325,0,0.00085074958235177936,4.7196679029704613e-17,0.0001897250624812261,4.7196679029704613e-17
n10_linear_f0.8_d2.5,5,1.25,0,0,-0.00066081101613677407,0,-0.00066102451987054079,0,-0.00085074958235169739,4.5585564324795286e-17,-0.0001897250624811566,4.5585564324795286e-17
n10_linear_f0.8_d2.5,6,3.75,0,0,-0.0024712367155488987,0,-0.0024723811673023847,0,-0.0031884651136653247,4.6604440000548052e-17,-0.00071608394636294001,4.6604440000548052e-17
n10_linear_f0.8_d2.5,7,6.25,0,0,-0.0069090409075720886,0,-0.0069157583016291012,0,-0.0088959540077192967,4.6132894233257516e-17,-0.0019801957060901956,4.6132894233257516e-17
n10_linear_f0.8_d2.5,8,8.75,0,0,-0.02721100441808455,0,-0.027307421631561135,0,-0.033698606483377497,4.612166695308393e-17,-0.0063911848518163616,4.612166695308393e-17
n10_linear_f0.8_d2.5,9,11.25,0,0,-0.33941159625227663,0,-0.36020983199516099,0,-0.36773696649823051,4.5627666625446228e-17,-0.0075271345030695214,4.5627666625446228e-17
n10_linear_f0.8_d3.0,0,-13.5,0,0,0.16485407146341741,0,0.16919955220457039,0,0.17159507682953593,0,0.0023955246249655338,0
n10_linear_f0.8_d3.0,1,-10.5,0,0,0.013580231639350349,0,0.013607314447289364,0,0.015722835449968799,1.9266012777870504e-17,0.0021155210026794352,1.9266012777870504e-17
n10_linear_f0.8_d3.0,2,-7.5,0,0,0.0035823964501557411,0,0.0035844528315872484,0,0.0042085563797997312,2.0748013760783619e-17,0.00062410354821248277,2.0748013760783619e-17
n10_linear_f0.8_d3.0,3,-4.5,0,0,0.0013246028785891769,0,0.0013249648074325098,0,0.0015513219128718788,2.1253241368594907e-17,0.00022635710543936899,2.1253241368594907e-17
n10_linear_f0.8_d3.0,4,-1.5,0,0,0.00036076212156760737,0,0.00036082967365005919,0,0.00042136526181356913,2.105115032547039e-17,6.0535588163509936e-05,2.105115032547039e-17
n10_linear_f0.8_d3.0,5,1.5,0,0,-0.00036076212156761593,0,-0.0003608296736500741,0,-0.00042136526181368221,2.1270082288855283e-17,-6.0535588163608111e-05,2.1270082288855283e-17
n10_linear_f0.8_d3.0,6,4.5,0,0,-0.0013246028785891769,0,-0.0013249648074325346,0,-0.0015513219128718574,2.120833224790057e-17,-0.0002263571054393228,2.120833224790057e-17
n10_linear_f0.8_d3.0,7,7.5,0,0,-0.0035823964501557337,0,-0.0035844528315872454,0,-0.0042085563797996843,2.115219584703265e-17,-0.00062410354821243897,2.115219584703265e-17
n10_linear_f0.8_d3.0,8,10.5,0,0,-0.013580231639350349,0,-0.013607314447289381,0,-0.015722835449968754,2.1174650407379819e-17,-0.0021155210026793728,2.1174650407379819e-17
n10_linear_f0.8_d3.0,9,13.5,0,0,-0.16485407146341741,0,-0.16919955220457039,0,-0.17159507682953595,2.1197104967726987e-17,-0.0023955246249655615,2.1197104967726987e-17
n10_linear_f0.8_d4.0,0,-18,0,0,0.053102771461200002,0,0.053563501743228221,0,0.053950513355897185,0,0.00038701161266896378,0
n10_linear_f0.8_d4.0,1,-14,0,0,0.0046633689623061646,0,0.0046673197729093941,0,0.0050248275184238828,6.0178221730411359e-18,0.00035750774551448865,6.0178221730411359e-18
n10_linear_f0.8_d4.0,2,-10,0,0,0.0013333529610034542,0,0.0013336773768964393,0,0.0014370350852641947,6.4444588196373362e-18,0.0001033577083677554,6.4444588196373362e-18
n10_linear_f0.8_d4.0,3,-6,0,0,0.00052480081195762078,0,0.00052485200907481731,0,0.00056374303583308781,6.5455043411995939e-18,3.8891026758270503e-05,6.5455043411995939e-18
n10_linear_f0.8_d4.0,4,-2,0,0,0.00014757773232618404,0,0.00014758533016452337,0,0.00015827197511123886,6.5847998218071389e-18,1.0686644946715485e-05,6.5847998218071389e-18
n10_linear_f0.8_d4.0,5,2,0,0,-0.00014757773232618274,0,-0.00014758533016452462,0,-0.00015827197511119064,6.6240953024146831e-18,-1.0686644946666018e-05,6.6240953024146831e-18
n10_linear_f0.8_d4.0,6,6,0,0,-0.00052480081195761981,0,-0.00052485200907481785,0,-0.00056374303583314603,6.6353225825882674e-18,-3.8891026758328183e-05,6.6353225825882674e-18
n10_linear_f0.8_d4.0,7,10,0,0,-0.0013333529610034521,0,-0.0013336773768964426,0,-0.0014370350852642355,6.6690044231090202e-18,-0.00010335770836779291,6.6690044231090202e-18
n10_linear_f0.8_d4.0,8,14,0,0,-0.0046633689623061664,0,-0.0046673197729093924,0,-0.0050248275184238784,6.6465498627618516e-18,-0.00035750774551448605,6.6465498627618516e-18
n10_linear_f0.8_d4.0,9,18,0,0,-0.053102771461200002,0,-0.053563501743228228,0,-0.053950513355897171,6.6465498627618516e-18,-0.00038701161266894296,6.6465498627618516e-18
n10_linear_f0.8_d6.0,0,-27,0,0,0.010976528080024479,0,0.011001846264732924,0,0.011029552028184241,0,2.7705763451317186e-05,0
n10_linear_f0.8_d6.0,1,-21,0,0,0.0010760780246230946,0,0.0010763690705436681,0,0.0011038049345075407,1.2350008190942629e-18,2.7435863963872582e-05,1.2350008190942629e-18
n10_linear_f0.8_d6.0,2,-15,0,0,0.00032796493880663462,0,0.00032798035305808338,0,0.00033608050264384923,1.3023645001357683e-18,8.100149585765846e-06,1.3023645001357683e-18
n10_linear_f0.8_d6.0,3,-9,0,0,0.00012934850162978081,0,0.00012934490129361471,0,0.00013245535920855065,1.3472736208301049e-18,3.1104579149359389e-06,1.3472736208301049e-18
n10_linear_f0.8_d6.0,4,-3,0,0,3.5794162017868316e-05,0,3.5792099204904449e-05,0,3.6647724234705549e-05,1.3472736208301049e-18,8.556250298011e-07,1.3472736208301049e-18
n10_linear_f0.8_d6.0,5,3,0,0,-3.5794162017868756e-05,0,-3.5792099204904449e-05,0,-3.6647724234711932e-05,1.3472736208301049e-18,-8.5562502980748324e-07,1.3472736208301049e-18
n10_linear_f0.8_d6.0,6,9,0,0,-0.0001293485016297816,0,-0.0001293449012936146,0,-0.00013245535920855073,1.3472736208301049e-18,-3.1104579149361287e-06,1.3472736208301049e-18
n10_linear_f0.8_d6.0,7,15,0,0,-0.00032796493880663446,0,-0.00032798035305808371,0,-0.00033608050264384055,1.3472736208301049e-18,-8.1001495857568472e-06,1.3472736208301049e-18
n10_linear_f0.8_d6.0,8,21,0,0,-0.0010760780246230946,0,-0.001076369070543667,0,-0.0011038049345075333,1.3472736208301049e-18,-2.7435863963866294e-05,1.3472736208301049e-18
n10_linear_f0.8_d6.0,9,27,0,0,-0.010976528080024481,0,-0.011001846264732926,0,-0.011029552028184245,1.3248190604829367e-18,-2.7705763451318921e-05,1.3248190604829367e-18
n10_linear_f0.8_d10.0,0,-45,0,0,0.0016121987432665954,0,0.001613067640215439,0,0.001614015889034,0,9.4824881856098858e-07,0
n10_linear_f0.8_d10.0,1,-35,0,0,0.0001574974097110988,0,0.0001575029050035715,0,0.00015847921864742831,1.7963648277734734e-19,9.7631364385681609e-07,1.7963648277734734e-19
n10_linear_f0.8_d10.0,2,-25,0,0,6.7172065580207795e-06,0,6.7150809324437768e-06,0,6.8286199410129795e-06,2.0209104312451575e-19,1.1353900856920264e-07,2.0209104312451575e-19
n10_linear_f0.8_d10.0,3,-15,0,0,-2.5579468514580407e-05,0,-2.5579465413749373e-05,0,-2.5664077375154034e-05,2.0209104312451575e-19,-8.4611961404661184e-08,2.0209104312451575e-19
n10_linear_f0.8_d10.0,4,-5,0,0,-1.326972204736821e-05,0,-1.3269435018637345e-05,0,-1.3321244833061385e-05,2.0209104312451575e-19,-5.1809814424040257e-08,2.0209104312451575e-19
n10_linear_f0.8_d10.0,5,5,0,0,1.3269722047368166e-05,0,1.326943501863736e-05,0,1.3321244833062664e-05,2.0209104312451575e-19,5.180981442530403e-08,2.0209104312451575e-19
n10_linear_f0.8_d10.0,6,15,0,0,2.557946851458039e-05,0,2.5579465413749308e-05,0,2.5664077375153265e-05,2.0209104312451575e-19,8.4611961403956452e-08,2.0209104312451575e-19
n10_linear_f0.8_d10.0,7,25,0,0,-6.7172065580207389e-06,0,-6.7150809324437362e-06,0,-6.8286199410142712e-06,2.0209104312451575e-19,-1.1353900857053503e-07,2.0209104312451575e-19
n10_linear_f0.8_d10.0,8,35,0,0,-0.00015749740971109875,0,-0.00015750290500357155,0,-0.00015847921864742867,2.0209104312451575e-19,-9.7631364385711425e-07,2.0209104312451575e-19
n10_linear_f0.8_d10.0,9,45,0,0,-0.0016121987432665954,0,-0.0016130676402154388,0,-0.0016140158890339993,2.1331832329809998e-19,-9.482488185605549e-07,2.1331832329809998e-19
n10_linear_f1.0_d2.1,0,-9.4500000000000011,0,0,1.0601650875672177,0,1.3138866984316362,0,1.3638607187774676,1.4820009829131154e-17,0.049974020345831427,1.4820009829131154e-17
n10_linear_f1.0_d2.1,1,-7.3500000000000005,0,0,0.083465875037796719,0,0.084131325122904693,0,0.12359344653652499,1.8148898400598872e-16,0.039462121413620294,1.8148898400598872e-16
n10_linear_f1.0_d2.1,2,-5.25,0,0,0.020638570881205021,0,0.020680409767348171,0,0.03379713566120407,2.0402774895445901e-16,0.013116725893855898,2.0402774895445901e-16
n10_linear_f1.0_d2.1,3,-3.1500000000000004,0,0,0.0072061345440834201,0,0.0072128949471505057,0,0.012046265957315958,2.0349445314621377e-16,0.0048333710101654522,2.0349445314621377e-16
n10_linear_f1.0_d2.1,4,-1.05,0,0,0.001900465998073873,0,0.0019016988055518356,0,0.0031839474846958563,1.9650547123815761e-16,0.0012822486791440207,1.9650547123815761e-16
n10_linear_f1.0_d2.1,5,1.05,0,0,-0.0019004659980739486,0,-0.0019016988055517124,0,-0.0031839474846959014,1.9534064092014823e-16,-0.001282248679144189,1.9534064092014823e-16
n10_linear_f1.0_d2.1,6,3.1500000000000004,0,0,-0.0072061345440834895,0,-0.0072128949471506349,0,-0.012046265957315637,1.93375866889771e-16,-0.004833371010165002,1.93375866889771e-16
n10_linear_f1.0_d2.1,7,5.25,0,0,-0.020638570881204917,0,-0.020680409767348043,0,-0.033797135661203237,1.927443323800069e-16,-0.013116725893855194,1.927443323800069e-16
n10_linear_f1.0_d2.1,8,7.3500000000000005,0,0,-0.083465875037796788,0,-0.084131325122904776,0,-0.12359344653652372,2.0343831674534584e-16,-0.039462121413618947,2.0343831674534584e-16
n10_linear_f1.0_d2.1,9,9.4500000000000011,0,0,-1.0601650875672177,0,-1.3138866984316362,0,-1.3638607187774685,1.928846733821767e-16,-0.049974020345832315,1.928846733821767e-16
n10_linear_f1.0_d2.5,0,-11.25,0,0,0.53033061914418222,0,0.57230043714671164,0,0.58722398406925125,1.7963648277734733e-18,0.01492354692253961,1.7963648277734733e-18
n10_linear_f1.0_d2.5,1,-8.75,0,0,0.042517194403257116,0,0.042705708737857534,0,0.055288477842110335,6.69707262354298e-17,0.012582769104252801,6.69707262354298e-17
n10_linear_f1.0_d2.5,2,-6.25,0,0,0.010795376418081397,0,0.01080844761171712,0,0.014767876436849464,7.1152888100089922e-17,0.0039594288251323436,7.1152888100089922e-17
n10_linear_f1.0_d2.5,3,-3.75,0,0,0.0038613073680451408,0,0.0038635303217868277,0,0.0053030529145312684,7.5026299759976469e-17,0.0014395225927444407,7.5026299759976469e-17
n10_linear_f1.0_d2.5,4,-1.25,0,0,0.0010325172127137424,0,0.0010329316261100579,0,0.0014149203092797802,7.7299823995127274e-17,0.00038198868316972239,7.7299823995127274e-17
n10_linear_f1.0_d2.5,5,1.25,0,0,-0.00103251721271376,0,-0.001032931626110096,0,-0.0014149203092798453,7.6756002611719289e-17,-0.00038198868316974928,7.6756002611719289e-17
n10_linear_f1.0_d2.5,6,3.75,0,0,-0.003861307368045159,0,-0.0038635303217867539,0,-0.0053030529145313811,7.4436867550863303e-17,-0.0014395225927446272,7.4436867550863303e-17
n10_linear_f1.0_d2.5,7,6.25,0,0,-0.010795376418081336,0,-0.01080844761171703,0,-0.014767876436849578,7.5756072971259442e-17,-0.0039594288251325483,7.5756072971259442e-17
n10_linear_f1.0_d2.5,8,8.75,0,0,-0.042517194403257075,0,-0.042705708737857506,0,-0.055288477842110287,7.6120959576900929e-17,-0.012582769104252781,7.6120959576900929e-17
n10_linear_f1.0_d2.5,9,11.25,0,0,-0.53033061914418222,0,-0.57230043714671153,0,-0.58722398406925069,7.4324594749127457e-17,-0.014923546922539166,7.4324594749127457e-17
n10_linear_f1.0_d3.0,0,-13.5,0,0,0.25758448666158956,0,0.26621336407013207,0,0.27090981198631353,0,0.0046964479161814565,0
n10_linear_f1.0_d3.0,1,-10.5,0,0,0.021219111936484916,0,0.021271934006813854,0,0.025404893935552116,3.0313656468677359e-17,0.0041329599287382619,3.0313656468677359e-17
n10_linear_f1.0_d3.0,2,-7.5,0,0,0.0055974944533683313,0,0.0056014909053559653,0,0.006835005223747484,3.2783658106865888e-17,0.0012335143183915187,3.2783658106865888e-17
n10_linear_f1.0_d3.0,3,-4.5,0,0,0.0020696919977955903,0,0.0020703943728987511,0,0.0025192211759976183,3.3204681113375298e-17,0.00044882680309886718,3.3204681113375298e-17
n10_linear_f1.0_d3.0,4,-1.5,0,0,0.00056369081494941887,0,0.00056382181852375035,0,0.00068394243017841166,3.3334496540382363e-17,0.00012012061165466131,3.3334496540382363e-17
n10_linear_f1.0_d3.0,5,1.5,0,0,-0.00056369081494943339,0,-0.00056382181852374547,0,-0.00068394243017814386,3.3657280845372908e-17,-0.00012012061165439839,3.3657280845372908e-17
n10_linear_f1.0_d3.0,6,4.5,0,0,-0.0020696919977955999,0,-0.0020703943728987277,0,-0.0025192211759979708,3.3387124416196041e-17,-0.00044882680309924318,3.3387124416196041e-17
n10_linear_f1.0_d3.0,7,7.5,0,0,-0.0055974944533683374,0,-0.0056014909053559263,0,-0.0068350052237477251,3.34853631177149e-17,-0.0012335143183917988,3.34853631177149e-17
n10_linear_f1.0_d3.0,8,10.5,0,0,-0.021219111936484902,0,-0.021271934006813847,0,-0.025404893935551787,3.3878317923790348e-17,-0.0041329599287379393,3.3878317923790348e-17
n10_linear_f1.0_d3.0,9,13.5,0,0,-0.25758448666158967,0,-0.26621336407013213,0,-0.27090981198631336,3.2952067309469651e-17,-0.0046964479161812345,3.2952067309469651e-17
n10_linear_f1.0_d4.0,0,-18,0,0,0.082973080408124997,0,0.083878188704131051,0,0.084633845605427666,5.613640086792104e-20,0.00075565690129661411,5.613640086792104e-20
n10_linear_f1.0_d4.0,1,-14,0,0,0.0072865140036033789,0,0.0072941990901423514,0,0.0079914072989693587,9.4309153458107348e-18,0.00069720820882700728,9.4309153458107348e-18
n10_linear_f1.0_d4.0,2,-10,0,0,0.0020833640015679011,0,0.0020839934338819691,0,0.0022868621242315736,1.0104552156225787e-17,0.00020286869034960445,1.0104552156225787e-17
n10_linear_f1.0_d4.0,3,-6,0,0,0.00082000126868378204,0,0.00082010034900393668,0,0.0008965321129431878,1.0272961358829551e-17,7.6431763939251119e-05,1.0272961358829551e-17
n10_linear_f1.0_d4.0,4,-2,0,0,0.00023059020675966866,0,0.00023060485610023864,0,0.00025161156880913743,1.0329097759697471e-17,2.1006712708898797e-05,1.0329097759697471e-17
n10_linear_f1.0_d4.0,5,2,0,0,-0.00023059020675966307,0,-0.00023060485610024297,0,-0.00025161156880914741,1.0357165960131432e-17,-2.1006712708904435e-05,1.0357165960131432e-17
n10_linear_f1.0_d4.0,6,6,0,0,-0.00082000126868378735,0,-0.00082010034900393994,0,-0.00089653211294317078,1.0385234160565392e-17,-7.6431763939230845e-05,1.0385234160565392e-17
n10_linear_f1.0_d4.0,7,10,0,0,-0.0020833640015678967,0,-0.0020839934338819713,0,-0.0022868621242315484,1.0385234160565392e-17,-0.00020286869034957713,1.0385234160565392e-17
n10_linear_f1.0_d4.0,8,14,0,0,-0.0072865140036033754,0,-0.0072941990901423531,0,-0.0079914072989693795,1.0441370561433314e-17,-0.00069720820882702636,1.0441370561433314e-17
n10_linear_f1.0_d4.0,9,18,0,0,-0.082973080408124997,0,-0.083878188704131024,0,-0.084633845605427693,1.0385234160565392e-17,-0.00075565690129666963,1.0385234160565392e-17
n10_linear_f1.0_d6.0,0,-27,0,0,0.017150825125038249,0,0.017200216942753092,0,0.017254282755206837,0,5.4065812453745615e-05,0
n10_linear_f1.0_d6.0,1,-21,0,0,0.0016813719134735853,0,0.0016819366553476114,0,0.0017354649143996544,1.9086376295093153e-18,5.3528259052043007e-05,1.9086376295093153e-18
n10_linear_f1.0_d6.0,2,-15,0,0,0.00051244521688536713,0,0.00051247486551490883,0,0.0005283178307760938,2.048978631679118e-18,1.5842965261184962e-05,2.048978631679118e-18
n10_linear_f1.0_d6.0,3,-9,0,0,0.00020210703379653437,0,0.00020209989153791377,0,0.00020818625015847883,2.0910809323300586e-18,6.0863586205650566e-06,2.0910809323300586e-18
n10_linear_f1.0_d6.0,4,-3,0,0,5.5928378152920697e-05,0,5.5924324070013909e-05,0,5.7598731418890928e-05,2.105115032547039e-18,1.6744073488770192e-06,2.105115032547039e-18
n10_linear_f1.0_d6.0,5,3,0,0,-5.5928378152918142e-05,0,-5.5924324070013177e-05,0,-5.7598731418883535e-05,2.1331832329809997e-18,-1.6744073488703581e-06,2.1331832329809997e-18
n10_linear_f1.0_d6.0,6,9,0,0,-0.00020210703379653445,0,-0.00020209989153791274,0,-0.00020818625015847617,2.105115032547039e-18,-6.0863586205634303e-06,2.105115032547039e-18
n10_linear_f1.0_d6.0,7,15,0,0,-0.00051244521688536626,0,-0.00051247486551490927,0,-0.00052831783077610854,2.16125143341496e-18,-1.5842965261199274e-05,2.16125143341496e-18
n10_linear_f1.0_d6.0,8,21,0,0,-0.0016813719134735859,0,-0.0016819366553476114,0,-0.0017354649143996529,2.1331832329809997e-18,-5.3528259052041489e-05,2.1331832329809997e-18
n10_linear_f1.0_d6.0,9,27,0,0,-0.017150825125038252,0,-0.017200216942753092,0,-0.017254282755206827,2.105115032547039e-18,-5.4065812453735207e-05,2.105115032547039e-18
n10_linear_f1.0_d10.0,0,-45,0,0,0.002519060536354055,0,0.0025207485904986358,0,0.0025225995349316267,0,1.8509444329908691e-06,0
n10_linear_f1.0_d10.0,1,-35,0,0,0.00024608970267359168,0,0.00024610020745534692,0,0.00024800594890982667,2.6664790412262496e-19,1.9057414544797527e-06,2.6664790412262496e-19
n10_linear_f1.0_d10.0,2,-25,0,0,1.0495635246907301e-05,0,1.0491443728982225e-05,0,1.0713184698708512e-05,3.0875020477356571e-19,2.2174096972628734e-07,3.0875020477356571e-19
n10_linear_f1.0_d10.0,3,-15,0,0,-3.9967919554031917e-05,0,-3.9967929165815773e-05,0,-4.0133239837756456e-05,3.2278430499054597e-19,-1.6531067194068365e-07,3.2278430499054597e-19
n10_linear_f1.0_d10.0,4,-5,0,0,-2.073394069901285e-05,0,-2.0733384895427575e-05,0,-2.083460621274117e-05,3.3681840520752622e-19,-1.0122131731359459e-07,3.3681840520752622e-19
n10_linear_f1.0_d10.0,5,5,0,0,2.0733940699012602e-05,0,2.0733384895427267e-05,0,2.083460621274328e-05,3.0875020477356571e-19,1.0122131731601371e-07,3.0875020477356571e-19
n10_linear_f1.0_d10.0,6,15,0,0,3.9967919554031958e-05,0,3.9967929165815542e-05,0,4.0133239837756978e-05,3.0875020477356571e-19,1.6531067194143582e-07,3.0875020477356571e-19
n10_linear_f1.0_d10.0,7,25,0,0,-1.0495635246907445e-05,0,-1.0491443728981922e-05,0,-1.0713184698709891e-05,3.2278430499054597e-19,-2.2174096972796954e-07,3.2278430499054597e-19
n10_linear_f1.0_d10.0,8,35,0,0,-0.00024608970267359174,0,-0.0002461002074553467,0,-0.00024800594890982824,3.2278430499054597e-19,-1.9057414544815417e-06,3.2278430499054597e-19
n10_linear_f1.0_d10.0,9,45,0,0,-0.002519060536354055,0,-0.0025207485904986358,0,-0.0025225995349316258,3.2278430499054597e-19,-1.8509444329900017e-06,3.2278430499054597e-19
n10_compact_f0.1_d2.1,0,-3.1500000000000008,-1.8186533479473213,0,0.017084214609545741,0.0098635759037145679,0.017361741436567421,0.010023806092002877,0.01772083967932734,0.010231131559125839,0.00035909824275991847,0.00020732546712296136
n10_compact_f0.1_d2.1,1,-1.05,-1.8186533479473213,0,0.0019298155841327507,0.019309979023291665,0.0019325046658896909,0.019630657780312685,0.0020686075406308306,0.020243589437609674,0.00013610287474113969,0.00061293165729698826
n10_compact_f0.1_d2.1,2,1.0500000000000005,-1.8186533479473213,0,-0.0019298155841327535,0.019309979023291665,-0.0019325046658896935,0.019630657780312685,-0.0020686075406308418,0.020243589437609674,-0.00013610287474114836,0.00061293165729698826
n10_compact_f0.1_d2.1,3,3.1500000000000008,-1.8186533479473213,0,-0.017084214609545748,0.0098635759037145818,-0.017361741436567425,0.010023806092002888,-0.017720839679327353,0.010231131559125854,-0.00035909824275992888,0.00020732546712296657
n10_compact_f0.1_d2.1,4,-2.1000000000000001,0,0,0.017687840172781581,-0.0079837201911677532,0.017966900663694274,-0.0081417307565638999,0.018565766487067724,-0.0083303280381584535,0.00059886582337344979,-0.00018859728159455365
n10_compact_f0.1_d2.1,5,0,0,0,-4.3368086899420177e-18,2.1684043449710089e-19,-4.3368086899420177e-18,1.7347234759768071e-18,-1.6817873636426243e-17,1.9400740139953512e-17,-1.2481064946484225e-17,1.7666016663976705e-17
n10_compact_f0.1_d2.1,6,2.1000000000000005,0,0,-0.017687840172781563,-0.0079837201911677671,-0.017966900663694257,-0.008141730756563912,-0.018565766487067724,-0.0083303280381584674,-0.00059886582337346714,-0.00018859728159455538
n10_compact_f0.1_d2.1,7,-1.05,1.8186533479473213,0,0.015758024588648806,-0.011326258832123915,0.016034395997804558,-0.011488927023748787,0.016497158946436861,-0.011913261399451208,0.00046276294863230316,-0.00042433437570242073
n10_compact_f0.1_d2.1,8,1.0500000000000005,1.8186533479473213,0,-0.015758024588648813,-0.011326258832123915,-0.016034395997804565,-0.011488927023748787,-0.016497158946436889,-0.01191326139945121,-0.00046276294863232398,-0.00042433437570242247
n10_compact_f0.1_d2.1,9,0,3.6373066958946434,0,1.7347234759768071e-18,-0.019727151807429129,2.6020852139652106e-18,-0.020047612184005748,-6.1076404144298102e-18,-0.020462263118251684,-8.7097256283950208e-18,-0.0004146509342459366
n10_compact_f0.1_d2.5,0,-3.7500000000000004,-2.1650635094610968,0,0.0085464238598393586,0.0049342801160868928,0.0086039575757314284,0.0049674972224446595,0.0087094502232775966,0.0050284034309029642,0.00010549264754616816,6.0906208458304766e-05
n10_compact_f0.1_d2.5,1,-1.25,-2.1650635094610968,0,0.00097197621390344492,0.0096541122968376476,0.00097274093435074829,0.0097205957331748319,0.001017127306457623,0.0098890392987962331,4.438637210687471e-05,0.00016844356562140117
n10_compact_f0.1_d2.5,2,1.2500000000000004,-2.1650635094610968,0,-0.00097197621390343581,0.0096541122968376407,-0.00097274093435074308,0.0097205957331748284,-0.0010171273064576187,0.0098890392987962365,-4.4386372106875577e-05,0.00016844356562140811
n10_compact_f0.1_d2.5,3,3.7500000000000004,-2.1650635094610968,0,-0.008546423859839369,0.0049342801160869006,-0.0086039575757314319,0.0049674972224446621,-0.0087094502232776035,0.0050284034309029712,-0.00010549264754617163,6.0906208458309102e-05
n10_compact_f0.1_d2.5,4,-2.5,0,0,0.0088466946070008615,-0.0039853000553042167,0.0089046533120233987,-0.0040178795061386529,0.0090727229050089984,-0.004063661563122975,0.00016806959298559972,-4.5782056984322063e-05
n10_compact_f0.1_d2.5,5,0,0,0,-1.1275702593849246e-17,-9.7578195523695399e-19,-6.5052130349130266e-18,-9.7578195523695399e-19,-4.0973651997553318e-18,-2.6945472416602103e-19,2.4078478351576948e-18,7.0632723107093296e-19
n10_compact_f0.1_d2.5,6,2.5000000000000004,0,0,-0.0088466946070008528,-0.0039853000553042237,-0.0089046533120233952,-0.0040178795061386564,-0.0090727229050090053,-0.0040636615631229785,-0.00016806959298561013,-4.5782056984322063e-05
n10_compact_f0.1_d2.5,7,-1.25,2.1650635094610968,0,0.0078747183930974029,-0.0056688122415334318,0.0079319123776726425,-0.0057027162270361816,0.0080555955985513669,-0.005825377735673265,0.00012368322087872446,-0.00012266150863708344
n10_compact_f0.1_d2.5,8,1.2500000000000004,2.1650635094610968,0,-0.0078747183930973994,-0.0056688122415334266,-0.007931912377672639,-0.0057027162270361824,-0.0080555955985513704,-0.0058253777356732728,-0.0001236832208787314,-0.00012266150863709038
n10_compact_f0.1_d2.5,9,0,4.3301270189221945,0,0,-0.0098685602321737821,-1.3010426069826053e-18,-0.009934994444889305,-3.0538202072149051e-18,-0.010056806861805925,-1.7527776002322998e-18,-0.00012181241691661994
n10_compact_f0.1_d3.0,0,-4.5000000000000009,-2.598076211353316,0,0.0041515894638648916,0.0023969212945272084,0.0041644833368892102,0.0024043655755886968,0.0041946874061241117,0.0024218039030920887,3.0204069234901487e-05,1.7438327503391856e-05
n10_compact_f0.1_d3.0,1,-1.5,-2.598076211353316,0,0.00047706778006544119,0.0046852762589230821,0.00047728310014361075,0.0047001753981865445,0.00049099375458810295,0.0047457926337776705,1.3710654444492199e-05,4.5617235591126001e-05
n10_compact_f0.1_d3.0,2,1.5000000000000007,-2.598076211353316,0,-0.00047706778006544043,0.0046852762589230787,-0.00047728310014360955,0.0047001753981865445,-0.00049099375458810338,0.0047457926337776714,-1.3710654444493825e-05,4.5617235591126869e-05
n10_compact_f0.1_d3.0,3,4.5000000000000009,-2.598076211353316,0,-0.0041515894638648933,0.0023969212945272101,-0.004164483336889211,0.0024043655755886968,-0.0041946874061241134,0.0024218039030920908,-3.0204069234902355e-05,1.7438327503394024e-05
n10_compact_f0.1_d3.0,4,-3,0,0,0.0042961021540082276,-0.0019294853125978197,0.0043091128471439907,-0.0019367484095719133,0.0043554738592385686,-0.0019476832523160365,4.6361012094577915e-05,-1.0934842744123171e-05
n10_compact_f0.1_d3.0,5,0,0,0,-2.1684043449710089e-18,-3.7947076036992655e-19,-1.0842021724855044e-18,0,-1.629052039249162e-19,-1.3472736208301052e-19,9.2129696856058821e-19,-1.3472736208301052e-19
n10_compact_f0.1_d3.0,6,3.0000000000000009,0,0,-0.0042961021540082241,-0.0019294853125978206,-0.0043091128471439907,-0.0019367484095719125,-0.0043554738592385765,-0.0019476832523160357,-4.6361012094585721e-05,-1.0934842744123171e-05
n10_compact_f0.1_d3.0,7,-1.5,2.598076211353316,0,0.0038190343739427832,-0.0027557909463252618,0.0038318297470003792,-0.0027634269886146331,0.0038644801046504632,-0.0027981093814616375,3.2650357650083981e-05,-3.4682392847004348e-05
n10_compact_f0.1_d3.0,8,1.5000000000000007,2.598076211353316,0,-0.0038190343739427828,-0.0027557909463252596,-0.0038318297470003792,-0.0027634269886146349,-0.0038644801046504667,-0.0027981093814616405,-3.2650357650087451e-05,-3.4682392847005649e-05
n10_compact_f0.1_d3.0,9,0,5.1961524227066329,0,-2.1684043449710089e-19,-0.0047938425890544168,-4.3368086899420177e-19,-0.0048087311511773902,7.1854593110938935e-19,-0.0048436078061841765,1.1522268001035911e-18,-3.4876655006786314e-05
n10_compact_f0.1_d4.0,0,-6.0000000000000009,-3.4641016151377548,0,0.0013389064941377394,0.00077301802481016227,0.0013403730439507813,0.00077386473773950228,0.001344720739465795,0.00077637488091544945,4.3476955150136692e-06,2.5101431759471738e-06
n10_compact_f0.1_d4.0,1,-2,-3.4641016151377548,0,0.00015808635189258741,0.001507141277028853,0.00015811794017728947,0.0015088355831016885,0.00016023253337324247,0.0015149977921785358,2.1145931959529976e-06,6.1622090768472925e-06
n10_compact_f0.1_d4.0,2,2.0000000000000009,-3.4641016151377548,0,-0.00015808635189258678,0.001507141277028853,-0.00015811794017728866,0.0015088355831016885,-0.00016023253337324117,0.001514997792178536,-2.1145931959525098e-06,6.1622090768475093e-06
n10_compact_f0.1_d4.0,3,6.0000000000000009,-3.4641016151377548,0,-0.00133890649413774,0.00077301802481016238,-0.0013403730439507824,0.00077386473773950228,-0.0013447207394657961,0.00077637488091544956,-4.3476955150136692e-06,2.5101431759472822e-06
n10_compact_f0.1_d4.0,4,-4,0,0,0.0013842658089454002,-0.00061666384178383962,0.0013857489151886128,-0.00061748363856324324,0.0013921428413905697,-0.00061873345167530306,6.3939262019568639e-06,-1.2498131120598213e-06
n10_compact_f0.1_d4.0,5,0,0,0,-3.7947076036992655e-19,-1.0842021724855044e-19,-4.87890977618477e-19,-9.4867690092481638e-20,-7.8040561347204766e-19,-5.2768216815845778e-19,-2.9251463585357066e-19,-4.3281447806597615e-19
n10_compact_f0.1_d4.0,6,4.0000000000000009,0,0,-0.0013842658089453996,-0.00061666384178383951,-0.0013857489151886124,-0.00061748363856324324,-0.0013921428413905708,-0.00061873345167530328,-6.3939262019583817e-06,-1.2498131120600381e-06
n10_compact_f0.1_d4.0,7,-2,3.4641016151377548,0,0.0012261794570528118,-0.00089047743524501405,0.0012276309750113223,-0.00089135194453844591,0.001231910308017326,-0.00089626434050323501,4.2793330060036765e-06,-4.9123959647890975e-06
n10_compact_f0.1_d4.0,8,2.0000000000000009,3.4641016151377548,0,-0.001226179457052812,-0.00089047743524501405,-0.0012276309750113227,-0.00089135194453844569,-0.0012319103080173277,-0.00089626434050323501,-4.2793330060049775e-06,-4.9123959647893144e-06
n10_compact_f0.1_d4.0,9,0,6.9282032302755105,0,1.6263032587282567e-19,-0.0015460360496203232,1.6263032587282567e-19,-0.001547729475479003,4.9400032763770524e-19,-0.0015527497618308978,3.3137000176487957e-19,-5.0202863518947812e-06
n10_compact_f0.1_d6.0,0,-9.0000000000000018,-5.196152422706632,0,0.00028003197752594406,0.00016167653760630699,0.00028011877709772649,0.0001617266513624412,0.00028042038750826829,0.0001619007862141578,3.0161041054179707e-07,1.7413485171660094e-07
n10_compact_f0.1_d6.0,1,-3,-5.196152422706632,0,3.5786237741596306e-05,0.0003127977514869841,3.5788658419269088e-05,0.00031289801110722434,3.5942175776468951e-05,0.0003133017419223032,1.5351735719986299e-07,4.0373081507886609e-07
n10_compact_f0.1_d6.0,2,3.0000000000000013,-5.196152422706632,0,-3.5786237741596279e-05,0.00031279775148698394,-3.5788658419269007e-05,0.00031289801110722428,-3.5942175776468978e-05,0.00031330174192230315,-1.5351735719997141e-07,4.0373081507886609e-07
n10_compact_f0.1_d6.0,3,9.0000000000000018,-5.196152422706632,0,-0.00028003197752594423,0.00016167653760630713,-0.00028011877709772654,0.00016172665136244123,-0.00028042038750826829,0.00016190078621415788,-3.0161041054174286e-07,1.7413485171665515e-07
n10_compact_f0.1_d6.0,4,-6,0,0,0.00028878391790517806,-0.00012540708475340006,0.00028887195562211622,-0.00012545511819516127,0.00028929835544286493,-0.00012552403367144385,4.2639982074870559e-07,-6.8915476282577085e-08
n10_compact_f0.1_d6.0,5,0,0,0,-1.0842021724855044e-19,-6.7762635780344027e-21,-4.0657581468206416e-20,1.3552527156068805e-20,-2.1774783617908436e-19,-5.613640086792104e-20,-1.7709025471087794e-19,-6.9688928023989845e-20
n10_compact_f0.1_d6.0,6,6.0000000000000018,0,0,-0.00028878391790517789,-0.00012540708475340019,-0.00028887195562211617,-0.00012545511819516132,-0.00028929835544286509,-0.00012552403367144393,-4.2639982074892243e-07,-6.891547628260419e-08
n10_compact_f0.1_d6.0,7,-3,5.196152422706632,0,0.00025299768016358163,-0.00018739066673358396,0.00025308329720284705,-0.00018744289291206312,0.00025335617966639579,-0.00018777770825085946,2.7288246354874096e-07,-3.3481533879634322e-07
n10_compact_f0.1_d6.0,8,3.0000000000000013,5.196152422706632,0,-0.00025299768016358163,-0.0001873906667335839,-0.000253083297202847,-0.00018744289291206326,-0.00025335617966639606,-0.0001877777082508596,-2.7288246354906622e-07,-3.3481533879634322e-07
n10_compact_f0.1_d6.0,9,0,10.392304845413266,0,-2.7105054312137611e-20,-0.00032335307521261399,-4.0657581468206416e-20,-0.00032345330272488213,-6.1750040954713155e-20,-0.00032380157242831549,-2.1092459486506739e-20,-3.4826970343336452e-07
n10_compact_f0.1_d10.0,0,-15.000000000000002,-8.6602540378443873,0,4.2966025393945988e-05,2.4806446327203013e-05,4.2969189329420354e-05,2.480827302620084e-05,4.2980521917026068e-05,2.4814815898705592e-05,1.1332587605714052e-08,6.5428725047515324e-09
n10_compact_f0.1_d10.0,1,-5,-8.6602540378443873,0,6.7364577423859497e-06,4.7518964675468015e-05,6.7365465133557219e-06,4.7522639173195102e-05,6.7430292970652956e-06,4.7537560133497936e-05,6.4827837095736608e-09,1.4920960302834891e-08
n10_compact_f0.1_d10.0,2,5.0000000000000018,-8.6602540378443873,0,-6.7364577423859074e-06,4.7518964675467994e-05,-6.7365465133556982e-06,4.7522639173195088e-05,-6.7430292970652786e-06,4.7537560133497936e-05,-6.482783709580437e-09,1.4920960302848443e-08
n10_compact_f0.1_d10.0,3,15.000000000000002,-8.6602540378443873,0,-4.2966025393946028e-05,2.480644632720304e-05,-4.2969189329420382e-05,2.4808273026200857e-05,-4.2980521917026102e-05,2.4814815898705629e-05,-1.1332587605720828e-08,6.5428725047718612e-09
n10_compact_f0.1_d10.0,4,-10,0,0,4.452085944168366e-05,-1.7925538801307382e-05,4.4524086035546332e-05,-1.7927299172255989e-05,4.4540249358072226e-05,-1.7929145397027687e-05,1.6163322525894475e-08,-1.8462247716983604e-09
n10_compact_f0.1_d10.0,5,0,0,0,-4.912791094074942e-20,-7.1997800516615529e-21,-3.0493186101154812e-20,-7.1997800516615529e-21,-2.7191069170399254e-20,5.6136400867921043e-21,3.3021169307555579e-21,1.2813420138453657e-20
n10_compact_f0.1_d10.0,6,10.000000000000002,0,0,-4.452085944168362e-05,-1.7925538801307409e-05,-4.4524086035546305e-05,-1.7927299172256002e-05,-4.454024935807226e-05,-1.7929145397027684e-05,-1.6163322525955461e-08,-1.8462247716814198e-09
n10_compact_f0.1_d10.0,7,-5,8.6602540378443873,0,3.7784401699297648e-05,-2.9593425874160643e-05,3.7787539522190564e-05,-2.9595340000939109e-05,3.779722006100689e-05,-2.9608414736470263e-05,9.680538816325896e-09,-1.3074735531153471e-08
n10_compact_f0.1_d10.0,8,5.0000000000000018,8.6602540378443873,0,-3.7784401699297628e-05,-2.9593425874160626e-05,-3.7787539522190551e-05,-2.959534000093913e-05,-3.7797220061006897e-05,-2.9608414736470286e-05,-9.6805388163462248e-09,-1.3074735531156859e-08
n10_compact_f0.1_d10.0,9,0,17.320508075688778,0,-3.3881317890172014e-21,-4.9612892654405985e-05,-1.1858461261560205e-20,-4.9616546052401633e-05,-6.3153450976411172e-21,-4.9629631797411204e-05,5.5431161639190876e-21,-1.3085745009570827e-08
n10_compact_f0.4_d2.1,0,-3.1500000000000008,-1.8186533479473213,0,0.27334743375273185,0.15781721445943309,0.29253204611911876,0.16889345557346516,0.31950470245354201,0.18446612596890369,0.026972656334423251,0.015572670395438526
n10_compact_f0.4_d2.1,1,-1.05,-1.8186533479473213,0,0.030877049346124012,0.30895966437266664,0.031038419886318145,0.33112664792048269,0.04110128392720485,0.37796113114666385,0.010062864040886705,0.046834483226181167
n10_compact_f0.4_d2.1,2,1.0500000000000005,-1.8186533479473213,0,-0.030877049346124057,0.30895966437266664,-0.031038419886318187,0.33112664792048269,-0.041101283927205079,0.37796113114666385,-0.010062864040886892,0.046834483226181167
n10_compact_f0.4_d2.1,3,3.1500000000000008,-1.8186533479473213,0,-0.27334743375273196,0.15781721445943331,-0.29253204611911882,0.16889345557346536,-0.31950470245354207,0.18446612596890391,-0.026972656334423251,0.015572670395438554
n10_compact_f0.4_d2.1,4,-2.1000000000000001,0,0,0.28300544276450529,-0.12773952305868405,0.30228329891228278,-0.13868326384536153,0.3478745831797152,-0.1533858095642153,0.045591284267432419,-0.014702545718853766
n10_compact_f0.4_d2.1,5,0,0,0,-6.9388939039072284e-17,3.4694469519536142e-18,-9.7144514654701197e-17,-1.3877787807814457e-17,-3.4948839088341607e-16,-1.2646408387525254e-16,-2.5234387622871487e-16,-1.1258629606743808e-16
n10_compact_f0.4_d2.1,6,2.1000000000000005,0,0,-0.28300544276450501,-0.12773952305868427,-0.30228329891228256,-0.1386832638453617,-0.34787458317971504,-0.15338580956421549,-0.045591284267432475,-0.014702545718853793
n10_compact_f0.4_d2.1,7,-1.05,1.8186533479473213,0,0.25212839341838089,-0.18122014131398265,0.27124487902596417,-0.19244338407512129,0.30677329925250968,-0.22457532158244875,0.03552842022654551,-0.032131937507327457
n10_compact_f0.4_d2.1,8,1.0500000000000005,1.8186533479473213,0,-0.252128393418381,-0.18122014131398265,-0.27124487902596423,-0.19244338407512129,-0.30677329925251012,-0.22457532158244881,-0.035528420226545898,-0.032131937507327513
n10_compact_f0.4_d2.1,9,0,3.6373066958946434,0,2.7755575615628914e-17,-0.31563442891886606,4.163336342344337e-17,-0.3377869111469301,-8.6225511733126711e-17,-0.36893225193780715,-1.2785887515657008e-16,-0.031145340790877052
n10_compact_f0.4_d2.5,0,-3.7500000000000004,-2.1650635094610968,0,0.13674278175742974,0.078948481857390285,0.14045650516972613,0.08109260106917543,0.14771607626252134,0.085283916393802034,0.0072595710927952084,0.0041913153246266044
n10_compact_f0.4_d2.5,1,-1.25,-2.1650635094610968,0,0.015551619422455119,0.15446579674940236,0.015596426586259775,0.15875729243669548,0.018617510445522172,0.17045579647770509,0.0030210838592623964,0.011698504041009611
n10_compact_f0.4_d2.5,2,1.2500000000000004,-2.1650635094610968,0,-0.015551619422454973,0.15446579674940225,-0.015596426586259681,0.15875729243669542,-0.018617510445522213,0.17045579647770492,-0.0030210838592625317,0.0116985040410095
n10_compact_f0.4_d2.5,3,3.7500000000000004,-2.1650635094610968,0,-0.1367427817574299,0.07894848185739041,-0.14045650516972624,0.081092601069175499,-0.1477160762625214,0.085283916393802006,-0.0072595710927951529,0.0041913153246265072
n10_compact_f0.4_d2.5,4,-2.5,0,0,0.14154711371201378,-0.063764800884867467,0.14528606157934335,-0.065871744586387712,0.15692780519476374,-0.069104661237807993,0.011641743615420391,-0.0032329166514202812
n10_compact_f0.4_d2.5,5,0,0,0,-1.8041124150158794e-16,-1.5612511283791264e-17,-1.2490009027033011e-16,-8.6736173798840355e-18,-3.357335692607537e-16,7.4728776835376497e-17,-2.1083347899042358e-16,8.3402394215260533e-17
n10_compact_f0.4_d2.5,6,2.5000000000000004,0,0,-0.14154711371201364,-0.063764800884867578,-0.14528606157934326,-0.065871744586387782,-0.15692780519476379,-0.069104661237808146,-0.01164174361542053,-0.0032329166514203644
n10_compact_f0.4_d2.5,7,-1.25,2.1650635094610968,0,0.12599549428955845,-0.090700995864534908,0.12968963499308336,-0.092885547850307823,0.13831029474924122,-0.10135113523989712,0.0086206597561578613,-0.0084655873895893019
n10_compact_f0.4_d2.5,8,1.2500000000000004,2.1650635094610968,0,-0.12599549428955839,-0.090700995864534825,-0.12968963499308334,-0.092885547850307823,-0.1383102947492415,-0.10135113523989706,-0.0086206597561581666,-0.0084655873895892325
n10_compact_f0.4_d2.5,9,0,4.3301270189221945,0,0,-0.15789696371478051,-2.0816681711721685e-17,-0.16218520213835069,-1.2358990015081497e-16,-0.17056783278760385,-1.0277321843909328e-16,-0.0083826306492531533
n10_compact_f0.4_d3.0,0,-4.5000000000000009,-2.598076211353316,0,0.066425431421838266,0.038350740712435334,0.06722770984896792,0.038813936378303687,0.06923242790015055,0.039971360884803242,0.0020047180511826301,0.0011574245064995548
n10_compact_f0.4_d3.0,1,-1.5,-2.598076211353316,0,0.007633084481047059,0.074964420142769314,0.0076454133635060805,0.075891513525267684,0.0085482103055401232,0.07893505496739156,0.00090279694203404277,0.003043541442123876
n10_compact_f0.4_d3.0,2,1.5000000000000007,-2.598076211353316,0,-0.0076330844810470469,0.074964420142769259,-0.0076454133635060649,0.07589151352526767,-0.0085482103055401024,0.078935054967391588,-0.00090279694203403756,0.0030435414421239176
n10_compact_f0.4_d3.0,3,4.5000000000000009,-2.598076211353316,0,-0.066425431421838294,0.038350740712435362,-0.067227709848967934,0.038813936378303694,-0.06923242790015055,0.03997136088480327,-0.0020047180511826163,0.0011574245064995756
n10_compact_f0.4_d3.0,4,-3,0,0,0.068737634464131642,-0.030871765001565115,0.069546685326285149,-0.031324634567404544,0.072633868003652152,-0.032064560202206153,0.0030871826773670036,-0.0007399256348016095
n10_compact_f0.4_d3.0,5,0,0,0,-3.4694469519536142e-17,-6.0715321659188248e-18,-3.4694469519536142e-18,6.0715321659188248e-18,-6.9146011769061745e-18,-3.5927296555469467e-17,-3.4451542249525604e-18,-4.1998828721388292e-17
n10_compact_f0.4_d3.0,6,3.0000000000000009,0,0,-0.068737634464131586,-0.030871765001565129,-0.069546685326285149,-0.031324634567404537,-0.072633868003652236,-0.032064560202206133,-0.0030871826773670868,-0.00073992563480159562
n10_compact_f0.4_d3.0,7,-1.5,2.598076211353316,0,0.061104549983084532,-0.044092655141204189,0.061901271962779059,-0.044566878957863154,0.064085657698112017,-0.046870494765185441,0.0021843857353329582,-0.0023036158073222873
n10_compact_f0.4_d3.0,8,1.5000000000000007,2.598076211353316,0,-0.061104549983084525,-0.044092655141204154,-0.061901271962779045,-0.044566878957863154,-0.064085657698112058,-0.046870494765185483,-0.0021843857353330137,-0.002303615807322329
n10_compact_f0.4_d3.0,9,0,5.1961524227066329,0,-3.4694469519536142e-18,-0.076701481424870668,-6.9388939039072284e-18,-0.077627872756607347,1.8682194208844124e-17,-0.07994272176960647,2.5621088112751353e-17,-0.0023148490129991234
n10_compact_f0.4_d4.0,0,-6.0000000000000009,-3.4641016151377548,0,0.02142250390620383,0.012368288396962596,0.021509871318802828,0.012418729996145034,0.021791985368712349,0.012581608618802463,0.00028211404990952094,0.00016287862265742907
n10_compact_f0.4_d4.0,1,-2,-3.4641016151377548,0,0.0025293816302813985,0.024114260432461648,0.0025311339724048191,0.024215203868258352,0.0026677232236736095,0.024616040268369693,0.00013658925126879039,0.00040083640011134153
n10_compact_f0.4_d4.0,2,2.0000000000000009,-3.4641016151377548,0,-0.0025293816302813885,0.024114260432461648,-0.0025311339724048043,0.024215203868258352,-0.0026677232236735952,0.024616040268369704,-0.00013658925126879082,0.00040083640011135194
n10_compact_f0.4_d4.0,3,6.0000000000000009,-3.4641016151377548,0,-0.02142250390620384,0.012368288396962598,-0.021509871318802845,0.012418729996145034,-0.021791985368712363,0.012581608618802476,-0.00028211404990951747,0.00016287862265744121
n10_compact_f0.4_d4.0,4,-4,0,0,0.022148252943126404,-0.0098666214685414338,0.022236548693933347,-0.0099155756136447819,0.022651977824825652,-0.0099977040522177853,0.00041542913089230582,-8.2128438573003323e-05
n10_compact_f0.4_d4.0,5,0,0,0,-6.0715321659188248e-18,-1.7347234759768071e-18,-1.1275702593849246e-17,-1.5178830414797062e-18,-1.1767593031937948e-17,1.4370918622187787e-18,-4.9189043808870209e-19,2.9549749036984849e-18
n10_compact_f0.4_d4.0,6,4.0000000000000009,0,0,-0.022148252943126393,-0.0098666214685414321,-0.022236548693933333,-0.0099155756136447837,-0.022651977824825666,-0.009997704052217787,-0.00041542913089233358,-8.2128438573003323e-05
n10_compact_f0.4_d4.0,7,-2,3.4641016151377548,0,0.019618871312844989,-0.014247638963920225,0.019705414721528508,-0.014299628254613584,0.01998425460115202,-0.014618336216151931,0.00027883987962351239,-0.00031870796153834688
n10_compact_f0.4_d4.0,8,2.0000000000000009,3.4641016151377548,0,-0.019618871312844992,-0.014247638963920225,-0.019705414721528515,-0.014299628254613584,-0.019984254601152052,-0.014618336216151939,-0.00027883987962353668,-0.00031870796153835555
n10_compact_f0.4_d4.0,9,0,6.9282032302755105,0,2.6020852139652106e-18,-0.024736576793925172,2.6020852139652106e-18,-0.024837459992290041,2.1556377933281682e-18,-0.025163217237604913,-4.4644742063704239e-19,-0.00032575724531487202
n10_compact_f0.4_d6.0,0,-9.0000000000000018,-5.196152422706632,0,0.004480511640415105,0.0025868246017009119,0.0044854229967027674,0.00258966017457568,0.0045048021879842909,0.0026008487558787452,1.9379191281523531e-05,1.1188581303065229e-05
n10_compact_f0.4_d6.0,1,-3,-5.196152422706632,0,0.0005725798038655409,0.0050047640237917456,0.00057270979357012294,0.0050104377411178819,0.00058255605543828289,0.0050364033968365992,9.8462618681599556e-06,2.5965655718717361e-05
n10_compact_f0.4_d6.0,2,3.0000000000000013,-5.196152422706632,0,-0.00057257980386554047,0.005004764023791743,-0.00057270979357012229,0.005010437741117881,-0.00058255605543828279,0.0050364033968365992,-9.8462618681604977e-06,2.5965655718718228e-05
n10_compact_f0.4_d6.0,3,9.0000000000000018,-5.196152422706632,0,-0.0044805116404151076,0.0025868246017009141,-0.0044854229967027665,0.0025896601745756804,-0.0045048021879842935,0.0026008487558787465,-1.9379191281527e-05,1.1188581303066096e-05
n10_compact_f0.4_d6.0,4,-6,0,0,0.0046205426864828489,-0.0020065133560544009,0.0046255212646734633,-0.0020092376403310717,0.004652931313085874,-0.0020136933552802891,2.7410048412410647e-05,-4.4557149492174472e-06
n10_compact_f0.4_d6.0,5,0,0,0,-1.7347234759768071e-18,-1.0842021724855044e-19,-6.5052130349130266e-19,6.5052130349130266e-19,-1.6868988460810273e-18,2.6945472416602103e-19,-1.0363775425897247e-18,-3.8106657932528163e-19
n10_compact_f0.4_d6.0,6,6.0000000000000018,0,0,-0.0046205426864828463,-0.0020065133560544031,-0.0046255212646734642,-0.0020092376403310725,-0.0046529313130858774,-0.0020136933552802909,-2.7410048412413249e-05,-4.4557149492183146e-06
n10_compact_f0.4_d6.0,7,-3,5.196152422706632,0,0.0040479628826173061,-0.0029982506677373433,0.0040528114711033403,-0.0030012001007868106,0.0040703752576475858,-0.0030227100415563101,1.7563786544245487e-05,-2.150994076949948e-05
n10_compact_f0.4_d6.0,8,3.0000000000000013,5.196152422706632,0,-0.0040479628826173061,-0.0029982506677373425,-0.0040528114711033394,-0.0030012001007868111,-0.0040703752576475901,-0.003022710041556314,-1.7563786544250691e-05,-2.1509940769502949e-05
n10_compact_f0.4_d6.0,9,0,10.392304845413266,0,-4.3368086899420177e-19,-0.0051736492034018238,-6.5052130349130266e-19,-0.0051793203491513583,-1.1676371380527578e-18,-0.0052016975117574861,-5.1711583456145511e-19,-2.2377162606127855e-05
n10_compact_f0.4_d10.0,0,-15.000000000000002,-8.6602540378443873,0,0.0006874564063031358,0.00039690314123524821,0.00068762672929406014,0.00039700147725990745,0.00068835254523540591,0.00039742052728902559,7.2581594134576988e-07,4.1905002911814737e-07
n10_compact_f0.4_d10.0,1,-5,-8.6602540378443873,0,0.0001077833238781752,0.00076030343480748823,0.0001077876715576899,0.00076050153557507823,0.00010820270473049924,0.00076145752400428983,4.1503317280933648e-07,9.5598842921160079e-07
n10_compact_f0.4_d10.0,2,5.0000000000000018,-8.6602540378443873,0,-0.00010778332387817452,0.00076030343480748791,-0.00010778767155768941,0.0007605015355750779,-0.00010820270473049974,0.0007614575240042895,-4.1503317281032582e-07,9.5598842921160079e-07
n10_compact_f0.4_d10.0,3,15.000000000000002,-8.6602540378443873,0,-0.00068745640630313645,0.00039690314123524864,-0.00068762672929406057,0.00039700147725990777,-0.00068835254523540613,0.00039742052728902592,-7.2581594134555304e-07,4.1905002911814737e-07
n10_compact_f0.4_d10.0,4,-10,0,0,0.00071233375106693857,-0.00028680862082091811,0.00071250748520393782,-0.00028690390600380597,0.00071354291205576344,-0.00028702247094734498,1.0354268518256203e-06,-1.1856494353901324e-07
n10_compact_f0.4_d10.0,5,0,0,0,-7.8604657505199071e-19,-1.1519648082658485e-19,-5.6920614055488983e-19,-6.0986372202309624e-20,-1.1086939171414405e-18,5.6136400867921042e-19,-5.3948777658655067e-19,6.2235038088152005e-19
n10_compact_f0.4_d10.0,6,10.000000000000002,0,0,-0.00071233375106693792,-0.00028680862082091854,-0.00071250748520393728,-0.00028690390600380629,-0.00071354291205576409,-0.00028702247094734482,-1.035426851826813e-06,-1.1856494353852534e-07
n10_compact_f0.4_d10.0,7,-5,8.6602540378443873,0,0.00060455042718876237,-0.00047349481398657029,0.00060471981364624704,-0.00047359762957127242,0.00060534020732526297,-0.00047443505305694463,6.2039367901593149e-07,-8.3742348567220808e-07
n10_compact_f0.4_d10.0,8,5.0000000000000018,8.6602540378443873,0,-0.00060455042718876204,-0.00047349481398657002,-0.00060471981364624682,-0.00047359762957127237,-0.00060534020732526384,-0.00047443505305694463,-6.2039367901701569e-07,-8.3742348567226229e-07
n10_compact_f0.4_d10.0,9,0,17.320508075688778,0,-5.4210108624275222e-20,-0.00079380628247049576,-1.6263032587282567e-19,-0.00079400295451981413,-2.9190928451318944e-19,-0.00079484105457805086,-1.2927895864036378e-19,-8.3810005823672842e-07
n10_compact_f0.8_d2.1,0,-3.1500000000000008,-1.8186533479473213,0,1.0933897350109274,0.63126885783773234,1.2719680726038358,0.73437110911843362,1.5530823855012375,0.89667253334280528,0.28111431289740163,0.16230142422437166
n10_compact_f0.8_d2.1,1,-1.05,-1.8186533479473213,0,0.12350819738449605,1.2358386574906666,0.1248057859283281,1.4421644151142436,0.22790031109716841,1.9431346441025981,0.10309452516884031,0.50097022898835442
n10_compact_f0.8_d2.1,2,1.0500000000000005,-1.8186533479473213,0,-0.12350819738449623,1.2358386574906666,-0.12480578592832829,1.4421644151142436,-0.22790031109716857,1.9431346441025981,-0.10309452516884028,0.50097022898835442
n10_compact_f0.8_d2.1,3,3.1500000000000008,-1.8186533479473213,0,-1.0933897350109278,0.63126885783773323,-1.2719680726038363,0.73437110911843484,-1.5530823855012381,0.89667253334280628,-0.28111431289740185,0.16230142422437144
n10_compact_f0.8_d2.1,4,-2.1000000000000001,0,0,1.1320217710580212,-0.51095809223473621,1.3113539128870262,-0.61299722640390586,1.7967541203150676,-0.77419986311077327,0.48540020742804146,-0.16120263670686741
n10_compact_f0.8_d2.1,5,0,0,0,-2.7755575615628914e-16,1.3877787807814457e-17,-9.4368957093138306e-16,1.8041124150158794e-16,-1.69552139725434e-15,1.896961258128788e-16,-7.5183182632295691e-16,9.2848843112908617e-18
n10_compact_f0.8_d2.1,6,2.1000000000000005,0,0,-1.13202177105802,-0.51095809223473709,-1.3113539128870244,-0.61299722640390764,-1.7967541203150676,-0.77419986311077427,-0.48540020742804324,-0.16120263670686663
n10_compact_f0.8_d2.1,7,-1.05,1.8186533479473213,0,1.0085135736735236,-0.72488056525593059,1.1865481269586953,-0.82916718871033812,1.5688538092178965,-1.1689347809918258,0.38230568225920125,-0.33976759228148767
n10_compact_f0.8_d2.1,8,1.0500000000000005,1.8186533479473213,0,-1.008513573673524,-0.72488056525593059,-1.1865481269586955,-0.82916718871033812,-1.5688538092178987,-1.1689347809918254,-0.38230568225920325,-0.33976759228148723
n10_compact_f0.8_d2.1,9,0,3.6373066958946434,0,1.1102230246251565e-16,-1.2625377156754642,1.6653345369377348e-16,-1.4687422182368663,-1.8394775836400367e-16,-1.7933450666856099,-3.5048121205777716e-16,-0.32460284844874354
n10_compact_f0.8_d2.5,0,-3.7500000000000004,-2.1650635094610968,0,0.54697112702971895,0.31579392742956114,0.57840836731854062,0.33394422657289141,0.64301799531793635,0.37124661269058395,0.064609627999395736,0.037302386117692543
n10_compact_f0.8_d2.5,1,-1.25,-2.1650635094610968,0,0.062206477689820475,0.61786318699760945,0.062563214766973088,0.65419074508891961,0.089074797726022295,0.75967557962459997,0.026511582959049207,0.10548483453568036
n10_compact_f0.8_d2.5,2,1.2500000000000004,-2.1650635094610968,0,-0.062206477689819892,0.617863186997609,-0.062563214766972713,0.65419074508891939,-0.089074797726021823,0.75967557962459964,-0.02651158295904911,0.10548483453568025
n10_compact_f0.8_d2.5,3,3.7500000000000004,-2.1650635094610968,0,-0.54697112702971962,0.31579392742956164,-0.57840836731854095,0.33394422657289169,-0.64301799531793735,0.37124661269058429,-0.064609627999396402,0.037302386117692599
n10_compact_f0.8_d2.5,4,-2.5,0,0,0.56618845484805513,-0.25505920353946987,0.59782741155116093,-0.27291403921383911,0.70243574945258247,-0.30269675214460406,0.10460833790142154,-0.029782712930764954
n10_compact_f0.8_d2.5,5,0,0,0,-7.2164496600635175e-16,-6.2450045135165055e-17,-4.9960036108132044e-16,1.3877787807814457e-17,-7.680806912352429e-16,-8.047714428425161e-17,-2.6848033015392246e-16,-9.4354932092066067e-17
n10_compact_f0.8_d2.5,6,2.5000000000000004,0,0,-0.56618845484805458,-0.25505920353947031,-0.59782741155116059,-0.27291403921383944,-0.70243574945258302,-0.30269675214460456,-0.10460833790142243,-0.029782712930765121
n10_compact_f0.8_d2.5,7,-1.25,2.1650635094610968,0,0.50398197715823378,-0.36280398345813963,0.53526419678418713,-0.38127670587508061,0.61336095172655913,-0.4569788274799963,0.078096754942372004,-0.075702121604915684
n10_compact_f0.8_d2.5,8,1.2500000000000004,2.1650635094610968,0,-0.50398197715823356,-0.3628039834581393,-0.53526419678418691,-0.38127670587508072,-0.61336095172655991,-0.45697882747999624,-0.078096754942373003,-0.075702121604915518
n10_compact_f0.8_d2.5,9,0,4.3301270189221945,0,0,-0.63158785485912206,-1.1102230246251565e-16,-0.66788845314578194,-4.3687592611450876e-16,-0.74249322538116713,-3.258536236519931e-16,-0.074604772235385197
n10_compact_f0.8_d3.0,0,-4.5000000000000009,-2.598076211353316,0,0.26570172568735306,0.15340296284974134,0.27228501257668236,0.15720382530744825,0.28916200832977174,0.16694776334860639,0.016876995753089374,0.00974393804115814
n10_compact_f0.8_d3.0,1,-1.5,-2.598076211353316,0,0.030532337924188236,0.29985768057107726,0.030629714012943132,0.30746518196594042,0.038148070414803024,0.33327979838303839,0.0075183564018598929,0.02581461641709798
n10_compact_f0.8_d3.0,2,1.5000000000000007,-2.598076211353316,0,-0.030532337924188187,0.29985768057107703,-0.030629714012943076,0.30746518196594042,-0.038148070414803045,0.33327979838303839,-0.0075183564018599693,0.02581461641709798
n10_compact_f0.8_d3.0,3,4.5000000000000009,-2.598076211353316,0,-0.26570172568735317,0.15340296284974145,-0.27228501257668242,0.15720382530744828,-0.28916200832977168,0.16694776334860645,-0.016876995753089263,0.0097439380411581678
n10_compact_f0.8_d3.0,4,-3,0,0,0.27495053785652657,-0.12348706000626046,0.281587515368181,-0.12720648053710917,0.30770280717526849,-0.13360270110694231,0.026115291807087493,-0.0063962205698331331
n10_compact_f0.8_d3.0,5,0,0,0,-1.3877787807814457e-16,-2.4286128663675299e-17,-4.163336342344337e-17,2.0816681711721685e-17,-2.4605426546422812e-16,-1.6382847229294077e-16,-2.0442090204078475e-16,-1.8464515400466246e-16
n10_compact_f0.8_d3.0,6,3.0000000000000009,0,0,-0.27495053785652634,-0.12348706000626052,-0.28158751536818094,-0.12720648053710928,-0.30770280717526877,-0.13360270110694239,-0.026115291807087826,-0.0063962205698331054
n10_compact_f0.8_d3.0,7,-1.5,2.598076211353316,0,0.24441819993233813,-0.17637062056481675,0.25095780135523776,-0.18025870142883119,0.26955473676046526,-0.19967709727609625,0.018596935405227499,-0.019418395847265069
n10_compact_f0.8_d3.0,8,1.5000000000000007,2.598076211353316,0,-0.2444181999323381,-0.17637062056481662,-0.25095780135523776,-0.1802587014288313,-0.26955473676046571,-0.19967709727609637,-0.018596935405227943,-0.019418395847265069
n10_compact_f0.8_d3.0,9,0,5.1961524227066329,0,-1.3877787807814457e-17,-0.30680592569948267,-2.7755575615628914e-17,-0.31440765061489628,-3.4490204693250692e-17,-0.33389552669721273,-6.7346290776217784e-18,-0.019487876082316447
n10_compact_f0.8_d4.0,0,-6.0000000000000009,-3.4641016151377548,0,0.085690015624815319,0.049473153587850385,0.086390222519082377,0.049877418226743908,0.088689745159298561,0.051205048242080352,0.0022995226402161839,0.0013276300153364437
n10_compact_f0.8_d4.0,1,-2,-3.4641016151377548,0,0.010117526521125594,0.096457041729846593,0.010131236569508411,0.09726606641300474,0.011237603320960214,0.10054483864816662,0.0011063667514518028,0.0032787722351618753
n10_compact_f0.8_d4.0,2,2.0000000000000009,-3.4641016151377548,0,-0.010117526521125554,0.096457041729846593,-0.010131236569508366,0.09726606641300474,-0.011237603320960181,0.10054483864816664,-0.001106366751451815,0.0032787722351619031
n10_compact_f0.8_d4.0,3,6.0000000000000009,-3.4641016151377548,0,-0.08569001562481536,0.049473153587850392,-0.086390222519082419,0.049877418226743908,-0.08868974515929863,0.051205048242080352,-0.0022995226402162117,0.0013276300153364437
n10_compact_f0.8_d4.0,4,-4,0,0,0.088593011772505614,-0.039466485874165735,0.089300502724600633,-0.039859124965558178,0.092693186149199761,-0.040540369370479432,0.0033926834245991272,-0.00068124440492125377
n10_compact_f0.8_d4.0,5,0,0,0,-2.4286128663675299e-17,-6.9388939039072284e-18,-3.8163916471489756e-17,-1.214306433183765e-17,-7.5807999142062276e-17,-2.2993469795500459e-17,-3.764408267057252e-17,-1.085040546366281e-17
n10_compact_f0.8_d4.0,6,4.0000000000000009,0,0,-0.088593011772505573,-0.039466485874165728,-0.089300502724600578,-0.039859124965558178,-0.092693186149199858,-0.040540369370479418,-0.0033926834245992799,-0.00068124440492123989
n10_compact_f0.8_d4.0,7,-2,3.4641016151377548,0,0.078475485251379956,-0.056990555855680899,0.079169266155092136,-0.057406941447446617,0.081455582828239503,-0.060004469277687267,0.0022863166731473678,-0.0025975278302406493
n10_compact_f0.8_d4.0,8,2.0000000000000009,3.4641016151377548,0,-0.07847548525137997,-0.056990555855680899,-0.079169266155092163,-0.057406941447446604,-0.081455582828239614,-0.060004469277687274,-0.002286316673147451,-0.0025975278302406701
n10_compact_f0.8_d4.0,9,0,6.9282032302755105,0,1.0408340855860843e-17,-0.098946307175700687,1.3877787807814457e-17,-0.099754836453487705,2.7304745382156797e-17,-0.10241009648416059,1.3426957574342341e-17,-0.0026552600306728874
n10_compact_f0.8_d6.0,0,-9.0000000000000018,-5.196152422706632,0,0.01792204656166042,0.010347298406803648,0.017960694207917981,0.010369611635774004,0.018116540755332262,0.010459589681875908,0.00015584654741428172,8.9978046101904519e-05
n10_compact_f0.8_d6.0,1,-3,-5.196152422706632,0,0.0022903192154621636,0.020019056095166982,0.0022913274925335232,0.020063704016207398,0.0023703136387655368,0.020272808787518089,7.8986146232013551e-05,0.00020910477131069055
n10_compact_f0.8_d6.0,2,3.0000000000000013,-5.196152422706632,0,-0.0022903192154621619,0.020019056095166972,-0.0022913274925335197,0.020063704016207398,-0.0023703136387655311,0.020272808787518082,-7.8986146232011382e-05,0.00020910477131068361
n10_compact_f0.8_d6.0,3,9.0000000000000018,-5.196152422706632,0,-0.01792204656166043,0.010347298406803656,-0.017960694207917988,0.010369611635774004,-0.018116540755332262,0.010459589681875905,-0.00015584654741427478,8.9978046101901049e-05
n10_compact_f0.8_d6.0,4,-6,0,0,0.018482170745931396,-0.0080260534242176038,0.018521341118314234,-0.0080475041911799682,0.018741924235437819,-0.0080836525676513567,0.00022058311712358503,-3.6148376471388521e-05
n10_compact_f0.8_d6.0,5,0,0,0,-6.9388939039072284e-18,-4.3368086899420177e-19,-8.6736173798840355e-19,-1.5178830414797062e-18,-1.213668986764453e-17,-1.3652372691078399e-17,-1.1269328129656127e-17,-1.2134489649598692e-17
n10_compact_f0.8_d6.0,6,6.0000000000000018,0,0,-0.018482170745931385,-0.0080260534242176124,-0.01852134111831423,-0.0080475041911799664,-0.018741924235437843,-0.0080836525676513619,-0.00022058311712361278,-3.614837647139546e-05
n10_compact_f0.8_d6.0,7,-3,5.196152422706632,0,0.016191851530469224,-0.011993002670949373,0.016230013625780706,-0.012016199825027434,0.016371610596672269,-0.012189156219866739,0.00014159697089156237,-0.0001729563948393055
n10_compact_f0.8_d6.0,8,3.0000000000000013,5.196152422706632,0,-0.016191851530469224,-0.01199300267094937,-0.016230013625780706,-0.012016199825027439,-0.016371610596672283,-0.012189156219866742,-0.00014159697089157625,-0.00017295639483930376
n10_compact_f0.8_d6.0,9,0,10.392304845413266,0,-1.7347234759768071e-18,-0.020694596813607295,-2.6020852139652106e-18,-0.020739223271547993,2.1556377933281682e-18,-0.020919179363751792,4.7577230072933789e-18,-0.00017995609220379863
n10_compact_f0.8_d10.0,0,-15.000000000000002,-8.6602540378443873,0,0.0027498256252125432,0.0015876125649409928,0.0027511478221200021,0.0015883759356814357,0.0027569599010941058,0.0015917315410416851,5.8120789741037369e-06,3.3556053602493661e-06
n10_compact_f0.8_d10.0,1,-5,-8.6602540378443873,0,0.00043113329551270078,0.0030412137392299529,0.00043116633197391616,0.0030427520164152707,0.00043448787525797179,0.0030504112369740925,3.3215432840556325e-06,7.6592205588217784e-06
n10_compact_f0.8_d10.0,2,5.0000000000000018,-8.6602540378443873,0,-0.00043113329551269807,0.0030412137392299516,-0.00043116633197391464,0.0030427520164152694,-0.00043448787525797119,0.0030504112369740921,-3.321543284056554e-06,7.6592205588226457e-06
n10_compact_f0.8_d10.0,3,15.000000000000002,-8.6602540378443873,0,-0.0027498256252125458,0.0015876125649409946,-0.0027511478221200038,0.001588375935681437,-0.0027569599010941071,0.0015917315410416866,-5.8120789741033033e-06,3.355605360249583e-06
n10_compact_f0.8_d10.0,4,-10,0,0,0.0028493350042677543,-0.0011472344832836724,0.002850683709618908,-0.0011479750114616683,0.002858977560838063,-0.0011489280808773172,8.2938512191549872e-06,-9.5306941564894491e-07
n10_compact_f0.8_d10.0,5,0,0,0,-3.1441863002079629e-18,-4.6078592330633938e-19,-1.951563910473908e-18,2.439454888092385e-19,-2.5036834787092785e-18,6.7363681041505243e-19,-5.5211956823537057e-19,4.2969132160581394e-19
n10_compact_f0.8_d10.0,6,10.000000000000002,0,0,-0.0028493350042677517,-0.0011472344832836742,-0.0028506837096189067,-0.0011479750114616698,-0.0028589775608380652,-0.0011489280808773172,-8.2938512191584567e-06,-9.5306941564742703e-07
n10_compact_f0.8_d10.0,7,-5,8.6602540378443873,0,0.0024182017087550495,-0.0018939792559462812,0.0024195173776449894,-0.0018947770049536033,0.0024244896855800881,-0.0019014831560967759,4.97230793509865e-06,-6.7061511431726166e-06
n10_compact_f0.8_d10.0,8,5.0000000000000018,8.6602540378443873,0,-0.0024182017087550482,-0.0018939792559462801,-0.0024195173776449886,-0.0018947770049536035,-0.0024244896855800903,-0.0019014831560967764,-4.9723079351016858e-06,-6.7061511431728334e-06
n10_compact_f0.8_d10.0,9,0,17.320508075688778,0,-2.1684043449710089e-19,-0.003175225129881983,-7.589415207398531e-19,-0.0031767518713628684,-6.2872768972071571e-19,-0.0031834630820833701,1.302138310191374e-19,-6.7112107205017681e-06
n10_compact_f1.0_d2.1,0,-3.1500000000000008,-1.8186533479473213,0,1.7084214609545743,0.98635759037145687,2.0907363706072277,1.2070872063746239,2.7380569702097226,1.5808179288071142,0.64732059960249488,0.37373072243249039
n10_compact_f1.0_d2.1,1,-1.05,-1.8186533479473213,0,0.19298155841327502,1.9309979023291663,0.19553397713085469,2.3726993989441509,0.43156797909299505,3.5438142739435348,0.23603400196214036,1.1711148749993838
n10_compact_f1.0_d2.1,2,1.0500000000000005,-1.8186533479473213,0,-0.19298155841327524,1.9309979023291663,-0.19553397713085491,2.3726993989441509,-0.4315679790929966,3.5438142739435352,-0.23603400196214169,1.1711148749993843
n10_compact_f1.0_d2.1,3,3.1500000000000008,-1.8186533479473213,0,-1.7084214609545749,0.98635759037145787,-2.0907363706072282,1.2070872063746256,-2.7380569702097235,1.5808179288071158,-0.64732059960249533,0.37373072243249017
n10_compact_f1.0_d2.1,4,-2.1000000000000001,0,0,1.7687840172781581,-0.79837201911677536,2.152584943595131,-1.0170123079737481,3.2848171770755035,-1.39815830361732,1.1322322334803725,-0.38114599564357188
n10_compact_f1.0_d2.1,5,0,0,0,-6.6613381477509392e-16,2.7755575615628914e-17,-1.3322676295501878e-15,-2.0816681711721685e-16,-3.4420595556174464e-15,-3.7364388417688245e-16,-2.1097919260672586e-15,-1.654770670596656e-16
n10_compact_f1.0_d2.1,6,2.1000000000000005,0,0,-1.7687840172781566,-0.79837201911677658,-2.1525849435951283,-1.0170123079737499,-3.2848171770755021,-1.3981583036173211,-1.1322322334803738,-0.38114599564357121
n10_compact_f1.0_d2.1,7,-1.05,1.8186533479473213,0,1.5758024588648807,-1.1326258832123914,1.9570509664642719,-1.3556870909704042,2.8532491979825014,-2.1456559703262168,0.89619823151822953,-0.78996887935581261
n10_compact_f1.0_d2.1,8,1.0500000000000005,1.8186533479473213,0,-1.5758024588648811,-1.1326258832123912,-1.9570509664642723,-1.3556870909704037,-2.8532491979825054,-2.1456559703262164,-0.89619823151823308,-0.78996887935581261
n10_compact_f1.0_d2.1,9,0,3.6373066958946434,0,2.2204460492503131e-16,-1.9727151807429126,2.2204460492503131e-16,-2.4141744127492455,-9.7722246630876943e-16,-3.1616358576142249,-1.1992670712338007e-15,-0.74746144486497945
n10_compact_f1.0_d2.5,0,-3.7500000000000004,-2.1650635094610968,0,0.85464238598393594,0.49342801160868938,0.91806731975675249,0.53004641419575904,1.0518300251003732,0.60727434813343106,0.13376270534362067,0.077227933937672022
n10_compact_f1.0_d2.5,1,-1.25,-2.1650635094610968,0,0.097197621390344449,0.96541122968376447,0.097896487236272145,1.0387016028728044,0.15241251038192752,1.258616879897873,0.054516023145655373,0.21991527702506852
n10_compact_f1.0_d2.5,2,1.2500000000000004,-2.1650635094610968,0,-0.097197621390343672,0.96541122968376392,-0.09789648723627134,1.0387016028728038,-0.15241251038192699,1.2586168798978725,-0.054516023145655651,0.21991527702506874
n10_compact_f1.0_d2.5,3,3.7500000000000004,-2.1650635094610968,0,-0.85464238598393683,0.49342801160868993,-0.91806731975675326,0.53004641419575971,-1.0518300251003743,0.60727434813343129,-0.133762705343621,0.077227933937671578
n10_compact_f1.0_d2.5,4,-2.5,0,0,0.88466946070008612,-0.39853000553042184,0.94849021865760008,-0.43456995654853092,1.1662004468144294,-0.49731533410362716,0.21771022815682928,-0.062745377555096238
n10_compact_f1.0_d2.5,5,0,0,0,-9.9920072216264089e-16,2.7755575615628914e-17,-9.9920072216264089e-16,7.6327832942979512e-17,-1.0022171987952113e-15,6.0357858213188703e-16,-3.0164766325703639e-18,5.2725074918890752e-16
n10_compact_f1.0_d2.5,6,2.5000000000000004,0,0,-0.88466946070008534,-0.39853000553042228,-0.9484902186575993,-0.43456995654853142,-1.1662004468144302,-0.49731533410362783,-0.21771022815683094,-0.062745377555096404
n10_compact_f1.0_d2.5,7,-1.25,2.1650635094610968,0,0.78747183930974041,-0.56688122415334286,0.85059373142132655,-0.60413164632427352,1.0137879364325006,-0.76130154579424625,0.1631942050111741,-0.15716989946997273
n10_compact_f1.0_d2.5,8,1.2500000000000004,2.1650635094610968,0,-0.78747183930974018,-0.56688122415334274,-0.85059373142132622,-0.60413164632427363,-1.0137879364325013,-0.76130154579424636,-0.1631942050111751,-0.15716989946997273
n10_compact_f1.0_d2.5,9,0,4.3301270189221945,0,0,-0.98685602321737842,-1.6653345369377348e-16,-1.0600928283915172,-2.2993469795500458e-16,-1.2145486962668617,-6.3401244261231099e-17,-0.15445586787534449
n10_compact_f1.0_d3.0,0,-4.5000000000000009,-2.598076211353316,0,0.41515894638648904,0.23969212945272081,0.42822939782605701,0.24723835810978534,0.46208376418218872,0.26678418563874212,0.033854366356131704,0.019545827528956783
n10_compact_f1.0_d3.0,1,-1.5,-2.598076211353316,0,0.047706778006544132,0.46852762589230817,0.047896973695932994,0.48363152074607602,0.062895276522718549,0.53562086754647475,0.014998302826785555,0.051989346800398739
n10_compact_f1.0_d3.0,2,1.5000000000000007,-2.598076211353316,0,-0.04770677800654409,0.46852762589230779,-0.047896973695932953,0.48363152074607596,-0.062895276522718813,0.53562086754647453,-0.01499830282678586,0.051989346800398573
n10_compact_f1.0_d3.0,3,4.5000000000000009,-2.598076211353316,0,-0.4151589463864892,0.239692129452721,-0.42822939782605696,0.24723835810978537,-0.46208376418218872,0.26678418563874196,-0.03385436635613176,0.019545827528956589
n10_compact_f1.0_d3.0,4,-3,0,0,0.42961021540082261,-0.19294853125978195,0.44278566988496898,-0.20033576438796491,0.49530891635366597,-0.21334152652651589,0.052523246468696994,-0.01300576213855098
n10_compact_f1.0_d3.0,5,0,0,0,-1.9428902930940239e-16,0,-2.7755575615628914e-17,5.2041704279304213e-17,-5.4427047461492848e-16,1.5089464553297176e-16,-5.1651489899929956e-16,9.8852941253667544e-17
n10_compact_f1.0_d3.0,6,3.0000000000000009,0,0,-0.42961021540082228,-0.19294853125978212,-0.44278566988496898,-0.20033576438796502,-0.49530891635366664,-0.21334152652651595,-0.05252324646869766,-0.013005762138550925
n10_compact_f1.0_d3.0,7,-1.5,2.598076211353316,0,0.38190343739427834,-0.27557909463252617,0.39488869618903594,-0.28329575635811116,0.43241363983094694,-0.32227934101995892,0.037524943641911002,-0.038983584661847759
n10_compact_f1.0_d3.0,8,1.5000000000000007,2.598076211353316,0,-0.38190343739427834,-0.27557909463252589,-0.39488869618903588,-0.28329575635811122,-0.4324136398309476,-0.32227934101995892,-0.037524943641911723,-0.038983584661847703
n10_compact_f1.0_d3.0,9,0,5.1961524227066329,0,-5.5511151231257827e-17,-0.47938425890544167,-5.5511151231257827e-17,-0.49447671621957046,-2.8741837244375573e-17,-0.53356837127748402,2.6769313986882255e-17,-0.039091655057913566
n10_compact_f1.0_d4.0,0,-6.0000000000000009,-3.4641016151377548,0,0.13389064941377393,0.07730180248101623,0.13526605636665345,0.078095894055506515,0.13980014714180997,0.080713652585073348,0.0045340907751565129,0.0026177585295668326
n10_compact_f1.0_d4.0,1,-2,-3.4641016151377548,0,0.015808635189258739,0.15071412770288531,0.01583532891411657,0.1523032897764475,0.018009719222118699,0.1587804311506634,0.002174390308002129,0.0064771413742159001
n10_compact_f1.0_d4.0,2,2.0000000000000009,-3.4641016151377548,0,-0.015808635189258673,0.15071412770288531,-0.015835328914116476,0.1523032897764475,-0.018009719222118727,0.15878043115066334,-0.0021743903080022504,0.0064771413742158446
n10_compact_f1.0_d4.0,3,6.0000000000000009,-3.4641016151377548,0,-0.13389064941377399,0.07730180248101623,-0.13526605636665356,0.078095894055506529,-0.13980014714181002,0.080713652585073306,-0.0045340907751564574,0.0026177585295667771
n10_compact_f1.0_d4.0,4,-4,0,0,0.13842658089453999,-0.061666384178383965,0.13981618248340455,-0.062437847771316536,0.14651274661137983,-0.063793341213951929,0.0066965641279752852,-0.0013554934426353929
n10_compact_f1.0_d4.0,5,0,0,0,-4.163336342344337e-17,-2.0816681711721685e-17,-6.9388939039072284e-17,1.5612511283791264e-17,-2.0781344748798943e-16,1.7963648277734734e-17,-1.3842450844891715e-16,2.3511369939434697e-18
n10_compact_f1.0_d4.0,6,4.0000000000000009,0,0,-0.13842658089453994,-0.061666384178383958,-0.13981618248340447,-0.062437847771316543,-0.14651274661137989,-0.063793341213951915,-0.006696564127975424,-0.0013554934426353721
n10_compact_f1.0_d4.0,7,-2,3.4641016151377548,0,0.12261794570528117,-0.089047743524501385,0.12398085356928787,-0.089865442005131024,0.12850302738926084,-0.094987089936711566,0.0045221738199729689,-0.0051216479315805419
n10_compact_f1.0_d4.0,8,2.0000000000000009,3.4641016151377548,0,-0.1226179457052812,-0.089047743524501385,-0.1239808535692879,-0.089865442005131052,-0.12850302738926112,-0.094987089936711538,-0.0045221738199732187,-0.0051216479315804864
n10_compact_f1.0_d4.0,9,0,6.9282032302755105,0,1.3877787807814457e-17,-0.15460360496203235,1.3877787807814457e-17,-0.15619178811101289,3.2334566899922517e-17,-0.16142730517014647,1.845677909210806e-17,-0.005235517059133582
n10_compact_f1.0_d6.0,0,-9.0000000000000018,-5.196152422706632,0,0.028003197752594411,0.016167653760630698,0.028078587642966155,0.01621118013413101,0.028383769830672825,0.016387377152355338,0.00030518218770667072,0.00017619701822432776
n10_compact_f1.0_d6.0,1,-3,-5.196152422706632,0,0.00357862377415963,0.031279775148698404,0.0035805818856918309,0.031366870310048686,0.0037350536925936889,0.031776648635888596,0.00015447180690185804,0.00040977832583991014
n10_compact_f1.0_d6.0,2,3.0000000000000013,-5.196152422706632,0,-0.0035786237741596257,0.031279775148698383,-0.0035805818856918274,0.031366870310048679,-0.0037350536925936958,0.031776648635888596,-0.00015447180690186845,0.00040977832583991708
n10_compact_f1.0_d6.0,3,9.0000000000000018,-5.196152422706632,0,-0.028003197752594418,0.016167653760630708,-0.028078587642966158,0.016211180134131014,-0.028383769830672832,0.016387377152355335,-0.00030518218770667419,0.00017619701822432082
n10_compact_f1.0_d6.0,4,-6,0,0,0.028878391790517804,-0.012540708475340006,0.028954797468559942,-0.012582560281684828,0.029386911812108479,-0.012653672935659279,0.00043211434354853764,-7.1112653974450893e-05
n10_compact_f1.0_d6.0,5,0,0,0,-1.3877787807814457e-17,-8.6736173798840355e-19,-1.7347234759768071e-18,0,-2.5478908943927663e-17,6.9609137076222091e-18,-2.3744185467950856e-17,6.9609137076222091e-18
n10_compact_f1.0_d6.0,6,6.0000000000000018,0,0,-0.028878391790517783,-0.012540708475340017,-0.028954797468559938,-0.012582560281684824,-0.029386911812108504,-0.012653672935659287,-0.0004321143435485654,-7.1112653974463036e-05
n10_compact_f1.0_d6.0,7,-3,5.196152422706632,0,0.025299768016358158,-0.018739066673358392,0.0253742155828681,-0.018784310028363865,0.025651858119514755,-0.019122975700229326,0.00027764253664665575,-0.00033866567186546098
n10_compact_f1.0_d6.0,8,3.0000000000000013,5.196152422706632,0,-0.025299768016358158,-0.018739066673358389,-0.0253742155828681,-0.018784310028363876,-0.025651858119514797,-0.01912297570022934,-0.00027764253664669739,-0.00033866567186546445
n10_compact_f1.0_d6.0,9,0,10.392304845413266,0,-3.4694469519536142e-18,-0.032335307521261403,-5.2041704279304213e-18,-0.032422360268262,-8.0836417249806292e-18,-0.032774754304710642,-2.8794712970502079e-18,-0.00035239403644864165
n10_compact_f1.0_d10.0,0,-15.000000000000002,-8.6602540378443873,0,0.0042966025393946002,0.0024806446327203008,0.0042991710183320998,0.0024821275447262747,0.0043105280588013814,0.0024886845350984119,1.1357040469281605e-05,6.5569903721371739e-06
n10_compact_f1.0_d10.0,1,-5,-8.6602540378443873,0,0.00067364577423859485,0.004751896467546801,0.0006737096418875521,0.0047548848646763947,0.00068019812944579612,0.0047698554608289947,6.4884875582440181e-06,1.4970596152599942e-05
n10_compact_f1.0_d10.0,2,5.0000000000000018,-8.6602540378443873,0,-0.0006736457742385917,0.0047518964675467993,-0.0006737096418875495,0.0047548848646763939,-0.0006801981294457959,0.0047698554608289921,-6.4884875582464033e-06,1.4970596152598208e-05
n10_compact_f1.0_d10.0,3,15.000000000000002,-8.6602540378443873,0,-0.0042966025393946028,0.0024806446327203034,-0.0042991710183321024,0.0024821275447262764,-0.0043105280588013849,0.0024886845350984141,-1.1357040469282473e-05,6.5569903721376076e-06
n10_compact_f1.0_d10.0,4,-10,0,0,0.0044520859441683647,-0.0017925538801307375,0.0044547059058236676,-0.0017939927676890585,0.0044709150661807352,-0.0017958588707077791,1.620916035706757e-05,-1.8661030187206145e-06
n10_compact_f1.0_d10.0,5,0,0,0,-3.903127820947816e-18,-3.2526065174565133e-19,-3.2526065174565133e-18,-4.3368086899420177e-19,-5.7083702632567211e-18,-5.0522760781128932e-19,-2.4557637458002078e-18,-7.1546738817087551e-20
n10_compact_f1.0_d10.0,6,10.000000000000002,0,0,-0.0044520859441683613,-0.0017925538801307414,-0.004454705905823665,-0.0017939927676890611,-0.0044709150661807386,-0.0017958588707077811,-1.6209160357073642e-05,-1.866103018719964e-06
n10_compact_f1.0_d10.0,7,-5,8.6602540378443873,0,0.0037784401699297639,-0.0029593425874160635,0.0037809962639361108,-0.0029608920969873376,0.0037907169367349331,-0.0029739965901212154,9.720672798822251e-06,-1.310449313387781e-05
n10_compact_f1.0_d10.0,8,5.0000000000000018,8.6602540378443873,0,-0.0037784401699297631,-0.0029593425874160631,-0.0037809962639361091,-0.0029608920969873384,-0.0037907169367349378,-0.0029739965901212158,-9.7206727988287563e-06,-1.3104493133877376e-05
n10_compact_f1.0_d10.0,9,0,17.320508075688778,0,-2.1684043449710089e-19,-0.004961289265440599,-1.0842021724855044e-18,-0.0049642550894525442,-2.4700016381885257e-18,-0.0049773690701968203,-1.3857994657030213e-18,-1.3113980744276083e-05
n10_irregular_f0.1_d2.1,0,-3.2501684526593695,-2.4139809340849681,0,0.0090247981029255523,0.0057814302377943941,0.0090976680210455105,0.0058186621490638026,0.009209481481039462,0.0058925643393511499,0.00011181345999395145,7.3902190287347333e-05
n10_irregular_f0.1_d2.1,1,-0.88562791170347854,-2.3065018185869728,0,0.0017690929413568212,0.011805662265316031,0.0018104880724973385,0.011979244813875224,0.0018477618741022139,0.012167334079212911,3.7273801604875353e-05,0.00018808926533768651
n10_irregular_f0.1_d2.1,2,1.586391744750407,-2.6289391650809582,0,-0.00084378687774729272,0.0074579556164819033,-0.0008236863106509259,0.0074989433539312915,-0.00089349830909234639,0.0076099039775072898,-6.9811998441420497e-05,0.00011096062357599835
n10_irregular_f0.1_d2.1,3,3.8434531702083019,-2.0270561182921858,0,-0.0090941084424262415,0.0014791500576120423,-0.009168477541278074,0.001473827945337666,-0.0092554884854030867,0.0014976061035520351,-8.7010944125012757e-05,2.377815821436903e-05
n10_irregular_f0.1_d2.1,4,-2.4978146441734039,-0.0064487469298791572,0,0.0091289764717309568,-0.0023974274928290078,0.0091911032026384554,-0.0024053123968790818,0.0093502255818035569,-0.0024563433271628274,0.00015912237916510148,-5.1030930283745522e-05
n10_irregular_f0.1_d2.1,5,-0.06878663391871645,-0.37187773962306248,0,-0.0037260315632492982,-0.005538411518307724,-0.0038059638726432041,-0.0056886881710832369,-0.0038728724066881097,-0.0057607790515850996,-6.6908534044905592e-05,-7.2090880501862742e-05
n10_irregular_f0.1_d2.1,6,2.3817371994355696,0.38047606886290292,0,-0.0070816102362556603,-0.002555915376862521,-0.0071209249318186837,-0.0025624437470850815,-0.0072307301074626571,-0.0026041631484487117,-0.00010980517564397347,-4.1719401363630223e-05
n10_irregular_f0.1_d2.1,7,-1.487510958492251,2.2076210323288179,0,0.0069495164181224934,-0.0038626831526613241,0.0070006169488516677,-0.0038845736478047743,0.0070928792897579779,-0.0039627300388425345,9.2262340906310199e-05,-7.815639103776013e-05
n10_irregular_f0.1_d2.1,8,0.87702958246363949,2.5300583788228028,0,-0.0072905302154047131,-0.0033844320815041712,-0.0073546167363334834,-0.0033904749885028508,-0.0074438650581089994,-0.0034632121833772091,-8.924832177551606e-05,-7.2737194874358205e-05
n10_irregular_f0.1_d2.1,9,-0.49870309591069645,4.6366490425835059,0,0.0011636834009473792,-0.0087853285550396239,0.001173793147691393,-0.0088391853108529608,0.0011834572461345565,-0.0089384561295349392,9.6640984431635001e-06,-9.9270818681978373e-05
n10_irregular_f0.1_d2.5,0,-3.8692481579278204,-2.8737868262916284,0,0.0045219561639304445,0.0028982964906400979,0.0045388514905666732,0.0029072211521794099,0.004573035443935833,0.0029292032001416511,3.4183953369159789e-05,2.1982047962241201e-05
n10_irregular_f0.1_d2.5,1,-1.054318942504141,-2.7458354983178248,0,0.00088746356453671741,0.0059073984513072992,0.00089550231315831314,0.0059436612420382638,0.00090800436173349853,0.0059981567261338919,1.2502048575185388e-05,5.4495484095628058e-05
n10_irregular_f0.1_d2.5,2,1.8885616008933415,-3.1296894822392356,0,-0.00043012452582710212,0.0037395705643951328,-0.00042617106147704241,0.0037494971357227638,-0.00044753541346273523,0.0037810205293541872,-2.1364351985692824e-05,3.1523393631423344e-05
n10_irregular_f0.1_d2.5,3,4.5755394883432166,-2.4131620455859353,0,-0.0045579045661015422,0.00074680186838427416,-0.004575042992729767,0.00074594285424766044,-0.0046018282752900465,0.00075278824471451504,-2.6785282560279518e-05,6.8453904668546025e-06
n10_irregular_f0.1_d2.5,4,-2.9735888621111952,-0.0076770796784275674,0,0.0045744918964048063,-0.001199046874666574,0.0045892419510522205,-0.0012012895539993721,0.0046354551995582693,-0.0012141953246841354,4.6213248506048882e-05,-1.2905770684763307e-05
n10_irregular_f0.1_d2.5,5,-0.081888849903233862,-0.44271159478936006,0,-0.0018593154224288352,-0.0027610704701438926,-0.0018758019794859854,-0.0027913656008618491,-0.0018946777210359488,-0.0028120227155175488,-1.8875741549963373e-05,-2.0657114655699745e-05
n10_irregular_f0.1_d2.5,6,2.8354014278994875,0.45294770102726534,0,-0.0035517250470278642,-0.0012813644425557062,-0.0035612859268391939,-0.0012831695351679451,-0.0035944937733026691,-0.0012945717978595506,-3.3207846463475209e-05,-1.1402262691605431e-05
n10_irregular_f0.1_d2.5,7,-1.7708463791574416,2.6281202765819263,0,0.0034800748239588418,-0.0019407488143788651,0.0034920952309308068,-0.0019459069593851261,0.0035178748443999352,-0.0019698985021917876,2.5779613469128441e-05,-2.3991542806661497e-05
n10_irregular_f0.1_d2.5,8,1.0440828362662375,3.0119742605033366,0,-0.0036476103497905133,-0.0017042100772179953,-0.0036624419317428684,-0.0017059330596749765,-0.0036876098552636564,-0.001727998018449412,-2.5167923520788039e-05,-2.206495877443552e-05
n10_irregular_f0.1_d2.5,9,-0.59369416179844814,5.5198202887898873,0,0.00058269346234504952,-0.0044056266957637662,0.00058505290656684391,-0.0044186576750988287,0.00058806082570701725,-0.0044484799202337286,3.0079191401733351e-06,-2.9822245134899887e-05
n10_irregular_f0.1_d3.0,0,-4.6430977895133845,-3.4485441915499537,0,0.0022020842833618175,0.0014124913362252719,0.0022061614501742949,0.0014146957965615555,0.0022162082184634516,0.0014210119083167974,1.0046768289156786e-05,6.3161117552419134e-06
n10_irregular_f0.1_d3.0,1,-1.2651827310049693,-3.2950025979813895,0,0.00043298655509047625,0.0028707995964582038,0.00043470249767235219,0.0028789730966562125,0.00043863171652557692,0.0028943256903660869,3.929218853224723e-06,1.5352593709874393e-05
n10_irregular_f0.1_d3.0,2,2.2662739210720098,-3.7556273786870831,0,-0.00021496877484744606,0.0018230521985421497,-0.00021413903554421979,0.0018255288494695451,-0.0002203838528056395,0.0018342574662456046,-6.244817261419702e-06,8.7286167760594266e-06
n10_irregular_f0.1_d3.0,3,5.4906473860118599,-2.8957944547031227,0,-0.0022205249314709869,0.00036794094611951317,-0.002224645885899215,0.00036780345360038099,-0.0022325583356219434,0.00036972131999858226,-7.9124497227283513e-06,1.9178663982012721e-06
n10_irregular_f0.1_d3.0,4,-3.568306634533434,-0.0092124956141130809,0,0.0022278661143704647,-0.00058219576805481742,0.0022314862275272414,-0.0005828106043991952,0.0022445013464386073,-0.0005859754965581225,1.3015118911365899e-05,-3.1648921589273e-06
n10_irregular_f0.1_d3.0,5,-0.098266619883880635,-0.53125391374723208,0,-0.00089971507152843014,-0.0013341109848205709,-0.00090338108899271747,-0.0013407366249628869,-0.00090855920248138981,-0.0013465104642251717,-5.1781134886723411e-06,-5.7738392622848182e-06
n10_irregular_f0.1_d3.0,6,3.4024817134793852,0.5435372412327184,0,-0.0017321267952067707,-0.00062445361337649171,-0.0017345139214016464,-0.00062494676765322162,-0.0017441907968388823,-0.00062797317419132043,-9.6768754372358531e-06,-3.0264065380988065e-06
n10_irregular_f0.1_d3.0,7,-2.1250156549889301,3.1537443318983112,0,0.0016931264190444208,-0.00094909530980851039,0.0016960585566183266,-0.00095035869173653426,0.001703095832160214,-0.00095740524114235797,7.0372755418873691e-06,-7.0465494058237054e-06
n10_irregular_f0.1_d3.0,8,1.2528994035194849,3.6143691126040043,0,-0.0017722043088697239,-0.0008362217444574261,-0.001775776066538419,-0.00083670290786163552,-0.0017827100714333283,-0.00084312777457228873,-6.9340048949092375e-06,-6.4248667106532164e-06
n10_irregular_f0.1_d3.0,9,-0.71243299415813777,6.6237843465478647,0,0.00028347651005617845,-0.0021482066568273223,0.00028404726638400215,-0.0021514455996742197,0.0002849381011666838,-0.0021600960514559209,8.9083478268164656e-07,-8.6504517817012627e-06
n10_irregular_f0.1_d4.0,0,-6.1907970526845126,-4.5980589220666053,0,0.00071487066831773876,0.00045947208038370555,0.00071537092689546858,0.00045974924078083924,0.00071685708643091299,0.0004606634467537953,1.486159535444404e-06,9.1420597295605597e-07
n10_irregular_f0.1_d4.0,1,-1.6869103080066257,-4.3933367973085193,0,0.00014131523610835372,0.00092682618052231569,0.00014150088611444077,0.0009277640158287904,0.00014211876145760164,0.00092993478975250796,6.1787534316086815e-07,2.1707739237175529e-06
n10_irregular_f0.1_d4.0,2,3.0216985614293463,-5.0075031715827771,0,-7.455637136940018e-05,0.00059347393198972136,-7.4471298254088933e-05,0.00059378956242708868,-7.5385224841691812e-05,0.00059500608989600809,-9.1392658760287892e-07,1.2165274689194096e-06
n10_irregular_f0.1_d4.0,3,7.3208631813491465,-3.8610592729374966,0,-0.00072167522139192342,0.00012313484207701183,-0.00072217930256716066,0.00012312787842235615,-0.00072336151791381454,0.00012340161106652212,-1.182215346653883e-06,2.7373264416597257e-07
n10_irregular_f0.1_d4.0,4,-4.757742179377912,-0.012283327485484108,0,0.00072337455373806467,-0.0001874522354783897,0.0007238268287468176,-0.00018753742272477903,0.0007256654500034295,-0.0001879093834273967,1.8386212566119014e-06,-3.719607026176784e-07
n10_irregular_f0.1_d4.0,5,-0.13102215984517418,-0.7083385516629761,0,-0.00028714767625147075,-0.00042411393420989103,-0.00028756020532827182,-0.00042484619441953916,-0.00028826271023593225,-0.0004256486292912138,-7.0250490766043472e-07,-8.0243487167463729e-07
n10_irregular_f0.1_d4.0,6,4.5366422846391803,0.72471632164362454,0,-0.00056446190069029962,-0.0002030447245467325,-0.00056476576557452527,-0.00020311379664681565,-0.0005661871572149997,-0.00020351107369012542,-1.4213916404744306e-06,-3.9727704330977799e-07
n10_irregular_f0.1_d4.0,7,-2.8333542066519066,4.2049924425310818,0,0.00054822270274915814,-0.00031158843346836018,0.00054858673556319618,-0.00031174669679580764,0.00054954990302019712,-0.00031278853834103097,9.6316745700094058e-07,-1.0418415452233373e-06
n10_irregular_f0.1_d4.0,8,1.6705325380259799,4.8191588168053388,0,-0.00057172204562428233,-0.00027694121859541299,-0.00057215887622918222,-0.00027701037628206541,-0.00057311659838497767,-0.00027795530651615613,-9.5772215579544712e-07,-9.4493023409072171e-07
n10_irregular_f0.1_d4.0,9,-0.94991065887751702,8.8317124620638197,0,9.1780054414061045e-05,-0.00069976648867396793,9.1850070633305787e-05,-0.00070017621059006757,9.1982665843514861e-05,-0.0007014459264706685,1.3259521020907356e-07,-1.269715880600924e-06
n10_irregular_f0.1_d6.0,0,-9.286195579026769,-6.8970883830999075,0,0.00015234026608194247,9.8460963341667792e-05,0.00015237197816593895,9.8478947279619601e-05,0.00015247805566734075,9.854368029471178e-05,1.0607750140179616e-07,6.4733015092178787e-08
n10_irregular_f0.1_d6.0,1,-2.5303654620099385,-6.590005195962779,0,3.0659962031306626e-05,0.00019444278389163622,3.0670426530949628e-05,0.00019449878677151489,3.0716767160405469e-05,0.00019464827649301236,4.6340629455840715e-08,1.4948972149747292e-07
n10_irregular_f0.1_d6.0,2,4.5325478421440195,-7.5112547573741661,0,-1.8896281263161704e-05,0.00012752557629204864,-1.8891954937744862e-05,0.00012754640233072375,-1.8957670867982729e-05,0.00012763040150713328,-6.5715930237867222e-08,8.3999176409531046e-08
n10_irregular_f0.1_d6.0,3,10.98129477202372,-5.7915889094062454,0,-0.00015424844827394913,2.8453513637678448e-05,-0.00015428032617312507,2.8453731398406656e-05,-0.00015436626849482454,2.847387676330435e-05,-8.5942321699467939e-08,2.0145364897693825e-08
n10_irregular_f0.1_d6.0,4,-7.136613269066868,-0.018424991228226162,0,0.00015435104879861364,-3.8958720572338324e-05,0.00015438024651642337,-3.8964739618535364e-05,0.00015450742830665245,-3.8985783072709446e-05,1.2718179022907714e-07,-2.1043454174081964e-08
n10_irregular_f0.1_d6.0,5,-0.19653323976776127,-1.0625078274944642,0,-5.8148637283306861e-05,-8.4832234481398454e-05,-5.8172665580270245e-05,-8.4874114398294319e-05,-5.8218100120187854e-05,-8.4926409113556054e-05,-4.5434539917609061e-08,-5.229471526173562e-08
n10_irregular_f0.1_d6.0,6,6.8049634269587704,1.0870744824654368,0,-0.00012175879573911939,-4.3491097489129529e-05,-0.00012177878688890328,-4.3496097725029605e-05,-0.00012188087108325252,-4.3521774857669366e-05,-1.0208419434923962e-07,-2.5677132639761525e-08
n10_irregular_f0.1_d6.0,7,-4.2500313099778602,6.3074886637966223,0,0.0001159839617562839,-6.8649800497183107e-05,0.00011600732693764931,-6.8660094829148043e-05,0.00011607214534424269,-6.8736008853282867e-05,6.4818406593381158e-08,-7.591402413482354e-08
n10_irregular_f0.1_d6.0,8,2.5057988070389698,7.2287382252080086,0,-0.00011965373166824819,-6.2517262054935096e-05,-0.00011968132218390652,-6.2522384015560069e-05,-0.00011974556646737775,-6.2591848532294109e-05,-6.4244283471236586e-08,-6.9464516734039981e-08
n10_irregular_f0.1_d6.0,9,-1.4248659883162755,13.247568693095729,0,1.9370655559638654e-05,-0.00015043372206804666,1.9375077612988722e-05,-0.00015046043719369747,1.9384520947419709e-05,-0.00015055167108410378,9.4433344309874444e-09,-9.1233890406306438e-08
n10_irregular_f0.1_d10.0,0,-15.476992631711282,-11.495147305166514,0,2.4111812787465648e-05,1.5716809765531477e-05,2.4113026960971691e-05,1.5717509536882755e-05,2.411679218684835e-05,1.571977692823565e-05,3.765225876659013e-09,2.2673913528958878e-09
n10_irregular_f0.1_d10.0,1,-4.2172757700165642,-10.983341993271299,0,5.0893355701139342e-06,3.0105190681844453e-05,5.0896870806127787e-06,3.0107248305092072e-05,5.0916006575264969e-06,3.0112679173316066e-05,1.9135769137182071e-09,5.4308682239941986e-09
n10_irregular_f0.1_d10.0,2,7.5542464035733659,-12.518757928956942,0,-4.0625160655187423e-06,2.0827400616911829e-05,-4.0623612307731086e-06,2.0828220230549781e-05,-4.0651421320875461e-06,2.0831201484832939e-05,-2.7809013144375444e-09,2.9812542831578073e-09
n10_irregular_f0.1_d10.0,3,18.302157953372866,-9.6526481823437411,0,-2.4381229186762985e-05,4.98824952345026e-06,-2.4382444807024067e-05,4.9882658174382948e-06,-2.4385344325946578e-05,4.9889516705452718e-06,-2.8995189225109461e-09,6.8585310697695892e-10
n10_irregular_f0.1_d10.0,4,-11.894355448444781,-0.03070831871371027,0,2.4986698981262025e-05,-6.021011788620995e-06,2.4987831016813383e-05,-6.0212756539646561e-06,2.4992554385462434e-05,-6.0218839911729226e-06,4.7233686490502126e-09,-6.0833720826645543e-10
n10_irregular_f0.1_d10.0,5,-0.32755539961293545,-1.7708463791574403,0,-8.2145946363563659e-06,-1.1529514200807509e-05,-8.2154688547092514e-06,-1.1531012729430156e-05,-8.2170167130725164e-06,-1.1532666467873012e-05,-1.547858363264978e-09,-1.653738442855955e-09
n10_irregular_f0.1_d10.0,6,11.34160571159795,1.8117908041090613,0,-2.0245817334236787e-05,-7.2890281812871879e-06,-2.024659284713008e-05,-7.2892433557537944e-06,-2.0250523717599555e-05,-7.2901249437758757e-06,-3.9308704694752527e-09,-8.8158802208128395e-10
n10_irregular_f0.1_d10.0,7,-7.0833855166297663,10.512481106327705,0,1.8404585016823445e-05,-1.1767592492491932e-05,1.8405497439948656e-05,-1.1767974549379261e-05,1.8407671316709292e-05,-1.1771021304161578e-05,2.173876760636702e-09,-3.0467547823168723e-09
n10_irregular_f0.1_d10.0,8,4.1763313450649502,12.047897042013346,0,-1.8608449837092775e-05,-1.1249149965097296e-05,-1.8609520235711908e-05,-1.1249341445761635e-05,-1.8611656551109298e-05,-1.125215753207465e-05,-2.1363153973898131e-09,-2.8160863130145781e-09
n10_irregular_f0.1_d10.0,9,-2.3747766471937926,22.079281155159549,0,2.9201747043026145e-06,-2.3781353959433102e-05,2.9203454770019028e-06,-2.3782396155673394e-05,2.9206302322428452e-06,-2.3785430103045806e-05,2.8475524094242967e-10,-3.0339473724126653e-09
n10_irregular_f0.4_d2.1,0,-3.2501684526593695,-2.4139809340849681,0,0.14439676964680884,0.092502883804710306,0.14915562408965355,0.094901766550080882,0.15687421360904097,0.10000853193543416,0.0077185895193874199,0.0051067653853532763
n10_irregular_f0.4_d2.1,1,-0.88562791170347854,-2.3065018185869728,0,0.028305487061709139,0.1888905962450565,0.03125907242111764,0.20085717745755033,0.033870370033870417,0.21413528562556933,0.0026112976127527776,0.013278108168018998
n10_irregular_f0.4_d2.1,2,1.586391744750407,-2.6289391650809582,0,-0.013500590043956684,0.11932728986371045,-0.012108219402267275,0.12196122584050501,-0.016918985206558282,0.12963670002716984,-0.0048107658042910069,0.0076754741866648379
n10_irregular_f0.4_d2.1,3,3.8434531702083019,-2.0270561182921858,0,-0.14550573507881986,0.023666400921792678,-0.15037690302942028,0.023279029258227248,-0.15633991839551209,0.024893230079884841,-0.0059630153660918117,0.0016142008216575923
n10_irregular_f0.4_d2.1,4,-2.4978146441734039,-0.0064487469298791572,0,0.14606362354769531,-0.038358839885264125,0.15008235163777245,-0.038829949311077694,0.16112699320520127,-0.042457657051170959,0.01104464156742882,-0.0036277077400932653
n10_irregular_f0.4_d2.1,5,-0.06878663391871645,-0.37187773962306248,0,-0.059616505011988771,-0.088614584292923584,-0.065140231195458628,-0.09911744411054435,-0.069975540440147102,-0.1044578342403871,-0.0048353092446884738,-0.0053403901298427481
n10_irregular_f0.4_d2.1,6,2.3817371994355696,0.38047606886290292,0,-0.11330576378009057,-0.040894646029800336,-0.11582433106671644,-0.041291999736931657,-0.12333633698093355,-0.044175083185946172,-0.0075120059142171069,-0.0028830834490145146
n10_irregular_f0.4_d2.1,7,-1.487510958492251,2.2076210323288179,0,0.11119226268995989,-0.061802930442581186,0.11451150540091343,-0.063223867988466464,0.12089363976306683,-0.068583110120764762,0.0063821343621534021,-0.0053592421322982975
n10_irregular_f0.4_d2.1,8,0.87702958246363949,2.5300583788228028,0,-0.11664848344647541,-0.054150913304066739,-0.12083561115758579,-0.054513556526441534,-0.12703501961122091,-0.059457608804509135,-0.0061994084536351191,-0.0049440522780676011
n10_irregular_f0.4_d2.1,9,-0.49870309591069645,4.6366490425835059,0,0.018618934415158068,-0.14056525688063398,0.019276742301991369,-0.14402238143290175,0.019937828359145669,-0.15081531932999032,0.00066108605715430035,-0.006792937897088569
n10_irregular_f0.4_d2.5,0,-3.8692481579278204,-2.8737868262916284,0,0.072351298622887111,0.046372743850241566,0.073411859303241928,0.046928030942590487,0.075682878855155733,0.048391415868552216,0.0022710195519138054,0.001463384925961729
n10_irregular_f0.4_d2.5,1,-1.054318942504141,-2.7458354983178248,0,0.014199417032587478,0.094518375220916787,0.014726754670290018,0.096853200079409979,0.015553211980433525,0.10050661477558906,0.00082645731014350729,0.0036534146961790803
n10_irregular_f0.4_d2.5,2,1.8885616008933415,-3.1296894822392356,0,-0.0068819924132336339,0.059833129030322126,-0.0066216417073380893,0.060448248165658733,-0.0080370734611971955,0.062550430588265288,-0.0014154317538591062,0.002102182422606555
n10_irregular_f0.4_d2.5,3,4.5755394883432166,-2.4131620455859353,0,-0.072926473057624674,0.011948829894148387,-0.074003739789385334,0.011888029193746369,-0.075779068620292961,0.012341307324253465,-0.0017753288309076271,0.00045327813050709612
n10_irregular_f0.4_d2.5,4,-2.9735888621111952,-0.0076770796784275674,0,0.0731918703424769,-0.019184749994665184,0.074111847453911278,-0.019318423181131146,0.077193116403319634,-0.020194639921956647,0.0030812689494083556,-0.00087621674082550075
n10_irregular_f0.4_d2.5,5,-0.081888849903233862,-0.44271159478936006,0,-0.029749046758861364,-0.044177127522302281,-0.030815402050866504,-0.046148004819201539,-0.0320958258955686,-0.047560292673431738,-0.0012804238447020957,-0.0014122878542301986
n10_irregular_f0.4_d2.5,6,2.8354014278994875,0.45294770102726534,0,-0.056827600752445827,-0.020501831080891299,-0.057419919349927316,-0.020609422265553304,-0.059619448616029899,-0.021371477049909843,-0.0021995292661025831,-0.00076205478435653964
n10_irregular_f0.4_d2.5,7,-1.7708463791574416,2.6281202765819263,0,0.055681197183341469,-0.031051981030061841,0.056432699906941115,-0.031373808270153368,0.05815277367323033,-0.032964613058203758,0.0017200737662892152,-0.0015908047880503901
n10_irregular_f0.4_d2.5,8,1.0440828362662375,3.0119742605033366,0,-0.058361765596648213,-0.027267361235487925,-0.059293548731359703,-0.027368957755070422,-0.060975708413638564,-0.028826955494672731,-0.0016821596822788609,-0.001457997739602309
n10_irregular_f0.4_d2.5,9,-0.59369416179844814,5.5198202887898873,0,0.0093230953975207923,-0.070490027132220259,0.0094710902944926071,-0.071298892090295801,0.0096700952852078609,-0.073274369166895503,0.00019900499071525378,-0.0019754770765997021
n10_irregular_f0.4_d3.0,0,-4.6430977895133845,-3.4485441915499537,0,0.03523334853378908,0.02259986137960435,0.03548175872689506,0.022733166044120671,0.03613726463795796,0.023145963444102659,0.0006555059110628994,0.00041279739998198797
n10_irregular_f0.4_d3.0,1,-1.2651827310049693,-3.2950025979813895,0,0.00692778488144762,0.045932793543331261,0.0070361164678141375,0.046440641486890838,0.0072908847231129186,0.047446903766377863,0.00025476825529878108,0.0010062622794870246
n10_irregular_f0.4_d3.0,2,2.2662739210720098,-3.7556273786870831,0,-0.0034395003975591369,0.029168835176674394,-0.0033864255330003832,0.029317942019697726,-0.0037930515220445282,0.029889391608971382,-0.00040662598904414506,0.00057144958927365583
n10_irregular_f0.4_d3.0,3,5.4906473860118599,-2.8957944547031227,0,-0.035528398903535791,0.0058870551379122107,-0.035779707765384902,0.0058771767878759706,-0.036295609423617786,0.0060023896719273188,-0.00051590165823288403,0.00012521288405134817
n10_irregular_f0.4_d3.0,4,-3.568306634533434,-0.0092124956141130809,0,0.035645857829927435,-0.0093151322888770788,0.035865199999966159,-0.0093511153437989512,0.036716446916611717,-0.0095611429457919221,0.00085124691664555802,-0.00021002760199297088
n10_irregular_f0.4_d3.0,5,-0.098266619883880635,-0.53125391374723208,0,-0.014395441144454882,-0.021345775757129135,-0.01462445090157034,-0.021761695614056369,-0.014966015928927403,-0.022143496212515285,-0.00034156502735706307,-0.00038180059845891595
n10_irregular_f0.4_d3.0,6,3.4024817134793852,0.5435372412327184,0,-0.027714028723308332,-0.0099912578140238673,-0.027857815529461372,-0.010019992658638878,-0.028488473943476721,-0.010218726822347321,-0.000630658414015349,-0.00019873416370844339
n10_irregular_f0.4_d3.0,7,-2.1250156549889301,3.1537443318983112,0,0.027090022704710733,-0.015185524956936166,0.027268020192095215,-0.015262004353434343,0.027729030210889006,-0.01572146078941775,0.00046101001879379072,-0.00045945643598340608
n10_irregular_f0.4_d3.0,8,1.2528994035194849,3.6143691126040043,0,-0.028355268941915583,-0.013379547911318818,-0.02857309842547286,-0.013407325477322794,-0.029027631438249955,-0.013825674194569116,-0.00045453301277709537,-0.00041834871724632204
n10_irregular_f0.4_d3.0,9,-0.71243299415813777,6.6237843465478647,0,0.0045356241608988553,-0.034371306509237157,0.0045704027681192699,-0.034566792891333867,0.0046284192211157558,-0.035130680481458211,5.8016452996485952e-05,-0.00056388759012434425
n10_irregular_f0.4_d4.0,0,-6.1907970526845126,-4.5980589220666053,0,0.01143793069308382,0.0073515532861392887,0.0114671962153747,0.0073676631498472379,0.011563020434407909,0.0074266707661307402,9.5824219033209534e-05,5.9007616283502339e-05
n10_irregular_f0.4_d4.0,1,-1.6869103080066257,-4.3933367973085193,0,0.0022610437777336595,0.014829218888357051,0.0022722376479790479,0.014884962344026899,0.0023119249574273314,0.015025190216688095,3.9687309448283459e-05,0.00014022787266119649
n10_irregular_f0.4_d4.0,2,3.0216985614293463,-5.0075031715827771,0,-0.0011929019419104029,0.0094955829118355418,-0.0011876597631660217,0.0095138484390388384,-0.0012465262589167708,0.0095924542273821134,-5.8866495750749129e-05,7.8605788343275029e-05
n10_irregular_f0.4_d4.0,3,7.3208631813491465,-3.8610592729374966,0,-0.011546803542270775,0.0019701574732321893,-0.011576311254063167,0.0019695853827312801,-0.011652534556455619,0.0019872601872980428,-7.622330239245162e-05,1.7674804566762681e-05
n10_irregular_f0.4_d4.0,4,-4.757742179377912,-0.012283327485484108,0,0.011573992859809035,-0.0029992357676542352,0.011600323638931887,-0.0030040650548773403,0.011719027324609731,-0.0030283120505465839,0.00011870368567784388,-2.4246995669243571e-05
n10_irregular_f0.4_d4.0,5,-0.13102215984517418,-0.7083385516629761,0,-0.004594362820023532,-0.0067858229473582565,-0.0046190311849702275,-0.0068298052171431416,-0.0046645447794297331,-0.0068817981064140535,-4.5513594459505556e-05,-5.1992889270911953e-05
n10_irregular_f0.4_d4.0,6,4.5366422846391803,0.72471632164362454,0,-0.0090313904110447939,-0.0032487155927477199,-0.0090489901760010087,-0.0032526074958994021,-0.0091406084098681652,-0.0032783422481940847,-9.1618233867156451e-05,-2.5734752294682625e-05
n10_irregular_f0.4_d4.0,7,-2.8333542066519066,4.2049924425310818,0,0.0087715632439865302,-0.0049854149354937628,0.0087927902553941693,-0.0049946124795264271,0.0088550570856666885,-0.0050617766033928206,6.2266830272519197e-05,-6.716412386639347e-05
n10_irregular_f0.4_d4.0,8,1.6705325380259799,4.8191588168053388,0,-0.0091475527299885173,-0.0044310594975266078,-0.0091731351373439476,-0.0044349269779262205,-0.0092350543159798876,-0.0044958260446331839,-6.1919178635939931e-05,-6.0899066706963413e-05
n10_irregular_f0.4_d4.0,9,-0.94991065887751702,8.8317124620638197,0,0.0014684808706249767,-0.011196263818783487,0.0014725797578645618,-0.011220042090271724,0.0014811243553364516,-0.011301904151993853,8.5445974718897574e-06,-8.1862061722129398e-05
n10_irregular_f0.4_d6.0,0,-9.286195579026769,-6.8970883830999075,0,0.0024374442573110795,0.0015753754134666847,0.0024392123150615503,0.0015763730128458631,0.0024460155381929383,0.001580526429491805,6.8032231313880365e-06,4.1534166459419354e-06
n10_irregular_f0.4_d6.0,1,-2.5303654620099385,-6.590005195962779,0,0.00049055939250090602,0.0031110845422661795,0.00049115776152383812,0.0031142470231034607,0.00049412534109110121,0.0031238407802205463,2.9675795672630921e-06,9.5937571170856203e-06
n10_irregular_f0.4_d6.0,2,4.5325478421440195,-7.5112547573741661,0,-0.00030234050021058726,0.0020404092206727782,-0.00030208618225565455,0.0020415604704011681,-0.00030629933393819128,0.0020469527431100139,-4.2131516825367381e-06,5.3922727088458536e-06
n10_irregular_f0.4_d6.0,3,10.98129477202372,-5.7915889094062454,0,-0.0024679751723831861,0.00045525621820285516,-0.0024697531809724149,0.00045526000042175185,-0.0024752652119434111,0.00045655307474190874,-5.5120309709962186e-06,1.2930743201568836e-06
n10_irregular_f0.4_d6.0,4,-7.136613269066868,-0.018424991228226162,0,0.0024696167807778183,-0.00062333952915741319,0.0024712385833777452,-0.00062366781848650216,0.0024793998322201706,-0.00062502469078222901,8.161248842425417e-06,-1.356872295726853e-06
n10_irregular_f0.4_d6.0,5,-0.19653323976776127,-1.0625078274944642,0,-0.00093037819653290978,-0.0013573157517023753,-0.00093174300231859851,-0.0013597040880602464,-0.00093466220520921958,-0.0013630632569609218,-2.9192028906210692e-06,-3.3591689006754345e-06
n10_irregular_f0.4_d6.0,6,6.8049634269587704,1.0870744824654368,0,-0.0019481407318259103,-0.00069585755982607246,-0.0019492466872076412,-0.00069612899281595625,-0.0019557935655869314,-0.00069777952336914049,-6.5468783792901625e-06,-1.650530553184244e-06
n10_irregular_f0.4_d6.0,7,-4.2500313099778602,6.3074886637966223,0,0.0018557433881005423,-0.0010983968079549297,0.0018570428718149264,-0.0010989674407899191,0.0018612050528057976,-0.0011038361479022486,4.1621809908712077e-06,-4.8687071123295136e-06
n10_irregular_f0.4_d6.0,8,2.5057988070389698,7.2287382252080086,0,-0.0019144597066919711,-0.0010002761928789615,-0.0019159997022659932,-0.0010005525149188487,-0.001920124823731498,-0.0010050075526491923,-4.1251214655047604e-06,-4.4550377303435862e-06
n10_irregular_f0.4_d6.0,9,-1.4248659883162755,13.247568693095729,0,0.00030993048895421846,-0.0024069395530887465,0.00031017722324224318,-0.0024084196517007708,0.00031078275835845194,-0.0024142711046828682,6.0553511620876172e-07,-5.8514529820974381e-06
n10_irregular_f0.4_d10.0,0,-15.476992631711282,-11.495147305166514,0,0.00038578900459945037,0.00025146895624850364,0.00038585356758751661,0.00025150600542368383,0.00038609459711792506,0.00025165117218604828,2.4102953040844614e-07,1.4516676236444887e-07
n10_irregular_f0.4_d10.0,1,-4.2172757700165642,-10.983341993271299,0,8.1429369121822947e-05,0.00048168305090951126,8.1448274855032963e-05,0.00048179364097290686,8.1570724336483798e-05,0.00048214138163548136,1.224494814508351e-07,3.477406625745005e-07
n10_irregular_f0.4_d10.0,2,7.5542464035733659,-12.518757928956942,0,-6.5000257048299876e-05,0.00033323840987058926,-6.4991373385115119e-05,0.0003332816686511106,-6.5169394924509896e-05,0.00033347257905150311,-1.7802153939477678e-07,1.9091040039250721e-07
n10_irregular_f0.4_d10.0,3,18.302157953372866,-9.6526481823437411,0,-0.00039009966698820775,7.981199237520416e-05,-0.00039016427569604268,7.9812439219897758e-05,-0.00039034987613412202,7.9856355968868086e-05,-1.8560043807934207e-07,4.3916748970328646e-08
n10_irregular_f0.4_d10.0,4,-11.894355448444781,-0.03070831871371027,0,0.0003997871837001924,-9.633618861793592e-05,0.00039984720520242222,-9.6350213904970367e-05,0.00040014964298339101,-9.6389247457402051e-05,3.0243778096879573e-07,-3.9033552431684115e-08
n10_irregular_f0.4_d10.0,5,-0.32755539961293545,-1.7708463791574403,0,-0.00013143351418170185,-0.00018447222721292014,-0.00013148088217830535,-0.00018455366985645525,-0.00013158003777591088,-0.00018465959403495195,-9.9155597605533278e-08,-1.059241784966971e-07
n10_irregular_f0.4_d10.0,6,11.34160571159795,1.8117908041090613,0,-0.00032393307734778859,-0.00011662445090059501,-0.0003239739286718326,-0.00011663573547821977,-0.00032422557557682137,-0.00011669222123155005,-2.5164690498877306e-07,-5.648575333027392e-08
n10_irregular_f0.4_d10.0,7,-7.0833855166297663,10.512481106327705,0,0.00029447336026917513,-0.00018828147987987092,0.00029452191671332445,-0.00018830142814033944,0.0002946611425522327,-0.00018849648086304233,1.3922583890824992e-07,-1.9505272270289279e-07
n10_irregular_f0.4_d10.0,8,4.1763313450649502,12.047897042013346,0,-0.00029773519739348441,-0.00017998639944155674,-0.00029779241260790261,-0.00017999594242759206,-0.00029792922942977,-0.00018017622779311981,-1.3681682186738719e-07,-1.8028536552774552e-07
n10_irregular_f0.4_d10.0,9,-2.3747766471937926,22.079281155159549,0,4.6722795268841832e-05,-0.00038050166335092963,4.6731908180902128e-05,-0.00038055676446002208,4.6750132551638785e-05,-0.00038075097044919655,1.822437073665628e-08,-1.9420598917446697e-07
n10_irregular_f0.8_d2.1,0,-3.2501684526593695,-2.4139809340849681,0,0.57758707858723535,0.37001153521884123,0.61841876255717443,0.39029219955281336,0.6875572342754247,0.43606427579207924,0.069138471718250272,0.04577207623926588
n10_irregular_f0.8_d2.1,1,-0.88562791170347854,-2.3065018185869728,0,0.11322194824683655,0.75556238498022599,0.14194484867163909,0.86664860226125839,0.16623405867406282,0.99013074834561932,0.024289210002423733,0.12348214608436092
n10_irregular_f0.8_d2.1,2,1.586391744750407,-2.6289391650809582,0,-0.054002360175826734,0.47730915945484181,-0.041318394864348532,0.49958149042727445,-0.084457689522852611,0.56847455034944261,-0.043139294658504079,0.068893059922168154
n10_irregular_f0.8_d2.1,3,3.8434531702083019,-2.0270561182921858,0,-0.58202294031527946,0.09466560368717071,-0.62398870400900586,0.091010701413565515,-0.67676736181137076,0.10506216365000172,-0.052778657802364903,0.014051462236436205
n10_irregular_f0.8_d2.1,4,-2.4978146441734039,-0.0064487469298791572,0,0.58425449419078124,-0.1534353595410565,0.61838143174667159,-0.15709512078976862,0.71810578466019592,-0.19100298864310983,0.099724352913524328,-0.033907867853341211
n10_irregular_f0.8_d2.1,5,-0.06878663391871645,-0.37187773962306248,0,-0.23846602004795509,-0.35445833717169434,-0.28970797692446781,-0.45344361880085138,-0.33618346608179966,-0.50682656247723934,-0.046475489157331851,-0.053382943676387962
n10_irregular_f0.8_d2.1,6,2.3817371994355696,0.38047606886290292,0,-0.45322305512036226,-0.16357858411920134,-0.47439863271671429,-0.16677902881153503,-0.54067861484940694,-0.19259200165486404,-0.06627998213269265,-0.025812972843329007
n10_irregular_f0.8_d2.1,7,-1.487510958492251,2.2076210323288179,0,0.44476905075983958,-0.24721172177032474,0.47309795339593719,-0.25935020077650878,0.53027740637628407,-0.30683885044319642,0.057179452980346879,-0.047488649666687643
n10_irregular_f0.8_d2.1,8,0.87702958246363949,2.5300583788228028,0,-0.46659393378590164,-0.21660365321626696,-0.50251495537202895,-0.21949550159268821,-0.55839695589605576,-0.2627016097483445,-0.055882000524026809,-0.043206108155656286
n10_irregular_f0.8_d2.1,9,-0.49870309591069645,4.6366490425835059,0,0.074475737660632271,-0.56226102752253593,0.080085667515142969,-0.59136952288355982,0.085920819806990886,-0.65131347218457314,0.0058351522918479171,-0.059943949301013322
n10_irregular_f0.8_d2.5,0,-3.8692481579278204,-2.8737868262916284,0,0.28940519449154845,0.18549097540096626,0.29816579495580381,0.19004823436670781,0.31731561789788815,0.20242240128811778,0.019149822942084338,0.012374166921409968
n10_irregular_f0.8_d2.5,1,-1.054318942504141,-2.7458354983178248,0,0.056797668130349914,0.37807350088366715,0.061331653521334135,0.39781268515612073,0.068266547401071895,0.42903772102295928,0.0069348938797377593,0.031225035866838557
n10_irregular_f0.8_d2.5,2,1.8885616008933415,-3.1296894822392356,0,-0.027527969652934536,0.2393325161212885,-0.025305708949099347,0.24437249269233668,-0.037200950112607399,0.26219100867328088,-0.011895241163508052,0.017818515980944194
n10_irregular_f0.8_d2.5,3,4.5755394883432166,-2.4131620455859353,0,-0.2917058922304987,0.047795319576593547,-0.30061604344348242,0.047256023940217717,-0.31553278557398623,0.051058082568705268,-0.014916742130503813,0.0038020586284875507
n10_irregular_f0.8_d2.5,4,-2.9735888621111952,-0.0076770796784275674,0,0.2927674813699076,-0.076738999978660738,0.30033186027226078,-0.077801923564023573,0.32645014073358208,-0.085416080920625831,0.026118280461321308,-0.007614157356602258
n10_irregular_f0.8_d2.5,5,-0.081888849903233862,-0.44271159478936006,0,-0.11899618703544546,-0.17670851008920913,-0.12803142991740624,-0.19349648896664304,-0.13915447370421313,-0.20590293303465831,-0.011123043786806897,-0.012406444068015277
n10_irregular_f0.8_d2.5,6,2.8354014278994875,0.45294770102726534,0,-0.22731040300978331,-0.082007324323565195,-0.2321584331893963,-0.082868016071250106,-0.25062228686108606,-0.089345727955450996,-0.018463853671689762,-0.0064777118842008902
n10_irregular_f0.8_d2.5,7,-1.7708463791574416,2.6281202765819263,0,0.22272478873336587,-0.12420792412024736,0.2289154364521398,-0.12685848369450115,0.24350499301157796,-0.14023392665213702,0.014589556559438166,-0.013375442957635875
n10_irregular_f0.8_d2.5,8,1.0440828362662375,3.0119742605033366,0,-0.23344706238659285,-0.1090694449419517,-0.24114614707075752,-0.10987787542471816,-0.25544751853674719,-0.12207555599730563,-0.014301371465989671,-0.012197680572587466
n10_irregular_f0.8_d2.5,9,-0.59369416179844814,5.5198202887898873,0,0.037292381590083169,-0.28196010852888104,0.038513017368603221,-0.28858664843424686,0.040181116051843414,-0.30517195700436317,0.0016680986832401934,-0.016585308570116308
n10_irregular_f0.8_d3.0,0,-4.6430977895133845,-3.4485441915499537,0,0.14093339413515632,0.090399445518417401,0.14294588775873149,0.091475245849708245,0.14833056385046103,0.094874574007103557,0.0053846760917295455,0.0033993281573953121
n10_irregular_f0.8_d3.0,1,-1.2651827310049693,-3.2950025979813895,0,0.02771113952579048,0.18373117417332505,0.028607572011094911,0.18789383571929311,0.030683125148658029,0.19621387593505721,0.002075553137563118,0.0083200402157641018
n10_irregular_f0.8_d3.0,2,2.2662739210720098,-3.7556273786870831,0,-0.013758001590236548,0.11667534070669758,-0.01331782437397858,0.11787668423977526,-0.016649282541188203,0.12259358120519302,-0.0033314581672096236,0.0047168969654177578
n10_irregular_f0.8_d3.0,3,5.4906473860118599,-2.8957944547031227,0,-0.14211359561414316,0.023548220551648843,-0.14415081165921312,0.023462479697723519,-0.14838429060615263,0.024491839429612038,-0.0042334789469395118,0.0010293597318885191
n10_irregular_f0.8_d3.0,4,-3.568306634533434,-0.0092124956141130809,0,0.14258343131970974,-0.037260529155508315,0.14435545289541232,-0.037545998382681196,0.15137270841795539,-0.039312123973282279,0.0070172555225430644,-0.0017661255906010823
n10_irregular_f0.8_d3.0,5,-0.098266619883880635,-0.53125391374723208,0,-0.057581764577819529,-0.085383103028516538,-0.059463108618463698,-0.088809824928281572,-0.062312475890287135,-0.092005436776491353,-0.0028493672718234372,-0.0031956118482097812
n10_irregular_f0.8_d3.0,6,3.4024817134793852,0.5435372412327184,0,-0.11085611489323333,-0.039965031256095469,-0.11201445785633315,-0.040193109521921629,-0.11718665336340708,-0.041840286982810004,-0.0051721955070739289,-0.0016471774608883757
n10_irregular_f0.8_d3.0,7,-2.1250156549889301,3.1537443318983112,0,0.10836009081884293,-0.060742099827744665,0.10979955711440091,-0.061360186137607277,0.11360818709345914,-0.065130947820267349,0.0038086299790582312,-0.0037707616826600718
n10_irregular_f0.8_d3.0,8,1.2528994035194849,3.6143691126040043,0,-0.11342107576766233,-0.05351819164527527,-0.11518640484541698,-0.053737903569075651,-0.11894463342115065,-0.057164863700867076,-0.0037582285757336714,-0.0034269601317914247
n10_irregular_f0.8_d3.0,9,-0.71243299415813777,6.6237843465478647,0,0.018142496643595421,-0.13748522603694863,0.018424137573765847,-0.13906122296693277,0.018899480520275756,-0.14368744709958139,0.00047534294650990877,-0.0046262241326486264
n10_irregular_f0.8_d4.0,0,-6.1907970526845126,-4.5980589220666053,0,0.045751722772335281,0.029406213144557155,0.045984599227176737,0.029534103733257253,0.046758854036177522,0.030011593907505588,0.00077425480900078503,0.00047749017424833506
n10_irregular_f0.8_d4.0,1,-1.6869103080066257,-4.3933367973085193,0,0.009044175110934638,0.059316875553428204,0.0091343447248017698,0.059763303228352882,0.0094533251598657476,0.060899390980785492,0.00031898043506397786,0.0011360877524326102
n10_irregular_f0.8_d4.0,2,3.0216985614293463,-5.0075031715827771,0,-0.0047716077676416115,0.037982331647342167,-0.0047291411714329122,0.038127139557577364,-0.0052041214985332354,0.038764223511682828,-0.00047498032710032324,0.00063708395410546487
n10_irregular_f0.8_d4.0,3,7.3208631813491465,-3.8610592729374966,0,-0.046187214169083099,0.0078806298929287571,-0.046422085193257544,0.0078756278630467483,-0.047037925326680281,0.0080187410497374965,-0.00061584013342273758,0.0001431131866907482
n10_irregular_f0.8_d4.0,4,-4.757742179377912,-0.012283327485484108,0,0.046295971439236139,-0.011996943070616941,0.046505129761169231,-0.012034925995392142,0.047466081603472786,-0.012233862791882214,0.00096095184230355485,-0.00019893679649007207
n10_irregular_f0.8_d4.0,5,-0.13102215984517418,-0.7083385516629761,0,-0.018377451280094128,-0.027143291789433026,-0.018575398865262212,-0.027496844475600107,-0.018945636170885169,-0.027919826419691627,-0.00037023730562295645,-0.0004229819440915196
n10_irregular_f0.8_d4.0,6,4.5366422846391803,0.72471632164362454,0,-0.036125561644179176,-0.01299486237099088,-0.036265115244289381,-0.013025437550620645,-0.037005084842336895,-0.013234750406658394,-0.00073996959804751433,-0.00020931285603774906
n10_irregular_f0.8_d4.0,7,-2.8333542066519066,4.2049924425310818,0,0.035086252975946121,-0.019941659741975051,0.035254968244986321,-0.020014701914246046,0.035760006994955629,-0.0205572740790195,0.0005050387499693082,-0.00054257216477345341
n10_irregular_f0.8_d4.0,8,1.6705325380259799,4.8191588168053388,0,-0.036590210919954069,-0.017724237990106431,-0.036793842671384337,-0.017754552888758084,-0.03729608429724357,-0.018246334694528056,-0.00050224162585923299,-0.00049178180576997174
n10_irregular_f0.8_d4.0,9,-0.94991065887751702,8.8317124620638197,0,0.0058739234824999069,-0.044785055275133948,0.0059065411874923293,-0.04497371155761723,0.0059755292709231644,-0.045635110651646341,6.8988083430835019e-05,-0.0006613990940291109
n10_irregular_f0.8_d6.0,0,-9.286195579026769,-6.8970883830999075,0,0.0097497770292443182,0.0063015016538667387,0.0097636301785100355,0.0063093069267004349,0.0098182062668295874,0.0063426467485384322,5.4576088319551949e-05,3.3339821837997247e-05
n10_irregular_f0.8_d6.0,1,-2.5303654620099385,-6.590005195962779,0,0.0019622375700036241,0.012444338169064718,0.0019669609590544832,0.01246921001023984,0.0019907174020940429,0.012546244944214677,2.3756443039559677e-05,7.7034933974836836e-05
n10_irregular_f0.8_d6.0,2,4.5325478421440195,-7.5112547573741661,0,-0.001209362000842349,0.0081616368826911128,-0.0012073408413610456,0.0081706360009184704,-0.0012411229632910796,0.0082139517049464508,-3.3782121930033991e-05,4.3315704027980378e-05
n10_irregular_f0.8_d6.0,3,10.98129477202372,-5.7915889094062454,0,-0.0098719006895327446,0.0018210248728114207,-0.0098858336560355524,0.0018210366808849316,-0.0099300536601091439,0.0018314223847485389,-4.4220004073591487e-05,1.0385703863607281e-05
n10_irregular_f0.8_d6.0,4,-7.136613269066868,-0.018424991228226162,0,0.0098784671231112731,-0.0024933581166296528,0.0098911608840716626,-0.0024959140976948879,0.0099566842539179235,-0.0025068817251642441,6.5523369846260879e-05,-1.0967627469356169e-05
n10_irregular_f0.8_d6.0,5,-0.19653323976776127,-1.0625078274944642,0,-0.0037215127861316391,-0.005429263006809501,-0.0037322632366641249,-0.005448097578892289,-0.0037557412502019789,-0.0054751042633454563,-2.3478013537853951e-05,-2.7006684453167312e-05
n10_irregular_f0.8_d6.0,6,6.8049634269587704,1.0870744824654368,0,-0.0077925629273036413,-0.0027834302393042899,-0.0078012095701576363,-0.0027855412638614629,-0.0078537275889986515,-0.0027988249345435494,-5.2518018841015215e-05,-1.3283670682086475e-05
n10_irregular_f0.8_d6.0,7,-4.2500313099778602,6.3074886637966223,0,0.0074229735524021694,-0.0043935872318197188,0.0074331481544507531,-0.0043980515993842628,0.0074665966985701824,-0.0044371094184634131,3.3448544119429359e-05,-3.9057819079150319e-05
n10_irregular_f0.8_d6.0,8,2.5057988070389698,7.2287382252080086,0,-0.0076578388267678843,-0.0040011047715158461,-0.0076699083553740804,-0.0040032505261645207,-0.0077030561962680329,-0.0040389899912108796,-3.3147840893952424e-05,-3.573946504635897e-05
n10_irregular_f0.8_d6.0,9,-1.4248659883162755,13.247568693095729,0,0.0012397219558168738,-0.0096277582123549862,0.0012416554835055081,-0.0096393345527462544,0.0012465120098292461,-0.0096862787602909964,4.856526323737979e-06,-4.6944207544741962e-05
n10_irregular_f0.8_d10.0,0,-15.476992631711282,-11.495147305166514,0,0.0015431560183978015,0.0010058758249940146,0.0015436557442126699,0.0010061622982150877,0.0015455845296715751,0.0010073242012660023,1.9287854589051644e-06,1.161903050914603e-06
n10_irregular_f0.8_d10.0,1,-4.2172757700165642,-10.983341993271299,0,0.00032571747648729179,0.001926732203638045,0.000325864280520112,0.0019275903724209485,0.00032684362212827717,0.0019303740712270159,9.7934160816516829e-07,2.783698806067391e-06
n10_irregular_f0.8_d10.0,2,7.5542464035733659,-12.518757928956942,0,-0.0002600010281931995,0.001332953639482357,-0.00025993115205598778,0.0013332878849276696,-0.00026135576568945369,0.0013348163746169828,-1.4246136334659042e-06,1.5284896893131769e-06
n10_irregular_f0.8_d10.0,3,18.302157953372866,-9.6526481823437411,0,-0.001560398667952831,0.00031924796950081664,-0.001560898707105487,0.00031925071089983583,-0.0015623838156452101,0.00031960229127716395,-1.4851085397230707e-06,3.5158037732811644e-07
n10_irregular_f0.8_d10.0,4,-11.894355448444781,-0.03070831871371027,0,0.0015991487348007696,-0.00038534475447174368,0.0015996129874291188,-0.00038545323851134025,0.0016020340244623586,-0.00038576663003580836,2.4210370332398198e-06,-3.1339152446811487e-07
n10_irregular_f0.8_d10.0,5,-0.32755539961293545,-1.7708463791574403,0,-0.00052573405672680742,-0.00073788890885168057,-0.00052610227760923787,-0.00073852248237193095,-0.00052689653778974666,-0.00073937079496284148,-7.9426018050878996e-07,-8.4831259091052921e-07
n10_irregular_f0.8_d10.0,6,11.34160571159795,1.8117908041090613,0,-0.0012957323093911544,-0.00046649780360238002,-0.0012960478341038457,-0.00046658484264210055,-0.0012980617482043523,-0.00046703744451119473,-2.0139141005065878e-06,-4.5260186909418373e-07
n10_irregular_f0.8_d10.0,7,-7.0833855166297663,10.512481106327705,0,0.0011778934410767005,-0.00075312591951948366,0.0011782693053380951,-0.00075327972921952313,0.0011793841964883609,-0.00075484077932035727,1.1148911502657528e-06,-1.561050100834147e-06
n10_irregular_f0.8_d10.0,8,4.1763313450649502,12.047897042013346,0,-0.0011909407895739376,-0.00071994559776622697,-0.001191384113538001,-0.0007200184010406034,-0.0011924796661649006,-0.00072146127346386078,-1.0955526268995389e-06,-1.4428724232573792e-06
n10_irregular_f0.8_d10.0,9,-2.3747766471937926,22.079281155159549,0,0.00018689118107536733,-0.0015220066534037185,0.00018696176691256359,-0.0015224325726780428,0.00018710755842775621,-0.0015239865534264925,1.4579151519261463e-07,-1.5539807484497414e-06
n10_irregular_f1.0_d2.1,0,-3.2501684526593695,-2.4139809340849681,0,0.90247981029255542,0.5781430237794396,0.98548269369920183,0.6190333481057676,1.1293117920384095,0.7142438933747175,0.14382909833920765,0.095210545268949898
n10_irregular_f1.0_d2.1,1,-0.88562791170347854,-2.3065018185869728,0,0.17690929413568213,1.1805662265316033,0.24002493741314987,1.4180564489212326,0.2921072047414649,1.6810740999364853,0.052082267328315029,0.26301765101525265
n10_irregular_f1.0_d2.1,2,1.586391744750407,-2.6289391650809582,0,-0.08437868777472908,0.74579556164819005,-0.057768560779551018,0.79073184031467902,-0.1477785708599878,0.93416363626073873,-0.090010010080436784,0.1434317959460597
n10_irregular_f1.0_d2.1,3,3.8434531702083019,-2.0270561182921858,0,-0.90941084424262397,0.1479150057612042,-0.9949262862596997,0.14012814428669129,-1.1039247998607555,0.1688431276674833,-0.10899851360105584,0.028714983380792009
n10_irregular_f1.0_d2.1,4,-2.4978146441734039,-0.0064487469298791572,0,0.91289764717309574,-0.23974274928290093,0.98187609274321064,-0.24676882903888686,1.1902592814747748,-0.31898897956200389,0.20838318873156414,-0.072220150523117033
n10_irregular_f1.0_d2.1,5,-0.06878663391871645,-0.37187773962306248,0,-0.37260315632492991,-0.55384115183077243,-0.48200723395688405,-0.76721545185823492,-0.58274298190883567,-0.88568223703199289,-0.10073574795195162,-0.11846678517375797
n10_irregular_f1.0_d2.1,6,2.3817371994355696,0.38047606886290292,0,-0.70816102362556599,-0.25559153768625209,-0.75072954876877485,-0.26188456385476722,-0.88733442121712292,-0.31551867460654986,-0.13660487244834807,-0.053634110751782649
n10_irregular_f1.0_d2.1,7,-1.487510958492251,2.2076210323288179,0,0.69495164181224922,-0.38626831526613237,0.75237735402131267,-0.41088860202771244,0.8711463074392396,-0.5090459253317835,0.11876895341792693,-0.098157323304071065
n10_irregular_f1.0_d2.1,8,0.87702958246363949,2.5300583788228028,0,-0.72905302154047136,-0.33844320815041706,-0.80205941331384256,-0.34410155650479857,-0.91852311098184458,-0.43267930577410452,-0.11646369766800202,-0.08857774926930595
n10_irregular_f1.0_d2.1,9,-0.49870309591069645,4.6366490425835059,0,0.11636834009473795,-0.87853285550396232,0.12772996520187727,-0.93709077834397025,0.13975947121492266,-1.0606175851994013,0.012029506013045393,-0.12352680685543105
n10_irregular_f1.0_d2.5,0,-3.8692481579278204,-2.8737868262916284,0,0.45219561639304434,0.28982964906400976,0.46964584350958233,0.29887840060113219,0.50809801890269057,0.32376049516883576,0.038452175393108246,0.024882094567703572
n10_irregular_f1.0_d2.5,1,-1.054318942504141,-2.7458354983178248,0,0.088746356453671779,0.59073984513072986,0.097965225380770959,0.63053410043144464,0.11186911520359706,0.69370006990283661,0.013903889822826102,0.063165969471391969
n10_irregular_f1.0_d2.5,2,1.8885616008933415,-3.1296894822392356,0,-0.043012452582710192,0.37395705643951327,-0.038516327986953494,0.38395788597542524,-0.062365735055450545,0.41983219023847362,-0.023849407068497051,0.035874304263048384
n10_irregular_f1.0_d2.5,3,4.5755394883432166,-2.4131620455859353,0,-0.4557904566101541,0.074680186838427393,-0.47355064061671232,0.073570887989313938,-0.50344263310506066,0.081181618076027834,-0.02989199248834834,0.0076107300867138961
n10_irregular_f1.0_d2.5,4,-2.9735888621111952,-0.0076770796784275674,0,0.45744918964048042,-0.1199046874666575,0.4724827287863908,-0.12198219426875809,0.52507467221317294,-0.13751115213866155,0.05259194342678214,-0.015528957869903465
n10_irregular_f1.0_d2.5,5,-0.081888849903233862,-0.44271159478936006,0,-0.18593154224288352,-0.27610704701438948,-0.20416318285953544,-0.31007431611352809,-0.22685429896982293,-0.33553511991479446,-0.022691116110287485,-0.025460803801266363
n10_irregular_f1.0_d2.5,6,2.8354014278994875,0.45294770102726534,0,-0.35517250470278638,-0.12813644425557061,-0.36478624705199819,-0.12982511318052109,-0.40176851775763878,-0.14288460609057729,-0.036982270705640585,-0.013059492910056203
n10_irregular_f1.0_d2.5,7,-1.7708463791574416,2.6281202765819263,0,0.34800748239588414,-0.1940748814378864,0.3603224017859038,-0.1993477459349369,0.38970445630883094,-0.22616218925682988,0.029382054522927137,-0.026814443321892978
n10_irregular_f1.0_d2.5,8,1.0440828362662375,3.0119742605033366,0,-0.36476103497905132,-0.17042100772179955,-0.38009842444379072,-0.17200340375402398,-0.40893463831129356,-0.19639101667473402,-0.028836213867502847,-0.024387612920710039
n10_irregular_f1.0_d2.5,9,-0.59369416179844814,5.5198202887898873,0,0.058269346234504957,-0.44056266957637658,0.060698623496342252,-0.45370850174554767,0.064037393535219853,-0.48693066892670811,0.0033387700388776004,-0.033222167181160445
n10_irregular_f1.0_d3.0,0,-4.6430977895133845,-3.4485441915499537,0,0.22020842833618176,0.14124913362252722,0.22418020054119497,0.14336862205338796,0.2348407395735265,0.15010733867153822,0.010660539032331523,0.0067387166181502589
n10_irregular_f1.0_d3.0,1,-1.2651827310049693,-3.2950025979813895,0,0.043298655509047601,0.28707995964582039,0.045085475073080458,0.29534048449089423,0.04917772614324592,0.31187039214325862,0.0040922510701654619,0.016529907652364395
n10_irregular_f1.0_d3.0,2,2.2662739210720098,-3.7556273786870831,0,-0.021496877484744568,0.18230521985421497,-0.020619261102950322,0.1846705327982705,-0.027206373520638226,0.19403297046351725,-0.0065871124176879042,0.0093624376652467478
n10_irregular_f1.0_d3.0,3,5.4906473860118599,-2.8957944547031227,0,-0.22205249314709868,0.036794094611951308,-0.22607423954231173,0.03662000813092426,-0.23445081547281377,0.038658747592631347,-0.0083765759305020338,0.002038739461707087
n10_irregular_f1.0_d3.0,4,-3.568306634533434,-0.0092124956141130809,0,0.22278661143704645,-0.058219576805481753,0.22627944112999707,-0.058777678610225176,0.24019872612995669,-0.062316901235720111,0.013919284999959619,-0.0035392226254949352
n10_irregular_f1.0_d3.0,5,-0.098266619883880635,-0.53125391374723208,0,-0.089971507152843008,-0.13341109848205709,-0.093708334792836218,-0.14022664324533377,-0.099395375713861617,-0.14661576351023609,-0.0056870409210253992,-0.0063891202649023204
n10_irregular_f1.0_d3.0,6,3.4024817134793852,0.5435372412327184,0,-0.17321267952067707,-0.06244536133764924,-0.17549306619162114,-0.062891558589075691,-0.18572437454980631,-0.066167911525607498,-0.01023130835818517,-0.0032763529365318067
n10_irregular_f1.0_d3.0,7,-2.1250156549889301,3.1537443318983112,0,0.16931264190444206,-0.094909530980851031,0.17215128072230163,-0.096128185804347982,0.17971448829946432,-0.10358996264873224,0.007563207577162695,-0.0074617768443842603
n10_irregular_f1.0_d3.0,8,1.2528994035194849,3.6143691126040043,0,-0.17722043088697242,-0.083622174445742603,-0.18070483627979939,-0.084051415233244928,-0.18817090233946607,-0.090826308707118858,-0.0074660660596666817,-0.0067748934738739303
n10_irregular_f1.0_d3.0,9,-0.71243299415813777,6.6237843465478647,0,0.028347651005617841,-0.2148206656827322,0.028903340442944736,-0.21792416599124942,0.029843156031222052,-0.22707715347639457,0.00093981558827731584,-0.0091529874851451476
n10_irregular_f1.0_d4.0,0,-6.1907970526845126,-4.5980589220666053,0,0.071487066831773874,0.045947208038370539,0.071943188946150011,0.046197474372182828,0.073462964327990696,0.047135478880779298,0.0015197753818406851,0.00093800450859646972
n10_irregular_f1.0_d4.0,1,-1.6869103080066257,-4.3933367973085193,0,0.014131523610835386,0.092682618052231547,0.014309003104786963,0.093559265487615215,0.014933416871211809,0.095792488436019355,0.00062441376642484621,0.0022332229484041399
n10_irregular_f1.0_d4.0,2,3.0216985614293463,-5.0075031715827771,0,-0.007455637136940022,0.059347393198972143,-0.0073719019293504787,0.059630631979552741,-0.0083035928324987265,0.060883214970462812,-0.0009316909031482478,0.0012525829909100714
n10_irregular_f1.0_d4.0,3,7.3208631813491465,-3.8610592729374966,0,-0.072167522139192322,0.012313484207701187,-0.072627606452847354,0.012303360122138557,-0.073836385915940647,0.012584597946698722,-0.001208779463093293,0.00028123782456016509
n10_irregular_f1.0_d4.0,4,-4.757742179377912,-0.012283327485484108,0,0.072337455373806453,-0.01874522354783897,0.072746849945173289,-0.018819285101500251,0.074635049468928752,-0.019212906553651279,0.0018881995237554627,-0.00039362145215102867
n10_irregular_f1.0_d4.0,5,-0.13102215984517418,-0.7083385516629761,0,-0.028714767625147092,-0.042411393420989103,-0.029103752422931159,-0.043106645880416294,-0.029833063419553312,-0.043939874514675133,-0.00072931099662215323,-0.00083322863425883825
n10_irregular_f1.0_d4.0,6,4.5366422846391803,0.72471632164362454,0,-0.056446190069029942,-0.020304472454673258,-0.056719161933840218,-0.020364076738709352,-0.058171359457656398,-0.020776370462485948,-0.0014521975238161802,-0.00041229372377659529
n10_irregular_f1.0_d4.0,7,-2.8333542066519066,4.2049924425310818,0,0.054822270274915805,-0.031158843346836013,0.055152578381877274,-0.03130180891429217,0.056145946459625992,-0.032366719273040447,0.0009933680777487186,-0.0010649103587482764
n10_irregular_f1.0_d4.0,8,1.6705325380259799,4.8191588168053388,0,-0.057172204562428233,-0.027694121859541298,-0.057571087978853061,-0.027753174106134246,-0.058558955247392484,-0.028718230720794491,-0.00098786726853942325,-0.00096505661466024517
n10_irregular_f1.0_d4.0,9,-0.94991065887751702,8.8317124620638197,0,0.0091780054414061039,-0.069976648867396782,0.0092418903398347706,-0.070345741220437005,0.0093772552371592655,-0.071643976134831477,0.00013536489732449489,-0.0012982349143944721
n10_irregular_f1.0_d6.0,0,-9.286195579026769,-6.8970883830999075,0,0.015234026608194248,0.0098460963341667797,0.015261011719252815,0.0098612936440242195,0.015367750672459024,0.0099265207110723116,0.00010673895320620873,6.5227067048092072e-05
n10_irregular_f1.0_d6.0,1,-2.5303654620099385,-6.590005195962779,0,0.0030659962031306626,0.01944427838916362,0.0030752198530180097,0.019492787249239658,0.003121631655728564,0.019643527090096535,4.6411802710554385e-05,0.00015073984085687761
n10_irregular_f1.0_d6.0,2,4.5325478421440195,-7.5112547573741661,0,-0.0018896281263161728,0.012752557629204863,-0.001885673565730108,0.012770074546841269,-0.0019517281512558958,0.012854851964308611,-6.6054585525787864e-05,8.4777417467341368e-05
n10_irregular_f1.0_d6.0,3,10.98129477202372,-5.7915889094062454,0,-0.015424844827394911,0.0028453513637678443,-0.015451986713695723,0.0028453636345596124,-0.015538473534807362,0.002865689161256753,-8.6486821111638953e-05,2.032552669714062e-05
n10_irregular_f1.0_d6.0,4,-7.136613269066868,-0.018424991228226162,0,0.015435104879861362,-0.0038958720572338304,0.015459823215536114,-0.0039008408152372727,0.015588028990521946,-0.0039223765632630074,0.00012820577498583174,-2.1535748025734713e-05
n10_irregular_f1.0_d6.0,5,-0.19653323976776127,-1.0625078274944642,0,-0.0058148637283306874,-0.008483223448139841,-0.0058358409286877067,-0.0085199891524863954,-0.0058818205029392721,-0.0085728686412096852,-4.5979574251565382e-05,-5.2879488723289736e-05
n10_irregular_f1.0_d6.0,6,6.8049634269587704,1.0870744824654368,0,-0.012175879573911938,-0.0043491097489129519,-0.012192711208313963,-0.0043532124148847979,-0.012295424223394578,-0.0043792371045211038,-0.00010271301508061464,-2.6024689636305887e-05
n10_irregular_f1.0_d6.0,7,-4.2500313099778602,6.3074886637966223,0,0.011598396175628385,-0.0068649800497183082,0.011618211216068004,-0.0068736725591261897,0.011683691479638495,-0.0069500622637959121,6.5480263570491526e-05,-7.6389704669722371e-05
n10_irregular_f1.0_d6.0,8,2.5057988070389698,7.2287382252080086,0,-0.011965373166824817,-0.0062517262054935093,-0.011988885672758857,-0.0062558946184971386,-0.012053773704094667,-0.0063257949444400089,-6.488803133580974e-05,-6.990032594287026e-05
n10_irregular_f1.0_d6.0,9,-1.4248659883162755,13.247568693095729,0,0.0019370655559638648,-0.015043372206804666,0.0019408320853114168,-0.015065909514432962,0.0019503293066201739,-0.015157726318758002,9.4972213087571485e-06,-9.1816804325040371e-05
n10_irregular_f1.0_d10.0,0,-15.476992631711282,-11.495147305166514,0,0.0024111812787465632,0.0015716809765531472,0.0024121513022531435,0.0015722369106187578,0.0024159189625405021,0.0015745068044628113,3.7676602873586498e-06,2.2698938440535166e-06
n10_irregular_f1.0_d10.0,1,-4.2172757700165642,-10.983341993271299,0,0.00050893355701139376,0.0030105190681844452,0.00050921880231399809,0.0030121859669779145,0.00051113128749142092,0.0030176246221810489,1.9124851774228327e-06,5.4386552031343398e-06
n10_irregular_f1.0_d10.0,2,7.5542464035733659,-12.518757928956942,0,-0.00040625160655187405,0.0020827400616911826,-0.00040611546832206128,0.0020833885885642037,-0.00040889832344052392,0.0020863751275315228,-2.7828551184626402e-06,2.9865389673190863e-06
n10_irregular_f1.0_d10.0,3,18.302157953372866,-9.6526481823437411,0,-0.0024381229186762978,0.0004988249523450259,-0.0024390935410611783,0.00049882995325282488,-0.0024419944158034436,0.00049951688361246172,-2.9008747422652921e-06,6.8693035963683733e-07
n10_irregular_f1.0_d10.0,4,-11.894355448444781,-0.03070831871371027,0,0.0024986698981262017,-0.00060210117886209903,0.0024995709039556165,-0.00060231168195171722,0.0025043010074468027,-0.00060292492377513084,4.7301034911862057e-06,-6.1324182341361815e-07
n10_irregular_f1.0_d10.0,5,-0.32755539961293545,-1.7708463791574403,0,-0.00082145946363563669,-0.0011529514200807514,-0.00082217498432647987,-0.001154182815294649,-0.00082372729015542021,-0.0011558405857283937,-1.5523058289403395e-06,-1.6577704337447565e-06
n10_irregular_f1.0_d10.0,6,11.34160571159795,1.8117908041090613,0,-0.0020245817334236787,-0.00072890281812871866,-0.0020251938961820008,-0.00072907160953690573,-0.002029128024835711,-0.00072995632597789661,-3.9341286537102234e-06,-8.8471644099088424e-07
n10_irregular_f1.0_d10.0,7,-7.0833855166297663,10.512481106327705,0,0.0018404585016823444,-0.0011767592492491941,0.0018411880859211026,-0.0011770575707333981,0.0018433667054424776,-0.0011801070954718803,2.178619521374988e-06,-3.0495247384822437e-06
n10_irregular_f1.0_d10.0,8,4.1763313450649502,12.047897042013346,0,-0.0018608449837092776,-0.0011249149965097294,-0.0018617057097014061,-0.0011250558634326065,-0.0018638464826997677,-0.0011278745436855342,-2.1407729983615852e-06,-2.8186802529276897e-06
n10_irregular_f1.0_d10.0,9,-2.3747766471937926,22.079281155159549,0,0.00029201747043026158,-0.0023781353959433094,0.00029215450514926636,-0.0023789618784644242,0.00029243924731614881,-0.0023819973010863887,2.8474216688244725e-07,-3.0354226219645244e-06
