case_id,particle_count,family,rho_band,f1,distance_ratio,rho_l1,coordinates_xyz,lmax,final_lmax,system_dimension,active_modes_per_particle,balanced_condition_number,balanced_backward_error,effective_incident_closure_error,scattering_closure_error,force_decomposition_residual,max_abs_fz,total_forces_xyz,external_forces_xyz,interaction_forces_xyz,external_scattered_forces_xyz,scattered_scattered_forces_xyz,production_solver,finite,campaign_complete,total_rms,total_successive_change,total_absolute_change,total_change_applicable,total_minimum_confirmed_lmax,total_confirmed,interaction_rms,interaction_successive_change,interaction_absolute_change,interaction_change_applicable,interaction_minimum_confirmed_lmax,interaction_confirmed,external_scattered_rms,external_scattered_successive_change,external_scattered_absolute_change,external_scattered_change_applicable,external_scattered_minimum_confirmed_lmax,external_scattered_confirmed,scattered_scattered_rms,scattered_scattered_successive_change,scattered_scattered_absolute_change,scattered_scattered_change_applicable,scattered_scattered_minimum_confirmed_lmax,scattered_scattered_confirmed
n2_pair_f1.0_d6.0,2,pair,1,1,6,0.0026995147661320832,-3:0:0;3:0:0,2,8,6,3,1.0059088807334462,1.7937269726595232e-17,2.8799119948568573e-17,1.2772456820507234e-16,0,0,0.01547260698449225:0:0;-0.01547260698449225:1.898424698527326e-18:0,0:0:0;0:0:0,0.01547260698449225:0:0;-0.01547260698449225:1.898424698527326e-18:0,0.015431024175124677:0:0;-0.015431024175124677:1.8934024109650843e-18:0,4.1582809367572755e-05:0:0;-4.1582809367572748e-05:5.0222875622416023e-21:0,balanced_sqrt,true,true,0.01547260698449225,0,0,false,6,true,0.01547260698449225,0,0,false,6,true,0.015431024175124677,0,0,false,6,true,4.1582809367572755e-05,0,0,false,8,true
n2_pair_f1.0_d6.0,2,pair,1,1,6,0.0026995147661320832,-3:0:0;3:0:0,3,8,12,6,1.0059432171577032,2.4002676787130596e-17,1.7137194445787977e-17,1.4048172542062475e-16,0,0,0.015493292024189843:-1.6757478796440993e-21:0;-0.015493292024189843:1.8974314788883304e-18:0,0:0:0;0:0:0,0.015493292024189843:-1.6757478796440993e-21:0;-0.015493292024189843:1.8974314788883304e-18:0,0.015446203994870244:-1.6757012539770055e-21:0;-0.015446203994870244:1.8915252758334693e-18:0,4.7088029319599978e-05:-4.6625667093873228e-26:0;-4.7088029319599978e-05:5.9062030548609544e-21:0,balanced_sqrt,true,true,0.015493292024189843,0.0013350964833876396,2.0685039697593624e-05,true,6,true,0.015493292024189843,0.0013350964833876396,2.0685039697593624e-05,true,6,true,0.015446203994870244,0.0009827540637562754,1.5179819745567147e-05,true,6,true,4.7088029319599978e-05,0.11691336485249186,5.505219952027226e-06,true,8,true
n2_pair_f1.0_d6.0,2,pair,1,1,6,0.0026995147661320832,-3:0:0;3:0:0,4,8,20,10,1.0059450163304202,1.1303924949815633e-17,4.8742042957154498e-18,1.0088165389587682e-16,8.4866362697470367e-38,0,0.015494765834943311:5.220045423708486e-26:0;-0.015494765834943308:1.8992875987207125e-18:0,0:0:0;0:0:0,0.015494765834943311:5.220045423708486e-26:0;-0.015494765834943308:1.8992875987207125e-18:0,0.015447263332654343:2.0956368391798096e-22:0;-0.015447263332654339:1.8935413449281866e-18:0,4.7502502288969085e-05:-2.0951148346374387e-22:0;-4.7502502288969078e-05:5.746253792525955e-21:0,balanced_sqrt,true,true,0.01549476583494331,9.5116684509197712e-05,1.4738107534661982e-06,true,6,true,0.01549476583494331,9.5116684509197712e-05,1.4738107534661982e-06,true,6,true,0.015447263332654341,6.8577699575927045e-05,1.0593377840970031e-06,true,6,true,4.7502502288969085e-05,0.0087252870774631071,4.1447296936910361e-07,true,8,true
n2_pair_f1.0_d6.0,2,pair,1,1,6,0.0026995147661320832,-3:0:0;3:0:0,5,8,30,15,1.0059450993156058,1.9098217289031319e-17,4.4882694920755279e-19,9.192622753306302e-17,0,0,0.015494791404825084:-1.6762277183068201e-21:0;-0.015494791404825086:1.8992889178810642e-18:0,0:0:0;0:0:0,0.015494791404825084:-1.6762277183068201e-21:0;-0.015494791404825086:1.8992889178810642e-18:0,0.015447264724967796:-1.6759688206264172e-21:0;-0.015447264724967798:1.8931209381230611e-18:0,4.7526679857287463e-05:-2.5889768040282949e-25:0;-4.7526679857287463e-05:6.1679797580030074e-21:0,balanced_sqrt,true,true,0.015494791404825084,1.6502243306960043e-06,2.5569881775301673e-08,true,6,true,0.015494791404825084,1.6502243306960043e-06,2.5569881775301673e-08,true,6,true,0.015447264724967798,9.0133333063000822e-08,1.3923134563678663e-09,true,6,true,4.7526679857287463e-05,0.0005087157022325491,2.4177568318381538e-08,true,8,true
n2_pair_f1.0_d6.0,2,pair,1,1,6,0.0026995147661320832,-3:0:0;3:0:0,6,8,42,21,1.0059451028521769,1.4320028280753664e-17,1.4534275823715669e-20,1.007257738740146e-16,8.5830128226781547e-36,0,0.015494792681967521:-1.673598529695223e-21:0;-0.015494792681967524:1.9043125212941388e-18:0,0:0:0;0:0:0,0.015494792681967521:-1.673598529695223e-21:0;-0.015494792681967524:1.9043125212941388e-18:0,0.015447264788701502:-1.4648281777250427e-21:0;-0.015447264788701506:1.8985636238366847e-18:0,4.752789326601932e-05:-2.0877035197018023e-22:0;-4.7527893266019334e-05:5.7488974574540157e-21:0,balanced_sqrt,true,true,0.015494792681967523,8.2423977140318267e-08,1.2771424378124618e-09,true,6,true,0.015494792681967523,8.2423977140318267e-08,1.2771424378124618e-09,true,6,true,0.015447264788701504,4.125889440756946e-09,6.3733706680280111e-11,true,6,true,4.7527893266019327e-05,2.5530454823074607e-05,1.2134087318640182e-09,true,8,true
n2_pair_f1.0_d6.0,2,pair,1,1,6,0.0026995147661320832,-3:0:0;3:0:0,7,8,56,28,1.0059451029948825,1.9288221906775747e-17,8.145192719558964e-22,8.7934588992020719e-17,0,0,0.015494792739451143:-3.3502247189296882e-21:0;-0.015494792739451146:1.9009652917360865e-18:0,0:0:0;0:0:0,0.015494792739451143:-3.3502247189296882e-21:0;-0.015494792739451146:1.9009652917360865e-18:0,0.01544726479102991:-3.350246902585107e-21:0;-0.015447264791029914:1.8952154321285238e-18:0,4.752794842123242e-05:2.2183655418974577e-26:0;-4.7527948421232433e-05:5.7498596075628146e-21:0,balanced_sqrt,true,true,0.015494792739451145,3.7098671144342384e-09,5.7483622029064207e-11,true,6,true,0.015494792739451145,3.7098671144342384e-09,5.7483622029064207e-11,true,6,true,0.015447264791029912,1.5073272394820934e-10,2.3284082995012056e-12,true,6,true,4.7527948421232426e-05,1.1604795690009354e-06,5.5155213099370489e-11,true,8,true
n2_pair_f1.0_d6.0,2,pair,1,1,6,0.0026995147661320832,-3:0:0;3:0:0,8,8,72,36,1.0059451030004141,2.2585767032613295e-17,2.8076456086856401e-23,8.7220650479321287e-17,0,0,0.015494792741881631:-1.6745607495563353e-21:0;-0.015494792741881636:1.8976160175898923e-18:0,0:0:0;0:0:0,0.015494792741881631:-1.6745607495563353e-21:0;-0.015494792741881636:1.8976160175898923e-18:0,0.015447264791123518:-1.6740787866123042e-21:0;-0.015447264791123523:1.8918654158074057e-18:0,4.7527950758113115e-05:-4.8196294403111415e-25:0;-4.7527950758113129e-05:5.7506017824867181e-21:0,balanced_sqrt,true,true,0.015494792741881633,1.5685843691458139e-10,2.4304889698069535e-12,true,6,true,0.015494792741881633,1.5685843691458139e-10,2.4304889698069535e-12,true,6,true,0.01544726479112352,6.0598612193617078e-12,9.3608280852940946e-14,true,6,true,4.7527950758113122e-05,4.9168555733180425e-08,2.33688069573414e-12,true,8,true
n2_pair_f1.0_d4.0,2,pair,2,1,4,0.0084143200111476638,-2:0:0;2:0:0,2,9,6,3,1.0211028054970268,2.526398035232043e-17,1.260529742568839e-17,9.9753423833807307e-17,0,0,0.076630091199016911:1.0044575124483205e-20:0;-0.076630091199016884:9.3883295496836367e-18:0,0:0:0;0:0:0,0.076630091199016911:1.0044575124483205e-20:0;-0.076630091199016884:9.3883295496836367e-18:0,0.075986131748789584:1.0044575124483205e-20:0;-0.075986131748789557:9.3096470445418511e-18:0,0.00064395945022732519:0:0;-0.00064395945022732487:7.868250514178511e-20:0,balanced_sqrt,true,true,0.076630091199016898,0,0,false,7,true,0.076630091199016898,0,0,false,7,true,0.07598613174878957,0,0,false,6,true,0.00064395945022732498,0,0,false,9,true
n2_pair_f1.0_d4.0,2,pair,2,1,4,0.0084143200111476638,-2:0:0;2:0:0,3,9,12,6,1.0218212213450577,1.9510869588104129e-17,2.3559091815707894e-17,9.237341617731947e-17,0,0,0.076948538681904224:1.0061699390045563e-20:0;-0.076948538681904211:9.4249206227089992e-18:0,0:0:0;0:0:0,0.076948538681904224:1.0061699390045563e-20:0;-0.076948538681904211:9.4249206227089992e-18:0,0.076100460867329828:1.0053137257264385e-20:0;-0.076100460867329814:9.3212876618485818e-18:0,0.0008480778145743956:8.5621327811783423e-24:0;-0.00084807781457439538:1.0363296086041714e-19:0,balanced_sqrt,true,true,0.076948538681904224,0.0041384474395770206,0.00031844748288731989,true,7,true,0.076948538681904224,0.0041384474395770206,0.00031844748288731989,true,7,true,0.076100460867329814,0.0015023446275780996,0.00011432911854025035,true,6,true,0.00084807781457439549,0.2406835326184148,0.00020411836434707046,true,9,true
n2_pair_f1.0_d4.0,2,pair,2,1,4,0.0084143200111476638,-2:0:0;2:0:0,4,9,20,10,1.0219184666604457,1.5911201602926744e-17,1.4220049529978152e-18,1.0115925254589359e-16,0,0,0.077000338238756919:8.4180002118217921e-21:0;-0.077000338238756919:9.4373919498721292e-18:0,0:0:0;0:0:0,0.077000338238756919:8.4180002118217921e-21:0;-0.077000338238756919:9.4373919498721292e-18:0,0.076116853801308698:6.7042614642707888e-21:0;-0.076116853801308698:9.3311007090829577e-18:0,0.00088348443744822437:1.7137387475510029e-21:0;-0.00088348443744822426:1.0629124078917198e-19:0,balanced_sqrt,true,true,0.077000338238756919,0.00067271856250922994,5.1799556852701045e-05,true,7,true,0.077000338238756919,0.00067271856250922994,5.1799556852701045e-05,true,7,true,0.076116853801308698,0.00021536536470186473,1.6392933978877366e-05,true,6,true,0.00088348443744822437,0.040076113820515138,3.5406622873828829e-05,true,9,true
n2_pair_f1.0_d4.0,2,pair,2,1,4,0.0084143200111476638,-2:0:0;2:0:0,5,9,30,15,1.021929823715529,3.0050213528618853e-17,7.7505848586856591e-21,1.0891134133438223e-16,0,0,0.077005568356803028:6.7308888458722159e-21:0;-0.077005568356803042:9.4346289660470988e-18:0,0:0:0;0:0:0,0.077005568356803028:6.7308888458722159e-21:0;-0.077005568356803042:9.4346289660470988e-18:0,0.076117384299809313:8.3741125595815172e-21:0;-0.076117384299809326:9.3252387589896442e-18:0,0.0008881840569937181:-1.6432237137093013e-21:0;-0.0008881840569937181:1.0939020705745482e-19:0,balanced_sqrt,true,true,0.077005568356803028,6.7918699357984768e-05,5.2301180461164498e-06,true,7,true,0.077005568356803028,6.7918699357984768e-05,5.2301180461164498e-06,true,7,true,0.076117384299809326,6.9694788582303058e-06,5.3049850062131254e-07,true,6,true,0.0008881840569937181,0.0052912676246417035,4.699619545493782e-06,true,9,true
n2_pair_f1.0_d4.0,2,pair,2,1,4,0.0084143200111476638,-2:0:0;2:0:0,6,9,42,21,1.0219310354946169,1.1634819295637242e-17,1.3549610319237862e-21,9.9589417440233914e-17,0,0,0.077006157488315602:5.0812343064605516e-21:0;-0.077006157488315533:9.4397028047202231e-18:0,0:0:0;0:0:0,0.077006157488315602:5.0812343064605516e-21:0;-0.077006157488315533:9.4397028047202231e-18:0,0.076117438802342216:5.86256835874924e-21:0;-0.076117438802342147:9.3302657190916853e-18:0,0.00088871868597338306:-7.8133405228868844e-22:0;-0.00088871868597338263:1.0943708562853768e-19:0,balanced_sqrt,true,true,0.07700615748831556,7.6504468181216626e-06,5.8913151253225937e-07,true,7,true,0.07700615748831556,7.6504468181216626e-06,5.8913151253225937e-07,true,7,true,0.076117438802342188,7.1603214348037783e-07,5.4502532861877562e-08,true,6,true,0.00088871868597338284,0.00060157279024597454,5.3462897966474396e-07,true,9,true
n2_pair_f1.0_d4.0,2,pair,2,1,4,0.0084143200111476638,-2:0:0;2:0:0,7,9,56,28,1.0219311573216177,1.2563271939769698e-17,3.2839299474427876e-23,1.142661455931923e-16,0,0,0.077006217676000938:3.3890463998381276e-21:0;-0.077006217676000924:9.4447318433644289e-18:0,0:0:0;0:0:0,0.077006217676000938:3.3890463998381276e-21:0;-0.077006217676000924:9.4447318433644289e-18:0,0.076117443995423306:3.3539292229144258e-21:0;-0.076117443995423292:9.3361343476740654e-18:0,0.00088877368057763075:3.511717692370195e-23:0;-0.00088877368057763053:1.085974956903642e-19:0,balanced_sqrt,true,true,0.077006217676000938,7.8159513841671978e-07,6.0187685363422005e-08,true,7,true,0.077006217676000938,7.8159513841671978e-07,6.0187685363422005e-08,true,7,true,0.076117443995423306,6.8224586183120672e-08,5.1930811179046188e-09,true,6,true,0.00088877368057763064,6.1876949609997666e-05,5.4994604247794211e-08,true,9,true
n2_pair_f1.0_d4.0,2,pair,2,1,4,0.0084143200111476638,-2:0:0;2:0:0,8,9,72,36,1.0219311690581536,2.9008427004031256e-17,7.2589302772416834e-25,1.8122732208976738e-16,0,0,0.077006223416022326:2.3510101687290768e-20:0;-0.077006223416022285:9.434683647330107e-18:0,0:0:0;0:0:0,0.077006223416022326:2.3510101687290768e-20:0;-0.077006223416022285:9.434683647330107e-18:0,0.07611744446661993:2.3461298496002957e-20:0;-0.076117444466619888:9.3252473484837457e-18:0,0.00088877894940239742:4.8803191287809689e-23:0;-0.00088877894940239709:1.0943629884636073e-19:0,balanced_sqrt,true,true,0.077006223416022312,7.4539707574905812e-08,5.7400213748781681e-09,true,7,true,0.077006223416022312,7.4539707574905812e-08,5.7400213748781681e-09,true,7,true,0.076117444466619902,6.1903892440185084e-09,4.7119660950833995e-10,true,6,true,0.0008887789494023972,5.9281610688004555e-06,5.2688247666166609e-09,true,9,true
n2_pair_f1.0_d4.0,2,pair,2,1,4,0.0084143200111476638,-2:0:0;2:0:0,9,9,90,45,1.0219311701526927,2.2721043391634098e-17,1.492489880985806e-26,1.3621705397660356e-16,0,0,0.077006223935809595:1.6977511114594853e-21:0;-0.077006223935809595:9.4413930931556645e-18:0,0:0:0;0:0:0,0.077006223935809595:1.6977511114594853e-21:0;-0.077006223935809595:9.4413930931556645e-18:0,0.07611744450765319:6.866453859437155e-24:0;-0.07611744450765319:9.3319359010204849e-18:0,0.0008887794281564076:1.6908846576000482e-21:0;-0.0008887794281564076:1.0945719213517973e-19:0,balanced_sqrt,true,true,0.077006223935809595,6.7499386807004969e-09,5.1978728959900563e-10,true,7,true,0.077006223935809595,6.7499386807004969e-09,5.1978728959900563e-10,true,7,true,0.07611744450765319,5.390785411302028e-10,4.1033280939744849e-11,true,6,true,0.0008887794281564076,5.3866459458097156e-07,4.7875401033977902e-10,true,9,true
n2_pair_f0.8_d2.5,2,pair,3,0.80000000000000004,2.5,0.026387876003953037,-1.25:0:0;1.25:0:0,2,13,6,3,1.0931960256828301,1.9685021237526959e-17,3.024889503631564e-18,1.1868502143999946e-16,0,0,0.33619222949803579:1.3392766832644274e-19:0;-0.33619222949803584:4.139704227970345e-17:0,0:0:0;0:0:0,0.33619222949803579:1.3392766832644274e-19:0;-0.33619222949803584:4.139704227970345e-17:0,0.32718072136848442:1.3057947661828167e-19:0;-0.32718072136848447:4.0285442632593976e-17:0,0.009011508129551352:3.3481917081610685e-21:0;-0.0090115081295513537:1.1115996471094746e-18:0,balanced_sqrt,true,true,0.33619222949803579,0,0,false,11,true,0.33619222949803579,0,0,false,11,true,0.32718072136848442,0,0,false,10,true,0.009011508129551352,0,0,false,13,true
n2_pair_f0.8_d2.5,2,pair,3,0.80000000000000004,2.5,0.026387876003953037,-1.25:0:0;1.25:0:0,3,13,12,6,1.1148376660111652,1.518845097258798e-17,1.1650455360288503e-18,1.425744012265791e-16,0,0,0.34767202807404474:4.184430636140365e-19:0;-0.34767202807404474:4.301999422671195e-17:0,0:0:0;0:0:0,0.34767202807404474:4.184430636140365e-19:0;-0.34767202807404474:4.301999422671195e-17:0,0.3308891837572393:3.8873272345793104e-19:0;-0.3308891837572393:4.0947172954389794e-17:0,0.016782844316805406:2.971034015610545e-20:0;-0.016782844316805413:2.0728212723221546e-18:0,balanced_sqrt,true,true,0.34767202807404474,0.033019045678198862,0.011479798576008921,true,11,true,0.34767202807404474,0.033019045678198862,0.011479798576008921,true,11,true,0.3308891837572393,0.011207566069840512,0.0037084623887548573,true,10,true,0.01678284431680541,0.46305239091518424,0.0077713361872540571,true,13,true
n2_pair_f0.8_d2.5,2,pair,3,0.80000000000000004,2.5,0.026387876003953037,-1.25:0:0;1.25:0:0,4,13,20,10,1.1253662219364424,3.0298914745858942e-17,1.8563276184692202e-20,1.1969139332861974e-16,0,0,0.35257977168881222:6.539355445563922e-19:0;-0.35257977168881222:4.3670354117397299e-17:0,0:0:0;0:0:0,0.35257977168881222:6.539355445563922e-19:0;-0.35257977168881222:4.3670354117397299e-17:0,0.3321766916879984:6.0680511987235493e-19:0;-0.3321766916879984:4.1144424522417987e-17:0,0.020403080000813832:4.7130424684037292e-20:0;-0.020403080000813836:2.5259295949793114e-18:0,balanced_sqrt,true,true,0.35257977168881222,0.013919526895317936,0.0049077436147674791,true,11,true,0.35257977168881222,0.013919526895317936,0.0049077436147674791,true,11,true,0.3321766916879984,0.0038759731280857352,0.001287507930759102,true,10,true,0.020403080000813832,0.17743574420450348,0.003620235684008424,true,13,true
n2_pair_f0.8_d2.5,2,pair,3,0.80000000000000004,2.5,0.026387876003953037,-1.25:0:0;1.25:0:0,5,13,30,15,1.1300134683863645,2.5578090637118709e-17,5.4824984513024682e-22,1.6534831320160451e-16,0,0,0.35421730871809598:5.9733783884231561e-19:0;-0.35421730871809598:4.4024490913045377e-17:0,0:0:0;0:0:0,0.35421730871809598:5.9733783884231561e-19:0;-0.35421730871809598:4.4024490913045377e-17:0,0.3325243865968352:5.5330254960402728e-19:0;-0.3325243865968352:4.1325595488062069e-17:0,0.021692922121260779:4.4035289238288366e-20:0;-0.021692922121260776:2.698895424983311e-18:0,balanced_sqrt,true,true,0.35421730871809598,0.0046229729292731961,0.0016375370292837643,true,11,true,0.35421730871809598,0.0046229729292731961,0.0016375370292837643,true,11,true,0.3325243865968352,0.0010456222847148688,0.0003476949088367931,true,10,true,0.021692922121260776,0.05945912280682538,0.0012898421204469435,true,13,true
n2_pair_f0.8_d2.5,2,pair,3,0.80000000000000004,2.5,0.026387876003953037,-1.25:0:0;1.25:0:0,6,13,42,21,1.1319003982321483,2.5550614770028117e-17,1.1719442728949647e-23,1.8793902058309175e-16,0,0,0.35470732665555699:5.8666746709423736e-19:0;-0.35470732665555693:4.4059375021832678e-17:0,0:0:0;0:0:0,0.35470732665555699:5.8666746709423736e-19:0;-0.35470732665555693:4.4059375021832678e-17:0,0.33261903205465843:5.3986458888293777e-19:0;-0.33261903205465843:4.1308762729285196e-17:0,0.022088294600898579:4.6802878211299543e-20:0;-0.022088294600898523:2.7506122925474837e-18:0,balanced_sqrt,true,true,0.35470732665555693,0.0013814711471601977,0.00049001793746097921,true,11,true,0.35470732665555693,0.0013814711471601977,0.00049001793746097921,true,11,true,0.33261903205465843,0.00028454612845988693,9.4645457823228085e-05,true,10,true,0.022088294600898551,0.01789963810160744,0.00039537247963777363,true,13,true
n2_pair_f0.8_d2.5,2,pair,3,0.80000000000000004,2.5,0.026387876003953037,-1.25:0:0;1.25:0:0,7,13,56,28,1.1326133961616607,2.5181251965225919e-17,1.3110798307092199e-25,1.0854099431401493e-16,0,0,0.35484171500238437:6.1383282853076084e-19:0;-0.35484171500238437:4.4053206133258087e-17:0,0:0:0;0:0:0,0.35484171500238437:6.1383282853076084e-19:0;-0.35484171500238437:4.4053206133258087e-17:0,0.33264312400187784:5.6665042246290143e-19:0;-0.3326431240018779:4.1288674979935772e-17:0,0.022198591000506505:4.7182406067859439e-20:0;-0.022198591000506501:2.7645311533223127e-18:0,balanced_sqrt,true,true,0.35484171500238437,0.00037872758795146213,0.00013438834682741319,true,11,true,0.35484171500238437,0.00037872758795146213,0.00013438834682741319,true,11,true,0.3326431240018779,7.2425808565066327e-05,2.4091947219445631e-05,true,10,true,0.022198591000506505,0.0049686216393389701,0.00011029639960795194,true,13,true
n2_pair_f0.8_d2.5,2,pair,3,0.80000000000000004,2.5,0.026387876003953037,-1.25:0:0;1.25:0:0,8,13,72,36,1.1328673030310312,1.7443223137620966e-17,2.1304925086546123e-27,6.3503743405881026e-17,0,0,0.35487646626170205:6.5031907073183312e-19:0;-0.35487646626170205:4.4113205416453193e-17:0,0:0:0;0:0:0,0.35487646626170205:6.5031907073183312e-19:0;-0.35487646626170205:4.4113205416453193e-17:0,0.33264897291712203:6.0015542865092225e-19:0;-0.33264897291712203:4.1338949195128517e-17:0,0.022227493344580018:5.0163642080910853e-20:0;-0.022227493344580018:2.7742562213246747e-18:0,balanced_sqrt,true,true,0.35487646626170205,9.7924947471864237e-05,3.4751259317677974e-05,true,11,true,0.35487646626170205,9.7924947471864237e-05,3.4751259317677974e-05,true,11,true,0.33264897291712203,1.7582844741318981e-05,5.8489152441609793e-06,true,10,true,0.022227493344580018,0.0013002970521893259,2.890234407351526e-05,true,13,true
n2_pair_f0.8_d2.5,2,pair,3,0.80000000000000004,2.5,0.026387876003953037,-1.25:0:0;1.25:0:0,9,13,90,45,1.1329535742333885,1.2885916894467221e-17,1.0935674583369482e-29,1.0144482852702818e-16,0,0,0.35488509498524234:5.1915526881888615e-19:0;-0.35488509498524234:4.4066678168549196e-17:0,0:0:0;0:0:0,0.35488509498524234:5.1915526881888615e-19:0;-0.35488509498524234:4.4066678168549196e-17:0,0.33265034507183039:4.6613554369752617e-19:0;-0.33265034507183039:4.1305462611602177e-17:0,0.022234749913411934:5.3019725121360015e-20:0;-0.022234749913411934:2.7612155569470203e-18:0,balanced_sqrt,true,true,0.35488509498524234,2.4314133397607411e-05,8.628723540293759e-06,true,11,true,0.35488509498524234,2.4314133397607411e-05,8.628723540293759e-06,true,11,true,0.33265034507183039,4.1249159325550275e-06,1.3721547083567209e-06,true,10,true,0.022234749913411934,0.00032636161234892417,7.2565688319162214e-06,true,13,true
n2_pair_f0.8_d2.5,2,pair,3,0.80000000000000004,2.5,0.026387876003953037,-1.25:0:0;1.25:0:0,10,13,110,55,1.13298183569762,4.317468091119008e-17,1.9844358977092992e-31,2.6646694775911899e-16,0,0,0.35488717823167787:7.6531256936833583e-19:0;-0.35488717823167765:4.4179732237279542e-17:0,0:0:0;0:0:0,0.35488717823167787:7.6531256936833583e-19:0;-0.35488717823167765:4.4179732237279542e-17:0,0.33265065908237085:7.0080800299614803e-19:0;-0.33265065908237063:4.1402698505642772e-17:0,0.022236519149307032:6.4504566372187837e-20:0;-0.022236519149307014:2.7770337316367718e-18:0,balanced_sqrt,true,true,0.35488717823167776,5.8701654024076954e-06,2.0832464354136881e-06,true,11,true,0.35488717823167776,5.8701654024076954e-06,2.0832464354136881e-06,true,11,true,0.33265065908237074,9.4396488260038624e-07,3.1401054034763121e-07,true,10,true,0.022236519149307021,7.9564426572750931e-05,1.7692358950886083e-06,true,13,true
n2_pair_f0.8_d2.5,2,pair,3,0.80000000000000004,2.5,0.026387876003953037,-1.25:0:0;1.25:0:0,11,13,132,66,1.132990833662459,2.2931640554161219e-17,2.7293588203842478e-33,1.1455813698251816e-16,0,0,0.35488767175827191:4.9227277145356034e-19:0;-0.35488767175827185:4.4086819903484832e-17:0,0:0:0;0:0:0,0.35488767175827191:4.9227277145356034e-19:0;-0.35488767175827185:4.4086819903484832e-17:0,0.33265072967534992:4.5271980423469625e-19:0;-0.33265072967534992:4.1315488470656801e-17:0,0.02223694208292196:3.9552967218864084e-20:0;-0.02223694208292195:2.7713314328280325e-18:0,balanced_sqrt,true,true,0.35488767175827191,1.3906557860253888e-06,4.9352659411971977e-07,true,11,true,0.35488767175827191,1.3906557860253888e-06,4.9352659411971977e-07,true,11,true,0.33265072967534992,2.122135107093597e-07,7.0592979184436189e-08,true,10,true,0.022236942082921953,1.9019414331102145e-05,4.2293361493181414e-07,true,13,true
n2_pair_f0.8_d2.5,2,pair,3,0.80000000000000004,2.5,0.026387876003953037,-1.25:0:0;1.25:0:0,12,13,156,78,1.1329936343615188,1.500914953887984e-17,7.0604409114627037e-36,2.0043141238611228e-16,0,0,0.3548877872740055:5.1077732788045941e-19:0;-0.3548877872740055:4.4155058498335617e-17:0,0:0:0;0:0:0,0.3548877872740055:5.1077732788045941e-19:0;-0.3548877872740055:4.4155058498335617e-17:0,0.33265074535134992:4.761278203187865e-19:0;-0.33265074535134992:4.1372504151566895e-17:0,0.022237041922655579:3.4649507561672897e-20:0;-0.022237041922655579:2.7825543467687196e-18:0,balanced_sqrt,true,true,0.3548877872740055,3.2549932051695667e-07,1.1551573361745504e-07,true,11,true,0.3548877872740055,3.2549932051695667e-07,1.1551573361745504e-07,true,11,true,0.33265074535134992,4.7124499845986904e-08,1.5675999998077117e-08,true,10,true,0.022237041922655579,4.4897938301255443e-06,9.9839733624582094e-08,true,13,true
n2_pair_f0.8_d2.5,2,pair,3,0.80000000000000004,2.5,0.026387876003953037,-1.25:0:0;1.25:0:0,13,13,182,91,1.1329944902350997,3.2922151361681727e-17,1.3341669343675218e-37,1.9225683868841192e-16,0,0,0.35488781412980741:-1.3537820726800567e-19:0;-0.35488781412980724:4.4203615890689892e-17:0,0:0:0;0:0:0,0.35488781412980741:-1.3537820726800567e-19:0;-0.35488781412980724:4.4203615890689892e-17:0,0.33265074880490425:-1.5075901994590128e-19:0;-0.33265074880490408:4.1439505311258713e-17:0,0.022237065324903146:1.5380812677895611e-20:0;-0.022237065324903139:2.7641105794311765e-18:0,balanced_sqrt,true,true,0.35488781412980736,7.5674060261047798e-08,2.6855801832370574e-08,true,11,true,0.35488781412980736,7.5674060261047798e-08,2.6855801832370574e-08,true,11,true,0.33265074880490419,1.0381922363143254e-08,3.453554248133984e-09,true,10,true,0.022237065324903143,1.0523982018981563e-06,2.3402247563419909e-08,true,13,true
n2_pair_f1.0_d2.1,2,pair,4,1,2.1000000000000001,0.055167482766554234,-1.05:0:0;1.05:0:0,2,13,6,3,1.252595633741499,2.4376883285450575e-17,7.8666548473085565e-18,9.4187735673994262e-17,0,0,1.1688981782766579:2.5981967655329892e-18:0;-1.1688981782766579:1.4552580440351267e-16:0,0:0:0;0:0:0,1.1688981782766579:2.5981967655329892e-18:0;-1.1688981782766579:1.4552580440351267e-16:0,1.1012681558070057:2.4508763303739021e-18:0;-1.1012681558070057:1.3707496853211415e-16:0,0.067630022469652107:1.4732043515908703e-19:0;-0.067630022469652107:8.450835871398537e-18:0,balanced_sqrt,true,true,1.1688981782766579,0,0,false,0,false,1.1688981782766579,0,0,false,0,false,1.1012681558070057,0,0,false,0,false,0.067630022469652107,0,0,false,0,false
n2_pair_f1.0_d2.1,2,pair,4,1,2.1000000000000001,0.055167482766554234,-1.05:0:0;1.05:0:0,3,13,12,6,1.3808982993265744,2.302787441189425e-17,1.5642293497302477e-19,3.5341883666915787e-17,4.109159378404124e-34,0,1.3256610399914373:4.9641484297208664e-18:0;-1.3256610399914373:1.6842413935436402e-16:0,0:0:0;0:0:0,1.3256610399914373:4.9641484297208664e-18:0;-1.3256610399914373:1.6842413935436402e-16:0,1.1583748029910201:4.3157587790994282e-18:0;-1.1583748029910201:1.4712942716162644e-16:0,0.16728623700041714:6.4838965062143781e-19:0;-0.16728623700041714:2.1294712192737576e-17:0,balanced_sqrt,true,true,1.3256610399914373,0.11825259774986821,0.15676286171477938,true,0,false,1.3256610399914373,0.11825259774986821,0.15676286171477938,true,0,false,1.1583748029910201,0.049298937646572047,0.057106647184014481,true,0,false,0.16728623700041714,0.59572273438439849,0.099656214530765036,true,0,false
n2_pair_f1.0_d2.1,2,pair,4,1,2.1000000000000001,0.055167482766554234,-1.05:0:0;1.05:0:0,4,13,20,10,1.4923123412949431,1.1201897131018948e-17,9.783932940943627e-22,5.5493952763691154e-17,0,0,1.4406635683119156:1.1896338953033912e-17:0;-1.4406635683119153:1.8613124643650809e-16:0,0:0:0;0:0:0,1.4406635683119156:1.1896338953033912e-17:0;-1.4406635683119153:1.8613124643650809e-16:0,1.1912578146218211:9.631135272427893e-18:0;-1.1912578146218209:1.536771020338153e-16:0,0.24940575369009452:2.2652036806060187e-18:0;-0.24940575369009452:3.2454144402692797e-17:0,balanced_sqrt,true,true,1.4406635683119156,0.079826082126329717,0.11500252832047819,true,0,false,1.4406635683119156,0.079826082126329717,0.11500252832047819,true,0,false,1.1912578146218211,0.027603606227959959,0.032883011630800874,true,0,false,0.24940575369009452,0.3292607146173423,0.082119516689677374,true,0,false
n2_pair_f1.0_d2.1,2,pair,4,1,2.1000000000000001,0.055167482766554234,-1.05:0:0;1.05:0:0,5,13,30,15,1.5846956861782959,4.6109625681062938e-17,5.2560909100913126e-23,1.4632703437766967e-16,1.0391239639349075e-16,0,1.5109770471833026:1.458730117822895e-17:0;-1.5109770471833019:1.9981288581249469e-16:0,0:0:0;0:0:0,1.5109770471833026:1.458730117822895e-17:0;-1.5109770471833019:1.9981288581249469e-16:0,1.2077281905376389:1.1216261020791361e-17:0;-1.2077281905376385:1.5905899409177468e-16:0,0.30324885664566364:3.3710401574375886e-18:0;-0.30324885664566359:4.0753891720720031e-17:0,balanced_sqrt,true,true,1.5109770471833022,0.046535107202629038,0.070313478871386836,true,0,false,1.5109770471833022,0.046535107202629038,0.070313478871386836,true,0,false,1.2077281905376387,0.013637485689959461,0.016470375915817681,true,0,false,0.30324885664566364,0.17755418289501748,0.0538431029555691,true,0,false
n2_pair_f1.0_d2.1,2,pair,4,1,2.1000000000000001,0.055167482766554234,-1.05:0:0;1.05:0:0,6,13,42,21,1.6588177353569011,1.779343214538463e-17,1.0489601164943057e-24,8.992700131722532e-17,0,0,1.5504857013814624:1.8344965020631023e-17:0;-1.5504857013814621:2.0609360571972169e-16:0,0:0:0;0:0:0,1.5504857013814624:1.8344965020631023e-17:0;-1.5504857013814621:2.0609360571972169e-16:0,1.2156289893417318:1.3150389607058549e-17:0;-1.2156289893417318:1.6036348332176545e-16:0,0.33485671203973044:5.1945754135724744e-18:0;-0.33485671203973033:4.5730122397956228e-17:0,balanced_sqrt,true,true,1.5504857013814621,0.025481469556899672,0.039508654198159965,true,0,false,1.5504857013814621,0.025481469556899672,0.039508654198159965,true,0,false,1.2156289893417318,0.0064993504378103289,0.0079007988040931121,true,0,false,0.33485671203973039,0.09439218106614071,0.031607855394066769,true,0,false
n2_pair_f1.0_d2.1,2,pair,4,1,2.1000000000000001,0.055167482766554234,-1.05:0:0;1.05:0:0,7,13,56,28,1.7167336083843812,1.5549570251611403e-17,3.2839109297156111e-27,1.0504069035638526e-16,9.9897162063809863e-17,0,1.5717087715473537:1.8977864533618156e-17:0;-1.5717087715473534:2.0947692146813058e-16:0,0:0:0;0:0:0,1.5717087715473537:1.8977864533618156e-17:0;-1.5717087715473534:2.0947692146813058e-16:0,1.2192997778501216:1.3298158311749918e-17:0;-1.2192997778501216:1.6066077274645786e-16:0,0.35240899369723211:5.6797062218682374e-18:0;-0.352408993697232:4.881614872167272e-17:0,balanced_sqrt,true,true,1.5717087715473534,0.013503182364374741,0.021223070165891311,true,0,false,1.5717087715473534,0.013503182364374741,0.021223070165891311,true,0,false,1.2192997778501216,0.0030105709646417855,0.0036707885083897551,true,0,false,0.35240899369723205,0.0498065655855012,0.017552281657501667,true,0,false
n2_pair_f1.0_d2.1,2,pair,4,1,2.1000000000000001,0.055167482766554234,-1.05:0:0;1.05:0:0,8,13,72,36,1.7609629025005884,1.1041945068007667e-17,5.9176404002387897e-29,5.5003718797557388e-17,1.1012503651768676e-32,0,1.5828851036440639:2.3347868086613987e-17:0;-1.5828851036440639:2.1513361688917541e-16:0,0:0:0;0:0:0,1.5828851036440639:2.3347868086613987e-17:0;-1.5828851036440639:2.1513361688917541e-16:0,1.2209852681437448:1.619614941989882e-17:0;-1.2209852681437448:1.6334322555708767e-16:0,0.36189983550031912:7.1517186667151686e-18:0;-0.36189983550031907:5.1790391332087722e-17:0,balanced_sqrt,true,true,1.5828851036440639,0.0070607349017187343,0.011176332096710317,true,0,false,1.5828851036440639,0.0070607349017187343,0.011176332096710317,true,0,false,1.2209852681437448,0.0013804345863940128,0.001685490293623193,true,0,false,0.36189983550031912,0.026225051442662708,0.0094908418030870412,true,0,false
n2_pair_f1.0_d2.1,2,pair,4,1,2.1000000000000001,0.055167482766554234,-1.05:0:0;1.05:0:0,9,13,90,45,1.794046766290454,1.4988196796320787e-17,0,9.6557241286753327e-17,1.0971954140124768e-32,0,1.58873503858924:1.8748147958040215e-17:0;-1.58873503858924:2.1661049574042728e-16:0,0:0:0;0:0:0,1.58873503858924:1.8748147958040215e-17:0;-1.58873503858924:2.1661049574042728e-16:0,1.2217596135664524:1.2291398661803455e-17:0;-1.2217596135664524:1.6391869800175867e-16:0,0.36697542502278774:6.45674929623676e-18:0;-0.36697542502278757:5.2691797738668593e-17:0,balanced_sqrt,true,true,1.58873503858924,0.0036821337750382642,0.0058499349451761606,true,0,false,1.58873503858924,0.0036821337750382642,0.0058499349451761606,true,0,false,1.2217596135664524,0.00063379523607528675,0.00077434542270760076,true,0,false,0.36697542502278763,0.013830870342757658,0.0050755895224685599,true,0,false
n2_pair_f1.0_d2.1,2,pair,4,1,2.1000000000000001,0.055167482766554234,-1.05:0:0;1.05:0:0,10,13,110,55,1.8183174877843125,3.777796768436577e-17,2.7414030182504392e-33,2.3251142001363067e-16,0,0,1.5917998139353338:1.1918783047282499e-17:0;-1.5917998139353342:2.1349779507580623e-16:0,0:0:0;0:0:0,1.5917998139353338:1.1918783047282499e-17:0;-1.5917998139353342:2.1349779507580623e-16:0,1.2221181209443275:6.7138665875213059e-18:0;-1.2221181209443277:1.609961363267898e-16:0,0.36968169299100634:5.2049164597611932e-18:0;-0.36968169299100651:5.2501658749016432e-17:0,balanced_sqrt,true,true,1.591799813935334,0.0019253522454667504,0.0030647753460939509,true,0,false,1.591799813935334,0.0019253522454667504,0.0030647753460939509,true,0,false,1.2221181209443275,0.00029334920392001167,0.00035850737787523901,true,0,false,0.36968169299100645,0.0073205355296958267,0.0027062679682187674,true,0,false
n2_pair_f1.0_d2.1,2,pair,4,1,2.1000000000000001,0.055167482766554234,-1.05:0:0;1.05:0:0,11,13,132,66,1.8357943995407513,1.0856470087235538e-17,2.0914819740046831e-35,1.0577237944021628e-16,1.3674690323238292e-33,0,1.5934115848484667:2.6276849022061889e-17:0;-1.5934115848484667:2.1569425712938472e-16:0,0:0:0;0:0:0,1.5934115848484667:2.6276849022061889e-17:0;-1.5934115848484667:2.1569425712938472e-16:0,1.2222859950685865:1.7603804562293104e-17:0;-1.2222859950685865:1.6223166986378603e-16:0,0.3711255897798803:8.6730444597687832e-18:0;-0.37112558977988025:5.3462587265598703e-17:0,balanced_sqrt,true,true,1.5934115848484667,0.0010115220251056304,0.0016117709131326929,true,0,false,1.5934115848484667,0.0010115220251056304,0.0016117709131326929,true,0,false,1.2222859950685865,0.00013734438988599661,0.00016787412425889325,true,0,false,0.37112558977988025,0.0038905880613898129,0.0014438967888738552,true,0,false
n2_pair_f1.0_d2.1,2,pair,4,1,2.1000000000000001,0.055167482766554234,-1.05:0:0;1.05:0:0,12,13,156,78,1.8481541817697988,2.7052578998162533e-17,3.4897626074239042e-37,1.5821528968101931e-16,0,0,1.5942629623643516:1.6591112850436656e-17:0;-1.5942629623643521:2.1497511821371329e-16:0,0:0:0;0:0:0,1.5942629623643516:1.6591112850436656e-17:0;-1.5942629623643521:2.1497511821371329e-16:0,1.2223655964136566:1.0977945326095648e-17:0;-1.2223655964136568:1.6160261956738114e-16:0,0.371897365950695:5.6131675243410073e-18:0;-0.37189736595069522:5.3372498646332157e-17:0,balanced_sqrt,true,true,1.5942629623643518,0.00053402577616338122,0.00085137751588515442,true,0,false,1.5942629623643518,0.00053402577616338122,0.00085137751588515442,true,0,false,1.2223655964136568,6.5120734176240039e-05,7.9601345070234863e-05,true,0,false,0.37189736595069511,0.0020752396802862965,0.00077177617081483629,true,0,false
n2_pair_f1.0_d2.1,2,pair,4,1,2.1000000000000001,0.055167482766554234,-1.05:0:0;1.05:0:0,13,13,182,91,1.8567431010959285,1.8976648324263564e-17,1.6879702744498332e-39,8.371874406103596e-17,1.3663518535979884e-33,0,1.5947144158282125:2.2121377221408272e-17:0;-1.5947144158282127:2.1940303874815315e-16:0,0:0:0;0:0:0,1.5947144158282125:2.2121377221408272e-17:0;-1.5947144158282127:2.1940303874815315e-16:0,1.2224038067762444:1.4559823825338839e-17:0;-1.2224038067762444:1.6495521361727309e-16:0,0.37231060905196822:7.5615533960694341e-18:0;-0.37231060905196833:5.4447825130880054e-17:0,balanced_sqrt,true,true,1.5947144158282127,0.00028309361185921926,0.00045145346386077367,true,0,false,1.5947144158282127,0.00028309361185921926,0.00045145346386077367,true,0,false,1.2224038067762444,3.1258379903474332e-05,3.8210362587665081e-05,true,0,false,0.37231060905196828,0.0011099417830865044,0.0004132431012731641,true,0,false
n3_compact_f0.4_d6.0,3,compact,1,0.40000000000000002,6,0.0021596118129056665,-3:-1.7320508075688774:0;3:-1.7320508075688774:0;0:3.4641016151377548:0,2,8,9,3,1.0035200320947193,7.4674475010706047e-17,1.1926651382819831e-17,1.2223480637139888e-16,0,0,0.0037226305715684213:0.0021492617625885591:0;-0.0037226305715684226:0.0021492617625885591:0;-3.0539693618064148e-18:-0.0042985235251771182:0,0:0:0;0:0:0;0:0:0,0.0037226305715684213:0.0021492617625885591:0;-0.0037226305715684226:0.0021492617625885591:0;-3.0539693618064148e-18:-0.0042985235251771182:0,0.003714613186435795:0.0021446329231240404:0;-0.0037146131864357963:0.0021446329231240404:0;-3.0474299248764128e-18:-0.0042892658462480807:0,8.0173851326261991e-06:4.6288394645186413e-06:0;-8.0173851326262025e-06:4.6288394645186404e-06:0;-6.5394369300020875e-21:-9.2576789290372809e-06:0,balanced_sqrt,true,true,0.0042985235251771182,0,0,false,6,true,0.0042985235251771182,0,0,false,6,true,0.0042892658462480807,0,0,false,6,true,9.2576789290372809e-06,0,0,false,8,true
n3_compact_f0.4_d6.0,3,compact,1,0.40000000000000002,6,0.0021596118129056665,-3:-1.7320508075688774:0;3:-1.7320508075688774:0;0:3.4641016151377548:0,3,8,18,6,1.0035365461511008,3.4044549201250577e-17,1.7942990229370293e-17,9.2641824999587011e-17,0,0,0.0037266791007840513:0.0021515991820210256:0;-0.0037266791007840535:0.0021515991820210251:0;-2.7299478345878722e-18:-0.0043031983640420502:0,0:0:0;0:0:0;0:0:0,0.0037266791007840513:0.0021515991820210256:0;-0.0037266791007840535:0.0021515991820210251:0;-2.7299478345878722e-18:-0.0043031983640420502:0,0.0037179782370862185:0.0021465757360228993:0;-0.0037179782370862207:0.0021465757360228988:0;-2.723563823923712e-18:-0.0042931514720457977:0,8.7008636978329916e-06:5.0234459981261218e-06:0;-8.700863697832995e-06:5.0234459981261218e-06:0;-6.3840106641601494e-21:-1.0046891996252244e-05:0,balanced_sqrt,true,true,0.0043031983640420502,0.0010863637855962759,4.6748388649324233e-06,true,6,true,0.0043031983640420502,0.0010863637855962759,4.6748388649324233e-06,true,6,true,0.0042931514720457985,0.00090507540277071107,3.8856257977175225e-06,true,6,true,1.0046891996252244e-05,0.078552956228588822,7.8921306721496189e-07,true,8,true
n3_compact_f0.4_d6.0,3,compact,1,0.40000000000000002,6,0.0021596118129056665,-3:-1.7320508075688774:0;3:-1.7320508075688774:0;0:3.4641016151377548:0,4,8,30,10,1.0035373613910425,2.1342768442473398e-17,1.3654226087954355e-17,7.8909621376338234e-17,0,0,0.0037269411462205987:0.0021517504740243545:0;-0.0037269411462205987:0.0021517504740243541:0;-2.6923794458818285e-18:-0.0043035009480487081:0,0:0:0;0:0:0;0:0:0,0.0037269411462205987:0.0021517504740243545:0;-0.0037269411462205987:0.0021517504740243541:0;-2.6923794458818285e-18:-0.0043035009480487081:0,0.0037182062860890153:0.002146707400176051:0;-0.0037182062860890153:0.0021467074001760506:0;-2.6860700993346813e-18:-0.0042934148003521012:0,8.7348601315832621e-06:5.0430738483033259e-06:0;-8.7348601315832638e-06:5.0430738483033259e-06:0;-6.3093465471470827e-21:-1.0086147696606652e-05:0,balanced_sqrt,true,true,0.004303500948048709,7.0311128151612259e-05,3.0258400665883761e-07,true,6,true,0.004303500948048709,7.0311128151612259e-05,3.0258400665883761e-07,true,6,true,0.004293414800352102,6.1333069025300358e-05,2.6332830630424165e-07,true,6,true,1.0086147696606652e-05,0.0038920409987270666,3.9255700354409657e-08,true,8,true
n3_compact_f0.4_d6.0,3,compact,1,0.40000000000000002,6,0.0021596118129056665,-3:-1.7320508075688774:0;3:-1.7320508075688774:0;0:3.4641016151377548:0,5,8,45,15,1.0035373984686053,1.464260956613893e-17,3.4221340515875259e-19,1.1614990211274941e-16,0,0,0.003726942924927229:0.0021517515009611076:0;-0.0037269429249272294:0.0021517515009611072:0;-2.6078168453592866e-18:-0.0043035030019222143:0,0:0:0;0:0:0;0:0:0,0.003726942924927229:0.0021517515009611076:0;-0.0037269429249272294:0.0021517515009611072:0;-2.6078168453592866e-18:-0.0043035030019222143:0,0.0037182064097257841:0.002146707471557774:0;-0.0037182064097257845:0.0021467074715577736:0;-2.6015728172729832e-18:-0.0042934149431155472:0,8.7365152014448072e-06:5.0440294033334188e-06:0;-8.7365152014448072e-06:5.0440294033334171e-06:0;-6.2440280863031381e-21:-1.0088058806666834e-05:0,balanced_sqrt,true,true,0.0043035030019222143,4.7725620363774203e-07,2.0538735050410226e-09,true,6,true,0.0043035030019222143,4.7725620363774203e-07,2.0538735050410226e-09,true,6,true,0.0042934149431155472,3.3251723109784662e-08,1.4276344488389003e-10,true,6,true,1.0088058806666834e-05,0.00018944279536897994,1.911110060181621e-09,true,8,true
n3_compact_f0.4_d6.0,3,compact,1,0.40000000000000002,6,0.0021596118129056665,-3:-1.7320508075688774:0;3:-1.7320508075688774:0;0:3.4641016151377548:0,6,8,63,21,1.0035374000483139,2.3625680806054892e-17,4.1110837624278086e-20,1.2937251699740995e-16,0,0,0.003726943021943421:0.0021517515569734317:0;-0.0037269430219434227:0.0021517515569734313:0;-3.0577548766048754e-18:-0.0043035031139468626:0,0:0:0;0:0:0;0:0:0,0.003726943021943421:0.0021517515569734317:0;-0.0037269430219434227:0.0021517515569734313:0;-3.0577548766048754e-18:-0.0043035031139468626:0,0.003718206415830044:0.0021467074750820695:0;-0.0037182064158300457:0.002146707475082069:0;-3.0504470842391879e-18:-0.0042934149501641381:0,8.7366061133771524e-06:5.0440818913620322e-06:0;-8.7366061133771592e-06:5.0440818913620314e-06:0;-7.3077923656874784e-21:-1.0088163782724059e-05:0,balanced_sqrt,true,true,0.0043035031139468634,2.6031037057386219e-08,1.120246490357278e-10,true,6,true,0.0043035031139468634,2.6031037057386219e-08,1.120246490357278e-10,true,6,true,0.0042934149501641389,1.6417215639449547e-09,7.0485919066481199e-12,true,6,true,1.0088163782724061e-05,1.0405863692142416e-05,1.0497605722703439e-10,true,8,true
n3_compact_f0.4_d6.0,3,compact,1,0.40000000000000002,6,0.0021596118129056665,-3:-1.7320508075688774:0;3:-1.7320508075688774:0;0:3.4641016151377548:0,7,8,84,28,1.0035374001112221,3.236957419577514e-17,1.5432290206332668e-21,1.2327834099944652e-16,0,0,0.0037269430269212429:0.0021517515598473784:0;-0.0037269430269212438:0.002151751559847378:0;-2.4603331987536121e-18:-0.0043035031196947569:0,0:0:0;0:0:0;0:0:0,0.0037269430269212429:0.0021517515598473784:0;-0.0037269430269212438:0.002151751559847378:0;-2.4603331987536121e-18:-0.0043035031196947569:0,0.003718206416033259:0.0021467074751993958:0;-0.0037182064160332599:0.0021467074751993953:0;-2.4544492053309905e-18:-0.0042934149503987915:0,8.736610887984108e-06:5.0440846479826408e-06:0;-8.7366108879841097e-06:5.0440846479826391e-06:0;-5.8839934226215091e-21:-1.0088169295965282e-05:0,balanced_sqrt,true,true,0.0043035031196947569,1.3356313393718631e-09,5.7478936357488996e-12,true,6,true,0.0043035031196947569,1.3356313393718631e-09,5.7478936357488996e-12,true,6,true,0.0042934149503987915,5.4654067272529447e-11,2.3465258952797922e-13,true,6,true,1.008816929596528e-05,5.465056203975829e-07,5.5132412197673523e-12,true,8,true
n3_compact_f0.4_d6.0,3,compact,1,0.40000000000000002,6,0.0021596118129056665,-3:-1.7320508075688774:0;3:-1.7320508075688774:0;0:3.4641016151377548:0,8,8,108,36,1.0035374001135806,4.0240361486917521e-17,4.7259792437981283e-23,1.3955390569148663e-16,0,0,0.0037269430271443652:0.0021517515599761986:0;-0.0037269430271443652:0.0021517515599761977:0;-2.6580655758634706e-18:-0.0043035031199523937:0,0:0:0;0:0:0;0:0:0,0.0037269430271443652:0.0021517515599761986:0;-0.0037269430271443652:0.0021517515599761977:0;-2.6580655758634706e-18:-0.0043035031199523937:0,0.0037182064160417752:0.0021467074752043128:0;-0.0037182064160417752:0.002146707475204312:0;-2.6517894871021944e-18:-0.0042934149504086222:0,8.7366111025902305e-06:5.0440847718855387e-06:0;-8.7366111025902322e-06:5.0440847718855361e-06:0;-6.2760887612762401e-21:-1.0088169543771072e-05:0,balanced_sqrt,true,true,0.0043035031199523954,5.9867128331011178e-11,2.5763837355509704e-13,true,6,true,0.0043035031199523954,5.9867128331011178e-11,2.5763837355509704e-13,true,6,true,0.0042934149504086239,2.2901163856039589e-12,9.8324199281277985e-15,true,6,true,1.0088169543771079e-05,2.4564000194351883e-08,2.4780579863384753e-13,true,8,true
n3_compact_f0.1_d2.1,3,compact,2,0.10000000000000001,2.1000000000000001,0.011033496553310861,-1.05:-0.60621778264910697:0;1.05:-0.60621778264910697:0;0:1.2124355652982139:0,2,13,9,3,1.0310207693279507,7.4190333003203702e-17,2.9965995889942531e-17,1.5773105532500079e-16,0,0,0.015056347067753646:0.0086927860325800056:0;-0.015056347067753649:0.0086927860325800039:0;-3.6234758451664362e-18:-0.017385572065160015:0,0:0:0;0:0:0;0:0:0,0.015056347067753646:0.0086927860325800056:0;-0.015056347067753649:0.0086927860325800039:0;-3.6234758451664362e-18:-0.017385572065160015:0,0.014889413401670963:0.0085964068355303576:0;-0.014889413401670966:0.0085964068355303559:0;-3.5833498601639432e-18:-0.017192813671060715:0,0.0001669336660826838:9.6379197049648686e-05:0;-0.00016693366608268388:9.6379197049648659e-05:0;-4.0125985002492805e-20:-0.00019275839409929987:0,balanced_sqrt,true,true,0.017385572065160008,0,0,false,12,true,0.017385572065160008,0,0,false,12,true,0.017192813671060708,0,0,false,11,true,0.00019275839409929813,0,0,false,0,false
n3_compact_f0.1_d2.1,3,compact,2,0.10000000000000001,2.1000000000000001,0.011033496553310861,-1.05:-0.60621778264910697:0;1.05:-0.60621778264910697:0;0:1.2124355652982139:0,3,13,18,6,1.0402308649661314,3.7031892409231032e-17,2.7095577063585323e-18,1.2685084082125684e-16,0,0,0.01526928867521724:0.0088157279269707855:0;-0.015269288675217244:0.0088157279269707838:0;-4.6418266264853455e-18:-0.017631455853941564:0,0:0:0;0:0:0;0:0:0,0.01526928867521724:0.0088157279269707855:0;-0.015269288675217244:0.0088157279269707838:0;-4.6418266264853455e-18:-0.017631455853941564:0,0.014974475403155413:0.0086455174049852139:0;-0.014974475403155415:0.0086455174049852122:0;-4.5535061670521726e-18:-0.017291034809970421:0,0.00029481327206182841:0.00017021052198557121:0;-0.00029481327206182852:0.00017021052198557121:0;-8.8320459433172957e-20:-0.00034042104397114231:0,balanced_sqrt,true,true,0.017631455853941561,0.013945745083017992,0.0002458837887815543,true,12,true,0.017631455853941561,0.013945745083017992,0.0002458837887815543,true,12,true,0.017291034809970421,0.0056804662062835271,9.8221138909709087e-05,true,11,true,0.00034042104397114225,0.43376475246448504,0.00014766264987184409,true,0,false
n3_compact_f0.1_d2.1,3,compact,2,0.10000000000000001,2.1000000000000001,0.011033496553310861,-1.05:-0.60621778264910697:0;1.05:-0.60621778264910697:0;0:1.2124355652982139:0,4,13,30,10,1.0459618230032777,3.4596840289403379e-17,5.1398980616326761e-20,1.8154051931329561e-16,0,0,0.015354886648025751:0.0088651479396138697:0;-0.015354886648025754:0.0088651479396138697:0;-2.9594243180429712e-18:-0.017730295879227729:0,0:0:0;0:0:0;0:0:0,0.015354886648025751:0.0088651479396138697:0;-0.015354886648025754:0.0088651479396138697:0;-2.9594243180429712e-18:-0.017730295879227729:0,0.015005571582121331:0.00866347079228196:0;-0.015005571582121334:0.00866347079228196:0;-2.8979779465619982e-18:-0.01732694158456391:0,0.00034931506590442037:0.00020167714733190927:0;-0.00034931506590442048:0.00020167714733190933:0;-6.1446371480973143e-20:-0.00040335429466381828:0,balanced_sqrt,true,true,0.017730295879227725,0.0055746404887670898,9.884002528616316e-05,true,12,true,0.017730295879227725,0.0055746404887670898,9.884002528616316e-05,true,12,true,0.017326941584563906,0.002072308861794494,3.5906774593487311e-05,true,11,true,0.00040335429466381817,0.15602474431350402,6.2933250692675984e-05,true,0,false
n3_compact_f0.1_d2.1,3,compact,2,0.10000000000000001,2.1000000000000001,0.011033496553310861,-1.05:-0.60621778264910697:0;1.05:-0.60621778264910697:0;0:1.2124355652982139:0,5,13,45,15,1.0496953947451166,2.5169958144483563e-17,6.9284044933613301e-22,1.5321456093896718e-16,0,0,0.015386212689385293:0.0088832340380254459:0;-0.015386212689385293:0.0088832340380254442:0;-4.4070389065981716e-18:-0.017766468076050888:0,0:0:0;0:0:0;0:0:0,0.015386212689385293:0.0088832340380254459:0;-0.015386212689385293:0.0088832340380254442:0;-4.4070389065981716e-18:-0.017766468076050888:0,0.015014567019976114:0.0086686643107488966:0;-0.015014567019976114:0.0086686643107488949:0;-4.3058389374884625e-18:-0.01733732862149779:0,0.00037164566940917987:0.00021456972727654895:0;-0.00037164566940917987:0.00021456972727654892:0;-1.0119996910970911e-19:-0.00042913945455309768:0,balanced_sqrt,true,true,0.017766468076050878,0.0020359813029982264,3.617219682315446e-05,true,12,true,0.017766468076050878,0.0020359813029982264,3.617219682315446e-05,true,12,true,0.017337328621497783,0.00059911403657629352,1.0387036933875243e-05,true,11,true,0.00042913945455309757,0.060085735803835152,2.5785159889279342e-05,true,0,false
n3_compact_f0.1_d2.1,3,compact,2,0.10000000000000001,2.1000000000000001,0.011033496553310861,-1.05:-0.60621778264910697:0;1.05:-0.60621778264910697:0;0:1.2124355652982139:0,6,13,63,21,1.0523296178895616,3.1947472007521858e-17,1.6481168444145313e-23,1.5870833746202214e-16,0,0,0.015400262784935637:0.0088913458644735727:0;-0.015400262784935633:0.0088913458644735693:0;-3.6597449796962443e-18:-0.017782691728947135:0,0:0:0;0:0:0;0:0:0,0.015400262784935637:0.0088913458644735727:0;-0.015400262784935633:0.0088913458644735693:0;-3.6597449796962443e-18:-0.017782691728947135:0,0.015018334988061993:0.0086708397481375724:0;-0.015018334988061989:0.0086708397481375689:0;-3.5874910436433538e-18:-0.017341679496275134:0,0.00038192779687364477:0.00022050611633599981:0;-0.00038192779687364477:0.00022050611633599976:0;-7.2253936052890889e-20:-0.00044101223267199952:0,balanced_sqrt,true,true,0.017782691728947132,0.00091232829897426181,1.6223652896254012e-05,true,12,true,0.017782691728947132,0.00091232829897426181,1.6223652896254012e-05,true,12,true,0.017341679496275134,0.00025089119991444377,4.3508747773521756e-06,true,11,true,0.00044101223267199925,0.026921652596725298,1.1872778118901749e-05,true,0,false
n3_compact_f0.1_d2.1,3,compact,2,0.10000000000000001,2.1000000000000001,0.011033496553310861,-1.05:-0.60621778264910697:0;1.05:-0.60621778264910697:0;0:1.2124355652982139:0,7,13,84,28,1.0542572589031034,2.4634818245037969e-17,1.9886261451183604e-25,1.514598750745688e-16,0,0,0.015406346600594732:0.0088948583570820482:0;-0.015406346600594732:0.0088948583570820465:0;-3.7855652493741334e-18:-0.01778971671416409:0,0:0:0;0:0:0;0:0:0,0.015406346600594732:0.0088948583570820482:0;-0.015406346600594732:0.0088948583570820465:0;-3.7855652493741334e-18:-0.01778971671416409:0,0.015019846374853634:0.0086717123477085753:0;-0.015019846374853634:0.0086717123477085736:0;-3.692807607015672e-18:-0.017343424695417144:0,0.00038650022574109651:0.0002231460093734734:0;-0.00038650022574109657:0.00022314600937347335:0;-9.2757642358461448e-20:-0.00044629201874694664:0,balanced_sqrt,true,true,0.01778971671416409,0.00039489022393273928,7.0249852169562522e-06,true,12,true,0.01778971671416409,0.00039489022393273928,7.0249852169562522e-06,true,12,true,0.017343424695417144,0.00010062598204553514,1.7451991420091362e-06,true,11,true,0.00044629201874694653,0.011830339448532632,5.2797860749472665e-06,true,0,false
n3_compact_f0.1_d2.1,3,compact,2,0.10000000000000001,2.1000000000000001,0.011033496553310861,-1.05:-0.60621778264910697:0;1.05:-0.60621778264910697:0;0:1.2124355652982139:0,8,13,108,36,1.0556300688497264,4.5568882500790517e-17,2.4605796987835136e-27,3.0104833480653959e-16,0,0,0.01540864697079606:0.0088961864764370256:0;-0.015408646970796072:0.0088961864764370256:0;-5.9796138059692174e-18:-0.017792372952874051:0,0:0:0;0:0:0;0:0:0,0.01540864697079606:0.0088961864764370256:0;-0.015408646970796072:0.0088961864764370256:0;-5.9796138059692174e-18:-0.017792372952874051:0,0.015020381551668276:0.0086720213321865771:0;-0.015020381551668288:0.0086720213321865771:0;-5.8225915538911287e-18:-0.017344042664373154:0,0.00038826541912778353:0.00022416514425044895:0;-0.0003882654191277838:0.00022416514425044898:0;-1.5702225207808848e-19:-0.00044833028850089791:0,balanced_sqrt,true,true,0.017792372952874048,0.00014929086283159437,2.6562387099560891e-06,true,12,true,0.017792372952874048,0.00014929086283159437,2.6562387099560891e-06,true,12,true,0.017344042664373147,3.5630041274922888e-05,6.179689560056388e-07,true,11,true,0.00044833028850089774,0.0045463574650881477,2.0382697539511794e-06,true,0,false
n3_compact_f0.1_d2.1,3,compact,2,0.10000000000000001,2.1000000000000001,0.011033496553310861,-1.05:-0.60621778264910697:0;1.05:-0.60621778264910697:0;0:1.2124355652982139:0,9,13,135,45,1.0565617878057818,2.9426384639295935e-17,7.954044046428555e-30,1.614827633508904e-16,0,0,0.015409411401421462:0.0088966278206643774:0;-0.015409411401421469:0.0088966278206643774:0;-4.0411512243171179e-18:-0.017793255641328748:0,0:0:0;0:0:0;0:0:0,0.015409411401421462:0.0088966278206643774:0;-0.015409411401421469:0.0088966278206643774:0;-4.0411512243171179e-18:-0.017793255641328748:0,0.015020550411029619:0.0086721188231843015:0;-0.015020550411029626:0.0086721188231843015:0;-3.9471879460536274e-18:-0.017344237646368596:0,0.00038886099039184247:0.00022450899748007521:0;-0.00038886099039184269:0.00022450899748007521:0;-9.3963278263490786e-20:-0.00044901799496015025:0,balanced_sqrt,true,true,0.017793255641328744,4.9608035341794693e-05,8.8268845470062412e-07,true,12,true,0.017793255641328744,4.9608035341794693e-05,8.8268845470062412e-07,true,12,true,0.017344237646368596,1.1241889059775606e-05,1.9498199544685933e-07,true,11,true,0.00044901799496014993,0.0015315788386459871,6.8770645925221616e-07,true,0,false
n3_compact_f0.1_d2.1,3,compact,2,0.10000000000000001,2.1000000000000001,0.011033496553310861,-1.05:-0.60621778264910697:0;1.05:-0.60621778264910697:0;0:1.2124355652982139:0,10,13,165,55,1.0571779687467058,3.0254894073499401e-17,1.3743450038112032e-31,3.0606187027408952e-16,0,0,0.015409649677137816:0.0088967653892133586:0;-0.015409649677137826:0.0088967653892133586:0;-6.284792526857129e-18:-0.017793530778426717:0,0:0:0;0:0:0;0:0:0,0.015409649677137816:0.0088967653892133586:0;-0.015409649677137826:0.0088967653892133586:0;-6.284792526857129e-18:-0.017793530778426717:0,0.015020600912066405:0.0086721479799714875:0;-0.015020600912066416:0.0086721479799714875:0;-6.0998789352316828e-18:-0.017344295959942975:0,0.00038904876507141027:0.00022461740924187065:0;-0.00038904876507141049:0.00022461740924187071:0;-1.849135916254464e-19:-0.00044923481848374119:0,balanced_sqrt,true,true,0.01779353077842671,1.54627601114658e-05,2.7513709796279553e-07,true,12,true,0.01779353077842671,1.54627601114658e-05,2.7513709796279553e-07,true,12,true,0.017344295959942968,3.3621182726007702e-06,5.8313574372319968e-08,true,11,true,0.00044923481848374087,0.00048265075339164046,2.1682352359093439e-07,true,0,false
n3_compact_f0.1_d2.1,3,compact,2,0.10000000000000001,2.1000000000000001,0.011033496553310861,-1.05:-0.60621778264910697:0;1.05:-0.60621778264910697:0;0:1.2124355652982139:0,11,13,198,66,1.0575891449021502,2.0342230432712092e-17,1.2316605100665232e-33,1.8931400821085852e-16,0,0,0.015409725291383573:0.0088968090451184926:0;-0.015409725291383573:0.0088968090451184926:0;-3.9203488757762858e-18:-0.017793618090236985:0,0:0:0;0:0:0;0:0:0,0.015409725291383573:0.0088968090451184926:0;-0.015409725291383573:0.0088968090451184926:0;-3.9203488757762858e-18:-0.017793618090236985:0,0.015020616336806309:0.0086721568854492143:0;-0.015020616336806309:0.0086721568854492143:0;-3.8347068003485661e-18:-0.017344313770898429:0,0.00038910895457726407:0.00022465215966927782:0;-0.00038910895457726423:0.00022465215966927787:0;-8.5642075427719543e-20:-0.0004493043193385558:0,balanced_sqrt,true,true,0.017793618090236982,4.906917178428352e-06,8.7311810273377336e-08,true,12,true,0.017793618090236982,4.906917178428352e-06,8.7311810273377336e-08,true,12,true,0.017344313770898425,1.0269045921705979e-06,1.7810955459383331e-08,true,11,true,0.00044930431933855525,0.00015468548113811814,6.95008548143191e-08,true,0,false
n3_compact_f0.1_d2.1,3,compact,2,0.10000000000000001,2.1000000000000001,0.011033496553310861,-1.05:-0.60621778264910697:0;1.05:-0.60621778264910697:0;0:1.2124355652982139:0,12,13,234,78,1.0578690793114667,3.8238961329116378e-17,1.0824436758091699e-35,2.2284715037909207e-16,0,0,0.015409750704622078:0.0088968237174585872:0;-0.015409750704622078:0.0088968237174585855:0;-2.6389466508123844e-18:-0.017793647434917167:0,0:0:0;0:0:0;0:0:0,0.015409750704622078:0.0088968237174585872:0;-0.015409750704622078:0.0088968237174585855:0;-2.6389466508123844e-18:-0.017793647434917167:0,0.015020621299802089:0.008672159750836168:0;-0.015020621299802089:0.0086721597508361663:0;-2.5843100687708726e-18:-0.017344319501672329:0,0.00038912940481998899:0.00022466396662241994:0;-0.00038912940481998889:0.00022466396662241991:0;-5.4636582041511877e-20:-0.00044932793324483971:0,balanced_sqrt,true,true,0.017793647434917164,1.649166102179999e-06,2.9344680183807476e-08,true,12,true,0.017793647434917164,1.649166102179999e-06,2.9344680183807476e-08,true,12,true,0.017344319501672329,3.3041215022297546e-07,5.7307739007018405e-09,true,11,true,0.00044932793324483939,5.2553835488533937e-05,2.3613906284152249e-08,true,0,false
n3_compact_f0.1_d2.1,3,compact,2,0.10000000000000001,2.1000000000000001,0.011033496553310861,-1.05:-0.60621778264910697:0;1.05:-0.60621778264910697:0;0:1.2124355652982139:0,13,13,273,91,1.058059414519118,5.2476222845939272e-17,3.592489048976334e-38,4.3710758668334931e-16,1.1257304012334249e-16,0,0.015409759513255811:0.0088968288031256604:0;-0.015409759513255824:0.0088968288031256587:0;-6.2741331262778821e-18:-0.017793657606251307:0,0:0:0;0:0:0;0:0:0,0.015409759513255811:0.0088968288031256604:0;-0.015409759513255824:0.0088968288031256587:0;-6.2741331262778821e-18:-0.017793657606251307:0,0.015020622933091872:0.0086721606938164782:0;-0.015020622933091882:0.0086721606938164764:0;-6.0986884032303981e-18:-0.017344321387632942:0,0.00038913658016393994:0.00022466810930918171:0;-0.00038913658016394038:0.00022466810930918185:0;-1.7544472304748423e-19:-0.00044933621861836283:0,balanced_sqrt,true,true,0.0177936576062513,5.7162694466491056e-07,1.0171334131874978e-08,true,12,true,0.0177936576062513,5.7162694466491056e-07,1.0171334131874978e-08,true,12,true,0.017344321387632936,1.0873648870659588e-07,1.8859606066899181e-09,true,11,true,0.00044933621861836277,1.8439140180817127e-05,8.2853735234222818e-09,true,0,false
n3_compact_f0.4_d2.5,3,compact,3,0.40000000000000002,2.5,0.026387876003953033,-1.25:-0.72168783648703216:0;1.25:-0.72168783648703216:0;0:1.4433756729740643:0,2,12,9,3,1.0657327580482672,6.4952213096115669e-17,2.2575473389796569e-18,7.2897172292137003e-17,0,0,0.12522989764444462:0.072301515115609366:0;-0.12522989764444462:0.072301515115609366:0;-2.0624860922272183e-17:-0.1446030302312187:0,0:0:0;0:0:0;0:0:0,0.12522989764444462:0.072301515115609366:0;-0.12522989764444462:0.072301515115609366:0;-2.0624860922272183e-17:-0.1446030302312187:0,0.12189109202213234:0.07037385479079554:0;-0.12189109202213234:0.07037385479079554:0;-2.0077431577987849e-17:-0.14074770958159105:0,0.003338805622312277:0.0019276603248138291:0;-0.003338805622312277:0.0019276603248138291:0;-5.4742934428433467e-19:-0.0038553206496276583:0,balanced_sqrt,true,true,0.14460303023121873,0,0,false,10,true,0.14460303023121873,0,0,false,10,true,0.14074770958159108,0,0,false,9,true,0.0038553206496276583,0,0,false,12,true
n3_compact_f0.4_d2.5,3,compact,3,0.40000000000000002,2.5,0.026387876003953033,-1.25:-0.72168783648703216:0;1.25:-0.72168783648703216:0;0:1.4433756729740643:0,3,12,18,6,1.0765181749987274,3.9480547792610138e-17,1.3579239185666625e-18,1.0469547886338243e-16,0,0,0.12792601216754837:0.073858117561289391:0;-0.12792601216754837:0.073858117561289377:0;-1.8856609525243222e-17:-0.14771623512257875:0,0:0:0;0:0:0;0:0:0,0.12792601216754837:0.073858117561289391:0;-0.12792601216754837:0.073858117561289377:0;-1.8856609525243222e-17:-0.14771623512257875:0,0.12271353064125767:0.070848689948939503:0;-0.12271353064125767:0.070848689948939489:0;-1.8324844076694866e-17:-0.14169737989787898:0,0.0052124815262906922:0.003009427612349882:0;-0.0052124815262906922:0.0030094276123498816:0;-5.317654485483566e-19:-0.0060188552246997632:0,balanced_sqrt,true,true,0.14771623512257875,0.021075577026293806,0.0031132048913600349,true,10,true,0.14771623512257875,0.021075577026293806,0.0031132048913600349,true,10,true,0.14169737989787901,0.0067021021628793625,0.00094967031628791362,true,9,true,0.0060188552246997649,0.359459480964676,0.0021635345750721058,true,12,true
n3_compact_f0.4_d2.5,3,compact,3,0.40000000000000002,2.5,0.026387876003953033,-1.25:-0.72168783648703216:0;1.25:-0.72168783648703216:0;0:1.4433756729740643:0,4,12,30,10,1.080710323183939,4.0007423496477981e-17,8.6366105263889581e-21,8.1505474772292631e-17,0,0,0.12871798005202337:0.074315360432580579:0;-0.12871798005202345:0.074315360432580579:0;-3.4932284448796702e-17:-0.14863072086516116:0,0:0:0;0:0:0;0:0:0,0.12871798005202337:0.074315360432580579:0;-0.12871798005202345:0.074315360432580579:0;-3.4932284448796702e-17:-0.14863072086516116:0,0.12293218328861932:0.070974929113752791:0;-0.12293218328861941:0.070974929113752791:0;-3.3425698324076858e-17:-0.14194985822750558:0,0.0057857967634040467:0.0033404313188277902:0;-0.0057857967634040476:0.0033404313188277906:0;-1.5065861247198444e-18:-0.0066808626376555812:0,balanced_sqrt,true,true,0.14863072086516116,0.0061527370469529677,0.00091448574258240251,true,10,true,0.14863072086516116,0.0061527370469529677,0.00091448574258240251,true,10,true,0.14194985822750561,0.0017786444648781913,0.00025247832962659684,true,9,true,0.0066808626376555829,0.099090109894569997,0.00066200741295581846,true,12,true
n3_compact_f0.4_d2.5,3,compact,3,0.40000000000000002,2.5,0.026387876003953033,-1.25:-0.72168783648703216:0;1.25:-0.72168783648703216:0;0:1.4433756729740643:0,5,12,45,15,1.0823276797716617,2.6809522402224152e-17,1.0474727305821196e-21,7.0808793279629772e-17,0,0,0.12893120626398949:0.074438466643457546:0;-0.12893120626398952:0.074438466643457518:0;-3.9040712830386549e-17:-0.14887693328691506:0,0:0:0;0:0:0;0:0:0,0.12893120626398949:0.074438466643457546:0;-0.12893120626398952:0.074438466643457518:0;-3.9040712830386549e-17:-0.14887693328691506:0,0.12297888692629896:0.071001893471539304:0;-0.12297888692629899:0.071001893471539276:0;-3.7334035213312594e-17:-0.14200378694307858:0,0.0059523193376905294:0.0034365731719182419:0;-0.005952319337690532:0.0034365731719182419:0;-1.7066776170739556e-18:-0.0068731463438364854:0,balanced_sqrt,true,true,0.14887693328691504,0.0016537983172944719,0.00024621242175386143,true,10,true,0.14887693328691504,0.0016537983172944719,0.00024621242175386143,true,10,true,0.14200378694307855,0.00037976955920601837,5.3928715572958285e-05,true,9,true,0.0068731463438364854,0.027976082068052223,0.00019228370618090259,true,12,true
n3_compact_f0.4_d2.5,3,compact,3,0.40000000000000002,2.5,0.026387876003953033,-1.25:-0.72168783648703216:0;1.25:-0.72168783648703216:0;0:1.4433756729740643:0,6,12,63,21,1.0829538134391341,2.311204547220693e-17,6.8515511133143571e-24,8.0162554662479145e-17,0,0,0.12899897622106987:0.074477593646420828:0;-0.1289989762210699:0.074477593646420828:0;-3.2967031591063545e-17:-0.14895518729284166:0,0:0:0;0:0:0;0:0:0,0.12899897622106987:0.074477593646420828:0;-0.1289989762210699:0.074477593646420828:0;-3.2967031591063545e-17:-0.14895518729284166:0,0.12299267373918897:0.071009853291672573:0;-0.122992673739189:0.071009853291672573:0;-3.1587109464174238e-17:-0.14201970658334515:0,0.0060063024818809048:0.0034677403547482581:0;-0.0060063024818809057:0.0034677403547482581:0;-1.3799221268893084e-18:-0.0069354807094965162:0,balanced_sqrt,true,true,0.14895518729284166,0.0005253526738399465,7.8254005926624385e-05,true,10,true,0.14895518729284166,0.0005253526738399465,7.8254005926624385e-05,true,10,true,0.14201970658334515,0.00011209458637525484,1.5919640266595131e-05,true,9,true,0.0069354807094965162,0.0089877498433062423,6.2334365660030781e-05,true,12,true
n3_compact_f0.4_d2.5,3,compact,3,0.40000000000000002,2.5,0.026387876003953033,-1.25:-0.72168783648703216:0;1.25:-0.72168783648703216:0;0:1.4433756729740643:0,7,12,84,28,1.0831837257305146,2.7675355435231456e-17,5.7616408442111765e-26,1.4254676624256021e-16,0,0,0.12901970971393617:0.074489564134108358:0;-0.12901970971393617:0.074489564134108358:0;-2.5104029884144127e-17:-0.14897912826821683:0,0:0:0;0:0:0;0:0:0,0.12901970971393617:0.074489564134108358:0;-0.12901970971393617:0.074489564134108358:0;-2.5104029884144127e-17:-0.14897912826821683:0,0.12299655984623448:0.071012096936621333:0;-0.12299655984623448:0.071012096936621333:0;-2.4664387596578853e-17:-0.14202419387324275:0,0.0060231498677016972:0.0034774671974870303:0;-0.0060231498677016972:0.0034774671974870312:0;-4.3964228756527323e-19:-0.0069549343949740659:0,balanced_sqrt,true,true,0.14897912826821683,0.00016070019776229534,2.394097537515681e-05,true,10,true,0.14897912826821683,0.00016070019776229534,2.394097537515681e-05,true,10,true,0.14202419387324275,3.1595249902332109e-05,4.4872898976023695e-06,true,9,true,0.0069549343949740659,0.0027971055329591489,1.9453685477549849e-05,true,12,true
n3_compact_f0.4_d2.5,3,compact,3,0.40000000000000002,2.5,0.026387876003953033,-1.25:-0.72168783648703216:0;1.25:-0.72168783648703216:0;0:1.4433756729740643:0,8,12,108,36,1.0832607395359386,3.5578300696662406e-17,1.6459058154285442e-27,2.3911520537821098e-16,0,0,0.12902521890414442:0.0744927448665582:0;-0.12902521890414445:0.0744927448665582:0;-2.7313662180054802e-17:-0.14898548973311632:0,0:0:0;0:0:0;0:0:0,0.12902521890414442:0.0744927448665582:0;-0.12902521890414445:0.0744927448665582:0;-2.7313662180054802e-17:-0.14898548973311632:0,0.12299752357156983:0.071012653343703214:0;-0.12299752357156986:0.071012653343703214:0;-2.6797546884712711e-17:-0.14202530668740634:0,0.0060276953325745872:0.0034800915228549909:0;-0.0060276953325745872:0.0034800915228549905:0;-5.1611529534208939e-19:-0.006960183045709974:0,balanced_sqrt,true,true,0.14898548973311634,4.2698553469419272e-05,6.3614648995370839e-06,true,10,true,0.14898548973311634,4.2698553469419272e-05,6.3614648995370839e-06,true,10,true,0.14202530668740637,7.8353230813583368e-06,1.1128141636248316e-06,true,9,true,0.0069601830457099775,0.00075409665255085038,5.2486507359110762e-06,true,12,true
n3_compact_f0.4_d2.5,3,compact,3,0.40000000000000002,2.5,0.026387876003953033,-1.25:-0.72168783648703216:0;1.25:-0.72168783648703216:0;0:1.4433756729740643:0,9,12,135,45,1.0832844986241315,6.8807625649242311e-17,3.2593413061048219e-29,3.8721555181670527e-16,0,0,0.12902649507849517:0.074493481666163111:0;-0.12902649507849517:0.074493481666163111:0;-4.2209573763182318e-17:-0.14898696333232608:0,0:0:0;0:0:0;0:0:0,0.12902649507849517:0.074493481666163111:0;-0.12902649507849517:0.074493481666163111:0;-4.2209573763182318e-17:-0.14898696333232608:0,0.12299773546407419:0.071012775679897611:0;-0.12299773546407419:0.071012775679897611:0;-4.0207074392567761e-17:-0.14202555135979511:0,0.0060287596144209749:0.0034807059862654991:0;-0.0060287596144209766:0.0034807059862654991:0;-2.0024993706145586e-18:-0.0069614119725309844:0,balanced_sqrt,true,true,0.14898696333232619,9.8907929718420239e-06,1.4735992098234572e-06,true,10,true,0.14898696333232619,9.8907929718420239e-06,1.4735992098234572e-06,true,10,true,0.14202555135979519,1.7227350041580718e-06,2.446723888123692e-07,true,9,true,0.0069614119725309896,0.00017653413213605725,1.2289268210123167e-06,true,12,true
n3_compact_f0.4_d2.5,3,compact,3,0.40000000000000002,2.5,0.026387876003953033,-1.25:-0.72168783648703216:0;1.25:-0.72168783648703216:0;0:1.4433756729740643:0,10,12,165,55,1.0832915485647023,4.0609208671406228e-17,2.4428859508997067e-31,2.4929369523032611e-16,0,0,0.12902676917548209:0.074493639916132295:0;-0.12902676917548209:0.074493639916132295:0;8.7118547352159893e-18:-0.14898727983226476:0,0:0:0;0:0:0;0:0:0,0.12902676917548209:0.074493639916132295:0;-0.12902676917548209:0.074493639916132295:0;8.7118547352159893e-18:-0.14898727983226476:0,0.12299777929072994:0.07101280098322911:0;-0.12299777929072994:0.07101280098322911:0;8.6024569224482335e-18:-0.14202560196645839:0,0.0060289898847521476:0.0034808389329031792:0;-0.0060289898847521459:0.00348083893290318:0;1.0939781276775579e-19:-0.006961677865806367:0,balanced_sqrt,true,true,0.14898727983226465,2.1243420164510494e-06,3.1649993846442985e-07,true,10,true,0.14898727983226465,2.1243420164510494e-06,3.1649993846442985e-07,true,10,true,0.14202560196645828,3.5632070827871765e-07,5.060666308639965e-08,true,9,true,0.0069616778658063653,3.8193849313491265e-05,2.6589327537567576e-07,true,12,true
n3_compact_f0.4_d2.5,3,compact,3,0.40000000000000002,2.5,0.026387876003953033,-1.25:-0.72168783648703216:0;1.25:-0.72168783648703216:0;0:1.4433756729740643:0,11,12,198,66,1.0832936542460234,3.2712754791465165e-17,3.5996112313860919e-33,7.7154044541637528e-17,0,0,0.12902682823952494:0.074493674016773273:0;-0.12902682823952491:0.074493674016773273:0;-4.2473138110405141e-17:-0.14898734803354655:0,0:0:0;0:0:0;0:0:0,0.12902682823952494:0.074493674016773273:0;-0.12902682823952491:0.074493674016773273:0;-4.2473138110405141e-17:-0.14898734803354655:0,0.12299778845536682:0.071012806274434626:0;-0.1229977884553668:0.071012806274434626:0;-4.0695650878887235e-17:-0.14202561254886925:0,0.0060290397841581203:0.0034808677423386514:0;-0.0060290397841581203:0.003480867742338654:0;-1.7774872315179054e-18:-0.0069617354846773045:0,balanced_sqrt,true,true,0.1489873480335466,4.5776559455400609e-07,6.8201281953601091e-08,true,10,true,0.1489873480335466,4.5776559455400609e-07,6.8201281953601091e-08,true,10,true,0.14202561254886931,7.4510581811426223e-08,1.0582411023140449e-08,true,9,true,0.0069617354846773062,8.2765096531223459e-06,5.7618870941416094e-08,true,12,true
n3_compact_f0.4_d2.5,3,compact,3,0.40000000000000002,2.5,0.026387876003953033,-1.25:-0.72168783648703216:0;1.25:-0.72168783648703216:0;0:1.4433756729740643:0,12,12,234,78,1.0832942955642977,2.7891913193014166e-17,3.7971976357054675e-35,2.0964434216529211e-16,0,0,0.12902684152357527:0.074493681686323435:0;-0.12902684152357533:0.074493681686323407:0;-2.5990059335847237e-17:-0.14898736337264687:0,0:0:0;0:0:0;0:0:0,0.12902684152357527:0.074493681686323435:0;-0.12902684152357533:0.074493681686323407:0;-2.5990059335847237e-17:-0.14898736337264687:0,0.12299779045215201:0.071012807427279209:0;-0.12299779045215208:0.071012807427279195:0;-2.5182389167805173e-17:-0.14202561485455842:0,0.0060290510714232672:0.0034808742590442259:0;-0.0060290510714232515:0.003480874259044215:0;-8.0767016804206241e-19:-0.0069617485180884491:0,balanced_sqrt,true,true,0.14898736337264681,1.029557129470023e-07,1.5339100216124951e-08,true,10,true,0.14898736337264681,1.029557129470023e-07,1.5339100216124951e-08,true,10,true,0.14202561485455836,1.623431853411522e-08,2.305689071552467e-09,true,9,true,0.006961748518088443,1.8721462149001285e-06,1.3033411137225858e-08,true,12,true
n3_compact_f0.8_d2.1,3,compact,4,0.80000000000000004,2.1000000000000001,0.088267972426486929,-1.05:-0.60621778264910697:0;1.05:-0.60621778264910697:0;0:1.2124355652982139:0,2,13,9,3,1.299616782765441,2.2764318676632818e-17,6.150661402372888e-18,9.7980275257655546e-17,4.4663219912337561e-17,0,1.2428828763401283:0.71757876322614988:0;-1.2428828763401287:0.71757876322615:0;-3.2940849301571854e-16:-1.4351575264523:0,0:0:0;0:0:0;0:0:0,1.2428828763401283:0.71757876322614988:0;-1.2428828763401287:0.71757876322615:0;-3.2940849301571854e-16:-1.4351575264523:0,1.1263963591498947:0.65032524116940649:0;-1.1263963591498951:0.65032524116940649:0;-2.9855155823330612e-16:-1.300650482338813:0,0.11648651719023372:0.067253522056743453:0;-0.11648651719023372:0.067253522056743453:0;-3.0856934782412411e-17:-0.13450704411348707:0,balanced_sqrt,true,true,1.4351575264522995,0,0,false,0,false,1.4351575264522995,0,0,false,0,false,1.3006504823388128,0,0,false,0,false,0.13450704411348691,0,0,false,0,false
n3_compact_f0.8_d2.1,3,compact,4,0.80000000000000004,2.1000000000000001,0.088267972426486929,-1.05:-0.60621778264910697:0;1.05:-0.60621778264910697:0;0:1.2124355652982139:0,3,13,18,6,1.4155192075529326,2.4369604542938326e-17,1.4465980715212666e-19,1.192849638644781e-16,0,0,1.4203126913364548:0.82001791467654495:0;-1.4203126913364552:0.82001791467654495:0;-3.2949232850769317e-16:-1.6400358293530892:0,0:0:0;0:0:0;0:0:0,1.4203126913364548:0.82001791467654495:0;-1.4203126913364552:0.82001791467654495:0;-3.2949232850769317e-16:-1.6400358293530892:0,1.1829797361912078:0.68299366913586712:0;-1.1829797361912082:0.68299366913586712:0;-2.7497813655799065e-16:-1.3659873382717336:0,0.23733295514524697:0.13702424554067785:0;-0.23733295514524705:0.13702424554067788:0;-5.4514191949702528e-17:-0.27404849108135565:0,balanced_sqrt,true,true,1.640035829353089,0.12492306523669269,0.20487830290078934,true,0,false,1.640035829353089,0.12492306523669269,0.20487830290078934,true,0,false,1.3659873382717331,0.047831231009495122,0.065336855932920629,true,0,false,0.27404849108135559,0.50918524096687545,0.13954144696786866,true,0,false
n3_compact_f0.8_d2.1,3,compact,4,0.80000000000000004,2.1000000000000001,0.088267972426486929,-1.05:-0.60621778264910697:0;1.05:-0.60621778264910697:0;0:1.2124355652982139:0,4,13,30,10,1.4945744912282752,1.7988787978891864e-17,2.5336847092590302e-21,1.3032821354991841e-16,8.2078683330876424e-17,0,1.5122892159707628:0.87312058593328856:0;-1.5122892159707628:0.87312058593328834:0;-3.0861669185960698e-16:-1.7462411718665771:0,0:0:0;0:0:0;0:0:0,1.5122892159707628:0.87312058593328856:0;-1.5122892159707628:0.87312058593328834:0;-3.0861669185960698e-16:-1.7462411718665771:0,1.2072943361438633:0.69703170996377029:0;-1.2072943361438633:0.69703170996377017:0;-2.4045406618360577e-16:-1.3940634199275408:0,0.30499487982689955:0.17608887596951825:0;-0.3049948798268996:0.17608887596951822:0;-6.8162625676001204e-17:-0.35217775193903644:0,balanced_sqrt,true,true,1.7462411718665767,0.060819401251411109,0.10620534251348768,true,0,false,1.7462411718665767,0.060819401251411109,0.10620534251348768,true,0,false,1.3940634199275403,0.020139744902901439,0.028076081655807029,true,0,false,0.35217775193903628,0.22184610023635237,0.078129260857680682,true,0,false
n3_compact_f0.8_d2.1,3,compact,4,0.80000000000000004,2.1000000000000001,0.088267972426486929,-1.05:-0.60621778264910697:0;1.05:-0.60621778264910697:0;0:1.2124355652982139:0,5,13,45,15,1.5487269452829762,3.3463847677921694e-17,5.7028292000368295e-23,1.7277505915940924e-16,3.5653963808286417e-17,0,1.5569419302085097:0.89890084251849967:0;-1.5569419302085097:0.89890084251849955:0;-4.4823354559291174e-16:-1.7978016850369987:0,0:0:0;0:0:0;0:0:0,1.5569419302085097:0.89890084251849967:0;-1.5569419302085097:0.89890084251849955:0;-4.4823354559291174e-16:-1.7978016850369987:0,1.2176471811111464:0.70300892779251023:0;-1.2176471811111464:0.70300892779251001:0;-3.6805599930097723e-16:-1.40601785558502:0,0.33929474909736324:0.19589191472598949:0;-0.33929474909736318:0.19589191472598949:0;-8.0177546291934528e-17:-0.3917838294519787:0,balanced_sqrt,true,true,1.797801685036998,0.028679755725871618,0.051560513170421485,true,0,false,1.797801685036998,0.028679755725871618,0.051560513170421485,true,0,false,1.4060178555850196,0.0085023355926764337,0.011954435657479105,true,0,false,0.39178382945197859,0.10109165957242983,0.039606077512942324,true,0,false
n3_compact_f0.8_d2.1,3,compact,4,0.80000000000000004,2.1000000000000001,0.088267972426486929,-1.05:-0.60621778264910697:0;1.05:-0.60621778264910697:0;0:1.2124355652982139:0,6,13,63,21,1.5883829984322027,1.5392684345691657e-17,8.7856626898537634e-25,9.7099108495543908e-17,3.5110620502421848e-17,0,1.581035892755833:0.9128114982810418:0;-1.5810358927558337:0.91281149828104169:0;-5.8187623900124735e-16:-1.8256229965620836:0,0:0:0;0:0:0;0:0:0,1.581035892755833:0.9128114982810418:0;-1.5810358927558337:0.91281149828104169:0;-5.8187623900124735e-16:-1.8256229965620836:0,1.2226547764711504:0.70590006432160135:0;-1.2226547764711508:0.70590006432160135:0;-4.599253234424971e-16:-1.4118001286432025:0,0.35838111628468261:0.20691143395944042:0;-0.35838111628468272:0.20691143395944039:0;-1.219509155587502e-16:-0.41382286791888107:0,balanced_sqrt,true,true,1.8256229965620825,0.015239352033511885,0.027821311525084432,true,0,false,1.8256229965620825,0.015239352033511885,0.027821311525084432,true,0,false,1.4118001286432018,0.0040956739844891232,0.0057822730581823592,true,0,false,0.41382286791888057,0.053257178796658998,0.022039038466902024,true,0,false
n3_compact_f0.8_d2.1,3,compact,4,0.80000000000000004,2.1000000000000001,0.088267972426486929,-1.05:-0.60621778264910697:0;1.05:-0.60621778264910697:0;0:1.2124355652982139:0,7,13,84,28,1.6186150218899025,1.4740546876749413e-17,1.2069872665760486e-26,1.2479251164199952e-16,6.9636664192604973e-17,0,1.5943081672528703:0.92047424953466428:0;-1.5943081672528703:0.92047424953466395:0;-4.9078226617387812e-16:-1.840948499069329:0,0:0:0;0:0:0;0:0:0,1.5943081672528703:0.92047424953466428:0;-1.5943081672528703:0.92047424953466395:0;-4.9078226617387812e-16:-1.840948499069329:0,1.2250774745248236:0.70729880969505421:0;-1.2250774745248236:0.70729880969505388:0;-3.7832963784749702e-16:-1.4145976193901084:0,0.36923069272804676:0.2131754398396101:0;-0.36923069272804665:0.21317543983961004:0;-1.1245262832638111e-16:-0.42635087967922053:0,balanced_sqrt,true,true,1.8409484990693279,0.0083247861170440782,0.015325502507245474,true,0,false,1.8409484990693279,0.0083247861170440782,0.015325502507245474,true,0,false,1.414597619390108,0.0019775876253151675,0.0027974907469061729,true,0,false,0.42635087967921997,0.029384275622382317,0.01252801176033936,true,0,false
n3_compact_f0.8_d2.1,3,compact,4,0.80000000000000004,2.1000000000000001,0.088267972426486929,-1.05:-0.60621778264910697:0;1.05:-0.60621778264910697:0;0:1.2124355652982139:0,8,13,108,36,1.6410329428961083,3.7818572900160906e-17,1.002020796378943e-28,2.721120829277024e-16,0,0,1.6011127751926768:0.92440289176044144:0;-1.6011127751926761:0.92440289176044144:0;-3.2386795827443131e-16:-1.8488057835208824:0,0:0:0;0:0:0;0:0:0,1.6011127751926768:0.92440289176044144:0;-1.6011127751926761:0.92440289176044144:0;-3.2386795827443131e-16:-1.8488057835208824:0,1.2261633814916313:0.70792575837465554:0;-1.2261633814916308:0.70792575837465543:0;-2.4377724591125217e-16:-1.4158515167493106:0,0.37494939370104546:0.21647713338578592:0;-0.37494939370104535:0.216477133385786:0;-8.0090712363179157e-17:-0.43295426677157184:0,balanced_sqrt,true,true,1.8488057835208818,0.0042499242059868539,0.0078572844515538871,true,0,false,1.8488057835208818,0.0042499242059868539,0.0078572844515538871,true,0,false,1.4158515167493104,0.0008856136002744437,0.0012538973592023887,true,0,false,0.43295426677157145,0.015251927510938434,0.0066033870923515089,true,0,false
n3_compact_f0.8_d2.1,3,compact,4,0.80000000000000004,2.1000000000000001,0.088267972426486929,-1.05:-0.60621778264910697:0;1.05:-0.60621778264910697:0;0:1.2124355652982139:0,9,13,135,45,1.6567519893811611,3.8499055632822043e-17,1.0436673103423819e-30,2.4371406622640811e-16,0,0,1.6043240839287694:0.92625694172367579:0;-1.6043240839287694:0.92625694172367579:0;-3.7216514757742737e-16:-1.8525138834473511:0,0:0:0;0:0:0;0:0:0,1.6043240839287694:0.92625694172367579:0;-1.6043240839287694:0.92625694172367579:0;-3.7216514757742737e-16:-1.8525138834473511:0,1.2266145589094213:0.70818624577826905:0;-1.2266145589094213:0.70818624577826905:0;-2.9892746441879649e-16:-1.4163724915565374:0,0.37770952501934812:0.21807069594540676:0;-0.37770952501934812:0.21807069594540673:0;-7.3237683158630872e-17:-0.43614139189081369:0,balanced_sqrt,true,true,1.8525138834473502,0.002001658373306305,0.0037080999264685693,true,0,false,1.8525138834473502,0.002001658373306305,0.0037080999264685693,true,0,false,1.4163724915565372,0.00036782330236757339,0.00052097480722691346,true,0,false,0.43614139189081313,0.007307550208487338,0.0031871251192416693,true,0,false
n3_compact_f0.8_d2.1,3,compact,4,0.80000000000000004,2.1000000000000001,0.088267972426486929,-1.05:-0.60621778264910697:0;1.05:-0.60621778264910697:0;0:1.2124355652982139:0,10,13,165,55,1.6673989431716745,2.5187714741545869e-17,3.0796723670890811e-33,1.1428778810145638e-16,0,0,1.6057831054119971:0.92709930816977093:0;-1.6057831054119975:0.92709930816977082:0;-3.2328405009986176e-16:-1.854198616339541:0,0:0:0;0:0:0;0:0:0,1.6057831054119971:0.92709930816977093:0;-1.6057831054119975:0.92709930816977082:0;-3.2328405009986176e-16:-1.854198616339541:0,1.2267972696844609:0.70829173389342204:0;-1.2267972696844613:0.70829173389342182:0;-2.2997429417971313e-16:-1.4165834677868434:0,0.37898583572753614:0.21880757427634895:0;-0.37898583572753619:0.218807574276349:0;-9.3309755920148648e-17:-0.43761514855269756:0,balanced_sqrt,true,true,1.8541986163395405,0.00090860433037966452,0.0016847328921900887,true,0,false,1.8541986163395405,0.00090860433037966452,0.0016847328921900887,true,0,false,1.4165834677868432,0.00014893314450129623,0.00021097623030604521,true,0,false,0.43761514855269712,0.0033677002881597733,0.0014737566618840002,true,0,false
n3_compact_f0.8_d2.1,3,compact,4,0.80000000000000004,2.1000000000000001,0.088267972426486929,-1.05:-0.60621778264910697:0;1.05:-0.60621778264910697:0;0:1.2124355652982139:0,11,13,198,66,1.6746424929233601,2.14311584128925e-17,4.8313385264356665e-35,1.6215949313675748e-16,4.88679868897741e-17,0,1.6064632069101301:0.92749196495279518:0;-1.6064632069101297:0.9274919649527954:0;-5.0477141322928175e-16:-1.8549839299055895:0,0:0:0;0:0:0;0:0:0,1.6064632069101301:0.92749196495279518:0;-1.6064632069101297:0.9274919649527954:0;-5.0477141322928175e-16:-1.8549839299055895:0,1.2268740801516427:0.70833608043732688:0;-1.2268740801516422:0.7083360804373271:0;-3.795944664781693e-16:-1.4166721608746531:0,0.37958912675848749:0.21915588451546836:0;-0.37958912675848733:0.21915588451546836:0;-1.2517694675111245e-16:-0.43831176903093644:0,balanced_sqrt,true,true,1.8549839299055879,0.00042335329885439242,0.00078531356604741569,true,0,false,1.8549839299055879,0.00042335329885439242,0.00078531356604741569,true,0,false,1.416672160874652,6.2606642706860541e-05,8.8693087808635389e-05,true,0,false,0.43831176903093594,0.0015893264280331034,0.00069662047823880805,true,0,false
n3_compact_f0.8_d2.1,3,compact,4,0.80000000000000004,2.1000000000000001,0.088267972426486929,-1.05:-0.60621778264910697:0;1.05:-0.60621778264910697:0;0:1.2124355652982139:0,12,13,234,78,1.6796710626927192,3.5211606400177981e-17,2.7720838839420052e-37,1.3825049823442323e-16,0,0,1.6067995733526679:0.92768616620893962:0;-1.6067995733526672:0.92768616620893929:0;-4.3469073155821489e-16:-1.8553723324178779:0,0:0:0;0:0:0;0:0:0,1.6067995733526679:0.92768616620893962:0;-1.6067995733526672:0.92768616620893929:0;-4.3469073155821489e-16:-1.8553723324178779:0,1.2269085142461329:0.70835596097104903:0;-1.2269085142461322:0.7083559609710488:0;-3.1991973713926247e-16:-1.4167119219420969:0,0.37989105910653503:0.2193302052378906:0;-0.37989105910653509:0.21933020523789054:0;-1.1477099441895243e-16:-0.43866041047578092:0,balanced_sqrt,true,true,1.8553723324178775,0.00020933938999915744,0.00038840251228967242,true,0,false,1.8553723324178775,0.00020933938999915744,0.00038840251228967242,true,0,false,1.4167119219420969,2.80657392863521e-05,3.97610674450937e-05,true,0,false,0.43866041047578058,0.0007947866653078004,0.00034864144484459655,true,0,false
n3_compact_f0.8_d2.1,3,compact,4,0.80000000000000004,2.1000000000000001,0.088267972426486929,-1.05:-0.60621778264910697:0;1.05:-0.60621778264910697:0;0:1.2124355652982139:0,13,13,273,91,1.6831600882810067,1.6358080179407049e-17,1.7840809591830164e-39,2.236369732013946e-16,0,0,1.6069722889373053:0.92778588359822434:0;-1.6069722889373044:0.92778588359822389:0;9.632604372848636e-17:-1.855571767196448:0,0:0:0;0:0:0;0:0:0,1.6069722889373053:0.92778588359822434:0;-1.6069722889373044:0.92778588359822389:0;9.632604372848636e-17:-1.855571767196448:0,1.2269245431015185:0.70836521523502216:0;-1.2269245431015179:0.70836521523502183:0;1.1464865475350118e-16:-1.4167304304700434:0,0.38004774583578665:0.21942066836320215:0;-0.38004774583578643:0.21942066836320204:0;-1.8322611025014823e-17:-0.43884133672640463:0,balanced_sqrt,true,true,1.855571767196446,0.00010747888176258163,0.00019943477856849146,true,0,false,1.855571767196446,0.00010747888176258163,0.00019943477856849146,true,0,false,1.4167304304700421,1.3064255236444675e-05,1.8508527944898766e-05,true,0,false,0.43884133672640413,0.00041228169609812675,0.00018092625062353105,true,0,false
n3_irregular_f0.1_d3.0,3,irregular,1,0.10000000000000001,3,0.0028389581530360573,-1.2727272727272727:-1.0909090909090911:0;1.7272727272727273:-1.0909090909090911:0;-0.45454545454545447:2.1818181818181817:0,2,11,9,3,1.0064688381254177,6.3100007083440375e-17,2.2384707895463373e-17,1.475118976365825e-16,0,0,0.0027303334872009152:0.0014424643063343317:0;-0.0028187269182524347:0.00067395214557982544:0;8.8754681807912087e-05:-0.0021161746620946744:0,0:0:0;0:0:0;0:0:0,0.0027303334872009152:0.0014424643063343317:0;-0.0028187269182524347:0.00067395214557982544:0;8.8754681807912087e-05:-0.0021161746620946744:0,0.0027213182726995638:0.001437701470630136:0;-0.0028107964252417307:0.00067205597729563414:0;8.8554424009238574e-05:-0.0021113999579501137:0,9.0152145013512998e-06:4.7628357041956564e-06:0;-7.9304930107042253e-06:1.896168284191287e-06:0;2.0025779867351182e-07:-4.7747041445605224e-06:0,balanced_sqrt,true,true,0.0027337964905131563,0,0,false,8,true,0.0027337964905131563,0,0,false,8,true,0.0027258421395472401,0,0,false,7,true,8.0267214739134564e-06,0,0,false,11,true
n3_irregular_f0.1_d3.0,3,irregular,1,0.10000000000000001,3,0.0028389581530360573,-1.2727272727272727:-1.0909090909090911:0;1.7272727272727273:-1.0909090909090911:0;-0.45454545454545447:2.1818181818181817:0,3,11,18,6,1.0069085009021495,3.0443722592790143e-17,2.39887065370997e-17,1.9040614811158441e-16,0,0,0.0027367021371983132:0.0014449927697933352:0;-0.0028253653797400049:0.00067504032825040268:0;8.8796184683698166e-05:-0.0021198951674834114:0,0:0:0;0:0:0;0:0:0,0.0027367021371983132:0.0014449927697933352:0;-0.0028253653797400049:0.00067504032825040268:0;8.8796184683698166e-05:-0.0021198951674834114:0,0.0027249590591648656:0.0014393891958047178:0;-0.0028143839571906511:0.00067277868771032929:0;8.8631608375222635e-05:-0.002113676026645867:0,1.174307803344767e-05:5.6035739886174329e-06:0;-1.0981422549353773e-05:2.2616405400734223e-06:0;1.6457630847553233e-07:-6.2191408375442188e-06:0,balanced_sqrt,true,true,0.0027396929237801159,0.0021701655914381675,5.9455873142942379e-06,true,8,true,0.0027396929237801159,0.0021701655914381675,5.9455873142942379e-06,true,8,true,0.002729231470571524,0.0012458237498783101,3.4001413849533106e-06,true,7,true,1.0546901289067986e-05,0.2428283349729948,2.5610864791489115e-06,true,11,true
n3_irregular_f0.1_d3.0,3,irregular,1,0.10000000000000001,3,0.0028389581530360573,-1.2727272727272727:-1.0909090909090911:0;1.7272727272727273:-1.0909090909090911:0;-0.45454545454545447:2.1818181818181817:0,4,11,30,10,1.0070226709725258,2.1337628989927598e-17,1.4110652476283967e-18,1.1420549910669121e-16,0,0,0.0027381413305229991:0.0014453963971341034:0;-0.0028268896184046903:0.00067515238605032652:0;8.8751665796647975e-05:-0.0021205390558231602:0,0:0:0;0:0:0;0:0:0,0.0027381413305229991:0.0014453963971341034:0;-0.0028268896184046903:0.00067515238605032652:0;8.8751665796647975e-05:-0.0021205390558231602:0,0.0027257649821032597:0.0014396994470839552:0;-0.0028151687271321959:0.00067286918881382448:0;8.8613519054027746e-05:-0.0021140674737461082:0,1.2376348419739205e-05:5.6969500501482364e-06:0;-1.1720891272494355e-05:2.28319723650199e-06:0;1.3814674262022568e-07:-6.4715820770518233e-06:0,balanced_sqrt,true,true,0.0027409418755392117,0.00047037365602403203,1.2892668509467464e-06,true,8,true,0.0027409418755392117,0.00047037365602403203,1.2892668509467464e-06,true,8,true,0.0027299322813568536,0.00026103072172019108,7.1259619364982729e-07,true,7,true,1.1107384646044942e-05,0.052533582967266325,5.8351071285234205e-07,true,11,true
n3_irregular_f0.1_d3.0,3,irregular,1,0.10000000000000001,3,0.0028389581530360573,-1.2727272727272727:-1.0909090909090911:0;1.7272727272727273:-1.0909090909090911:0;-0.45454545454545447:2.1818181818181817:0,5,11,45,15,1.0070498470596028,2.0702424612695904e-17,5.4724987557733345e-20,1.1079641081794516e-16,0,0,0.0027383364789789273:0.0014454296073085611:0;-0.0028270816608342566:0.00067515067070217935:0;8.8742475101104574e-05:-0.0021205818218906578:0,0:0:0;0:0:0;0:0:0,0.0027383364789789273:0.0014454296073085611:0;-0.0028270816608342566:0.00067515067070217935:0;8.8742475101104574e-05:-0.0021205818218906578:0,0.0027257981744689564:0.0014397045455816322:0;-0.0028152020091323244:0.00067286804347924719:0;8.861091217258594e-05:-0.002114072978175007:0,1.2538304509970967e-05:5.7250617269289121e-06:0;-1.1879651701932102e-05:2.2826272229322108e-06:0;1.315629285186328e-07:-6.5088437156507599e-06:0,balanced_sqrt,true,true,0.0027410895070625989,5.8818598416631696e-05,1.6122704293995793e-07,true,8,true,0.0027410895070625989,5.8818598416631696e-05,1.6122704293995793e-07,true,8,true,0.0027299569638531409,1.008468084483581e-05,2.7530744700595897e-08,true,7,true,1.123542431595889e-05,0.011903184230075595,1.3373732553592973e-07,true,11,true
n3_irregular_f0.1_d3.0,3,irregular,1,0.10000000000000001,3,0.0028389581530360573,-1.2727272727272727:-1.0909090909090911:0;1.7272727272727273:-1.0909090909090911:0;-0.45454545454545447:2.1818181818181817:0,6,11,63,21,1.007055669149401,1.9961955718016673e-17,1.6230955821397689e-22,1.6311779641683477e-16,0,0,0.0027383781857303834:0.0014454371920462304:0;-0.0028271196287974277:0.00067515071964203174:0;8.8741142812908509e-05:-0.0021205881651344739:0,0:0:0;0:0:0;0:0:0,0.0027383781857303834:0.0014454371920462304:0;-0.0028271196287974277:0.00067515071964203174:0;8.8741142812908509e-05:-0.0021205881651344739:0,0.002725804179843748:0.0014397052313825434:0;-0.0028152081275148347:0.00067286808178453419:0;8.8610727869016789e-05:-0.002114073955482344:0,1.2574005886635346e-05:5.7319606636870636e-06:0;-1.1911501282592821e-05:2.2826378574975137e-06:0;1.304149438917156e-07:-6.5142096521297833e-06:0,balanced_sqrt,true,true,0.0027411194070145568,1.2063838777428826e-05,3.3068422595904921e-08,true,8,true,0.0027411194070145568,1.2063838777428826e-05,3.3068422595904921e-08,true,8,true,0.0027299614397262176,1.8310394552288672e-06,4.9986671073921074e-09,true,7,true,1.126213761430127e-05,0.0024939588998750097,2.8087308334803759e-08,true,11,true
n3_irregular_f0.1_d3.0,3,irregular,1,0.10000000000000001,3,0.0028389581530360573,-1.2727272727272727:-1.0909090909090911:0;1.7272727272727273:-1.0909090909090911:0;-0.45454545454545447:2.1818181818181817:0,7,11,84,28,1.0070568213580453,3.2360566675454959e-17,1.80214880833965e-23,1.8245435716123331e-16,0,0,0.0027383855658298681:0.0014454382562828407:0;-0.0028271265220298479:0.00067515079977324938:0;8.8740975889960646e-05:-0.0021205890523258511:0,0:0:0;0:0:0;0:0:0,0.0027383855658298681:0.0014454382562828407:0;-0.0028271265220298479:0.00067515079977324938:0;8.8740975889960646e-05:-0.0021205890523258511:0,0.0027258051938482217:0.0014397053263115918:0;-0.0028152091230274341:0.00067286810890490004:0;8.8610729044700254e-05:-0.0021140740739442583:0,1.2580371981646196e-05:5.7329299712489855e-06:0;-1.1917399002413767e-05:2.2826908683492818e-06:0;1.302468452603922e-07:-6.5149783815926839e-06:0,balanced_sqrt,true,true,0.0027411246550468138,2.1473095718299359e-06,5.8860432093610544e-09,true,8,true,0.0027411246550468138,2.1473095718299359e-06,5.8860432093610544e-09,true,8,true,0.0027299621689199998,3.0228760112792492e-07,8.2523371521281368e-10,true,7,true,1.1266901812955382e-05,0.00044928144704965321,5.062009950290955e-09,true,11,true
n3_irregular_f0.1_d3.0,3,irregular,1,0.10000000000000001,3,0.0028389581530360573,-1.2727272727272727:-1.0909090909090911:0;1.7272727272727273:-1.0909090909090911:0;-0.45454545454545447:2.1818181818181817:0,8,11,108,36,1.007057040131204,1.4006042580876682e-17,1.3998840030001545e-25,1.5883690621444027e-16,0,0,0.0027383867387405438:0.0014454383610194527:0;-0.0028271276853275981:0.00067515081227810395:0;8.8740952493646043e-05:-0.0021205891702180831:0,0:0:0;0:0:0;0:0:0,0.0027383867387405438:0.0014454383610194527:0;-0.0028271276853275981:0.00067515081227810395:0;8.8740952493646043e-05:-0.0021205891702180831:0,0.0027258053561174393:0.0014397053393581229:0;-0.0028152092786479111:0.00067286811074656141:0;8.8610728237809038e-05:-0.0021140740858076974:0,1.258138262310464e-05:5.7330216613298572e-06:0;-1.1918406679687112e-05:2.2827015315425072e-06:0;1.3022425583700309e-07:-6.5150844103855538e-06:0,balanced_sqrt,true,true,0.0027411254951435512,3.4957151459435043e-07,9.5821939103052001e-10,true,8,true,0.0027411254951435512,3.4957151459435043e-07,9.5821939103052001e-10,true,8,true,0.0027299622819190643,4.7696674452641902e-08,1.3021012222868503e-10,true,7,true,1.1267669877042173e-05,7.3490490383885642e-05,8.2806658474756578e-10,true,11,true
n3_irregular_f0.1_d3.0,3,irregular,1,0.10000000000000001,3,0.0028389581530360573,-1.2727272727272727:-1.0909090909090911:0;1.7272727272727273:-1.0909090909090911:0;-0.45454545454545447:2.1818181818181817:0,9,11,135,45,1.007057080798289,3.7401890151960729e-17,3.5286166008352648e-27,1.5312348441489992e-16,0,0,0.0027383869220429049:0.0014454383723193358:0;-0.0028271278709197001:0.00067515081318254399:0;8.8740949050257484e-05:-0.0021205891854069142:0,0:0:0;0:0:0;0:0:0,0.0027383869220429049:0.0014454383723193358:0;-0.0028271278709197001:0.00067515081318254399:0;8.8740949050257484e-05:-0.0021205891854069142:0,0.0027258053809714024:0.0014397053410307406:0;-0.0028152093028138364:0.00067286811056402275:0;8.8610727705302247e-05:-0.002114074087238107:0,1.2581541071502412e-05:5.7330312885952244e-06:0;-1.1918568105863684e-05:2.2827026185212431e-06:0;1.302213449552366e-07:-6.515098168807074e-06:0,balanced_sqrt,true,true,0.0027411256259283882,5.5091789818683903e-08,1.5101351685025512e-10,true,8,true,0.0027411256259283882,5.5091789818683903e-08,1.5101351685025512e-10,true,8,true,0.0027299622991404575,7.3470557444607841e-09,2.0057185192061267e-11,true,7,true,1.1267790114251978e-05,1.1623003679059556e-05,1.3096556595282165e-10,true,11,true
n3_irregular_f0.1_d3.0,3,irregular,1,0.10000000000000001,3,0.0028389581530360573,-1.2727272727272727:-1.0909090909090911:0;1.7272727272727273:-1.0909090909090911:0;-0.45454545454545447:2.1818181818181817:0,10,11,165,55,1.0070570882045051,4.4258846414947624e-17,4.4160665988937733e-29,3.5389083075951707e-16,0,0,0.0027383869506679682:0.0014454383740855213:0;-0.0028271278993186669:0.00067515081321110589:0;8.8740948604750395e-05:-0.0021205891872945926:0,0:0:0;0:0:0;0:0:0,0.0027383869506679682:0.0014454383740855213:0;-0.0028271278993186669:0.00067515081321110589:0;8.8740948604750395e-05:-0.0021205891872945926:0,0.0027258053846587224:0.0014397053412285744:0;-0.0028152093064817778:0.00067286811053898646:0;8.8610727624373751e-05:-0.0021140740874470471:0,1.2581566009245861e-05:5.7330328569468496e-06:0;-1.1918592836888992e-05:2.2827026721194424e-06:0;1.3022098037665032e-07:-6.5150998475456447e-06:0,balanced_sqrt,true,true,0.0027411256460186336,8.5108697804268246e-09,2.3329363425052948e-11,true,8,true,0.0027411256460186336,8.5108697804268246e-09,2.3329363425052948e-11,true,8,true,0.0027299623017142975,1.1017635201725773e-09,3.0077728754751759e-12,true,7,true,1.1267808707580862e-05,1.8035284650805657e-06,2.0321813743204746e-11,true,11,true
n3_irregular_f0.1_d3.0,3,irregular,1,0.10000000000000001,3,0.0028389581530360573,-1.2727272727272727:-1.0909090909090911:0;1.7272727272727273:-1.0909090909090911:0;-0.45454545454545447:2.1818181818181817:0,11,11,198,66,1.0070570895227282,3.1759148026816205e-17,1.163152093346574e-30,1.9530489702671814e-16,0,0,0.0027383869549866061:0.0014454383743412113:0;-0.0028271279035305191:0.00067515081321216038:0;8.87409485551857e-05:-0.0021205891875158297:0,0:0:0;0:0:0;0:0:0,0.0027383869549866061:0.0014454383743412113:0;-0.0028271279035305191:0.00067515081321216038:0;8.87409485551857e-05:-0.0021205891875158297:0,0.0027258053851928017:0.0014397053412506264:0;-0.0028152093070160471:0.00067286811054100351:0;8.8610727619132149e-05:-0.0021140740874731035:0,1.2581569793804382e-05:5.7330330905848292e-06:0;-1.1918596514471934e-05:2.2827026711568864e-06:0;1.3022093605355222e-07:-6.5151000427261093e-06:0,balanced_sqrt,true,true,0.0027411256490062872,1.2726212674266738e-09,3.4884147976141446e-12,true,8,true,0.0027411256490062872,1.2726212674266738e-09,3.4884147976141446e-12,true,8,true,0.0027299623020864152,1.5993208126932147e-10,4.3660855275946848e-13,true,7,true,1.1267811489854884e-05,2.7085052837807133e-07,3.0518926956916982e-12,true,11,true
n3_irregular_f0.8_d4.0,3,irregular,2,0.80000000000000004,4,0.009938913727557815,-1.696969696969697:-1.4545454545454544:0;2.3030303030303028:-1.4545454545454544:0;-0.60606060606060619:2.9090909090909092:0,2,9,9,3,1.0203355399102614,3.71069534604645e-17,1.1567102684932332e-17,1.2483884914076864e-16,7.0029109899172952e-17,0,0.057073033693391569:0.030194662561391906:0;-0.058962243225916103:0.014176250187583563:0;0.0019051935017027177:-0.044360060418798662:0,0:0:0;0:0:0;0:0:0,0.057073033693391569:0.030194662561391906:0;-0.058962243225916103:0.014176250187583563:0;0.0019051935017027177:-0.044360060418798662:0,0.056414833378399989:0.02984643850725557:0;-0.058380019328002929:0.014036264628528949:0;0.0018899974211652598:-0.044006261939210166:0,0.00065820031499158257:0.0003482240541363368:0;-0.00058222389791317381:0.0001399855590546145:0;1.5196080537457762e-05:-0.00035379847958849669:0,balanced_sqrt,true,true,0.057207242374879952,0,0,false,7,true,0.057207242374879952,0,0,false,7,true,0.056623934510224266,0,0,false,6,true,0.00058835152632929696,0,0,false,9,true
n3_irregular_f0.8_d4.0,3,irregular,2,0.80000000000000004,4,0.009938913727557815,-1.696969696969697:-1.4545454545454544:0;2.3030303030303028:-1.4545454545454544:0;-0.60606060606060619:2.9090909090909092:0,3,9,18,6,1.0207859164987512,2.3914148188338473e-17,2.5512798672309369e-17,8.7844969451388674e-17,0,0,0.057267786287713396:0.030266667771756191:0;-0.05916996551861646:0.01420764494951527:0;0.0019055361781654169:-0.044470846296307168:0,0:0:0;0:0:0;0:0:0,0.057267786287713396:0.030266667771756191:0;-0.05916996551861646:0.01420764494951527:0;0.0019055361781654169:-0.044470846296307168:0,0.056491970464675446:0.029882152505961143:0;-0.058455847218937866:0.01405180519155306:0;0.0018918533935984563:-0.044054313097297772:0,0.00077581582303795074:0.00038451526579504682:0;-0.00071411829967859132:0.00015583975796220996:0;1.3682784566960582e-05:-0.00041653319900939562:0,balanced_sqrt,true,true,0.057387280115669369,0.0031738133858539991,0.00018213651780886448,true,7,true,0.057387280115669369,0.0031738133858539991,0.00018213651780886448,true,7,true,0.056695639692231646,0.0012690140802159809,7.1947565056293999e-05,true,6,true,0.00069706056204454187,0.15875013608858812,0.00011065845908655875,true,9,true
n3_irregular_f0.8_d4.0,3,irregular,2,0.80000000000000004,4,0.009938913727557815,-1.696969696969697:-1.4545454545454544:0;2.3030303030303028:-1.4545454545454544:0;-0.60606060606060619:2.9090909090909092:0,4,9,30,10,1.0208425692855956,1.7306858182906159e-17,1.6614263468680579e-18,1.2246260942142626e-16,0,0,0.057294147262431067:0.030273035629133305:0;-0.059198725052796851:0.014209352060588739:0;0.0019046312823430263:-0.044482246963998516:0,0:0:0;0:0:0;0:0:0,0.057294147262431067:0.030273035629133305:0;-0.059198725052796851:0.014209352060588739:0;0.0019046312823430263:-0.044482246963998516:0,0.056502563307429823:0.029886193633073418:0;-0.058466157805899123:0.014052970645736773:0;0.0018916070500055175:-0.044059401003413122:0,0.00079158395500124085:0.00038684199605988547:0;-0.00073256724689772584:0.00015638141485196534:0;1.3024232337508762e-05:-0.00042284596058539333:0,balanced_sqrt,true,true,0.057410128740139406,0.00041418875407409636,2.3778629694111813e-05,true,7,true,0.057410128740139406,0.00041418875407409636,2.3778629694111813e-05,true,7,true,0.056704822889383645,0.00016485297132650569,9.3479585418581464e-06,true,6,true,0.00071094541348844882,0.020463802616264307,1.4548646612566029e-05,true,9,true
n3_irregular_f0.8_d4.0,3,irregular,2,0.80000000000000004,4,0.009938913727557815,-1.696969696969697:-1.4545454545454544:0;2.3030303030303028:-1.4545454545454544:0;-0.60606060606060619:2.9090909090909092:0,5,9,45,15,1.0208490548631348,2.4110189368683898e-17,7.5656730092768899e-20,1.3621597463793309e-16,0,0,0.057296719476596585:0.030273476478079677:0;-0.059201257308770738:0.0142093353524306:0;0.0019045165675439261:-0.044482824085554575:0,0:0:0;0:0:0;0:0:0,0.057296719476596585:0.030273476478079677:0;-0.059201257308770738:0.0142093353524306:0;0.0019045165675439261:-0.044482824085554575:0,0.056502830763616479:0.029886234911569304:0;-0.058466425741651673:0.014052961623781956:0;0.0018915861915529298:-0.044059445989832559:0,0.00079388871298010245:0.00038724156651037483:0;-0.00073483156711906181:0.00015637372864864439:0;1.2930375990996446e-05:-0.0004233780957220179:0,balanced_sqrt,true,true,0.057412078696990249,3.7043960456337886e-05,2.1267707729674653e-06,true,7,true,0.057412078696990249,3.7043960456337886e-05,2.1267707729674653e-06,true,7,true,0.056705021735721645,3.9112160082302409e-06,2.2178558875979825e-07,true,6,true,0.0007127556152093131,0.0026731761435434213,1.9053213067541503e-06,true,9,true
n3_irregular_f0.8_d4.0,3,irregular,2,0.80000000000000004,4,0.009938913727557815,-1.696969696969697:-1.4545454545454544:0;2.3030303030303028:-1.4545454545454544:0;-0.60606060606060619:2.9090909090909092:0,6,9,63,21,1.020849725465792,1.5355400829473977e-17,2.1683033359777412e-21,1.1933919458934515e-16,0,0,0.05729703578422049:0.03027353537249183:0;-0.059201543515362345:0.014209335674398487:0;0.0019045064337653496:-0.044482872149221031:0,0:0:0;0:0:0;0:0:0,0.05729703578422049:0.03027353537249183:0;-0.059201543515362345:0.014209335674398487:0;0.0019045064337653496:-0.044482872149221031:0,0.05650285819217607:0.029886238065312574:0;-0.058466453654591882:0.014052961809915832:0;0.0018915853591099448:-0.044059450507261448:0,0.00079417759204441791:0.00038729730717925457:0;-0.00073508986077046095:0.0001563738644826558:0;1.2921074655404792e-05:-0.00042342164195958461:0,balanced_sqrt,true,true,0.05741230497584128,4.358485304680867e-06,2.5023068754506045e-07,true,7,true,0.05741230497584128,4.358485304680867e-06,2.5023068754506045e-07,true,7,true,0.056705042169486748,4.0246963978850598e-07,2.2822057896145372e-08,true,6,true,0.00071297030835899204,0.00031907509003845189,2.2749106533438821e-07,true,9,true
n3_irregular_f0.8_d4.0,3,irregular,2,0.80000000000000004,4,0.009938913727557815,-1.696969696969697:-1.4545454545454544:0;2.3030303030303028:-1.4545454545454544:0;-0.60606060606060619:2.9090909090909092:0,7,9,84,28,1.0208497897804285,1.7426695068610753e-17,5.4881338667741873e-23,1.2013838380765135e-16,0,0,0.057297067602685096:0.030273540058314452:0;-0.059201573191397162:0.014209335993242627:0;0.0019045056657354016:-0.044482875992634126:0,0:0:0;0:0:0;0:0:0,0.057297067602685096:0.030273540058314452:0;-0.059201573191397162:0.014209335993242627:0;0.0019045056657354016:-0.044482875992634126:0,0.056502860805655357:0.029886238310706959:0;-0.058466456218280158:0.01405296188017594:0;0.0018915853628267286:-0.044059450816192218:0,0.00079420679702973799:0.00038730174760749175:0;-0.00073511697311700209:0.00015637411306668631:0;1.2920302908673033e-05:-0.00042342517644190693:0,balanced_sqrt,true,true,0.057412327595041633,4.4184439360116458e-07,2.5367315071462578e-08,true,7,true,0.057412327595041633,4.4184439360116458e-07,2.5367315071462578e-08,true,7,true,0.056705044047617441,3.7497440172822445e-08,2.1262939966727964e-09,true,6,true,0.00071299198729070823,3.2600920911833702e-05,2.3244195388435518e-08,true,9,true
n3_irregular_f0.8_d4.0,3,irregular,2,0.80000000000000004,4,0.009938913727557815,-1.696969696969697:-1.4545454545454544:0;2.3030303030303028:-1.4545454545454544:0;-0.60606060606060619:2.9090909090909092:0,8,9,108,36,1.0208497957347415,1.7727409168232425e-17,2.4297812898642572e-25,1.6393746710618355e-16,0,0,0.057297070462434707:0.030273540315053679:0;-0.059201576038665382:0.01420933602417585:0;0.0019045056059478107:-0.04448287628595058:0,0:0:0;0:0:0;0:0:0,0.057297070462434707:0.030273540315053679:0;-0.059201576038665382:0.01420933602417585:0;0.0019045056059478107:-0.04448287628595058:0,0.056502861041884941:0.029886238329764808:0;-0.058466456444666366:0.014052961882902299:0;0.0018915853617138179:-0.044059450833784299:0,0.00079420942054976866:0.00038730198528886948:0;-0.00073511959399901372:0.0001563741412735514:0;1.2920244233992885e-05:-0.00042342545216628202:0,balanced_sqrt,true,true,0.057412329647816007,4.0776133811697307e-08,2.3410528361606219e-09,true,7,true,0.057412329647816007,4.0776133811697307e-08,2.3410528361606219e-09,true,7,true,0.056705044212003286,3.3419433460301646e-09,1.8950504519065068e-10,true,6,true,0.00071299396147333084,3.0177502648727554e-06,2.1516377160888192e-09,true,9,true
n3_irregular_f0.8_d4.0,3,irregular,2,0.80000000000000004,4,0.009938913727557815,-1.696969696969697:-1.4545454545454544:0;2.3030303030303028:-1.4545454545454544:0;-0.60606060606060619:2.9090909090909092:0,9,9,135,45,1.0208497962778089,2.4711673089416028e-17,1.7735828967486691e-26,1.9520233908080697e-16,0,0,0.05729707071525747:0.030273540330531538:0;-0.059201576295733589:0.014209336025674714:0;0.0019045056012431138:-0.044482876307366866:0,0:0:0;0:0:0;0:0:0,0.05729707071525747:0.030273540330531538:0;-0.059201576295733589:0.014209336025674714:0;0.0019045056012431138:-0.044482876307366866:0,0.056502861062304621:0.029886238331145627:0;-0.058466456464504428:0.014052961882757597:0;0.0018915853612818535:-0.04405945083498583:0,0.0007942096529528509:0.00038730199938591045:0;-0.00073511983122916276:0.00015637414291711641:0;1.2920239961260321e-05:-0.00042342547238103582:0,balanced_sqrt,true,true,0.05741232982860419,3.6359274760413541e-09,2.0874706748737057e-10,true,7,true,0.05741232982860419,3.6359274760413541e-09,2.0874706748737057e-10,true,7,true,0.0567050442261407,2.9050159767292662e-10,1.6472905943807837e-11,true,6,true,0.00071299413594433511,2.6968311597249551e-07,1.9228248025158535e-10,true,9,true
n3_irregular_f1.0_d3.0,3,irregular,3,1,3,0.028389581530360551,-1.2727272727272727:-1.0909090909090911:0;1.7272727272727273:-1.0909090909090911:0;-0.45454545454545447:2.1818181818181817:0,2,11,9,3,1.0686374520733777,3.0339559074168981e-17,2.1839444589462378e-17,1.5021185093539802e-16,0,0,0.29131212276347651:0.15276665250464116:0;-0.30022773183064855:0.071204389158208758:0;0.0093626350637036632:-0.2236704574035922:0,0:0:0;0:0:0;0:0:0,0.29131212276347651:0.15276665250464116:0;-0.30022773183064855:0.071204389158208758:0;0.0093626350637036632:-0.2236704574035922:0,0.28169440034573817:0.14772303202745105:0;-0.29171824864958895:0.069186209735787624:0;0.0091488507413739137:-0.21856325339757071:0,0.0096177224177383166:0.0050436204771901099:0;-0.0085094831810596169:0.0020181794224211325:0;0.00021378432232975033:-0.0051072040060214843:0,balanced_sqrt,true,true,0.29070219092883487,0,0,false,9,true,0.29070219092883487,0,0,false,9,true,0.28220187502089988,0,0,false,8,true,0.0085742303971068651,0,0,false,11,true
n3_irregular_f1.0_d3.0,3,irregular,3,1,3,0.028389581530360551,-1.2727272727272727:-1.0909090909090911:0;1.7272727272727273:-1.0909090909090911:0;-0.45454545454545447:2.1818181818181817:0,3,11,18,6,1.0741803548010282,4.2185988389109327e-17,4.6389362658013917e-19,1.3648100874596093e-16,0,0,0.295935822280047:0.15424166431622216:0;-0.30510856932164082:0.071822945643949032:0;0.0093443721851737931:-0.22589006068683104:0,0:0:0;0:0:0;0:0:0,0.295935822280047:0.15424166431622216:0;-0.30510856932164082:0.071822945643949032:0;0.0093443721851737931:-0.22589006068683104:0,0.28300945330341226:0.14819304843095432:0;-0.29290133301154675:0.069363998973193133:0;0.0091715102027298771:-0.21905765991662696:0,0.012926368976634744:0.0060486158852678402:0;-0.012207236310094091:0.0024589466707558992:0;0.00017286198244391605:-0.00683240077020408:0,balanced_sqrt,true,true,0.29480610199627438,0.014215175727734458,0.0041907205454854487,true,9,true,0.29480610199627438,0.014215175727734458,0.0041907205454854487,true,9,true,0.28327163669253169,0.0038813412952837878,0.0010994739012773495,true,8,true,0.011625423112835941,0.26653109635613231,0.0030985367678680836,true,11,true
n3_irregular_f1.0_d3.0,3,irregular,3,1,3,0.028389581530360551,-1.2727272727272727:-1.0909090909090911:0;1.7272727272727273:-1.0909090909090911:0;-0.45454545454545447:2.1818181818181817:0,4,11,30,10,1.0757008189757071,2.0182646961424165e-17,8.9399816754207991e-19,1.0028829563257502e-16,0,0,0.29704982889870241:0.15443936487572416:0;-0.3063399588802464:0.07185977523655547:0;0.0092958529119286214:-0.22628610058313769:0,0:0:0;0:0:0;0:0:0,0.29704982889870241:0.15443936487572416:0;-0.3063399588802464:0.07185977523655547:0;0.0092958529119286214:-0.22628610058313769:0,0.28330334606302399:0.14827298600499619:0;-0.29317582080256038:0.069372325315791572:0;0.0091561244969858829:-0.21913547657961024:0,0.013746482835678439:0.0061663788707279543:0;-0.013164138077686006:0.0024874499207638984:0;0.00013972841494273863:-0.0071506240035274409:0,balanced_sqrt,true,true,0.29574196420429688,0.0033569913305886642,0.00099280320992508773,true,9,true,0.29574196420429688,0.0033569913305886642,0.00099280320992508773,true,9,true,0.28349864044582618,0.00085064094094519963,0.00024115555026552242,true,8,true,0.012350747680949228,0.061044356459411593,0.00075394344397611572,true,11,true
n3_irregular_f1.0_d3.0,3,irregular,3,1,3,0.028389581530360551,-1.2727272727272727:-1.0909090909090911:0;1.7272727272727273:-1.0909090909090911:0;-0.45454545454545447:2.1818181818181817:0,5,11,45,15,1.0760789298841511,1.6954194527499924e-17,1.5990938786751108e-21,8.1811528072129409e-17,0,0,0.29731035325992178:0.15448209765306536:0;-0.30659780990621632:0.071857936674132136:0;0.0092840493780799067:-0.22634205763301438:0,0:0:0;0:0:0;0:0:0,0.29731035325992178:0.15448209765306536:0;-0.30659780990621632:0.071857936674132136:0;0.0092840493780799067:-0.22634205763301438:0,0.28334668537086038:0.14827951347244744:0;-0.2932191599673431:0.069370963873252686:0;0.0091528903966295507:-0.21914273050473265:0,0.01396366788906137:0.0062025841806179144:0;-0.01337864993887323:0.0024869728008794453:0;0.00013115898145035676:-0.0071993271282817248:0,balanced_sqrt,true,true,0.29593967030437363,0.00072855298462248016,0.00021560773006844416,true,9,true,0.29593967030437363,0.00072855298462248016,0.00021560773006844416,true,9,true,0.28353087801426508,0.00012657975656775501,3.5889269518487513e-05,true,8,true,0.012523004073987336,0.014354397683361672,0.0001797601806683726,true,11,true
n3_irregular_f1.0_d3.0,3,irregular,3,1,3,0.028389581530360551,-1.2727272727272727:-1.0909090909090911:0;1.7272727272727273:-1.0909090909090911:0;-0.45454545454545447:2.1818181818181817:0,6,11,63,21,1.0761629392310097,1.8318416709105124e-17,2.4406358724590097e-23,1.022014118501667e-16,0,0,0.29736763535663685:0.15449212940978599:0;-0.30665033300850392:0.071858075958690454:0;0.0092823044208315258:-0.22635055931972839:0,0:0:0;0:0:0;0:0:0,0.29736763535663685:0.15449212940978599:0;-0.30665033300850392:0.071858075958690454:0;0.0092823044208315258:-0.22635055931972839:0,0.28335469612191461:0.14828041681503279:0;-0.29322729464404379:0.069371025970733122:0;0.0091526664521164088:-0.21914404322584025:0,0.014012939234722263:0.0062117125947531897:0;-0.013423038364460146:0.0024870499879573334:0;0.00012963796871511644:-0.0072065160938881564:0,balanced_sqrt,true,true,0.29598089763901653,0.00015378978460538496,4.5518838495212845e-05,true,9,true,0.29598089763901653,0.00015378978460538496,4.5518838495212845e-05,true,9,true,0.28353684909151405,2.3477672347624697e-05,6.6567852414484765e-06,true,8,true,0.012560014545461363,0.0030956617859297219,3.8881557059106209e-05,true,11,true
n3_irregular_f1.0_d3.0,3,irregular,3,1,3,0.028389581530360551,-1.2727272727272727:-1.0909090909090911:0;1.7272727272727273:-1.0909090909090911:0;-0.45454545454545447:2.1818181818181817:0,7,11,84,28,1.0761800871686102,9.7133100237297021e-18,5.1946337810077422e-25,9.0256307507746686e-17,0,0,0.2973780686777297:0.15449357313038919:0;-0.30666012386882824:0.071858199472272177:0;0.009282083450560627:-0.22635177040927595:0,0:0:0;0:0:0;0:0:0,0.2973780686777297:0.15449357313038919:0;-0.30666012386882824:0.071858199472272177:0;0.009282083450560627:-0.22635177040927595:0,0.28335607626934584:0.14828054528265522:0;-0.29322864992634678:0.069371063824335111:0;0.0091526707356375456:-0.21914420846734151:0,0.014021992408383888:0.006213027847733971:0;-0.013431473942481474:0.002487135647937067:0;0.00012941271492308197:-0.0072075619419344596:0,balanced_sqrt,true,true,0.29598834059938356,2.8154056199184143e-05,8.3332723755383019e-06,true,9,true,0.29598834059938356,2.8154056199184143e-05,8.3332723755383019e-06,true,9,true,0.28353784414559874,3.9624864611452684e-06,1.1235148686492521e-06,true,8,true,0.012566808384707938,0.0005738225968993652,7.2111186220498262e-06,true,11,true
n3_irregular_f1.0_d3.0,3,irregular,3,1,3,0.028389581530360551,-1.2727272727272727:-1.0909090909090911:0;1.7272727272727273:-1.0909090909090911:0;-0.45454545454545447:2.1818181818181817:0,8,11,108,36,1.076183429772243,2.4866383438924413e-17,1.4609985954459115e-25,1.5194535833915627e-16,0,0,0.29737977493429291:0.154493718000171:0;-0.3066618185565636:0.07185821947838901:0;0.0092820520918586308:-0.22635193365516768:0,0:0:0;0:0:0;0:0:0,0.29737977493429291:0.154493718000171:0;-0.3066618185565636:0.07185821947838901:0;0.0092820520918586308:-0.22635193365516768:0,0.28335630083723129:0.1482805631793449:0;-0.29322886593611247:0.0693710667870788:0;0.0091526701484482571:-0.21914422569984207:0,0.014023474097061624:0.0062131548208261105:0;-0.013432952620451121:0.0024871526913102073:0;0.00012938194341037426:-0.0072077079553255936:0,balanced_sqrt,true,true,0.29598956539545979,4.7106715815610668e-06,1.3943096341470034e-06,true,9,true,0.29598956539545979,4.7106715815610668e-06,1.3943096341470034e-06,true,9,true,0.28353800121249401,6.3652268935388571e-07,1.80478371065802e-07,true,8,true,0.012567936145183554,9.6586073143703632e-05,1.2138875997840954e-06,true,11,true
n3_irregular_f1.0_d3.0,3,irregular,3,1,3,0.028389581530360551,-1.2727272727272727:-1.0909090909090911:0;1.7272727272727273:-1.0909090909090911:0;-0.45454545454545447:2.1818181818181817:0,9,11,135,45,1.0761840653298265,2.4084727873707875e-17,2.172462935649096e-27,1.0602986436935599e-16,0,0,0.29738004892310305:0.1544937338388368:0;-0.30666209607643896:0.0718582212073587:0;0.0092820473896785705:-0.22635195501062214:0,0:0:0;0:0:0;0:0:0,0.29738004892310305:0.1544937338388368:0;-0.30666209607643896:0.0718582212073587:0;0.0092820473896785705:-0.22635195501062214:0,0.28335633585533831:0.14828056552227484:0;-0.29322890006351932:0.069371066645115109:0;0.0091526695008638231:-0.21914422783496315:0,0.014023713067764731:0.0062131683165619718:0;-0.013433196012919636:0.0024871545622435968:0;0.00012937788881474665:-0.0072077271756589914:0,balanced_sqrt,true,true,0.29598976128628063,7.6252063262225093e-07,2.2569830002572375e-07,true,9,true,0.29598976128628063,7.6252063262225093e-07,2.2569830002572375e-07,true,9,true,0.28353802558227564,9.9784596824745029e-08,2.8292727567211616e-08,true,8,true,0.012568117750241166,1.5707625530529275e-05,1.974152872443863e-07,true,11,true
n3_irregular_f1.0_d3.0,3,irregular,3,1,3,0.028389581530360551,-1.2727272727272727:-1.0909090909090911:0;1.7272727272727273:-1.0909090909090911:0;-0.45454545454545447:2.1818181818181817:0,10,11,165,55,1.0761841834459858,3.0838083425638767e-17,1.9710572180058443e-30,1.2973347835325747e-16,0,0,0.29738009286066786:0.1544937363639749:0;-0.30666213971810519:0.071858221319951274:0;0.009282046771441595:-0.22635195771219804:0,0:0:0;0:0:0;0:0:0,0.29738009286066786:0.1544937363639749:0;-0.30666213971810519:0.071858221319951274:0;0.009282046771441595:-0.22635195771219804:0,0.283356341149966:0.14828056580891902:0;-0.29322890533337392:0.069371066627602132:0;0.0091526693997173985:-0.21914422815056692:0,0.014023751710701856:0.0062131705550558932:0;-0.013433234384731282:0.0024871546923491356:0;0.00012937737172419593:-0.0072077295616311231:0,balanced_sqrt,true,true,0.29598979220331595,1.2101701348503846e-07,3.5819800674502416e-08,true,9,true,0.29598979220331595,1.2101701348503846e-07,3.5819800674502416e-08,true,9,true,0.28353802929143812,1.5237351889609759e-08,4.3203687264001219e-09,true,8,true,0.012568146625846807,2.5062984731747572e-06,3.1499526698996329e-08,true,11,true
n3_irregular_f1.0_d3.0,3,irregular,3,1,3,0.028389581530360551,-1.2727272727272727:-1.0909090909090911:0;1.7272727272727273:-1.0909090909090911:0;-0.45454545454545447:2.1818181818181817:0,11,11,198,66,1.0761842048679022,1.5340962022435696e-17,3.6136901546540483e-31,7.8227924962517664e-17,0,0,0.297380099682931:0.1544937367393906:0;-0.3066621463793609:0.071858221332349675:0;0.009282046702173731:-0.22635195803480579:0,0:0:0;0:0:0;0:0:0,0.297380099682931:0.1544937367393906:0;-0.3066621463793609:0.071858221332349675:0;0.009282046702173731:-0.22635195803480579:0,0.28335634193178577:0.14828056584232246:0;-0.29322890611600971:0.069371066632821596:0;0.0091526693938368802:-0.21914422819102539:0,0.014023757751145203:0.0062131708970681408:0;-0.01343324026335118:0.0024871546995280753:0;0.00012937730833684997:-0.0072077298437804062:0,balanced_sqrt,true,true,0.29598979693639632,1.8624218128285034e-08,5.5125785418902385e-09,true,9,true,0.29598979693639632,1.8624218128285034e-08,5.5125785418902385e-09,true,9,true,0.28353802983828141,2.2551487217431066e-09,6.3942042555535912e-10,true,8,true,0.012568151077493709,3.8774619630121331e-07,4.873252774837181e-09,true,11,true
n3_irregular_f1.0_d2.1,3,irregular,4,1,2.1000000000000001,0.080676724779565265,-0.89090909090909098:-0.76363636363636367:0;1.209090909090909:-0.76363636363636367:0;-0.31818181818181823:1.5272727272727273:0,2,13,9,3,1.2895590687496619,3.3532313321382006e-17,8.2554874433009395e-18,9.4817618262856207e-17,0,0,1.4585638154556639:0.743027187890834:0;-1.4916172643858991:0.34547814166768331:0;0.047359380444853112:-1.0790758758215515:0,0:0:0;0:0:0;0:0:0,1.4585638154556639:0.743027187890834:0;-1.4916172643858991:0.34547814166768331:0;0.047359380444853112:-1.0790758758215515:0,1.3173326216709764:0.67108064851677252:0;-1.3660687912395597:0.31639946457009832:0;0.044147781508169399:-1.0059001387705673:0,0.14123119378468754:0.071946539374061438:0;-0.12554847314633943:0.029078677097584996:0;0.0032115989366837115:-0.073175737050984235:0,balanced_sqrt,true,true,1.4364798028725108,0,0,false,0,false,1.4364798028725108,0,0,false,0,false,1.3122183700769112,0,0,false,0,false,0.12529371633294167,0,0,false,0,false
n3_irregular_f1.0_d2.1,3,irregular,4,1,2.1000000000000001,0.080676724779565265,-0.89090909090909098:-0.76363636363636367:0;1.209090909090909:-0.76363636363636367:0;-0.31818181818181823:1.5272727272727273:0,3,13,18,6,1.4055131488353387,2.0154415264542127e-17,1.5667232309290802e-17,3.7776981891331321e-17,0,0,1.6542979202311119:0.79880131751537098:0;-1.6904174927719331:0.36912125398986573:0;0.048197408071911585:-1.1559627413016036:0,0:0:0;0:0:0;0:0:0,1.6542979202311119:0.79880131751537098:0;-1.6904174927719331:0.36912125398986573:0;0.048197408071911585:-1.1559627413016036:0,1.3851037361684384:0.6908806018943735:0;-1.4266073181864494:0.323704716082027:0;0.045721902997877567:-1.0252697257635752:0,0.26919418406267354:0.10792071562099748:0;-0.26381017458548373:0.045416537907838721:0;0.0024755050740340209:-0.1306930155380284:0,balanced_sqrt,true,true,1.6028224899828056,0.10649959409457928,0.17069994458883167,true,0,false,1.6028224899828056,0.10649959409457928,0.17069994458883167,true,0,false,1.3649285759725844,0.040308247132638385,0.055017878358703122,true,0,false,0.24004003288303752,0.48320885566779342,0.11598946960387206,true,0,false
n3_irregular_f1.0_d2.1,3,irregular,4,1,2.1000000000000001,0.080676724779565265,-0.89090909090909098:-0.76363636363636367:0;1.209090909090909:-0.76363636363636367:0;-0.31818181818181823:1.5272727272727273:0,4,13,30,10,1.5074066082473985,1.7985348249170071e-17,6.6787700797646993e-21,8.355450084012974e-17,0,0,1.7754116955818922:0.81546094332846453:0;-1.8191489815476369:0.37240379706540128:0;0.044339715553883892:-1.1859871247382454:0,0:0:0;0:0:0;0:0:0,1.7754116955818922:0.81546094332846453:0;-1.8191489815476369:0.37240379706540128:0;0.044339715553883892:-1.1859871247382454:0,1.4209066879702217:0.69766470665762315:0;-1.4603487307947216:0.32392914618455071:0;0.044151724012591209:-1.0312731277616867:0,0.35450500761167053:0.11779623667084138:0;-0.35880025075291533:0.048474650880850567:0;0.00018799154129268096:-0.15471399697655863:0,balanced_sqrt,true,true,1.7003511710288888,0.061161014394253359,0.10399520244658342,true,0,false,1.7003511710288888,0.061161014394253359,0.10399520244658342,true,0,false,1.3914900891840654,0.02076613888145357,0.028895876444162513,true,0,false,0.31335476259091227,0.24016069275144566,0.075255496860798285,true,0,false
n3_irregular_f1.0_d2.1,3,irregular,4,1,2.1000000000000001,0.080676724779565265,-0.89090909090909098:-0.76363636363636367:0;1.209090909090909:-0.76363636363636367:0;-0.31818181818181823:1.5272727272727273:0,5,13,45,15,1.5949776012393131,1.6315307288951407e-17,1.1037858118659878e-22,1.2833080212513698e-16,0,0,1.8521115530654539:0.82369282309911795:0;-1.8959701762542158:0.37233915225753655:0;0.042008507210352541:-1.1970995276553364:0,0:0:0;0:0:0;0:0:0,1.8521115530654539:0.82369282309911795:0;-1.8959701762542158:0.37233915225753655:0;0.042008507210352541:-1.1970995276553364:0,1.4385375536495058:0.69972244857418497:0;-1.4779456014506867:0.3237399043696082:0;0.04331495579349573:-1.033843349994606:0,0.41357399941594825:0.12397037452493297:0;-0.41802457480352911:0.048599247887928382:0;-0.0013064485831431865:-0.16325617766073047:0,balanced_sqrt,true,true,1.7584973148651186,0.035937274950831578,0.063195601504606819,true,0,false,1.7584973148651186,0.035937274950831578,0.063195601504606819,true,0,false,1.4046162919163718,0.01033392971675531,0.014515206039673247,true,0,false,0.36063500714711128,0.1349914975040388,0.048682659667168282,true,0,false
n3_irregular_f1.0_d2.1,3,irregular,4,1,2.1000000000000001,0.080676724779565265,-0.89090909090909098:-0.76363636363636367:0;1.209090909090909:-0.76363636363636367:0;-0.31818181818181823:1.5272727272727273:0,6,13,63,21,1.6665610114489935,1.5014192952199716e-17,7.8005817386450643e-25,1.1408955713900073e-16,1.7888011091263754e-17,0,1.8973449296354179:0.82806654366805499:0;-1.9393970412996866:0.37259530206213581:0;0.041323724822995747:-1.2011725613294952:0,0:0:0;0:0:0;0:0:0,1.8973449296354179:0.82806654366805499:0;-1.9393970412996866:0.37259530206213581:0;0.041323724822995747:-1.2011725613294952:0,1.4470153901682594:0.70040970445778028:0;-1.4864650213475008:0.32384540352442159:0;0.043220541130714774:-1.0349369023312607:0,0.45032953946715853:0.12765683921027474:0;-0.45293201995218585:0.048749898537714192:0;-0.0018968163077190284:-0.16623565899823464:0,balanced_sqrt,true,true,1.7916680587281828,0.020299196426289159,0.036369421854831566,true,0,false,1.7916680587281828,0.020299196426289159,0.036369421854831566,true,0,false,1.4108914209981591,0.0049469095563728976,0.0069795522535403302,true,0,false,0.38912501087009227,0.075543315376433565,0.029395793417017518,true,0,false
n3_irregular_f1.0_d2.1,3,irregular,4,1,2.1000000000000001,0.080676724779565265,-0.89090909090909098:-0.76363636363636367:0;1.209090909090909:-0.76363636363636367:0;-0.31818181818181823:1.5272727272727273:0,7,13,84,28,1.7229142891443123,2.0171564785990518e-17,9.8105868215370866e-27,1.242976280362724e-16,7.0859494586295579e-17,0,1.9214705357686797:0.82960062047756:0;-1.9627410963770913:0.37284756840678884:0;0.04119086752645261:-1.2025121970814461:0,0:0:0;0:0:0;0:0:0,1.9214705357686797:0.82960062047756:0;-1.9627410963770913:0.37284756840678884:0;0.04119086752645261:-1.2025121970814461:0,1.4509261738509631:0.7006370412119125:0;-1.4903533204720891:0.32392804068109549:0;0.043263607733906834:-1.0352904772448981:0,0.47054436191771648:0.12896357926564747:0;-0.47238777590500203:0.048919527725693336:0;-0.0020727402074542205:-0.16722171983654799:0,balanced_sqrt,true,true,1.8091790404946619,0.01073324854953593,0.019418368312240135,true,0,false,1.8091790404946619,0.01073324854953593,0.019418368312240135,true,0,false,1.4137255194336433,0.002259041458268495,0.0031936645590127633,true,0,false,0.40478567669158688,0.040086828089508794,0.016226573834631129,true,0,false
n3_irregular_f1.0_d2.1,3,irregular,4,1,2.1000000000000001,0.080676724779565265,-0.89090909090909098:-0.76363636363636367:0;1.209090909090909:-0.76363636363636367:0;-0.31818181818181823:1.5272727272727273:0,8,13,108,36,1.7661155798515018,1.9322427619427427e-17,7.0779394452729941e-29,6.3399622948139873e-17,7.0509764114790376e-17,0,1.9338468799681026:0.82997035423637211:0;-1.9749991612958839:0.37294768986851123:0;0.041153531111223211:-1.2029202114653126:0,0:0:0;0:0:0;0:0:0,1.9338468799681026:0.82997035423637211:0;-1.9749991612958839:0.37294768986851123:0;0.041153531111223211:-1.2029202114653126:0,1.4527037236448501:0.70070765560561366:0;-1.4921172574162442:0.32395332174983776:0;0.0432785310497961:-1.0353938672989271:0,0.4811431563232525:0.12926269863075848:0;-0.48288190387963958:0.048994368118673449:0;-0.0021249999385728889:-0.16752634416638543:0,balanced_sqrt,true,true,1.8181526209173597,0.0055343448046064571,0.010062283511555603,true,0,false,1.8181526209173597,0.0055343448046064571,0.010062283511555603,true,0,false,1.4149926364423377,0.0010231302156245372,0.0014477217212303815,true,0,false,0.41305873470580218,0.020856461770184392,0.0086149437092322995,true,0,false
n3_irregular_f1.0_d2.1,3,irregular,4,1,2.1000000000000001,0.080676724779565265,-0.89090909090909098:-0.76363636363636367:0;1.209090909090909:-0.76363636363636367:0;-0.31818181818181823:1.5272727272727273:0,9,13,135,45,1.7985171203424493,2.1300275793238873e-17,1.0361490837643967e-30,1.073539225051685e-16,0,0,1.9402601655733616:0.83006531967537422:0;-1.9814126523955404:0.37297467892705133:0;0.041134846752366519:-1.2030520713717594:0,0:0:0;0:0:0;0:0:0,1.9402601655733616:0.83006531967537422:0;-1.9814126523955404:0.37297467892705133:0;0.041134846752366519:-1.2030520713717594:0,1.4535175226452295:0.70072988407908077:0;-1.4929281937952148:0.32395978756323812:0;0.043278919154812301:-1.0354311166031902:0,0.48674264292813202:0.1293354355962934:0;-0.48848445860032558:0.049014891363813214:0;-0.0021440724024457823:-0.16762095476856911:0,balanced_sqrt,true,true,1.8227955194592032,0.0028732703460270853,0.0052373843129331649,true,0,false,1.8227955194592032,0.0028732703460270853,0.0052373843129331649,true,0,false,1.4155694680867492,0.00046891349825946938,0.00066377963130985387,true,0,false,0.41743940188527134,0.010956708870583526,0.004573761997567434,true,0,false
n3_irregular_f1.0_d2.1,3,irregular,4,1,2.1000000000000001,0.080676724779565265,-0.89090909090909098:-0.76363636363636367:0;1.209090909090909:-0.76363636363636367:0;-0.31818181818181823:1.5272727272727273:0,10,13,165,55,1.8223303437206204,3.2577959437157261e-17,6.7817144824279844e-33,2.2514482892876733e-16,0,0,1.943632377895854:0.83010722979471163:0;-1.9847750562311164:0.3729835294872379:0;0.041128178344132925:-1.2030996598225239:0,0:0:0;0:0:0;0:0:0,1.943632377895854:0.83010722979471163:0;-1.9847750562311164:0.3729835294872379:0;0.041128178344132925:-1.2030996598225239:0,1.4538946532986996:0.70073771766412274:0;-1.4933047733121512:0.32396257910358883:0;0.043279108409972074:-1.0354472807168296:0,0.48973772459715431:0.12936951213058889:0;-0.49147028291896522:0.049020950383649051:0;-0.0021509300658391476:-0.16765237910569428:0,balanced_sqrt,true,true,1.8252281947734197,0.0015064689705053464,0.0027496496395176453,true,0,false,1.8252281947734197,0.0015064689705053464,0.0027496496395176453,true,0,false,1.4158363915453664,0.00021745444695655687,0.00030787991950446475,true,0,false,0.41977674576351343,0.0058170205294912417,0.0024418499479093832,true,0,false
n3_irregular_f1.0_d2.1,3,irregular,4,1,2.1000000000000001,0.080676724779565265,-0.89090909090909098:-0.76363636363636367:0;1.209090909090909:-0.76363636363636367:0;-0.31818181818181823:1.5272727272727273:0,11,13,198,66,1.8394945418490987,2.5570703179383191e-17,3.119894739977929e-35,1.0614083341597824e-16,7.0187262808941793e-17,0,1.9454099894513355:0.83012589298140549:0;-1.9865422836434881:0.37298806189573791:0;0.041127204460919838:-1.2031169530027344:0,0:0:0;0:0:0;0:0:0,1.9454099894513355:0.83012589298140549:0;-1.9865422836434881:0.37298806189573791:0;0.041127204460919838:-1.2031169530027344:0,1.4540711814018406:0.70074064070780295:0;-1.4934810293750984:0.32396405946025181:0;0.04327997028703974:-1.0354541105446593:0,0.49133880804949503:0.12938525227360248:0;-0.49306125426838965:0.049024002435486123:0;-0.0021527658261199021:-0.16766284245807497:0,balanced_sqrt,true,true,1.8265067947519202,0.00079236370220646846,0.0014472576859949017,true,0,false,1.8265067947519202,0.00079236370220646846,0.0014472576859949017,true,0,false,1.4159610533627063,0.0001017618548220682,0.00014409082314599848,true,0,false,0.42102358770767928,0.0030953248287862892,0.0013032047645362616,true,0,false
n3_irregular_f1.0_d2.1,3,irregular,4,1,2.1000000000000001,0.080676724779565265,-0.89090909090909098:-0.76363636363636367:0;1.209090909090909:-0.76363636363636367:0;-0.31818181818181823:1.5272727272727273:0,12,13,234,78,1.8516375995071637,2.3410481553055816e-17,1.5033565248105106e-37,1.7582172161390928e-16,0,0,1.9463463985106189:0.83013190413232174:0;-1.9874746483642389:0.37299033638757056:0;0.04112744953157909:-1.2031229629214444:0,0:0:0;0:0:0;0:0:0,1.9463463985106189:0.83013190413232174:0;-1.9874746483642389:0.37299033638757056:0;0.04112744953157909:-1.2031229629214444:0,1.4541546958113782:0.70074170080160603:0;-1.493564438614563:0.32396473072053045:0;0.043280555364775486:-1.0354568988085147:0,0.49219170269924062:0.12939020333071571:0;-0.49391020974967592:0.049025605667040097:0;-0.0021531058331963992:-0.16766606411292975:0,balanced_sqrt,true,true,1.8271796920569987,0.00041755193437749129,0.00076294241487366869,true,0,false,1.8271796920569987,0.00041755193437749129,0.00076294241487366869,true,0,false,1.4160198780855562,4.8141983423772326e-05,6.817000549852696e-05,true,0,false,0.42168781784229142,0.0016476365991236158,0.00069478828208153186,true,0,false
n3_irregular_f1.0_d2.1,3,irregular,4,1,2.1000000000000001,0.080676724779565265,-0.89090909090909098:-0.76363636363636367:0;1.209090909090909:-0.76363636363636367:0;-0.31818181818181823:1.5272727272727273:0,13,13,273,91,1.8600760597288475,2.7939656250838631e-17,1.5453535458079908e-39,3.0468033631525018e-16,2.1921174040343818e-18,0,1.9468413455052536:0.83013350299230571:0;-1.9879689120064237:0.37299133121333916:0;0.041127626018567558:-1.2031251722450627:0,0:0:0;0:0:0;0:0:0,1.9468413455052536:0.83013350299230571:0;-1.9879689120064237:0.37299133121333916:0;0.041127626018567558:-1.2031251722450627:0,1.4541947204284136:0.70074209668884802:0;-1.4936044431007698:0.32396500796541611:0;0.043280810640498449:-1.0354581214999528:0,0.49264662507683993:0.12939140630345772:0;-0.494364468905654:0.049026323247923033:0;-0.0021531846219308877:-0.16766705074510999:0,balanced_sqrt,true,true,1.8275354485695501,0.00022097909991042011,0.00040384713847928504,true,0,false,1.8275354485695501,0.00022097909991042011,0.00040384713847928504,true,0,false,1.4160480311745618,2.3078944984705529e-05,3.2680894607178293e-05,true,0,false,0.42204246145853835,0.00087946891691513855,0.00037117322647113983,true,0,false
n3_linear_f0.1_d3.0,3,linear,1,0.10000000000000001,3,0.0028723477911963041,-3:0:0;0:0:0;3:0:0,2,11,9,3,1.0064465713416155,5.2794695452837131e-17,2.2113919749123722e-17,1.6341175854716737e-16,0,0,0.002521698935739941:1.0463099088003339e-22:0;-1.8899561036895467e-19:2.9033186499524677e-19:0;-0.002521698935739941:3.0892300057329859e-19:0,0:0:0;0:0:0;0:0:0,0.002521698935739941:1.0463099088003339e-22:0;-1.8899561036895467e-19:2.9033186499524677e-19:0;-0.002521698935739941:3.0892300057329859e-19:0,0.002516145806225147:1.1117042781003547e-22:0;-1.8826678459585252e-19:2.8921229959496145e-19:0;-0.002516145806225147:3.0824289913257839e-19:0,5.5531295147941268e-06:-6.5394369300020869e-24:0;-7.2882577310215691e-22:1.1195654002852971e-21:0;-5.5531295147941268e-06:6.8010144072021705e-22:0,balanced_sqrt,true,true,0.0020589585591607473,0,0,false,8,true,0.0020589585591607473,0,0,false,8,true,0.0020544244478984692,0,0,false,7,true,4.5341112622782468e-06,0,0,false,11,true
n3_linear_f0.1_d3.0,3,linear,1,0.10000000000000001,3,0.0028723477911963041,-3:0:0;0:0:0;3:0:0,3,11,18,6,1.0071382807028468,2.6365807857511541e-17,2.9899212458510646e-17,1.5305964897502278e-16,0,0,0.002528363069403352:1.0485636938568863e-22:0;-8.5813944248085869e-19:2.9062347087847833e-19:0;-0.002528363069403352:3.0980840986954336e-19:0,0:0:0;0:0:0;0:0:0,0.002528363069403352:1.0485636938568863e-22:0;-8.5813944248085869e-19:2.9062347087847833e-19:0;-0.002528363069403352:3.0980840986954336e-19:0,0.0025201757442027684:9.8175168527972487e-23:0;-8.5313143262597983e-19:2.8965210904751486e-19:0;-0.0025201757442027684:3.0879984218344293e-19:0,8.1873252005836179e-06:6.6812008577161361e-24:0;-5.0080098548788378e-21:9.7136183096347604e-22:0;-8.1873252005836179e-06:1.0085676861004165e-21:0,balanced_sqrt,true,true,0.0020643998015117677,0.0026357502781369367,5.4412423510204784e-06,true,8,true,0.0020643998015117677,0.0026357502781369367,5.4412423510204784e-06,true,8,true,0.0020577148784785481,0.0015990702183732808,3.2904305800786409e-06,true,7,true,6.6849230332199323e-06,0.32174069323662841,2.1508117709416859e-06,true,11,true
n3_linear_f0.1_d3.0,3,linear,1,0.10000000000000001,3,0.0028723477911963041,-3:0:0;0:0:0;3:0:0,4,11,30,10,1.0072025903121566,3.2594701028464655e-17,2.8679083138807029e-18,1.1469017344839754e-16,0,0,0.0025296844031749977:1.8356296674600137e-22:0;1.0723829538455681e-19:2.9104294630273193e-19:0;-0.0025296844031749972:3.0991773125423719e-19:0,0:0:0;0:0:0;0:0:0,0.0025296844031749977:1.8356296674600137e-22:0;1.0723829538455681e-19:2.9104294630273193e-19:0;-0.0025296844031749972:3.0991773125423719e-19:0,0.0025207537724986654:1.8981051232907748e-22:0;1.0646124067806299e-19:2.8981295374440671e-19:0;-0.002520753772498665:3.0881808439628035e-19:0,8.9306306763320653e-06:-6.2475455830760952e-24:0;7.7705470649382533e-22:1.2299925583252063e-21:0;-8.9306306763320636e-06:1.0996468579568349e-21:0,balanced_sqrt,true,true,0.0020654786660185805,0.00052233146948567778,1.0788645068128026e-06,true,8,true,0.0020654786660185805,0.00052233146948567778,1.0788645068128026e-06,true,8,true,0.0020581868366058272,0.00022930771827186667,4.7195812727927352e-07,true,7,true,7.2918294127533966e-06,0.083231017235809876,6.0690637953346338e-07,true,11,true
n3_linear_f0.1_d3.0,3,linear,1,0.10000000000000001,3,0.0028723477911963041,-3:0:0;0:0:0;3:0:0,5,11,45,15,1.0072449976883378,2.9278539702633467e-17,4.5659789065011851e-20,1.3331794969095833e-16,0,0,0.0025299171199959533:1.0505039600962042e-22:0;-9.0551676983317493e-20:2.9110702941695036e-19:0;-0.0025299171199959524:3.1006926036985483e-19:0,0:0:0;0:0:0;0:0:0,0.0025299171199959533:1.0505039600962042e-22:0;-9.0551676983317493e-20:2.9110702941695036e-19:0;-0.0025299171199959524:3.1006926036985483e-19:0,0.0025208186837942501:1.0475050811799415e-22:0;-9.0117819832703506e-20:2.8989770207512078e-19:0;-0.0025208186837942493:3.089621051924988e-19:0,9.0984362017030792e-06:2.9988789162627007e-25:0;-4.3385715061398243e-22:1.2093273418296022e-21:0;-9.0984362017030775e-06:1.1071551773560062e-21:0,balanced_sqrt,true,true,0.0020656686785072149,9.1985946541915412e-05,1.9001248863447373e-07,true,8,true,0.0020656686785072149,9.1985946541915412e-05,1.9001248863447373e-07,true,8,true,0.0020582398364567354,2.5750085082195499e-05,5.2999850908325088e-08,true,7,true,7.4288420504796093e-06,0.018443337036270418,1.3701263772621364e-07,true,11,true
n3_linear_f0.1_d3.0,3,linear,1,0.10000000000000001,3,0.0028723477911963041,-3:0:0;0:0:0;3:0:0,6,11,63,21,1.007247900435212,1.7855111903084475e-17,1.5410112617454044e-21,2.0240244927658028e-16,0,0,0.0025299500697357267:1.3106404944301967e-22:0;1.9372015606881786e-19:2.9105926399043515e-19:0;-0.0025299500697357263:3.0994221052219634e-19:0,0:0:0;0:0:0;0:0:0,0.0025299500697357267:1.3106404944301967e-22:0;1.9372015606881786e-19:2.9105926399043515e-19:0;-0.0025299500697357263:3.0994221052219634e-19:0,0.0025208187315054237:1.1783311028253604e-22:0;1.9265502893364777e-19:2.8984607123627239e-19:0;-0.0025208187315054233:3.088246057267122e-19:0,9.1313382303032396e-06:1.3230939160483633e-23:0;1.065127135170097e-21:1.2131927541627761e-21:0;-9.1313382303032379e-06:1.1176047954841577e-21:0,balanced_sqrt,true,true,0.0020656955818570827,1.3023869588501401e-05,2.6903349867650167e-08,true,8,true,0.0020656955818570827,1.3023869588501401e-05,2.6903349867650167e-08,true,8,true,0.0020582398754127457,1.8926856252757714e-08,3.8956010255630983e-11,true,7,true,7.4557064443372272e-06,0.0036031989802953321,2.6864393857617234e-08,true,11,true
n3_linear_f0.1_d3.0,3,linear,1,0.10000000000000001,3,0.0028723477911963041,-3:0:0;0:0:0;3:0:0,7,11,84,28,1.007249696233637,2.0766135712368982e-17,1.0760009774496236e-23,1.671790777271316e-16,0,0,0.0025299579752937782:1.834581440105642e-22:0;-1.9780342774967748e-19:2.9082914990384893e-19:0;-0.0025299579752937782:3.0999555158567449e-19:0,0:0:0;0:0:0;0:0:0,0.0025299579752937782:1.834581440105642e-22:0;-1.9780342774967748e-19:2.9082914990384893e-19:0;-0.0025299579752937782:3.0999555158567449e-19:0,0.0025208207038628404:1.7666741901309738e-22:0;-1.965052770930568e-19:2.8961474032603232e-19:0;-0.0025208207038628404:3.0887701231450913e-19:0,9.1372714309378989e-06:6.7907249974668233e-24:0;-1.2981506566206723e-21:1.2144095778166259e-21:0;-9.1372714309378972e-06:1.1185392711653545e-21:0,balanced_sqrt,true,true,0.0020657020367182023,3.1247784069637185e-06,6.4548611195580124e-09,true,8,true,0.0020657020367182023,3.1247784069637185e-06,6.4548611195580124e-09,true,8,true,0.0020582414858358331,7.8242669695156113e-07,1.6104230872912044e-09,true,7,true,7.4605508823693848e-06,0.00064934052572522603,4.8444380321575356e-09,true,11,true
n3_linear_f0.1_d3.0,3,linear,1,0.10000000000000001,3,0.0028723477911963041,-3:0:0;0:0:0;3:0:0,8,11,108,36,1.0072498029301227,5.2407054993762857e-17,5.1637633638599508e-25,3.0251104977570778e-16,0,0,0.0025299589709481961:1.3094704358007403e-22:0;5.1394603255906838e-19:2.9116857384631373e-19:0;-0.0025299589709481965:3.0994306313516717e-19:0,0:0:0;0:0:0;0:0:0,0.0025299589709481961:1.3094704358007403e-22:0;5.1394603255906838e-19:2.9116857384631373e-19:0;-0.0025299589709481965:3.0994306313516717e-19:0,0.0025208207044471959:1.1775753827609146e-22:0;5.1111840014857405e-19:2.8995496626170889e-19:0;-0.0025208207044471963:3.0883114499579924e-19:0,9.1382665010003242e-06:1.3189505303982575e-23:0;2.8276324104943294e-21:1.2136075846048314e-21:0;-9.1382665010003242e-06:1.1119181393679326e-21:0,balanced_sqrt,true,true,0.0020657028496666304,3.9354567781669801e-07,8.1294842813993871e-10,true,8,true,0.0020657028496666304,3.9354567781669801e-07,8.1294842813993871e-10,true,8,true,0.0020582414863129575,2.3181168596416724e-10,4.7712442906360011e-13,true,7,true,7.4613633536731394e-06,0.00010889046213712086,8.1247130375444613e-10,true,11,true
n3_linear_f0.1_d3.0,3,linear,1,0.10000000000000001,3,0.0028723477911963041,-3:0:0;0:0:0;3:0:0,9,11,135,45,1.0072498664819709,1.0426962134786671e-16,3.822048096946569e-27,6.9120798122462324e-16,0,0,0.00252995917964547:1.0491596027958769e-22:0;-2.0148679203066438e-18:2.9097708719156807e-19:0;-0.0025299591796454704:3.0999553090336059e-19:0,0:0:0;0:0:0;0:0:0,0.00252995917964547:1.0491596027958769e-22:0;-2.0148679203066438e-18:2.9097708719156807e-19:0;-0.0025299591796454704:3.0999553090336059e-19:0,0.0025208207531242318:1.0477416096186516e-22:0;-2.0007555618848098e-18:2.8975711796323099e-19:0;-0.0025208207531242323:3.0887040435601546e-19:0,9.1384265212381717e-06:1.4179931772252514e-25:0;-1.4112358421834016e-20:1.2199692283370928e-21:0;-9.1384265212381768e-06:1.1251265473451064e-21:0,balanced_sqrt,true,true,0.0020657030200672412,8.2490371999350755e-08,1.7040061056552904e-10,true,8,true,0.0020657030200672412,8.2490371999350755e-08,1.7040061056552904e-10,true,8,true,0.0020582415260575909,1.9309994915748502e-08,3.974463340355452e-11,true,7,true,7.4614940096502225e-06,1.7510699186361562e-05,1.3065597708382381e-10,true,11,true
n3_linear_f0.1_d3.0,3,linear,1,0.10000000000000001,3,0.0028723477911963041,-3:0:0;0:0:0;3:0:0,10,11,165,55,1.0072498700145056,6.9146381227132633e-17,4.8796276171061976e-29,4.7222537052796452e-16,0,0,0.0025299592042084271:5.251485193392774e-23:0;-1.2372124597219604e-18:2.91184271618925e-19:0;-0.0025299592042084271:3.0999553706102306e-19:0,0:0:0;0:0:0;0:0:0,0.0025299592042084271:5.251485193392774e-23:0;-1.2372124597219604e-18:2.91184271618925e-19:0;-0.0025299592042084271:3.0999553706102306e-19:0,0.0025208207531377484:5.2395678504736653e-23:0;-1.2281143093207177e-18:2.8997319415702215e-19:0;-0.0025208207531377484:3.0887699949232762e-19:0,9.1384510706785568e-06:1.1917342919108454e-25:0;-9.0981504012427103e-21:1.2110774619028574e-21:0;-9.1384510706785568e-06:1.1185375686954128e-21:0,balanced_sqrt,true,true,0.0020657030401228112,9.708835177782683e-09,2.0055570342796982e-11,true,8,true,0.0020657030401228112,9.708835177782683e-09,2.0055570342796982e-11,true,8,true,0.0020582415260686267,5.3618706524312377e-12,1.1036024834242654e-14,true,7,true,7.4615140541843593e-06,2.686389651017501e-06,2.00445341360825e-11,true,11,true
n3_linear_f0.1_d3.0,3,linear,1,0.10000000000000001,3,0.0028723477911963041,-3:0:0;0:0:0;3:0:0,11,11,198,66,1.0072498720516552,2.5932143080149427e-17,7.7857646400697061e-31,1.2607860559702228e-16,0,0,0.0025299592089466955:1.5749614280600938e-22:0;-4.9040078908878655e-19:2.9116320416331628e-19:0;-0.0025299592089466955:3.0999562189429781e-19:0,0:0:0;0:0:0;0:0:0,0.0025299592089466955:1.5749614280600938e-22:0;-4.9040078908878655e-19:2.9116320416331628e-19:0;-0.0025299592089466955:3.0999562189429781e-19:0,0.00252082075419342:1.4407896849354539e-22:0;-4.8725931435966228e-19:2.8994407971234522e-19:0;-0.0025208207541934195:3.0887046037361738e-19:0,9.1384547532755884e-06:1.3417174312464003e-23:0;-3.1414747291242817e-21:1.2191244509710771e-21:0;-9.1384547532759527e-06:1.125161520680431e-21:0,balanced_sqrt,true,true,0.0020657030439915915,1.8728635444621585e-09,3.8687799247763619e-12,true,8,true,0.0020657030439915915,1.8728635444621585e-09,3.8687799247763619e-12,true,8,true,0.0020582415269305787,4.1878082388863904e-10,8.6195208240979816e-13,true,7,true,7.4615170610123925e-06,4.0297810878847723e-07,3.0068280339397307e-12,true,11,true
n3_linear_f0.8_d4.0,3,linear,2,0.80000000000000004,4,0.010030161281933956,-4:0:0;0:0:0;4:0:0,2,9,9,3,1.0213028659635504,4.4356430313595392e-17,1.5303572478658553e-17,1.4008638112988551e-16,0,0,0.052742784931577413:6.6963834163221369e-21:0;-9.598148368992717e-18:6.072182206709062e-18:0;-0.052742784931577413:6.4687063801671852e-18:0,0:0:0;0:0:0;0:0:0,0.052742784931577413:6.6963834163221369e-21:0;-9.598148368992717e-18:6.072182206709062e-18:0;-0.052742784931577413:6.4687063801671852e-18:0,0.052333550437385849:6.6963834163221369e-21:0;-9.4713177564570977e-18:5.9907404830776304e-18:0;-0.052333550437385849:6.4184835045447692e-18:0,0.00040923449419156649:0:0;-1.2683061253561874e-19:8.1441723631431794e-20:0;-0.00040923449419156649:5.0222875622416029e-20:0,balanced_sqrt,true,true,0.043064303565239347,0,0,false,7,true,0.043064303565239347,0,0,false,7,true,0.042730164999934248,0,0,false,6,true,0.00033413856530510139,0,0,false,9,true
n3_linear_f0.8_d4.0,3,linear,2,0.80000000000000004,4,0.010030161281933956,-4:0:0;0:0:0;4:0:0,3,9,18,6,1.0220157682065028,2.6199598639504516e-17,3.9788215219859876e-17,1.3456083923069726e-16,0,0,0.052944854389181582:1.563224421535274e-23:0;6.8603267412725052e-18:6.0732732393044192e-18:0;-0.052944854389181582:6.4882061085658119e-18:0,0:0:0;0:0:0;0:0:0,0.052944854389181582:1.563224421535274e-23:0;6.8603267412725052e-18:6.0732732393044192e-18:0;-0.052944854389181582:6.4882061085658119e-18:0,0.05242146452043038:0:0;6.7406644420403981e-18:5.9986407292908832e-18:0;-0.05242146452043038:6.4223854976644309e-18:0,0.00052338986875120343:1.563224421535274e-23:0;1.1966229923210677e-19:7.4632510013535704e-20:0;-0.00052338986875120354:6.5820610901380955e-20:0,balanced_sqrt,true,true,0.043229292586483073,0.0038166023863021254,0.00016498902124372408,true,7,true,0.043229292586483073,0.0038166023863021254,0.00016498902124372408,true,7,true,0.042801946548155501,0.0016770627041575309,7.1781548221255755e-05,true,6,true,0.00042734603832756893,0.21810772690730365,9.3207473022467526e-05,true,9,true
n3_linear_f0.8_d4.0,3,linear,2,0.80000000000000004,4,0.010030161281933956,-4:0:0;0:0:0;4:0:0,4,9,30,10,1.0220504405862372,1.9351559008565105e-17,2.4640700811989381e-18,1.0519706812001174e-16,2.0085312830272148e-35,0,0.052970847065373743:1.3430782161694492e-20:0;-1.2701076891452697e-18:6.0802482019007518e-18:0;-0.052970847065373743:6.5048166400756619e-18:0,0:0:0;0:0:0;0:0:0,0.052970847065373743:1.3430782161694492e-20:0;-1.2701076891452697e-18:6.0802482019007518e-18:0;-0.052970847065373743:6.5048166400756619e-18:0,0.052428927263230771:1.5079385913154743e-20:0;-1.2468133330449709e-18:5.9979576906173384e-18:0;-0.052428927263230771:6.436704438736398e-18:0,0.00054191980214296888:-1.6486037514602493e-21:0;-2.3294356100298837e-20:8.2290511283413004e-20:0;-0.00054191980214296888:6.8112201339263948e-20:0,balanced_sqrt,true,true,0.043250515517723132,0.00049069776362234744,2.1222931240060373e-05,true,7,true,0.043250515517723132,0.00049069776362234744,2.1222931240060373e-05,true,7,true,0.042808039852136368,0.00014234017726363297,6.0933039808617546e-06,true,6,true,0.00044247566558676388,0.0341931284269196,1.5129627259194945e-05,true,9,true
n3_linear_f0.8_d4.0,3,linear,2,0.80000000000000004,4,0.010030161281933956,-4:0:0;0:0:0;4:0:0,5,9,45,15,1.0220606370924668,2.0563924540907938e-17,8.4208878497805047e-21,1.4294902437196014e-16,1.0042104189063031e-35,0,0.05297375998903097:6.7156500028052213e-21:0;4.6359193175996982e-19:6.079054640370405e-18:0;-0.05297375998903097:6.4983819012387057e-18:0,0:0:0;0:0:0;0:0:0,0.05297375998903097:6.7156500028052213e-21:0;4.6359193175996982e-19:6.079054640370405e-18:0;-0.05297375998903097:6.4983819012387057e-18:0,0.052429447791750607:7.5384406339343765e-21:0;4.5592881167653371e-19:5.9976607707015864e-18:0;-0.052429447791750607:6.4316771232118334e-18:0,0.00054431219728036113:-8.2279063112915559e-22:0;7.6631200834361598e-21:8.1393869668818574e-20:0;-0.00054431219728036113:6.6704778026872196e-20:0,balanced_sqrt,true,true,0.043252893909929764,5.498804800397413e-05,2.3783922066300183e-06,true,7,true,0.043252893909929764,5.498804800397413e-05,2.3783922066300183e-06,true,7,true,0.042808464861893089,9.928170937513058e-06,4.2500975672139592e-07,true,6,true,0.00044442904803667277,0.0043952627726252975,1.9533824499088879e-06,true,9,true
n3_linear_f0.8_d4.0,3,linear,2,0.80000000000000004,4,0.010030161281933956,-4:0:0;0:0:0;4:0:0,6,9,63,21,1.0220609954012263,1.9826052229701324e-17,3.2979270076643633e-21,1.4092153261108367e-16,0,0,0.052974026675742726:4.0821925602934848e-23:0;-1.0267876706448662e-17:6.0819298402931907e-18:0;-0.052974026675742719:6.5051300801377741e-18:0,0:0:0;0:0:0;0:0:0,0.052974026675742726:4.0821925602934848e-23:0;-1.0267876706448662e-17:6.0819298402931907e-18:0;-0.052974026675742719:6.5051300801377741e-18:0,0.052429448157662338:1.8387142638498091e-24:0;-1.0083499257062539e-17:6.0004563744656169e-18:0;-0.052429448157662331:6.4367044183276257e-18:0,0.00054457851808038641:3.8983211339085039e-23:0;-1.8437744938612384e-19:8.1473465827574171e-20:0;-0.0005445785180803862:6.8425661810148652e-20:0,balanced_sqrt,true,true,0.043253111658718084,5.0342918688172732e-06,2.1774878832453006e-07,true,7,true,0.043253111658718084,5.0342918688172732e-06,2.1774878832453006e-07,true,7,true,0.042808465160658761,6.9791260609968208e-09,2.9876567483402803e-10,true,6,true,0.00044464649805932326,0.00048904022318754727,2.1745002265049275e-07,true,9,true
n3_linear_f0.8_d4.0,3,linear,2,0.80000000000000004,4,0.010030161281933956,-4:0:0;0:0:0;4:0:0,7,9,84,28,1.0220610970604482,1.9871908338400832e-17,2.5153243022347599e-23,1.4415650927585325e-16,0,0,0.052974058969252662:1.0056554940050704e-20:0;5.1153727252414745e-18:6.0769905475960176e-18:0;-0.052974058969252683:6.4983994019681547e-18:0,0:0:0;0:0:0;0:0:0,0.052974058969252662:1.0056554940050704e-20:0;5.1153727252414745e-18:6.0769905475960176e-18:0;-0.052974058969252683:6.4983994019681547e-18:0,0.052429453222758084:8.3729684980101943e-21:0;5.0303704939935734e-18:5.995742837372841e-18:0;-0.052429453222758104:6.4308309679829878e-18:0,0.00054460574649457544:1.6835864420405088e-21:0;8.5002231247901419e-20:8.1247710223176952e-20:0;-0.00054460574649457566:6.7568433985166844e-20:0,balanced_sqrt,true,true,0.043253138026258547,6.0960988411765798e-07,2.6367540459912537e-08,true,7,true,0.043253138026258547,6.0960988411765798e-07,2.6367540459912537e-08,true,7,true,0.042808469296292131,9.6607831059424599e-08,4.1356333696887551e-09,true,6,true,0.00044466872996641284,4.999656056607207e-05,2.2231907089604105e-08,true,9,true
n3_linear_f0.8_d4.0,3,linear,2,0.80000000000000004,4,0.010030161281933956,-4:0:0;0:0:0;4:0:0,8,9,108,36,1.0220611000902933,3.7448914576112324e-17,2.2260381654847825e-24,2.1689598145542403e-16,0,0,0.052974061552132273:2.0113801346142583e-20:0;2.5971633886591911e-17:6.0751582084598872e-18:0;-0.052974061552132273:6.4984291054522177e-18:0,0:0:0;0:0:0;0:0:0,0.052974061552132273:2.0113801346142583e-20:0;2.5971633886591911e-17:6.0751582084598872e-18:0;-0.052974061552132273:6.4984291054522177e-18:0,0.052429453224241696:1.8426485285043732e-20:0;2.5509899504854175e-17:5.9961803401279467e-18:0;-0.052429453224241696:6.431682148919197e-18:0,0.00054460832789058103:1.6873160610988518e-21:0;4.6173438173773561e-19:7.8977868331940795e-20:0;-0.00054460832789058125:6.6746956533020915e-20:0,balanced_sqrt,true,true,0.043253140135170912,4.8757439499495708e-08,2.1089123633038054e-09,true,7,true,0.043253140135170912,4.8757439499495708e-08,2.1089123633038054e-09,true,7,true,0.042808469297503489,2.8297099149770796e-11,1.2113555001613752e-12,true,6,true,0.00044467083766742542,4.7399128389895491e-06,2.1077010125840674e-09,true,9,true
n3_linear_f0.8_d4.0,3,linear,2,0.80000000000000004,4,0.010030161281933956,-4:0:0;0:0:0;4:0:0,9,9,135,45,1.0220611009540497,3.7926215885073898e-17,1.0704153837019587e-26,2.1666497617402865e-16,0,0,0.05297406182646807:6.7384716353194801e-21:0;2.5507994027225479e-17:6.080799384562334e-18:0;-0.052974061826468084:6.4984401167176807e-18:0,0:0:0;0:0:0;0:0:0,0.05297406182646807:6.7384716353194801e-21:0;2.5507994027225479e-17:6.080799384562334e-18:0;-0.052974061826468084:6.4984401167176807e-18:0,0.052429453264092853:6.7140719933515155e-21:0;2.5053230718233279e-17:5.9993349247744336e-18:0;-0.052429453264092866:6.4308406378697196e-18:0,0.00054460856237521457:2.4399641967964653e-23:0;4.5476330899220054e-19:8.1464459787900465e-20:0;-0.00054460856237521457:6.7599478847961086e-20:0,balanced_sqrt,true,true,0.043253140359165151,5.1786816909039579e-09,2.2399424605210762e-10,true,7,true,0.043253140359165151,5.1786816909039579e-09,2.2399424605210762e-10,true,7,true,0.042808469330041829,7.6009116163470153e-10,3.2538339180874986e-11,true,6,true,0.0004446710291233269,4.3055627403629425e-07,1.9145590147122412e-10,true,9,true
n3_linear_f1.0_d3.0,3,linear,3,1,3,0.028723477911963061,-3:0:0;0:0:0;3:0:0,2,11,9,3,1.0673413345590681,2.7704323620119029e-17,2.1523349659635443e-17,9.9650301758161365e-17,0,0,0.26573255715032235:1.3392766832644274e-20:0;-1.1388214497422929e-17:3.1016522091443175e-17:0;-0.2657325571503224:3.254442340332559e-17:0,0:0:0;0:0:0;0:0:0,0.26573255715032235:1.3392766832644274e-20:0;-1.1388214497422929e-17:3.1016522091443175e-17:0;-0.2657325571503224:3.254442340332559e-17:0,0.25980869364739573:6.6963834163221369e-21:0;-1.0957478050962584e-17:2.9833260355994482e-17:0;-0.25980869364739578:3.1821213994362801e-17:0,0.0059238635029266375:6.6963834163221369e-21:0;-4.3073644646034499e-19:1.1832617354486965e-18:0;-0.0059238635029266384:7.2320940896279088e-19:0,balanced_sqrt,true,true,0.21696972435441977,0,0,false,9,true,0.21696972435441977,0,0,false,9,true,0.21213291005839766,0,0,false,9,true,0.0048368142960221426,0,0,false,11,true
n3_linear_f1.0_d3.0,3,linear,3,1,3,0.028723477911963061,-3:0:0;0:0:0;3:0:0,3,11,18,6,1.076076272274368,1.3372745910416295e-17,1.0540313487944298e-18,6.4267892771233137e-17,0,0,0.27094606033364416:1.2210124587774051e-19:0;-1.8930798752260051e-17:3.1189254582311259e-17:0;-0.2709460603336441:3.3334148789877975e-17:0,0:0:0;0:0:0;0:0:0,0.27094606033364416:1.2210124587774051e-19:0;-1.8930798752260051e-17:3.1189254582311259e-17:0;-0.2709460603336441:3.3334148789877975e-17:0,0.26182254349733369:1.340646624509416e-19:0;-1.7801768186831827e-17:3.0159620801919204e-17:0;-0.26182254349733364:3.2211518967926703e-17:0,0.0091235168363104618:-1.1963416573201091e-20:0;-1.1290305654282245e-18:1.0296337803920577e-18:0;-0.0091235168363104583:1.1226298219512706e-18:0,balanced_sqrt,true,true,0.2212265318782578,0.019241849011946602,0.0042568075238380281,true,9,true,0.2212265318782578,0.019241849011946602,0.0042568075238380281,true,9,true,0.21377721157537377,0.0076916594844645934,0.0016443015169761177,true,9,true,0.0074493203028840344,0.3507039435330026,0.0026125060068618922,true,11,true
n3_linear_f1.0_d3.0,3,linear,3,1,3,0.028723477911963061,-3:0:0;0:0:0;3:0:0,4,11,30,10,1.0769254389672938,4.1085753736528751e-17,6.7214893140941417e-20,1.6624283689478147e-16,0,0,0.27195888583052469:1.39067859003473e-20:0;5.967120498050892e-17:3.1603634238128421e-17:0;-0.27195888583052469:3.3294822903868842e-17:0,0:0:0;0:0:0;0:0:0,0.27195888583052469:1.39067859003473e-20:0;5.967120498050892e-17:3.1603634238128421e-17:0;-0.27195888583052469:3.3294822903868842e-17:0,0.26189988303228023:2.6842379140635838e-20:0;5.5806301173981593e-17:3.0234054001558089e-17:0;-0.26189988303228023:3.2065882465252253e-17:0,0.010059002798244438:-1.2935593240288537e-20:0;3.8649038065273214e-18:1.3695802365703343e-18:0;-0.01005900279824444:1.2289404386165861e-18:0,balanced_sqrt,true,true,0.22205350043353719,0.0037241860797727977,0.00082696855527940208,true,9,true,0.22205350043353719,0.0037241860797727977,0.00082696855527940208,true,9,true,0.21384035904122817,0.00029530190716823055,6.3147465854413852e-05,true,9,true,0.0082131413923090136,0.092999870931266285,0.00076382108942497895,true,11,true
n3_linear_f1.0_d3.0,3,linear,3,1,3,0.028723477911963061,-3:0:0;0:0:0;3:0:0,5,11,45,15,1.0775189861704617,1.2825851201068181e-17,5.5336564803083144e-22,9.059843249352389e-17,0,0,0.27226776599061125:1.919454553396241e-19:0;5.285118807276107e-17:3.1427733807577048e-17:0;-0.27226776599061125:3.3540435986409943e-17:0,0:0:0;0:0:0;0:0:0,0.27226776599061125:1.919454553396241e-19:0;5.285118807276107e-17:3.1427733807577048e-17:0;-0.27226776599061125:3.3540435986409943e-17:0,0.26198294755913509:1.8777413636518095e-19:0;4.9491882850419081e-17:3.0114930485117758e-17:0;-0.26198294755913509:3.2266980871387829e-17:0,0.010284818431476161:4.171318974443153e-21:0;3.3593052223419878e-18:1.3128033224592887e-18:0;-0.010284818431476165:1.2734551150221146e-18:0,balanced_sqrt,true,true,0.2223057000281643,0.0011344720112670913,0.00025219959462709023,true,9,true,0.2223057000281643,0.0011344720112670913,0.00025219959462709023,true,9,true,0.21390818094340155,0.00031706081494525394,6.7821902173371734e-05,true,9,true,0.0083975190847627463,0.021956209994006951,0.00018437769245373191,true,11,true
n3_linear_f1.0_d3.0,3,linear,3,1,3,0.028723477911963061,-3:0:0;0:0:0;3:0:0,6,11,63,21,1.0775609199164675,1.2355365894445831e-17,2.3745981115320145e-23,1.0952647914898603e-16,0,0,0.27231223262475601:1.5093889222053198e-19:0;7.6763457516964597e-17:3.1576485028916779e-17:0;-0.2723122326247559:3.3544492956386507e-17:0,0:0:0;0:0:0;0:0:0,0.27231223262475601:1.5093889222053198e-19:0;7.6763457516964597e-17:3.1576485028916779e-17:0;-0.2723122326247559:3.3544492956386507e-17:0,0.26198320866165425:1.4088780086402387e-19:0;7.1646825155547835e-17:3.0223797471387203e-17:0;-0.26198320866165414:3.2266959891901765e-17:0,0.010329023963101749:1.0051091356508104e-20:0;5.1166323614167662e-18:1.3526875575295742e-18:0;-0.010329023963101749:1.2775330644847441e-18:0,balanced_sqrt,true,true,0.22234200688290881,0.00016329282645916474,3.630685474451324e-05,true,9,true,0.22234200688290881,0.00016329282645916474,3.630685474451324e-05,true,9,true,0.21390839413271567,9.9663837403764425e-07,2.1318931412143331e-07,true,9,true,0.0084336127501931282,0.0042797394781443777,3.6093665430383309e-05,true,11,true
n3_linear_f1.0_d3.0,3,linear,3,1,3,0.028723477911963061,-3:0:0;0:0:0;3:0:0,7,11,84,28,1.077587834784967,1.0874925140703176e-17,5.1065986952335058e-25,1.513000673461562e-16,0,0,0.27232332269043558:8.1745677451622021e-20:0;-5.7277299186769896e-17:3.1637993465408178e-17:0;-0.27232332269043541:3.3396950894432797e-17:0,0:0:0;0:0:0;0:0:0,0.27232332269043558:8.1745677451622021e-20:0;-5.7277299186769896e-17:3.1637993465408178e-17:0;-0.27232332269043541:3.3396950894432797e-17:0,0.26198583481294435:7.3787047554972388e-20:0;-5.3080040415345778e-17:3.0305261442219108e-17:0;-0.26198583481294418:3.2126253367822105e-17:0,0.010337487877491234:7.9586298966496331e-21:0;-4.1972587714241168e-18:1.3327320231890684e-18:0;-0.010337487877491232:1.2706975266106946e-18:0,balanced_sqrt,true,true,0.22235106188361842,4.0723892356965667e-05,9.0550007096054876e-06,true,9,true,0.22235106188361842,4.0723892356965667e-05,9.0550007096054876e-06,true,9,true,0.21391053837626503,1.0024020161030571e-05,2.1442435493405844e-06,true,9,true,0.0084405235073534077,0.00081875930494805071,6.9107571602783592e-06,true,11,true
n3_linear_f1.0_d3.0,3,linear,3,1,3,0.028723477911963061,-3:0:0;0:0:0;3:0:0,8,11,108,36,1.0775894805933068,2.7393496213621718e-17,1.2120811120311684e-26,1.1990151097957078e-16,0,0,0.27232473511798871:1.5138295786910785e-19:0;-1.2743069872533356e-17:3.1571150360023357e-17:0;-0.27232473511798871:3.3478611437733027e-17:0,0:0:0;0:0:0;0:0:0,0.27232473511798871:1.5138295786910785e-19:0;-1.2743069872533356e-17:3.1571150360023357e-17:0;-0.27232473511798871:3.3478611437733027e-17:0,0.26198584235857125:1.4081966475757144e-19:0;-1.210262489766298e-17:3.0231792991552786e-17:0;-0.26198584235857125:3.2220028362512156e-17:0,0.010338892759417469:1.056329311153642e-20:0;-6.404449748703763e-19:1.3393573684705725e-18:0;-0.010338892759417469:1.2585830752208735e-18:0,balanced_sqrt,true,true,0.22235221512588643,5.186556236286379e-06,1.1532422680132567e-06,true,9,true,0.22235221512588643,5.186556236286379e-06,1.1532422680132567e-06,true,9,true,0.21391054453724365,2.8801659343192944e-08,6.1609786336785936e-09,true,9,true,0.0084416705886427856,0.0001358832090560516,1.1470812893788698e-06,true,11,true
n3_linear_f1.0_d3.0,3,linear,3,1,3,0.028723477911963061,-3:0:0;0:0:0;3:0:0,9,11,135,45,1.0775904824734757,1.3553218015214233e-17,7.5267261444849003e-29,1.6648446457987275e-16,1.6002501820740391e-32,0,0.27232504297574872:1.5053093415949857e-19:0;4.8479121156180395e-17:3.1765069089011097e-17:0;-0.27232504297574861:3.3506166514079978e-17:0,0:0:0;0:0:0;0:0:0,0.27232504297574872:1.5053093415949857e-19:0;4.8479121156180395e-17:3.1765069089011097e-17:0;-0.27232504297574861:3.3506166514079978e-17:0,0.26198590940527983:1.2750626160655896e-19:0;4.6013410157804595e-17:3.0410933631449209e-17:0;-0.26198590940527972:3.223343080746884e-17:0,0.010339133570468889:2.3024672552939598e-20:0;2.465710998375797e-18:1.3541354575618902e-18:0;-0.010339133570468886:1.2727357066111361e-18:0,balanced_sqrt,true,true,0.22235246649069484,1.1304790649707606e-06,2.5136480841234307e-07,true,9,true,0.22235246649069484,1.1304790649707606e-06,2.5136480841234307e-07,true,9,true,0.21391059928065193,2.5591723108553735e-07,5.4743408267752382e-08,true,9,true,0.0084418672100429193,2.3291221626815886e-05,1.9662140013325953e-07,true,11,true
n3_linear_f1.0_d3.0,3,linear,3,1,3,0.028723477911963061,-3:0:0;0:0:0;3:0:0,10,11,165,55,1.0775905398324428,1.7458191307599117e-17,1.454151248964623e-30,1.4295578061807583e-16,0,0,0.27232507961268826:1.3722723642238888e-19:0;-1.8789701431086843e-17:3.1588713602037085e-17:0;-0.2723250796126882:3.3519382398014091e-17:0,0:0:0;0:0:0;0:0:0,0.27232507961268826:1.3722723642238888e-19:0;-1.8789701431086843e-17:3.1588713602037085e-17:0;-0.2723250796126882:3.3519382398014091e-17:0,0.26198590960685125:1.2071617827817579e-19:0;-1.768164991462931e-17:3.0245677111538803e-17:0;-0.2619859096068512:3.2246859865494333e-17:0,0.010339170005836994:1.6511058144213079e-20:0;-1.1080515164575343e-18:1.3430364904982854e-18:0;-0.010339170005836994:1.27252253251976e-18:0,balanced_sqrt,true,true,0.22235249640463076,1.3453384321989845e-07,2.9913935890853629e-08,true,9,true,0.22235249640463076,1.3453384321989845e-07,2.9913935890853629e-08,true,9,true,0.21391059944523433,7.6939807287803808e-10,1.6458240298134921e-10,true,9,true,0.0084418969593964034,3.5240128642544078e-06,2.9749353483623097e-08,true,11,true
n3_linear_f1.0_d3.0,3,linear,3,1,3,0.028723477911963061,-3:0:0;0:0:0;3:0:0,11,11,198,66,1.0775905732894733,1.5347599386384548e-17,7.3767086608449044e-33,1.6596407787036499e-16,0,0,0.27232508699777702:2.1950701710424192e-19:0;-1.0684276595444804e-16:3.1692088714073558e-17:0;-0.27232508699777719:3.3504617211061152e-17:0,0:0:0;0:0:0;0:0:0,0.27232508699777702:2.1950701710424192e-19:0;-1.0684276595444804e-16:3.1692088714073558e-17:0;-0.27232508699777719:3.3504617211061152e-17:0,0.26198591111329661:2.1455975575887164e-19:0;-1.0013063462018858e-16:3.0348890781944856e-17:0;-0.26198591111329678:3.2226687742726246e-17:0,0.010339175884480406:4.9472613453702869e-21:0;-6.7121313342594671e-18:1.3431979321286993e-18:0;-0.01033917588448041:1.2779294683349074e-18:0,balanced_sqrt,true,true,0.22235250243453056,2.7118650562767946e-08,6.0298998152790429e-09,true,9,true,0.22235250243453056,2.7118650562767946e-08,6.0298998152790429e-09,true,9,true,0.2139106006752419,5.7501010721046153e-09,1.2300075742772508e-09,true,9,true,0.008441901759288651,5.685794960599297e-07,4.7998922480837753e-09,true,11,true
n3_linear_f1.0_d2.1,3,linear,4,1,2.1000000000000001,0.081763586247051059,-2.1000000000000001:0:0;0:0:0;2.1000000000000001:0:0,2,13,9,3,1.2664235698851163,2.6594944779396608e-17,2.4819629089686689e-18,8.120338434353399e-17,0,0,1.2396416446409746:9.6427921195038784e-19:0;1.6090015378817905e-16:1.5841774259198555e-16:0;-1.2396416446409748:1.5283825509413648e-16:0,0:0:0;0:0:0;0:0:0,1.2396416446409746:9.6427921195038784e-19:0;1.6090015378817905e-16:1.5841774259198555e-16:0;-1.2396416446409748:1.5283825509413648e-16:0,1.158723074496655:9.1070814461981078e-19:0;1.4314667359553312e-16:1.4093560590074873e-16:0;-1.1587230744966552:1.4284725103698384e-16:0,0.080918570144319579:5.3571067330577096e-20:0;1.7753480192645926e-17:1.7482136691236815e-17:0;-0.080918570144319579:9.9910040571526288e-18:0,balanced_sqrt,true,true,1.0121631644249791,0,0,false,0,false,1.0121631644249791,0,0,false,0,false,0.9460934285685817,0,0,false,0,false,0.066069735856397305,0,0,false,0,false
n3_linear_f1.0_d2.1,3,linear,4,1,2.1000000000000001,0.081763586247051059,-2.1000000000000001:0:0;0:0:0;2.1000000000000001:0:0,3,13,18,6,1.4249654558082552,2.3913762168355095e-17,1.6651388316948158e-19,1.3821397235951391e-16,0,0,1.4712804222236371:6.2578099328865997e-18:0;2.549098800463306e-16:1.7066194808352674e-16:0;-1.4712804222236366:1.8702083483150977e-16:0,0:0:0;0:0:0;0:0:0,1.4712804222236371:6.2578099328865997e-18:0;2.549098800463306e-16:1.7066194808352674e-16:0;-1.4712804222236366:1.8702083483150977e-16:0,1.2681265457265762:5.3882760787069615e-18:0;1.9699998201919638e-16:1.5698601156701272e-16:0;-1.2681265457265758:1.6112353121786299e-16:0,0.20315387649706076:8.6953385417963814e-19:0;5.7909898027134231e-17:1.3675936516514029e-17:0;-0.20315387649706076:2.5897303613646777e-17:0,balanced_sqrt,true,true,1.2012954343315005,0.15744026365318733,0.18913226990652163,true,0,false,1.2012954343315005,0.15744026365318733,0.18913226990652163,true,0,false,1.035420988769437,0.086271730213831235,0.089327560200855249,true,0,false,0.16587444556206363,0.60168827915282086,0.099804709705666322,true,0,false
n3_linear_f1.0_d2.1,3,linear,4,1,2.1000000000000001,0.081763586247051059,-2.1000000000000001:0:0;0:0:0;2.1000000000000001:0:0,4,13,30,10,1.5076722308474229,1.051473283712014e-17,6.8313761472673726e-21,8.5121376493276533e-17,0,0,1.5539359005249374:1.1201201044963839e-17:0;1.390547202795141e-16:2.1551681161920663e-16:0;-1.5539359005249374:1.9491033970085611e-16:0,0:0:0;0:0:0;0:0:0,1.5539359005249374:1.1201201044963839e-17:0;1.390547202795141e-16:2.1551681161920663e-16:0;-1.5539359005249374:1.9491033970085611e-16:0,1.2746871469143735:8.8011791789314289e-18:0;1.1280686315979833e-16:1.6892219462765451e-16:0;-1.2746871469143735:1.5969071419572035e-16:0,0.27924875361056384:2.4000218660324097e-18:0;2.6247857119715776e-17:4.6594616991552125e-17:0;-0.27924875361056384:3.5219625505135773e-17:0,balanced_sqrt,true,true,1.2687833497594583,0.053191047502910857,0.067487915427957706,true,0,false,1.2687833497594583,0.053191047502910857,0.067487915427957706,true,0,false,1.040777697208104,0.005146832462913465,0.0053567084386669907,true,0,false,0.22800565255135435,0.27249853805837881,0.062131206989290734,true,0,false
n3_linear_f1.0_d2.1,3,linear,4,1,2.1000000000000001,0.081763586247051059,-2.1000000000000001:0:0;0:0:0;2.1000000000000001:0:0,5,13,45,15,1.6134462734543225,3.2602901286248088e-17,6.6075239781767611e-23,1.3284600386795927e-16,9.5100473161531528e-17,0,1.6509828042778689:1.0842951640432251e-17:0;5.7869620692026633e-16:2.1267999719450512e-16:0;-1.6509828042778685:2.1849933711903922e-16:0,0:0:0;0:0:0;0:0:0,1.6509828042778689:1.0842951640432251e-17:0;5.7869620692026633e-16:2.1267999719450512e-16:0;-1.6509828042778685:2.1849933711903922e-16:0,1.3048607648971411:8.0496928331798786e-18:0;4.0621333894052321e-16:1.725118768050769e-16:0;-1.3048607648971409:1.7196185481512621e-16:0,0.34612203938072778:2.7932588072523722e-18:0;1.7248286797974312e-16:4.0168120389428231e-17:0;-0.34612203938072772:4.6537482303913003e-17:0,balanced_sqrt,true,true,1.3480218148633489,0.058781292876868667,0.079238465103890543,true,0,false,1.3480218148633489,0.058781292876868667,0.079238465103890543,true,0,false,1.0654143531252529,0.023124013530398422,0.024636655917149031,true,0,false,0.28260746173809598,0.19320724531096545,0.054601809186741589,true,0,false
n3_linear_f1.0_d2.1,3,linear,4,1,2.1000000000000001,0.081763586247051059,-2.1000000000000001:0:0;0:0:0;2.1000000000000001:0:0,6,13,63,21,1.6691526486750632,1.6555979451115178e-17,7.2693578602395238e-25,1.2964892186639394e-16,1.322894305049479e-16,0,1.678475779036076:2.1329415513092836e-17:0;-1.0879369729145593e-15:2.2754674694812318e-16:0;-1.6784757790360769:2.2430223198762045e-16:0,0:0:0;0:0:0;0:0:0,1.678475779036076:2.1329415513092836e-17:0;-1.0879369729145593e-15:2.2754674694812318e-16:0;-1.6784757790360769:2.2430223198762045e-16:0,1.306999337152178:1.529641452045999e-17:0;-7.3850033020640053e-16:1.7171669159732119e-16:0;-1.3069993371521789:1.735677971069257e-16:0,0.37147644188389795:6.0330009926328454e-18:0;-3.4943664270815868e-16:5.5830055350801984e-17:0;-0.37147644188389795:5.0734434880694757e-17:0,balanced_sqrt,true,true,1.3704697347529577,0.016379726834066431,0.022447919889608925,true,0,false,1.3704697347529577,0.016379726834066431,0.022447919889608925,true,0,false,1.0671604900595579,0.0016362458604586418,0.0017461369343049673,true,0,false,0.30330924469339982,0.068253056303081844,0.020701782955303845,true,0,false
n3_linear_f1.0_d2.1,3,linear,4,1,2.1000000000000001,0.081763586247051059,-2.1000000000000001:0:0;0:0:0;2.1000000000000001:0:0,7,13,84,28,1.7348570480636594,1.6725887779974402e-17,7.8087760721836048e-27,3.615452529393351e-17,9.1938648175728236e-17,0,1.7077610883322503:2.236485090975134e-17:0;-2.6964077949383602e-16:2.3260794740528179e-16:0;-1.7077610883322503:2.271233987746424e-16:0,0:0:0;0:0:0;0:0:0,1.7077610883322503:2.236485090975134e-17:0;-2.6964077949383602e-16:2.3260794740528179e-16:0;-1.7077610883322503:2.271233987746424e-16:0,1.3133517735017359:1.5459319628443693e-17:0;-2.1003577085712213e-16:1.7795539526527738e-16:0;-1.3133517735017362:1.7314334414736741e-16:0,0.39440931483051422:6.9055312813076465e-18:0;-5.9605008636713887e-17:5.4652552140004405e-17:0;-0.39440931483051411:5.3980054627275e-17:0,balanced_sqrt,true,true,1.3943810896646947,0.017148364309420454,0.023911354911736852,true,0,false,1.3943810896646947,0.017148364309420454,0.023911354911736852,true,0,false,1.0723472326195327,0.0048368125567915298,0.0051867425599748029,true,0,false,0.32203385704516185,0.05814485633147623,0.01872461235176209,true,0,false
n3_linear_f1.0_d2.1,3,linear,4,1,2.1000000000000001,0.081763586247051059,-2.1000000000000001:0:0;0:0:0;2.1000000000000001:0:0,8,13,108,36,1.7661287902576437,3.3749881928538143e-17,3.1243258241613048e-29,2.0184565990955097e-16,1.2944901879626508e-16,0,1.7153054305842128:1.8984113901037683e-17:0;1.5078652926869041e-17:2.4260584688374607e-16:0;-1.7153054305842124:2.3333293945604693e-16:0,0:0:0;0:0:0;0:0:0,1.7153054305842128:1.8984113901037683e-17:0;1.5078652926869041e-17:2.4260584688374607e-16:0;-1.7153054305842124:2.3333293945604693e-16:0,1.3139702112797296:1.2454048169956976e-17:0;2.0191051564018024e-17:1.7967962408723859e-16:0;-1.3139702112797291:1.7630871787713782e-16:0,0.40133521930448335:6.5300657310807071e-18:0;-5.1123986371489817e-18:6.2926222796507468e-17:0;-0.40133521930448335:5.7024221578909125e-17:0,balanced_sqrt,true,true,1.4005410193187706,0.0043982500827230561,0.0061599296540758167,true,0,false,1.4005410193187706,0.0043982500827230561,0.0061599296540758167,true,0,false,1.0728521849507808,0.00047066346914439278,0.0005049523312480762,true,0,false,0.32768883436798979,0.017257155965459046,0.0056549773228278758,true,0,false
n3_linear_f1.0_d2.1,3,linear,4,1,2.1000000000000001,0.081763586247051059,-2.1000000000000001:0:0;0:0:0;2.1000000000000001:0:0,9,13,135,45,1.8054409318510958,3.0014636419948474e-17,4.9218706411472607e-31,7.9543356955023055e-17,0,0,1.7234884409766593:1.0613353487793608e-17:0;-2.8453800476555823e-16:2.4205502122689485e-16:0;-1.7234884409766584:2.357040246224758e-16:0,0:0:0;0:0:0;0:0:0,1.7234884409766593:1.0613353487793608e-17:0;-2.8453800476555823e-16:2.4205502122689485e-16:0;-1.7234884409766584:2.357040246224758e-16:0,1.3152371135019647:5.6425920006012973e-18:0;-1.4580274525788173e-16:1.8055725593013576e-16:0;-1.315237113501964:1.7668393091163944e-16:0,0.40825132747469456:4.970761487192311e-18:0;-1.387352595076765e-16:6.1497765296759103e-17:0;-0.40825132747469445:5.902009371083635e-17:0,balanced_sqrt,true,true,1.4072224193258989,0.0047479345946812249,0.0066814000071284442,true,0,false,1.4072224193258989,0.0047479345946812249,0.0066814000071284442,true,0,false,1.0738866062836054,0.00096325005524042359,0.001034421332824634,true,0,false,0.33333581304229348,0.016940809998076123,0.0056469786743037192,true,0,false
n3_linear_f1.0_d2.1,3,linear,4,1,2.1000000000000001,0.081763586247051059,-2.1000000000000001:0:0;0:0:0;2.1000000000000001:0:0,10,13,165,55,1.8223001729894217,5.0548624918320884e-17,6.0470888344046047e-33,3.217915897805286e-16,0,0,1.7255071287184538:2.3223641531005917e-17:0;-1.9211641188599204e-15:2.4807972739526233e-16:0;-1.7255071287184542:2.3332472590051574e-16:0,0:0:0;0:0:0;0:0:0,1.7255071287184538:2.3223641531005917e-17:0;-1.9211641188599204e-15:2.4807972739526233e-16:0;-1.7255071287184542:2.3332472590051574e-16:0,1.3154001654030925:1.492257591334632e-17:0;-1.2819130070507542e-15:1.8241255803357829e-16:0;-1.3154001654030929:1.7459377604403986e-16:0,0.41010696331536128:8.3010656176595966e-18:0;-6.3925111180916609e-16:6.5667169361684035e-17:0;-0.41010696331536139:5.8730949856475876e-17:0,balanced_sqrt,true,true,1.4088706709650354,0.0011699098243044858,0.0016482516391364474,true,0,false,1.4088706709650354,0.0011699098243044858,0.0016482516391364474,true,0,false,1.0740197376033904,0.00012395612028704776,0.00013313131978502933,true,0,false,0.3348509333616449,0.0045247606274851308,0.0015151203193514181,true,0,false
n3_linear_f1.0_d2.1,3,linear,4,1,2.1000000000000001,0.081763586247051059,-2.1000000000000001:0:0;0:0:0;2.1000000000000001:0:0,11,13,198,66,1.8432168458699125,1.8683694926574786e-17,2.4083815166449006e-35,7.6062796360674226e-17,0,0,1.7277899476083181:2.1046246105945034e-17:0;1.8551473340919815e-16:2.5116229267266095e-16:0;-1.7277899476083183:2.339214563049165e-16:0,0:0:0;0:0:0;0:0:0,1.7277899476083181:2.1046246105945034e-17:0;1.8551473340919815e-16:2.5116229267266095e-16:0;-1.7277899476083183:2.339214563049165e-16:0,1.3156617704103677:1.3204975415391775e-17:0;1.3914746030162118e-16:1.8510755477923174e-16:0;-1.3156617704103679:1.7523725257671856e-16:0,0.41212817719795031:7.8412706905532588e-18:0;4.6367273107576965e-17:6.6054737893429209e-17:0;-0.41212817719795042:5.8684203728197937e-17:0,balanced_sqrt,true,true,1.4107345847834867,0.0013212363534260189,0.0018639138184513029,true,0,false,1.4107345847834867,0.0013212363534260189,0.0018639138184513029,true,0,false,1.0742333371973842,0.00019883910375652691,0.00021359959399371085,true,0,false,0.3365012475861025,0.0049043331526885843,0.001650314224457592,true,0,false
n3_linear_f1.0_d2.1,3,linear,4,1,2.1000000000000001,0.081763586247051059,-2.1000000000000001:0:0;0:0:0;2.1000000000000001:0:0,12,13,234,78,1.8522899384640126,2.2509458244678704e-17,2.3457829833417534e-37,2.1587977473201743e-16,9.0843915386215685e-17,0,1.7283408052247107:2.442023057341616e-17:0;1.7027529109188475e-16:2.5469223646167568e-16:0;-1.7283408052247105:2.2713087111007653e-16:0,0:0:0;0:0:0;0:0:0,1.7283408052247107:2.442023057341616e-17:0;1.7027529109188475e-16:2.5469223646167568e-16:0;-1.7283408052247105:2.2713087111007653e-16:0,1.3157033055992469:1.5943508073314317e-17:0;7.3985459403775426e-17:1.8800225648756836e-16:0;-1.3157033055992469:1.6949222121548459e-16:0,0.4126374996254637:8.4767225001018412e-18:0;9.6289831688109325e-17:6.6689979974107326e-17:0;-0.4126374996254637:5.7638649894591957e-17:0,balanced_sqrt,true,true,1.411184358143849,0.00031872048309406051,0.00044977336036238928,true,0,false,1.411184358143849,0.00031872048309406051,0.00044977336036238928,true,0,false,1.074267250537092,3.1568810918311843e-05,3.3913339707940196e-05,true,0,false,0.33691710760675692,0.0012343096009830193,0.00041586002065444906,true,0,false
n3_linear_f1.0_d2.1,3,linear,4,1,2.1000000000000001,0.081763586247051059,-2.1000000000000001:0:0;0:0:0;2.1000000000000001:0:0,13,13,273,91,1.8619902606818648,2.9375832767609939e-17,7.4462041281605409e-40,2.4355542304717813e-16,0,0,1.7289857280633318:2.1726797677709122e-17:0;-1.1371926746526146e-15:2.3428607105129779e-16:0;-1.7289857280633323:2.3772844496779836e-16:0,0:0:0;0:0:0;0:0:0,1.7289857280633318:2.1726797677709122e-17:0;-1.1371926746526146e-15:2.3428607105129779e-16:0;-1.7289857280633323:2.3772844496779836e-16:0,1.3157608285992113:1.3531043352557061e-17:0;-6.9782745707095335e-16:1.7204759101286239e-16:0;-1.3157608285992117:1.7727679719576532e-16:0,0.41322489946412061:8.1957543251520609e-18:0;-4.3936521758166121e-16:6.2238480038435403e-17:0;-0.41322489946412061:6.0451647772033038e-17:0,balanced_sqrt,true,true,1.4117109354365458,0.00037300645583922048,0.0005265772926966566,true,0,false,1.4117109354365458,0.00037300645583922048,0.0005265772926966566,true,0,false,1.0743142178698879,4.3718431734955543e-05,4.6967332795836847e-05,true,0,false,0.33739671756665779,0.0014215015586395291,0.00047960995990086505,true,0,false
n4_compact_f0.4_d6.0,4,compact,1,0.40000000000000002,6,0.0025876432840475539,-3:-3:0;3:-3:0;3:3:0;-3:3:0,2,7,12,3,1.0045125358053613,3.461640936413539e-17,7.0590260021717899e-18,1.0016369628373859e-16,0,0,0.0029533901706637103:0.0029533901706637103:0;-0.0029533901706637103:0.0029533901706637103:0;-0.0029533901706637112:-0.0029533901706637095:0;0.0029533901706637095:-0.0029533901706637103:0,0:0:0;0:0:0;0:0:0;0:0:0,0.0029533901706637103:0.0029533901706637103:0;-0.0029533901706637103:0.0029533901706637103:0;-0.0029533901706637112:-0.0029533901706637095:0;0.0029533901706637095:-0.0029533901706637103:0,0.0029457754782176485:0.0029457754782176485:0;-0.0029457754782176485:0.0029457754782176485:0;-0.0029457754782176494:-0.0029457754782176476:0;0.0029457754782176476:-0.0029457754782176485:0,7.6146924460619198e-06:7.6146924460619207e-06:0;-7.6146924460619198e-06:7.6146924460619198e-06:0;-7.6146924460619232e-06:-7.6146924460619198e-06:0;7.6146924460619181e-06:-7.6146924460619207e-06:0,balanced_sqrt,true,true,0.0041767244343320084,0,0,false,6,true,0.0041767244343320084,0,0,false,6,true,0.0041659556330014879,0,0,false,6,true,1.0768801330520725e-05,0,0,false,7,true
n4_compact_f0.4_d6.0,4,compact,1,0.40000000000000002,6,0.0025876432840475539,-3:-3:0;3:-3:0;3:3:0;-3:3:0,3,7,24,6,1.0045214807666383,5.1058717099137509e-17,1.3576416692480104e-17,1.3757582551461434e-16,0,0,0.0029564011293189566:0.0029564011293189566:0;-0.0029564011293189553:0.002956401129318957:0;-0.002956401129318957:-0.0029564011293189553:0;0.0029564011293189553:-0.0029564011293189566:0,0:0:0;0:0:0;0:0:0;0:0:0,0.0029564011293189566:0.0029564011293189566:0;-0.0029564011293189553:0.002956401129318957:0;-0.002956401129318957:-0.0029564011293189553:0;0.0029564011293189553:-0.0029564011293189566:0,0.0029484180261664015:0.0029484180261664015:0;-0.0029484180261664002:0.0029484180261664019:0;-0.0029484180261664019:-0.0029484180261664002:0;0.0029484180261664002:-0.0029484180261664015:0,7.9831031525550466e-06:7.9831031525550449e-06:0;-7.9831031525550449e-06:7.9831031525550466e-06:0;-7.9831031525550483e-06:-7.9831031525550449e-06:0;7.9831031525550449e-06:-7.9831031525550449e-06:0,balanced_sqrt,true,true,0.0041809825728980022,0.0010184540336512378,4.258138565993501e-06,true,6,true,0.0041809825728980022,0.0010184540336512378,4.258138565993501e-06,true,6,true,0.0041696927601498355,0.00089625959592595122,3.7371271483472555e-06,true,6,true,1.1289812748166756e-05,0.046148809485846765,5.2101141764603169e-07,true,7,true
n4_compact_f0.4_d6.0,4,compact,1,0.40000000000000002,6,0.0025876432840475539,-3:-3:0;3:-3:0;3:3:0;-3:3:0,4,7,40,10,1.0045220661855192,2.8299130284678837e-17,3.8496255796880984e-18,1.0976038299615596e-16,0,0,0.0029565877124345338:0.0029565877124345346:0;-0.0029565877124345346:0.0029565877124345338:0;-0.0029565877124345351:-0.0029565877124345333:0;0.0029565877124345333:-0.0029565877124345338:0,0:0:0;0:0:0;0:0:0;0:0:0,0.0029565877124345338:0.0029565877124345346:0;-0.0029565877124345346:0.0029565877124345338:0;-0.0029565877124345351:-0.0029565877124345333:0;0.0029565877124345333:-0.0029565877124345338:0,0.0029485838609344885:0.0029485838609344893:0;-0.0029485838609344893:0.0029485838609344885:0;-0.0029485838609344898:-0.002948583860934488:0;0.002948583860934488:-0.0029485838609344885:0,8.0038515000452709e-06:8.0038515000452709e-06:0;-8.0038515000452709e-06:8.0038515000452709e-06:0;-8.0038515000452743e-06:-8.0038515000452675e-06:0;8.0038515000452675e-06:-8.0038515000452709e-06:0,balanced_sqrt,true,true,0.0041812464412705622,6.310758676062215e-05,2.6386837256002458e-07,true,6,true,0.0041812464412705622,6.310758676062215e-05,2.6386837256002458e-07,true,6,true,0.0041699272859279778,5.6242174518007489e-05,2.3452577814256264e-07,true,6,true,1.1319155342584263e-05,0.0025922954080429177,2.9342594417505646e-08,true,7,true
n4_compact_f0.4_d6.0,4,compact,1,0.40000000000000002,6,0.0025876432840475539,-3:-3:0;3:-3:0;3:3:0;-3:3:0,5,7,60,15,1.0045220958538976,3.5327704549831113e-17,1.4360189708954573e-19,7.9423366001068411e-17,0,0,0.0029565893800405666:0.0029565893800405666:0;-0.0029565893800405666:0.0029565893800405666:0;-0.0029565893800405675:-0.0029565893800405658:0;0.0029565893800405658:-0.0029565893800405671:0,0:0:0;0:0:0;0:0:0;0:0:0,0.0029565893800405666:0.0029565893800405666:0;-0.0029565893800405666:0.0029565893800405666:0;-0.0029565893800405675:-0.0029565893800405658:0;0.0029565893800405658:-0.0029565893800405671:0,0.0029485839664828259:0.0029485839664828259:0;-0.0029485839664828259:0.0029485839664828259:0;-0.0029485839664828268:-0.002948583966482825:0;0.002948583966482825:-0.0029485839664828263:0,8.0054135577405622e-06:8.0054135577405639e-06:0;-8.0054135577405639e-06:8.0054135577405639e-06:0;-8.0054135577405656e-06:-8.0054135577405605e-06:0;8.0054135577405622e-06:-8.0054135577405656e-06:0,balanced_sqrt,true,true,0.0041812487996216305,5.6403031269596703e-07,2.3583510679102252e-09,true,6,true,0.0041812487996216305,5.6403031269596703e-07,2.3583510679102252e-09,true,6,true,0.0041699274351958684,3.579627994514992e-08,1.4926788982123231e-10,true,6,true,1.1321364425762154e-05,0.00019512517173863738,2.2090831778925399e-09,true,7,true
n4_compact_f0.4_d6.0,4,compact,1,0.40000000000000002,6,0.0025876432840475539,-3:-3:0;3:-3:0;3:3:0;-3:3:0,6,7,84,21,1.0045220969514699,2.254099675882313e-17,4.0967695720534093e-20,7.369376777838764e-17,0,0,0.0029565894602540596:0.00295658946025406:0;-0.0029565894602540592:0.0029565894602540605:0;-0.00295658946025406:-0.0029565894602540592:0;0.0029565894602540592:-0.0029565894602540605:0,0:0:0;0:0:0;0:0:0;0:0:0,0.0029565894602540596:0.00295658946025406:0;-0.0029565894602540592:0.0029565894602540605:0;-0.00295658946025406:-0.0029565894602540592:0;0.0029565894602540592:-0.0029565894602540605:0,0.0029485839710584627:0.0029485839710584631:0;-0.0029485839710584622:0.0029485839710584635:0;-0.0029485839710584631:-0.0029485839710584622:0;0.0029485839710584622:-0.0029485839710584635:0,8.005489195597163e-06:8.005489195597163e-06:0;-8.0054891955971613e-06:8.0054891955971647e-06:0;-8.005489195597163e-06:-8.0054891955971613e-06:0;8.0054891955971613e-06:-8.005489195597163e-06:0,balanced_sqrt,true,true,0.0041812489130606404,2.7130413018462719e-08,1.1343900994433349e-10,true,6,true,0.0041812489130606404,2.7130413018462719e-08,1.1343900994433349e-10,true,6,true,0.0041699274416667955,1.5518082599136725e-09,6.4709278472192221e-12,true,6,true,1.1321471393844786e-05,9.4482491639317508e-06,1.0696808263137123e-10,true,7,true
n4_compact_f0.4_d6.0,4,compact,1,0.40000000000000002,6,0.0025876432840475539,-3:-3:0;3:-3:0;3:3:0;-3:3:0,7,7,112,28,1.0045220969900428,5.6266588238347601e-17,2.4901958887552015e-22,3.0566577429029524e-16,0,0,0.0029565894631696913:0.00295658946316969:0;-0.0029565894631696905:0.0029565894631696913:0;-0.0029565894631696913:-0.0029565894631696913:0;0.0029565894631696913:-0.0029565894631696922:0,0:0:0;0:0:0;0:0:0;0:0:0,0.0029565894631696913:0.00295658946316969:0;-0.0029565894631696905:0.0029565894631696913:0;-0.0029565894631696913:-0.0029565894631696913:0;0.0029565894631696913:-0.0029565894631696922:0,0.0029485839711766832:0.0029485839711766819:0;-0.0029485839711766823:0.0029485839711766832:0;-0.0029485839711766832:-0.0029485839711766832:0;0.0029485839711766832:-0.0029485839711766841:0,8.0054919930080188e-06:8.0054919930080171e-06:0;-8.0054919930080171e-06:8.0054919930080205e-06:0;-8.0054919930080188e-06:-8.0054919930080205e-06:0;8.0054919930080171e-06:-8.0054919930080205e-06:0,balanced_sqrt,true,true,0.0041812489171839662,9.8614685021981537e-10,4.123325449665982e-12,true,6,true,0.0041812489171839662,9.8614685021981537e-10,4.123325449665982e-12,true,6,true,0.0041699274418339847,4.0093893686938407e-11,1.6718862753513882e-13,true,6,true,1.1321475349981159e-05,3.4943646919074556e-07,3.9561363723274764e-12,true,7,true
n4_compact_f0.1_d2.1,4,compact,2,0.10000000000000001,2.1000000000000001,0.013024703240875866,-1.05:-1.05:0;1.05:-1.05:0;1.05:1.05:0;-1.05:1.05:0,2,13,12,3,1.0335019597879005,3.0717335960080048e-17,1.8031096217159471e-17,1.4620453332841342e-16,0,0,0.01185884026615132:0.01185884026615132:0;-0.01185884026615132:0.011858840266151324:0;-0.011858840266151322:-0.011858840266151319:0;0.011858840266151319:-0.01185884026615132:0,0:0:0;0:0:0;0:0:0;0:0:0,0.01185884026615132:0.01185884026615132:0;-0.01185884026615132:0.011858840266151324:0;-0.011858840266151322:-0.011858840266151319:0;0.011858840266151319:-0.01185884026615132:0,0.011703854016303342:0.011703854016303342:0;-0.011703854016303342:0.011703854016303345:0;-0.011703854016303344:-0.01170385401630334:0;0.01170385401630334:-0.011703854016303342:0,0.00015498624984797859:0.00015498624984797857:0;-0.00015498624984797859:0.00015498624984797867:0;-0.00015498624984797859:-0.00015498624984797857:0;0.00015498624984797859:-0.00015498624984797859:0,balanced_sqrt,true,true,0.016770932738407362,0,0,false,12,true,0.016770932738407362,0,0,false,12,true,0.016551749081891005,0,0,false,10,true,0.00021918365651635638,0,0,false,0,false
n4_compact_f0.1_d2.1,4,compact,2,0.10000000000000001,2.1000000000000001,0.013024703240875866,-1.05:-1.05:0;1.05:-1.05:0;1.05:1.05:0;-1.05:1.05:0,3,13,24,6,1.039178003499631,4.4979922592902535e-17,3.654410728345143e-17,1.6098827225600778e-16,0,0,0.011976200161868055:0.011976200161868053:0;-0.011976200161868053:0.011976200161868055:0;-0.011976200161868058:-0.011976200161868053:0;0.011976200161868053:-0.011976200161868055:0,0:0:0;0:0:0;0:0:0;0:0:0,0.011976200161868055:0.011976200161868053:0;-0.011976200161868053:0.011976200161868055:0;-0.011976200161868058:-0.011976200161868053:0;0.011976200161868053:-0.011976200161868055:0,0.011753348541839737:0.011753348541839735:0;-0.011753348541839735:0.011753348541839737:0;-0.01175334854183974:-0.011753348541839735:0;0.011753348541839735:-0.011753348541839737:0,0.00022285162002831811:0.00022285162002831809:0;-0.00022285162002831811:0.00022285162002831811:0;-0.00022285162002831817:-0.00022285162002831803:0;0.00022285162002831809:-0.00022285162002831809:0,balanced_sqrt,true,true,0.016936904694608658,0.0097994267071792023,0.00016597195620129688,true,12,true,0.016936904694608658,0.0097994267071792023,0.00016597195620129688,true,12,true,0.016621744911167795,0.0042110999567657311,6.9995829276789717e-05,true,10,true,0.00031515978344086315,0.30453164384318021,9.5976126924506743e-05,true,0,false
n4_compact_f0.1_d2.1,4,compact,2,0.10000000000000001,2.1000000000000001,0.013024703240875866,-1.05:-1.05:0;1.05:-1.05:0;1.05:1.05:0;-1.05:1.05:0,4,13,40,10,1.0436517185289031,2.8048857248447736e-17,8.1903607725504422e-19,1.9000719113609257e-16,0,0,0.012030686865419214:0.012030686865419212:0;-0.012030686865419214:0.012030686865419212:0;-0.012030686865419214:-0.012030686865419212:0;0.012030686865419207:-0.012030686865419214:0,0:0:0;0:0:0;0:0:0;0:0:0,0.012030686865419214:0.012030686865419212:0;-0.012030686865419214:0.012030686865419212:0;-0.012030686865419214:-0.012030686865419212:0;0.012030686865419207:-0.012030686865419214:0,0.011775104985857791:0.011775104985857789:0;-0.011775104985857791:0.011775104985857789:0;-0.011775104985857791:-0.011775104985857789:0;0.011775104985857784:-0.011775104985857791:0,0.00025558187956142278:0.00025558187956142262:0;-0.00025558187956142278:0.00025558187956142262:0;-0.00025558187956142267:-0.00025558187956142272:0;0.00025558187956142267:-0.00025558187956142278:0,balanced_sqrt,true,true,0.017013960529739709,0.0045289769537410172,7.7055835131050455e-05,true,12,true,0.017013960529739709,0.0045289769537410172,7.7055835131050455e-05,true,12,true,0.016652513169367139,0.0018476645468710005,3.0768258199342103e-05,true,10,true,0.00036144736037257096,0.12806173735504867,4.628757693170781e-05,true,0,false
n4_compact_f0.1_d2.1,4,compact,2,0.10000000000000001,2.1000000000000001,0.013024703240875866,-1.05:-1.05:0;1.05:-1.05:0;1.05:1.05:0;-1.05:1.05:0,5,13,60,15,1.0474853365056693,2.3484070950111647e-17,1.6465425066993437e-20,1.5563549174760769e-16,0,0,0.012059568532892995:0.012059568532892993:0;-0.012059568532892993:0.012059568532892993:0;-0.012059568532892997:-0.012059568532892992:0;0.01205956853289299:-0.012059568532892993:0,0:0:0;0:0:0;0:0:0;0:0:0,0.012059568532892995:0.012059568532892993:0;-0.012059568532892993:0.012059568532892993:0;-0.012059568532892997:-0.012059568532892992:0;0.01205956853289299:-0.012059568532892993:0,0.011783245188679292:0.01178324518867929:0;-0.01178324518867929:0.01178324518867929:0;-0.011783245188679294:-0.011783245188679289:0;0.011783245188679287:-0.01178324518867929:0,0.00027632334421370369:0.00027632334421370369:0;-0.00027632334421370363:0.00027632334421370363:0;-0.00027632334421370369:-0.00027632334421370363:0;0.00027632334421370358:-0.00027632334421370369:0,balanced_sqrt,true,true,0.01705480537558508,0.002394917147740783,4.0844845845370393e-05,true,12,true,0.01705480537558508,0.002394917147740783,4.0844845845370393e-05,true,12,true,0.016664025154597771,0.00069082860376372369,1.1511985230634347e-05,true,10,true,0.00039078022098730877,0.075062295989874322,2.933286061473787e-05,true,0,false
n4_compact_f0.1_d2.1,4,compact,2,0.10000000000000001,2.1000000000000001,0.013024703240875866,-1.05:-1.05:0;1.05:-1.05:0;1.05:1.05:0;-1.05:1.05:0,6,13,84,21,1.050102821711143,3.4333773973653671e-17,2.0925995314038101e-22,1.1778784637252339e-16,0,0,0.012070995314112437:0.012070995314112435:0;-0.012070995314112435:0.012070995314112435:0;-0.012070995314112435:-0.012070995314112435:0;0.01207099531411243:-0.012070995314112437:0,0:0:0;0:0:0;0:0:0;0:0:0,0.012070995314112437:0.012070995314112435:0;-0.012070995314112435:0.012070995314112435:0;-0.012070995314112435:-0.012070995314112435:0;0.01207099531411243:-0.012070995314112437:0,0.011786148619993608:0.011786148619993607:0;-0.011786148619993607:0.011786148619993607:0;-0.011786148619993607:-0.011786148619993607:0;0.011786148619993601:-0.011786148619993608:0,0.00028484669411882812:0.00028484669411882807:0;-0.00028484669411882807:0.00028484669411882807:0;-0.00028484669411882812:-0.00028484669411882812:0;0.00028484669411882801:-0.00028484669411882812:0,balanced_sqrt,true,true,0.017070965284559883,0.00094663123645506058,1.6159908974804336e-05,true,12,true,0.017070965284559883,0.00094663123645506058,1.6159908974804336e-05,true,12,true,0.016668131226539897,0.00024634266951212926,4.1060719421243195e-06,true,10,true,0.00040283405801998717,0.029922586714553164,1.2053837032678407e-05,true,0,false
n4_compact_f0.1_d2.1,4,compact,2,0.10000000000000001,2.1000000000000001,0.013024703240875866,-1.05:-1.05:0;1.05:-1.05:0;1.05:1.05:0;-1.05:1.05:0,7,13,112,28,1.0518247629648578,7.0155880031738936e-17,3.932643063881467e-24,3.3129530606164993e-16,0,0,0.012074575004632817:0.012074575004632814:0;-0.012074575004632817:0.012074575004632814:0;-0.012074575004632819:-0.012074575004632817:0;0.012074575004632807:-0.012074575004632817:0,0:0:0;0:0:0;0:0:0;0:0:0,0.012074575004632817:0.012074575004632814:0;-0.012074575004632817:0.012074575004632814:0;-0.012074575004632819:-0.012074575004632817:0;0.012074575004632807:-0.012074575004632817:0,0.011787030643181453:0.011787030643181449:0;-0.011787030643181453:0.011787030643181449:0;-0.011787030643181455:-0.011787030643181453:0;0.011787030643181443:-0.011787030643181453:0,0.00028754436145136448:0.00028754436145136437:0;-0.00028754436145136448:0.00028754436145136427:0;-0.00028754436145136448:-0.00028754436145136448:0;0.0002875443614513641:-0.00028754436145136443:0,balanced_sqrt,true,true,0.017076027731442903,0.00029646513595775193,5.0624468830205625e-06,true,12,true,0.017076027731442903,0.00029646513595775193,5.0624468830205625e-06,true,12,true,0.016669378595694475,7.4829973260050675e-05,1.2473691545774787e-06,true,10,true,0.00040664913574843092,0.0093817431123322092,3.8150777284436875e-06,true,0,false
n4_compact_f0.1_d2.1,4,compact,2,0.10000000000000001,2.1000000000000001,0.013024703240875866,-1.05:-1.05:0;1.05:-1.05:0;1.05:1.05:0;-1.05:1.05:0,8,13,144,36,1.0531305091126331,4.4663019972759061e-17,2.1367314574009564e-26,2.7654812401292696e-16,7.1826032911535866e-17,0,0.012075868634659035:0.012075868634659039:0;-0.012075868634659035:0.012075868634659042:0;-0.012075868634659042:-0.012075868634659032:0;0.012075868634659035:-0.012075868634659035:0,0:0:0;0:0:0;0:0:0;0:0:0,0.012075868634659035:0.012075868634659039:0;-0.012075868634659035:0.012075868634659042:0;-0.012075868634659042:-0.012075868634659032:0;0.012075868634659035:-0.012075868634659035:0,0.011787338671541551:0.011787338671541555:0;-0.011787338671541551:0.011787338671541558:0;-0.011787338671541558:-0.011787338671541549:0;0.011787338671541551:-0.011787338671541553:0,0.00028852996311748343:0.00028852996311748376:0;-0.00028852996311748343:0.00028852996311748381:0;-0.00028852996311748376:-0.00028852996311748338:0;0.00028852996311748343:-0.00028852996311748338:0,balanced_sqrt,true,true,0.01707785720057068,0.00010712521520058262,1.8294691277759535e-06,true,12,true,0.01707785720057068,0.00010712521520058262,1.8294691277759535e-06,true,12,true,0.016669814213578923,2.6132137939330036e-05,4.3561788445224887e-07,true,10,true,0.00040804298699175412,0.0034159421623668356,1.3938512433232351e-06,true,0,false
n4_compact_f0.1_d2.1,4,compact,2,0.10000000000000001,2.1000000000000001,0.013024703240875866,-1.05:-1.05:0;1.05:-1.05:0;1.05:1.05:0;-1.05:1.05:0,9,13,180,45,1.0541203112826305,2.7264802343591599e-17,2.9913168640428891e-28,1.8396839490797208e-16,5.0786547011828843e-17,0,0.01207637460626138:0.01207637460626138:0;-0.012076374606261377:0.01207637460626138:0;-0.012076374606261384:-0.012076374606261377:0;0.012076374606261375:-0.012076374606261379:0,0:0:0;0:0:0;0:0:0;0:0:0,0.01207637460626138:0.01207637460626138:0;-0.012076374606261377:0.01207637460626138:0;-0.012076374606261384:-0.012076374606261377:0;0.012076374606261375:-0.012076374606261379:0,0.011787451494693357:0.011787451494693357:0;-0.011787451494693353:0.011787451494693357:0;-0.01178745149469336:-0.011787451494693353:0;0.011787451494693351:-0.011787451494693355:0,0.00028892311156802458:0.00028892311156802463:0;-0.00028892311156802442:0.00028892311156802452:0;-0.00028892311156802474:-0.00028892311156802442:0;0.00028892311156802436:-0.00028892311156802447:0,balanced_sqrt,true,true,0.017078572752472886,4.1897640545175199e-05,7.1555190220773238e-07,true,12,true,0.017078572752472886,4.1897640545175199e-05,7.1555190220773238e-07,true,12,true,0.016669973769610352,9.5714626569407536e-06,1.5955603142800737e-07,true,10,true,0.00040859898286253515,0.0013607372854573716,5.5599587078100917e-07,true,0,false
n4_compact_f0.1_d2.1,4,compact,2,0.10000000000000001,2.1000000000000001,0.013024703240875866,-1.05:-1.05:0;1.05:-1.05:0;1.05:1.05:0;-1.05:1.05:0,10,13,220,55,1.0547881955427372,5.2033493705653381e-17,1.9881433068941768e-30,4.0991411775715819e-16,0,0,0.012076544151108782:0.01207654415110879:0;-0.012076544151108782:0.012076544151108797:0;-0.012076544151108792:-0.01207654415110878:0;0.01207654415110879:-0.01207654415110878:0,0:0:0;0:0:0;0:0:0;0:0:0,0.012076544151108782:0.01207654415110879:0;-0.012076544151108782:0.012076544151108797:0;-0.012076544151108792:-0.01207654415110878:0;0.01207654415110879:-0.01207654415110878:0,0.011787487265578635:0.011787487265578642:0;-0.011787487265578635:0.011787487265578649:0;-0.011787487265578643:-0.011787487265578633:0;0.011787487265578642:-0.011787487265578633:0,0.00028905688553014741:0.00028905688553014774:0;-0.00028905688553014747:0.00028905688553014801:0;-0.00028905688553014779:-0.00028905688553014741:0;0.00028905688553014784:-0.00028905688553014747:0,balanced_sqrt,true,true,0.017078812525095521,1.4039185820540335e-05,2.3977262263398771e-07,true,12,true,0.017078812525095521,1.4039185820540335e-05,2.3977262263398771e-07,true,12,true,0.01667002435728146,3.0346489016386573e-06,5.0587671106113846e-08,true,10,true,0.00040878816781406206,0.00046279458756975835,1.8918495152690602e-07,true,0,false
n4_compact_f0.1_d2.1,4,compact,2,0.10000000000000001,2.1000000000000001,0.013024703240875866,-1.05:-1.05:0;1.05:-1.05:0;1.05:1.05:0;-1.05:1.05:0,11,13,264,66,1.0552281556832224,2.8602976585312445e-17,2.398478733262587e-32,1.8372918880089156e-16,0,0,0.012076595546925044:0.012076595546925046:0;-0.012076595546925048:0.012076595546925046:0;-0.012076595546925049:-0.012076595546925046:0;0.012076595546925041:-0.012076595546925046:0,0:0:0;0:0:0;0:0:0;0:0:0,0.012076595546925044:0.012076595546925046:0;-0.012076595546925048:0.012076595546925046:0;-0.012076595546925049:-0.012076595546925046:0;0.012076595546925041:-0.012076595546925046:0,0.011787497725647241:0.011787497725647243:0;-0.011787497725647245:0.011787497725647243:0;-0.011787497725647246:-0.011787497725647243:0;0.011787497725647238:-0.011787497725647243:0,0.00028909782127780308:0.00028909782127780308:0;-0.00028909782127780318:0.00028909782127780308:0;-0.00028909782127780318:-0.00028909782127780308:0;0.00028909782127780308:-0.00028909782127780313:0,balanced_sqrt,true,true,0.017078885209755923,4.2558199502044015e-06,7.2684660402930135e-08,true,12,true,0.017078885209755923,4.2558199502044015e-06,7.2684660402930135e-08,true,12,true,0.016670039150052343,8.8738669115964366e-07,1.4792770882866668e-08,true,10,true,0.00040884605970358228,0.00014159825720765851,5.7891889520245553e-08,true,0,false
n4_compact_f0.1_d2.1,4,compact,2,0.10000000000000001,2.1000000000000001,0.013024703240875866,-1.05:-1.05:0;1.05:-1.05:0;1.05:1.05:0;-1.05:1.05:0,12,13,312,78,1.0555372020051326,4.69372596995653e-17,2.1996015292534029e-34,3.3473738512502151e-16,0,0,0.012076612517329475:0.012076612517329468:0;-0.012076612517329468:0.012076612517329468:0;-0.012076612517329473:-0.012076612517329475:0;0.012076612517329466:-0.012076612517329468:0,0:0:0;0:0:0;0:0:0;0:0:0,0.012076612517329475:0.012076612517329468:0;-0.012076612517329468:0.012076612517329468:0;-0.012076612517329473:-0.012076612517329475:0;0.012076612517329466:-0.012076612517329468:0,0.011787501044854289:0.011787501044854282:0;-0.011787501044854282:0.011787501044854282:0;-0.011787501044854288:-0.011787501044854289:0;0.011787501044854281:-0.011787501044854282:0,0.00028911147247518576:0.00028911147247518565:0;-0.0002891114724751857:0.00028911147247518565:0;-0.00028911147247518565:-0.0002891114724751857:0;0.00028911147247518549:-0.00028911147247518565:0,balanced_sqrt,true,true,0.01707890920953202,1.4052288586749224e-06,2.3999776095923303e-08,true,12,true,0.01707890920953202,1.4052288586749224e-06,2.3999776095923303e-08,true,12,true,0.016670043844119957,2.8158699873567409e-07,4.6940676148578378e-09,true,10,true,0.0004088653654120633,4.721776436497727e-05,1.9305708481027133e-08,true,0,false
n4_compact_f0.1_d2.1,4,compact,2,0.10000000000000001,2.1000000000000001,0.013024703240875866,-1.05:-1.05:0;1.05:-1.05:0;1.05:1.05:0;-1.05:1.05:0,13,13,364,91,1.0557514768504852,2.9506590346944571e-17,8.7508672911874847e-37,1.5736261154173065e-16,0,0,0.012076618522543596:0.012076618522543596:0;-0.012076618522543596:0.012076618522543603:0;-0.012076618522543596:-0.012076618522543596:0;0.012076618522543601:-0.012076618522543601:0,0:0:0;0:0:0;0:0:0;0:0:0,0.012076618522543596:0.012076618522543596:0;-0.012076618522543596:0.012076618522543603:0;-0.012076618522543596:-0.012076618522543596:0;0.012076618522543601:-0.012076618522543601:0,0.011787502154612692:0.011787502154612692:0;-0.011787502154612692:0.011787502154612699:0;-0.011787502154612692:-0.011787502154612692:0;0.011787502154612698:-0.011787502154612698:0,0.0002891163679309038:0.0002891163679309038:0;-0.0002891163679309038:0.00028911636793090407:0;-0.0002891163679309038:-0.00028911636793090386:0;0.00028911636793090397:-0.0002891163679309038:0,balanced_sqrt,true,true,0.017078917702187286,4.9725956954274691e-07,8.4926552648456508e-09,true,12,true,0.017078917702187286,4.9725956954274691e-07,8.4926552648456508e-09,true,12,true,0.016670045413555351,9.4147037736308474e-08,1.5694353946159717e-09,true,10,true,0.00040887228863193401,1.6932475159552658e-05,6.9232198706896673e-09,true,0,false
n4_compact_f0.4_d2.5,4,compact,3,0.40000000000000002,2.5,0.031187722478002788,-1.25:-1.25:0;1.25:-1.25:0;1.25:1.25:0;-1.25:1.25:0,2,12,12,3,1.0736393800361896,3.0262675854220376e-17,1.738637019241149e-17,5.8458052006754967e-17,0,0,0.099172023544627369:0.099172023544627369:0;-0.099172023544627369:0.099172023544627383:0;-0.099172023544627383:-0.099172023544627369:0;0.099172023544627314:-0.099172023544627383:0,0:0:0;0:0:0;0:0:0;0:0:0,0.099172023544627369:0.099172023544627369:0;-0.099172023544627369:0.099172023544627383:0;-0.099172023544627383:-0.099172023544627369:0;0.099172023544627314:-0.099172023544627383:0,0.096054842649967151:0.096054842649967151:0;-0.096054842649967151:0.096054842649967165:0;-0.096054842649967165:-0.096054842649967151:0;0.096054842649967095:-0.096054842649967165:0,0.0031171808946602176:0.0031171808946602168:0;-0.0031171808946602168:0.0031171808946602181:0;-0.0031171808946602181:-0.0031171808946602168:0;0.0031171808946602168:-0.0031171808946602181:0,balanced_sqrt,true,true,0.14025042070479593,0,0,false,10,true,0.14025042070479593,0,0,false,10,true,0.13584206120719716,0,0,false,9,true,0.0044083594975987779,0,0,false,12,true
n4_compact_f0.4_d2.5,4,compact,3,0.40000000000000002,2.5,0.031187722478002788,-1.25:-1.25:0;1.25:-1.25:0;1.25:1.25:0;-1.25:1.25:0,3,12,24,6,1.0801234595597531,2.8002262041150677e-17,1.8772023798576819e-18,7.8609270192705671e-17,0,0,0.10064329099523187:0.10064329099523187:0;-0.10064329099523187:0.10064329099523187:0;-0.10064329099523189:-0.10064329099523187:0;0.10064329099523185:-0.10064329099523187:0,0:0:0;0:0:0;0:0:0;0:0:0,0.10064329099523187:0.10064329099523187:0;-0.10064329099523187:0.10064329099523187:0;-0.10064329099523189:-0.10064329099523187:0;0.10064329099523185:-0.10064329099523187:0,0.096525443084788595:0.096525443084788595:0;-0.096525443084788595:0.096525443084788595:0;-0.096525443084788623:-0.096525443084788595:0;0.096525443084788581:-0.096525443084788595:0,0.0041178479104432737:0.0041178479104432737:0;-0.0041178479104432729:0.0041178479104432737:0;-0.0041178479104432737:-0.0041178479104432729:0;0.0041178479104432729:-0.004117847910443272:0,balanced_sqrt,true,true,0.14233110708731889,0.014618634148938986,0.0020806863825229716,true,10,true,0.14233110708731889,0.014618634148938986,0.0020806863825229716,true,10,true,0.13650759072458032,0.0048754030003060351,0.00066552951738316722,true,9,true,0.0058235163627385874,0.24300727893452898,0.0014151568651398095,true,12,true
n4_compact_f0.4_d2.5,4,compact,3,0.40000000000000002,2.5,0.031187722478002788,-1.25:-1.25:0;1.25:-1.25:0;1.25:1.25:0;-1.25:1.25:0,4,12,40,10,1.0832454651630681,3.1852080752684728e-17,1.3084812984078105e-20,6.3217067553643459e-17,0,0,0.10114034566450834:0.10114034566450834:0;-0.10114034566450834:0.10114034566450837:0;-0.10114034566450841:-0.10114034566450833:0;0.10114034566450834:-0.10114034566450834:0,0:0:0;0:0:0;0:0:0;0:0:0,0.10114034566450834:0.10114034566450834:0;-0.10114034566450834:0.10114034566450837:0;-0.10114034566450841:-0.10114034566450833:0;0.10114034566450834:-0.10114034566450834:0,0.096678222242941564:0.096678222242941564:0;-0.096678222242941564:0.096678222242941592:0;-0.096678222242941633:-0.09667822224294155:0;0.096678222242941564:-0.096678222242941564:0,0.004462123421566779:0.0044621234215667799:0;-0.004462123421566779:0.0044621234215667799:0;-0.0044621234215667807:-0.0044621234215667781:0;0.0044621234215667781:-0.0044621234215667799:0,balanced_sqrt,true,true,0.14303404854185059,0.0049145043554158106,0.00070294145453168118,true,10,true,0.14303404854185059,0.0049145043554158106,0.00070294145453168118,true,10,true,0.1367236530820882,0.0015802851418705273,0.00021606235750788451,true,9,true,0.0063103954597623791,0.077155084832373627,0.00048687909702379174,true,12,true
n4_compact_f0.4_d2.5,4,compact,3,0.40000000000000002,2.5,0.031187722478002788,-1.25:-1.25:0;1.25:-1.25:0;1.25:1.25:0;-1.25:1.25:0,5,12,60,15,1.0846686685383717,2.980863165236008e-17,8.5589941298672258e-22,8.0145306927760028e-17,0,0,0.10133685370376933:0.10133685370376937:0;-0.10133685370376933:0.10133685370376933:0;-0.10133685370376938:-0.10133685370376933:0;0.1013368537037693:-0.10133685370376933:0,0:0:0;0:0:0;0:0:0;0:0:0,0.10133685370376933:0.10133685370376937:0;-0.10133685370376933:0.10133685370376933:0;-0.10133685370376938:-0.10133685370376933:0;0.1013368537037693:-0.10133685370376933:0,0.096720429722202364:0.096720429722202406:0;-0.096720429722202364:0.096720429722202364:0;-0.09672042972220242:-0.096720429722202364:0;0.096720429722202336:-0.096720429722202364:0,0.0046164239815669585:0.0046164239815669585:0;-0.0046164239815669585:0.0046164239815669585:0;-0.0046164239815669602:-0.0046164239815669585:0;0.004616423981566955:-0.0046164239815669585:0,balanced_sqrt,true,true,0.14331195287608881,0.0019391567043853298,0.00027790433423822205,true,10,true,0.14331195287608881,0.0019391567043853298,0.00027790433423822205,true,10,true,0.13678334347169238,0.00043638639098301699,5.9690389604202259e-05,true,9,true,0.0065286094043963952,0.033424260989954505,0.00021821394463401655,true,12,true
n4_compact_f0.4_d2.5,4,compact,3,0.40000000000000002,2.5,0.031187722478002788,-1.25:-1.25:0;1.25:-1.25:0;1.25:1.25:0;-1.25:1.25:0,6,12,84,21,1.0851530653508263,2.8846319565445542e-17,9.434660462666259e-24,9.1560829170418059e-17,0,0,0.10139224982364096:0.10139224982364096:0;-0.10139224982364096:0.10139224982364096:0;-0.10139224982364099:-0.10139224982364092:0;0.10139224982364096:-0.10139224982364092:0,0:0:0;0:0:0;0:0:0;0:0:0,0.10139224982364096:0.10139224982364096:0;-0.10139224982364096:0.10139224982364096:0;-0.10139224982364099:-0.10139224982364092:0;0.10139224982364096:-0.10139224982364092:0,0.096731044956074083:0.096731044956074083:0;-0.096731044956074083:0.096731044956074083:0;-0.096731044956074111:-0.096731044956074042:0;0.096731044956074083:-0.096731044956074042:0,0.0046612048675668824:0.0046612048675668833:0;-0.0046612048675668824:0.0046612048675668833:0;-0.0046612048675668833:-0.0046612048675668807:0;0.0046612048675668824:-0.0046612048675668816:0,balanced_sqrt,true,true,0.14339029482011409,0.00054635457806665279,7.8341944025296385e-05,true,10,true,0.14339029482011409,0.00054635457806665279,7.8341944025296385e-05,true,10,true,0.13679835567940152,0.00010973967950541574,1.5012207709125391e-05,true,9,true,0.0065919391407125716,0.0096071482100076582,6.3329736316176206e-05,true,12,true
n4_compact_f0.4_d2.5,4,compact,3,0.40000000000000002,2.5,0.031187722478002788,-1.25:-1.25:0;1.25:-1.25:0;1.25:1.25:0;-1.25:1.25:0,7,12,112,28,1.0853020457568654,5.5980925983372612e-17,7.9062806255900487e-26,3.2341537357643836e-16,0,0,0.1014044476277975:0.10140444762779752:0;-0.10140444762779748:0.10140444762779748:0;-0.10140444762779754:-0.1014044476277975:0;0.10140444762779743:-0.1014044476277975:0,0:0:0;0:0:0;0:0:0;0:0:0,0.1014044476277975:0.10140444762779752:0;-0.10140444762779748:0.10140444762779748:0;-0.10140444762779754:-0.1014044476277975:0;0.10140444762779743:-0.1014044476277975:0,0.096733309357469155:0.096733309357469169:0;-0.096733309357469127:0.096733309357469127:0;-0.096733309357469197:-0.096733309357469155:0;0.096733309357469086:-0.096733309357469155:0,0.0046711382703283465:0.0046711382703283465:0;-0.0046711382703283448:0.0046711382703283439:0;-0.00467113827032835:-0.0046711382703283465:0;0.0046711382703283431:-0.0046711382703283448:0,balanced_sqrt,true,true,0.14340754512018344,0.0001202886504673689,1.7250300069345181e-05,true,10,true,0.14340754512018344,0.0001202886504673689,1.7250300069345181e-05,true,10,true,0.1368015580265651,2.3408703890220023e-05,3.2023471635646147e-06,true,9,true,0.0066059870936183481,0.0021265486454472042,1.4047952905775812e-05,true,12,true
n4_compact_f0.4_d2.5,4,compact,3,0.40000000000000002,2.5,0.031187722478002788,-1.25:-1.25:0;1.25:-1.25:0;1.25:1.25:0;-1.25:1.25:0,8,12,144,36,1.0853525393654282,3.5831540650398376e-17,1.6300715262309515e-27,1.3357188764258478e-16,0,0,0.10140751634704755:0.1014075163470475:0;-0.10140751634704752:0.1014075163470475:0;-0.10140751634704752:-0.1014075163470475:0;0.10140751634704748:-0.10140751634704752:0,0:0:0;0:0:0;0:0:0;0:0:0,0.10140751634704755:0.1014075163470475:0;-0.10140751634704752:0.1014075163470475:0;-0.10140751634704752:-0.1014075163470475:0;0.10140751634704748:-0.10140751634704752:0,0.096733861210951969:0.096733861210951941:0;-0.096733861210951941:0.096733861210951941:0;-0.096733861210951955:-0.096733861210951941:0;0.096733861210951913:-0.096733861210951955:0,0.004673655136095572:0.0046736551360955685:0;-0.004673655136095572:0.0046736551360955702:0;-0.0046736551360955702:-0.0046736551360955702:0;0.0046736551360955676:-0.0046736551360955702:0,balanced_sqrt,true,true,0.14341188494456594,3.0261260314425378e-05,4.3398243824899316e-06,true,10,true,0.14341188494456594,3.0261260314425378e-05,4.3398243824899316e-06,true,10,true,0.13680233846524492,5.7048635905740262e-06,7.8043867981576038e-07,true,9,true,0.0066095464793210282,0.00053852192640104792,3.5593857026812239e-06,true,12,true
n4_compact_f0.4_d2.5,4,compact,3,0.40000000000000002,2.5,0.031187722478002788,-1.25:-1.25:0;1.25:-1.25:0;1.25:1.25:0;-1.25:1.25:0,9,12,180,45,1.0853694952321584,4.3977322818611801e-17,2.160518304558138e-29,2.325939722257124e-16,0,0,0.10140835056776908:0.10140835056776908:0;-0.10140835056776908:0.10140835056776903:0;-0.10140835056776908:-0.10140835056776908:0;0.10140835056776902:-0.10140835056776908:0,0:0:0;0:0:0;0:0:0;0:0:0,0.10140835056776908:0.10140835056776908:0;-0.10140835056776908:0.10140835056776903:0;-0.10140835056776908:-0.10140835056776908:0;0.10140835056776902:-0.10140835056776908:0,0.09673400167860112:0.09673400167860112:0;-0.09673400167860112:0.096734001678601078:0;-0.09673400167860112:-0.09673400167860112:0;0.096734001678601064:-0.09673400167860112:0,0.0046743488891679598:0.0046743488891679589:0;-0.0046743488891679598:0.0046743488891679581:0;-0.0046743488891679615:-0.0046743488891679607:0;0.0046743488891679563:-0.0046743488891679607:0,balanced_sqrt,true,true,0.14341306471082438,8.2263513495819923e-06,1.1797662584315797e-06,true,10,true,0.14341306471082438,8.2263513495819923e-06,1.1797662584315797e-06,true,10,true,0.13680253711649942,1.4521021225820608e-06,1.9865125452147998e-07,true,9,true,0.0066105275943249388,0.00014841704991191558,9.8111500391101963e-07,true,12,true
n4_compact_f0.4_d2.5,4,compact,3,0.40000000000000002,2.5,0.031187722478002788,-1.25:-1.25:0;1.25:-1.25:0;1.25:1.25:0;-1.25:1.25:0,10,12,220,55,1.0853745545532927,3.3154232996815115e-17,5.6943296051322612e-32,2.538279079679375e-16,0,0,0.10140854347003271:0.10140854347003275:0;-0.10140854347003271:0.10140854347003275:0;-0.10140854347003275:-0.10140854347003268:0;0.10140854347003272:-0.10140854347003271:0,0:0:0;0:0:0;0:0:0;0:0:0,0.10140854347003271:0.10140854347003275:0;-0.10140854347003271:0.10140854347003275:0;-0.10140854347003275:-0.10140854347003268:0;0.10140854347003272:-0.10140854347003271:0,0.096734032472864342:0.09673403247286437:0;-0.096734032472864342:0.09673403247286437:0;-0.09673403247286437:-0.096734032472864315:0;0.096734032472864342:-0.096734032472864342:0,0.0046745109971683728:0.0046745109971683789:0;-0.0046745109971683746:0.0046745109971683763:0;-0.0046745109971683772:-0.0046745109971683728:0;0.0046745109971683763:-0.0046745109971683737:0,balanced_sqrt,true,true,0.14341333751582183,1.9022289154356309e-06,2.7280499748172582e-07,true,10,true,0.14341333751582183,1.9022289154356309e-06,2.7280499748172582e-07,true,10,true,0.13680258066616416,3.1833949701665087e-07,4.3549664719846505e-08,true,9,true,0.0066107568496576964,3.4679135531834031e-05,2.2925533275727944e-07,true,12,true
n4_compact_f0.4_d2.5,4,compact,3,0.40000000000000002,2.5,0.031187722478002788,-1.25:-1.25:0;1.25:-1.25:0;1.25:1.25:0;-1.25:1.25:0,11,12,264,66,1.0853760124414733,2.7268240000964518e-17,2.3720534383145334e-33,9.0101460650495142e-17,0,0,0.10140858320831275:0.10140858320831274:0;-0.10140858320831274:0.10140858320831278:0;-0.10140858320831275:-0.10140858320831275:0;0.10140858320831274:-0.10140858320831275:0,0:0:0;0:0:0;0:0:0;0:0:0,0.10140858320831275:0.10140858320831274:0;-0.10140858320831274:0.10140858320831278:0;-0.10140858320831275:-0.10140858320831275:0;0.10140858320831274:-0.10140858320831275:0,0.096734038641492354:0.09673403864149234:0;-0.09673403864149234:0.096734038641492381:0;-0.096734038641492354:-0.096734038641492354:0;0.09673403864149234:-0.096734038641492354:0,0.0046745445668204015:0.0046745445668203989:0;-0.0046745445668204015:0.0046745445668204032:0;-0.0046745445668204023:-0.0046745445668204006:0;0.0046745445668204006:-0.0046745445668204006:0,balanced_sqrt,true,true,0.14341339371423642,3.9186308267727487e-07,5.6198414558070395e-08,true,10,true,0.14341339371423642,3.9186308267727487e-07,5.6198414558070395e-08,true,10,true,0.13680258938992151,6.3768949266759389e-08,8.7237573823672205e-09,true,9,true,0.0066108043243148758,7.1813738313902603e-06,4.7474657179076423e-08,true,12,true
n4_compact_f0.4_d2.5,4,compact,3,0.40000000000000002,2.5,0.031187722478002788,-1.25:-1.25:0;1.25:-1.25:0;1.25:1.25:0;-1.25:1.25:0,12,12,312,78,1.0853764580596732,4.6929967658996547e-17,1.5060250459199473e-35,2.7872550174648752e-16,0,0,0.10140859197945107:0.10140859197945107:0;-0.10140859197945107:0.10140859197945103:0;-0.10140859197945107:-0.10140859197945108:0;0.10140859197945103:-0.10140859197945108:0,0:0:0;0:0:0;0:0:0;0:0:0,0.10140859197945107:0.10140859197945107:0;-0.10140859197945107:0.10140859197945103:0;-0.10140859197945107:-0.10140859197945108:0;0.10140859197945103:-0.10140859197945108:0,0.096734039966437022:0.096734039966437022:0;-0.096734039966437022:0.09673403996643698:0;-0.096734039966437022:-0.096734039966437035:0;0.09673403996643698:-0.096734039966437035:0,0.0046745520130140458:0.0046745520130140441:0;-0.0046745520130140458:0.0046745520130140432:0;-0.0046745520130140458:-0.0046745520130140467:0;0.0046745520130140423:-0.0046745520130140458:0,balanced_sqrt,true,true,0.14341340611849918,8.649304895415966e-08,1.240426275609013e-08,true,10,true,0.14341340611849918,8.649304895415966e-08,1.240426275609013e-08,true,10,true,0.13680259126367625,1.3696777919378058e-08,1.8737547113340225e-09,true,9,true,0.0066108148548229152,1.5929213372842228e-06,1.0530508039082923e-08,true,12,true
n4_compact_f1.0_d2.5,4,compact,4,1,2.5,0.077969306195006943,-1.25:-1.25:0;1.25:-1.25:0;1.25:1.25:0;-1.25:1.25:0,2,13,12,3,1.2007523577451262,3.1953289402186969e-17,1.4862589378338292e-17,8.038875930672309e-17,5.5965180650778759e-17,0,0.70137022717799757:0.70137022717799757:0;-0.70137022717799757:0.70137022717799768:0;-0.70137022717799768:-0.70137022717799757:0;0.70137022717799735:-0.70137022717799757:0,0:0:0;0:0:0;0:0:0;0:0:0,0.70137022717799757:0.70137022717799757:0;-0.70137022717799757:0.70137022717799768:0;-0.70137022717799768:-0.70137022717799757:0;0.70137022717799735:-0.70137022717799757:0,0.6454999531401967:0.6454999531401967:0;-0.6454999531401967:0.64549995314019681:0;-0.64549995314019681:-0.6454999531401967:0;0.64549995314019648:-0.6454999531401967:0,0.055870274037800913:0.055870274037800913:0;-0.055870274037800913:0.055870274037800913:0;-0.055870274037800927:-0.055870274037800913:0;0.055870274037800906:-0.055870274037800913:0,balanced_sqrt,true,true,0.9918872875198228,0,0,false,11,true,0.9918872875198228,0,0,false,11,true,0.91287478824206347,0,0,false,10,true,0.079012499277759468,0,0,false,13,true
n4_compact_f1.0_d2.5,4,compact,4,1,2.5,0.077969306195006943,-1.25:-1.25:0;1.25:-1.25:0;1.25:1.25:0;-1.25:1.25:0,3,13,24,6,1.2215932591866558,2.9421936370552e-17,5.4272791844518958e-19,1.3969153606153401e-16,0,0,0.72992467034501585:0.72992467034501562:0;-0.72992467034501562:0.72992467034501562:0;-0.72992467034501585:-0.72992467034501562:0;0.7299246703450154:-0.72992467034501562:0,0:0:0;0:0:0;0:0:0;0:0:0,0.72992467034501585:0.72992467034501562:0;-0.72992467034501562:0.72992467034501562:0;-0.72992467034501585:-0.72992467034501562:0;0.7299246703450154:-0.72992467034501562:0,0.65344140010429219:0.65344140010429197:0;-0.65344140010429197:0.65344140010429197:0;-0.65344140010429219:-0.65344140010429197:0;0.65344140010429175:-0.65344140010429197:0,0.076483270240723683:0.076483270240723669:0;-0.076483270240723669:0.076483270240723669:0;-0.076483270240723683:-0.076483270240723669:0;0.076483270240723641:-0.076483270240723655:0,balanced_sqrt,true,true,1.0322693683126316,0.039119712385555026,0.040382080792808715,true,11,true,1.0322693683126316,0.039119712385555026,0.040382080792808715,true,11,true,0.92410569024355371,0.012153265714152496,0.011230902001490208,true,10,true,0.10816367806907795,0.26950986977995772,0.029151178791318469,true,13,true
n4_compact_f1.0_d2.5,4,compact,4,1,2.5,0.077969306195006943,-1.25:-1.25:0;1.25:-1.25:0;1.25:1.25:0;-1.25:1.25:0,4,13,40,10,1.2319337270915802,2.9451856682205897e-17,1.0866254488977618e-20,1.5930282887509843e-16,0,0,0.74019660771020612:0.74019660771020579:0;-0.74019660771020579:0.74019660771020612:0;-0.74019660771020601:-0.74019660771020612:0;0.74019660771020579:-0.74019660771020612:0,0:0:0;0:0:0;0:0:0;0:0:0,0.74019660771020612:0.74019660771020579:0;-0.74019660771020579:0.74019660771020612:0;-0.74019660771020601:-0.74019660771020612:0;0.74019660771020579:-0.74019660771020612:0,0.65617763289723219:0.65617763289723197:0;-0.65617763289723197:0.65617763289723219:0;-0.65617763289723219:-0.65617763289723219:0;0.65617763289723197:-0.65617763289723219:0,0.084018974812973907:0.084018974812973837:0;-0.084018974812973879:0.084018974812973893:0;-0.084018974812973865:-0.084018974812973907:0;0.084018974812973851:-0.084018974812973893:0,balanced_sqrt,true,true,1.0467960814463306,0.01387730943129625,0.014526713133699121,true,11,true,1.0467960814463306,0.01387730943129625,0.014526713133699121,true,11,true,0.9279753077691395,0.0041699574257945569,0.0038696175255859126,true,10,true,0.11882077367719114,0.089690508471743188,0.010657095608113192,true,13,true
n4_compact_f1.0_d2.5,4,compact,4,1,2.5,0.077969306195006943,-1.25:-1.25:0;1.25:-1.25:0;1.25:1.25:0;-1.25:1.25:0,5,13,60,15,1.2368295298533232,2.5097572172414665e-17,6.1284591367061174e-23,1.1038272024804888e-16,0,0,0.74463759978186794:0.7446375997818675:0;-0.7446375997818675:0.74463759978186772:0;-0.74463759978186783:-0.74463759978186783:0;0.74463759978186717:-0.74463759978186783:0,0:0:0;0:0:0;0:0:0;0:0:0,0.74463759978186794:0.7446375997818675:0;-0.7446375997818675:0.74463759978186772:0;-0.74463759978186783:-0.74463759978186783:0;0.74463759978186717:-0.74463759978186783:0,0.65708264822586193:0.6570826482258616:0;-0.6570826482258616:0.65708264822586182:0;-0.65708264822586182:-0.65708264822586182:0;0.65708264822586127:-0.65708264822586182:0,0.087554951556005983:0.087554951556005942:0;-0.087554951556005942:0.087554951556005955:0;-0.087554951556005969:-0.087554951556006011:0;0.087554951556005928:-0.087554951556005969:0,balanced_sqrt,true,true,1.0530765926644661,0.0059639643135971313,0.0062805112181353378,true,11,true,1.0530765926644661,0.0059639643135971313,0.0062805112181353378,true,11,true,0.92925519272104318,0.0013773234327114968,0.0012798849519035306,true,10,true,0.12382139994342295,0.040385799777071858,0.0050006262662318163,true,13,true
n4_compact_f1.0_d2.5,4,compact,4,1,2.5,0.077969306195006943,-1.25:-1.25:0;1.25:-1.25:0;1.25:1.25:0;-1.25:1.25:0,6,13,84,21,1.23855624764701,1.3586374418840144e-17,7.8485095844218378e-25,9.7273190579961385e-17,0,0,0.74596857872468136:0.74596857872468125:0;-0.74596857872468136:0.74596857872468136:0;-0.74596857872468159:-0.74596857872468125:0;0.74596857872468114:-0.74596857872468147:0,0:0:0;0:0:0;0:0:0;0:0:0,0.74596857872468136:0.74596857872468125:0;-0.74596857872468136:0.74596857872468136:0;-0.74596857872468159:-0.74596857872468125:0;0.74596857872468114:-0.74596857872468147:0,0.65731997798954123:0.65731997798954112:0;-0.65731997798954123:0.65731997798954123:0;-0.65731997798954145:-0.65731997798954112:0;0.657319977989541:-0.65731997798954134:0,0.088648600735140123:0.08864860073514011:0;-0.088648600735140096:0.08864860073514011:0;-0.088648600735140137:-0.088648600735140096:0;0.088648600735140096:-0.08864860073514011:0,balanced_sqrt,true,true,1.0549588811366262,0.0017842292299886755,0.0018822884721601172,true,11,true,1.0549588811366262,0.0017842292299886755,0.0018822884721601172,true,11,true,0.92959082769159351,0.00036105667198096204,0.00033563497055035468,true,10,true,0.12536805344503266,0.012336902895982507,0.0015466535016097132,true,13,true
n4_compact_f1.0_d2.5,4,compact,4,1,2.5,0.077969306195006943,-1.25:-1.25:0;1.25:-1.25:0;1.25:1.25:0;-1.25:1.25:0,7,13,112,28,1.2391032865937042,3.6089862964020266e-17,8.0118873785720434e-26,2.4057827773083808e-16,0,0,0.74628037933041991:0.74628037933041991:0;-0.74628037933042002:0.74628037933042013:0;-0.74628037933042013:-0.74628037933042013:0;0.74628037933041969:-0.74628037933042024:0,0:0:0;0:0:0;0:0:0;0:0:0,0.74628037933041991:0.74628037933041991:0;-0.74628037933042002:0.74628037933042013:0;-0.74628037933042013:-0.74628037933042013:0;0.74628037933041969:-0.74628037933042024:0,0.65737288074550193:0.65737288074550193:0;-0.65737288074550204:0.65737288074550215:0;-0.65737288074550204:-0.65737288074550204:0;0.65737288074550171:-0.65737288074550226:0,0.088907498584917977:0.088907498584917963:0;-0.088907498584917991:0.088907498584917977:0;-0.08890749858491806:-0.088907498584918074:0;0.088907498584917935:-0.088907498584918004:0,balanced_sqrt,true,true,1.0553998337820181,0.00041780624866276562,0.00044095264539177132,true,11,true,1.0553998337820181,0.00041780624866276562,0.00044095264539177132,true,11,true,0.92966564348656011,8.0476024354406546e-05,7.4815794966679448e-05,true,10,true,0.12573419029545779,0.0029119911582104344,0.00036613685042512131,true,13,true
n4_compact_f1.0_d2.5,4,compact,4,1,2.5,0.077969306195006943,-1.25:-1.25:0;1.25:-1.25:0;1.25:1.25:0;-1.25:1.25:0,8,13,144,36,1.2392934214579223,3.377716476035657e-17,2.6955068971148406e-28,1.3112169033472378e-16,0,0,0.74636275739479896:0.74636275739479874:0;-0.74636275739479863:0.74636275739479896:0;-0.74636275739479896:-0.74636275739479874:0;0.74636275739479874:-0.74636275739479896:0,0:0:0;0:0:0;0:0:0;0:0:0,0.74636275739479896:0.74636275739479874:0;-0.74636275739479863:0.74636275739479896:0;-0.74636275739479896:-0.74636275739479874:0;0.74636275739479874:-0.74636275739479896:0,0.65738626409568324:0.65738626409568302:0;-0.6573862640956829:0.65738626409568324:0;-0.65738626409568324:-0.65738626409568302:0;0.65738626409568302:-0.65738626409568324:0,0.08897649329911575:0.088976493299115694:0;-0.088976493299115694:0.088976493299115722:0;-0.088976493299115694:-0.088976493299115722:0;0.088976493299115694:-0.088976493299115708:0,balanced_sqrt,true,true,1.0555163339579046,0.00011037268883345525,0.00011650017588656524,true,11,true,1.0555163339579046,0.00011037268883345525,0.00011650017588656524,true,11,true,0.92968457040189634,2.0358426867206635e-05,1.8926915336097426e-05,true,10,true,0.12583176355600825,0.0007754263136193763,9.7573260550460461e-05,true,13,true
n4_compact_f1.0_d2.5,4,compact,4,1,2.5,0.077969306195006943,-1.25:-1.25:0;1.25:-1.25:0;1.25:1.25:0;-1.25:1.25:0,9,13,180,45,1.2393587355222724,1.2348049608606983e-17,8.591811623378695e-30,1.0116298972016491e-16,9.1088202725585643e-17,0,0.74638642262319155:0.74638642262319166:0;-0.74638642262319144:0.74638642262319166:0;-0.74638642262319188:-0.74638642262319166:0;0.74638642262319155:-0.74638642262319155:0,0:0:0;0:0:0;0:0:0;0:0:0,0.74638642262319155:0.74638642262319166:0;-0.74638642262319144:0.74638642262319166:0;-0.74638642262319188:-0.74638642262319166:0;0.74638642262319155:-0.74638642262319155:0,0.65738980854152307:0.65738980854152307:0;-0.65738980854152285:0.65738980854152307:0;-0.65738980854152329:-0.65738980854152307:0;0.65738980854152296:-0.65738980854152307:0,0.088996614081668535:0.088996614081668549:0;-0.088996614081668535:0.088996614081668535:0;-0.088996614081668576:-0.088996614081668535:0;0.088996614081668549:-0.088996614081668535:0,balanced_sqrt,true,true,1.0555498016448541,3.1706402575774336e-05,3.3467686949730495e-05,true,11,true,1.0555498016448541,3.1706402575774336e-05,3.3467686949730495e-05,true,11,true,0.92968958300527427,5.39169575477018e-06,5.0126033779435963e-06,true,10,true,0.12586021863958002,0.00022608480963522373,2.8455083571777087e-05,true,13,true
n4_compact_f1.0_d2.5,4,compact,4,1,2.5,0.077969306195006943,-1.25:-1.25:0;1.25:-1.25:0;1.25:1.25:0;-1.25:1.25:0,10,13,220,55,1.239378622377209,3.3277885858780335e-17,7.6024336928063473e-32,2.4568533064812719e-16,0,0,0.7463923065220055:0.74639230652200583:0;-0.74639230652200517:0.74639230652200528:0;-0.74639230652200617:-0.74639230652200528:0;0.74639230652200517:-0.7463923065220055:0,0:0:0;0:0:0;0:0:0;0:0:0,0.7463923065220055:0.74639230652200583:0;-0.74639230652200517:0.74639230652200528:0;-0.74639230652200617:-0.74639230652200528:0;0.74639230652200517:-0.7463923065220055:0,0.65739062601274811:0.65739062601274845:0;-0.65739062601274789:0.657390626012748:0;-0.65739062601274867:-0.65739062601274789:0;0.65739062601274789:-0.65739062601274811:0,0.089001680509257358:0.0890016805092574:0;-0.089001680509257317:0.089001680509257317:0;-0.089001680509257441:-0.089001680509257358:0;0.089001680509257303:-0.089001680509257358:0,balanced_sqrt,true,true,1.0555581227343565,7.8831182508916672e-06,8.3210895022041511e-06,true,11,true,1.0555581227343565,7.8831182508916672e-06,8.3210895022041511e-06,true,11,true,0.92969073908416755,1.2435090990439181e-06,1.1560788933480276e-06,true,10,true,0.1258673836501889,5.6925077816773256e-05,7.1650106088806571e-06,true,13,true
n4_compact_f1.0_d2.5,4,compact,4,1,2.5,0.077969306195006943,-1.25:-1.25:0;1.25:-1.25:0;1.25:1.25:0;-1.25:1.25:0,11,13,264,66,1.2393844552727391,1.9947342360517578e-17,6.7819083836437711e-34,7.1045131094390708e-17,0,0,0.74639362041527557:0.74639362041527602:0;-0.74639362041527602:0.74639362041527602:0;-0.74639362041527602:-0.74639362041527602:0;0.74639362041527613:-0.74639362041527602:0,0:0:0;0:0:0;0:0:0;0:0:0,0.74639362041527557:0.74639362041527602:0;-0.74639362041527602:0.74639362041527602:0;-0.74639362041527602:-0.74639362041527602:0;0.74639362041527613:-0.74639362041527602:0,0.65739079966139413:0.65739079966139446:0;-0.65739079966139446:0.65739079966139435:0;-0.65739079966139446:-0.65739079966139446:0;0.65739079966139458:-0.65739079966139446:0,0.089002820753881481:0.089002820753881509:0;-0.089002820753881592:0.08900282075388162:0;-0.089002820753881537:-0.089002820753881523:0;0.089002820753881592:-0.089002820753881565:0,balanced_sqrt,true,true,1.0555599808600391,1.7603222141115339e-06,1.8581256826350723e-06,true,11,true,1.0555599808600391,1.7603222141115339e-06,1.8581256826350723e-06,true,11,true,0.92969098466043831,2.641482758581127e-07,2.4557627067888587e-07,true,10,true,0.12586899619960087,1.2811331309927506e-05,1.6125494119610929e-06,true,13,true
n4_compact_f1.0_d2.5,4,compact,4,1,2.5,0.077969306195006943,-1.25:-1.25:0;1.25:-1.25:0;1.25:1.25:0;-1.25:1.25:0,12,13,312,78,1.2393862666430493,2.2388506801861325e-17,1.0179061576484894e-35,1.4983504142800971e-16,7.4372457603629467e-17,0,0.7463939342586523:0.7463939342586523:0;-0.7463939342586523:0.74639393425865264:0;-0.74639393425865241:-0.74639393425865264:0;0.74639393425865241:-0.74639393425865264:0,0:0:0;0:0:0;0:0:0;0:0:0,0.7463939342586523:0.7463939342586523:0;-0.7463939342586523:0.74639393425865264:0;-0.74639393425865241:-0.74639393425865264:0;0.74639393425865241:-0.74639393425865264:0,0.65739083923051833:0.65739083923051833:0;-0.65739083923051833:0.65739083923051855:0;-0.65739083923051844:-0.65739083923051855:0;0.65739083923051844:-0.65739083923051866:0,0.089003095028133986:0.08900309502813393:0;-0.089003095028133986:0.089003095028134027:0;-0.089003095028133986:-0.089003095028134027:0;0.089003095028133986:-0.089003095028133986:0,balanced_sqrt,true,true,1.0555604247015986,4.2047953778358328e-07,4.4384155948117107e-07,true,11,true,1.0555604247015986,4.2047953778358328e-07,4.4384155948117107e-07,true,11,true,0.92969104061963015,6.0191170414282194e-08,5.5959191858567507e-08,true,10,true,0.12586938408196846,3.08162600805955e-06,3.8788236760543074e-07,true,13,true
n4_compact_f1.0_d2.5,4,compact,4,1,2.5,0.077969306195006943,-1.25:-1.25:0;1.25:-1.25:0;1.25:1.25:0;-1.25:1.25:0,13,13,364,91,1.239386826455084,1.7653583151518259e-17,1.9713821821766295e-38,1.3583954631265578e-16,0,0,0.7463940141231834:0.7463940141231834:0;-0.74639401412318351:0.74639401412318318:0;-0.74639401412318374:-0.7463940141231834:0;0.74639401412318329:-0.74639401412318351:0,0:0:0;0:0:0;0:0:0;0:0:0,0.7463940141231834:0.7463940141231834:0;-0.74639401412318351:0.74639401412318318:0;-0.74639401412318374:-0.7463940141231834:0;0.74639401412318329:-0.74639401412318351:0,0.65739084865389852:0.65739084865389852:0;-0.65739084865389863:0.6573908486538983:0;-0.65739084865389885:-0.65739084865389852:0;0.65739084865389841:-0.65739084865389863:0,0.08900316546928487:0.08900316546928487:0;-0.089003165469284884:0.08900316546928487:0;-0.089003165469284912:-0.08900316546928487:0;0.089003165469284856:-0.089003165469284884:0,balanced_sqrt,true,true,1.0555605376471013,1.0700049767743382e-07,1.1294550285689947e-07,true,11,true,1.0555605376471013,1.0700049767743382e-07,1.1294550285689947e-07,true,11,true,0.92969105394630203,1.4334516687340799e-08,1.3326671926864721e-08,true,10,true,0.12586948370079939,7.9144545608641927e-07,9.9618830934941288e-08,true,13,true
n4_irregular_f0.1_d3.0,4,irregular,1,0.10000000000000001,3,0.003408578045201502,-2.0249999999999999:-1.7250000000000001:0;0.97500000000000009:-1.7250000000000001:0;-1.125:1.875:0;2.1750000000000003:1.5749999999999997:0,2,10,12,3,1.0069749648639175,3.095177330313886e-17,2.2656218144238852e-17,1.7447015908605918e-16,0,0,0.0028112658267232605:0.0011410086998024788:0;-0.0022638236166363508:0.001751930243444259:0;0.0016686588615789288:-0.0016928499740234942:0;-0.0022165066026270386:-0.0011995850978278426:0,0:0:0;0:0:0;0:0:0;0:0:0,0.0028112658267232605:0.0011410086998024788:0;-0.0022638236166363508:0.001751930243444259:0;0.0016686588615789288:-0.0016928499740234942:0;-0.0022165066026270386:-0.0011995850978278426:0,0.002801861594689098:0.0011371917960163963:0;-0.0022549985694032808:0.0017451006985029687:0;0.0016632598192280385:-0.0016873726539291972:0;-0.0022097677271990294:-0.0011959379795691073:0,9.4042320341623665e-06:3.8169037860823636e-06:0;-8.8250472330699902e-06:6.8295449412902772e-06:0;5.3990423508902858e-06:-5.4773200942970429e-06:0;-6.7388754280093557e-06:-3.6471182587353552e-06:0,balanced_sqrt,true,true,0.0027111502496154297,0,0,false,8,true,0.0027111502496154297,0,0,false,8,true,0.0027018988383764424,0,0,false,6,true,9.2924308550712609e-06,0,0,false,10,true
n4_irregular_f0.1_d3.0,4,irregular,1,0.10000000000000001,3,0.003408578045201502,-2.0249999999999999:-1.7250000000000001:0;0.97500000000000009:-1.7250000000000001:0;-1.125:1.875:0;2.1750000000000003:1.5749999999999997:0,3,10,24,6,1.007331292339624,3.3119011065760151e-17,2.3400085714275495e-17,1.4722157231408959e-16,0,0,0.002817767389304109:0.0011426217691652401:0;-0.0022689388526281533:0.0017541139169508252:0;0.0016716145380410324:-0.0016952460531386979:0;-0.002220425507574749:-0.0012015044815430118:0,0:0:0;0:0:0;0:0:0;0:0:0,0.002817767389304109:0.0011426217691652401:0;-0.0022689388526281533:0.0017541139169508252:0;0.0016716145380410324:-0.0016952460531386979:0;-0.002220425507574749:-0.0012015044815430118:0,0.0028054519925694659:0.001138319052359752:0;-0.002258039324885738:0.0017469755351656295:0;0.0016651554147287353:-0.0016891178876166436:0;-0.0022121948020692971:-0.0011972114804162869:0,1.2315396734643064e-05:4.3027168054880945e-06:0;-1.0899527742415327e-05:7.1383817851957836e-06:0;6.4591233122970481e-06:-6.1281655220544194e-06:0;-8.2307055054519842e-06:-4.2930011267249038e-06:0,balanced_sqrt,true,true,0.0027162682818773222,0.0019246775094670778,5.227940471808063e-06,true,8,true,0.0027162682818773222,0.0019246775094670778,5.227940471808063e-06,true,8,true,0.0027050868389658389,0.0011846086039841296,3.2044691439631645e-06,true,6,true,1.1240413989033918e-05,0.18501575035402831,2.0796536284710271e-06,true,10,true
n4_irregular_f0.1_d3.0,4,irregular,1,0.10000000000000001,3,0.003408578045201502,-2.0249999999999999:-1.7250000000000001:0;0.97500000000000009:-1.7250000000000001:0;-1.125:1.875:0;2.1750000000000003:1.5749999999999997:0,4,10,40,10,1.0074287377095514,4.4227314506778268e-17,2.5739119148392584e-18,1.7140766229506578e-16,0,0,0.002819246905359936:0.0011428208225997217:0;-0.0022703096501986847:0.0017545807839395742:0;0.0016721870874218472:-0.0016956111693615999:0;-0.0022211220779691258:-0.0012017924714385188:0,0:0:0;0:0:0;0:0:0;0:0:0,0.002819246905359936:0.0011428208225997217:0;-0.0022703096501986847:0.0017545807839395742:0;0.0016721870874218472:-0.0016956111693615999:0;-0.0022211220779691258:-0.0012017924714385188:0,0.002806246412778371:0.0011384982420347268:0;-0.0022587221580167454:0.0017472671232354315:0;0.0016655043848607329:-0.0016893750620361797:0;-0.002212653070098007:-0.0011974272638430132:0,1.3000492581564792e-05:4.3225805649948471e-06:0;-1.1587492181939352e-05:7.3136607041428298e-06:0;6.6827025611142866e-06:-6.2361073254202203e-06:0;-8.4690078711187735e-06:-4.3652075955056404e-06:0,balanced_sqrt,true,true,0.0027173538370884242,0.00042579443169795479,1.1570341327853224e-06,true,8,true,0.0027173538370884242,0.00042579443169795479,1.1570341327853224e-06,true,8,true,0.0027057126593760679,0.00023801808325640486,6.4400854102728151e-07,true,6,true,1.1723734450180924e-05,0.044677452491216123,5.2378658891759197e-07,true,10,true
n4_irregular_f0.1_d3.0,4,irregular,1,0.10000000000000001,3,0.003408578045201502,-2.0249999999999999:-1.7250000000000001:0;0.97500000000000009:-1.7250000000000001:0;-1.125:1.875:0;2.1750000000000003:1.5749999999999997:0,5,10,60,15,1.0074509283267723,4.1782979413739126e-17,3.1936750766192325e-20,1.6163812359360001e-16,0,0,0.0028194412963594949:0.0011428304325716932:0;-0.0022705021106358783:0.0017546115596233497:0;0.0016722382879543437:-0.0016956322201364463:0;-0.0022211792126937387:-0.0012018080845245596:0,0:0:0;0:0:0;0:0:0;0:0:0,0.0028194412963594949:0.0011428304325716932:0;-0.0022705021106358783:0.0017546115596233497:0;0.0016722382879543437:-0.0016956322201364463:0;-0.0022211792126937387:-0.0012018080845245596:0,0.0028062786697485966:0.0011385006629486424:0;-0.002258753514672317:0.001747269423942612:0;0.0016655109580915818:-0.001689376420293862:0;-0.0022126622688095183:-0.0011974289578841881:0,1.316262661089825e-05:4.3297696230507246e-06:0;-1.1748595963561429e-05:7.3421356807376905e-06:0;6.7273298627618774e-06:-6.2557998425843015e-06:0;-8.5169438842205793e-06:-4.3791266403714233e-06:0,balanced_sqrt,true,true,0.0027174749982930785,5.2829495958460232e-05,1.4356283443954091e-07,true,8,true,0.0027174749982930785,5.2829495958460232e-05,1.4356283443954091e-07,true,8,true,0.0027057314850919096,8.6031854955475048e-06,2.3277909867388925e-08,true,6,true,1.1832636960629819e-05,0.01017443340045867,1.203903767077338e-07,true,10,true
n4_irregular_f0.1_d3.0,4,irregular,1,0.10000000000000001,3,0.003408578045201502,-2.0249999999999999:-1.7250000000000001:0;0.97500000000000009:-1.7250000000000001:0;-1.125:1.875:0;2.1750000000000003:1.5749999999999997:0,6,10,84,21,1.0074555843402404,3.0381279642114198e-17,7.079829526648591e-22,1.3928853040717922e-16,0,0,0.0028194808709298895:0.0011428324274852316:0;-0.0022705378328906401:0.0017546128049481414:0;0.0016722461622625086:-0.0016956343838318497:0;-0.0022211891959877817:-0.00120181094011034:0,0:0:0;0:0:0;0:0:0;0:0:0,0.0028194808709298895:0.0011428324274852316:0;-0.0022705378328906401:0.0017546128049481414:0;0.0016722461622625086:-0.0016956343838318497:0;-0.0022211891959877817:-0.00120181094011034:0,0.0028062844434632956:0.0011385006534836734:0;-0.0022587593450651955:0.0017472698774801192:0;0.0016655120734437939:-0.0016893767580042219:0;-0.0022126633219416384:-0.001197429156225667:0,1.3196427466593961e-05:4.3317740015580759e-06:0;-1.1778487825444612e-05:7.3429274680221928e-06:0;6.7340888187146573e-06:-6.2576258276277207e-06:0;-8.5258740461434764e-06:-4.3817838846729148e-06:0,balanced_sqrt,true,true,0.0027174970402791296,1.0115027891830991e-05,2.7487558358391564e-08,true,8,true,0.0027174970402791296,1.0115027891830991e-05,2.7487558358391564e-08,true,8,true,0.002705734732794062,1.5465451801465036e-06,4.1845410097576442e-09,true,6,true,1.1852823657424897e-05,0.0019680074341694369,2.3326445073711573e-08,true,10,true
n4_irregular_f0.1_d3.0,4,irregular,1,0.10000000000000001,3,0.003408578045201502,-2.0249999999999999:-1.7250000000000001:0;0.97500000000000009:-1.7250000000000001:0;-1.125:1.875:0;2.1750000000000003:1.5749999999999997:0,7,10,112,28,1.0074565158387352,5.0233685936171818e-17,2.7927780337463502e-23,3.1585443842232496e-16,0,0,0.0028194879386968645:0.0011428326597432798:0;-0.0022705445612268287:0.0017546132562516383:0;0.001672247309914597:-0.0016956346175866072:0;-0.0022211906602544133:-0.0012018113231755082:0,0:0:0;0:0:0;0:0:0;0:0:0,0.0028194879386968645:0.0011428326597432798:0;-0.0022705445612268287:0.0017546132562516383:0;0.001672247309914597:-0.0016956346175866072:0;-0.0022211906602544133:-0.0012018113231755082:0,0.0028062854532856:0.0011385006564497862:0;-0.002258760324799667:0.0017472699389362227:0;0.0016655122294327712:-0.0016893768018566482:0;-0.0022126634812164548:-0.0011974292014037334:0,1.3202485411264522e-05:4.3320032934937077e-06:0;-1.1784236427161705e-05:7.3433173154156915e-06:0;6.7350804818256936e-06:-6.2578157299590575e-06:0;-8.5271790379582445e-06:-4.3821217717748219e-06:0,balanced_sqrt,true,true,0.0027175009308072319,1.8320341395377893e-06,4.9785544794645685e-09,true,8,true,0.0027175009308072319,1.8320341395377893e-06,4.9785544794645685e-09,true,8,true,0.0027057352777472088,2.6374718669369613e-07,7.1363006744371283e-10,true,6,true,1.185645131679871e-05,0.00035978255919444585,4.2657443977221972e-09,true,10,true
n4_irregular_f0.1_d3.0,4,irregular,1,0.10000000000000001,3,0.003408578045201502,-2.0249999999999999:-1.7250000000000001:0;0.97500000000000009:-1.7250000000000001:0;-1.125:1.875:0;2.1750000000000003:1.5749999999999997:0,8,10,144,36,1.0074566926146187,4.1485368681991216e-17,2.7511923656095344e-25,2.6216406212716275e-16,0,0,0.0028194890942061204:0.001142832675097086:0;-0.0022705457248294093:0.0017546133412325903:0;0.0016722474773918795:-0.001695634655630105:0;-0.0022211908474116496:-0.0012018113577275129:0,0:0:0;0:0:0;0:0:0;0:0:0,0.0028194890942061204:0.001142832675097086:0;-0.0022705457248294093:0.0017546133412325903:0;0.0016722474773918795:-0.001695634655630105:0;-0.0022211908474116496:-0.0012018113577275129:0,0.0028062856130008579:0.0011385006606269208:0;-0.0022587604807149837:0.0017472699446707857:0;0.0016655122485724797:-0.0016893768054937631:0;-0.0022126635048236145:-0.001197429204732233:0,1.3203481205262725e-05:4.3320144701652455e-06:0;-1.1785244114425676e-05:7.3433965618045801e-06:0;6.7352288193997792e-06:-6.2578501363418534e-06:0;-8.5273425880353225e-06:-4.3821529952798766e-06:0,balanced_sqrt,true,true,0.0027175015626764031,3.0580133389109144e-07,8.3101560271756949e-10,true,8,true,0.0027175015626764031,3.0580133389109144e-07,8.3101560271756949e-10,true,8,true,0.0027057353617723975,4.1657040933697533e-08,1.1271292872110567e-10,true,6,true,1.1857050110317531e-05,6.0587858510369004e-05,7.1839327443427375e-10,true,10,true
n4_irregular_f0.1_d3.0,4,irregular,1,0.10000000000000001,3,0.003408578045201502,-2.0249999999999999:-1.7250000000000001:0;0.97500000000000009:-1.7250000000000001:0;-1.125:1.875:0;2.1750000000000003:1.5749999999999997:0,9,10,180,45,1.0074567251984907,2.5793174131746088e-17,4.3217171604200157e-27,2.4166350265275624e-16,0,0,0.0028194892769952463:0.0011428326758061789:0;-0.0022705459062668993:0.0017546133455668628:0;0.0016722474995851477:-0.0016956346602849596:0;-0.0022211908704678094:-0.0012018113609262666:0,0:0:0;0:0:0;0:0:0;0:0:0,0.0028194892769952463:0.0011428326758061789:0;-0.0022705459062668993:0.0017546133455668628:0;0.0016722474995851477:-0.0016956346602849596:0;-0.0022211908704678094:-0.0012018113609262666:0,0.0028062856372360031:0.0011385006608258612:0;-0.0022587605047885953:0.0017472699451601659:0;0.0016655122508750699:-0.0016893768058073814:0;-0.002212663507438838:-0.0011974292049694462:0,1.3203639759243215e-05:4.3320149803177592e-06:0;-1.1785401478304042e-05:7.343400406696875e-06:0;6.735248710077818e-06:-6.2578544775782124e-06:0;-8.5273630289712046e-06:-4.3821559568203676e-06:0,balanced_sqrt,true,true,0.0027175016579671879,4.7769628024130199e-08,1.2981404335604966e-10,true,8,true,0.0027175016579671879,4.7769628024130199e-08,1.2981404335604966e-10,true,8,true,0.0027057353741446631,6.3463725910543402e-09,1.717160481711785e-11,true,6,true,1.1857141341048064e-05,9.5004909852391993e-06,1.1264866442133416e-10,true,10,true
n4_irregular_f0.1_d3.0,4,irregular,1,0.10000000000000001,3,0.003408578045201502,-2.0249999999999999:-1.7250000000000001:0;0.97500000000000009:-1.7250000000000001:0;-1.125:1.875:0;2.1750000000000003:1.5749999999999997:0,10,10,220,55,1.0074567311120293,5.6527645264057404e-17,9.1828915719584565e-29,5.058459698183247e-16,0,0,0.0028194893053107473:0.0011428326759826053:0;-0.0022705459341595753:0.0017546133460748961:0;0.001672247502304605:-0.0016956346607193897:0;-0.0022211908734411979:-0.0012018113613576421:0,0:0:0;0:0:0;0:0:0;0:0:0,0.0028194893053107473:0.0011428326759826053:0;-0.0022705459341595753:0.0017546133460748961:0;0.001672247502304605:-0.0016956346607193897:0;-0.0022211908734411979:-0.0012018113613576421:0,0.0028062856408920919:0.0011385006608218855:0;-0.0022587605084073131:0.0017472699452205768:0;0.0016655122511643667:-0.001689376805852456:0;-0.0022126635077474189:-0.0011974292050282703:0,1.3203664418655192e-05:4.3320151607198579e-06:0;-1.1785425752262174e-05:7.3434008543193346e-06:0;6.7352511402382652e-06:-6.2578548669337016e-06:0;-8.527365693779166e-06:-4.3821563293717624e-06:0,balanced_sqrt,true,true,0.0027175016723799679,7.352037245137914e-09,1.9979173509062093e-11,true,8,true,0.0027175016723799679,7.352037245137914e-09,1.9979173509062093e-11,true,8,true,0.0027057353759783673,9.5397001836698795e-10,2.5811904263182921e-12,true,6,true,1.185715523355678e-05,1.4673482754091684e-06,1.7398576283218336e-11,true,10,true
n4_irregular_f0.1_d2.1,4,irregular,2,0.10000000000000001,2.1000000000000001,0.0096526293793164769,-1.4175000000000002:-1.2075:0;0.68249999999999988:-1.2075:0;-0.78750000000000009:1.3125000000000004:0;1.5225000000000002:1.1025:0,2,13,12,3,1.0249157001279423,3.7723630791437817e-17,2.4929288582130647e-17,1.4842549358880153e-16,0,0,0.011808603497864736:0.0047626421508297464:0;-0.0095381704931056608:0.0073343467088572761:0;0.0069917899538868931:-0.0070773464669330209:0;-0.0092722946382984787:-0.0050071135302753866:0,0:0:0;0:0:0;0:0:0;0:0:0,0.011808603497864736:0.0047626421508297464:0;-0.0095381704931056608:0.0073343467088572761:0;0.0069917899538868931:-0.0070773464669330209:0;-0.0092722946382984787:-0.0050071135302753866:0,0.011696344692168344:0.0047173659602238538:0;-0.0094324344414777762:0.0072530412931447429:0;0.0069276480712573635:-0.0070124196942751779:0;-0.0091923871848983863:-0.0049639628616872733:0,0.00011225880569639211:4.5276190605892199e-05:0;-0.00010573605162788389:8.130541571253328e-05:0;6.4141882629529178e-05:-6.4926772657843002e-05:0;-7.9907453400092663e-05:-4.3150668588113006e-05:0,balanced_sqrt,true,true,0.011367891277241011,0,0,false,11,true,0.011367891277241011,0,0,false,11,true,0.01125769398534488,0,0,false,10,true,0.00011070174383644149,0,0,false,0,false
n4_irregular_f0.1_d2.1,4,irregular,2,0.10000000000000001,2.1000000000000001,0.0096526293793164769,-1.4175000000000002:-1.2075:0;0.68249999999999988:-1.2075:0;-0.78750000000000009:1.3125000000000004:0;1.5225000000000002:1.1025:0,3,13,24,6,1.0316431969849111,3.0819437490308182e-17,2.5323347850571952e-17,1.8709392321357097e-16,0,0,0.011933691685927277:0.0047822553265765965:0;-0.0096388635044211066:0.007359973285100148:0;0.007038942403662287:-0.0071082009245803058:0;-0.0093328250902796027:-0.0050348126241562419:0,0:0:0;0:0:0;0:0:0;0:0:0,0.011933691685927277:0.0047822553265765965:0;-0.0096388635044211066:0.007359973285100148:0;0.007038942403662287:-0.0071082009245803058:0;-0.0093328250902796027:-0.0050348126241562419:0,0.011747498738549751:0.0047247988906549132:0;-0.0094800143085927366:0.0072708597188682065:0;0.0069481259945668762:-0.0070269393369914749:0;-0.0092155192322418821:-0.0049755218914557461:0,0.00018619294737752583:5.7456435921683564e-05:0;-0.00015884919582836966:8.9113566231941406e-05:0;9.0816409095410928e-05:-8.1261587588830856e-05:0;-0.00011730585803772035:-5.9290732700495453e-05:0,balanced_sqrt,true,true,0.011455174077136322,0.0080995788732304338,9.2782085944350277e-05,true,11,true,0.011455174077136322,0.0080995788732304338,9.2782085944350277e-05,true,11,true,0.011296011105764886,0.0035829292974300874,4.0472809134940651e-05,true,10,true,0.00016067861671393663,0.32835167963450801,5.2759093679370428e-05,true,0,false
n4_irregular_f0.1_d2.1,4,irregular,2,0.10000000000000001,2.1000000000000001,0.0096526293793164769,-1.4175000000000002:-1.2075:0;0.68249999999999988:-1.2075:0;-0.78750000000000009:1.3125000000000004:0;1.5225000000000002:1.1025:0,4,13,40,10,1.0372103782866182,3.2487428402222756e-17,4.7496274843397452e-19,1.5041180807942133e-16,0,0,0.011994212103982143:0.0047861748337566165:0;-0.0096963150586519518:0.0073730316571887933:0;0.0070570891531431474:-0.0071166036392877269:0;-0.0093547127458632647:-0.0050428523471882291:0,0:0:0;0:0:0;0:0:0;0:0:0,0.011994212103982143:0.0047861748337566165:0;-0.0096963150586519518:0.0073730316571887933:0;0.0070570891531431474:-0.0071166036392877269:0;-0.0093547127458632647:-0.0050428523471882291:0,0.011771425570798055:0.0047276780485337967:0;-0.0095007806615126505:0.0072748745480650792:0;0.0069546377422950176:-0.0070297844563229836:0;-0.0092249690442817549:-0.0049798066200261414:0,0.00022278653318408861:5.8496785222819861e-05:0;-0.00019553439713930107:9.815710912371457e-05:0;0.00010245141084812975:-8.6819182964743057e-05:0;-0.00012974370158151015:-6.3045727162088075e-05:0,balanced_sqrt,true,true,0.011494980209818088,0.0039130367721698003,4.498028025638231e-05,true,11,true,0.011494980209818088,0.0039130367721698003,4.498028025638231e-05,true,11,true,0.011311381613638229,0.0015224791210815792,1.7221342337350267e-05,true,10,true,0.00018692664718723937,0.14899690925064674,2.7851492687484762e-05,true,0,false
n4_irregular_f0.1_d2.1,4,irregular,2,0.10000000000000001,2.1000000000000001,0.0096526293793164769,-1.4175000000000002:-1.2075:0;0.68249999999999988:-1.2075:0;-0.78750000000000009:1.3125000000000004:0;1.5225000000000002:1.1025:0,5,13,60,15,1.0415701957298356,1.923626697555899e-17,1.4010307390899548e-21,1.7109196783749358e-16,0,0,0.012019451913325483:0.0047874602021946173:0;-0.0097212878157881977:0.0073765760881628131:0;0.0070633037852267768:-0.0071189888291674809:0;-0.009361846349623764:-0.0050446846681961467:0,0:0:0;0:0:0;0:0:0;0:0:0,0.012019451913325483:0.0047874602021946173:0;-0.0097212878157881977:0.0073765760881628131:0;0.0070633037852267768:-0.0071189888291674809:0;-0.009361846349623764:-0.0050446846681961467:0,0.011778569461244866:0.0047281942610284573:0;-0.0095077240557908515:0.007275369122525961:0;0.0069560512452652009:-0.0070300801591945032:0;-0.0092269465855721374:-0.0049801650790195443:0,0.00024088245208061745:5.9265941166159997e-05:0;-0.00021356375999734582:0.00010120696563685216:0;0.00010725253996157575:-8.890866997297808e-05:0;-0.00013489976405162699:-6.451958917660198e-05:0,balanced_sqrt,true,true,0.011510512410986487,0.0016098413331764763,1.8530098645246862e-05,true,11,true,0.011510512410986487,0.0016098413331764763,1.8530098645246862e-05,true,11,true,0.011315537941169697,0.00045467908757264471,5.1449384664846799e-06,true,10,true,0.00019947288013260101,0.067193299631417444,1.3403241003091677e-05,true,0,false
n4_irregular_f0.1_d2.1,4,irregular,2,0.10000000000000001,2.1000000000000001,0.0096526293793164769,-1.4175000000000002:-1.2075:0;0.68249999999999988:-1.2075:0;-0.78750000000000009:1.3125000000000004:0;1.5225000000000002:1.1025:0,6,13,84,21,1.0448601677018776,3.3775976069198098e-17,1.3110036447873745e-22,1.4003263866971274e-16,0,0,0.012030044589164835:0.0047878961967205372:0;-0.009731058200336512:0.0073769502483053808:0;0.0070653071171492329:-0.0071195438128955806:0;-0.0093642902331807602:-0.0050453474089920151:0,0:0:0;0:0:0;0:0:0;0:0:0,0.012030044589164835:0.0047878961967205372:0;-0.009731058200336512:0.0073769502483053808:0;0.0070653071171492329:-0.0071195438128955806:0;-0.0093642902331807602:-0.0050453474089920151:0,0.011781238883540065:0.0047281925032250276:0;-0.0095104133783596775:0.0072755684309564377:0;0.0069565448569904598:-0.0070302312713414576:0;-0.0092274134024100639:-0.0049802510102853574:0,0.00024880570562476977:5.9703693495509595e-05:0;-0.0002206448219768338:0.00010138181734894316:0;0.00010876226015877339:-8.9312541554122592e-05:0;-0.00013687683077069675:-6.5096398706657616e-05:0,balanced_sqrt,true,true,0.011516409404456548,0.00064210420993785692,7.3947349619694773e-06,true,11,true,0.011516409404456548,0.00064210420993785692,7.3947349619694773e-06,true,11,true,0.011317033388875542,0.00017048322840617641,1.9293643881159936e-06,true,10,true,0.00020445658937945496,0.026769695794527627,5.4732407008746574e-06,true,0,false
n4_irregular_f0.1_d2.1,4,irregular,2,0.10000000000000001,2.1000000000000001,0.0096526293793164769,-1.4175000000000002:-1.2075:0;0.68249999999999988:-1.2075:0;-0.78750000000000009:1.3125000000000004:0;1.5225000000000002:1.1025:0,7,13,112,28,1.0472873499059945,4.2330767798732965e-17,2.3892916083838013e-24,3.2257968736479098e-16,0,0,0.01203404112572001:0.0047880036037421855:0;-0.0097348868200513861:0.0073771840255704383:0;0.0070659096201036425:-0.0071196719255007083:0;-0.0093650357800373618:-0.0050455409249846785:0,0:0:0;0:0:0;0:0:0;0:0:0,0.01203404112572001:0.0047880036037421855:0;-0.0097348868200513861:0.0073771840255704383:0;0.0070659096201036425:-0.0071196719255007083:0;-0.0093650357800373618:-0.0050455409249846785:0,0.011782217368747969:0.0047281965141309961:0;-0.0095113647064624367:0.0072756251044007077:0;0.0069566885614266247:-0.0070302724520867063:0;-0.0092275599750967149:-0.004980292769094995:0,0.00025182375697204015:5.9807089611189127e-05:0;-0.00022352211358894904:0.0001015589211697307:0;0.000109221058677018:-8.9399473414002243e-05:0;-0.00013747580494064766:-6.5248155889683387e-05:0,balanced_sqrt,true,true,0.011518595567001884,0.00024428190696788833,2.8137844906990854e-06,true,11,true,0.011518595567001884,0.00024428190696788833,2.8137844906990854e-06,true,11,true,0.011317560396248743,6.107692119839069e-05,6.9124174447971178e-07,true,10,true,0.00020636549285916084,0.010287810884168878,2.1230491635533497e-06,true,0,false
n4_irregular_f0.1_d2.1,4,irregular,2,0.10000000000000001,2.1000000000000001,0.0096526293793164769,-1.4175000000000002:-1.2075:0;0.68249999999999988:-1.2075:0;-0.78750000000000009:1.3125000000000004:0;1.5225000000000002:1.1025:0,8,13,144,36,1.0490477464582755,4.2902332602135341e-17,2.7994960787827462e-26,2.9219401333683606e-16,0,0,0.012035432443125445:0.0047880223578251778:0;-0.0097362837424540844:0.0073772702945645394:0;0.007066088074902061:-0.0071197112190907637:0;-0.0093652370732963154:-0.005045575991635954:0,0:0:0;0:0:0;0:0:0;0:0:0,0.012035432443125445:0.0047880223578251778:0;-0.0097362837424540844:0.0073772702945645394:0;0.007066088074902061:-0.0071197112190907637:0;-0.0093652370732963154:-0.005045575991635954:0,0.011782543972331682:0.0047282046328082838:0;-0.0095116842369950168:0.007275636342425556:0;0.0069567250803564129:-0.0070302796647725048:0;-0.0092276048143973676:-0.0049802990724598867:0,0.00025288847079376269:5.9817725016894225e-05:0;-0.00022459950545906812:0.00010163395213898331:0;0.00010936299454564807:-8.9431554318259213e-05:0;-0.00013763225889894742:-6.5276919176067105e-05:0,balanced_sqrt,true,true,0.011519348086552547,8.6485286949609198e-05,9.9625412473792867e-07,true,11,true,0.011519348086552547,8.6485286949609198e-05,9.9625412473792867e-07,true,11,true,0.01131773175366392,2.036036850455664e-05,2.3043318914031948e-07,true,10,true,0.00020704294199330281,0.0036993905836329739,7.6593271001769241e-07,true,0,false
n4_irregular_f0.1_d2.1,4,irregular,2,0.10000000000000001,2.1000000000000001,0.0096526293793164769,-1.4175000000000002:-1.2075:0;0.68249999999999988:-1.2075:0;-0.78750000000000009:1.3125000000000004:0;1.5225000000000002:1.1025:0,9,13,180,45,1.0503069388503985,2.776569017660706e-17,3.3440051810343631e-29,3.1803296621327095e-16,0,0,0.012035905651542412:0.0047880241625831606:0;-0.0097367547501222129:0.007377279592583612:0;0.0070661367667877112:-0.0071197209176150581:0;-0.0093652880514411251:-0.0050455824084241927:0,0:0:0;0:0:0;0:0:0;0:0:0,0.012035905651542412:0.0047880241625831606:0;-0.0097367547501222129:0.007377279592583612:0;0.0070661367667877112:-0.0071197209176150581:0;-0.0093652880514411251:-0.0050455824084241927:0,0.011782649566465554:0.0047282055382009075:0;-0.0095117890825294864:0.0072756383807665885:0;0.0069567341487042937:-0.0070302809951522747:0;-0.0092276150761237182:-0.0049802999567333172:0,0.00025325608507685695:5.9818624382253381e-05:0;-0.00022496566759272577:0.00010164121181702393:0;0.0001094026180834176:-8.9439922462783143e-05:0;-0.00013767297531740641:-6.5282451690875474e-05:0,balanced_sqrt,true,true,0.011519592922102639,2.9147830763823894e-05,3.3577114496159131e-07,true,11,true,0.011519592922102639,2.9147830763823894e-05,3.3577114496159131e-07,true,11,true,0.011317785476347691,6.6028049685084467e-06,7.4729130175741273e-08,true,10,true,0.00020726883460357029,0.0012594951764078293,2.6105409740286894e-07,true,0,false
n4_irregular_f0.1_d2.1,4,irregular,2,0.10000000000000001,2.1000000000000001,0.0096526293793164769,-1.4175000000000002:-1.2075:0;0.68249999999999988:-1.2075:0;-0.78750000000000009:1.3125000000000004:0;1.5225000000000002:1.1025:0,10,13,220,55,1.0511954862154391,5.3802979721665011e-17,3.5147321462239353e-31,3.9202850782614971e-16,0,0,0.012036065628942261:0.0047880248788233441:0;-0.0097369130161237185:0.0073772818513474798:0;0.0070661492755673735:-0.0071197228910859136:0;-0.009365301633049156:-0.005045584335866448:0,0:0:0;0:0:0;0:0:0;0:0:0,0.012036065628942261:0.0047880248788233441:0;-0.0097369130161237185:0.0073772818513474798:0;0.0070661492755673735:-0.0071197228910859136:0;-0.009365301633049156:-0.005045584335866448:0,0.011782683753246854:0.0047282055615700206:0;-0.0095118229434019621:0.0072756389084533118:0;0.0069567365024498957:-0.0070302813926328683:0;-0.009227617589851831:-0.0049803004423646657:0,0.00025338187569540644:5.9819317253323653e-05:0;-0.00022509007272175627:0.0001016429428941683:0;0.00010941277311747767:-8.9441498453045589e-05:0;-0.00013768404319732452:-6.5283893501782346e-05:0,balanced_sqrt,true,true,0.01151967378293549,9.8015291172287181e-06,1.129104180044185e-07,true,11,true,0.01151967378293549,9.8015291172287181e-06,1.129104180044185e-07,true,11,true,0.011317802564976959,2.1314894748844307e-06,2.4123777046068401e-08,true,10,true,0.00020734474516752676,0.00042821669500003152,8.8788481501262066e-08,true,0,false
n4_irregular_f0.1_d2.1,4,irregular,2,0.10000000000000001,2.1000000000000001,0.0096526293793164769,-1.4175000000000002:-1.2075:0;0.68249999999999988:-1.2075:0;-0.78750000000000009:1.3125000000000004:0;1.5225000000000002:1.1025:0,11,13,264,66,1.0518135903444565,3.647335438346948e-17,1.6317039653750075e-32,2.107508072098575e-16,0,0,0.012036118781308574:0.0047880252380873246:0;-0.0097369659963294809:0.0073772829166061432:0;0.0070661524897294176:-0.0071197233673483467:0;-0.0093653052634986161:-0.0050455847824937908:0,0:0:0;0:0:0;0:0:0;0:0:0,0.012036118781308574:0.0047880252380873246:0;-0.0097369659963294809:0.0073772829166061432:0;0.0070661524897294176:-0.0071197233673483467:0;-0.0093653052634986161:-0.0050455847824937908:0,0.011782694567448284:0.0047282056423993638:0;-0.0095118336951979399:0.0072756390660869393:0;0.0069567371161761678:-0.0070302815077035027:0;-0.0092276182826989753:-0.0049803005248792945:0,0.00025342421386028894:5.9819595687960775e-05:0;-0.0002251323011315417:0.00010164385051920387:0;0.00010941537355325007:-8.9441859644844105e-05:0;-0.00013768698079964011:-6.5284257614496298e-05:0,balanced_sqrt,true,true,0.011519700423135781,3.2646193943259856e-06,3.7607437418194332e-08,true,11,true,0.011519700423135781,3.2646193943259856e-06,3.7607437418194332e-08,true,11,true,0.011317807934866628,6.7501028326805186e-07,7.6396367400877277e-09,true,10,true,0.00020737017068557113,0.00014451433213303743,2.9967961720939287e-08,true,0,false
n4_irregular_f0.1_d2.1,4,irregular,2,0.10000000000000001,2.1000000000000001,0.0096526293793164769,-1.4175000000000002:-1.2075:0;0.68249999999999988:-1.2075:0;-0.78750000000000009:1.3125000000000004:0;1.5225000000000002:1.1025:0,12,13,312,78,1.0522372699193425,3.0987911857112547e-17,2.0874504222617725e-35,1.8523393509553698e-16,0,0,0.012036136254680462:0.0047880252976581434:0;-0.0097369834106130534:0.007377283058294045:0;0.0070661533068754456:-0.0071197234874165643:0;-0.0093653061502846965:-0.0050455848534381635:0,0:0:0;0:0:0;0:0:0;0:0:0,0.012036136254680462:0.0047880252976581434:0;-0.0097369834106130534:0.007377283058294045:0;0.0070661533068754456:-0.0071197234874165643:0;-0.0093653061502846965:-0.0050455848534381635:0,0.011782697950674432:0.004728205658908767:0;-0.0095118370746889048:0.0072756391027939188:0;0.0069567372676206498:-0.0070302815321303799:0;-0.0092276184416683338:-0.0049803005275932885:0,0.00025343830400603062:5.9819638749376523e-05:0;-0.00022514633592414919:0.00010164395550012599:0;0.00010941603925479577:-8.9441955286184398e-05:0;-0.0001376877086163635:-6.5284325844875245e-05:0,balanced_sqrt,true,true,0.011519709027882788,1.0720609183782904e-06,1.2349829839882705e-08,true,11,true,0.011519709027882788,1.0720609183782904e-06,1.2349829839882705e-08,true,11,true,0.011317809592862632,2.1149118676459802e-07,2.39361698237027e-09,true,10,true,0.00020737852510807853,4.8010004012626124e-05,9.9562438225713368e-09,true,0,false
n4_irregular_f0.1_d2.1,4,irregular,2,0.10000000000000001,2.1000000000000001,0.0096526293793164769,-1.4175000000000002:-1.2075:0;0.68249999999999988:-1.2075:0;-0.78750000000000009:1.3125000000000004:0;1.5225000000000002:1.1025:0,13,13,364,91,1.052523372957239,4.7855044782919057e-17,1.3889201618829446e-37,4.0621575671084238e-16,0,0,0.012036142030623557:0.0047880252986087606:0;-0.0097369891706497354:0.0073772830758809076:0;0.0070661535074348896:-0.0071197235128015544:0;-0.0093653063596107981:-0.0050455848669583754:0,0:0:0;0:0:0;0:0:0;0:0:0,0.012036142030623557:0.0047880252986087606:0;-0.0097369891706497354:0.0073772830758809076:0;0.0070661535074348896:-0.0071197235128015544:0;-0.0093653063596107981:-0.0050455848669583754:0,0.011782699018107076:0.004728205659951224:0;-0.0095118381382203569:0.0072756391098255518:0;0.0069567373029738953:-0.0070302815365942128:0;-0.0092276184771478715:-0.0049803005311514761:0,0.00025344301251648216:5.9819638657536847e-05:0;-0.0002251510324293791:0.00010164396605535538:0;0.0001094162044609946:-8.9441976207341552e-05:0;-0.00013768788246292741:-6.5284335806898992e-05:0,balanced_sqrt,true,true,0.011519711835381441,3.5427955277514249e-07,4.0811983571374526e-09,true,11,true,0.011519711835381441,3.5427955277514249e-07,4.0811983571374526e-09,true,11,true,0.011317810109126424,6.6606589047134948e-08,7.5384072685209325e-10,true,10,true,0.00020738129338697793,1.6044666427393455e-05,3.3273636756754772e-09,true,0,false
n4_irregular_f0.8_d3.0,4,irregular,3,0.80000000000000004,3,0.027268624361612016,-2.0249999999999999:-1.7250000000000001:0;0.97500000000000009:-1.7250000000000001:0;-1.125:1.875:0;2.1750000000000003:1.5749999999999997:0,2,11,12,3,1.0584091478805173,4.2924278696381743e-17,1.8445625814348559e-17,1.2411445320708588e-16,0,0,0.19122890545302537:0.077214434060596776:0;-0.15457066628297367:0.11901595849433834:0;0.11289458392700213:-0.11476050447460025:0;-0.14979574164738352:-0.081170578239337071:0,0:0:0;0:0:0;0:0:0;0:0:0,0.19122890545302537:0.077214434060596776:0;-0.15457066628297367:0.11901595849433834:0;0.11289458392700213:-0.11476050447460025:0;-0.14979574164738352:-0.081170578239337071:0,0.18607365299339931:0.075132841506641304:0;-0.14974074894285669:0.11529702575026159:0;0.10995398370167843:-0.11177129875689994:0;-0.14612389670347045:-0.079180895220928874:0,0.0051552524596260481:0.0020815925539554763:0;-0.0048299173401169853:0.0037189327440767519:0;0.0029406002253237035:-0.0029892057177003171:0;-0.0036718449439130619:-0.0019896830184081993:0,balanced_sqrt,true,true,0.18407202382101859,0,0,false,9,true,0.18407202382101859,0,0,false,9,true,0.17901714538380223,0,0,false,8,true,0.0050767110924367226,0,0,false,11,true
n4_irregular_f0.8_d3.0,4,irregular,3,0.80000000000000004,3,0.027268624361612016,-2.0249999999999999:-1.7250000000000001:0;0.97500000000000009:-1.7250000000000001:0;-1.125:1.875:0;2.1750000000000003:1.5749999999999997:0,3,11,24,6,1.0618595190790028,2.4329816373363567e-17,2.7388562975755938e-17,1.1694562750503967e-16,0,0,0.1936170268406367:0.077608538398151294:0;-0.15641173348094714:0.11943797431874131:0;0.11378620311124708:-0.11534647656639903:0;-0.15098179397715464:-0.081708625273373858:0,0:0:0;0:0:0;0:0:0;0:0:0,0.1936170268406367:0.077608538398151294:0;-0.15641173348094714:0.11943797431874131:0;0.11378620311124708:-0.11534647656639903:0;-0.15098179397715464:-0.081708625273373858:0,0.18670819805526945:0.075236988975439012:0;-0.15032590568322432:0.11553092273600751:0;0.11021579300946069:-0.11196753357250877:0;-0.1464248006226582:-0.079334300479935671:0,0.0069088287853672353:0.0023715494227122889:0;-0.0060858277977228325:0.0039070515827338004:0;0.0035704101017863992:-0.0033789429938902542:0;-0.0045569933544964492:-0.002374324793438186:0,balanced_sqrt,true,true,0.1857179377619228,0.009426979339239451,0.0017507591622078046,true,9,true,0.1857179377619228,0.009426979339239451,0.0017507591622078046,true,9,true,0.1795022498688332,0.0028293391602972162,0.00050787274491534559,true,8,true,0.0062495440756130966,0.20004334779088404,0.0012501797190523295,true,11,true
n4_irregular_f0.8_d3.0,4,irregular,3,0.80000000000000004,3,0.027268624361612016,-2.0249999999999999:-1.7250000000000001:0;0.97500000000000009:-1.7250000000000001:0;-1.125:1.875:0;2.1750000000000003:1.5749999999999997:0,4,11,40,10,1.0628412527728395,2.0635894349699204e-17,9.8343442186448233e-19,1.0487229342334256e-16,7.4567876256591694e-17,0,0.19420478319096621:0.077642141683307214:0;-0.15697867002682414:0.11957559749444893:0;0.11396915014564094:-0.11543581466486016:0;-0.15119390227108656:-0.081783372130702595:0,0:0:0;0:0:0;0:0:0;0:0:0,0.19420478319096621:0.077642141683307214:0;-0.15697867002682414:0.11957559749444893:0;0.11396915014564094:-0.11543581466486016:0;-0.15119390227108656:-0.081783372130702595:0,0.18686224335686102:0.075257774417272327:0;-0.15045960806132044:0.11556112608046908:0;0.11026123012042378:-0.11199057351385375:0;-0.14648942546928242:-0.079363996692874889:0,0.0073425398341051967:0.0023843672660348921:0;-0.0065190619655036922:0.0040144714139798612:0;0.0037079200252171512:-0.0034452411510064221:0;-0.0047044768018041343:-0.0024193754378277121:0,balanced_sqrt,true,true,0.18610946837295342,0.0023711684703390215,0.00044129690343750442,true,9,true,0.18610946837295342,0.0023711684703390215,0.00044129690343750442,true,9,true,0.179604371669073,0.00062624781709959309,0.00011247684569930098,true,8,true,0.0065539317418701094,0.050292804038780746,0.00032961560477741837,true,11,true
n4_irregular_f0.8_d3.0,4,irregular,3,0.80000000000000004,3,0.027268624361612016,-2.0249999999999999:-1.7250000000000001:0;0.97500000000000009:-1.7250000000000001:0;-1.125:1.875:0;2.1750000000000003:1.5749999999999997:0,5,11,60,15,1.0630730001515645,1.811820278760411e-17,2.1272591129276141e-21,1.3454418393448905e-16,0,0,0.19433055036278243:0.077648249288191237:0;-0.15710319101300163:0.11959510113614025:0;0.11400135226781417:-0.115449114983774:0;-0.15122985172353365:-0.081793185100665453:0,0:0:0;0:0:0;0:0:0;0:0:0,0.19433055036278243:0.077648249288191237:0;-0.15710319101300163:0.11959510113614025:0;0.11400135226781417:-0.115449114983774:0;-0.15122985172353365:-0.081793185100665453:0,0.18688262111329401:0.075259277907200189:0;-0.1504794263838892:0.11556258347307172:0;0.11026530008900766:-0.11199150178561325:0;-0.14649512712498394:-0.07936506939924258:0,0.0074479292494884089:0.0023889713809910531:0;-0.0066237646291124252:0.0040325176630685335:0;0.0037360521788065097:-0.0034576131981607456:0;-0.004734724598549702:-0.0024281157014228714:0,balanced_sqrt,true,true,0.18618768347739525,0.00049766684483531652,9.265943698339189e-05,true,9,true,0.18618768347739525,0.00049766684483531652,9.265943698339189e-05,true,9,true,0.17961626515791307,8.1799907126504074e-05,1.4692593808326819e-05,true,8,true,0.0066245910953787943,0.011778241712079375,7.8026035165060115e-05,true,11,true
n4_irregular_f0.8_d3.0,4,irregular,3,0.80000000000000004,3,0.027268624361612016,-2.0249999999999999:-1.7250000000000001:0;0.97500000000000009:-1.7250000000000001:0;-1.125:1.875:0;2.1750000000000003:1.5749999999999997:0,6,11,84,21,1.0631230567044938,2.9329593739974865e-17,5.5494192171096109e-22,1.1408232555700529e-16,5.270117510496597e-17,0,0.19435670758750781:0.077649543420871367:0;-0.15712687959979513:0.11959591853773001:0;0.11400640264442788:-0.11545052365742871:0;-0.15123623318729526:-0.081795002478535633:0,0:0:0;0:0:0;0:0:0;0:0:0,0.19435670758750781:0.077649543420871367:0;-0.15712687959979513:0.11959591853773001:0;0.11400640264442788:-0.11545052365742871:0;-0.15123623318729526:-0.081795002478535633:0,0.18688632800591234:0.075259279184526628:0;-0.15048316561096023:0.11556287160159265:0;0.11026599822138997:-0.1119917280216946:0;-0.14649579063234416:-0.07936519769661167:0,0.007470379581595455:0.002390264236344745:0;-0.006643713988834901:0.0040330469361373675:0;0.0037404044230379156:-0.0034587956357340979:0;-0.0047404425549510869:-0.0024298047819239681:0,balanced_sqrt,true,true,0.18620225919495526,9.7530819771347006e-05,1.8160458982560823e-05,true,9,true,0.18620225919495526,9.7530819771347006e-05,1.8160458982560823e-05,true,9,true,0.17961835089396663,1.4939096435027326e-05,2.6833358655055442e-06,true,8,true,0.0066380339099747976,0.0023336119635781515,1.5490595346954643e-05,true,11,true
n4_irregular_f0.8_d3.0,4,irregular,3,0.80000000000000004,3,0.027268624361612016,-2.0249999999999999:-1.7250000000000001:0;0.97500000000000009:-1.7250000000000001:0;-1.125:1.875:0;2.1750000000000003:1.5749999999999997:0,7,11,112,28,1.063133305745164,2.1414966148287888e-17,1.0441013829900843e-23,1.2088078133499775e-16,0,0,0.19436147852752669:0.077649699086954682:0;-0.15713142542188688:0.11959621298629367:0;0.11400714988914103:-0.11545067893138047:0;-0.15123718475052036:-0.081795251037042563:0,0:0:0;0:0:0;0:0:0;0:0:0,0.19436147852752669:0.077649699086954682:0;-0.15713142542188688:0.11959621298629367:0;0.11400714988914103:-0.11545067893138047:0;-0.15123718475052036:-0.081795251037042563:0,0.18688698601294793:0.075259282415297488:0;-0.15048380505192446:0.11556291197407279:0;0.11026609779824958:-0.11199175867883134:0;-0.14649589259059664:-0.079365227415272299:0,0.0074744925145787781:0.0023904166716571928:0;-0.0066476203699624261:0.004033301012220881:0;0.0037410520908914458:-0.0034589202525491425:0;-0.0047412921599237099:-0.0024300236217702658:0,balanced_sqrt,true,true,0.18620488564650725,1.8030375989463998e-05,3.357344099281674e-06,true,9,true,0.18620488564650725,1.8030375989463998e-05,3.357344099281674e-06,true,9,true,0.17961870694733223,2.5899132017058456e-06,4.6519686039622926e-07,true,8,true,0.0066405001705693379,0.00043559975592339436,2.8926002535092621e-06,true,11,true
n4_irregular_f0.8_d3.0,4,irregular,3,0.80000000000000004,3,0.027268624361612016,-2.0249999999999999:-1.7250000000000001:0;0.97500000000000009:-1.7250000000000001:0;-1.125:1.875:0;2.1750000000000003:1.5749999999999997:0,8,11,144,36,1.0631352911875067,1.4234394219655994e-17,1.77279008484215e-25,9.6188942533496707e-17,0,0,0.19436227438625339:0.077649710078226478:0;-0.15713222669785556:0.11959626969830925:0;0.11400726018964984:-0.11545070425917359:0;-0.15123730814814346:-0.08179527377852773:0,0:0:0;0:0:0;0:0:0;0:0:0,0.19436227438625339:0.077649710078226478:0;-0.15713222669785556:0.11959626969830925:0;0.11400726018964984:-0.11545070425917359:0;-0.15123730814814346:-0.08179527377852773:0,0.18688709154076091:0.075259285268687595:0;-0.15048390818014493:0.11556291592368778:0;0.11026611016347344:-0.11199176145284252:0;-0.14649590782740879:-0.079365229692124839:0,0.0074751828454924689:0.0023904248095388799:0;-0.0066483185177106316:0.0040333537746214641:0;0.0037411500261763926:-0.0034589428063310696:0;-0.0047414003207346747:-0.0024300440864028954:0,balanced_sqrt,true,true,0.18620532098391909,3.0702193269479237e-06,5.7169117526537016e-07,true,9,true,0.18620532098391909,3.0702193269479237e-06,5.7169117526537016e-07,true,9,true,0.17961876261949089,4.1469476214418224e-07,7.4486960041122111e-08,true,8,true,0.0066409158112218378,7.4876889394309915e-05,4.9725111867378148e-07,true,11,true
n4_irregular_f0.8_d3.0,4,irregular,3,0.80000000000000004,3,0.027268624361612016,-2.0249999999999999:-1.7250000000000001:0;0.97500000000000009:-1.7250000000000001:0;-1.125:1.875:0;2.1750000000000003:1.5749999999999997:0,9,11,180,45,1.0631356637910705,2.1447977186014994e-17,1.4230113177528354e-28,1.5125717418386823e-16,0,0,0.19436240275125022:0.077649710675076339:0;-0.15713235429860598:0.1195962727038043:0;0.11400727498941511:-0.1154507074115738:0;-0.15123732352160138:-0.08179527588970717:0,0:0:0;0:0:0;0:0:0;0:0:0,0.19436240275125022:0.077649710675076339:0;-0.15713235429860598:0.1195962727038043:0;0.11400727498941511:-0.1154507074115738:0;-0.15123732352160138:-0.08179527588970717:0,0.18688710778190545:0.075259285435900741:0;-0.15048392430576021:0.11556291628426828:0;0.11026611166219691:-0.11199176171931947:0;-0.14649590953405098:-0.079365229861694947:0,0.0074752949693447672:0.0023904252391755989:0;-0.0066484299928457639:0.0040333564195360128:0;0.0037411633272182083:-0.0034589456922543291:0;-0.0047414139875504016:-0.0024300460280122179:0,balanced_sqrt,true,true,0.18620538805269801,4.8955294986144716e-07,9.1157397001293774e-08,true,9,true,0.18620538805269801,4.8955294986144716e-07,9.1157397001293774e-08,true,9,true,0.17961877093534792,6.4038211298471175e-08,1.1502464806329504e-08,true,8,true,0.0066409805699547513,1.1994880950299587e-05,7.9657771329859936e-08,true,11,true
n4_irregular_f0.8_d3.0,4,irregular,3,0.80000000000000004,3,0.027268624361612016,-2.0249999999999999:-1.7250000000000001:0;0.97500000000000009:-1.7250000000000001:0;-1.125:1.875:0;2.1750000000000003:1.5749999999999997:0,10,11,220,55,1.0631357324752793,2.7282844587537674e-17,3.6326498427500281e-29,2.5825204812491799e-16,0,0,0.19436242303266507:0.077649710811767456:0;-0.15713237431857371:0.11959627305616616:0;0.11400727682618993:-0.11545070771389239:0;-0.15123732552385774:-0.081795276176420559:0,0:0:0;0:0:0;0:0:0;0:0:0,0.19436242303266507:0.077649710811767456:0;-0.15713237431857371:0.11959627305616616:0;0.11400727682618993:-0.11545070771389239:0;-0.15123732552385774:-0.081795276176420559:0,0.18688711026467902:0.075259285439972137:0;-0.15048392676246855:0.11556291633058428:0;0.11026611185180975:-0.11199176175771283:0;-0.14649590973738527:-0.0793652299026779:0,0.0074753127679860554:0.0023904253717953188:0;-0.0066484475561051654:0.0040333567255818733:0;0.0037411649743801824:-0.0034589459561795506:0;-0.0047414157864724563:-0.0024300462737426544:0,balanced_sqrt,true,true,0.18620539840559505,7.6884842544367428e-08,1.4316372737325381e-08,true,9,true,0.18620539840559505,7.6884842544367428e-08,1.4316372737325381e-08,true,9,true,0.17961877218466082,9.7556509325552541e-09,1.7522980423677162e-09,true,8,true,0.0066409906426951109,1.8919371795809076e-06,1.2564337106163787e-08,true,11,true
n4_irregular_f0.8_d3.0,4,irregular,3,0.80000000000000004,3,0.027268624361612016,-2.0249999999999999:-1.7250000000000001:0;0.97500000000000009:-1.7250000000000001:0;-1.125:1.875:0;2.1750000000000003:1.5749999999999997:0,11,11,264,66,1.063135744857884,2.5491118466229191e-17,2.3640672247571924e-32,1.3032526346222315e-16,0,0,0.19436242613265978:0.077649710839235261:0;-0.15713237740630365:0.11959627313643018:0;0.114007277052992:-0.11545070774830964:0;-0.15123732578101431:-0.081795276210319401:0,0:0:0;0:0:0;0:0:0;0:0:0,0.19436242613265978:0.077649710839235261:0;-0.15713237740630365:0.11959627313643018:0;0.114007277052992:-0.11545070774830964:0;-0.15123732578101431:-0.081795276210319401:0,0.18688711063083421:0.075259285443479332:0;-0.1504839271261115:0.11556291633721985:0;0.11026611187576466:-0.11199176176309833:0;-0.14649590976439691:-0.079365229906150525:0,0.0074753155018255513:0.0023904253957559231:0;-0.0066484502801921527:0.00403335679921033:0;0.0037411651772273472:-0.0034589459852113038:0;-0.0047414160166173915:-0.0024300463041688775:0,balanced_sqrt,true,true,0.18620539997769231,1.1787764857822055e-08,2.194945470193741e-09,true,9,true,0.18620539997769231,1.1787764857822055e-08,2.194945470193741e-09,true,9,true,0.17961877236791018,1.4402831590437719e-09,2.5870189288961784e-10,true,8,true,0.0066409921833522024,2.9156180322809308e-07,1.9362596562018392e-09,true,11,true
n4_irregular_f0.8_d2.1,4,irregular,4,0.80000000000000004,2.1000000000000001,0.077221035034531815,-1.4175000000000002:-1.2075:0;0.68249999999999988:-1.2075:0;-0.78750000000000009:1.3125000000000004:0;1.5225000000000002:1.1025:0,2,13,12,3,1.2287915193517323,5.0271285997165375e-17,1.4256721742458455e-17,1.6075943978212389e-16,6.2854661763626916e-17,0,0.92332300884908403:0.36522309801747793:0;-0.760085327735599:0.5700118577466744:0;0.53690892379942523:-0.54627911992002398:0;-0.70718470765232755:-0.38023108211367429:0,0:0:0;0:0:0;0:0:0;0:0:0,0.92332300884908403:0.36522309801747793:0;-0.760085327735599:0.5700118577466744:0;0.53690892379942523:-0.54627911992002398:0;-0.70718470765232755:-0.38023108211367429:0,0.85077221618943288:0.33652541793652802:0;-0.6913288224717451:0.51844919157360903:0;0.49633492878461677:-0.50499702018413006:0;-0.65692938941328871:-0.35321036898499319:0,0.072550792659651142:0.028697680080949924:0;-0.068756505263853906:0.051562666173065354:0;0.040573995014808455:-0.041282099735893862:0;-0.050255318239038872:-0.027020713128681071:0,balanced_sqrt,true,true,0.88316681171580702,0,0,false,0,false,0.88316681171580702,0,0,false,0,false,0.81263029188257629,0,0,false,0,false,0.070851105665157274,0,0,false,0,false
n4_irregular_f0.8_d2.1,4,irregular,4,0.80000000000000004,2.1000000000000001,0.077221035034531815,-1.4175000000000002:-1.2075:0;0.68249999999999988:-1.2075:0;-0.78750000000000009:1.3125000000000004:0;1.5225000000000002:1.1025:0,3,13,24,6,1.3052422863311022,2.1906813875256886e-17,3.061181853580367e-19,1.4043590889191799e-16,0,0,1.0122252304663113:0.37685592733352946:0;-0.83325683774370285:0.58428603967378845:0;0.56652949976028244:-0.56494774791478908:0;-0.74464167272605741:-0.39681837416141585:0,0:0:0;0:0:0;0:0:0;0:0:0,1.0122252304663113:0.37685592733352946:0;-0.83325683774370285:0.58428603967378845:0;0.56652949976028244:-0.56494774791478908:0;-0.74464167272605741:-0.39681837416141585:0,0.87912339896442437:0.33876015306742335:0;-0.71877143492727313:0.52593501156154432:0;0.50567129911273834:-0.51090266160120612:0;-0.66653611594791806:-0.35784796569489152:0,0.1331018315018869:0.038095774266106115:0;-0.11448540281642967:0.058351028112244144:0;0.060858200647544061:-0.054045086313582992:0;-0.078105556778139351:-0.038970408466524338:0,balanced_sqrt,true,true,0.94265650103421883,0.068134825835762886,0.064227736520916137,true,0,false,0.94265650103421883,0.068134825835762886,0.064227736520916137,true,0,false,0.83215187267096102,0.025869858014172496,0.02152765079222551,true,0,false,0.11171716316468247,0.38460747167208631,0.042967255667146459,true,0,false
n4_irregular_f0.8_d2.1,4,irregular,4,0.80000000000000004,2.1000000000000001,0.077221035034531815,-1.4175000000000002:-1.2075:0;0.68249999999999988:-1.2075:0;-0.78750000000000009:1.3125000000000004:0;1.5225000000000002:1.1025:0,4,13,40,10,1.3748008154202318,2.4859107794327772e-17,7.9705312226583744e-21,1.3022775982757249e-16,0,0,1.0663704173061743:0.37909781664171865:0;-0.88532265572937119:0.59302118271267878:0;0.57941364057222089:-0.57039629200201969:0;-0.76001466835259024:-0.40217455587447548:0,0:0:0;0:0:0;0:0:0;0:0:0,1.0663704173061743:0.37909781664171865:0;-0.88532265572937119:0.59302118271267878:0;0.57941364057222089:-0.57039629200201969:0;-0.76001466835259024:-0.40217455587447548:0,0.89524639775331294:0.33996156365939129:0;-0.73328237747087699:0.52756096193355084:0;0.5088883458299468:-0.51194868398752191:0;-0.67127900860906176:-0.35999658317801414:0,0.17112401955286133:0.039136252982327389:0;-0.1520402782584942:0.065460220779127942:0;0.070525294742274119:-0.058447608014497728:0;-0.088735659743528456:-0.042177972696461348:0,balanced_sqrt,true,true,0.97682778877556653,0.040253836141653433,0.039321065747985308,true,0,false,0.97682778877556653,0.040253836141653433,0.039321065747985308,true,0,false,0.84177423368423454,0.013455539237153456,0.011326526230163,true,0,false,0.13807543396165828,0.20303977362236469,0.028034804854384861,true,0,false
n4_irregular_f0.8_d2.1,4,irregular,4,0.80000000000000004,2.1000000000000001,0.077221035034531815,-1.4175000000000002:-1.2075:0;0.68249999999999988:-1.2075:0;-0.78750000000000009:1.3125000000000004:0;1.5225000000000002:1.1025:0,5,13,60,15,1.4334668274838969,2.330217743231143e-17,1.3075685576461463e-22,1.3425490636728921e-16,0,0,1.0966391072147887:0.38024329643437588:0;-0.91557682818254449:0.5962529535273019:0;0.58499197856716367:-0.57253753174256738:0;-0.766386211969737:-0.4036944466717507:0,0:0:0;0:0:0;0:0:0;0:0:0,1.0966391072147887:0.38024329643437588:0;-0.91557682818254449:0.5962529535273019:0;0.58499197856716367:-0.57253753174256738:0;-0.766386211969737:-0.4036944466717507:0,0.90243788017920235:0.34037981670797085:0;-0.7402716578187184:0.52802032845896374:0;0.51004963012047599:-0.51232024101821283:0;-0.67289678969341338:-0.36030260777890288:0,0.19420122703558645:0.039863479726405041:0;-0.17530517036382606:0.068232625068338118:0;0.074942348446687665:-0.060217290724354541:0;-0.093489422276323619:-0.043391838892847839:0,balanced_sqrt,true,true,0.99515484740613336,0.022026314857578694,0.021919594001013173,true,0,false,0.99515484740613336,0.022026314857578694,0.021919594001013173,true,0,false,0.84591531123615493,0.0060610748403530654,0.0051271560100028916,true,0,false,0.15375012921212555,0.10925763433499705,0.016798375396416963,true,0,false
n4_irregular_f0.8_d2.1,4,irregular,4,0.80000000000000004,2.1000000000000001,0.077221035034531815,-1.4175000000000002:-1.2075:0;0.68249999999999988:-1.2075:0;-0.78750000000000009:1.3125000000000004:0;1.5225000000000002:1.1025:0,6,13,84,21,1.4803730790326159,9.1848331517969171e-18,8.2620670649549348e-25,9.6818501498964156e-17,0,0,1.1126301295772265:0.38069189574558826:0;-0.93086578131582887:0.59661812362945421:0;0.58701029791797044:-0.5731299682634593:0;-0.76876380582592185:-0.4042605057189847:0,0:0:0;0:0:0;0:0:0;0:0:0,1.1126301295772265:0.38069189574558826:0;-0.93086578131582887:0.59661812362945421:0;0.58701029791797044:-0.5731299682634593:0;-0.76876380582592185:-0.4042605057189847:0,0.9056633164083101:0.34041008203720491:0;-0.74348273793661468:0.52819838877831427:0;0.51048096113453945:-0.51250093309641565:0;-0.6733204213058045:-0.36038298831095789:0,0.20696681316891644:0.040281813708383352:0;-0.18738304337921421:0.068419734851139946:0;0.076529336783430976:-0.060629035167043661:0;-0.095443384520117386:-0.043877517408026832:0,balanced_sqrt,true,true,1.0040940953183632,0.011136951420823158,0.011182547161495989,true,0,false,1.0040940953183632,0.011136951420823158,0.011182547161495989,true,0,false,0.84769533033320843,0.0027127078496907106,0.0022995497767410544,true,0,false,0.16187869440451078,0.054888015519923145,0.0088852002908196837,true,0,false
n4_irregular_f0.8_d2.1,4,irregular,4,0.80000000000000004,2.1000000000000001,0.077221035034531815,-1.4175000000000002:-1.2075:0;0.68249999999999988:-1.2075:0;-0.78750000000000009:1.3125000000000004:0;1.5225000000000002:1.1025:0,7,13,112,28,1.5166506845730467,1.6729091850946947e-17,1.233625861230414e-26,1.1513135684492314e-16,0,0,1.1205577169536125:0.3808233157942279:0;-0.93861749040452513:0.5968681057383014:0;0.58769072766516628:-0.57329129172739723:0;-0.7695750954679762:-0.40445153236434028:0,0:0:0;0:0:0;0:0:0;0:0:0,1.1205577169536125:0.3808233157942279:0;-0.93861749040452513:0.5968681057383014:0;0.58769072766516628:-0.57329129172739723:0;-0.7695750954679762:-0.40445153236434028:0,0.90709003139903499:0.34042541155379719:0;-0.74488840307592352:0.52825678287790778:0;0.51062070812208737:-0.51256087740700129:0;-0.67346370224997509:-0.36042898840649512:0,0.21346768555457749:0.040397904240430715:0;-0.19372908732860164:0.068611322860393592:0;0.077070019543078891:-0.060730414320395928:0;-0.096111393218001093:-0.044022543957845141:0,balanced_sqrt,true,true,1.008439449095508,0.0055255992512385603,0.0055722322648415652,true,0,false,1.008439449095508,0.0055255992512385603,0.0055722322648415652,true,0,false,0.8484589445182219,0.0011875344073653243,0.0010075741898522552,true,0,false,0.16601375828797765,0.027497190249136421,0.00456491189561867,true,0,false
n4_irregular_f0.8_d2.1,4,irregular,4,0.80000000000000004,2.1000000000000001,0.077221035034531815,-1.4175000000000002:-1.2075:0;0.68249999999999988:-1.2075:0;-0.78750000000000009:1.3125000000000004:0;1.5225000000000002:1.1025:0,8,13,144,36,1.5440184302789024,1.417672034400189e-17,2.565003645493533e-28,1.5805944066378785e-16,6.1419314895376073e-17,0,1.1243351311838949:0.38085424229447989:0;-0.94241504389165587:0.59698175136907494:0;0.58791583578012041:-0.57334502841573676:0;-0.76982698620754431:-0.40448904869583918:0,0:0:0;0:0:0;0:0:0;0:0:0,1.1243351311838949:0.38085424229447989:0;-0.94241504389165587:0.59698175136907494:0;0.58791583578012041:-0.57334502841573676:0;-0.76982698620754431:-0.40448904869583918:0,0.9076945911131975:0.34043658477962513:0;-0.7454874781998414:0.52827248851380937:0;0.51066084115790433:-0.51257749368794947:0;-0.67351230538860296:-0.36043775849238474:0,0.2166405400706975:0.040417657514854793:0;-0.19692756569181449:0.068709262855265615:0;0.07725499462221605:-0.060767534727787328:0;-0.09631468081894129:-0.044051290203454462:0,balanced_sqrt,true,true,1.0104859348708599,0.0026564766891933891,0.0026843323307422285,true,0,false,1.0104859348708599,0.0026564766891933891,0.0026843323307422285,true,0,false,0.84877475313688278,0.00050299702006393948,0.00042693117153335791,true,0,false,0.16803734774845774,0.013434438584593153,0.0022574874282445781,true,0,false
n4_irregular_f0.8_d2.1,4,irregular,4,0.80000000000000004,2.1000000000000001,0.077221035034531815,-1.4175000000000002:-1.2075:0;0.68249999999999988:-1.2075:0;-0.78750000000000009:1.3125000000000004:0;1.5225000000000002:1.1025:0,9,13,180,45,1.5642554638164352,1.2327405986599045e-17,1.6044542650040797e-30,7.3633948993158342e-17,0,0,1.1261398406388379:0.38086003164349275:0;-0.94422371625559021:0.59699559493561971:0;0.58798603520657267:-0.57336135857339254:0;-0.76990030698868295:-0.40449572760000502:0,0:0:0;0:0:0;0:0:0;0:0:0,1.1261398406388379:0.38086003164349275:0;-0.94422371625559021:0.59699559493561971:0;0.58798603520657267:-0.57336135857339254:0;-0.76990030698868295:-0.40449572760000502:0,0.90795116513462815:0.34043927093126702:0;-0.74574298932533556:0.52827640512634755:0;0.51067192113706983:-0.51258289730962503:0;-0.67352493803136182:-0.3604394917191549:0,0.21818867550420976:0.040420760712225702:0;-0.19848072693025465:0.068719189809272122:0;0.077314114069502823:-0.060778461263767521:0;-0.09637536895732117:-0.044056235880850128:0,balanced_sqrt,true,true,1.0114397624847213,0.0012641231320340174,0.0012785844004159286,true,0,false,1.0114397624847213,0.0012641231320340174,0.0012785844004159286,true,0,false,0.84890551429409877,0.00021354841365659534,0.00018128242592184101,true,0,false,0.16901014708829887,0.0064926404619269872,0.0010973221194617209,true,0,false
n4_irregular_f0.8_d2.1,4,irregular,4,0.80000000000000004,2.1000000000000001,0.077221035034531815,-1.4175000000000002:-1.2075:0;0.68249999999999988:-1.2075:0;-0.78750000000000009:1.3125000000000004:0;1.5225000000000002:1.1025:0,10,13,220,55,1.5789500345818024,2.6547071423767305e-17,1.8895734952262742e-32,2.3949745959715655e-16,0,0,1.1270142567846566:0.38086275294550492:0;-0.94509700696589016:0.59699968128695569:0;0.58800725107748586:-0.57336624626574317:0;-0.76992297169253643:-0.40449850261392162:0,0:0:0;0:0:0;0:0:0;0:0:0,1.1270142567846566:0.38086275294550492:0;-0.94509700696589016:0.59699968128695569:0;0.58800725107748586:-0.57336624626574317:0;-0.76992297169253643:-0.40449850261392162:0,0.9080619536214326:0.34044009110982393:0;-0.74585339746628343:0.5282777482956954:0;0.51067516488073117:-0.51258507748336068:0;-0.67352861608016901:-0.36044067720069062:0,0.21895230316322403:0.040422661835681016:0;-0.19924360949960673:0.068721932991260268:0;0.077332086196754662:-0.060781168782382516:0;-0.09639435561236738:-0.044057825413231007:0,balanced_sqrt,true,true,1.011896282264523,0.00061084720715111698,0.00061811401794788223,true,0,false,1.011896282264523,0.00061084720715111698,0.00061811401794788223,true,0,false,0.84896135089448432,9.2179883981474459e-05,7.8257158830209394e-05,true,0,false,0.16948627411903469,0.0031853085148817483,0.00053986607210694331,true,0,false
n4_irregular_f0.8_d2.1,4,irregular,4,0.80000000000000004,2.1000000000000001,0.077221035034531815,-1.4175000000000002:-1.2075:0;0.68249999999999988:-1.2075:0;-0.78750000000000009:1.3125000000000004:0;1.5225000000000002:1.1025:0,11,13,264,66,1.589433362091865,2.1645088574944669e-17,6.0056300808382531e-35,1.40231959775695e-16,0,0,1.1274403823626076:0.38086432086569211:0;-0.94552354145753248:0.59700252547815491:0;0.58801377715989411:-0.57336795724152501:0;-0.76993025551507432:-0.40449934656667758:0,0:0:0;0:0:0;0:0:0;0:0:0,1.1274403823626076:0.38086432086569211:0;-0.94552354145753248:0.59700252547815491:0;0.58801377715989411:-0.57336795724152501:0;-0.76993025551507432:-0.40449934656667758:0,0.90811020565911871:0.34044051088561267:0;-0.74590157447248673:0.52827828636481333:0;0.51067618014097604:-0.51258597186445087:0;-0.67352988573473671:-0.36044106866398123:0,0.21933017670348887:0.040423809980079446:0;-0.19962196698504575:0.068724239113341606:0;0.077337597018918069:-0.060781985377074174:0;-0.096400369780337655:-0.044058277902696334:0,balanced_sqrt,true,true,1.0121177754860917,0.00029789658717175097,0.00030150643113317121,true,0,false,1.0121177754860917,0.00029789658717175097,0.00030150643113317121,true,0,false,0.84898554230806322,4.0174670511046451e-05,3.4107714430868527e-05,true,0,false,0.16972144706500131,0.0015755387371025789,0.00026740271436801437,true,0,false
n4_irregular_f0.8_d2.1,4,irregular,4,0.80000000000000004,2.1000000000000001,0.077221035034531815,-1.4175000000000002:-1.2075:0;0.68249999999999988:-1.2075:0;-0.78750000000000009:1.3125000000000004:0;1.5225000000000002:1.1025:0,12,13,312,78,1.5967844922953627,2.4955047330927748e-17,4.6518936348188598e-37,2.5912248423797763e-16,0,0,1.1276495646663185:0.38086484721002284:0;-0.94573283698751454:0.59700314136610033:0;0.5880157998862291:-0.57336858712431404:0;-0.7699324480678521:-0.40449952362732833:0,0:0:0;0:0:0;0:0:0;0:0:0,1.1276495646663185:0.38086484721002284:0;-0.94573283698751454:0.59700314136610033:0;0.5880157998862291:-0.57336858712431404:0;-0.7699324480678521:-0.40449952362732833:0,0.90813151179591112:0.34044067231796749:0;-0.7459228682583694:0.52827847214842927:0;0.5106764974625948:-0.51258633079414229:0;-0.67353026482672884:-0.36044118492149591:0,0.21951805287040735:0.04042417489205534:0;-0.19980996872914514:0.068724669217671105:0;0.077339302423634251:-0.060782256330171716:0;-0.09640218324112329:-0.044058338705832409:0,balanced_sqrt,true,true,1.0122258738924284,0.00014617557238811064,0.00014796269650228121,true,0,false,1.0122258738924284,0.00014617557238811064,0.00014796269650228121,true,0,false,0.8489961514362343,1.7744556066781103e-05,1.5065059809641639e-05,true,0,false,0.16983798289949212,0.00078250527746175687,0.00013289911793231221,true,0,false
n4_irregular_f0.8_d2.1,4,irregular,4,0.80000000000000004,2.1000000000000001,0.077221035034531815,-1.4175000000000002:-1.2075:0;0.68249999999999988:-1.2075:0;-0.78750000000000009:1.3125000000000004:0;1.5225000000000002:1.1025:0,13,13,364,91,1.601853193249908,1.7974645569788424e-17,2.3957131523996459e-39,2.7472126391764761e-16,0,0,1.1277533724870841:0.3808650090785628:0;-0.9458366351043388:0.59700330747767827:0;0.58801642114581987:-0.57336882368998143:0;-0.7699331081102786:-0.4044996008591884:0,0:0:0;0:0:0;0:0:0;0:0:0,1.1277533724870841:0.3808650090785628:0;-0.9458366351043388:0.59700330747767827:0;0.58801642114581987:-0.57336882368998143:0;-0.7699331081102786:-0.4044996008591884:0,0.90814109186805603:0.34044073339139869:0;-0.74593244348948118:0.52827854117439166:0;0.51067659507945684:-0.5125864824136831:0;-0.67353038470770454:-0.36044124903029795:0,0.21961228061902802:0.040424275687164092:0;-0.19990419161485756:0.068724766303286652:0;0.077339826066362999:-0.060782341276298307:0;-0.096402723402574095:-0.044058351828890466:0,balanced_sqrt,true,true,1.0122793279670339,7.2510993233532213e-05,7.3401379500662135e-05,true,0,false,1.0122793279670339,7.2510993233532213e-05,7.3401379500662135e-05,true,0,false,0.84900090147907381,7.978225480058858e-06,6.7735206247732868e-06,true,0,false,0.16989630686426704,0.00039217140387934498,6.6628473176875598e-05,true,0,false
n4_linear_f0.1_d3.0,4,linear,1,0.10000000000000001,3,0.0034000806868721262,-4.5:0:0;-1.5:0:0;1.5:0:0;4.5:0:0,2,11,12,3,1.0069668653369037,4.6433713447939003e-17,1.4308848523571396e-17,1.3458784044206565e-16,0,0,0.0025559463635311847:1.5694648632005007e-22:0;0.00015725003684157683:2.9042947293525268e-19:0;-0.00015725003684157745:3.0970773300489886e-19:0;-0.0025559463635311838:3.1300360921761988e-19:0,0:0:0;0:0:0;0:0:0;0:0:0,0.0025559463635311847:1.5694648632005007e-22:0;0.00015725003684157683:2.9042947293525268e-19:0;-0.00015725003684157745:3.0970773300489886e-19:0;-0.0025559463635311838:3.1300360921761988e-19:0,0.0025500839257622337:1.4386761246004591e-22:0;0.00015660115380791991:2.8923112111782982e-19:0;-0.00015660115380792053:3.0843009051469969e-19:0;-0.0025500839257622328:3.1229735002917966e-19:0,5.8624377689508789e-06:1.3078873860004174e-23:0;6.4888303365690901e-07:1.1983518174228825e-21:0;-6.4888303365691133e-07:1.2776424901991578e-21:0;-5.8624377689508789e-06:7.0625918844022547e-22:0,balanced_sqrt,true,true,0.0018107442375077383,0,0,false,8,true,0.0018107442375077383,0,0,false,8,true,0.0018065785271895733,0,0,false,7,true,4.1706849429194208e-06,0,0,false,11,true
n4_linear_f0.1_d3.0,4,linear,1,0.10000000000000001,3,0.0034000806868721262,-4.5:0:0;-1.5:0:0;1.5:0:0;4.5:0:0,3,11,24,6,1.0077059345841237,3.3123691175467729e-17,2.9639143442679309e-17,1.4803275509997597e-16,0,0,0.0025627225163970691:1.0475894599635256e-22:0;0.00015842485194235908:2.9067370372032096e-19:0;-0.00015842485194236014:3.1019028244558623e-19:0;-0.0025627225163970691:3.1395051346458258e-19:0,0:0:0;0:0:0;0:0:0;0:0:0,0.0025627225163970691:1.0475894599635256e-22:0;0.00015842485194235908:2.9067370372032096e-19:0;-0.00015842485194236014:3.1019028244558623e-19:0;-0.0025627225163970691:3.1395051346458258e-19:0,0.0025541780172628021:1.0466443671120986e-22:0;0.00015744957647256821:2.8964460084516976e-19:0;-0.00015744957647256927:3.0903542914207893e-19:0;-0.0025541780172628021:3.1290339699875633e-19:0,8.5444991342669887e-06:9.450928514269953e-26:0;9.7527546979087473e-07:1.029102875151202e-21:0;-9.7527546979088108e-07:1.1548533035073062e-21:0;-8.5444991342669887e-06:1.0471164658262661e-21:0,balanced_sqrt,true,true,0.001815577749610504,0.0026784550871811461,4.8629434596171514e-06,true,8,true,0.001815577749610504,0.0026784550871811461,4.8629434596171514e-06,true,8,true,0.0018095048650114112,0.001633854691931903,2.956468013772499e-06,true,7,true,6.0811030125078933e-06,0.31416921823321226,1.9104953794352369e-06,true,11,true
n4_linear_f0.1_d3.0,4,linear,1,0.10000000000000001,3,0.0034000806868721262,-4.5:0:0;-1.5:0:0;1.5:0:0;4.5:0:0,4,11,40,10,1.0077423104598624,2.4951258682172626e-17,3.6780023431458939e-18,1.3531492273228493e-16,0,0,0.002564045368120453:5.2550142707367952e-23:0;0.00015829630227356492:2.9116591382500311e-19:0;-0.00015829630227356459:3.1055562786130525e-19:0;-0.0025640453681204534:3.1406040503081191e-19:0,0:0:0;0:0:0;0:0:0;0:0:0,0.002564045368120453:5.2550142707367952e-23:0;0.00015829630227356492:2.9116591382500311e-19:0;-0.00015829630227356459:3.1055562786130525e-19:0;-0.0025640453681204534:3.1406040503081191e-19:0,0.0025547530129676407:3.9263645524243541e-23:0;0.00015729803643210771:2.898769552092814e-19:0;-0.00015729803643210738:3.0913883462089077e-19:0;-0.0025547530129676412:3.1292170709481391e-19:0,9.2923551528121666e-06:1.3286497183124414e-23:0;9.982658414572141e-07:1.2889586157216917e-21:0;-9.9826584145721198e-07:1.4167932404144898e-21:0;-9.2923551528121666e-06:1.138697935997994e-21:0,balanced_sqrt,true,true,0.0018165057623213633,0.000517368919185652,9.3980362294671252e-07,true,8,true,0.0018165057623213633,0.000517368919185652,9.3980362294671252e-07,true,8,true,0.0018099040899357949,0.00023231433880437549,4.2046667195276913e-07,true,7,true,6.6084944948231255e-06,0.08005815576173915,5.2906388161714545e-07,true,11,true
n4_linear_f0.1_d3.0,4,linear,1,0.10000000000000001,3,0.0034000806868721262,-4.5:0:0;-1.5:0:0;1.5:0:0;4.5:0:0,5,11,60,15,1.0077855739956052,3.7042193978829942e-17,3.3068427777539857e-20,1.446531496207276e-16,0,0,0.0025642789041323277:3.1452173935502776e-22:0;0.00015833448850534327:2.9118746363067396e-19:0;-0.00015833448850534362:3.1078747001869062e-19:0;-0.0025642789041323264:3.1423842746945014e-19:0,0:0:0;0:0:0;0:0:0;0:0:0,0.0025642789041323277:3.1452173935502776e-22:0;0.00015833448850534327:2.9118746363067396e-19:0;-0.00015833448850534362:3.1078747001869062e-19:0;-0.0025642789041323264:3.1423842746945014e-19:0,0.0025548183491504463:2.8803255599586505e-22:0;0.00015733045940116109:2.8992155573566817e-19:0;-0.00015733045940116141:3.09397808688979e-19:0;-0.002554818349150445:3.1309194544944314e-19:0,9.4605549818812715e-06:2.6489183359162691e-23:0;1.0040291041821893e-06:1.2659078950057981e-21:0;-1.0040291041821917e-06:1.3896613297116438e-21:0;-9.4605549818812715e-06:1.1464820200070048e-21:0,balanced_sqrt,true,true,0.0018166722473286611,9.210682200428101e-05,1.6732790732481816e-07,true,8,true,0.0018166722473286611,9.210682200428101e-05,1.6732790732481816e-07,true,8,true,0.0018099516113160581,2.8495516678145873e-05,5.1575506326893731e-08,true,7,true,6.7271901640745754e-06,0.01769015505249567,1.1900503707010303e-07,true,11,true
n4_linear_f0.1_d3.0,4,linear,1,0.10000000000000001,3,0.0034000806868721262,-4.5:0:0;-1.5:0:0;1.5:0:0;4.5:0:0,6,11,84,21,1.007787083017857,1.9217838234092409e-17,1.6806043153840113e-21,1.4863226892655281e-16,0,0,0.0025643118476586977:1.0466422738367392e-22:0;0.0001583289064721399:2.9112517021834419e-19:0;-0.00015832890647214068:3.1046302119505925e-19:0;-0.0025643118476586977:3.142423884973318e-19:0,0:0:0;0:0:0;0:0:0;0:0:0,0.0025643118476586977:1.0466422738367392e-22:0;0.0001583289064721399:2.9112517021834419e-19:0;-0.00015832890647214068:3.1046302119505925e-19:0;-0.0025643118476586977:3.142423884973318e-19:0,0.0025548183586435839:1.0469042613945208e-22:0;0.00015732463904201446:2.8986634366615879e-19:0;-0.00015732463904201524:3.0905987395099646e-19:0;-0.0025548183586435839:3.1307886207471682e-19:0,9.493489015113795e-06:-2.6198755778163526e-26:0;1.0042674301254431e-06:1.2588265521853953e-21:0;-1.004267430125448e-06:1.4031472440627935e-21:0;-9.4934890151137967e-06:1.1635264226149686e-21:0,balanced_sqrt,true,true,0.0018166952543929083,1.3005278199127595e-05,2.3626627186414651e-08,true,8,true,0.0018166952543929083,1.3005278199127595e-05,2.3626627186414651e-08,true,8,true,0.001809951365052663,2.273884489441313e-06,4.1156208956108963e-09,true,7,true,6.7503661660422933e-06,0.0034499592171758024,2.3288487973849294e-08,true,11,true
n4_linear_f0.1_d3.0,4,linear,1,0.10000000000000001,3,0.0034000806868721262,-4.5:0:0;-1.5:0:0;1.5:0:0;4.5:0:0,7,11,112,28,1.007788856711533,4.501638574429949e-17,6.2352793145758314e-24,3.485279875667284e-16,5.6869534245232865e-38,0,0.0025643197604943036:6.9598078325614388e-26:0;0.00015832995650524696:2.9099225921965319e-19:0;-0.00015832995650524672:3.1067093071644573e-19:0;-0.0025643197604943058:3.1408563884046676e-19:0,0:0:0;0:0:0;0:0:0;0:0:0,0.0025643197604943036:6.9598078325614388e-26:0;0.00015832995650524696:2.9099225921965319e-19:0;-0.00015832995650524672:3.1067093071644573e-19:0;-0.0025643197604943058:3.1408563884046676e-19:0,0.0025548203347684315:2.617162600988805e-23:0;0.00015732562477006767:2.8971378805855678e-19:0;-0.00015732562477006743:3.0928127932236498e-19:0;-0.0025548203347684336:3.1290865422773634e-19:0,9.4994257258721408e-06:-2.6102027931562435e-23:0;1.0043317351792812e-06:1.2784711610963928e-21:0;-1.0043317351792789e-06:1.3896513940807418e-21:0;-9.499425725872151e-06:1.1769846127304444e-21:0,balanced_sqrt,true,true,0.0018167008847342649,3.1068783437796927e-06,5.6442686359062953e-09,true,8,true,0.0018167008847342649,3.1068783437796927e-06,5.6442686359062953e-09,true,8,true,0.0018099528025829262,8.6274424847700333e-07,1.5615263704432526e-09,true,7,true,6.7545455567214061e-06,0.0006215273338210463,4.1981346910418504e-09,true,11,true
n4_linear_f0.1_d3.0,4,linear,1,0.10000000000000001,3,0.0034000806868721262,-4.5:0:0;-1.5:0:0;1.5:0:0;4.5:0:0,8,11,144,36,1.0077889095340189,8.999911253116397e-17,6.2050005333684154e-25,5.8844873911443082e-16,1.617621687766249e-36,0,0.0025643207562201322:5.2644252046421005e-23:0;0.00015832979971498019:2.9117627248412544e-19:0;-0.00015832979971498078:3.1048802799986415e-19:0;-0.0025643207562201335:3.1403345210317398e-19:0,0:0:0;0:0:0;0:0:0;0:0:0,0.0025643207562201322:5.2644252046421005e-23:0;0.00015832979971498019:2.9117627248412544e-19:0;-0.00015832979971498078:3.1048802799986415e-19:0;-0.0025643207562201335:3.1403345210317398e-19:0,0.0025548203350543:3.9242698422153882e-23:0;0.00015732546716674525:2.8990400272237195e-19:0;-0.00015732546716674584:3.0909179212409126e-19:0;-0.0025548203350543013:3.1286946954663089e-19:0,9.5004211658323515e-06:1.3401553624267126e-23:0;1.0043325482349301e-06:1.2722697617534741e-21:0;-1.0043325482349339e-06:1.3962358757729191e-21:0;-9.5004211658323566e-06:1.1639825565430627e-21:0,balanced_sqrt,true,true,0.0018167015806481784,3.9233731299920853e-07,7.1275981667292123e-10,true,8,true,0.0018167015806481784,3.9233731299920853e-07,7.1275981667292123e-10,true,8,true,0.0018099527959350493,6.1572081269199399e-08,1.1144256105405115e-10,true,7,true,6.7552455986307208e-06,0.00010419792598811756,7.0388258091768076e-10,true,11,true
n4_linear_f0.1_d3.0,4,linear,1,0.10000000000000001,3,0.0034000806868721262,-4.5:0:0;-1.5:0:0;1.5:0:0;4.5:0:0,9,11,180,45,1.0077889709442585,4.4165481586898104e-17,2.0395816639080639e-27,3.7633730408004378e-16,0,0,0.002564320965008921:5.2463473979841285e-23:0;0.00015832982480844829:2.9101899101990477e-19:0;-0.00015832982480844853:3.1033106274805294e-19:0;-0.0025643209650089219:3.1424306791266679e-19:0,0:0:0;0:0:0;0:0:0;0:0:0,0.002564320965008921:5.2463473979841285e-23:0;0.00015832982480844829:2.9101899101990477e-19:0;-0.00015832982480844853:3.1033106274805294e-19:0;-0.0025643209650089219:3.1424306791266679e-19:0,0.002554820383765288:3.9296017802600708e-23:0;0.00015732549148337601:2.8973784637559444e-19:0;-0.00015732549148337626:3.08939243081928e-19:0;-0.0025548203837652888:3.1307884504513822e-19:0,9.5005812436330572e-06:1.3167456177240579e-23:0;1.0043333250722825e-06:1.2811446443103179e-21:0;-1.0043333250722836e-06:1.3918196661249315e-21:0;-9.5005812436330588e-06:1.1642228675285555e-21:0,balanced_sqrt,true,true,0.0018167017290970139,8.1850761659224226e-08,1.4869842023422023e-10,true,8,true,0.0018167017290970139,8.1850761659224226e-08,1.4869842023422023e-10,true,8,true,0.0018099528313706272,2.1269689795727908e-08,3.8497135268152661e-11,true,7,true,6.7553582212464134e-06,1.6756096055722845e-05,1.1319343124602193e-10,true,11,true
n4_linear_f0.1_d3.0,4,linear,1,0.10000000000000001,3,0.0034000806868721262,-4.5:0:0;-1.5:0:0;1.5:0:0;4.5:0:0,10,11,220,55,1.0077889726440352,6.4697324683178691e-17,6.9527665303093284e-29,5.926727783567569e-16,0,0,0.0025643209895764062:2.3821222113419817e-25:0;0.00015832982115589344:2.9128086311025963e-19:0;-0.00015832982115589314:3.1067165984020635e-19:0;-0.0025643209895764066:3.144001263784539e-19:0,0:0:0;0:0:0;0:0:0;0:0:0,0.0025643209895764062:2.3821222113419817e-25:0;0.00015832982115589344:2.9128086311025963e-19:0;-0.00015832982115589314:3.1067165984020635e-19:0;-0.0025643209895764066:3.144001263784539e-19:0,0.0025548203837765988:2.6783043005053963e-26:0;0.00015732548786094317:2.8996818468164037e-19:0;-0.00015732548786094288:3.0928622712363265e-19:0;-0.0025548203837765992:3.1322272546349965e-19:0,9.5006057998074372e-06:2.1142917812914421e-25:0;1.0043332949502781e-06:1.3126784286192764e-21:0;-1.004333294950276e-06:1.3854327165736959e-21:0;-9.5006057998074389e-06:1.1774009149542593e-21:0,balanced_sqrt,true,true,0.0018167017462766663,9.6673986024273626e-09,1.7562779922982393e-11,true,8,true,0.0018167017462766663,9.6673986024273626e-09,1.7562779922982393e-11,true,8,true,0.0018099528312211747,1.4152078761333028e-09,2.5614595023854835e-12,true,7,true,6.755375486628423e-06,2.5703753288172151e-06,1.7363850487726286e-11,true,11,true
n4_linear_f0.1_d3.0,4,linear,1,0.10000000000000001,3,0.0034000806868721262,-4.5:0:0;-1.5:0:0;1.5:0:0;4.5:0:0,11,11,264,66,1.0077889745827973,2.4681214288456293e-17,5.9067575970362367e-31,1.7201771785393748e-16,0,0,0.0025643209943161664:1.0471648704544348e-22:0;0.00015832982169582089:2.9117614480225616e-19:0;-0.00015832982169581799:3.1022616107434799e-19:0;-0.002564320994316166:3.1434804433832286e-19:0,0:0:0;0:0:0;0:0:0;0:0:0,0.0025643209943161664:1.0471648704544348e-22:0;0.00015832982169582089:2.9117614480225616e-19:0;-0.00015832982169581799:3.1022616107434799e-19:0;-0.002564320994316166:3.1434804433832286e-19:0,0.0025548203848326421:6.5527769381673727e-23:0;0.00015732548838816743:2.8990031930914635e-19:0;-0.00015732548838816453:3.0879075198921719e-19:0;-0.0025548203848326416:3.1320973976836587e-19:0,9.5006094835245734e-06:3.9188717663769749e-23:0;1.0043333076534659e-06:1.2758254931098172e-21:0;-1.0043333076534475e-06:1.435409085130779e-21:0;-9.50060948352457e-06:1.1383045699569643e-21:0,balanced_sqrt,true,true,0.0018167017496453402,1.8567668609602341e-09,3.3731916049899434e-12,true,8,true,0.0018167017496453402,1.8567668609602341e-09,3.3731916049899434e-12,true,8,true,0.0018099528319894117,4.6112960119468591e-10,8.3462282759646981e-13,true,7,true,6.7553780779205526e-06,3.8558861147011641e-07,2.6047968530210496e-12,true,11,true
n4_linear_f0.1_d2.1,4,linear,2,0.10000000000000001,2.1000000000000001,0.0096598744644465964,-3.1500000000000004:0:0;-1.05:0:0;1.05:0:0;3.1500000000000004:0:0,2,13,12,3,1.0234328928864307,4.0761174590707691e-17,2.4585583659067873e-17,1.282611719726434e-16,0,0,0.010660368869615813:8.3704792704026712e-22:0;0.00062753910935636975:1.2242349087918307e-18:0;-0.00062753910935636726:1.3023681012314956e-18:0;-0.010660368869615813:1.3071549690642573e-18:0,0:0:0;0:0:0;0:0:0;0:0:0,0.010660368869615813:8.3704792704026712e-22:0;0.00062753910935636975:1.2242349087918307e-18:0;-0.00062753910935636726:1.3023681012314956e-18:0;-0.010660368869615813:1.3071549690642573e-18:0,0.01059102741871196:8.3704792704026712e-22:0;0.00062017141712082907:1.2098808447304762e-18:0;-0.00062017141712082658:1.2870821674076157e-18:0;-0.01059102741871196:1.2986798588029747e-18:0,6.9341450903853235e-05:0:0;7.3676922355407218e-06:1.4354064061354578e-20:0;-7.3676922355406904e-06:1.528593382387988e-20:0;-6.9341450903853235e-05:8.4751102612827045e-21:0,balanced_sqrt,true,true,0.0075510684598289034,0,0,false,12,true,0.0075510684598289034,0,0,false,12,true,0.0075018155925923088,0,0,false,11,true,4.930780720296298e-05,0,0,false,0,false
n4_linear_f0.1_d2.1,4,linear,2,0.10000000000000001,2.1000000000000001,0.0096598744644465964,-3.1500000000000004:0:0;-1.05:0:0;1.05:0:0;3.1500000000000004:0:0,3,13,24,6,1.0342968747598049,4.5129948281289933e-17,1.1327033881493633e-17,1.5461090884414044e-16,0,0,0.010816495211080303:3.3272299825548809e-21:0;0.00067300965629347271:1.2305689856809806e-18:0;-0.00067300965629347445:1.3113564982687855e-18:0;-0.010816495211080303:1.3246229015843175e-18:0,0:0:0;0:0:0;0:0:0;0:0:0,0.010816495211080303:3.3272299825548809e-21:0;0.00067300965629347271:1.2305689856809806e-18:0;-0.00067300965629347445:1.3113564982687855e-18:0;-0.010816495211080303:1.3246229015843175e-18:0,0.010678974188417623:3.1941884549845482e-21:0;0.00065705703901213939:1.2204409648490559e-18:0;-0.00065705703901214113:1.2992819057972236e-18:0;-0.010678974188417623:1.3077930657992647e-18:0,0.00013752102266267977:1.3304152757033266e-22:0;1.5952617281333327e-05:1.012802083192464e-20:0;-1.5952617281333367e-05:1.2074592471561784e-20:0;-0.0001375210226626798:1.6829835785052952e-20:0,balanced_sqrt,true,true,0.007663207900376558,0.015004785759081204,0.00011498479277244874,true,12,true,0.007663207900376558,0.015004785759081204,0.00011498479277244874,true,12,true,0.0075654548333000185,0.0089136523112856806,6.7435833960772138e-05,true,11,true,9.7894120539269316e-05,0.49636198143525861,4.8590919641733765e-05,true,0,false
n4_linear_f0.1_d2.1,4,linear,2,0.10000000000000001,2.1000000000000001,0.0096598744644465964,-3.1500000000000004:0:0;-1.05:0:0;1.05:0:0;3.1500000000000004:0:0,4,13,40,10,1.0374952949341774,2.9668985198128907e-17,5.8637681996611739e-19,1.3029998386839328e-16,0,0,0.01086051775926679:3.0923560407616081e-21:0;0.00065691376596809371:1.2514361885815864e-18:0;-0.00065691376596809252:1.331190186428229e-18:0;-0.010860517759266787:1.3324091190660108e-18:0,0:0:0;0:0:0;0:0:0;0:0:0,0.01086051775926679:3.0923560407616081e-21:0;0.00065691376596809371:1.2514361885815864e-18:0;-0.00065691376596809252:1.331190186428229e-18:0;-0.010860517759266787:1.3324091190660108e-18:0,0.010683996055723601:3.0391701093964517e-21:0;0.00064025915732874878:1.2270833358542933e-18:0;-0.0006402591573287477:1.3049080926004909e-18:0;-0.010683996055723597:1.3107109811167265e-18:0,0.00017652170354318946:5.3185931365156389e-23:0;1.665460863934491e-05:2.4352852727292984e-20:0;-1.6654608639344873e-05:2.6282093827738005e-20:0;-0.00017652170354318943:2.1698137949284337e-20:0,balanced_sqrt,true,true,0.0076935811458405928,0.004308019522170671,3.3144097771685475e-05,true,12,true,0.0076935811458405928,0.004308019522170671,3.3144097771685475e-05,true,12,true,0.0075682793126066886,0.0016380656044074559,1.239733802652952e-05,true,11,true,0.00012537401606935826,0.21999863876999204,2.7582112872385925e-05,true,0,false
n4_linear_f0.1_d2.1,4,linear,2,0.10000000000000001,2.1000000000000001,0.0096598744644465964,-3.1500000000000004:0:0;-1.05:0:0;1.05:0:0;3.1500000000000004:0:0,5,13,60,15,1.0434112113909069,3.5130638350214229e-17,4.3519477722490741e-22,1.4367834869994692e-16,0,0,0.010893816152102867:2.3647049384078433e-21:0;0.00066495574827052937:1.2524449017762528e-18:0;-0.00066495574827052937:1.3349952464038237e-18:0;-0.010893816152102867:1.3389506342501458e-18:0,0:0:0;0:0:0;0:0:0;0:0:0,0.010893816152102867:2.3647049384078433e-21:0;0.00066495574827052937:1.2524449017762528e-18:0;-0.00066495574827052937:1.3349952464038237e-18:0;-0.010893816152102867:1.3389506342501458e-18:0,0.010698292523054495:2.3586190459814766e-21:0;0.00064730674514078897:1.2313946817871853e-18:0;-0.00064730674514078897:1.3117941689034314e-18:0;-0.010698292523054495:1.3148516616810252e-18:0,0.00019552362904837116:6.0858924263666063e-24:0;1.7649003129740431e-05:2.1050219989067441e-20:0;-1.7649003129740445e-05:2.3201077500392343e-20:0;-0.00019552362904837116:2.4098972569120708e-20:0,balanced_sqrt,true,true,0.0077174282148580863,0.0031386716953654592,2.422247349898986e-05,true,12,true,0.0077174282148580863,0.0031386716953654592,2.422247349898986e-05,true,12,true,0.0075786697028947135,0.0014871610712208151,1.1270702553785639e-05,true,11,true,0.0001388181847376608,0.09692372800249513,1.3454775979313156e-05,true,0,false
n4_linear_f0.1_d2.1,4,linear,2,0.10000000000000001,2.1000000000000001,0.0096598744644465964,-3.1500000000000004:0:0;-1.05:0:0;1.05:0:0;3.1500000000000004:0:0,6,13,84,21,1.0452292083502166,2.0275594932813698e-17,2.0996984204148777e-22,1.6893853580024272e-16,0,0,0.010901368141659382:6.2150479293159592e-21:0;0.00066219435586929005:1.2511622160595641e-18:0;-0.0006621943558692869:1.331940503119673e-18:0;-0.01090136814165938:1.3373116762871711e-18:0,0:0:0;0:0:0;0:0:0;0:0:0,0.010901368141659382:6.2150479293159592e-21:0;0.00066219435586929005:1.2511622160595641e-18:0;-0.0006621943558692869:1.331940503119673e-18:0;-0.01090136814165938:1.3373116762871711e-18:0,0.010698363777941807:6.0261902271424081e-21:0;0.00064469626344327777:1.2263861128753112e-18:0;-0.00064469626344327473:1.3050956877152837e-18:0;-0.010698363777941805:1.3123383482706077e-18:0,0.00020300436371757473:1.8885770217355145e-22:0;1.7498092426012228e-05:2.4776103184252931e-20:0;-1.7498092426012133e-05:2.6844815404389302e-20:0;-0.00020300436371757473:2.497332801656337e-20:0,balanced_sqrt,true,true,0.0077226397276103477,0.00073625762259069377,5.6858523659748375e-06,true,12,true,0.0077226397276103477,0.00073625762259069377,5.6858523659748375e-06,true,12,true,0.0075786087376666636,0.00024365448011957753,1.8465768264568045e-06,true,11,true,0.00014407802560926255,0.036721453006958817,5.2907544467459442e-06,true,0,false
n4_linear_f0.1_d2.1,4,linear,2,0.10000000000000001,2.1000000000000001,0.0096598744644465964,-3.1500000000000004:0:0;-1.05:0:0;1.05:0:0;3.1500000000000004:0:0,7,13,112,28,1.0484006955315044,4.6314443581328629e-17,8.5452816409304239e-25,1.9642323374604613e-16,0,0,0.010906293541286279:1.0177950784893724e-20:0;0.0006632530553047336:1.2547737185129705e-18:0;-0.00066325305530473533:1.3382885176639543e-18:0;-0.010906293541286281:1.3401238210057153e-18:0,0:0:0;0:0:0;0:0:0;0:0:0,0.010906293541286279:1.0177950784893724e-20:0;0.0006632530553047336:1.2547737185129705e-18:0;-0.00066325305530473533:1.3382885176639543e-18:0;-0.010906293541286281:1.3401238210057153e-18:0,0.010700242834095373:9.9030398520097335e-21:0;0.00064561891209596867:1.2307158195003813e-18:0;-0.0006456189120959703:1.312058153530506e-18:0;-0.010700242834095375:1.3146974788689689e-18:0,0.00020605070719090579:2.7491093288398992e-22:0;1.7634143208764946e-05:2.4057899012589235e-20:0;-1.7634143208765018e-05:2.6230364133448296e-20:0;-0.00020605070719090582:2.54263421367464e-20:0,balanced_sqrt,true,true,0.0077261615121635239,0.00046107386077042211,3.5623311173490787e-06,true,12,true,0.0077261615121635239,0.00046107386077042211,3.5623311173490787e-06,true,12,true,0.0075799742904664718,0.00019528101567765823,1.4802250782528293e-06,true,11,true,0.00014623244670827954,0.014745272500252591,2.156237275092247e-06,true,0,false
n4_linear_f0.1_d2.1,4,linear,2,0.10000000000000001,2.1000000000000001,0.0096598744644465964,-3.1500000000000004:0:0;-1.05:0:0;1.05:0:0;3.1500000000000004:0:0,8,13,144,36,1.0493617091252363,6.6825570046145247e-17,2.1761704392151023e-26,3.7708518862095444e-16,0,0,0.010907317636004442:2.9553131546770897e-21:0;0.00066289918365817731:1.2520718324434971e-18:0;-0.00066289918365817037:1.3546850310121982e-18:0;-0.010907317636004454:1.3362999897930017e-18:0,0:0:0;0:0:0;0:0:0;0:0:0,0.010907317636004442:2.9553131546770897e-21:0;0.00066289918365817731:1.2520718324434971e-18:0;-0.00066289918365817037:1.3546850310121982e-18:0;-0.010907317636004454:1.3362999897930017e-18:0,0.010700258478966655:2.8819395944806672e-21:0;0.00064531244502507776:1.2274842074138038e-18:0;-0.00064531244502507115:1.3274601225966525e-18:0;-0.010700258478966667:1.310872243921834e-18:0,0.00020705915703778593:7.3373560196422445e-23:0;1.758673863309957e-05:2.4587625029693314e-20:0;-1.7586738633099275e-05:2.7224908415545655e-20:0;-0.00020705915703778644:2.5427745871167791e-20:0,balanced_sqrt,true,true,0.0077268691376387475,9.9154994208137929e-05,7.661576645896097e-07,true,12,true,0.0077268691376387475,9.9154994208137929e-05,7.661576645896097e-07,true,12,true,0.0075799722845272385,2.8626367294426776e-05,2.1698712812120522e-07,true,11,true,0.00014694010325460433,0.004858232167180055,7.1386913628027739e-07,true,0,false
n4_linear_f0.1_d2.1,4,linear,2,0.10000000000000001,2.1000000000000001,0.0096598744644465964,-3.1500000000000004:0:0;-1.05:0:0;1.05:0:0;3.1500000000000004:0:0,9,13,180,45,1.0509964502917089,3.0129970797886233e-17,9.7743897918521625e-29,2.2772525773488212e-16,0,0,0.010907913126755578:1.0582887036632157e-20:0;0.00066302206999102316:1.2532622836530225e-18:0;-0.00066302206999101991:1.3304333212761707e-18:0;-0.010907913126755585:1.3405773210850467e-18:0,0:0:0;0:0:0;0:0:0;0:0:0,0.010907913126755578:1.0582887036632157e-20:0;0.00066302206999102316:1.2532622836530225e-18:0;-0.00066302206999101991:1.3304333212761707e-18:0;-0.010907913126755585:1.3405773210850467e-18:0,0.010700464004967929:1.0165984441413981e-20:0;0.00064541226275031515:1.2288295400500837e-18:0;-0.00064541226275031201:1.3038714661020346e-18:0;-0.010700464004967936:1.3150627879110403e-18:0,0.00020744912178764934:4.1690259521817594e-22:0;1.7609807240708001e-05:2.4432743602938757e-20:0;-1.7609807240707937e-05:2.6561855174136081e-20:0;-0.00020744912178764945:2.5514533174006364e-20:0,balanced_sqrt,true,true,0.0077272947092155708,5.5640150067367613e-05,4.2994783723553016e-07,true,12,true,0.0077272947092155708,5.5640150067367613e-05,4.2994783723553016e-07,true,12,true,0.0075801215989759309,2.1313897075162567e-05,1.615619315777897e-07,true,11,true,0.00014721624136202141,0.0018763471168798018,2.7622877003750992e-07,true,0,false
n4_linear_f0.1_d2.1,4,linear,2,0.10000000000000001,2.1000000000000001,0.0096598744644465964,-3.1500000000000004:0:0;-1.05:0:0;1.05:0:0;3.1500000000000004:0:0,10,13,220,55,1.0514699857539644,6.087780874341098e-17,3.354862236679956e-31,5.0504545570851367e-16,0,0,0.010908031392306897:7.4279232686377337e-21:0;0.00066298177223972148:1.2570527391199505e-18:0;-0.00066298177223972766:1.3257637863150657e-18:0;-0.010908031392306883:1.3406130315671258e-18:0,0:0:0;0:0:0;0:0:0;0:0:0,0.010908031392306897:7.4279232686377337e-21:0;0.00066298177223972148:1.2570527391199505e-18:0;-0.00066298177223972766:1.3257637863150657e-18:0;-0.010908031392306883:1.3406130315671258e-18:0,0.010700466636888241:7.1798696668485246e-21:0;0.00064538100627744384:1.2324088190352578e-18:0;-0.00064538100627744991:1.2992587353473557e-18:0;-0.010700466636888227:1.3150103989610155e-18:0,0.00020756475541865643:2.4805360178920837e-22:0;1.7600765962277601e-05:2.4643920084692673e-20:0;-1.7600765962277801e-05:2.6505050967709885e-20:0;-0.00020756475541865608:2.5602632606110385e-20:0,balanced_sqrt,true,true,0.0077273764527773176,1.1433084591918401e-05,8.8347748658201421e-08,true,12,true,0.0077273764527773176,1.1433084591918401e-05,8.8347748658201421e-08,true,12,true,0.0075801221260089827,2.9260583184423935e-06,2.2179879401617825e-08,true,11,true,0.00014729717352085454,0.0005567987410059652,8.2014880770149009e-08,true,0,false
n4_linear_f0.1_d2.1,4,linear,2,0.10000000000000001,2.1000000000000001,0.0096598744644465964,-3.1500000000000004:0:0;-1.05:0:0;1.05:0:0;3.1500000000000004:0:0,11,13,264,66,1.0522756922399932,3.2343961219496487e-17,7.5835222906373538e-33,1.4744538387131374e-16,0,0,0.010908097489473044:2.793918070647918e-21:0;0.00066299538360617991:1.258249841769528e-18:0;-0.00066299538360617253:1.3374594484786586e-18:0;-0.010908097489473049:1.3379668633197421e-18:0,0:0:0;0:0:0;0:0:0;0:0:0,0.010908097489473044:2.793918070647918e-21:0;0.00066299538360617991:1.258249841769528e-18:0;-0.00066299538360617253:1.3374594484786586e-18:0;-0.010908097489473049:1.3379668633197421e-18:0,0.010700487133421123:2.5689001918430904e-21:0;0.00064539077845196166:1.2335742034675249e-18:0;-0.00064539077845195451:1.3106609677837446e-18:0;-0.010700487133421128:1.3123919316082899e-18:0,0.0002076103560519211:2.2501787880482753e-22:0;1.7604605154218233e-05:2.467563830200306e-20:0;-1.7604605154218046e-05:2.6798480694913895e-20:0;-0.00020761035605192121:2.5574931711452119e-20:0,balanced_sqrt,true,true,0.0077274236883495421,6.1752107125092782e-06,4.7718469540394048e-08,true,12,true,0.0077274236883495421,6.1752107125092782e-06,4.7718469540394048e-08,true,12,true,0.007580137008966985,2.1181941877502422e-06,1.6056202154744373e-08,true,11,true,0.00014732953210853789,0.00021963412938880064,3.2358593517918069e-08,true,0,false
n4_linear_f0.1_d2.1,4,linear,2,0.10000000000000001,2.1000000000000001,0.0096598744644465964,-3.1500000000000004:0:0;-1.05:0:0;1.05:0:0;3.1500000000000004:0:0,12,13,312,78,1.0524891445383984,3.2907490352972339e-17,1.2898571890829644e-34,2.7919063990669436e-16,0,0,0.010908110338587679:7.0941712249978352e-21:0;0.00066299091431209903:1.2515305714653336e-18:0;-0.00066299091431211681:1.3345930144580768e-18:0;-0.010908110338587667:1.3384355461564543e-18:0,0:0:0;0:0:0;0:0:0;0:0:0,0.010908110338587679:7.0941712249978352e-21:0;0.00066299091431209903:1.2515305714653336e-18:0;-0.00066299091431211681:1.3345930144580768e-18:0;-0.010908110338587667:1.3384355461564543e-18:0,0.010700487536767597:6.7601436928270751e-21:0;0.00064538780673031144:1.2269721395824423e-18:0;-0.00064538780673032857:1.3077767112287481e-18:0;-0.010700487536767585:1.3128628578307648e-18:0,0.00020762280182008244:3.3402753217076032e-22:0;1.7603107581787643e-05:2.4558431882891279e-20:0;-1.7603107581788226e-05:2.68163032293288e-20:0;-0.00020762280182008206:2.5572688325689529e-20:0,balanced_sqrt,true,true,0.0077274325655829462,1.2448667822601235e-06,9.6196241130493337e-09,true,12,true,0.0077274325655829462,1.2448667822601235e-06,9.6196241130493337e-09,true,12,true,0.0075801371671492439,2.7975636853395323e-07,2.1205916468709202e-09,true,11,true,0.00014733821166309361,6.0160688847701421e-05,8.8639683072401471e-09,true,0,false
n4_linear_f0.1_d2.1,4,linear,2,0.10000000000000001,2.1000000000000001,0.0096598744644465964,-3.1500000000000004:0:0;-1.05:0:0;1.05:0:0;3.1500000000000004:0:0,13,13,364,91,1.0528704369093553,3.5373971841584421e-17,5.6420052292255742e-37,4.2540331964421965e-16,0,0,0.010908117600020181:7.2087888758800172e-21:0;0.0006629924419686476:1.2568257649193479e-18:0;-0.0006629924419686372:1.3363918830758543e-18:0;-0.010908117600020186:1.3418461538810458e-18:0,0:0:0;0:0:0;0:0:0;0:0:0,0.010908117600020181:7.2087888758800172e-21:0;0.0006629924419686476:1.2568257649193479e-18:0;-0.0006629924419686372:1.3363918830758543e-18:0;-0.010908117600020186:1.3418461538810458e-18:0,0.010700489513569465:6.9173717629962278e-21:0;0.00064538872174503092:1.2321469865111789e-18:0;-0.00064538872174502106:1.3095512567162216e-18:0;-0.01070048951356947:1.3162680612560516e-18:0,0.00020762808645071539:2.9141711288378956e-22:0;1.7603720223616671e-05:2.4678778408169045e-20:0;-1.7603720223616153e-05:2.6840626359632766e-20:0;-0.00020762808645071555:2.5578092624994075e-20:0,balanced_sqrt,true,true,0.007727437756267521,6.790097592747504e-07,5.2470056506938266e-09,true,12,true,0.007727437756267521,6.790097592747504e-07,5.2470056506938266e-09,true,12,true,0.0075801386013768183,2.0320100554625447e-07,1.5402917859797485e-09,true,11,true,0.00014734197170001686,2.5531250255854485e-05,3.7618247526641597e-09,true,0,false
n4_linear_f0.8_d3.0,4,linear,3,0.80000000000000004,3,0.027200645494976996,-4.5:0:0;-1.5:0:0;1.5:0:0;4.5:0:0,2,11,12,3,1.0576612693635374,2.8421703732701146e-17,1.8735310124879794e-17,1.3339755331659953e-16,0,0,0.17161577603201245:5.3571067330577096e-20:0;0.011428662377145368:1.9764375653274788e-17:0;-0.011428662377145396:2.1185683033389161e-17:0;-0.17161577603201245:2.1073518611165763e-17:0,0:0:0;0:0:0;0:0:0;0:0:0,0.17161577603201245:5.3571067330577096e-20:0;0.011428662377145368:1.9764375653274788e-17:0;-0.011428662377145396:2.1185683033389161e-17:0;-0.17161577603201245:2.1073518611165763e-17:0,0.16842388269527794:6.6963834163221372e-20:0;0.011052216689375552:1.911357089000098e-17:0;-0.011052216689375578:2.049135177790926e-17:0;-0.16842388269527794:2.0678431989602757e-17:0,0.0031918933367345048:-1.3392766832644274e-20:0;0.00037644568776981635:6.5080476327380772e-19:0;-0.00037644568776981727:6.9433125547990162e-19:0;-0.0031918933367345048:3.9508662156300608e-19:0,balanced_sqrt,true,true,0.12161946576679376,0,0,false,9,true,0.12161946576679376,0,0,false,9,true,0.11934981306206904,0,0,false,8,true,0.0022726520223002268,0,0,false,11,true
n4_linear_f0.8_d3.0,4,linear,3,0.80000000000000004,3,0.027200645494976996,-4.5:0:0;-1.5:0:0;1.5:0:0;4.5:0:0,3,11,24,6,1.0647461127305198,2.4356566229921264e-17,3.0403317272093963e-19,9.6959347060870306e-17,0,0,0.17428478644250464:2.0251440776507954e-20:0;0.012085717112798702:1.9744455583099468e-17:0;-0.01208571711279874:2.121790050400035e-17:0;-0.17428478644250459:2.1420350835167281e-17:0,0:0:0;0:0:0;0:0:0;0:0:0,0.17428478644250464:2.0251440776507954e-20:0;0.012085717112798702:1.9744455583099468e-17:0;-0.01208571711279874:2.121790050400035e-17:0;-0.17428478644250459:2.1420350835167281e-17:0,0.16948182414122448:2.6785533665288548e-20:0;0.011483930426473218:1.9191772947296174e-17:0;-0.011483930426473254:2.0594642648245593e-17:0;-0.16948182414122442:2.0830442882363051e-17:0,0.0048029623012801727:-6.5340928887805939e-21:0;0.0006017866863254845:5.5268263580329502e-19:0;-0.00060178668632548634:6.2325785575475565e-19:0;-0.004802962301280171:5.8990795280422956e-19:0,balanced_sqrt,true,true,0.12353390494807495,0.015733515302331268,0.0019436225838572734,true,9,true,0.12353390494807495,0.015733515302331268,0.0019436225838572734,true,9,true,0.12011654626294624,0.0067265138328271813,0.00080796560998913397,true,8,true,0.0034227616104073864,0.33606994504680643,0.001150287306317929,true,11,true
n4_linear_f0.8_d3.0,4,linear,3,0.80000000000000004,3,0.027200645494976996,-4.5:0:0;-1.5:0:0;1.5:0:0;4.5:0:0,4,11,40,10,1.0651050481668198,1.461349208801295e-17,8.0823496764245735e-20,1.1451065225710942e-16,0,0,0.17478816855025955:7.4584308500816955e-20:0;0.012003521649390999:2.0120702794799885e-17:0;-0.012003521649391082:2.1478397562960057e-17:0;-0.17478816855025953:2.1482290675487702e-17:0,0:0:0;0:0:0;0:0:0;0:0:0,0.17478816855025955:7.4584308500816955e-20:0;0.012003521649390999:2.0120702794799885e-17:0;-0.012003521649391082:2.1478397562960057e-17:0;-0.17478816855025953:2.1482290675487702e-17:0,0.16952476707728917:6.7049808605824006e-20:0;0.011388114034664762:1.9398043576677327e-17:0;-0.01138811403466484:2.0675329806516376e-17:0;-0.16952476707728914:2.0842399957265688e-17:0,0.0052634014729703894:7.5344998949929515e-21:0;0.00061540761472623758:7.2265921812255739e-19:0;-0.00061540761472624202:8.0306775644368082e-19:0;-0.0052634014729703868:6.3989071822201325e-19:0,balanced_sqrt,true,true,0.12388500392933226,0.002911239119173585,0.00036065886971804533,true,9,true,0.12388500392933226,0.002911239119173585,0.00036065886971804533,true,9,true,0.12014228188667733,0.00061798224301092377,7.4245796840779536e-05,true,8,true,0.0037471403495152066,0.086925511229175842,0.00032572209052908198,true,11,true
n4_linear_f0.8_d3.0,4,linear,3,0.80000000000000004,3,0.027200645494976996,-4.5:0:0;-1.5:0:0;1.5:0:0;4.5:0:0,5,11,60,15,1.0655534740571242,2.9444793696282039e-17,2.6406430383496676e-22,1.1251023056656521e-16,0,0,0.17493784707838536:1.0841781330180049e-19:0;0.012029555988083291:1.9897297628723019e-17:0;-0.012029555988083224:2.1474145428722011e-17:0;-0.17493784707838544:2.143510867955995e-17:0,0:0:0;0:0:0;0:0:0;0:0:0,0.17493784707838536:1.0841781330180049e-19:0;0.012029555988083291:1.9897297628723019e-17:0;-0.012029555988083224:2.1474145428722011e-17:0;-0.17493784707838544:2.143510867955995e-17:0,0.16956545708796808:9.3842329908428642e-20:0;0.011408145825052753:1.9198178944255745e-17:0;-0.011408145825052689:2.0690399069649606e-17:0;-0.16956545708796816:2.0788875951897004e-17:0,0.0053723899904172898:1.4575483393371849e-20:0;0.00062141016303053761:6.9911868446727358e-19:0;-0.00062141016303053393:7.8374635907240635e-19:0;-0.0053723899904172924:6.4623272766294604e-19:0,balanced_sqrt,true,true,0.12399185569562823,0.00086640983398443832,0.00010742776310867168,true,9,true,0.12399185569562823,0.00086640983398443832,0.00010742776310867168,true,9,true,0.12017193937982616,0.00026686631388043232,3.2069842494156972e-05,true,8,true,0.0038241812718445723,0.020182963939783374,7.7183312708833921e-05,true,11,true
n4_linear_f0.8_d3.0,4,linear,3,0.80000000000000004,3,0.027200645494976996,-4.5:0:0;-1.5:0:0;1.5:0:0;4.5:0:0,6,11,84,21,1.0655694368861495,1.4115343437484333e-17,5.6551891929845073e-23,1.4355585152084811e-16,0,0,0.17495919239770352:1.5649027077261357e-19:0;0.012025958633584634:2.0017146830471226e-17:0;-0.01202595863358462:2.1612964244534342e-17:0;-0.17495919239770363:2.1545665609695529e-17:0,0:0:0;0:0:0;0:0:0;0:0:0,0.17495919239770352:1.5649027077261357e-19:0;0.012025958633584634:2.0017146830471226e-17:0;-0.01202595863358462:2.1612964244534342e-17:0;-0.17495919239770363:2.1545665609695529e-17:0,0.16956552053074275:1.6092505008906888e-19:0;0.011404526485146192:1.9304199746844218e-17:0;-0.01140452648514618:2.0817371210617904e-17:0;-0.16956552053074286:2.0875974024808242e-17:0,0.0053936718669607619:-4.4347793164552988e-21:0;0.00062143214843844198:7.1294708362700768e-19:0;-0.00062143214843844101:7.9559303391643711e-19:0;-0.0053936718669607645:6.6969158488728774e-19:0,balanced_sqrt,true,true,0.12400673910218216,0.0001234309285578037,1.5306266954807647e-05,true,9,true,0.12400673910218216,0.0001234309285578037,1.5306266954807647e-05,true,9,true,0.12017181237131311,2.1299922036986676e-05,2.559652939823786e-06,true,8,true,0.0038391323318919877,0.00391978341700448,1.5048567250235954e-05,true,11,true
n4_linear_f0.8_d3.0,4,linear,3,0.80000000000000004,3,0.027200645494976996,-4.5:0:0;-1.5:0:0;1.5:0:0;4.5:0:0,7,11,112,28,1.0655888133549241,3.5246263231884749e-17,4.0159749989150695e-25,2.4123689399512311e-16,6.9942603379514547e-18,0,0.17496447543843541:4.0223763410860297e-20:0;0.012026708383282672:1.9992371168349051e-17:0;-0.012026708383282755:2.1557821490588571e-17:0;-0.17496447543843532:2.1553499865345198e-17:0,0:0:0;0:0:0;0:0:0;0:0:0,0.17496447543843541:4.0223763410860297e-20:0;0.012026708383282672:1.9992371168349051e-17:0;-0.012026708383282755:2.1557821490588571e-17:0;-0.17496447543843532:2.1553499865345198e-17:0,0.1695667875392414:2.6819782196413273e-20:0;0.011405152664663673:1.9281155495978401e-17:0;-0.011405152664663753:2.0763737409229044e-17:0;-0.16956678753924131:2.0882681709586574e-17:0,0.0053976878991940204:1.3403981214447025e-20:0;0.00062155571861899838:7.112156723706517e-19:0;-0.00062155571861900304:7.9408408135952786e-19:0;-0.0053976878991940178:6.7081815575862572e-19:0,balanced_sqrt,true,true,0.12401050233747014,3.0425689882013767e-05,3.77310508623261e-06,true,9,true,0.12401050233747014,3.0425689882013767e-05,3.77310508623261e-06,true,9,true,0.12017273597551673,8.3159679542037513e-06,9.9935262134138529e-07,true,8,true,0.0038419634412923251,0.00073949365132839587,2.8411075734714704e-06,true,11,true
n4_linear_f0.8_d3.0,4,linear,3,0.80000000000000004,3,0.027200645494976996,-4.5:0:0;-1.5:0:0;1.5:0:0;4.5:0:0,8,11,144,36,1.0655894025618524,2.9855170462632865e-17,1.5333870505276644e-26,1.3851431877238012e-16,0,0,0.17496514523352777:1.1538251331677344e-19:0;0.0120266016036247:2.0031721605492017e-17:0;-0.012026601603624775:2.1571670273983955e-17:0;-0.17496514523352766:2.1525434501330762e-17:0,0:0:0;0:0:0;0:0:0;0:0:0,0.17496514523352777:1.1538251331677344e-19:0;0.0120266016036247:2.0031721605492017e-17:0;-0.012026601603624775:2.1571670273983955e-17:0;-0.17496514523352766:2.1525434501330762e-17:0,0.16956678998374899:1.0058461344277765e-19:0;0.011405052150661012:1.9320549205111869e-17:0;-0.011405052150661081:2.0776299021154909e-17:0;-0.16956678998374888:2.0862576249166574e-17:0,0.0053983552497787832:1.4797899873995782e-20:0;0.00062154945296368869:7.1117240038014605e-19:0;-0.00062154945296369335:7.9537125282904645e-19:0;-0.005398355249778778:6.6285825216418791e-19:0,balanced_sqrt,true,true,0.12401096966140084,3.867378961580546e-06,4.7959741507370497e-07,true,9,true,0.12401096966140084,3.867378961580546e-06,4.7959741507370497e-07,true,9,true,0.12017273293046164,5.9160797301417594e-07,7.1095148742043184e-08,true,8,true,0.0038424317251770125,0.00012281517429611036,4.7190892204851884e-07,true,11,true
n4_linear_f0.8_d3.0,4,linear,3,0.80000000000000004,3,0.027200645494976996,-4.5:0:0;-1.5:0:0;1.5:0:0;4.5:0:0,9,11,180,45,1.0655901002462922,2.9447337284283935e-17,1.3251646038231683e-28,2.7015051946665441e-16,0,0,0.17496528993694269:9.5772217729571416e-20:0;0.012026620166921983:1.9982648890537938e-17:0;-0.012026620166921907:2.1490809630142042e-17:0;-0.17496528993694271:2.1471513128824887e-17:0,0:0:0;0:0:0;0:0:0;0:0:0,0.17496528993694269:9.5772217729571416e-20:0;0.012026620166921983:1.9982648890537938e-17:0;-0.012026620166921907:2.1490809630142042e-17:0;-0.17496528993694271:2.1471513128824887e-17:0,0.16956682199770928:9.3885911704180442e-20:0;0.011405067979876234:1.9268180811997389e-17:0;-0.011405067979876162:2.07117698298573e-17:0;-0.16956682199770931:2.080226190620478e-17:0,0.0053984679392334086:1.8863060253909699e-21:0;0.00062155218704574937:7.1446807854054841e-19:0;-0.00062155218704574439:7.7903980028474106e-19:0;-0.0053984679392334138:6.6925122262010803e-19:0,balanced_sqrt,true,true,0.12401107264143359,8.3185540061741103e-07,1.031592805131346e-07,true,9,true,0.12401107264143359,8.3185540061741103e-07,1.031592805131346e-07,true,9,true,0.12017275626785888,2.1014158889859334e-07,2.5253293944451257e-08,true,8,true,0.0038425111068253522,2.0743447364915906e-05,7.9706926893536456e-08,true,11,true
n4_linear_f0.8_d3.0,4,linear,3,0.80000000000000004,3,0.027200645494976996,-4.5:0:0;-1.5:0:0;1.5:0:0;4.5:0:0,10,11,220,55,1.0655901200257532,5.9182591299030007e-17,3.1772478797451931e-30,3.6531168189502273e-16,0,0,0.17496530709669539:4.6891449575510312e-20:0;0.012026617537180422:2.0031488101899628e-17:0;-0.012026617537180371:2.164363202192936e-17:0;-0.1749653070966955:2.139041949326912e-17:0,0:0:0;0:0:0;0:0:0;0:0:0,0.17496530709669539:4.6891449575510312e-20:0;0.012026617537180422:2.0031488101899628e-17:0;-0.012026617537180371:2.164363202192936e-17:0;-0.1749653070966955:2.139041949326912e-17:0,0.16956682206911816:2.6825640113743669e-20:0;0.011405065613942124:1.9315945154150649e-17:0;-0.011405065613942077:2.0831184668582102e-17:0;-0.16956682206911827:2.0748610727714379e-17:0,0.0053984850275772224:2.0065809461766643e-20:0;0.00062155192323829812:7.1554294774897929e-19:0;-0.0006215519232382953:8.1244735334725823e-19:0;-0.0053984850275772258:6.4180876555474035e-19:0,balanced_sqrt,true,true,0.12401108461913105,9.8986602477765543e-08,1.2275435936030469e-08,true,9,true,0.12401108461913105,9.8986602477765543e-08,1.2275435936030469e-08,true,9,true,0.12017275620596858,1.3927698149713382e-08,1.6737298751178153e-09,true,8,true,0.0038425230894723775,3.1449970010874206e-06,1.2084723592999797e-08,true,11,true
n4_linear_f0.8_d3.0,4,linear,3,0.80000000000000004,3,0.027200645494976996,-4.5:0:0;-1.5:0:0;1.5:0:0;4.5:0:0,11,11,264,66,1.0655901427633925,2.2829561373278826e-17,1.5020892557738749e-32,1.5919871388110049e-16,0,0,0.17496531052012268:6.1529659751430012e-20:0;0.012026617952561911:1.9982787887037834e-17:0;-0.012026617952561984:2.1537899341976107e-17:0;-0.17496531052012268:2.1457657483798363e-17:0,0:0:0;0:0:0;0:0:0;0:0:0,0.17496531052012268:6.1529659751430012e-20:0;0.012026617952561911:1.9982787887037834e-17:0;-0.012026617952561984:2.1537899341976107e-17:0;-0.17496531052012268:2.1457657483798363e-17:0,0.16956682278161592:4.6927566304142886e-20:0;0.011405065965936255:1.926563586295253e-17:0;-0.011405065965936325:2.0744475835758548e-17:0;-0.16956682278161592:2.0795498367965125e-17:0,0.0053984877385067518:1.4602093447287129e-20:0;0.00062155198662565512:7.171520240853039e-19:0;-0.00062155198662565945:7.9342350621755999e-19:0;-0.0053984877385067501:6.6215911583323719e-19:0,balanced_sqrt,true,true,0.124011087054303,1.9663425021108086e-08,2.4384827120783946e-09,true,9,true,0.124011087054303,1.9663425021108086e-08,2.4384827120783946e-09,true,9,true,0.1201727567253479,4.6761005251695714e-09,5.6193989083447443e-10,true,8,true,0.0038425249989353376,4.990053659404847e-07,1.9174405932291889e-09,true,11,true
n4_linear_f0.8_d2.1,4,linear,4,0.80000000000000004,2.1000000000000001,0.077278995715572771,-3.1500000000000004:0:0;-1.05:0:0;1.05:0:0;3.1500000000000004:0:0,2,13,12,3,1.2149989361568967,3.7149968944984873e-17,1.3063090145290589e-17,1.1831602046078649e-16,0,0,0.78184532867462608:1.3928477505950045e-18:0;0.040215303548344128:9.7882710492234752e-17:0;-0.040215303548344128:1.0257854936293066e-16:0;-0.78184532867462608:9.7927911080294932e-17:0,0:0:0;0:0:0;0:0:0;0:0:0,0.78184532867462608:1.3928477505950045e-18:0;0.040215303548344128:9.7882710492234752e-17:0;-0.040215303548344128:1.0257854936293066e-16:0;-0.78184532867462608:9.7927911080294932e-17:0,0.73962824140149219:1.3124911495991388e-18:0;0.036435921607414268:8.8682716726135178e-17:0;-0.036435921607414268:9.2938268387207902e-17:0;-0.73962824140149219:9.2651160948233093e-17:0,0.042217087273133919:8.0356600995865637e-20:0;0.0037793819409298623:9.1999937660995756e-18:0;-0.0037793819409298588:9.6402809757227558e-18:0;-0.042217087273133919:5.2767501320618437e-18:0,balanced_sqrt,true,true,0.5535789865095222,0,0,false,0,false,0.5535789865095222,0,0,false,0,false,0.52363036192625689,0,0,false,0,false,0.029971371220573414,0,0,false,0,false
n4_linear_f0.8_d2.1,4,linear,4,0.80000000000000004,2.1000000000000001,0.077278995715572771,-3.1500000000000004:0:0;-1.05:0:0;1.05:0:0;3.1500000000000004:0:0,3,13,24,6,1.3350568758852046,2.3340842131685983e-17,1.3030452496319054e-19,1.1315738023003054e-16,0,0,0.89071559588202454:3.7622761549111402e-18:0;0.075062320914919892:1.0112133368404021e-16:0;-0.075062320914919975:1.0896231913572958e-16:0;-0.89071559588202454:1.1301730635487038e-16:0,0:0:0;0:0:0;0:0:0;0:0:0,0.89071559588202454:3.7622761549111402e-18:0;0.075062320914919892:1.0112133368404021e-16:0;-0.075062320914919975:1.0896231913572958e-16:0;-0.89071559588202454:1.1301730635487038e-16:0,0.79242342428119372:3.2968125468224728e-18:0;0.060825211920124814:9.4521291795090407e-17:0;-0.060825211920124883:1.007341819928765e-16:0;-0.79242342428119372:1.0050664195084602e-16:0,0.098292171600830772:4.6546360808866751e-19:0;0.014237108994795078:6.6000418889498046e-18:0;-0.014237108994795088:8.2281371428530793e-18:0;-0.098292171600830799:1.2510664404024358e-17:0,balanced_sqrt,true,true,0.63206353508512281,0.12788306538311922,0.080830222383576233,true,0,false,0.63206353508512281,0.12788306538311922,0.080830222383576233,true,0,false,0.56197624049182937,0.073175329737144079,0.041122796702430194,true,0,false,0.070228364179072411,0.5743365892038087,0.040334719147971383,true,0,false
n4_linear_f0.8_d2.1,4,linear,4,0.80000000000000004,2.1000000000000001,0.077278995715572771,-3.1500000000000004:0:0;-1.05:0:0;1.05:0:0;3.1500000000000004:0:0,4,13,40,10,1.3816329323266197,2.9242698849616667e-17,8.2104292141695178e-21,1.0321164483045644e-16,8.4751568284456656e-17,0,0.92613523996391212:1.4549271100691643e-18:0;0.060335152382375731:1.1948988402124503e-16:0;-0.060335152382375891:1.2468042939231861e-16:0;-0.92613523996391178:1.1909142654052282e-16:0,0:0:0;0:0:0;0:0:0;0:0:0,0.92613523996391212:1.4549271100691643e-18:0;0.060335152382375731:1.1948988402124503e-16:0;-0.060335152382375891:1.2468042939231861e-16:0;-0.92613523996391178:1.1909142654052282e-16:0,0.7945117742143184:1.1543653037268721e-18:0;0.048688520236205013:9.9041858929688747e-17:0;-0.048688520236205138:1.0315630992600195e-16:0;-0.79451177421431807:1.0203836127568662e-16:0,0.13162346574959377:3.0056180634229229e-19:0;0.011646632146170715:2.0448025091556287e-17:0;-0.011646632146170757:2.1524119466316659e-17:0;-0.13162346574959374:1.7053065264836196e-17:0,balanced_sqrt,true,true,0.65626473824060416,0.041331133091446919,0.027124165239445986,true,0,false,0.65626473824060416,0.041331133091446919,0.027124165239445986,true,0,false,0.56285856632371467,0.015471126961447439,0.0087080563409324737,true,0,false,0.093435487841298015,0.25300726952426433,0.023639857655394409,true,0,false
n4_linear_f0.8_d2.1,4,linear,4,0.80000000000000004,2.1000000000000001,0.077278995715572771,-3.1500000000000004:0:0;-1.05:0:0;1.05:0:0;3.1500000000000004:0:0,5,13,60,15,1.4567755268481948,2.7541178929573061e-17,3.8270854041462996e-23,1.3387810667116341e-16,8.1167081561198728e-17,0,0.96461592347055836:4.9963180005909976e-18:0;0.070623718780108272:1.1934672382300763e-16:0;-0.07062371878010866:1.2608300057477808e-16:0;-0.96461592347055836:1.2496433268169522e-16:0,0:0:0;0:0:0;0:0:0;0:0:0,0.96461592347055836:4.9963180005909976e-18:0;0.070623718780108272:1.1934672382300763e-16:0;-0.07062371878010866:1.2608300057477808e-16:0;-0.96461592347055836:1.2496433268169522e-16:0,0.80740430767095384:3.8635362290511946e-18:0;0.054610443693216611:1.015676617409895e-16:0;-0.054610443693216895:1.067048784065182e-16:0;-0.80740430767095395:1.0424034519860671e-16:0,0.15721161579960446:1.1327817715398028e-18:0;0.016013275086891661:1.7779062082018128e-17:0;-0.016013275086891769:1.9378122168259876e-17:0;-0.15721161579960444:2.0723987483088509e-17:0,balanced_sqrt,true,true,0.68391212500850207,0.04118327053513042,0.028165738066481077,true,0,false,0.68391212500850207,0.04118327053513042,0.028165738066481077,true,0,false,0.57222548728887568,0.017531748530132032,0.010032113345680832,true,0,false,0.11174058600466284,0.16426548731736176,0.018355121813183516,true,0,false
n4_linear_f0.8_d2.1,4,linear,4,0.80000000000000004,2.1000000000000001,0.077278995715572771,-3.1500000000000004:0:0;-1.05:0:0;1.05:0:0;3.1500000000000004:0:0,6,13,84,21,1.4863098777526915,2.5346608930310241e-17,2.0050313815897912e-24,1.4705157553859279e-16,0,0,0.97481017115570723:4.6622477097565929e-18:0;0.066165299791309751:1.301325383360266e-16:0;-0.066165299791309626:1.3669717917821574e-16:0;-0.97481017115570756:1.2520095857879181e-16:0,0:0:0;0:0:0;0:0:0;0:0:0,0.97481017115570723:4.6622477097565929e-18:0;0.066165299791309751:1.301325383360266e-16:0;-0.066165299791309626:1.3669717917821574e-16:0;-0.97481017115570756:1.2520095857879181e-16:0,0.80806047412178261:3.4605085550611506e-18:0;0.05219520962886362:1.054190255588265e-16:0;-0.052195209628863551:1.1082169565264436e-16:0;-0.80806047412178283:1.0332854110099089e-16:0,0.16674969703392464:1.2017391546954422e-18:0;0.01397009016244613:2.471351277720009e-17:0;-0.013970090162446071:2.5875483525571384e-17:0;-0.1667496970339247:2.1872417477800913e-17:0,balanced_sqrt,true,true,0.69088085683607325,0.011387869745494007,0.0078676612073044945,true,0,false,0.69088085683607325,0.011387869745494007,0.0078676612073044945,true,0,false,0.57257578963230771,0.0030908275590889392,0.0017697330302626475,true,0,false,0.11832291595471382,0.05829343103398963,0.0068974487409466613,true,0,false
n4_linear_f0.8_d2.1,4,linear,4,0.80000000000000004,2.1000000000000001,0.077278995715572771,-3.1500000000000004:0:0;-1.05:0:0;1.05:0:0;3.1500000000000004:0:0,7,13,112,28,1.5314442468444405,3.2902030090066986e-17,9.0858559077420485e-27,1.9870446782285196e-16,0,0,0.98457103564004633:8.3654913553243315e-18:0;0.068715857224052726:1.2753682418826376e-16:0;-0.068715857224052795:1.342238542741294e-16:0;-0.98457103564004689:1.2534058324619073e-16:0,0:0:0;0:0:0;0:0:0;0:0:0,0.98457103564004633:8.3654913553243315e-18:0;0.068715857224052726:1.2753682418826376e-16:0;-0.068715857224052795:1.342238542741294e-16:0;-0.98457103564004689:1.2534058324619073e-16:0,0.8104562882632651:6.358431245580197e-18:0;0.053235526098569609:1.0441325883944986e-16:0;-0.053235526098569651:1.0927658163699932e-16:0;-0.81045628826326543:1.0247140402370164e-16:0,0.1741147473767812:2.0070601097441345e-18:0;0.015480331125483117:2.3123565348813905e-17:0;-0.015480331125483145:2.4947272637130081e-17:0;-0.17411474737678145:2.2869179222489092e-17:0,balanced_sqrt,true,true,0.69789039012417642,0.010221829212872343,0.0071337163771541829,true,0,false,0.69789039012417642,0.010221829212872343,0.0071337163771541829,true,0,false,0.57431411980921221,0.0032158606007857493,0.0018469141503693919,true,0,false,0.12360336950470845,0.04301046991217803,0.0053162390051260857,true,0,false
n4_linear_f0.8_d2.1,4,linear,4,0.80000000000000004,2.1000000000000001,0.077278995715572771,-3.1500000000000004:0:0;-1.05:0:0;1.05:0:0;3.1500000000000004:0:0,8,13,144,36,1.5472651416714502,3.9133060471678878e-17,1.1570645146808163e-28,3.3121947844896322e-16,0,0,0.98694286981202173:2.288107306825954e-18:0;0.067594157851543629:1.2719423873200463e-16:0;-0.067594157851542172:1.4354501671425152e-16:0;-0.98694286981202217:1.2583614860028314e-16:0,0:0:0;0:0:0;0:0:0;0:0:0,0.98694286981202173:2.288107306825954e-18:0;0.067594157851543629:1.2719423873200463e-16:0;-0.067594157851542172:1.4354501671425152e-16:0;-0.98694286981202217:1.2583614860028314e-16:0,0.81063299875655392:1.181248855490195e-18:0;0.052839040106823068:1.0269106947015358e-16:0;-0.052839040106822027:1.151961437225563e-16:0;-0.81063299875655426:1.0249928551036293e-16:0,0.17630987105546775:1.106858451335759e-18:0;0.014755117744720559:2.4503169261851055e-17:0;-0.014755117744720141:2.8348872991695222e-17:0;-0.17630987105546791:2.333686308992022e-17:0,balanced_sqrt,true,true,0.69950882712387874,0.0026521992023097272,0.001855236753306564,true,0,false,0.69950882712387874,0.0026521992023097272,0.001855236753306564,true,0,false,0.57442050051876359,0.0005343520634794721,0.00030694277975711249,true,0,false,0.12510572355263419,0.013066565862697468,0.0016347021766009164,true,0,false
n4_linear_f0.8_d2.1,4,linear,4,0.80000000000000004,2.1000000000000001,0.077278995715572771,-3.1500000000000004:0:0;-1.05:0:0;1.05:0:0;3.1500000000000004:0:0,9,13,180,45,1.5733562981881943,3.669000137768373e-17,6.5592513667255446e-31,3.0993628378337029e-16,0,0,0.9892360930923666:7.2996337479991554e-18:0;0.068211519758859612:1.3218168151426072e-16:0;-0.068211519758859113:1.3679593744760156e-16:0;-0.98923609309236626:1.2357317149076069e-16:0,0:0:0;0:0:0;0:0:0;0:0:0,0.9892360930923666:7.2996337479991554e-18:0;0.068211519758859612:1.3218168151426072e-16:0;-0.068211519758859113:1.3679593744760156e-16:0;-0.98923609309236626:1.2357317149076069e-16:0,0.81104777848174026:5.3132290462142938e-18:0;0.053005562267933015:1.0679520630435151e-16:0;-0.053005562267932627:1.1009589522888233e-16:0;-0.81104777848174014:1.0070097144567318e-16:0,0.17818831461062631:1.9864047017848616e-18:0;0.015205957490926594:2.5386475209909198e-17:0;-0.015205957490926488:2.6700042218719232e-17:0;-0.17818831461062612:2.2872200045087521e-17:0,balanced_sqrt,true,true,0.70115649440922334,0.0023950243299930784,0.0016792868632427456,true,0,false,0.70115649440922334,0.0023950243299930784,0.0016792868632427456,true,0,false,0.5747208403266344,0.00054991454008341439,0.00031604734658457459,true,0,false,0.12645611216345254,0.010802014222954303,0.0013659807221691189,true,0,false
n4_linear_f0.8_d2.1,4,linear,4,0.80000000000000004,2.1000000000000001,0.077278995715572771,-3.1500000000000004:0:0;-1.05:0:0;1.05:0:0;3.1500000000000004:0:0,10,13,220,55,1.5820161587170729,3.7593551799571006e-17,1.3175403885675782e-32,2.6268041804330555e-16,7.9129602268630635e-17,0,0.98977293869786032:1.5225109289828598e-17:0;0.067937940777404615:1.3404250845223683e-16:0;-0.067937940777404851:1.3929236564532743e-16:0;-0.98977293869785976:1.2930533452826081e-16:0,0:0:0;0:0:0;0:0:0;0:0:0,0.98977293869786032:1.5225109289828598e-17:0;0.067937940777404615:1.3404250845223683e-16:0;-0.067937940777404851:1.3929236564532743e-16:0;-0.98977293869785976:1.2930533452826081e-16:0,0.81109022584512025:1.1483820089005196e-17:0;0.052942767615589678:1.0750481570024715e-16:0;-0.052942767615589859:1.1146195694560432e-16:0;-0.81109022584511992:1.0502006816420165e-16:0,0.17868271285274012:3.7412892008234016e-18:0;0.01499517316181494:2.653769275198968e-17:0;-0.014995173161814994:2.783040869972311e-17:0;-0.17868271285273987:2.4285266364059159e-17:0,balanced_sqrt,true,true,0.70152192908549627,0.00060733201031577182,0.0004260567234720928,true,0,false,0.70152192908549627,0.00060733201031577182,0.0004260567234720928,true,0,false,0.57474789738818799,9.3250383171672048e-05,5.359546165856138e-05,true,0,false,0.12679189069212501,0.0029973466184928486,0.00038003924481835579,true,0,false
n4_linear_f0.8_d2.1,4,linear,4,0.80000000000000004,2.1000000000000001,0.077278995715572771,-3.1500000000000004:0:0;-1.05:0:0;1.05:0:0;3.1500000000000004:0:0,11,13,264,66,1.5951962863078324,2.6052837630302312e-17,5.3861334288980781e-35,1.9268570435395819e-16,0,0,0.99031898411935682:7.9363166966793636e-18:0;0.068089965913257194:1.3922098892888426e-16:0;-0.068089965913257819:1.4256231678303752e-16:0;-0.99031898411935659:1.2484579885496811e-16:0,0:0:0;0:0:0;0:0:0;0:0:0,0.99031898411935682:7.9363166966793636e-18:0;0.068089965913257194:1.3922098892888426e-16:0;-0.068089965913257819:1.4256231678303752e-16:0;-0.99031898411935659:1.2484579885496811e-16:0,0.81116394562903793:5.7684257802860197e-18:0;0.052969740598788985:1.1154644528657639e-16:0;-0.05296974059878945:1.1360505833908705e-16:0;-0.81116394562903782:1.0169274993643221e-16:0,0.17915503849031889:2.1678909163933439e-18:0;0.015120225314468208:2.7674543642307874e-17:0;-0.015120225314468371:2.8957258443950479e-17:0;-0.1791550384903188:2.3153048918535902e-17:0,balanced_sqrt,true,true,0.70191450112006637,0.00057100612974223181,0.00040079748269451857,true,0,false,0.70191450112006637,0.00057100612974223181,0.00040079748269451857,true,0,false,0.57480115696976974,9.6568045995430705e-05,5.5507424564483507e-05,true,0,false,0.12713211441258246,0.0027175830224785901,0.00034549207573943976,true,0,false
n4_linear_f0.8_d2.1,4,linear,4,0.80000000000000004,2.1000000000000001,0.077278995715572771,-3.1500000000000004:0:0;-1.05:0:0;1.05:0:0;3.1500000000000004:0:0,12,13,312,78,1.5999083419572675,3.9624041041715376e-17,6.876520217651635e-37,2.3493047692453185e-16,0,0,0.9904448741886408:4.1963929516154126e-18:0;0.068021949969644099:1.2849159565436126e-16:0;-0.068021949969644196:1.4664400876817116e-16:0;-0.99044487418864113:1.2872664263883127e-16:0,0:0:0;0:0:0;0:0:0;0:0:0,0.9904448741886408:4.1963929516154126e-18:0;0.068021949969644099:1.2849159565436126e-16:0;-0.068021949969644196:1.4664400876817116e-16:0;-0.99044487418864113:1.2872664263883127e-16:0,0.81117382256042958:2.4691011542616897e-18:0;0.052959367658952733:1.0280262965095086e-16:0;-0.05295936765895283:1.1696854999650275e-16:0;-0.8111738225604298:1.0456252218589974e-16:0,0.17927105162821125:1.7272917973537228e-18:0;0.01506258231069137:2.5688966003410394e-17:0;-0.015062582310691368:2.9675458771668407e-17:0;-0.17927105162821136:2.4164120452931529e-17:0,balanced_sqrt,true,true,0.70200001228070696,0.00014412997221286675,0.0001011792422634504,true,0,false,0.70200001228070696,0.00014412997221286675,0.0001011792422634504,true,0,false,0.57480764827467956,1.7619759490643114e-05,1.0127972515982035e-05,true,0,false,0.12721043852166999,0.00072008051242333445,9.1601757756281217e-05,true,0,false
n4_linear_f0.8_d2.1,4,linear,4,0.80000000000000004,2.1000000000000001,0.077278995715572771,-3.1500000000000004:0:0;-1.05:0:0;1.05:0:0;3.1500000000000004:0:0,13,13,364,91,1.605817695677499,2.0323080466145754e-17,2.2128766462988439e-39,9.9220334866340723e-17,0,0,0.99057954211411636:8.2994120107640142e-18:0;0.068060383972379568:1.2300556824177933e-16:0;-0.068060383972379526:1.417369758929541e-16:0;-0.99057954211411625:1.3478623563237617e-16:0,0:0:0;0:0:0;0:0:0;0:0:0,0.99057954211411636:8.2994120107640142e-18:0;0.068060383972379568:1.2300556824177933e-16:0;-0.068060383972379526:1.417369758929541e-16:0;-0.99057954211411625:1.3478623563237617e-16:0,0.81118783529021943:5.7422047508102038e-18:0;0.052964045879791012:9.88142443939386e-17:0;-0.052964045879790971:1.1331667334177729e-16:0;-0.81118783529021932:1.0917893809997066e-16:0,0.17939170682389693:2.55720725995381e-18:0;0.015096338092588554:2.4191323847840727e-17:0;-0.015096338092588554:2.8420302551176805e-17:0;-0.17939170682389693:2.5607297532405511e-17:0,balanced_sqrt,true,true,0.70209687548139688,0.00014104438414503162,9.9026821412424566e-05,true,0,false,0.70209687548139688,0.00014104438414503162,9.9026821412424566e-05,true,0,false,0.57481775123894208,1.8172904398926021e-05,1.0446108040070933e-05,true,0,false,0.12729745461123079,0.00069594576576901808,8.8592124529859835e-05,true,0,false
