case_id,particle_count,family,rho_band,f1,distance_ratio,rho_l1,coordinates_xyz,lmax,final_lmax,system_dimension,active_modes_per_particle,balanced_condition_number,balanced_backward_error,effective_incident_closure_error,scattering_closure_error,force_decomposition_residual,max_abs_fz,total_forces_xyz,external_forces_xyz,interaction_forces_xyz,external_scattered_forces_xyz,scattered_scattered_forces_xyz,production_solver,finite,campaign_complete,total_rms,total_successive_change,total_absolute_change,total_change_applicable,total_minimum_confirmed_lmax,total_confirmed,interaction_rms,interaction_successive_change,interaction_absolute_change,interaction_change_applicable,interaction_minimum_confirmed_lmax,interaction_confirmed,external_scattered_rms,external_scattered_successive_change,external_scattered_absolute_change,external_scattered_change_applicable,external_scattered_minimum_confirmed_lmax,external_scattered_confirmed,scattered_scattered_rms,scattered_scattered_successive_change,scattered_scattered_absolute_change,scattered_scattered_change_applicable,scattered_scattered_minimum_confirmed_lmax,scattered_scattered_confirmed,source
n2_pair_f1.0_d2.1,2,pair,4,1,2.1000000000000001,0.055167482766554234,-1.05:0:0;1.05:0:0,2,21,6,3,1.252595633741499,2.4376883285450575e-17,7.8666548473085565e-18,9.4187735673994262e-17,0,0,1.1688981782766579:2.5981967655329892e-18:0;-1.1688981782766579:1.4552580440351267e-16:0,0:0:0;0:0:0,1.1688981782766579:2.5981967655329892e-18:0;-1.1688981782766579:1.4552580440351267e-16:0,1.1012681558070057:2.4508763303739021e-18:0;-1.1012681558070057:1.3707496853211415e-16:0,0.067630022469652107:1.4732043515908703e-19:0;-0.067630022469652107:8.450835871398537e-18:0,balanced_sqrt,true,true,1.1688981782766579,0,0,false,20,true,1.1688981782766579,0,0,false,20,true,1.1012681558070057,0,0,false,16,true,0.067630022469652107,0,0,false,0,false,t12
n2_pair_f1.0_d2.1,2,pair,4,1,2.1000000000000001,0.055167482766554234,-1.05:0:0;1.05:0:0,3,21,12,6,1.3808982993265744,2.302787441189425e-17,1.5642293497302477e-19,3.5341883666915787e-17,4.109159378404124e-34,0,1.3256610399914373:4.9641484297208664e-18:0;-1.3256610399914373:1.6842413935436402e-16:0,0:0:0;0:0:0,1.3256610399914373:4.9641484297208664e-18:0;-1.3256610399914373:1.6842413935436402e-16:0,1.1583748029910201:4.3157587790994282e-18:0;-1.1583748029910201:1.4712942716162644e-16:0,0.16728623700041714:6.4838965062143781e-19:0;-0.16728623700041714:2.1294712192737576e-17:0,balanced_sqrt,true,true,1.3256610399914373,0.11825259774986821,0.15676286171477938,true,20,true,1.3256610399914373,0.11825259774986821,0.15676286171477938,true,20,true,1.1583748029910201,0.049298937646572047,0.057106647184014481,true,16,true,0.16728623700041714,0.59572273438439849,0.099656214530765036,true,0,false,t12
n2_pair_f1.0_d2.1,2,pair,4,1,2.1000000000000001,0.055167482766554234,-1.05:0:0;1.05:0:0,4,21,20,10,1.4923123412949431,1.1201897131018948e-17,9.783932940943627e-22,5.5493952763691154e-17,0,0,1.4406635683119156:1.1896338953033912e-17:0;-1.4406635683119153:1.8613124643650809e-16:0,0:0:0;0:0:0,1.4406635683119156:1.1896338953033912e-17:0;-1.4406635683119153:1.8613124643650809e-16:0,1.1912578146218211:9.631135272427893e-18:0;-1.1912578146218209:1.536771020338153e-16:0,0.24940575369009452:2.2652036806060187e-18:0;-0.24940575369009452:3.2454144402692797e-17:0,balanced_sqrt,true,true,1.4406635683119156,0.079826082126329717,0.11500252832047819,true,20,true,1.4406635683119156,0.079826082126329717,0.11500252832047819,true,20,true,1.1912578146218211,0.027603606227959959,0.032883011630800874,true,16,true,0.24940575369009452,0.3292607146173423,0.082119516689677374,true,0,false,t12
n2_pair_f1.0_d2.1,2,pair,4,1,2.1000000000000001,0.055167482766554234,-1.05:0:0;1.05:0:0,5,21,30,15,1.5846956861782959,4.6109625681062938e-17,5.2560909100913126e-23,1.4632703437766967e-16,1.0391239639349075e-16,0,1.5109770471833026:1.458730117822895e-17:0;-1.5109770471833019:1.9981288581249469e-16:0,0:0:0;0:0:0,1.5109770471833026:1.458730117822895e-17:0;-1.5109770471833019:1.9981288581249469e-16:0,1.2077281905376389:1.1216261020791361e-17:0;-1.2077281905376385:1.5905899409177468e-16:0,0.30324885664566364:3.3710401574375886e-18:0;-0.30324885664566359:4.0753891720720031e-17:0,balanced_sqrt,true,true,1.5109770471833022,0.046535107202629038,0.070313478871386836,true,20,true,1.5109770471833022,0.046535107202629038,0.070313478871386836,true,20,true,1.2077281905376387,0.013637485689959461,0.016470375915817681,true,16,true,0.30324885664566364,0.17755418289501748,0.0538431029555691,true,0,false,t12
n2_pair_f1.0_d2.1,2,pair,4,1,2.1000000000000001,0.055167482766554234,-1.05:0:0;1.05:0:0,6,21,42,21,1.6588177353569011,1.779343214538463e-17,1.0489601164943057e-24,8.992700131722532e-17,0,0,1.5504857013814624:1.8344965020631023e-17:0;-1.5504857013814621:2.0609360571972169e-16:0,0:0:0;0:0:0,1.5504857013814624:1.8344965020631023e-17:0;-1.5504857013814621:2.0609360571972169e-16:0,1.2156289893417318:1.3150389607058549e-17:0;-1.2156289893417318:1.6036348332176545e-16:0,0.33485671203973044:5.1945754135724744e-18:0;-0.33485671203973033:4.5730122397956228e-17:0,balanced_sqrt,true,true,1.5504857013814621,0.025481469556899672,0.039508654198159965,true,20,true,1.5504857013814621,0.025481469556899672,0.039508654198159965,true,20,true,1.2156289893417318,0.0064993504378103289,0.0079007988040931121,true,16,true,0.33485671203973039,0.09439218106614071,0.031607855394066769,true,0,false,t12
n2_pair_f1.0_d2.1,2,pair,4,1,2.1000000000000001,0.055167482766554234,-1.05:0:0;1.05:0:0,7,21,56,28,1.7167336083843812,1.5549570251611403e-17,3.2839109297156111e-27,1.0504069035638526e-16,9.9897162063809863e-17,0,1.5717087715473537:1.8977864533618156e-17:0;-1.5717087715473534:2.0947692146813058e-16:0,0:0:0;0:0:0,1.5717087715473537:1.8977864533618156e-17:0;-1.5717087715473534:2.0947692146813058e-16:0,1.2192997778501216:1.3298158311749918e-17:0;-1.2192997778501216:1.6066077274645786e-16:0,0.35240899369723211:5.6797062218682374e-18:0;-0.352408993697232:4.881614872167272e-17:0,balanced_sqrt,true,true,1.5717087715473534,0.013503182364374741,0.021223070165891311,true,20,true,1.5717087715473534,0.013503182364374741,0.021223070165891311,true,20,true,1.2192997778501216,0.0030105709646417855,0.0036707885083897551,true,16,true,0.35240899369723205,0.0498065655855012,0.017552281657501667,true,0,false,t12
n2_pair_f1.0_d2.1,2,pair,4,1,2.1000000000000001,0.055167482766554234,-1.05:0:0;1.05:0:0,8,21,72,36,1.7609629025005884,1.1041945068007667e-17,5.9176404002387897e-29,5.5003718797557388e-17,1.1012503651768676e-32,0,1.5828851036440639:2.3347868086613987e-17:0;-1.5828851036440639:2.1513361688917541e-16:0,0:0:0;0:0:0,1.5828851036440639:2.3347868086613987e-17:0;-1.5828851036440639:2.1513361688917541e-16:0,1.2209852681437448:1.619614941989882e-17:0;-1.2209852681437448:1.6334322555708767e-16:0,0.36189983550031912:7.1517186667151686e-18:0;-0.36189983550031907:5.1790391332087722e-17:0,balanced_sqrt,true,true,1.5828851036440639,0.0070607349017187343,0.011176332096710317,true,20,true,1.5828851036440639,0.0070607349017187343,0.011176332096710317,true,20,true,1.2209852681437448,0.0013804345863940128,0.001685490293623193,true,16,true,0.36189983550031912,0.026225051442662708,0.0094908418030870412,true,0,false,t12
n2_pair_f1.0_d2.1,2,pair,4,1,2.1000000000000001,0.055167482766554234,-1.05:0:0;1.05:0:0,9,21,90,45,1.794046766290454,1.4988196796320787e-17,0,9.6557241286753327e-17,1.0971954140124768e-32,0,1.58873503858924:1.8748147958040215e-17:0;-1.58873503858924:2.1661049574042728e-16:0,0:0:0;0:0:0,1.58873503858924:1.8748147958040215e-17:0;-1.58873503858924:2.1661049574042728e-16:0,1.2217596135664524:1.2291398661803455e-17:0;-1.2217596135664524:1.6391869800175867e-16:0,0.36697542502278774:6.45674929623676e-18:0;-0.36697542502278757:5.2691797738668593e-17:0,balanced_sqrt,true,true,1.58873503858924,0.0036821337750382642,0.0058499349451761606,true,20,true,1.58873503858924,0.0036821337750382642,0.0058499349451761606,true,20,true,1.2217596135664524,0.00063379523607528675,0.00077434542270760076,true,16,true,0.36697542502278763,0.013830870342757658,0.0050755895224685599,true,0,false,t12
n2_pair_f1.0_d2.1,2,pair,4,1,2.1000000000000001,0.055167482766554234,-1.05:0:0;1.05:0:0,10,21,110,55,1.8183174877843125,3.777796768436577e-17,2.7414030182504392e-33,2.3251142001363067e-16,0,0,1.5917998139353338:1.1918783047282499e-17:0;-1.5917998139353342:2.1349779507580623e-16:0,0:0:0;0:0:0,1.5917998139353338:1.1918783047282499e-17:0;-1.5917998139353342:2.1349779507580623e-16:0,1.2221181209443275:6.7138665875213059e-18:0;-1.2221181209443277:1.609961363267898e-16:0,0.36968169299100634:5.2049164597611932e-18:0;-0.36968169299100651:5.2501658749016432e-17:0,balanced_sqrt,true,true,1.591799813935334,0.0019253522454667504,0.0030647753460939509,true,20,true,1.591799813935334,0.0019253522454667504,0.0030647753460939509,true,20,true,1.2221181209443275,0.00029334920392001167,0.00035850737787523901,true,16,true,0.36968169299100645,0.0073205355296958267,0.0027062679682187674,true,0,false,t12
n2_pair_f1.0_d2.1,2,pair,4,1,2.1000000000000001,0.055167482766554234,-1.05:0:0;1.05:0:0,11,21,132,66,1.8357943995407513,1.0856470087235538e-17,2.0914819740046831e-35,1.0577237944021628e-16,1.3674690323238292e-33,0,1.5934115848484667:2.6276849022061889e-17:0;-1.5934115848484667:2.1569425712938472e-16:0,0:0:0;0:0:0,1.5934115848484667:2.6276849022061889e-17:0;-1.5934115848484667:2.1569425712938472e-16:0,1.2222859950685865:1.7603804562293104e-17:0;-1.2222859950685865:1.6223166986378603e-16:0,0.3711255897798803:8.6730444597687832e-18:0;-0.37112558977988025:5.3462587265598703e-17:0,balanced_sqrt,true,true,1.5934115848484667,0.0010115220251056304,0.0016117709131326929,true,20,true,1.5934115848484667,0.0010115220251056304,0.0016117709131326929,true,20,true,1.2222859950685865,0.00013734438988599661,0.00016787412425889325,true,16,true,0.37112558977988025,0.0038905880613898129,0.0014438967888738552,true,0,false,t12
n2_pair_f1.0_d2.1,2,pair,4,1,2.1000000000000001,0.055167482766554234,-1.05:0:0;1.05:0:0,12,21,156,78,1.8481541817697988,2.7052578998162533e-17,3.4897626074239042e-37,1.5821528968101931e-16,0,0,1.5942629623643516:1.6591112850436656e-17:0;-1.5942629623643521:2.1497511821371329e-16:0,0:0:0;0:0:0,1.5942629623643516:1.6591112850436656e-17:0;-1.5942629623643521:2.1497511821371329e-16:0,1.2223655964136566:1.0977945326095648e-17:0;-1.2223655964136568:1.6160261956738114e-16:0,0.371897365950695:5.6131675243410073e-18:0;-0.37189736595069522:5.3372498646332157e-17:0,balanced_sqrt,true,true,1.5942629623643518,0.00053402577616338122,0.00085137751588515442,true,20,true,1.5942629623643518,0.00053402577616338122,0.00085137751588515442,true,20,true,1.2223655964136568,6.5120734176240039e-05,7.9601345070234863e-05,true,16,true,0.37189736595069511,0.0020752396802862965,0.00077177617081483629,true,0,false,t12
n2_pair_f1.0_d2.1,2,pair,4,1,2.1000000000000001,0.055167482766554234,-1.05:0:0;1.05:0:0,13,21,182,91,1.8567431010959285,1.8976648324263564e-17,1.6879702744498332e-39,8.371874406103596e-17,1.3663518535979884e-33,0,1.5947144158282125:2.2121377221408272e-17:0;-1.5947144158282127:2.1940303874815315e-16:0,0:0:0;0:0:0,1.5947144158282125:2.2121377221408272e-17:0;-1.5947144158282127:2.1940303874815315e-16:0,1.2224038067762444:1.4559823825338839e-17:0;-1.2224038067762444:1.6495521361727309e-16:0,0.37231060905196822:7.5615533960694341e-18:0;-0.37231060905196833:5.4447825130880054e-17:0,balanced_sqrt,true,true,1.5947144158282127,0.00028309361185921926,0.00045145346386077367,true,20,true,1.5947144158282127,0.00028309361185921926,0.00045145346386077367,true,20,true,1.2224038067762444,3.1258379903474332e-05,3.8210362587665081e-05,true,16,true,0.37231060905196828,0.0011099417830865044,0.0004132431012731641,true,0,false,t12
n2_pair_f1.0_d2.1,2,pair,4,1,2.1000000000000001,0.055167482766554234,-1.05:0:0;1.05:0:0,14,21,210,105,1.8626110574009953,1.7817232640224076e-17,2.2536266085336009e-42,1.6483817152750809e-16,1.0929169509753896e-32,0,1.5949544902431492:1.3595015577004996e-17:0;-1.5949544902431492:2.1374806207806478e-16:0,0:0:0;0:0:0,1.5949544902431492:1.3595015577004996e-17:0;-1.5949544902431492:2.1374806207806478e-16:0,1.2224223536254606:8.2672520111193098e-18:0;-1.2224223536254606:1.6064786197140526e-16:0,0.37253213661768858:5.327763565885687e-18:0;-0.37253213661768858:5.3100200106659532e-17:0,balanced_sqrt,true,true,1.5949544902431492,0.00015052116935321773,0.00024007441493656412,true,20,true,1.5949544902431492,0.00015052116935321773,0.00024007441493656412,true,20,true,1.2224223536254606,1.5172210456720854e-05,1.854684921620553e-05,true,16,true,0.37253213661768858,0.00059465357198873264,0.00022152756572030308,true,0,false,t12_1
n2_pair_f1.0_d2.1,2,pair,4,1,2.1000000000000001,0.055167482766554234,-1.05:0:0;1.05:0:0,15,21,240,120,1.8665551571422412,3.2592951266270726e-17,1.5202386900168239e-44,2.5792782312643551e-16,0,0,1.5950823921545514:2.6742635281171062e-17:0;-1.5950823921545507:2.1705672278307302e-16:0,0:0:0;0:0:0,1.5950823921545514:2.6742635281171062e-17:0;-1.5950823921545507:2.1705672278307302e-16:0,1.2224314428480016:1.7925317507929163e-17:0;-1.2224314428480012:1.630089599115999e-16:0,0.37265094930654979:8.8173177732418994e-18:0;-0.37265094930654957:5.4047762871473109e-17:0,balanced_sqrt,true,true,1.5950823921545509,8.0185144059625183e-05,0.00012790191140188423,true,20,true,1.5950823921545509,8.0185144059625183e-05,0.00012790191140188423,true,20,true,1.2224314428480014,7.4353638349328169e-06,9.0892225408367722e-06,true,16,true,0.37265094930654968,0.00031883103768337757,0.00011881268886110297,true,0,false,t12_1
n2_pair_f1.0_d2.1,2,pair,4,1,2.1000000000000001,0.055167482766554234,-1.05:0:0;1.05:0:0,16,21,272,136,1.8691653836601083,1.4701041106097175e-17,4.7882353501972272e-47,6.5547669895912072e-17,0,0,1.5951505994350368:2.5741776168068353e-17:0;-1.5951505994350368:2.1916052491163769e-16:0,0:0:0;0:0:0,1.5951505994350368:2.5741776168068353e-17:0;-1.5951505994350368:2.1916052491163769e-16:0,1.2224359329955532:1.7280900950442426e-17:0;-1.2224359329955532:1.6467256236526646e-16:0,0.37271466643948353:8.4608752176259261e-18:0;-0.37271466643948353:5.4487962546371243e-17:0,balanced_sqrt,true,true,1.5951505994350368,4.2759147951227863e-05,6.8207280485732547e-05,true,20,true,1.5951505994350368,4.2759147951227863e-05,6.8207280485732547e-05,true,20,true,1.2224359329955532,3.6731148280051191e-06,4.4901475517722389e-06,true,16,true,0.37271466643948353,0.00017095418740167777,6.3717132933849285e-05,true,0,false,t12_1
n2_pair_f1.0_d2.1,2,pair,4,1,2.1000000000000001,0.055167482766554234,-1.05:0:0;1.05:0:0,17,21,306,153,1.8708679119610032,2.4477856913586672e-17,7.2152380415960917e-49,1.7360120828319403e-16,9.842685990329379e-17,0,1.595186984758449:2.0869674858259165e-17:0;-1.5951869847584488:2.1843147558273519e-16:0,0:0:0;0:0:0,1.595186984758449:2.0869674858259165e-17:0;-1.5951869847584488:2.1843147558273519e-16:0,1.2224381657025982:1.3486520865856038e-17:0;-1.2224381657025982:1.6393576357724812e-16:0,0.37274881905585083:7.3831539924031264e-18:0;-0.37274881905585067:5.4495712005487072e-17:0,balanced_sqrt,true,true,1.595186984758449,2.2809440999552907e-05,3.6385323412102544e-05,true,20,true,1.595186984758449,2.2809440999552907e-05,3.6385323412102544e-05,true,20,true,1.2224381657025982,1.8264376126879909e-06,2.2327070450245401e-06,true,16,true,0.37274881905585072,9.1623674231143667e-05,3.4152616367216782e-05,true,0,false,t12_1
n2_pair_f1.0_d2.1,2,pair,4,1,2.1000000000000001,0.055167482766554234,-1.05:0:0;1.05:0:0,18,21,342,171,1.8719635244748982,2.4217418690417334e-17,3.5237027539428649e-51,8.6935321480192872e-17,9.8425662412646729e-17,0,1.595206392517033:2.4000219508287811e-17:0;-1.595206392517033:2.2305117836848994e-16:0,0:0:0;0:0:0,1.595206392517033:2.4000219508287811e-17:0;-1.595206392517033:2.2305117836848994e-16:0,1.2224392817688017:1.5299624942366611e-17:0;-1.2224392817688017:1.6773316781104104e-16:0,0.37276711074823132:8.7005945659212002e-18:0;-0.37276711074823143:5.5318010557448891e-17:0,balanced_sqrt,true,true,1.595206392517033,1.2166299404986887e-05,1.9407758584111257e-05,true,20,true,1.595206392517033,1.2166299404986887e-05,1.9407758584111257e-05,true,20,true,1.2224392817688017,9.1298293510328743e-07,1.1160662034548352e-06,true,16,true,0.37276711074823138,4.9070027513728162e-05,1.8291692380628666e-05,true,0,false,t12_1
n2_pair_f1.0_d2.1,2,pair,4,1,2.1000000000000001,0.055167482766554234,-1.05:0:0;1.05:0:0,19,21,380,190,1.8726599101000172,1.8771386050754857e-17,6.5586975332562863e-54,2.1647011664379658e-16,1.3659215969417182e-33,0,1.5952167407740925:2.6879257284088314e-17:0;-1.5952167407740931:2.1858407549902961e-16:0,0:0:0;0:0:0,1.5952167407740925:2.6879257284088314e-17:0;-1.5952167407740931:2.1858407549902961e-16:0,1.2224398420257958:1.8327331398341127e-17:0;-1.2224398420257963:1.6365449547870696e-16:0,0.37277689874829678:8.5519258857471885e-18:0;-0.37277689874829689:5.4929580020322636e-17:0,balanced_sqrt,true,true,1.5952167407740927,6.4870539502924586e-06,1.0348257059811239e-05,true,20,true,1.5952167407740927,6.4870539502924586e-06,1.0348257059811239e-05,true,20,true,1.222439842025796,4.5831048293107167e-07,5.6025699435302556e-07,true,16,true,0.37277689874829684,2.6256992046245821e-05,9.7880000654582133e-06,true,0,false,t12_1
n2_pair_f1.0_d2.1,2,pair,4,1,2.1000000000000001,0.055167482766554234,-1.05:0:0;1.05:0:0,20,21,420,210,1.8730975915238157,2.5125105252098968e-17,0,5.5710934221892589e-17,0,0,1.5952222558190035:2.1580542673022975e-17:0;-1.5952222558190035:2.2049910985548218e-16:0,0:0:0;0:0:0,1.5952222558190035:2.1580542673022975e-17:0;-1.5952222558190035:2.2049910985548218e-16:0,1.2224401242367531:1.4291138053488337e-17:0;-1.2224401242367531:1.6570368557731418e-16:0,0.37278213158225032:7.2894046195346378e-18:0;-0.37278213158225032:5.4795424278167998e-17:0,balanced_sqrt,true,true,1.5952222558190035,3.4572266594981604e-06,5.5150449106422528e-06,true,20,true,1.5952222558190035,3.4572266594981604e-06,5.5150449106422528e-06,true,20,true,1.2224401242367531,2.3085871565605393e-07,2.8221095704772381e-07,true,16,true,0.37278213158225032,1.4037244573051483e-05,5.2328339534835067e-06,true,0,false,t12_1
n2_pair_f1.0_d2.1,2,pair,4,1,2.1000000000000001,0.055167482766554234,-1.05:0:0;1.05:0:0,21,21,462,231,1.8733698935724215,9.4923257374352724e-18,1.3375809704507091e-58,1.3174914375953637e-16,0,0,1.5952251935276383:2.0267380720033954e-17:0;-1.5952251935276387:2.1705183768545426e-16:0,0:0:0;0:0:0,1.5952251935276383:2.0267380720033954e-17:0;-1.5952251935276387:2.1705183768545426e-16:0,1.2224402667927545:1.2911123831724803e-17:0;-1.222440266792755:1.629827133690103e-16:0,0.37278492673488367:7.3562568883091512e-18:0;-0.37278492673488373:5.4069124316443964e-17:0,balanced_sqrt,true,true,1.5952251935276383,1.8415635904820536e-06,2.9377086350201864e-06,true,20,true,1.5952251935276383,1.8415635904820536e-06,2.9377086350201864e-06,true,20,true,1.2224402667927547,1.1661592434607722e-07,1.4255600166990234e-07,true,16,true,0.37278492673488367,7.4980301855549266e-06,2.7951526333780397e-06,true,0,false,t12_1
n3_compact_f0.8_d2.1,3,compact,4,0.80000000000000004,2.1000000000000001,0.088267972426486929,-1.05:-0.60621778264910697:0;1.05:-0.60621778264910697:0;0:1.2124355652982139:0,2,20,9,3,1.299616782765441,2.2764318676632818e-17,6.150661402372888e-18,9.7980275257655546e-17,4.4663219912337561e-17,0,1.2428828763401283:0.71757876322614988:0;-1.2428828763401287:0.71757876322615:0;-3.2940849301571854e-16:-1.4351575264523:0,0:0:0;0:0:0;0:0:0,1.2428828763401283:0.71757876322614988:0;-1.2428828763401287:0.71757876322615:0;-3.2940849301571854e-16:-1.4351575264523:0,1.1263963591498947:0.65032524116940649:0;-1.1263963591498951:0.65032524116940649:0;-2.9855155823330612e-16:-1.300650482338813:0,0.11648651719023372:0.067253522056743453:0;-0.11648651719023372:0.067253522056743453:0;-3.0856934782412411e-17:-0.13450704411348707:0,balanced_sqrt,true,true,1.4351575264522995,0,0,false,18,true,1.4351575264522995,0,0,false,18,true,1.3006504823388128,0,0,false,15,true,0.13450704411348691,0,0,false,20,true,t12
n3_compact_f0.8_d2.1,3,compact,4,0.80000000000000004,2.1000000000000001,0.088267972426486929,-1.05:-0.60621778264910697:0;1.05:-0.60621778264910697:0;0:1.2124355652982139:0,3,20,18,6,1.4155192075529326,2.4369604542938326e-17,1.4465980715212666e-19,1.192849638644781e-16,0,0,1.4203126913364548:0.82001791467654495:0;-1.4203126913364552:0.82001791467654495:0;-3.2949232850769317e-16:-1.6400358293530892:0,0:0:0;0:0:0;0:0:0,1.4203126913364548:0.82001791467654495:0;-1.4203126913364552:0.82001791467654495:0;-3.2949232850769317e-16:-1.6400358293530892:0,1.1829797361912078:0.68299366913586712:0;-1.1829797361912082:0.68299366913586712:0;-2.7497813655799065e-16:-1.3659873382717336:0,0.23733295514524697:0.13702424554067785:0;-0.23733295514524705:0.13702424554067788:0;-5.4514191949702528e-17:-0.27404849108135565:0,balanced_sqrt,true,true,1.640035829353089,0.12492306523669269,0.20487830290078934,true,18,true,1.640035829353089,0.12492306523669269,0.20487830290078934,true,18,true,1.3659873382717331,0.047831231009495122,0.065336855932920629,true,15,true,0.27404849108135559,0.50918524096687545,0.13954144696786866,true,20,true,t12
n3_compact_f0.8_d2.1,3,compact,4,0.80000000000000004,2.1000000000000001,0.088267972426486929,-1.05:-0.60621778264910697:0;1.05:-0.60621778264910697:0;0:1.2124355652982139:0,4,20,30,10,1.4945744912282752,1.7988787978891864e-17,2.5336847092590302e-21,1.3032821354991841e-16,8.2078683330876424e-17,0,1.5122892159707628:0.87312058593328856:0;-1.5122892159707628:0.87312058593328834:0;-3.0861669185960698e-16:-1.7462411718665771:0,0:0:0;0:0:0;0:0:0,1.5122892159707628:0.87312058593328856:0;-1.5122892159707628:0.87312058593328834:0;-3.0861669185960698e-16:-1.7462411718665771:0,1.2072943361438633:0.69703170996377029:0;-1.2072943361438633:0.69703170996377017:0;-2.4045406618360577e-16:-1.3940634199275408:0,0.30499487982689955:0.17608887596951825:0;-0.3049948798268996:0.17608887596951822:0;-6.8162625676001204e-17:-0.35217775193903644:0,balanced_sqrt,true,true,1.7462411718665767,0.060819401251411109,0.10620534251348768,true,18,true,1.7462411718665767,0.060819401251411109,0.10620534251348768,true,18,true,1.3940634199275403,0.020139744902901439,0.028076081655807029,true,15,true,0.35217775193903628,0.22184610023635237,0.078129260857680682,true,20,true,t12
n3_compact_f0.8_d2.1,3,compact,4,0.80000000000000004,2.1000000000000001,0.088267972426486929,-1.05:-0.60621778264910697:0;1.05:-0.60621778264910697:0;0:1.2124355652982139:0,5,20,45,15,1.5487269452829762,3.3463847677921694e-17,5.7028292000368295e-23,1.7277505915940924e-16,3.5653963808286417e-17,0,1.5569419302085097:0.89890084251849967:0;-1.5569419302085097:0.89890084251849955:0;-4.4823354559291174e-16:-1.7978016850369987:0,0:0:0;0:0:0;0:0:0,1.5569419302085097:0.89890084251849967:0;-1.5569419302085097:0.89890084251849955:0;-4.4823354559291174e-16:-1.7978016850369987:0,1.2176471811111464:0.70300892779251023:0;-1.2176471811111464:0.70300892779251001:0;-3.6805599930097723e-16:-1.40601785558502:0,0.33929474909736324:0.19589191472598949:0;-0.33929474909736318:0.19589191472598949:0;-8.0177546291934528e-17:-0.3917838294519787:0,balanced_sqrt,true,true,1.797801685036998,0.028679755725871618,0.051560513170421485,true,18,true,1.797801685036998,0.028679755725871618,0.051560513170421485,true,18,true,1.4060178555850196,0.0085023355926764337,0.011954435657479105,true,15,true,0.39178382945197859,0.10109165957242983,0.039606077512942324,true,20,true,t12
n3_compact_f0.8_d2.1,3,compact,4,0.80000000000000004,2.1000000000000001,0.088267972426486929,-1.05:-0.60621778264910697:0;1.05:-0.60621778264910697:0;0:1.2124355652982139:0,6,20,63,21,1.5883829984322027,1.5392684345691657e-17,8.7856626898537634e-25,9.7099108495543908e-17,3.5110620502421848e-17,0,1.581035892755833:0.9128114982810418:0;-1.5810358927558337:0.91281149828104169:0;-5.8187623900124735e-16:-1.8256229965620836:0,0:0:0;0:0:0;0:0:0,1.581035892755833:0.9128114982810418:0;-1.5810358927558337:0.91281149828104169:0;-5.8187623900124735e-16:-1.8256229965620836:0,1.2226547764711504:0.70590006432160135:0;-1.2226547764711508:0.70590006432160135:0;-4.599253234424971e-16:-1.4118001286432025:0,0.35838111628468261:0.20691143395944042:0;-0.35838111628468272:0.20691143395944039:0;-1.219509155587502e-16:-0.41382286791888107:0,balanced_sqrt,true,true,1.8256229965620825,0.015239352033511885,0.027821311525084432,true,18,true,1.8256229965620825,0.015239352033511885,0.027821311525084432,true,18,true,1.4118001286432018,0.0040956739844891232,0.0057822730581823592,true,15,true,0.41382286791888057,0.053257178796658998,0.022039038466902024,true,20,true,t12
n3_compact_f0.8_d2.1,3,compact,4,0.80000000000000004,2.1000000000000001,0.088267972426486929,-1.05:-0.60621778264910697:0;1.05:-0.60621778264910697:0;0:1.2124355652982139:0,7,20,84,28,1.6186150218899025,1.4740546876749413e-17,1.2069872665760486e-26,1.2479251164199952e-16,6.9636664192604973e-17,0,1.5943081672528703:0.92047424953466428:0;-1.5943081672528703:0.92047424953466395:0;-4.9078226617387812e-16:-1.840948499069329:0,0:0:0;0:0:0;0:0:0,1.5943081672528703:0.92047424953466428:0;-1.5943081672528703:0.92047424953466395:0;-4.9078226617387812e-16:-1.840948499069329:0,1.2250774745248236:0.70729880969505421:0;-1.2250774745248236:0.70729880969505388:0;-3.7832963784749702e-16:-1.4145976193901084:0,0.36923069272804676:0.2131754398396101:0;-0.36923069272804665:0.21317543983961004:0;-1.1245262832638111e-16:-0.42635087967922053:0,balanced_sqrt,true,true,1.8409484990693279,0.0083247861170440782,0.015325502507245474,true,18,true,1.8409484990693279,0.0083247861170440782,0.015325502507245474,true,18,true,1.414597619390108,0.0019775876253151675,0.0027974907469061729,true,15,true,0.42635087967921997,0.029384275622382317,0.01252801176033936,true,20,true,t12
n3_compact_f0.8_d2.1,3,compact,4,0.80000000000000004,2.1000000000000001,0.088267972426486929,-1.05:-0.60621778264910697:0;1.05:-0.60621778264910697:0;0:1.2124355652982139:0,8,20,108,36,1.6410329428961083,3.7818572900160906e-17,1.002020796378943e-28,2.721120829277024e-16,0,0,1.6011127751926768:0.92440289176044144:0;-1.6011127751926761:0.92440289176044144:0;-3.2386795827443131e-16:-1.8488057835208824:0,0:0:0;0:0:0;0:0:0,1.6011127751926768:0.92440289176044144:0;-1.6011127751926761:0.92440289176044144:0;-3.2386795827443131e-16:-1.8488057835208824:0,1.2261633814916313:0.70792575837465554:0;-1.2261633814916308:0.70792575837465543:0;-2.4377724591125217e-16:-1.4158515167493106:0,0.37494939370104546:0.21647713338578592:0;-0.37494939370104535:0.216477133385786:0;-8.0090712363179157e-17:-0.43295426677157184:0,balanced_sqrt,true,true,1.8488057835208818,0.0042499242059868539,0.0078572844515538871,true,18,true,1.8488057835208818,0.0042499242059868539,0.0078572844515538871,true,18,true,1.4158515167493104,0.0008856136002744437,0.0012538973592023887,true,15,true,0.43295426677157145,0.015251927510938434,0.0066033870923515089,true,20,true,t12
n3_compact_f0.8_d2.1,3,compact,4,0.80000000000000004,2.1000000000000001,0.088267972426486929,-1.05:-0.60621778264910697:0;1.05:-0.60621778264910697:0;0:1.2124355652982139:0,9,20,135,45,1.6567519893811611,3.8499055632822043e-17,1.0436673103423819e-30,2.4371406622640811e-16,0,0,1.6043240839287694:0.92625694172367579:0;-1.6043240839287694:0.92625694172367579:0;-3.7216514757742737e-16:-1.8525138834473511:0,0:0:0;0:0:0;0:0:0,1.6043240839287694:0.92625694172367579:0;-1.6043240839287694:0.92625694172367579:0;-3.7216514757742737e-16:-1.8525138834473511:0,1.2266145589094213:0.70818624577826905:0;-1.2266145589094213:0.70818624577826905:0;-2.9892746441879649e-16:-1.4163724915565374:0,0.37770952501934812:0.21807069594540676:0;-0.37770952501934812:0.21807069594540673:0;-7.3237683158630872e-17:-0.43614139189081369:0,balanced_sqrt,true,true,1.8525138834473502,0.002001658373306305,0.0037080999264685693,true,18,true,1.8525138834473502,0.002001658373306305,0.0037080999264685693,true,18,true,1.4163724915565372,0.00036782330236757339,0.00052097480722691346,true,15,true,0.43614139189081313,0.007307550208487338,0.0031871251192416693,true,20,true,t12
n3_compact_f0.8_d2.1,3,compact,4,0.80000000000000004,2.1000000000000001,0.088267972426486929,-1.05:-0.60621778264910697:0;1.05:-0.60621778264910697:0;0:1.2124355652982139:0,10,20,165,55,1.6673989431716745,2.5187714741545869e-17,3.0796723670890811e-33,1.1428778810145638e-16,0,0,1.6057831054119971:0.92709930816977093:0;-1.6057831054119975:0.92709930816977082:0;-3.2328405009986176e-16:-1.854198616339541:0,0:0:0;0:0:0;0:0:0,1.6057831054119971:0.92709930816977093:0;-1.6057831054119975:0.92709930816977082:0;-3.2328405009986176e-16:-1.854198616339541:0,1.2267972696844609:0.70829173389342204:0;-1.2267972696844613:0.70829173389342182:0;-2.2997429417971313e-16:-1.4165834677868434:0,0.37898583572753614:0.21880757427634895:0;-0.37898583572753619:0.218807574276349:0;-9.3309755920148648e-17:-0.43761514855269756:0,balanced_sqrt,true,true,1.8541986163395405,0.00090860433037966452,0.0016847328921900887,true,18,true,1.8541986163395405,0.00090860433037966452,0.0016847328921900887,true,18,true,1.4165834677868432,0.00014893314450129623,0.00021097623030604521,true,15,true,0.43761514855269712,0.0033677002881597733,0.0014737566618840002,true,20,true,t12
n3_compact_f0.8_d2.1,3,compact,4,0.80000000000000004,2.1000000000000001,0.088267972426486929,-1.05:-0.60621778264910697:0;1.05:-0.60621778264910697:0;0:1.2124355652982139:0,11,20,198,66,1.6746424929233601,2.14311584128925e-17,4.8313385264356665e-35,1.6215949313675748e-16,4.88679868897741e-17,0,1.6064632069101301:0.92749196495279518:0;-1.6064632069101297:0.9274919649527954:0;-5.0477141322928175e-16:-1.8549839299055895:0,0:0:0;0:0:0;0:0:0,1.6064632069101301:0.92749196495279518:0;-1.6064632069101297:0.9274919649527954:0;-5.0477141322928175e-16:-1.8549839299055895:0,1.2268740801516427:0.70833608043732688:0;-1.2268740801516422:0.7083360804373271:0;-3.795944664781693e-16:-1.4166721608746531:0,0.37958912675848749:0.21915588451546836:0;-0.37958912675848733:0.21915588451546836:0;-1.2517694675111245e-16:-0.43831176903093644:0,balanced_sqrt,true,true,1.8549839299055879,0.00042335329885439242,0.00078531356604741569,true,18,true,1.8549839299055879,0.00042335329885439242,0.00078531356604741569,true,18,true,1.416672160874652,6.2606642706860541e-05,8.8693087808635389e-05,true,15,true,0.43831176903093594,0.0015893264280331034,0.00069662047823880805,true,20,true,t12
n3_compact_f0.8_d2.1,3,compact,4,0.80000000000000004,2.1000000000000001,0.088267972426486929,-1.05:-0.60621778264910697:0;1.05:-0.60621778264910697:0;0:1.2124355652982139:0,12,20,234,78,1.6796710626927192,3.5211606400177981e-17,2.7720838839420052e-37,1.3825049823442323e-16,0,0,1.6067995733526679:0.92768616620893962:0;-1.6067995733526672:0.92768616620893929:0;-4.3469073155821489e-16:-1.8553723324178779:0,0:0:0;0:0:0;0:0:0,1.6067995733526679:0.92768616620893962:0;-1.6067995733526672:0.92768616620893929:0;-4.3469073155821489e-16:-1.8553723324178779:0,1.2269085142461329:0.70835596097104903:0;-1.2269085142461322:0.7083559609710488:0;-3.1991973713926247e-16:-1.4167119219420969:0,0.37989105910653503:0.2193302052378906:0;-0.37989105910653509:0.21933020523789054:0;-1.1477099441895243e-16:-0.43866041047578092:0,balanced_sqrt,true,true,1.8553723324178775,0.00020933938999915744,0.00038840251228967242,true,18,true,1.8553723324178775,0.00020933938999915744,0.00038840251228967242,true,18,true,1.4167119219420969,2.80657392863521e-05,3.97610674450937e-05,true,15,true,0.43866041047578058,0.0007947866653078004,0.00034864144484459655,true,20,true,t12
n3_compact_f0.8_d2.1,3,compact,4,0.80000000000000004,2.1000000000000001,0.088267972426486929,-1.05:-0.60621778264910697:0;1.05:-0.60621778264910697:0;0:1.2124355652982139:0,13,20,273,91,1.6831600882810067,1.6358080179407049e-17,1.7840809591830164e-39,2.236369732013946e-16,0,0,1.6069722889373053:0.92778588359822434:0;-1.6069722889373044:0.92778588359822389:0;9.632604372848636e-17:-1.855571767196448:0,0:0:0;0:0:0;0:0:0,1.6069722889373053:0.92778588359822434:0;-1.6069722889373044:0.92778588359822389:0;9.632604372848636e-17:-1.855571767196448:0,1.2269245431015185:0.70836521523502216:0;-1.2269245431015179:0.70836521523502183:0;1.1464865475350118e-16:-1.4167304304700434:0,0.38004774583578665:0.21942066836320215:0;-0.38004774583578643:0.21942066836320204:0;-1.8322611025014823e-17:-0.43884133672640463:0,balanced_sqrt,true,true,1.855571767196446,0.00010747888176258163,0.00019943477856849146,true,18,true,1.855571767196446,0.00010747888176258163,0.00019943477856849146,true,18,true,1.4167304304700421,1.3064255236444675e-05,1.8508527944898766e-05,true,15,true,0.43884133672640413,0.00041228169609812675,0.00018092625062353105,true,20,true,t12
n3_compact_f0.8_d2.1,3,compact,4,0.80000000000000004,2.1000000000000001,0.088267972426486929,-1.05:-0.60621778264910697:0;1.05:-0.60621778264910697:0;0:1.2124355652982139:0,14,20,315,105,1.6855110147969687,1.7660260098422276e-17,6.644427244595664e-42,1.6463518057450517e-16,6.9084082176528717e-17,0,1.6070605407888796:0.92783683582848608:0;-1.6070605407888792:0.92783683582848575:0;-7.1840986050302297e-16:-1.8556736716569711:0,0:0:0;0:0:0;0:0:0,1.6070605407888796:0.92783683582848608:0;-1.6070605407888792:0.92783683582848575:0;-7.1840986050302297e-16:-1.8556736716569711:0,1.226931984904275:0.70836951176184537:0;-1.2269319849042746:0.70836951176184504:0;-5.5203632380308389e-16:-1.4167390235236899:0,0.38012855588460454:0.21946732406664068:0;-0.3801285558846047:0.21946732406664068:0;-1.6637353669993913e-16:-0.43893464813328131:0,balanced_sqrt,true,true,1.8556736716569708,5.491507590000299e-05,0.00010190446052467978,true,18,true,1.8556736716569708,5.491507590000299e-05,0.00010190446052467978,true,18,true,1.4167390235236899,6.0653751363509249e-06,8.5930536479786772e-06,true,15,true,0.43893464813328081,0.00021258610427225613,9.3311406876767685e-05,true,20,true,t12_1
n3_compact_f0.8_d2.1,3,compact,4,0.80000000000000004,2.1000000000000001,0.088267972426486929,-1.05:-0.60621778264910697:0;1.05:-0.60621778264910697:0;0:1.2124355652982139:0,15,20,360,120,1.6870362721084993,3.1025925170651897e-17,2.2166329696603745e-44,2.2343298312423399e-16,0,0,1.6071045253188876:0.92786223030872605:0;-1.607104525318888:0.92786223030872572:0;-6.5262230256846792e-16:-1.8557244606174514:0,0:0:0;0:0:0;0:0:0,1.6071045253188876:0.92786223030872605:0;-1.607104525318888:0.92786223030872572:0;-6.5262230256846792e-16:-1.8557244606174514:0,1.2269353797673699:0.70837147178696691:0;-1.2269353797673703:0.70837147178696669:0;-4.7914313473768566e-16:-1.4167429435739332:0,0.38016914555151765:0.21949075852175917:0;-0.38016914555151776:0.21949075852175906:0;-1.7347916783078226e-16:-0.43898151704351834:0,balanced_sqrt,true,true,1.8557244606174512,2.7368804775986038e-05,5.0788960480661011e-05,true,18,true,1.8557244606174512,2.7368804775986038e-05,5.0788960480661011e-05,true,18,true,1.4167429435739334,2.7669453102623502e-06,3.9200502435691722e-06,true,15,true,0.4389815170435179,0.00010676738864253713,4.686891023707581e-05,true,20,true,t12_1
n3_compact_f0.8_d2.1,3,compact,4,0.80000000000000004,2.1000000000000001,0.088267972426486929,-1.05:-0.60621778264910697:0;1.05:-0.60621778264910697:0;0:1.2124355652982139:0,16,20,408,136,1.6880029083171708,1.7251372407999679e-17,1.5212610138588375e-46,8.3584429307955203e-17,0,0,1.6071261691155343:0.92787472636054713:0;-1.607126169115535:0.92787472636054713:0;-5.2080395412686783e-16:-1.8557494527210947:0,0:0:0;0:0:0;0:0:0,1.6071261691155343:0.92787472636054713:0;-1.607126169115535:0.92787472636054713:0;-5.2080395412686783e-16:-1.8557494527210947:0,1.2269369252736739:0.70837236408544835:0;-1.2269369252736744:0.70837236408544824:0;-3.7611520849835693e-16:-1.4167447281708971:0,0.38018924384186031:0.21950236227509881:0;-0.38018924384186065:0.21950236227509889:0;-1.4468874562851089e-16:-0.43900472455019751:0,balanced_sqrt,true,true,1.8557494527210932,1.3467391088372611e-05,2.49921036418284e-05,true,18,true,1.8557494527210932,1.3467391088372611e-05,2.49921036418284e-05,true,18,true,1.416744728170896,1.2596460936220538e-06,1.7845969625001078e-06,true,15,true,0.43900472455019723,5.2863910981971762e-05,2.3207506679286658e-05,true,20,true,t12_1
n3_compact_f0.8_d2.1,3,compact,4,0.80000000000000004,2.1000000000000001,0.088267972426486929,-1.05:-0.60621778264910697:0;1.05:-0.60621778264910697:0;0:1.2124355652982139:0,17,20,459,153,1.6886141005891282,1.752432023952695e-17,8.1199499750046244e-49,1.8165081201348256e-16,0,0,1.6071369801676152:0.92788096812437904:0;-1.6071369801676163:0.92788096812437915:0;-9.4933709481621778e-16:-1.855761936248757:0,0:0:0;0:0:0;0:0:0,1.6071369801676152:0.92788096812437904:0;-1.6071369801676163:0.92788096812437915:0;-9.4933709481621778e-16:-1.855761936248757:0,1.2269376465458672:0.70837278051214592:0;-1.2269376465458681:0.70837278051214603:0;-7.5879257540035774e-16:-1.4167455610242909:0,0.3801993336217479:0.21950818761223309:0;-0.38019933362174824:0.21950818761223309:0;-1.905445194158601e-16:-0.43901637522446607:0,balanced_sqrt,true,true,1.8557619362487539,6.7269014504602801e-06,1.248352766066072e-05,true,18,true,1.8557619362487539,6.7269014504602801e-06,1.248352766066072e-05,true,18,true,1.4167455610242883,5.8786377396638285e-07,8.3285339225385844e-07,true,15,true,0.43901637522446568,2.6538131436380005e-05,1.1650674268429993e-05,true,20,true,t12_1
n3_compact_f0.8_d2.1,3,compact,4,0.80000000000000004,2.1000000000000001,0.088267972426486929,-1.05:-0.60621778264910697:0;1.05:-0.60621778264910697:0;0:1.2124355652982139:0,18,20,513,171,1.6890027012418194,1.334793010316511e-17,1.7577778834110484e-51,1.5924310592089821e-16,3.4540278620321875e-17,0,1.6071425433898401:0.92788418005222451:0;-1.6071425433898392:0.92788418005222451:0;-5.6387875832238259e-16:-1.855768360104449:0,0:0:0;0:0:0;0:0:0,1.6071425433898401:0.92788418005222451:0;-1.6071425433898392:0.92788418005222451:0;-5.6387875832238259e-16:-1.855768360104449:0,1.2269379951729857:0.7083729817921034:0;-1.2269379951729851:0.70837298179210351:0;-4.368830426006414e-16:-1.416745963584207:0,0.38020454821685429:0.21951119826012105:0;-0.38020454821685418:0.21951119826012103:0;-1.2699571572174119e-16:-0.43902239652024194:0,balanced_sqrt,true,true,1.8557683601044481,3.4615611691892145e-06,6.4238556943475046e-06,true,18,true,1.8557683601044481,3.4615611691892145e-06,6.4238556943475046e-06,true,18,true,1.4167459635842063,2.8414403743840354e-07,4.0255991811737785e-07,true,15,true,0.43902239652024183,1.3715235996895488e-05,6.0212957761977451e-06,true,20,true,t12_1
n3_compact_f0.8_d2.1,3,compact,4,0.80000000000000004,2.1000000000000001,0.088267972426486929,-1.05:-0.60621778264910697:0;1.05:-0.60621778264910697:0;0:1.2124355652982139:0,19,20,570,190,1.6892486434091956,2.7857150384519537e-17,8.8640083940876902e-54,1.6140117886797462e-16,6.90804320613916e-17,0,1.6071454556603004:0.92788586145235863:0;-1.6071454556603018:0.92788586145235796:0;-4.7999168396041871e-16:-1.8557717229047166:0,0:0:0;0:0:0;0:0:0,1.6071454556603004:0.92788586145235863:0;-1.6071454556603018:0.92788586145235796:0;-4.7999168396041871e-16:-1.8557717229047166:0,1.226938166868407:0.70837308092050033:0;-1.2269381668684081:0.70837308092049978:0;-3.2135559414299716e-16:-1.4167461618410004:0,0.38020728879189347:0.21951278053185827:0;-0.38020728879189375:0.21951278053185819:0;-1.5863608981742158e-16:-0.43902556106371626:0,balanced_sqrt,true,true,1.8557717229047168,1.8120764677886515e-06,3.3628002686632394e-06,true,18,true,1.8557717229047168,1.8120764677886515e-06,3.3628002686632394e-06,true,18,true,1.4167461618410013,1.3993812031079897e-07,1.9825679484556871e-07,true,15,true,0.43902556106371571,7.2081075785697523e-06,3.1645434738892067e-06,true,20,true,t12_1
n3_compact_f0.8_d2.1,3,compact,4,0.80000000000000004,2.1000000000000001,0.088267972426486929,-1.05:-0.60621778264910697:0;1.05:-0.60621778264910697:0;0:1.2124355652982139:0,20,20,630,210,1.6894014020301331,1.6121792945592666e-17,3.1794286264259686e-56,1.7368826440487895e-16,0,0,1.6071469694248983:0.9278867354247583:0;-1.6071469694248983:0.92788673542475797:0;-2.8635816564255622e-16:-1.8557734708495148:0,0:0:0;0:0:0;0:0:0,1.6071469694248983:0.9278867354247583:0;-1.6071469694248983:0.92788673542475797:0;-2.8635816564255622e-16:-1.8557734708495148:0,1.2269382509648379:0.70837312947359954:0;-1.2269382509648381:0.70837312947359932:0;-2.1165729651660648e-16:-1.4167462589471977:0,0.38020871846006038:0.21951360595115876:0;-0.38020871846006027:0.21951360595115865:0;-7.4700869125949737e-17:-0.43902721190231714:0,balanced_sqrt,true,true,1.8557734708495139,9.4189556242410392e-07,1.7479447970575343e-06,true,18,true,1.8557734708495139,9.4189556242410392e-07,1.7479447970575343e-06,true,18,true,1.4167462589471969,6.8541699022660394e-08,9.7106195672238847e-08,true,15,true,0.43902721190231708,3.7602193135187764e-06,1.6508386013553931e-06,true,20,true,t12_1
n3_irregular_f1.0_d2.1,3,irregular,4,1,2.1000000000000001,0.080676724779565265,-0.89090909090909098:-0.76363636363636367:0;1.209090909090909:-0.76363636363636367:0;-0.31818181818181823:1.5272727272727273:0,2,21,9,3,1.2895590687496619,3.3532313321382006e-17,8.2554874433009395e-18,9.4817618262856207e-17,0,0,1.4585638154556639:0.743027187890834:0;-1.4916172643858991:0.34547814166768331:0;0.047359380444853112:-1.0790758758215515:0,0:0:0;0:0:0;0:0:0,1.4585638154556639:0.743027187890834:0;-1.4916172643858991:0.34547814166768331:0;0.047359380444853112:-1.0790758758215515:0,1.3173326216709764:0.67108064851677252:0;-1.3660687912395597:0.31639946457009832:0;0.044147781508169399:-1.0059001387705673:0,0.14123119378468754:0.071946539374061438:0;-0.12554847314633943:0.029078677097584996:0;0.0032115989366837115:-0.073175737050984235:0,balanced_sqrt,true,true,1.4364798028725108,0,0,false,19,true,1.4364798028725108,0,0,false,19,true,1.3122183700769112,0,0,false,16,true,0.12529371633294167,0,0,false,0,false,t12
n3_irregular_f1.0_d2.1,3,irregular,4,1,2.1000000000000001,0.080676724779565265,-0.89090909090909098:-0.76363636363636367:0;1.209090909090909:-0.76363636363636367:0;-0.31818181818181823:1.5272727272727273:0,3,21,18,6,1.4055131488353387,2.0154415264542127e-17,1.5667232309290802e-17,3.7776981891331321e-17,0,0,1.6542979202311119:0.79880131751537098:0;-1.6904174927719331:0.36912125398986573:0;0.048197408071911585:-1.1559627413016036:0,0:0:0;0:0:0;0:0:0,1.6542979202311119:0.79880131751537098:0;-1.6904174927719331:0.36912125398986573:0;0.048197408071911585:-1.1559627413016036:0,1.3851037361684384:0.6908806018943735:0;-1.4266073181864494:0.323704716082027:0;0.045721902997877567:-1.0252697257635752:0,0.26919418406267354:0.10792071562099748:0;-0.26381017458548373:0.045416537907838721:0;0.0024755050740340209:-0.1306930155380284:0,balanced_sqrt,true,true,1.6028224899828056,0.10649959409457928,0.17069994458883167,true,19,true,1.6028224899828056,0.10649959409457928,0.17069994458883167,true,19,true,1.3649285759725844,0.040308247132638385,0.055017878358703122,true,16,true,0.24004003288303752,0.48320885566779342,0.11598946960387206,true,0,false,t12
n3_irregular_f1.0_d2.1,3,irregular,4,1,2.1000000000000001,0.080676724779565265,-0.89090909090909098:-0.76363636363636367:0;1.209090909090909:-0.76363636363636367:0;-0.31818181818181823:1.5272727272727273:0,4,21,30,10,1.5074066082473985,1.7985348249170071e-17,6.6787700797646993e-21,8.355450084012974e-17,0,0,1.7754116955818922:0.81546094332846453:0;-1.8191489815476369:0.37240379706540128:0;0.044339715553883892:-1.1859871247382454:0,0:0:0;0:0:0;0:0:0,1.7754116955818922:0.81546094332846453:0;-1.8191489815476369:0.37240379706540128:0;0.044339715553883892:-1.1859871247382454:0,1.4209066879702217:0.69766470665762315:0;-1.4603487307947216:0.32392914618455071:0;0.044151724012591209:-1.0312731277616867:0,0.35450500761167053:0.11779623667084138:0;-0.35880025075291533:0.048474650880850567:0;0.00018799154129268096:-0.15471399697655863:0,balanced_sqrt,true,true,1.7003511710288888,0.061161014394253359,0.10399520244658342,true,19,true,1.7003511710288888,0.061161014394253359,0.10399520244658342,true,19,true,1.3914900891840654,0.02076613888145357,0.028895876444162513,true,16,true,0.31335476259091227,0.24016069275144566,0.075255496860798285,true,0,false,t12
n3_irregular_f1.0_d2.1,3,irregular,4,1,2.1000000000000001,0.080676724779565265,-0.89090909090909098:-0.76363636363636367:0;1.209090909090909:-0.76363636363636367:0;-0.31818181818181823:1.5272727272727273:0,5,21,45,15,1.5949776012393131,1.6315307288951407e-17,1.1037858118659878e-22,1.2833080212513698e-16,0,0,1.8521115530654539:0.82369282309911795:0;-1.8959701762542158:0.37233915225753655:0;0.042008507210352541:-1.1970995276553364:0,0:0:0;0:0:0;0:0:0,1.8521115530654539:0.82369282309911795:0;-1.8959701762542158:0.37233915225753655:0;0.042008507210352541:-1.1970995276553364:0,1.4385375536495058:0.69972244857418497:0;-1.4779456014506867:0.3237399043696082:0;0.04331495579349573:-1.033843349994606:0,0.41357399941594825:0.12397037452493297:0;-0.41802457480352911:0.048599247887928382:0;-0.0013064485831431865:-0.16325617766073047:0,balanced_sqrt,true,true,1.7584973148651186,0.035937274950831578,0.063195601504606819,true,19,true,1.7584973148651186,0.035937274950831578,0.063195601504606819,true,19,true,1.4046162919163718,0.01033392971675531,0.014515206039673247,true,16,true,0.36063500714711128,0.1349914975040388,0.048682659667168282,true,0,false,t12
n3_irregular_f1.0_d2.1,3,irregular,4,1,2.1000000000000001,0.080676724779565265,-0.89090909090909098:-0.76363636363636367:0;1.209090909090909:-0.76363636363636367:0;-0.31818181818181823:1.5272727272727273:0,6,21,63,21,1.6665610114489935,1.5014192952199716e-17,7.8005817386450643e-25,1.1408955713900073e-16,1.7888011091263754e-17,0,1.8973449296354179:0.82806654366805499:0;-1.9393970412996866:0.37259530206213581:0;0.041323724822995747:-1.2011725613294952:0,0:0:0;0:0:0;0:0:0,1.8973449296354179:0.82806654366805499:0;-1.9393970412996866:0.37259530206213581:0;0.041323724822995747:-1.2011725613294952:0,1.4470153901682594:0.70040970445778028:0;-1.4864650213475008:0.32384540352442159:0;0.043220541130714774:-1.0349369023312607:0,0.45032953946715853:0.12765683921027474:0;-0.45293201995218585:0.048749898537714192:0;-0.0018968163077190284:-0.16623565899823464:0,balanced_sqrt,true,true,1.7916680587281828,0.020299196426289159,0.036369421854831566,true,19,true,1.7916680587281828,0.020299196426289159,0.036369421854831566,true,19,true,1.4108914209981591,0.0049469095563728976,0.0069795522535403302,true,16,true,0.38912501087009227,0.075543315376433565,0.029395793417017518,true,0,false,t12
n3_irregular_f1.0_d2.1,3,irregular,4,1,2.1000000000000001,0.080676724779565265,-0.89090909090909098:-0.76363636363636367:0;1.209090909090909:-0.76363636363636367:0;-0.31818181818181823:1.5272727272727273:0,7,21,84,28,1.7229142891443123,2.0171564785990518e-17,9.8105868215370866e-27,1.242976280362724e-16,7.0859494586295579e-17,0,1.9214705357686797:0.82960062047756:0;-1.9627410963770913:0.37284756840678884:0;0.04119086752645261:-1.2025121970814461:0,0:0:0;0:0:0;0:0:0,1.9214705357686797:0.82960062047756:0;-1.9627410963770913:0.37284756840678884:0;0.04119086752645261:-1.2025121970814461:0,1.4509261738509631:0.7006370412119125:0;-1.4903533204720891:0.32392804068109549:0;0.043263607733906834:-1.0352904772448981:0,0.47054436191771648:0.12896357926564747:0;-0.47238777590500203:0.048919527725693336:0;-0.0020727402074542205:-0.16722171983654799:0,balanced_sqrt,true,true,1.8091790404946619,0.01073324854953593,0.019418368312240135,true,19,true,1.8091790404946619,0.01073324854953593,0.019418368312240135,true,19,true,1.4137255194336433,0.002259041458268495,0.0031936645590127633,true,16,true,0.40478567669158688,0.040086828089508794,0.016226573834631129,true,0,false,t12
n3_irregular_f1.0_d2.1,3,irregular,4,1,2.1000000000000001,0.080676724779565265,-0.89090909090909098:-0.76363636363636367:0;1.209090909090909:-0.76363636363636367:0;-0.31818181818181823:1.5272727272727273:0,8,21,108,36,1.7661155798515018,1.9322427619427427e-17,7.0779394452729941e-29,6.3399622948139873e-17,7.0509764114790376e-17,0,1.9338468799681026:0.82997035423637211:0;-1.9749991612958839:0.37294768986851123:0;0.041153531111223211:-1.2029202114653126:0,0:0:0;0:0:0;0:0:0,1.9338468799681026:0.82997035423637211:0;-1.9749991612958839:0.37294768986851123:0;0.041153531111223211:-1.2029202114653126:0,1.4527037236448501:0.70070765560561366:0;-1.4921172574162442:0.32395332174983776:0;0.0432785310497961:-1.0353938672989271:0,0.4811431563232525:0.12926269863075848:0;-0.48288190387963958:0.048994368118673449:0;-0.0021249999385728889:-0.16752634416638543:0,balanced_sqrt,true,true,1.8181526209173597,0.0055343448046064571,0.010062283511555603,true,19,true,1.8181526209173597,0.0055343448046064571,0.010062283511555603,true,19,true,1.4149926364423377,0.0010231302156245372,0.0014477217212303815,true,16,true,0.41305873470580218,0.020856461770184392,0.0086149437092322995,true,0,false,t12
n3_irregular_f1.0_d2.1,3,irregular,4,1,2.1000000000000001,0.080676724779565265,-0.89090909090909098:-0.76363636363636367:0;1.209090909090909:-0.76363636363636367:0;-0.31818181818181823:1.5272727272727273:0,9,21,135,45,1.7985171203424493,2.1300275793238873e-17,1.0361490837643967e-30,1.073539225051685e-16,0,0,1.9402601655733616:0.83006531967537422:0;-1.9814126523955404:0.37297467892705133:0;0.041134846752366519:-1.2030520713717594:0,0:0:0;0:0:0;0:0:0,1.9402601655733616:0.83006531967537422:0;-1.9814126523955404:0.37297467892705133:0;0.041134846752366519:-1.2030520713717594:0,1.4535175226452295:0.70072988407908077:0;-1.4929281937952148:0.32395978756323812:0;0.043278919154812301:-1.0354311166031902:0,0.48674264292813202:0.1293354355962934:0;-0.48848445860032558:0.049014891363813214:0;-0.0021440724024457823:-0.16762095476856911:0,balanced_sqrt,true,true,1.8227955194592032,0.0028732703460270853,0.0052373843129331649,true,19,true,1.8227955194592032,0.0028732703460270853,0.0052373843129331649,true,19,true,1.4155694680867492,0.00046891349825946938,0.00066377963130985387,true,16,true,0.41743940188527134,0.010956708870583526,0.004573761997567434,true,0,false,t12
n3_irregular_f1.0_d2.1,3,irregular,4,1,2.1000000000000001,0.080676724779565265,-0.89090909090909098:-0.76363636363636367:0;1.209090909090909:-0.76363636363636367:0;-0.31818181818181823:1.5272727272727273:0,10,21,165,55,1.8223303437206204,3.2577959437157261e-17,6.7817144824279844e-33,2.2514482892876733e-16,0,0,1.943632377895854:0.83010722979471163:0;-1.9847750562311164:0.3729835294872379:0;0.041128178344132925:-1.2030996598225239:0,0:0:0;0:0:0;0:0:0,1.943632377895854:0.83010722979471163:0;-1.9847750562311164:0.3729835294872379:0;0.041128178344132925:-1.2030996598225239:0,1.4538946532986996:0.70073771766412274:0;-1.4933047733121512:0.32396257910358883:0;0.043279108409972074:-1.0354472807168296:0,0.48973772459715431:0.12936951213058889:0;-0.49147028291896522:0.049020950383649051:0;-0.0021509300658391476:-0.16765237910569428:0,balanced_sqrt,true,true,1.8252281947734197,0.0015064689705053464,0.0027496496395176453,true,19,true,1.8252281947734197,0.0015064689705053464,0.0027496496395176453,true,19,true,1.4158363915453664,0.00021745444695655687,0.00030787991950446475,true,16,true,0.41977674576351343,0.0058170205294912417,0.0024418499479093832,true,0,false,t12
n3_irregular_f1.0_d2.1,3,irregular,4,1,2.1000000000000001,0.080676724779565265,-0.89090909090909098:-0.76363636363636367:0;1.209090909090909:-0.76363636363636367:0;-0.31818181818181823:1.5272727272727273:0,11,21,198,66,1.8394945418490987,2.5570703179383191e-17,3.119894739977929e-35,1.0614083341597824e-16,7.0187262808941793e-17,0,1.9454099894513355:0.83012589298140549:0;-1.9865422836434881:0.37298806189573791:0;0.041127204460919838:-1.2031169530027344:0,0:0:0;0:0:0;0:0:0,1.9454099894513355:0.83012589298140549:0;-1.9865422836434881:0.37298806189573791:0;0.041127204460919838:-1.2031169530027344:0,1.4540711814018406:0.70074064070780295:0;-1.4934810293750984:0.32396405946025181:0;0.04327997028703974:-1.0354541105446593:0,0.49133880804949503:0.12938525227360248:0;-0.49306125426838965:0.049024002435486123:0;-0.0021527658261199021:-0.16766284245807497:0,balanced_sqrt,true,true,1.8265067947519202,0.00079236370220646846,0.0014472576859949017,true,19,true,1.8265067947519202,0.00079236370220646846,0.0014472576859949017,true,19,true,1.4159610533627063,0.0001017618548220682,0.00014409082314599848,true,16,true,0.42102358770767928,0.0030953248287862892,0.0013032047645362616,true,0,false,t12
n3_irregular_f1.0_d2.1,3,irregular,4,1,2.1000000000000001,0.080676724779565265,-0.89090909090909098:-0.76363636363636367:0;1.209090909090909:-0.76363636363636367:0;-0.31818181818181823:1.5272727272727273:0,12,21,234,78,1.8516375995071637,2.3410481553055816e-17,1.5033565248105106e-37,1.7582172161390928e-16,0,0,1.9463463985106189:0.83013190413232174:0;-1.9874746483642389:0.37299033638757056:0;0.04112744953157909:-1.2031229629214444:0,0:0:0;0:0:0;0:0:0,1.9463463985106189:0.83013190413232174:0;-1.9874746483642389:0.37299033638757056:0;0.04112744953157909:-1.2031229629214444:0,1.4541546958113782:0.70074170080160603:0;-1.493564438614563:0.32396473072053045:0;0.043280555364775486:-1.0354568988085147:0,0.49219170269924062:0.12939020333071571:0;-0.49391020974967592:0.049025605667040097:0;-0.0021531058331963992:-0.16766606411292975:0,balanced_sqrt,true,true,1.8271796920569987,0.00041755193437749129,0.00076294241487366869,true,19,true,1.8271796920569987,0.00041755193437749129,0.00076294241487366869,true,19,true,1.4160198780855562,4.8141983423772326e-05,6.817000549852696e-05,true,16,true,0.42168781784229142,0.0016476365991236158,0.00069478828208153186,true,0,false,t12
n3_irregular_f1.0_d2.1,3,irregular,4,1,2.1000000000000001,0.080676724779565265,-0.89090909090909098:-0.76363636363636367:0;1.209090909090909:-0.76363636363636367:0;-0.31818181818181823:1.5272727272727273:0,13,21,273,91,1.8600760597288475,2.7939656250838631e-17,1.5453535458079908e-39,3.0468033631525018e-16,2.1921174040343818e-18,0,1.9468413455052536:0.83013350299230571:0;-1.9879689120064237:0.37299133121333916:0;0.041127626018567558:-1.2031251722450627:0,0:0:0;0:0:0;0:0:0,1.9468413455052536:0.83013350299230571:0;-1.9879689120064237:0.37299133121333916:0;0.041127626018567558:-1.2031251722450627:0,1.4541947204284136:0.70074209668884802:0;-1.4936044431007698:0.32396500796541611:0;0.043280810640498449:-1.0354581214999528:0,0.49264662507683993:0.12939140630345772:0;-0.494364468905654:0.049026323247923033:0;-0.0021531846219308877:-0.16766705074510999:0,balanced_sqrt,true,true,1.8275354485695501,0.00022097909991042011,0.00040384713847928504,true,19,true,1.8275354485695501,0.00022097909991042011,0.00040384713847928504,true,19,true,1.4160480311745618,2.3078944984705529e-05,3.2680894607178293e-05,true,16,true,0.42204246145853835,0.00087946891691513855,0.00037117322647113983,true,0,false,t12
n3_irregular_f1.0_d2.1,3,irregular,4,1,2.1000000000000001,0.080676724779565265,-0.89090909090909098:-0.76363636363636367:0;1.209090909090909:-0.76363636363636367:0;-0.31818181818181823:1.5272727272727273:0,14,21,315,105,1.8658402146266071,3.1816639806071766e-17,7.9376063336647018e-42,2.6471745859905305e-16,0,0,1.947104334705573:0.83013411201558496:0;-1.9882319300605842:0.37299177669931904:0;0.041127697557677062:-1.2031261282436003:0,0:0:0;0:0:0;0:0:0,1.947104334705573:0.83013411201558496:0;-1.9882319300605842:0.37299177669931904:0;0.041127697557677062:-1.2031261282436003:0,1.454214148265482:0.70074226649076943:0;-1.4936238685080889:0.32396512795449811:0;0.043280920656147699:-1.0354587106215418:0,0.49289018644009108:0.12939184552481553:0;-0.49460806155249526:0.049026648744820947:0;-0.0021532230984706358:-0.16766741762205853:0,balanced_sqrt,true,true,1.827724539359229,0.00011749183933887505,0.00021474271793411393,true,19,true,1.827724539359229,0.00011749183933887505,0.00021474271793411393,true,19,true,1.4160616932493484,1.1204312859684284e-05,1.5865998239779975e-05,true,16,true,0.42223245245515811,0.00047102053752620687,0.00019888015671643716,true,0,false,t12_1
n3_irregular_f1.0_d2.1,3,irregular,4,1,2.1000000000000001,0.080676724779565265,-0.89090909090909098:-0.76363636363636367:0;1.209090909090909:-0.76363636363636367:0;-0.31818181818181823:1.5272727272727273:0,15,21,360,120,1.8697133542749929,2.4837955765780338e-17,4.4268134445167729e-44,2.2862909426893114e-16,0,0,1.9472445111341865:0.83013444951410265:0;-1.9883721547125897:0.37299200307012997:0;0.041127742100633684:-1.2031265814935173:0,0:0:0;0:0:0;0:0:0,1.9472445111341865:0.83013444951410265:0;-1.9883721547125897:0.37299200307012997:0;0.041127742100633684:-1.2031265814935173:0,1.4542236740418799:0.70074234666738788:0;-1.4936333931665888:0.32396518447908151:0;0.043280977045866253:-1.0354590023551984:0,0.49302083709230671:0.12939210284671479:0;-0.49473876154600077:0.049026818591048439:0;-0.0021532349452325675:-0.16766757913831887:0,balanced_sqrt,true,true,1.8278253301550751,6.262841642959122e-05,0.00011447380593750711,true,19,true,1.8278253301550751,6.262841642959122e-05,0.00011447380593750711,true,19,true,1.4160683920661168,5.4936650568516415e-06,7.7794054436057158e-06,true,16,true,0.42233438044530447,0.00025263428845154987,0.00010669614569242565,true,0,false,t12_1
n3_irregular_f1.0_d2.1,3,irregular,4,1,2.1000000000000001,0.080676724779565265,-0.89090909090909098:-0.76363636363636367:0;1.209090909090909:-0.76363636363636367:0;-0.31818181818181823:1.5272727272727273:0,16,21,408,136,1.872275568886737,2.2051103499454101e-17,1.6486890663716726e-46,1.2012993031847782e-16,0,0,1.9473192696665049:0.83013461568452818:0;-1.9884469556010771:0.3729921226606468:0;0.041127773673017134:-1.2031267937868919:0,0:0:0;0:0:0;0:0:0,1.9473192696665049:0.83013461568452818:0;-1.9884469556010771:0.3729921226606468:0;0.041127773673017134:-1.2031267937868919:0,1.4542283799341977:0.7007423842608691:0;-1.493638098904899:0.3239652119518559:0;0.043281007344960924:-1.0354591455072613:0,0.49309088973230714:0.12939223142365905:0;-0.49480885669617813:0.049026910708790908:0;-0.002153233671943788:-0.16766764827963068:0,balanced_sqrt,true,true,1.8278790817660326,3.3403533680092521e-05,6.1057620470908263e-05,true,19,true,1.8278790817660326,3.3403533680092521e-05,6.1057620470908263e-05,true,19,true,1.4160717009591854,2.7140608373333669e-06,3.8433047464293722e-06,true,16,true,0.42238903648306925,0.0001354561322595746,5.7215185190844905e-05,true,0,false,t12_1
n3_irregular_f1.0_d2.1,3,irregular,4,1,2.1000000000000001,0.080676724779565265,-0.89090909090909098:-0.76363636363636367:0;1.209090909090909:-0.76363636363636367:0;-0.31818181818181823:1.5272727272727273:0,17,21,459,153,1.8739459851836708,2.0087221728637269e-17,7.3038068007196215e-49,1.7346793258346372e-16,0,0,1.9473591312754421:0.83013468435140592:0;-1.988486862377588:0.37299218323230565:0;0.041127791821900662:-1.2031268922012461:0,0:0:0;0:0:0;0:0:0,1.9473591312754421:0.83013468435140592:0;-1.988486862377588:0.37299218323230565:0;0.041127791821900662:-1.2031268922012461:0,1.4542307191808048:0.7007424016025765:0;-1.4936404386261173:0.323965225248523:0;0.04328102283902556:-1.0354592158179612:0,0.49312841209463737:0.12939228274882936:0;-0.49484642375147064:0.049026957983782656:0;-0.0021532310171248946:-0.16766767638328495:0,balanced_sqrt,true,true,1.8279077442916072,1.7815672852269901e-05,3.25654063764299e-05,true,19,true,1.8279077442916072,1.7815672852269901e-05,3.25654063764299e-05,true,19,true,1.4160733455160144,1.3492765169269921e-06,1.9106745113510009e-06,true,16,true,0.42241831773187355,7.2570628036019367e-05,3.0655162611720839e-05,true,0,false,t12_1
n3_irregular_f1.0_d2.1,3,irregular,4,1,2.1000000000000001,0.080676724779565265,-0.89090909090909098:-0.76363636363636367:0;1.209090909090909:-0.76363636363636367:0;-0.31818181818181823:1.5272727272727273:0,18,21,513,171,1.87502038837228,1.9657472989849179e-17,4.0391648567838125e-51,2.3916384031774654e-16,0,0,1.9473803859935579:0.83013471354116763:0;-1.9885081521255645:0.37299221308484221:0;0.041127800731235044:-1.2031269395883302:0,0:0:0;0:0:0;0:0:0,1.9473803859935579:0.83013471354116763:0;-1.9885081521255645:0.37299221308484221:0;0.041127800731235044:-1.2031269395883302:0,1.454231888343787:0.70074240984713354:0;-1.4936416082160471:0.32396523169460018:0;0.043281030541638392:-1.0354592508439551:0,0.49314849764977076:0.12939230369403407:0;-0.49486654390951734:0.049026981390242044:0;-0.0021532298104033456:-0.16766768874437507:0,balanced_sqrt,true,true,1.8279230291259001,9.5019047292959797e-06,1.7368750475240424e-05,true,19,true,1.8279230291259001,9.5019047292959797e-06,1.7368750475240424e-05,true,19,true,1.4160741674242125,6.7442476627024714e-07,9.5503548938640929e-07,true,16,true,0.42243399501072421,3.8855611833652427e-05,1.6413931335475764e-05,true,0,false,t12_1
n3_irregular_f1.0_d2.1,3,irregular,4,1,2.1000000000000001,0.080676724779565265,-0.89090909090909098:-0.76363636363636367:0;1.209090909090909:-0.76363636363636367:0;-0.31818181818181823:1.5272727272727273:0,19,21,570,190,1.8757029436896266,2.4685862465070721e-17,8.7701576471442613e-54,2.4922383220860108e-16,3.5066285278743889e-17,0,1.9473917193893742:0.83013472828745549:0;-1.9885195063940837:0.37299222804418425:0;0.04112780507349504:-1.2031269633994848:0,0:0:0;0:0:0;0:0:0,1.9473917193893742:0.83013472828745549:0;-1.9885195063940837:0.37299222804418425:0;0.04112780507349504:-1.2031269633994848:0,1.4542324753371028:0.70074241393210857:0;-1.4936421954132459:0.32396523486760936:0;0.043281034414431714:-1.0354592684831418:0,0.49315924405227141:0.12939231435534698:0;-0.49487731098083781:0.049026993176574871:0;-0.0021532293409366747:-0.16766769491634292:0,balanced_sqrt,true,true,1.8279311795720825,5.0670521319722891e-06,9.2622225805493426e-06,true,19,true,1.8279311795720825,5.0670521319722891e-06,9.2622225805493426e-06,true,19,true,1.416074580069594,3.3860078035542206e-07,4.7948395785304112e-07,true,16,true,0.42244238356930841,2.0790642285216324e-05,8.7828484829036371e-06,true,0,false,t12_1
n3_irregular_f1.0_d2.1,3,irregular,4,1,2.1000000000000001,0.080676724779565265,-0.89090909090909098:-0.76363636363636367:0;1.209090909090909:-0.76363636363636367:0;-0.31818181818181823:1.5272727272727273:0,20,21,630,210,1.8761317166605611,2.0561506488421651e-17,2.9338535811909443e-56,1.508724482677518e-16,0,0,1.9473977603803672:0.83013473615566558:0;-1.9885255584203003:0.37299223571541018:0;0.041127807337571716:-1.2031269754532297:0,0:0:0;0:0:0;0:0:0,1.9473977603803672:0.83013473615566558:0;-1.9885255584203003:0.37299223571541018:0;0.041127807337571716:-1.2031269754532297:0,1.4542327710679515:0.70074241597784059:0;-1.4936424912163466:0.32396523645221337:0;0.043281036391313005:-1.0354592773867168:0,0.49316498931241581:0.12939232017782495:0;-0.49488306720395364:0.049026999263196799:0;-0.0021532290537412879:-0.16766769806651277:0,balanced_sqrt,true,true,1.8279355237809571,2.7008418777700997e-06,4.936964812491231e-06,true,19,true,1.8279355237809571,2.7008418777700997e-06,4.936964812491231e-06,true,19,true,1.4160747879534559,1.7058050093232943e-07,2.4155474668674266e-07,true,16,true,0.42244686823186944,1.1114926487593348e-05,4.6954658853112626e-06,true,0,false,t12_1
n3_irregular_f1.0_d2.1,3,irregular,4,1,2.1000000000000001,0.080676724779565265,-0.89090909090909098:-0.76363636363636367:0;1.209090909090909:-0.76363636363636367:0;-0.31818181818181823:1.5272727272727273:0,21,21,693,231,1.8763983459086238,2.1247533812899205e-17,7.27506740744836e-59,2.2346649905796499e-16,0,0,1.9474009784136028:0.83013474010987731:0;-1.9885287822163626:0.37299223964612499:0;0.041127808538765541:-1.2031269814878116:0,0:0:0;0:0:0;0:0:0,1.9474009784136028:0.83013474010987731:0;-1.9885287822163626:0.37299223964612499:0;0.041127808538765541:-1.2031269814878116:0,1.4542329204621647:0.70074241699438133:0;-1.4936426406353933:0.32396523724737569:0;0.043281037400609956:-1.0354592818793988:0,0.49316805795143809:0.12939232311549598:0;-0.49488614158096927:0.049027002398749291:0;-0.0021532288618444132:-0.16766769960841282:0,balanced_sqrt,true,true,1.8279378377670878,1.4387093290296878e-06,2.6298712200818651e-06,true,19,true,1.8279378377670878,1.4387093290296878e-06,2.6298712200818651e-06,true,19,true,1.4160748929616136,8.6168636453953212e-08,1.2202124264318e-07,true,16,true,0.42244926348001938,5.9365194686364942e-06,2.5078782771602828e-06,true,0,false,t12_1
n3_linear_f1.0_d2.1,3,linear,4,1,2.1000000000000001,0.081763586247051059,-2.1000000000000001:0:0;0:0:0;2.1000000000000001:0:0,2,21,9,3,1.2664235698851163,2.6594944779396608e-17,2.4819629089686689e-18,8.120338434353399e-17,0,0,1.2396416446409746:9.6427921195038784e-19:0;1.6090015378817905e-16:1.5841774259198555e-16:0;-1.2396416446409748:1.5283825509413648e-16:0,0:0:0;0:0:0;0:0:0,1.2396416446409746:9.6427921195038784e-19:0;1.6090015378817905e-16:1.5841774259198555e-16:0;-1.2396416446409748:1.5283825509413648e-16:0,1.158723074496655:9.1070814461981078e-19:0;1.4314667359553312e-16:1.4093560590074873e-16:0;-1.1587230744966552:1.4284725103698384e-16:0,0.080918570144319579:5.3571067330577096e-20:0;1.7753480192645926e-17:1.7482136691236815e-17:0;-0.080918570144319579:9.9910040571526288e-18:0,balanced_sqrt,true,true,1.0121631644249791,0,0,false,19,true,1.0121631644249791,0,0,false,19,true,0.9460934285685817,0,0,false,17,true,0.066069735856397305,0,0,false,21,true,t12
n3_linear_f1.0_d2.1,3,linear,4,1,2.1000000000000001,0.081763586247051059,-2.1000000000000001:0:0;0:0:0;2.1000000000000001:0:0,3,21,18,6,1.4249654558082552,2.3913762168355095e-17,1.6651388316948158e-19,1.3821397235951391e-16,0,0,1.4712804222236371:6.2578099328865997e-18:0;2.549098800463306e-16:1.7066194808352674e-16:0;-1.4712804222236366:1.8702083483150977e-16:0,0:0:0;0:0:0;0:0:0,1.4712804222236371:6.2578099328865997e-18:0;2.549098800463306e-16:1.7066194808352674e-16:0;-1.4712804222236366:1.8702083483150977e-16:0,1.2681265457265762:5.3882760787069615e-18:0;1.9699998201919638e-16:1.5698601156701272e-16:0;-1.2681265457265758:1.6112353121786299e-16:0,0.20315387649706076:8.6953385417963814e-19:0;5.7909898027134231e-17:1.3675936516514029e-17:0;-0.20315387649706076:2.5897303613646777e-17:0,balanced_sqrt,true,true,1.2012954343315005,0.15744026365318733,0.18913226990652163,true,19,true,1.2012954343315005,0.15744026365318733,0.18913226990652163,true,19,true,1.035420988769437,0.086271730213831235,0.089327560200855249,true,17,true,0.16587444556206363,0.60168827915282086,0.099804709705666322,true,21,true,t12
n3_linear_f1.0_d2.1,3,linear,4,1,2.1000000000000001,0.081763586247051059,-2.1000000000000001:0:0;0:0:0;2.1000000000000001:0:0,4,21,30,10,1.5076722308474229,1.051473283712014e-17,6.8313761472673726e-21,8.5121376493276533e-17,0,0,1.5539359005249374:1.1201201044963839e-17:0;1.390547202795141e-16:2.1551681161920663e-16:0;-1.5539359005249374:1.9491033970085611e-16:0,0:0:0;0:0:0;0:0:0,1.5539359005249374:1.1201201044963839e-17:0;1.390547202795141e-16:2.1551681161920663e-16:0;-1.5539359005249374:1.9491033970085611e-16:0,1.2746871469143735:8.8011791789314289e-18:0;1.1280686315979833e-16:1.6892219462765451e-16:0;-1.2746871469143735:1.5969071419572035e-16:0,0.27924875361056384:2.4000218660324097e-18:0;2.6247857119715776e-17:4.6594616991552125e-17:0;-0.27924875361056384:3.5219625505135773e-17:0,balanced_sqrt,true,true,1.2687833497594583,0.053191047502910857,0.067487915427957706,true,19,true,1.2687833497594583,0.053191047502910857,0.067487915427957706,true,19,true,1.040777697208104,0.005146832462913465,0.0053567084386669907,true,17,true,0.22800565255135435,0.27249853805837881,0.062131206989290734,true,21,true,t12
n3_linear_f1.0_d2.1,3,linear,4,1,2.1000000000000001,0.081763586247051059,-2.1000000000000001:0:0;0:0:0;2.1000000000000001:0:0,5,21,45,15,1.6134462734543225,3.2602901286248088e-17,6.6075239781767611e-23,1.3284600386795927e-16,9.5100473161531528e-17,0,1.6509828042778689:1.0842951640432251e-17:0;5.7869620692026633e-16:2.1267999719450512e-16:0;-1.6509828042778685:2.1849933711903922e-16:0,0:0:0;0:0:0;0:0:0,1.6509828042778689:1.0842951640432251e-17:0;5.7869620692026633e-16:2.1267999719450512e-16:0;-1.6509828042778685:2.1849933711903922e-16:0,1.3048607648971411:8.0496928331798786e-18:0;4.0621333894052321e-16:1.725118768050769e-16:0;-1.3048607648971409:1.7196185481512621e-16:0,0.34612203938072778:2.7932588072523722e-18:0;1.7248286797974312e-16:4.0168120389428231e-17:0;-0.34612203938072772:4.6537482303913003e-17:0,balanced_sqrt,true,true,1.3480218148633489,0.058781292876868667,0.079238465103890543,true,19,true,1.3480218148633489,0.058781292876868667,0.079238465103890543,true,19,true,1.0654143531252529,0.023124013530398422,0.024636655917149031,true,17,true,0.28260746173809598,0.19320724531096545,0.054601809186741589,true,21,true,t12
n3_linear_f1.0_d2.1,3,linear,4,1,2.1000000000000001,0.081763586247051059,-2.1000000000000001:0:0;0:0:0;2.1000000000000001:0:0,6,21,63,21,1.6691526486750632,1.6555979451115178e-17,7.2693578602395238e-25,1.2964892186639394e-16,1.322894305049479e-16,0,1.678475779036076:2.1329415513092836e-17:0;-1.0879369729145593e-15:2.2754674694812318e-16:0;-1.6784757790360769:2.2430223198762045e-16:0,0:0:0;0:0:0;0:0:0,1.678475779036076:2.1329415513092836e-17:0;-1.0879369729145593e-15:2.2754674694812318e-16:0;-1.6784757790360769:2.2430223198762045e-16:0,1.306999337152178:1.529641452045999e-17:0;-7.3850033020640053e-16:1.7171669159732119e-16:0;-1.3069993371521789:1.735677971069257e-16:0,0.37147644188389795:6.0330009926328454e-18:0;-3.4943664270815868e-16:5.5830055350801984e-17:0;-0.37147644188389795:5.0734434880694757e-17:0,balanced_sqrt,true,true,1.3704697347529577,0.016379726834066431,0.022447919889608925,true,19,true,1.3704697347529577,0.016379726834066431,0.022447919889608925,true,19,true,1.0671604900595579,0.0016362458604586418,0.0017461369343049673,true,17,true,0.30330924469339982,0.068253056303081844,0.020701782955303845,true,21,true,t12
n3_linear_f1.0_d2.1,3,linear,4,1,2.1000000000000001,0.081763586247051059,-2.1000000000000001:0:0;0:0:0;2.1000000000000001:0:0,7,21,84,28,1.7348570480636594,1.6725887779974402e-17,7.8087760721836048e-27,3.615452529393351e-17,9.1938648175728236e-17,0,1.7077610883322503:2.236485090975134e-17:0;-2.6964077949383602e-16:2.3260794740528179e-16:0;-1.7077610883322503:2.271233987746424e-16:0,0:0:0;0:0:0;0:0:0,1.7077610883322503:2.236485090975134e-17:0;-2.6964077949383602e-16:2.3260794740528179e-16:0;-1.7077610883322503:2.271233987746424e-16:0,1.3133517735017359:1.5459319628443693e-17:0;-2.1003577085712213e-16:1.7795539526527738e-16:0;-1.3133517735017362:1.7314334414736741e-16:0,0.39440931483051422:6.9055312813076465e-18:0;-5.9605008636713887e-17:5.4652552140004405e-17:0;-0.39440931483051411:5.3980054627275e-17:0,balanced_sqrt,true,true,1.3943810896646947,0.017148364309420454,0.023911354911736852,true,19,true,1.3943810896646947,0.017148364309420454,0.023911354911736852,true,19,true,1.0723472326195327,0.0048368125567915298,0.0051867425599748029,true,17,true,0.32203385704516185,0.05814485633147623,0.01872461235176209,true,21,true,t12
n3_linear_f1.0_d2.1,3,linear,4,1,2.1000000000000001,0.081763586247051059,-2.1000000000000001:0:0;0:0:0;2.1000000000000001:0:0,8,21,108,36,1.7661287902576437,3.3749881928538143e-17,3.1243258241613048e-29,2.0184565990955097e-16,1.2944901879626508e-16,0,1.7153054305842128:1.8984113901037683e-17:0;1.5078652926869041e-17:2.4260584688374607e-16:0;-1.7153054305842124:2.3333293945604693e-16:0,0:0:0;0:0:0;0:0:0,1.7153054305842128:1.8984113901037683e-17:0;1.5078652926869041e-17:2.4260584688374607e-16:0;-1.7153054305842124:2.3333293945604693e-16:0,1.3139702112797296:1.2454048169956976e-17:0;2.0191051564018024e-17:1.7967962408723859e-16:0;-1.3139702112797291:1.7630871787713782e-16:0,0.40133521930448335:6.5300657310807071e-18:0;-5.1123986371489817e-18:6.2926222796507468e-17:0;-0.40133521930448335:5.7024221578909125e-17:0,balanced_sqrt,true,true,1.4005410193187706,0.0043982500827230561,0.0061599296540758167,true,19,true,1.4005410193187706,0.0043982500827230561,0.0061599296540758167,true,19,true,1.0728521849507808,0.00047066346914439278,0.0005049523312480762,true,17,true,0.32768883436798979,0.017257155965459046,0.0056549773228278758,true,21,true,t12
n3_linear_f1.0_d2.1,3,linear,4,1,2.1000000000000001,0.081763586247051059,-2.1000000000000001:0:0;0:0:0;2.1000000000000001:0:0,9,21,135,45,1.8054409318510958,3.0014636419948474e-17,4.9218706411472607e-31,7.9543356955023055e-17,0,0,1.7234884409766593:1.0613353487793608e-17:0;-2.8453800476555823e-16:2.4205502122689485e-16:0;-1.7234884409766584:2.357040246224758e-16:0,0:0:0;0:0:0;0:0:0,1.7234884409766593:1.0613353487793608e-17:0;-2.8453800476555823e-16:2.4205502122689485e-16:0;-1.7234884409766584:2.357040246224758e-16:0,1.3152371135019647:5.6425920006012973e-18:0;-1.4580274525788173e-16:1.8055725593013576e-16:0;-1.315237113501964:1.7668393091163944e-16:0,0.40825132747469456:4.970761487192311e-18:0;-1.387352595076765e-16:6.1497765296759103e-17:0;-0.40825132747469445:5.902009371083635e-17:0,balanced_sqrt,true,true,1.4072224193258989,0.0047479345946812249,0.0066814000071284442,true,19,true,1.4072224193258989,0.0047479345946812249,0.0066814000071284442,true,19,true,1.0738866062836054,0.00096325005524042359,0.001034421332824634,true,17,true,0.33333581304229348,0.016940809998076123,0.0056469786743037192,true,21,true,t12
n3_linear_f1.0_d2.1,3,linear,4,1,2.1000000000000001,0.081763586247051059,-2.1000000000000001:0:0;0:0:0;2.1000000000000001:0:0,10,21,165,55,1.8223001729894217,5.0548624918320884e-17,6.0470888344046047e-33,3.217915897805286e-16,0,0,1.7255071287184538:2.3223641531005917e-17:0;-1.9211641188599204e-15:2.4807972739526233e-16:0;-1.7255071287184542:2.3332472590051574e-16:0,0:0:0;0:0:0;0:0:0,1.7255071287184538:2.3223641531005917e-17:0;-1.9211641188599204e-15:2.4807972739526233e-16:0;-1.7255071287184542:2.3332472590051574e-16:0,1.3154001654030925:1.492257591334632e-17:0;-1.2819130070507542e-15:1.8241255803357829e-16:0;-1.3154001654030929:1.7459377604403986e-16:0,0.41010696331536128:8.3010656176595966e-18:0;-6.3925111180916609e-16:6.5667169361684035e-17:0;-0.41010696331536139:5.8730949856475876e-17:0,balanced_sqrt,true,true,1.4088706709650354,0.0011699098243044858,0.0016482516391364474,true,19,true,1.4088706709650354,0.0011699098243044858,0.0016482516391364474,true,19,true,1.0740197376033904,0.00012395612028704776,0.00013313131978502933,true,17,true,0.3348509333616449,0.0045247606274851308,0.0015151203193514181,true,21,true,t12
n3_linear_f1.0_d2.1,3,linear,4,1,2.1000000000000001,0.081763586247051059,-2.1000000000000001:0:0;0:0:0;2.1000000000000001:0:0,11,21,198,66,1.8432168458699125,1.8683694926574786e-17,2.4083815166449006e-35,7.6062796360674226e-17,0,0,1.7277899476083181:2.1046246105945034e-17:0;1.8551473340919815e-16:2.5116229267266095e-16:0;-1.7277899476083183:2.339214563049165e-16:0,0:0:0;0:0:0;0:0:0,1.7277899476083181:2.1046246105945034e-17:0;1.8551473340919815e-16:2.5116229267266095e-16:0;-1.7277899476083183:2.339214563049165e-16:0,1.3156617704103677:1.3204975415391775e-17:0;1.3914746030162118e-16:1.8510755477923174e-16:0;-1.3156617704103679:1.7523725257671856e-16:0,0.41212817719795031:7.8412706905532588e-18:0;4.6367273107576965e-17:6.6054737893429209e-17:0;-0.41212817719795042:5.8684203728197937e-17:0,balanced_sqrt,true,true,1.4107345847834867,0.0013212363534260189,0.0018639138184513029,true,19,true,1.4107345847834867,0.0013212363534260189,0.0018639138184513029,true,19,true,1.0742333371973842,0.00019883910375652691,0.00021359959399371085,true,17,true,0.3365012475861025,0.0049043331526885843,0.001650314224457592,true,21,true,t12
n3_linear_f1.0_d2.1,3,linear,4,1,2.1000000000000001,0.081763586247051059,-2.1000000000000001:0:0;0:0:0;2.1000000000000001:0:0,12,21,234,78,1.8522899384640126,2.2509458244678704e-17,2.3457829833417534e-37,2.1587977473201743e-16,9.0843915386215685e-17,0,1.7283408052247107:2.442023057341616e-17:0;1.7027529109188475e-16:2.5469223646167568e-16:0;-1.7283408052247105:2.2713087111007653e-16:0,0:0:0;0:0:0;0:0:0,1.7283408052247107:2.442023057341616e-17:0;1.7027529109188475e-16:2.5469223646167568e-16:0;-1.7283408052247105:2.2713087111007653e-16:0,1.3157033055992469:1.5943508073314317e-17:0;7.3985459403775426e-17:1.8800225648756836e-16:0;-1.3157033055992469:1.6949222121548459e-16:0,0.4126374996254637:8.4767225001018412e-18:0;9.6289831688109325e-17:6.6689979974107326e-17:0;-0.4126374996254637:5.7638649894591957e-17:0,balanced_sqrt,true,true,1.411184358143849,0.00031872048309406051,0.00044977336036238928,true,19,true,1.411184358143849,0.00031872048309406051,0.00044977336036238928,true,19,true,1.074267250537092,3.1568810918311843e-05,3.3913339707940196e-05,true,17,true,0.33691710760675692,0.0012343096009830193,0.00041586002065444906,true,21,true,t12
n3_linear_f1.0_d2.1,3,linear,4,1,2.1000000000000001,0.081763586247051059,-2.1000000000000001:0:0;0:0:0;2.1000000000000001:0:0,13,21,273,91,1.8619902606818648,2.9375832767609939e-17,7.4462041281605409e-40,2.4355542304717813e-16,0,0,1.7289857280633318:2.1726797677709122e-17:0;-1.1371926746526146e-15:2.3428607105129779e-16:0;-1.7289857280633323:2.3772844496779836e-16:0,0:0:0;0:0:0;0:0:0,1.7289857280633318:2.1726797677709122e-17:0;-1.1371926746526146e-15:2.3428607105129779e-16:0;-1.7289857280633323:2.3772844496779836e-16:0,1.3157608285992113:1.3531043352557061e-17:0;-6.9782745707095335e-16:1.7204759101286239e-16:0;-1.3157608285992117:1.7727679719576532e-16:0,0.41322489946412061:8.1957543251520609e-18:0;-4.3936521758166121e-16:6.2238480038435403e-17:0;-0.41322489946412061:6.0451647772033038e-17:0,balanced_sqrt,true,true,1.4117109354365458,0.00037300645583922048,0.0005265772926966566,true,19,true,1.4117109354365458,0.00037300645583922048,0.0005265772926966566,true,19,true,1.0743142178698879,4.3718431734955543e-05,4.6967332795836847e-05,true,17,true,0.33739671756665779,0.0014215015586395291,0.00047960995990086505,true,21,true,t12
n3_linear_f1.0_d2.1,3,linear,4,1,2.1000000000000001,0.081763586247051059,-2.1000000000000001:0:0;0:0:0;2.1000000000000001:0:0,14,21,315,105,1.8668497929878272,2.6080846700125103e-17,5.081057008162988e-42,2.0196399527162271e-16,0,0,1.729139142985052:1.9277319200883411e-17:0;9.0521539875638231e-17:2.4495576167157142e-16:0;-1.7291391429850518:2.3215782061472386e-16:0,0:0:0;0:0:0;0:0:0,1.729139142985052:1.9277319200883411e-17:0;9.0521539875638231e-17:2.4495576167157142e-16:0;-1.7291391429850518:2.3215782061472386e-16:0,1.3157712568957121:1.1970741030800193e-17:0;3.2385454091220342e-17:1.8014618403473555e-16:0;-1.3157712568957116:1.7325071974651148e-16:0,0.41336788608933994:7.3065781700832176e-18:0;5.8136085784417889e-17:6.4809577636835876e-17:0;-0.41336788608934005:5.8907100868212384e-17:0,balanced_sqrt,true,true,1.4118361981955931,8.8723294676555845e-05,0.00012526275904753591,true,19,true,1.4118361981955931,8.8723294676555845e-05,0.00012526275904753591,true,19,true,1.0743227325383253,7.9256150684842064e-06,8.5146684374208794e-06,true,17,true,0.33751346565726781,0.00034590646741359247,0.00011674809061002437,true,21,true,t12_1
n3_linear_f1.0_d2.1,3,linear,4,1,2.1000000000000001,0.081763586247051059,-2.1000000000000001:0:0;0:0:0;2.1000000000000001:0:0,15,21,360,120,1.8712700366670323,3.0499241615052654e-17,3.2669200125845466e-44,2.7764852287134503e-16,0,0,1.7293228604473623:7.9683873809556777e-18:0;-1.1556319230716791e-15:2.2237667293306727e-16:0;-1.7293228604473629:2.4033633929946962e-16:0,0:0:0;0:0:0;0:0:0,1.7293228604473623:7.9683873809556777e-18:0;-1.1556319230716791e-15:2.2237667293306727e-16:0;-1.7293228604473629:2.4033633929946962e-16:0,1.3157846923087324:3.2789510050817611e-18:0;-8.0210852900976992e-16:1.6329278679628053e-16:0;-1.3157846923087329:1.7862187007117285e-16:0,0.41353816813862987:4.6894363758739165e-18:0;-3.535233940619092e-16:5.9083886136786719e-17:0;-0.41353816813863004:6.1714469228296787e-17:0,balanced_sqrt,true,true,1.4119862028754266,0.00010623664702101441,0.00015000467983341913,true,19,true,1.4119862028754266,0.00010623664702101441,0.00015000467983341913,true,19,true,1.0743337025071202,1.0210951000817592e-05,1.0969968794827148e-05,true,17,true,0.33765250036830646,0.00041176864050157362,0.00013903471103861464,true,21,true,t12_1
n3_linear_f1.0_d2.1,3,linear,4,1,2.1000000000000001,0.081763586247051059,-2.1000000000000001:0:0;0:0:0;2.1000000000000001:0:0,16,21,408,136,1.8734582740976569,1.6179851624238249e-17,2.3994513689211712e-46,1.3766058179760081e-16,1.2599651634669904e-33,0,1.7293660659875838:2.3763437651544448e-17:0;2.834140811025873e-16:2.4998666254538362e-16:0;-1.7293660659875831:2.3582016797961947e-16:0,0:0:0;0:0:0;0:0:0,1.7293660659875838:2.3763437651544448e-17:0;2.834140811025873e-16:2.4998666254538362e-16:0;-1.7293660659875831:2.3582016797961947e-16:0,1.3157872907903738:1.5192684176312972e-17:0;3.2092662848674049e-16:1.8377989536376558e-16:0;-1.3157872907903734:1.7566873800146343e-16:0,0.41357877519720998:8.5707534752314742e-18:0;-3.7512547384153202e-17:6.6206767181618041e-17:0;-0.4135787751972097:6.015142997815605e-17:0,balanced_sqrt,true,true,1.412021480051294,2.4983455539348408e-05,3.5277175867466438e-05,true,19,true,1.412021480051294,2.4983455539348408e-05,3.5277175867466438e-05,true,19,true,1.0743358241584957,1.9748493234106124e-06,2.1216513754551877e-06,true,17,true,0.33768565589279842,9.8184580580872502e-05,3.3155524492011248e-05,true,21,true,t12_1
n3_linear_f1.0_d2.1,3,linear,4,1,2.1000000000000001,0.081763586247051059,-2.1000000000000001:0:0;0:0:0;2.1000000000000001:0:0,17,21,459,153,1.8753645023052077,3.4714815366066537e-17,4.4217843851109082e-49,2.4516983564539208e-16,0,0,1.7294185165668989:2.2188378908673466e-17:0;-2.0546780070843954e-15:2.4461217226327635e-16:0;-1.7294185165668996:2.3057691941436663e-16:0,0:0:0;0:0:0;0:0:0,1.7294185165668989:2.2188378908673466e-17:0;-2.0546780070843954e-15:2.4461217226327635e-16:0;-1.7294185165668996:2.3057691941436663e-16:0,1.3157905758196506:1.385093619540678e-17:0;-1.5045187056129529e-15:1.8002754550795877e-16:0;-1.3157905758196513:1.7190937632305617e-16:0,0.41362794074724829:8.3374427132666861e-18:0;-5.501593014714425e-16:6.4584626755317585e-17:0;-0.41362794074724835:5.8667543091310461e-17:0,balanced_sqrt,true,true,1.4120643057699731,3.0328447864615113e-05,4.2825718679028565e-05,true,19,true,1.4120643057699731,3.0328447864615113e-05,4.2825718679028565e-05,true,19,true,1.0743385063736688,2.4966201595808519e-06,2.6822151732264829e-06,true,17,true,0.33772579939630432,0.00011886418975868945,4.0143503505847406e-05,true,21,true,t12_1
n3_linear_f1.0_d2.1,3,linear,4,1,2.1000000000000001,0.081763586247051059,-2.1000000000000001:0:0;0:0:0;2.1000000000000001:0:0,18,21,513,171,1.8762811487294984,2.9908256708897683e-17,2.986434151593842e-51,2.9881167504928099e-16,0,0,1.7294307298587568:2.7902230983571381e-17:0;-5.3382150636271332e-16:2.5149696333494636e-16:0;-1.7294307298587563:2.3608375178421685e-16:0,0:0:0;0:0:0;0:0:0,1.7294307298587568:2.7902230983571381e-17:0;-5.3382150636271332e-16:2.5149696333494636e-16:0;-1.7294307298587563:2.3608375178421685e-16:0,1.3157912208482745:1.8680249783640716e-17:0;-2.103112465420565e-16:1.8463969446555099e-16:0;-1.315791220848274:1.7652479146835993e-16:0,0.41363950901048224:9.2219811999306665e-18:0;-3.2351025982065682e-16:6.685726886939537e-17:0;-0.41363950901048224:5.9558960315856902e-17:0,balanced_sqrt,true,true,1.4120742778810165,7.0620300925823807e-06,9.9721110433572727e-06,true,19,true,1.4120742778810165,7.0620300925823807e-06,9.9721110433572727e-06,true,19,true,1.0743390330373346,4.9022110276423747e-07,5.2666366551822671e-07,true,17,true,0.33773524484368206,2.7967017129476092e-05,9.4454473777710579e-06,true,21,true,t12_1
n3_linear_f1.0_d2.1,3,linear,4,1,2.1000000000000001,0.081763586247051059,-2.1000000000000001:0:0;0:0:0;2.1000000000000001:0:0,19,21,570,190,1.8770598370160538,2.1048486796363947e-17,6.6945398692880127e-54,1.1459335477757139e-16,0,0,1.7294456846883404:1.4560124260126308e-17:0;-7.0191958398719021e-16:2.418293267396966e-16:0;-1.7294456846883397:2.4416186479596302e-16:0,0:0:0;0:0:0;0:0:0,1.7294456846883404:1.4560124260126308e-17:0;-7.0191958398719021e-16:2.418293267396966e-16:0;-1.7294456846883397:2.4416186479596302e-16:0,1.3157920487456716:9.0171607001500493e-18:0;-4.9468480827746266e-16:1.7775513320796469e-16:0;-1.3157920487456711:1.8135773043693664e-16:0,0.4136536359426688:5.5429635599762586e-18:0;-2.0723477570972758e-16:6.4074193531731921e-17:0;-0.41365363594266863:6.280413435902638e-17:0,balanced_sqrt,true,true,1.4120864884482398,8.6471808371154038e-06,1.22105672232592e-05,true,19,true,1.4120864884482398,8.6471808371154038e-06,1.22105672232592e-05,true,19,true,1.0743397090127285,6.2920079040706768e-07,6.7597539407650779e-07,true,17,true,0.33774677943551135,3.4151596792510855e-05,1.153459182925068e-05,true,21,true,t12_1
n3_linear_f1.0_d2.1,3,linear,4,1,2.1000000000000001,0.081763586247051059,-2.1000000000000001:0:0;0:0:0;2.1000000000000001:0:0,20,21,630,210,1.8774254684592977,3.5458737852556003e-17,4.7816015020604805e-56,1.7595257345219346e-16,9.0785697304072974e-17,0,1.7294491371531659:2.1926588165216379e-17:0;-8.3036462684246442e-16:2.3954952395036353e-16:0;-1.7294491371531662:2.393859897738044e-16:0,0:0:0;0:0:0;0:0:0,1.7294491371531659:2.1926588165216379e-17:0;-8.3036462684246442e-16:2.3954952395036353e-16:0;-1.7294491371531662:2.393859897738044e-16:0,1.3157922088004588:1.4171185872743179e-17:0;-7.0516029460743082e-16:1.7594489122158251e-16:0;-1.3157922088004592:1.7845561266864764e-16:0,0.41365692835270707:7.7554022924731991e-18:0;-1.252043322350336e-16:6.3604632728781019e-17:0;-0.41365692835270707:6.0930377105156768e-17:0,balanced_sqrt,true,true,1.412089307373966,1.9962800592730818e-06,2.8189257262233861e-06,true,19,true,1.412089307373966,1.9962800592730818e-06,2.8189257262233861e-06,true,19,true,1.0743398396969155,1.2164138575619419e-07,1.3068418687382033e-07,true,17,true,0.33774946767705066,7.9592769096451886e-06,2.6882415393269034e-06,true,21,true,t12_1
n3_linear_f1.0_d2.1,3,linear,4,1,2.1000000000000001,0.081763586247051059,-2.1000000000000001:0:0;0:0:0;2.1000000000000001:0:0,21,21,693,231,1.8777295339624336,1.7417445699913032e-17,3.6366070550097134e-59,2.550830365142931e-16,0,0,1.729453390756847:1.8993143889364851e-17:0;-3.0162637760363999e-15:2.5316788304042141e-16:0;-1.7294533907568483:2.4058771986817956e-16:0,0:0:0;0:0:0;0:0:0,1.729453390756847:1.8993143889364851e-17:0;-3.0162637760363999e-15:2.5316788304042141e-16:0;-1.7294533907568483:2.4058771986817956e-16:0,1.315792421364961:1.1649706081449912e-17:0;-2.1499744506804108e-15:1.8658469080964947e-16:0;-1.3157924213649621:1.79154204023121e-16:0,0.41366096939188596:7.3434378079149385e-18:0;-8.6628932535598901e-16:6.6583192230771948e-17:0;-0.41366096939188624:6.143351584505857e-17:0,balanced_sqrt,true,true,1.4120927804268286,2.4595075555941075e-06,3.4730528626596762e-06,true,19,true,1.4120927804268286,2.4595075555941075e-06,3.4730528626596762e-06,true,19,true,1.0743400132551049,1.6154866003464142e-07,1.7355818956296109e-07,true,17,true,0.3377527671717237,9.7689641470694148e-06,3.2994946730740527e-06,true,21,true,t12_1
n4_irregular_f0.8_d2.1,4,irregular,4,0.80000000000000004,2.1000000000000001,0.077221035034531815,-1.4175000000000002:-1.2075:0;0.68249999999999988:-1.2075:0;-0.78750000000000009:1.3125000000000004:0;1.5225000000000002:1.1025:0,2,20,12,3,1.2287915193517323,5.0271285997165375e-17,1.4256721742458455e-17,1.6075943978212389e-16,6.2854661763626916e-17,0,0.92332300884908403:0.36522309801747793:0;-0.760085327735599:0.5700118577466744:0;0.53690892379942523:-0.54627911992002398:0;-0.70718470765232755:-0.38023108211367429:0,0:0:0;0:0:0;0:0:0;0:0:0,0.92332300884908403:0.36522309801747793:0;-0.760085327735599:0.5700118577466744:0;0.53690892379942523:-0.54627911992002398:0;-0.70718470765232755:-0.38023108211367429:0,0.85077221618943288:0.33652541793652802:0;-0.6913288224717451:0.51844919157360903:0;0.49633492878461677:-0.50499702018413006:0;-0.65692938941328871:-0.35321036898499319:0,0.072550792659651142:0.028697680080949924:0;-0.068756505263853906:0.051562666173065354:0;0.040573995014808455:-0.041282099735893862:0;-0.050255318239038872:-0.027020713128681071:0,balanced_sqrt,true,true,0.88316681171580702,0,0,false,17,true,0.88316681171580702,0,0,false,17,true,0.81263029188257629,0,0,false,14,true,0.070851105665157274,0,0,false,20,true,t12
n4_irregular_f0.8_d2.1,4,irregular,4,0.80000000000000004,2.1000000000000001,0.077221035034531815,-1.4175000000000002:-1.2075:0;0.68249999999999988:-1.2075:0;-0.78750000000000009:1.3125000000000004:0;1.5225000000000002:1.1025:0,3,20,24,6,1.3052422863311022,2.1906813875256886e-17,3.061181853580367e-19,1.4043590889191799e-16,0,0,1.0122252304663113:0.37685592733352946:0;-0.83325683774370285:0.58428603967378845:0;0.56652949976028244:-0.56494774791478908:0;-0.74464167272605741:-0.39681837416141585:0,0:0:0;0:0:0;0:0:0;0:0:0,1.0122252304663113:0.37685592733352946:0;-0.83325683774370285:0.58428603967378845:0;0.56652949976028244:-0.56494774791478908:0;-0.74464167272605741:-0.39681837416141585:0,0.87912339896442437:0.33876015306742335:0;-0.71877143492727313:0.52593501156154432:0;0.50567129911273834:-0.51090266160120612:0;-0.66653611594791806:-0.35784796569489152:0,0.1331018315018869:0.038095774266106115:0;-0.11448540281642967:0.058351028112244144:0;0.060858200647544061:-0.054045086313582992:0;-0.078105556778139351:-0.038970408466524338:0,balanced_sqrt,true,true,0.94265650103421883,0.068134825835762886,0.064227736520916137,true,17,true,0.94265650103421883,0.068134825835762886,0.064227736520916137,true,17,true,0.83215187267096102,0.025869858014172496,0.02152765079222551,true,14,true,0.11171716316468247,0.38460747167208631,0.042967255667146459,true,20,true,t12
n4_irregular_f0.8_d2.1,4,irregular,4,0.80000000000000004,2.1000000000000001,0.077221035034531815,-1.4175000000000002:-1.2075:0;0.68249999999999988:-1.2075:0;-0.78750000000000009:1.3125000000000004:0;1.5225000000000002:1.1025:0,4,20,40,10,1.3748008154202318,2.4859107794327772e-17,7.9705312226583744e-21,1.3022775982757249e-16,0,0,1.0663704173061743:0.37909781664171865:0;-0.88532265572937119:0.59302118271267878:0;0.57941364057222089:-0.57039629200201969:0;-0.76001466835259024:-0.40217455587447548:0,0:0:0;0:0:0;0:0:0;0:0:0,1.0663704173061743:0.37909781664171865:0;-0.88532265572937119:0.59302118271267878:0;0.57941364057222089:-0.57039629200201969:0;-0.76001466835259024:-0.40217455587447548:0,0.89524639775331294:0.33996156365939129:0;-0.73328237747087699:0.52756096193355084:0;0.5088883458299468:-0.51194868398752191:0;-0.67127900860906176:-0.35999658317801414:0,0.17112401955286133:0.039136252982327389:0;-0.1520402782584942:0.065460220779127942:0;0.070525294742274119:-0.058447608014497728:0;-0.088735659743528456:-0.042177972696461348:0,balanced_sqrt,true,true,0.97682778877556653,0.040253836141653433,0.039321065747985308,true,17,true,0.97682778877556653,0.040253836141653433,0.039321065747985308,true,17,true,0.84177423368423454,0.013455539237153456,0.011326526230163,true,14,true,0.13807543396165828,0.20303977362236469,0.028034804854384861,true,20,true,t12
n4_irregular_f0.8_d2.1,4,irregular,4,0.80000000000000004,2.1000000000000001,0.077221035034531815,-1.4175000000000002:-1.2075:0;0.68249999999999988:-1.2075:0;-0.78750000000000009:1.3125000000000004:0;1.5225000000000002:1.1025:0,5,20,60,15,1.4334668274838969,2.330217743231143e-17,1.3075685576461463e-22,1.3425490636728921e-16,0,0,1.0966391072147887:0.38024329643437588:0;-0.91557682818254449:0.5962529535273019:0;0.58499197856716367:-0.57253753174256738:0;-0.766386211969737:-0.4036944466717507:0,0:0:0;0:0:0;0:0:0;0:0:0,1.0966391072147887:0.38024329643437588:0;-0.91557682818254449:0.5962529535273019:0;0.58499197856716367:-0.57253753174256738:0;-0.766386211969737:-0.4036944466717507:0,0.90243788017920235:0.34037981670797085:0;-0.7402716578187184:0.52802032845896374:0;0.51004963012047599:-0.51232024101821283:0;-0.67289678969341338:-0.36030260777890288:0,0.19420122703558645:0.039863479726405041:0;-0.17530517036382606:0.068232625068338118:0;0.074942348446687665:-0.060217290724354541:0;-0.093489422276323619:-0.043391838892847839:0,balanced_sqrt,true,true,0.99515484740613336,0.022026314857578694,0.021919594001013173,true,17,true,0.99515484740613336,0.022026314857578694,0.021919594001013173,true,17,true,0.84591531123615493,0.0060610748403530654,0.0051271560100028916,true,14,true,0.15375012921212555,0.10925763433499705,0.016798375396416963,true,20,true,t12
n4_irregular_f0.8_d2.1,4,irregular,4,0.80000000000000004,2.1000000000000001,0.077221035034531815,-1.4175000000000002:-1.2075:0;0.68249999999999988:-1.2075:0;-0.78750000000000009:1.3125000000000004:0;1.5225000000000002:1.1025:0,6,20,84,21,1.4803730790326159,9.1848331517969171e-18,8.2620670649549348e-25,9.6818501498964156e-17,0,0,1.1126301295772265:0.38069189574558826:0;-0.93086578131582887:0.59661812362945421:0;0.58701029791797044:-0.5731299682634593:0;-0.76876380582592185:-0.4042605057189847:0,0:0:0;0:0:0;0:0:0;0:0:0,1.1126301295772265:0.38069189574558826:0;-0.93086578131582887:0.59661812362945421:0;0.58701029791797044:-0.5731299682634593:0;-0.76876380582592185:-0.4042605057189847:0,0.9056633164083101:0.34041008203720491:0;-0.74348273793661468:0.52819838877831427:0;0.51048096113453945:-0.51250093309641565:0;-0.6733204213058045:-0.36038298831095789:0,0.20696681316891644:0.040281813708383352:0;-0.18738304337921421:0.068419734851139946:0;0.076529336783430976:-0.060629035167043661:0;-0.095443384520117386:-0.043877517408026832:0,balanced_sqrt,true,true,1.0040940953183632,0.011136951420823158,0.011182547161495989,true,17,true,1.0040940953183632,0.011136951420823158,0.011182547161495989,true,17,true,0.84769533033320843,0.0027127078496907106,0.0022995497767410544,true,14,true,0.16187869440451078,0.054888015519923145,0.0088852002908196837,true,20,true,t12
n4_irregular_f0.8_d2.1,4,irregular,4,0.80000000000000004,2.1000000000000001,0.077221035034531815,-1.4175000000000002:-1.2075:0;0.68249999999999988:-1.2075:0;-0.78750000000000009:1.3125000000000004:0;1.5225000000000002:1.1025:0,7,20,112,28,1.5166506845730467,1.6729091850946947e-17,1.233625861230414e-26,1.1513135684492314e-16,0,0,1.1205577169536125:0.3808233157942279:0;-0.93861749040452513:0.5968681057383014:0;0.58769072766516628:-0.57329129172739723:0;-0.7695750954679762:-0.40445153236434028:0,0:0:0;0:0:0;0:0:0;0:0:0,1.1205577169536125:0.3808233157942279:0;-0.93861749040452513:0.5968681057383014:0;0.58769072766516628:-0.57329129172739723:0;-0.7695750954679762:-0.40445153236434028:0,0.90709003139903499:0.34042541155379719:0;-0.74488840307592352:0.52825678287790778:0;0.51062070812208737:-0.51256087740700129:0;-0.67346370224997509:-0.36042898840649512:0,0.21346768555457749:0.040397904240430715:0;-0.19372908732860164:0.068611322860393592:0;0.077070019543078891:-0.060730414320395928:0;-0.096111393218001093:-0.044022543957845141:0,balanced_sqrt,true,true,1.008439449095508,0.0055255992512385603,0.0055722322648415652,true,17,true,1.008439449095508,0.0055255992512385603,0.0055722322648415652,true,17,true,0.8484589445182219,0.0011875344073653243,0.0010075741898522552,true,14,true,0.16601375828797765,0.027497190249136421,0.00456491189561867,true,20,true,t12
n4_irregular_f0.8_d2.1,4,irregular,4,0.80000000000000004,2.1000000000000001,0.077221035034531815,-1.4175000000000002:-1.2075:0;0.68249999999999988:-1.2075:0;-0.78750000000000009:1.3125000000000004:0;1.5225000000000002:1.1025:0,8,20,144,36,1.5440184302789024,1.417672034400189e-17,2.565003645493533e-28,1.5805944066378785e-16,6.1419314895376073e-17,0,1.1243351311838949:0.38085424229447989:0;-0.94241504389165587:0.59698175136907494:0;0.58791583578012041:-0.57334502841573676:0;-0.76982698620754431:-0.40448904869583918:0,0:0:0;0:0:0;0:0:0;0:0:0,1.1243351311838949:0.38085424229447989:0;-0.94241504389165587:0.59698175136907494:0;0.58791583578012041:-0.57334502841573676:0;-0.76982698620754431:-0.40448904869583918:0,0.9076945911131975:0.34043658477962513:0;-0.7454874781998414:0.52827248851380937:0;0.51066084115790433:-0.51257749368794947:0;-0.67351230538860296:-0.36043775849238474:0,0.2166405400706975:0.040417657514854793:0;-0.19692756569181449:0.068709262855265615:0;0.07725499462221605:-0.060767534727787328:0;-0.09631468081894129:-0.044051290203454462:0,balanced_sqrt,true,true,1.0104859348708599,0.0026564766891933891,0.0026843323307422285,true,17,true,1.0104859348708599,0.0026564766891933891,0.0026843323307422285,true,17,true,0.84877475313688278,0.00050299702006393948,0.00042693117153335791,true,14,true,0.16803734774845774,0.013434438584593153,0.0022574874282445781,true,20,true,t12
n4_irregular_f0.8_d2.1,4,irregular,4,0.80000000000000004,2.1000000000000001,0.077221035034531815,-1.4175000000000002:-1.2075:0;0.68249999999999988:-1.2075:0;-0.78750000000000009:1.3125000000000004:0;1.5225000000000002:1.1025:0,9,20,180,45,1.5642554638164352,1.2327405986599045e-17,1.6044542650040797e-30,7.3633948993158342e-17,0,0,1.1261398406388379:0.38086003164349275:0;-0.94422371625559021:0.59699559493561971:0;0.58798603520657267:-0.57336135857339254:0;-0.76990030698868295:-0.40449572760000502:0,0:0:0;0:0:0;0:0:0;0:0:0,1.1261398406388379:0.38086003164349275:0;-0.94422371625559021:0.59699559493561971:0;0.58798603520657267:-0.57336135857339254:0;-0.76990030698868295:-0.40449572760000502:0,0.90795116513462815:0.34043927093126702:0;-0.74574298932533556:0.52827640512634755:0;0.51067192113706983:-0.51258289730962503:0;-0.67352493803136182:-0.3604394917191549:0,0.21818867550420976:0.040420760712225702:0;-0.19848072693025465:0.068719189809272122:0;0.077314114069502823:-0.060778461263767521:0;-0.09637536895732117:-0.044056235880850128:0,balanced_sqrt,true,true,1.0114397624847213,0.0012641231320340174,0.0012785844004159286,true,17,true,1.0114397624847213,0.0012641231320340174,0.0012785844004159286,true,17,true,0.84890551429409877,0.00021354841365659534,0.00018128242592184101,true,14,true,0.16901014708829887,0.0064926404619269872,0.0010973221194617209,true,20,true,t12
n4_irregular_f0.8_d2.1,4,irregular,4,0.80000000000000004,2.1000000000000001,0.077221035034531815,-1.4175000000000002:-1.2075:0;0.68249999999999988:-1.2075:0;-0.78750000000000009:1.3125000000000004:0;1.5225000000000002:1.1025:0,10,20,220,55,1.5789500345818024,2.6547071423767305e-17,1.8895734952262742e-32,2.3949745959715655e-16,0,0,1.1270142567846566:0.38086275294550492:0;-0.94509700696589016:0.59699968128695569:0;0.58800725107748586:-0.57336624626574317:0;-0.76992297169253643:-0.40449850261392162:0,0:0:0;0:0:0;0:0:0;0:0:0,1.1270142567846566:0.38086275294550492:0;-0.94509700696589016:0.59699968128695569:0;0.58800725107748586:-0.57336624626574317:0;-0.76992297169253643:-0.40449850261392162:0,0.9080619536214326:0.34044009110982393:0;-0.74585339746628343:0.5282777482956954:0;0.51067516488073117:-0.51258507748336068:0;-0.67352861608016901:-0.36044067720069062:0,0.21895230316322403:0.040422661835681016:0;-0.19924360949960673:0.068721932991260268:0;0.077332086196754662:-0.060781168782382516:0;-0.09639435561236738:-0.044057825413231007:0,balanced_sqrt,true,true,1.011896282264523,0.00061084720715111698,0.00061811401794788223,true,17,true,1.011896282264523,0.00061084720715111698,0.00061811401794788223,true,17,true,0.84896135089448432,9.2179883981474459e-05,7.8257158830209394e-05,true,14,true,0.16948627411903469,0.0031853085148817483,0.00053986607210694331,true,20,true,t12
n4_irregular_f0.8_d2.1,4,irregular,4,0.80000000000000004,2.1000000000000001,0.077221035034531815,-1.4175000000000002:-1.2075:0;0.68249999999999988:-1.2075:0;-0.78750000000000009:1.3125000000000004:0;1.5225000000000002:1.1025:0,11,20,264,66,1.589433362091865,2.1645088574944669e-17,6.0056300808382531e-35,1.40231959775695e-16,0,0,1.1274403823626076:0.38086432086569211:0;-0.94552354145753248:0.59700252547815491:0;0.58801377715989411:-0.57336795724152501:0;-0.76993025551507432:-0.40449934656667758:0,0:0:0;0:0:0;0:0:0;0:0:0,1.1274403823626076:0.38086432086569211:0;-0.94552354145753248:0.59700252547815491:0;0.58801377715989411:-0.57336795724152501:0;-0.76993025551507432:-0.40449934656667758:0,0.90811020565911871:0.34044051088561267:0;-0.74590157447248673:0.52827828636481333:0;0.51067618014097604:-0.51258597186445087:0;-0.67352988573473671:-0.36044106866398123:0,0.21933017670348887:0.040423809980079446:0;-0.19962196698504575:0.068724239113341606:0;0.077337597018918069:-0.060781985377074174:0;-0.096400369780337655:-0.044058277902696334:0,balanced_sqrt,true,true,1.0121177754860917,0.00029789658717175097,0.00030150643113317121,true,17,true,1.0121177754860917,0.00029789658717175097,0.00030150643113317121,true,17,true,0.84898554230806322,4.0174670511046451e-05,3.4107714430868527e-05,true,14,true,0.16972144706500131,0.0015755387371025789,0.00026740271436801437,true,20,true,t12
n4_irregular_f0.8_d2.1,4,irregular,4,0.80000000000000004,2.1000000000000001,0.077221035034531815,-1.4175000000000002:-1.2075:0;0.68249999999999988:-1.2075:0;-0.78750000000000009:1.3125000000000004:0;1.5225000000000002:1.1025:0,12,20,312,78,1.5967844922953627,2.4955047330927748e-17,4.6518936348188598e-37,2.5912248423797763e-16,0,0,1.1276495646663185:0.38086484721002284:0;-0.94573283698751454:0.59700314136610033:0;0.5880157998862291:-0.57336858712431404:0;-0.7699324480678521:-0.40449952362732833:0,0:0:0;0:0:0;0:0:0;0:0:0,1.1276495646663185:0.38086484721002284:0;-0.94573283698751454:0.59700314136610033:0;0.5880157998862291:-0.57336858712431404:0;-0.7699324480678521:-0.40449952362732833:0,0.90813151179591112:0.34044067231796749:0;-0.7459228682583694:0.52827847214842927:0;0.5106764974625948:-0.51258633079414229:0;-0.67353026482672884:-0.36044118492149591:0,0.21951805287040735:0.04042417489205534:0;-0.19980996872914514:0.068724669217671105:0;0.077339302423634251:-0.060782256330171716:0;-0.09640218324112329:-0.044058338705832409:0,balanced_sqrt,true,true,1.0122258738924284,0.00014617557238811064,0.00014796269650228121,true,17,true,1.0122258738924284,0.00014617557238811064,0.00014796269650228121,true,17,true,0.8489961514362343,1.7744556066781103e-05,1.5065059809641639e-05,true,14,true,0.16983798289949212,0.00078250527746175687,0.00013289911793231221,true,20,true,t12
n4_irregular_f0.8_d2.1,4,irregular,4,0.80000000000000004,2.1000000000000001,0.077221035034531815,-1.4175000000000002:-1.2075:0;0.68249999999999988:-1.2075:0;-0.78750000000000009:1.3125000000000004:0;1.5225000000000002:1.1025:0,13,20,364,91,1.601853193249908,1.7974645569788424e-17,2.3957131523996459e-39,2.7472126391764761e-16,0,0,1.1277533724870841:0.3808650090785628:0;-0.9458366351043388:0.59700330747767827:0;0.58801642114581987:-0.57336882368998143:0;-0.7699331081102786:-0.4044996008591884:0,0:0:0;0:0:0;0:0:0;0:0:0,1.1277533724870841:0.3808650090785628:0;-0.9458366351043388:0.59700330747767827:0;0.58801642114581987:-0.57336882368998143:0;-0.7699331081102786:-0.4044996008591884:0,0.90814109186805603:0.34044073339139869:0;-0.74593244348948118:0.52827854117439166:0;0.51067659507945684:-0.5125864824136831:0;-0.67353038470770454:-0.36044124903029795:0,0.21961228061902802:0.040424275687164092:0;-0.19990419161485756:0.068724766303286652:0;0.077339826066362999:-0.060782341276298307:0;-0.096402723402574095:-0.044058351828890466:0,balanced_sqrt,true,true,1.0122793279670339,7.2510993233532213e-05,7.3401379500662135e-05,true,17,true,1.0122793279670339,7.2510993233532213e-05,7.3401379500662135e-05,true,17,true,0.84900090147907381,7.978225480058858e-06,6.7735206247732868e-06,true,14,true,0.16989630686426704,0.00039217140387934498,6.6628473176875598e-05,true,20,true,t12
n4_irregular_f0.8_d2.1,4,irregular,4,0.80000000000000004,2.1000000000000001,0.077221035034531815,-1.4175000000000002:-1.2075:0;0.68249999999999988:-1.2075:0;-0.78750000000000009:1.3125000000000004:0;1.5225000000000002:1.1025:0,14,20,420,105,1.6052911984003388,1.9171205722274602e-17,1.7174175987951263e-41,1.8606627757631637e-16,0,0,1.1278053463523496:0.38086508860122587:0;-0.94588863121240041:0.59700342479556323:0;0.58801661440731146:-0.57336892134892281:0;-0.76993332390703806:-0.40449963595411659:0,0:0:0;0:0:0;0:0:0;0:0:0,1.1278053463523496:0.38086508860122587:0;-0.94588863121240041:0.59700342479556323:0;0.58801661440731146:-0.57336892134892281:0;-0.76993332390703806:-0.40449963595411659:0,0.90814546604405888:0.34044076059324407:0;-0.74593681629134567:0.52827857114088661:0;0.51067662670810432:-0.51258655101161721:0;-0.67353043150553671:-0.36044127885259514:0,0.21965988030829078:0.040424328007981812:0;-0.19995181492105474:0.068724853654676607:0;0.077339987699207177:-0.060782370337305554:0;-0.09640289240150135:-0.04405835710152143:0,balanced_sqrt,true,true,1.0123060609800871,3.631246432310661e-05,3.6759327723403995e-05,true,17,true,1.0123060609800871,3.631246432310661e-05,3.6759327723403995e-05,true,17,true,0.84900306663228475,3.6430316065538619e-06,3.0929450058025677e-06,true,14,true,0.16992575573395685,0.00019812569655870257,3.3666658718054149e-05,true,20,true,t12_1
n4_irregular_f0.8_d2.1,4,irregular,4,0.80000000000000004,2.1000000000000001,0.077221035034531815,-1.4175000000000002:-1.2075:0;0.68249999999999988:-1.2075:0;-0.78750000000000009:1.3125000000000004:0;1.5225000000000002:1.1025:0,15,20,480,120,1.607586449722527,2.061877633873824e-17,1.1778826577760633e-43,2.50563097810525e-16,5.4835603058273471e-17,0,1.1278315418129052:0.3808651286858068:0;-0.94591483056570091:0.59700346843376806:0;0.58801667674279279:-0.57336896465024079:0;-0.76993339547158723:-0.40449964905779467:0,0:0:0;0:0:0;0:0:0;0:0:0,1.1278315418129052:0.3808651286858068:0;-0.94591483056570091:0.59700346843376806:0;0.58801667674279279:-0.57336896465024079:0;-0.76993339547158723:-0.40449964905779467:0,0.9081474903131147:0.3404407726727442:0;-0.74593883995709565:0.52827858382768633:0;0.51067663812822395:-0.51258658289215819:0;-0.67353044949725616:-0.36044129129034896:0,0.21968405149979053:0.040424356013062622:0;-0.19997599060860521:0.068724884606081685:0;0.077340038614568868:-0.060782381758082572:0;-0.09640294597433105:-0.044058357767445697:0,balanced_sqrt,true,true,1.0123195175270789,1.8299027234995609e-05,1.8524462421745634e-05,true,17,true,1.0123195175270789,1.8299027234995609e-05,1.8524462421745634e-05,true,17,true,0.84900406705527354,1.6858927843307089e-06,1.431329830515911e-06,true,14,true,0.16994069849011154,0.00010058365584257721,1.709325673057656e-05,true,20,true,t12_1
n4_irregular_f0.8_d2.1,4,irregular,4,0.80000000000000004,2.1000000000000001,0.077221035034531815,-1.4175000000000002:-1.2075:0;0.68249999999999988:-1.2075:0;-0.78750000000000009:1.3125000000000004:0;1.5225000000000002:1.1025:0,16,20,544,136,1.6090958354821014,1.7441992834706405e-17,4.1847532931499323e-46,1.6722540085735713e-16,2.7417617019520182e-17,0,1.12784481746494:0.3808651466959902:0;-0.94592810032091368:0.5970034840302485:0;0.58801669756312247:-0.57336898419751925:0;-0.7699334196051052:-0.40449965570541213:0,0:0:0;0:0:0;0:0:0;0:0:0,1.12784481746494:0.3808651466959902:0;-0.94592810032091368:0.5970034840302485:0;0.58801669756312247:-0.57336898419751925:0;-0.7699334196051052:-0.40449965570541213:0,0.9081484388510277:0.34044077799242611:0;-0.74593978812018769:0.52827858933620719:0;0.51067664263120904:-0.51258659779195082:0;-0.6735304566361715:-0.36044129732240388:0,0.21969637861391234:0.040424368703564112:0;-0.19998831220072597:0.068724894694041319:0;0.077340054931913454:-0.060782386405568406:0;-0.09640296296893372:-0.044058358383008242:0,balanced_sqrt,true,true,1.0123263300332819,9.2709687168247376e-06,9.3852457369565512e-06,true,17,true,1.0123263300332819,9.2709687168247376e-06,9.3852457369565512e-06,true,17,true,0.84900453534661535,7.8993389126446567e-07,6.7065745630753144e-07,true,14,true,0.16994831371285635,5.1278213598359492e-05,8.7146459312488551e-06,true,20,true,t12_1
n4_irregular_f0.8_d2.1,4,irregular,4,0.80000000000000004,2.1000000000000001,0.077221035034531815,-1.4175000000000002:-1.2075:0;0.68249999999999988:-1.2075:0;-0.78750000000000009:1.3125000000000004:0;1.5225000000000002:1.1025:0,17,20,612,153,1.6100744630172692,3.153186346311943e-17,1.1103281488097297e-48,3.6042697248473576e-16,0,0,1.1278515723324476:0.38086515505259677:0;-0.94593485172768288:0.59700349287301213:0;0.58801670473817791:-0.57336899315838474:0;-0.76993342843238355:-0.40449965914889507:0,0:0:0;0:0:0;0:0:0;0:0:0,1.1278515723324476:0.38086515505259677:0;-0.94593485172768288:0.59700349287301213:0;0.58801670473817791:-0.57336899315838474:0;-0.76993342843238355:-0.40449965914889507:0,0.90814888797052595:0.3404407804258256:0;-0.7459402370614856:0.52827859189001736:0;0.51067664450259209:-0.51258660482649243:0;-0.6735304598129751:-0.36044130025202087:0,0.21970268436192159:0.040424374626771183:0;-0.19999461466619728:0.068724900982994802:0;0.077340060235585845:-0.060782388331892256:0;-0.096402968619408488:-0.044058358896874206:0,balanced_sqrt,true,true,1.0123297950269818,4.7170387749486059e-06,4.7751988961780479e-06,true,17,true,1.0123297950269818,4.7170387749486059e-06,4.7751988961780479e-06,true,17,true,0.84900475698415789,3.7402093716406236e-07,3.1754555486396175e-07,true,14,true,0.16995220834568192,2.6229024666821621e-05,4.4576806648796986e-06,true,20,true,t12_1
n4_irregular_f0.8_d2.1,4,irregular,4,0.80000000000000004,2.1000000000000001,0.077221035034531815,-1.4175000000000002:-1.2075:0;0.68249999999999988:-1.2075:0;-0.78750000000000009:1.3125000000000004:0;1.5225000000000002:1.1025:0,18,20,684,171,1.6107006891398341,1.7702297012374049e-17,6.7776291327507996e-51,1.4465920114649791e-16,0,0,1.1278550190572307:0.38086515904123663:0;-0.94593829660272433:0.5970034970849919:0;0.58801670731206612:-0.57336899736525482:0;-0.76993343178849327:-0.40449966070916094:0,0:0:0;0:0:0;0:0:0;0:0:0,1.1278550190572307:0.38086515904123663:0;-0.94593829660272433:0.5970034970849919:0;0.58801670731206612:-0.57336899736525482:0;-0.76993343178849327:-0.40449966070916094:0,0.90814910243983282:0.34044078155785418:0;-0.74594045144340448:0.52827859306710923:0;0.51067664531683021:-0.51258660819148116:0;-0.6735304612562244:-0.36044130161649424:0,0.21970591661739791:0.040424377483382429:0;-0.1999978451593199:0.068724904017882685:0;0.077340061995235895:-0.060782389173773627:0;-0.096402970532268914:-0.044058359092666706:0,balanced_sqrt,true,true,1.0123315625343137,2.4068717595924508e-06,2.4365522492079385e-06,true,17,true,1.0123315625343137,2.4068717595924508e-06,2.4365522492079385e-06,true,17,true,0.8490048627839043,1.7860573765630744e-07,1.5163713979131131e-07,true,14,true,0.16995420438218892,1.3444375405108524e-05,2.2849281253906882e-06,true,20,true,t12_1
n4_irregular_f0.8_d2.1,4,irregular,4,0.80000000000000004,2.1000000000000001,0.077221035034531815,-1.4175000000000002:-1.2075:0;0.68249999999999988:-1.2075:0;-0.78750000000000009:1.3125000000000004:0;1.5225000000000002:1.1025:0,19,20,760,190,1.6110966179475477,2.9010233595285502e-17,1.6112672422760005e-53,2.6449759312756863e-16,0,0,1.1278567817407021:0.38086516094535061:0;-0.94594005804478032:0.59700349890700855:0;0.58801670828360297:-0.57336899937512253:0;-0.76993343310163964:-0.40449966146327238:0,0:0:0;0:0:0;0:0:0;0:0:0,1.1278567817407021:0.38086516094535061:0;-0.94594005804478032:0.59700349890700855:0;0.58801670828360297:-0.57336899937512253:0;-0.76993343310163964:-0.40449966146327238:0,0.90814920559614931:0.34044078208841461:0;-0.74594055455268549:0.52827859361294616:0;0.51067664568726978:-0.51258660981555582:0;-0.67353046191709454:-0.36044130227108923:0,0.2197075761445528:0.040424378856936019:0;-0.19999950349209486:0.068724905294062333:0;0.077340062596333248:-0.060782389559566698:0;-0.096402971184545133:-0.044058359192183129:0,balanced_sqrt,true,true,1.0123324661713273,1.2307893649770543e-06,1.2459680331846633e-06,true,17,true,1.0123324661713273,1.2307893649770543e-06,1.2459680331846633e-06,true,17,true,0.84900491365711017,8.5904255990732098e-08,7.2933135440189796e-08,true,14,true,0.16995522899938767,6.9020599482121787e-06,1.1730411790659026e-06,true,20,true,t12_1
n4_irregular_f0.8_d2.1,4,irregular,4,0.80000000000000004,2.1000000000000001,0.077221035034531815,-1.4175000000000002:-1.2075:0;0.68249999999999988:-1.2075:0;-0.78750000000000009:1.3125000000000004:0;1.5225000000000002:1.1025:0,20,20,840,210,1.611344219144162,2.5814375060705686e-17,1.0278012388741378e-55,2.1993673554650326e-16,0,0,1.1278576847137654:0.3808651618737201:0;-0.94594096031525732:0.59700349982640655:0;0.58801670867037925:-0.5733690003432772:0;-0.76993343365475087:-0.40449966184483316:0,0:0:0;0:0:0;0:0:0;0:0:0,1.1278576847137654:0.3808651618737201:0;-0.94594096031525732:0.59700349982640655:0;0.58801670867037925:-0.5733690003432772:0;-0.76993343365475087:-0.40449966184483316:0,0.9081492555081514:0.34044078234095143:0;-0.74594060444162924:0.52827859387396214:0;0.51067664586124661:-0.51258661060305144:0;-0.67353046223053425:-0.36044130258963569:0,0.21970842920561401:0.040424379532768694:0;-0.20000035587362802:0.068724905952444432:0;0.077340062809132651:-0.060782389740225755:0;-0.096402971424216638:-0.044058359255197466:0,balanced_sqrt,true,true,1.0123329290093124,6.3047505438228023e-07,6.3825065847011921e-07,true,17,true,1.0123329290093124,6.3047505438228023e-07,6.3825065847011921e-07,true,17,true,0.84900493826946177,4.156447261837754e-08,3.5288442509568357e-08,true,14,true,0.16995575564679288,3.5477778949285304e-06,6.0296527299956654e-07,true,20,true,t12_1
n4_linear_f0.8_d2.1,4,linear,4,0.80000000000000004,2.1000000000000001,0.077278995715572771,-3.1500000000000004:0:0;-1.05:0:0;1.05:0:0;3.1500000000000004:0:0,2,21,12,3,1.2149989361568967,3.7149968944984873e-17,1.3063090145290589e-17,1.1831602046078649e-16,0,0,0.78184532867462608:1.3928477505950045e-18:0;0.040215303548344128:9.7882710492234752e-17:0;-0.040215303548344128:1.0257854936293066e-16:0;-0.78184532867462608:9.7927911080294932e-17:0,0:0:0;0:0:0;0:0:0;0:0:0,0.78184532867462608:1.3928477505950045e-18:0;0.040215303548344128:9.7882710492234752e-17:0;-0.040215303548344128:1.0257854936293066e-16:0;-0.78184532867462608:9.7927911080294932e-17:0,0.73962824140149219:1.3124911495991388e-18:0;0.036435921607414268:8.8682716726135178e-17:0;-0.036435921607414268:9.2938268387207902e-17:0;-0.73962824140149219:9.2651160948233093e-17:0,0.042217087273133919:8.0356600995865637e-20:0;0.0037793819409298623:9.1999937660995756e-18:0;-0.0037793819409298588:9.6402809757227558e-18:0;-0.042217087273133919:5.2767501320618437e-18:0,balanced_sqrt,true,true,0.5535789865095222,0,0,false,17,true,0.5535789865095222,0,0,false,17,true,0.52363036192625689,0,0,false,15,true,0.029971371220573414,0,0,false,21,true,t12
n4_linear_f0.8_d2.1,4,linear,4,0.80000000000000004,2.1000000000000001,0.077278995715572771,-3.1500000000000004:0:0;-1.05:0:0;1.05:0:0;3.1500000000000004:0:0,3,21,24,6,1.3350568758852046,2.3340842131685983e-17,1.3030452496319054e-19,1.1315738023003054e-16,0,0,0.89071559588202454:3.7622761549111402e-18:0;0.075062320914919892:1.0112133368404021e-16:0;-0.075062320914919975:1.0896231913572958e-16:0;-0.89071559588202454:1.1301730635487038e-16:0,0:0:0;0:0:0;0:0:0;0:0:0,0.89071559588202454:3.7622761549111402e-18:0;0.075062320914919892:1.0112133368404021e-16:0;-0.075062320914919975:1.0896231913572958e-16:0;-0.89071559588202454:1.1301730635487038e-16:0,0.79242342428119372:3.2968125468224728e-18:0;0.060825211920124814:9.4521291795090407e-17:0;-0.060825211920124883:1.007341819928765e-16:0;-0.79242342428119372:1.0050664195084602e-16:0,0.098292171600830772:4.6546360808866751e-19:0;0.014237108994795078:6.6000418889498046e-18:0;-0.014237108994795088:8.2281371428530793e-18:0;-0.098292171600830799:1.2510664404024358e-17:0,balanced_sqrt,true,true,0.63206353508512281,0.12788306538311922,0.080830222383576233,true,17,true,0.63206353508512281,0.12788306538311922,0.080830222383576233,true,17,true,0.56197624049182937,0.073175329737144079,0.041122796702430194,true,15,true,0.070228364179072411,0.5743365892038087,0.040334719147971383,true,21,true,t12
n4_linear_f0.8_d2.1,4,linear,4,0.80000000000000004,2.1000000000000001,0.077278995715572771,-3.1500000000000004:0:0;-1.05:0:0;1.05:0:0;3.1500000000000004:0:0,4,21,40,10,1.3816329323266197,2.9242698849616667e-17,8.2104292141695178e-21,1.0321164483045644e-16,8.4751568284456656e-17,0,0.92613523996391212:1.4549271100691643e-18:0;0.060335152382375731:1.1948988402124503e-16:0;-0.060335152382375891:1.2468042939231861e-16:0;-0.92613523996391178:1.1909142654052282e-16:0,0:0:0;0:0:0;0:0:0;0:0:0,0.92613523996391212:1.4549271100691643e-18:0;0.060335152382375731:1.1948988402124503e-16:0;-0.060335152382375891:1.2468042939231861e-16:0;-0.92613523996391178:1.1909142654052282e-16:0,0.7945117742143184:1.1543653037268721e-18:0;0.048688520236205013:9.9041858929688747e-17:0;-0.048688520236205138:1.0315630992600195e-16:0;-0.79451177421431807:1.0203836127568662e-16:0,0.13162346574959377:3.0056180634229229e-19:0;0.011646632146170715:2.0448025091556287e-17:0;-0.011646632146170757:2.1524119466316659e-17:0;-0.13162346574959374:1.7053065264836196e-17:0,balanced_sqrt,true,true,0.65626473824060416,0.041331133091446919,0.027124165239445986,true,17,true,0.65626473824060416,0.041331133091446919,0.027124165239445986,true,17,true,0.56285856632371467,0.015471126961447439,0.0087080563409324737,true,15,true,0.093435487841298015,0.25300726952426433,0.023639857655394409,true,21,true,t12
n4_linear_f0.8_d2.1,4,linear,4,0.80000000000000004,2.1000000000000001,0.077278995715572771,-3.1500000000000004:0:0;-1.05:0:0;1.05:0:0;3.1500000000000004:0:0,5,21,60,15,1.4567755268481948,2.7541178929573061e-17,3.8270854041462996e-23,1.3387810667116341e-16,8.1167081561198728e-17,0,0.96461592347055836:4.9963180005909976e-18:0;0.070623718780108272:1.1934672382300763e-16:0;-0.07062371878010866:1.2608300057477808e-16:0;-0.96461592347055836:1.2496433268169522e-16:0,0:0:0;0:0:0;0:0:0;0:0:0,0.96461592347055836:4.9963180005909976e-18:0;0.070623718780108272:1.1934672382300763e-16:0;-0.07062371878010866:1.2608300057477808e-16:0;-0.96461592347055836:1.2496433268169522e-16:0,0.80740430767095384:3.8635362290511946e-18:0;0.054610443693216611:1.015676617409895e-16:0;-0.054610443693216895:1.067048784065182e-16:0;-0.80740430767095395:1.0424034519860671e-16:0,0.15721161579960446:1.1327817715398028e-18:0;0.016013275086891661:1.7779062082018128e-17:0;-0.016013275086891769:1.9378122168259876e-17:0;-0.15721161579960444:2.0723987483088509e-17:0,balanced_sqrt,true,true,0.68391212500850207,0.04118327053513042,0.028165738066481077,true,17,true,0.68391212500850207,0.04118327053513042,0.028165738066481077,true,17,true,0.57222548728887568,0.017531748530132032,0.010032113345680832,true,15,true,0.11174058600466284,0.16426548731736176,0.018355121813183516,true,21,true,t12
n4_linear_f0.8_d2.1,4,linear,4,0.80000000000000004,2.1000000000000001,0.077278995715572771,-3.1500000000000004:0:0;-1.05:0:0;1.05:0:0;3.1500000000000004:0:0,6,21,84,21,1.4863098777526915,2.5346608930310241e-17,2.0050313815897912e-24,1.4705157553859279e-16,0,0,0.97481017115570723:4.6622477097565929e-18:0;0.066165299791309751:1.301325383360266e-16:0;-0.066165299791309626:1.3669717917821574e-16:0;-0.97481017115570756:1.2520095857879181e-16:0,0:0:0;0:0:0;0:0:0;0:0:0,0.97481017115570723:4.6622477097565929e-18:0;0.066165299791309751:1.301325383360266e-16:0;-0.066165299791309626:1.3669717917821574e-16:0;-0.97481017115570756:1.2520095857879181e-16:0,0.80806047412178261:3.4605085550611506e-18:0;0.05219520962886362:1.054190255588265e-16:0;-0.052195209628863551:1.1082169565264436e-16:0;-0.80806047412178283:1.0332854110099089e-16:0,0.16674969703392464:1.2017391546954422e-18:0;0.01397009016244613:2.471351277720009e-17:0;-0.013970090162446071:2.5875483525571384e-17:0;-0.1667496970339247:2.1872417477800913e-17:0,balanced_sqrt,true,true,0.69088085683607325,0.011387869745494007,0.0078676612073044945,true,17,true,0.69088085683607325,0.011387869745494007,0.0078676612073044945,true,17,true,0.57257578963230771,0.0030908275590889392,0.0017697330302626475,true,15,true,0.11832291595471382,0.05829343103398963,0.0068974487409466613,true,21,true,t12
n4_linear_f0.8_d2.1,4,linear,4,0.80000000000000004,2.1000000000000001,0.077278995715572771,-3.1500000000000004:0:0;-1.05:0:0;1.05:0:0;3.1500000000000004:0:0,7,21,112,28,1.5314442468444405,3.2902030090066986e-17,9.0858559077420485e-27,1.9870446782285196e-16,0,0,0.98457103564004633:8.3654913553243315e-18:0;0.068715857224052726:1.2753682418826376e-16:0;-0.068715857224052795:1.342238542741294e-16:0;-0.98457103564004689:1.2534058324619073e-16:0,0:0:0;0:0:0;0:0:0;0:0:0,0.98457103564004633:8.3654913553243315e-18:0;0.068715857224052726:1.2753682418826376e-16:0;-0.068715857224052795:1.342238542741294e-16:0;-0.98457103564004689:1.2534058324619073e-16:0,0.8104562882632651:6.358431245580197e-18:0;0.053235526098569609:1.0441325883944986e-16:0;-0.053235526098569651:1.0927658163699932e-16:0;-0.81045628826326543:1.0247140402370164e-16:0,0.1741147473767812:2.0070601097441345e-18:0;0.015480331125483117:2.3123565348813905e-17:0;-0.015480331125483145:2.4947272637130081e-17:0;-0.17411474737678145:2.2869179222489092e-17:0,balanced_sqrt,true,true,0.69789039012417642,0.010221829212872343,0.0071337163771541829,true,17,true,0.69789039012417642,0.010221829212872343,0.0071337163771541829,true,17,true,0.57431411980921221,0.0032158606007857493,0.0018469141503693919,true,15,true,0.12360336950470845,0.04301046991217803,0.0053162390051260857,true,21,true,t12
n4_linear_f0.8_d2.1,4,linear,4,0.80000000000000004,2.1000000000000001,0.077278995715572771,-3.1500000000000004:0:0;-1.05:0:0;1.05:0:0;3.1500000000000004:0:0,8,21,144,36,1.5472651416714502,3.9133060471678878e-17,1.1570645146808163e-28,3.3121947844896322e-16,0,0,0.98694286981202173:2.288107306825954e-18:0;0.067594157851543629:1.2719423873200463e-16:0;-0.067594157851542172:1.4354501671425152e-16:0;-0.98694286981202217:1.2583614860028314e-16:0,0:0:0;0:0:0;0:0:0;0:0:0,0.98694286981202173:2.288107306825954e-18:0;0.067594157851543629:1.2719423873200463e-16:0;-0.067594157851542172:1.4354501671425152e-16:0;-0.98694286981202217:1.2583614860028314e-16:0,0.81063299875655392:1.181248855490195e-18:0;0.052839040106823068:1.0269106947015358e-16:0;-0.052839040106822027:1.151961437225563e-16:0;-0.81063299875655426:1.0249928551036293e-16:0,0.17630987105546775:1.106858451335759e-18:0;0.014755117744720559:2.4503169261851055e-17:0;-0.014755117744720141:2.8348872991695222e-17:0;-0.17630987105546791:2.333686308992022e-17:0,balanced_sqrt,true,true,0.69950882712387874,0.0026521992023097272,0.001855236753306564,true,17,true,0.69950882712387874,0.0026521992023097272,0.001855236753306564,true,17,true,0.57442050051876359,0.0005343520634794721,0.00030694277975711249,true,15,true,0.12510572355263419,0.013066565862697468,0.0016347021766009164,true,21,true,t12
n4_linear_f0.8_d2.1,4,linear,4,0.80000000000000004,2.1000000000000001,0.077278995715572771,-3.1500000000000004:0:0;-1.05:0:0;1.05:0:0;3.1500000000000004:0:0,9,21,180,45,1.5733562981881943,3.669000137768373e-17,6.5592513667255446e-31,3.0993628378337029e-16,0,0,0.9892360930923666:7.2996337479991554e-18:0;0.068211519758859612:1.3218168151426072e-16:0;-0.068211519758859113:1.3679593744760156e-16:0;-0.98923609309236626:1.2357317149076069e-16:0,0:0:0;0:0:0;0:0:0;0:0:0,0.9892360930923666:7.2996337479991554e-18:0;0.068211519758859612:1.3218168151426072e-16:0;-0.068211519758859113:1.3679593744760156e-16:0;-0.98923609309236626:1.2357317149076069e-16:0,0.81104777848174026:5.3132290462142938e-18:0;0.053005562267933015:1.0679520630435151e-16:0;-0.053005562267932627:1.1009589522888233e-16:0;-0.81104777848174014:1.0070097144567318e-16:0,0.17818831461062631:1.9864047017848616e-18:0;0.015205957490926594:2.5386475209909198e-17:0;-0.015205957490926488:2.6700042218719232e-17:0;-0.17818831461062612:2.2872200045087521e-17:0,balanced_sqrt,true,true,0.70115649440922334,0.0023950243299930784,0.0016792868632427456,true,17,true,0.70115649440922334,0.0023950243299930784,0.0016792868632427456,true,17,true,0.5747208403266344,0.00054991454008341439,0.00031604734658457459,true,15,true,0.12645611216345254,0.010802014222954303,0.0013659807221691189,true,21,true,t12
n4_linear_f0.8_d2.1,4,linear,4,0.80000000000000004,2.1000000000000001,0.077278995715572771,-3.1500000000000004:0:0;-1.05:0:0;1.05:0:0;3.1500000000000004:0:0,10,21,220,55,1.5820161587170729,3.7593551799571006e-17,1.3175403885675782e-32,2.6268041804330555e-16,7.9129602268630635e-17,0,0.98977293869786032:1.5225109289828598e-17:0;0.067937940777404615:1.3404250845223683e-16:0;-0.067937940777404851:1.3929236564532743e-16:0;-0.98977293869785976:1.2930533452826081e-16:0,0:0:0;0:0:0;0:0:0;0:0:0,0.98977293869786032:1.5225109289828598e-17:0;0.067937940777404615:1.3404250845223683e-16:0;-0.067937940777404851:1.3929236564532743e-16:0;-0.98977293869785976:1.2930533452826081e-16:0,0.81109022584512025:1.1483820089005196e-17:0;0.052942767615589678:1.0750481570024715e-16:0;-0.052942767615589859:1.1146195694560432e-16:0;-0.81109022584511992:1.0502006816420165e-16:0,0.17868271285274012:3.7412892008234016e-18:0;0.01499517316181494:2.653769275198968e-17:0;-0.014995173161814994:2.783040869972311e-17:0;-0.17868271285273987:2.4285266364059159e-17:0,balanced_sqrt,true,true,0.70152192908549627,0.00060733201031577182,0.0004260567234720928,true,17,true,0.70152192908549627,0.00060733201031577182,0.0004260567234720928,true,17,true,0.57474789738818799,9.3250383171672048e-05,5.359546165856138e-05,true,15,true,0.12679189069212501,0.0029973466184928486,0.00038003924481835579,true,21,true,t12
n4_linear_f0.8_d2.1,4,linear,4,0.80000000000000004,2.1000000000000001,0.077278995715572771,-3.1500000000000004:0:0;-1.05:0:0;1.05:0:0;3.1500000000000004:0:0,11,21,264,66,1.5951962863078324,2.6052837630302312e-17,5.3861334288980781e-35,1.9268570435395819e-16,0,0,0.99031898411935682:7.9363166966793636e-18:0;0.068089965913257194:1.3922098892888426e-16:0;-0.068089965913257819:1.4256231678303752e-16:0;-0.99031898411935659:1.2484579885496811e-16:0,0:0:0;0:0:0;0:0:0;0:0:0,0.99031898411935682:7.9363166966793636e-18:0;0.068089965913257194:1.3922098892888426e-16:0;-0.068089965913257819:1.4256231678303752e-16:0;-0.99031898411935659:1.2484579885496811e-16:0,0.81116394562903793:5.7684257802860197e-18:0;0.052969740598788985:1.1154644528657639e-16:0;-0.05296974059878945:1.1360505833908705e-16:0;-0.81116394562903782:1.0169274993643221e-16:0,0.17915503849031889:2.1678909163933439e-18:0;0.015120225314468208:2.7674543642307874e-17:0;-0.015120225314468371:2.8957258443950479e-17:0;-0.1791550384903188:2.3153048918535902e-17:0,balanced_sqrt,true,true,0.70191450112006637,0.00057100612974223181,0.00040079748269451857,true,17,true,0.70191450112006637,0.00057100612974223181,0.00040079748269451857,true,17,true,0.57480115696976974,9.6568045995430705e-05,5.5507424564483507e-05,true,15,true,0.12713211441258246,0.0027175830224785901,0.00034549207573943976,true,21,true,t12
n4_linear_f0.8_d2.1,4,linear,4,0.80000000000000004,2.1000000000000001,0.077278995715572771,-3.1500000000000004:0:0;-1.05:0:0;1.05:0:0;3.1500000000000004:0:0,12,21,312,78,1.5999083419572675,3.9624041041715376e-17,6.876520217651635e-37,2.3493047692453185e-16,0,0,0.9904448741886408:4.1963929516154126e-18:0;0.068021949969644099:1.2849159565436126e-16:0;-0.068021949969644196:1.4664400876817116e-16:0;-0.99044487418864113:1.2872664263883127e-16:0,0:0:0;0:0:0;0:0:0;0:0:0,0.9904448741886408:4.1963929516154126e-18:0;0.068021949969644099:1.2849159565436126e-16:0;-0.068021949969644196:1.4664400876817116e-16:0;-0.99044487418864113:1.2872664263883127e-16:0,0.81117382256042958:2.4691011542616897e-18:0;0.052959367658952733:1.0280262965095086e-16:0;-0.05295936765895283:1.1696854999650275e-16:0;-0.8111738225604298:1.0456252218589974e-16:0,0.17927105162821125:1.7272917973537228e-18:0;0.01506258231069137:2.5688966003410394e-17:0;-0.015062582310691368:2.9675458771668407e-17:0;-0.17927105162821136:2.4164120452931529e-17:0,balanced_sqrt,true,true,0.70200001228070696,0.00014412997221286675,0.0001011792422634504,true,17,true,0.70200001228070696,0.00014412997221286675,0.0001011792422634504,true,17,true,0.57480764827467956,1.7619759490643114e-05,1.0127972515982035e-05,true,15,true,0.12721043852166999,0.00072008051242333445,9.1601757756281217e-05,true,21,true,t12
n4_linear_f0.8_d2.1,4,linear,4,0.80000000000000004,2.1000000000000001,0.077278995715572771,-3.1500000000000004:0:0;-1.05:0:0;1.05:0:0;3.1500000000000004:0:0,13,21,364,91,1.605817695677499,2.0323080466145754e-17,2.2128766462988439e-39,9.9220334866340723e-17,0,0,0.99057954211411636:8.2994120107640142e-18:0;0.068060383972379568:1.2300556824177933e-16:0;-0.068060383972379526:1.417369758929541e-16:0;-0.99057954211411625:1.3478623563237617e-16:0,0:0:0;0:0:0;0:0:0;0:0:0,0.99057954211411636:8.2994120107640142e-18:0;0.068060383972379568:1.2300556824177933e-16:0;-0.068060383972379526:1.417369758929541e-16:0;-0.99057954211411625:1.3478623563237617e-16:0,0.81118783529021943:5.7422047508102038e-18:0;0.052964045879791012:9.88142443939386e-17:0;-0.052964045879790971:1.1331667334177729e-16:0;-0.81118783529021932:1.0917893809997066e-16:0,0.17939170682389693:2.55720725995381e-18:0;0.015096338092588554:2.4191323847840727e-17:0;-0.015096338092588554:2.8420302551176805e-17:0;-0.17939170682389693:2.5607297532405511e-17:0,balanced_sqrt,true,true,0.70209687548139688,0.00014104438414503162,9.9026821412424566e-05,true,17,true,0.70209687548139688,0.00014104438414503162,9.9026821412424566e-05,true,17,true,0.57481775123894208,1.8172904398926021e-05,1.0446108040070933e-05,true,15,true,0.12729745461123079,0.00069594576576901808,8.8592124529859835e-05,true,21,true,t12
n4_linear_f0.8_d2.1,4,linear,4,0.80000000000000004,2.1000000000000001,0.077278995715572771,-3.1500000000000004:0:0;-1.05:0:0;1.05:0:0;3.1500000000000004:0:0,14,21,420,105,1.6084589768169657,2.6491107769303697e-17,1.2273667810285777e-41,3.1273427729644152e-16,7.9062449385645431e-17,0,0.99061036355883314:8.7009154765840574e-18:0;0.068043030771773844:1.2740662895900147e-16:0;-0.068043030771773413:1.3602805948271256e-16:0;-0.99061036355883392:1.3228643954684509e-16:0,0:0:0;0:0:0;0:0:0;0:0:0,0.99061036355883314:8.7009154765840574e-18:0;0.068043030771773844:1.2740662895900147e-16:0;-0.068043030771773413:1.3602805948271256e-16:0;-0.99061036355883392:1.3228643954684509e-16:0,0.81119011759287152:5.9307542163088821e-18:0;0.052962179760272995:1.0227668853808778e-16:0;-0.052962179760272732:1.0889581874708063e-16:0;-0.81119011759287196:1.0724576027522117e-16:0,0.17942024596596168:2.7701612602751754e-18:0;0.015080851011500845:2.5129940420913699e-17:0;-0.015080851011500682:2.7132240735631939e-17:0;-0.1794202459659619:2.504067927162392e-17:0,balanced_sqrt,true,true,0.70211777730903979,3.5622154385557648e-05,2.5010947860147199e-05,true,17,true,0.70211777730903979,3.5622154385557648e-05,2.5010947860147199e-05,true,17,true,0.57481927567075219,3.6265714285753779e-06,2.0846231617419437e-06,true,15,true,0.12731664606350052,0.00018033854887391067,2.2960099198584975e-05,true,21,true,t12_1
n4_linear_f0.8_d2.1,4,linear,4,0.80000000000000004,2.1000000000000001,0.077278995715572771,-3.1500000000000004:0:0;-1.05:0:0;1.05:0:0;3.1500000000000004:0:0,15,21,480,120,1.6110190034679894,2.2781663843953177e-17,4.4550266152812449e-44,2.3573541976540307e-16,1.7554774735139079e-32,0,0.9906445840444339:6.2550528665077317e-18:0;0.068052954919781652:1.3944760936179221e-16:0;-0.068052954919781125:1.4603837188006846e-16:0;-0.99064458404443378:1.2066170007399785e-16:0,0:0:0;0:0:0;0:0:0;0:0:0,0.9906445840444339:6.2550528665077317e-18:0;0.068052954919781652:1.3944760936179221e-16:0;-0.068052954919781125:1.4603837188006846e-16:0;-0.99064458404443378:1.2066170007399785e-16:0,0.81119298856380118:4.2931435901150481e-18:0;0.052963072758755995:1.1171948160949566e-16:0;-0.052963072758755662:1.16848663989047e-16:0;-0.81119298856380107:9.8018654661036289e-17:0,0.17945159548063269:1.9619092763926836e-18:0;0.015089882161025657:2.7728127752296552e-17:0;-0.015089882161025464:2.9189707891021442e-17:0;-0.17945159548063269:2.2643045412961563e-17:0,balanced_sqrt,true,true,0.70214239886574403,3.5882388754424058e-05,2.5194546517064503e-05,true,17,true,0.70214239886574403,3.5882388754424058e-05,2.5194546517064503e-05,true,17,true,0.57482134258007522,3.6985749155373782e-06,2.126019798582184e-06,true,15,true,0.1273392705809529,0.00018116138737526088,2.3068958925799168e-05,true,21,true,t12_1
n4_linear_f0.8_d2.1,4,linear,4,0.80000000000000004,2.1000000000000001,0.077278995715572771,-3.1500000000000004:0:0;-1.05:0:0;1.05:0:0;3.1500000000000004:0:0,16,21,544,136,1.6122864899267373,1.5965361829490378e-17,3.4092918665138855e-46,2.9583881682674159e-16,7.9059082781004274e-17,0,0.99065237436134523:1.0577752969081907e-17:0;0.068048443312536927:1.3289559008761171e-16:0;-0.068048443312535248:1.3835017552365599e-16:0;-0.99065237436134612:1.2974081492906328e-16:0,0:0:0;0:0:0;0:0:0;0:0:0,0.99065237436134523:1.0577752969081907e-17:0;0.068048443312536927:1.3289559008761171e-16:0;-0.068048443312535248:1.3835017552365599e-16:0;-0.99065237436134612:1.2974081492906328e-16:0,0.81119351522646488:7.6739558535857821e-18:0;0.052962700657496649:1.0665637759456184e-16:0;-0.052962700657495435:1.1054709042786312e-16:0;-0.81119351522646543:1.0512718832195897e-16:0,0.17945885913488041:2.9037971154961254e-18:0;0.015085742655040276:2.6239212493049866e-17:0;-0.01508574265503981:2.780308509579288e-17:0;-0.17945885913488072:2.4613626607104311e-17:0,balanced_sqrt,true,true,0.70214767587204585,9.0660060018640661e-06,6.3656750436508721e-06,true,17,true,0.70214767587204585,9.0660060018640661e-06,6.3656750436508721e-06,true,17,true,0.57482169705327102,7.9325218669972235e-07,4.559785681499526e-07,true,15,true,0.1273441434724169,4.6422952153200431e-05,5.9116910794103011e-06,true,21,true,t12_1
n4_linear_f0.8_d2.1,4,linear,4,0.80000000000000004,2.1000000000000001,0.077278995715572771,-3.1500000000000004:0:0;-1.05:0:0;1.05:0:0;3.1500000000000004:0:0,17,21,612,153,1.6133762129180429,1.9570197708663584e-17,6.8043967135833275e-49,2.3620280888191294e-16,0,0,0.99066123723752164:6.365238070219072e-18:0;0.068051039786336018:1.2347085695628665e-16:0;-0.068051039786337475:1.4161071072863479e-16:0;-0.99066123723752142:1.3379269322652488e-16:0,0:0:0;0:0:0;0:0:0;0:0:0,0.99066123723752164:6.365238070219072e-18:0;0.068051039786336018:1.2347085695628665e-16:0;-0.068051039786337475:1.4161071072863479e-16:0;-0.99066123723752142:1.3379269322652488e-16:0,0.8111941427249505:4.266277546041361e-18:0;0.052962888607115413:9.8963721660531898e-17:0;-0.052962888607116461:1.1301861287412701e-16:0;-0.81119414272495038:1.0797419295041286e-16:0,0.17946709451257109:2.0989605241777106e-18:0;0.015088151179220601:2.4507135295754758e-17:0;-0.015088151179221014:2.8592097854507784e-17:0;-0.17946709451257103:2.5818500276112017e-17:0,balanced_sqrt,true,true,0.70215405395859476,9.3005232102728643e-06,6.5304000760290956e-06,true,17,true,0.70215405395859476,9.3005232102728643e-06,6.5304000760290956e-06,true,17,true,0.57482214847763002,8.0578716471998997e-07,4.6318430924004258e-07,true,15,true,0.12735008896500846,4.7642093428117756e-05,6.0672248365500412e-06,true,21,true,t12_1
n4_linear_f0.8_d2.1,4,linear,4,0.80000000000000004,2.1000000000000001,0.077278995715572771,-3.1500000000000004:0:0;-1.05:0:0;1.05:0:0;3.1500000000000004:0:0,18,21,684,171,1.613901510100997,2.0261875029649211e-17,7.8279525978181078e-51,1.1200884719887784e-16,0,0,0.99066324457824884:6.970733659469282e-18:0;0.068049853835946028:1.363366802642627e-16:0;-0.068049853835946472:1.4529926956502791e-16:0;-0.99066324457824884:1.2305127459605676e-16:0,0:0:0;0:0:0;0:0:0;0:0:0,0.99066324457824884:6.970733659469282e-18:0;0.068049853835946028:1.363366802642627e-16:0;-0.068049853835946472:1.4529926956502791e-16:0;-0.99066324457824884:1.2305127459605676e-16:0,0.81119426421823171:4.7505535241011501e-18:0;0.052962807001076181:1.0913083432054137e-16:0;-0.052962807001076501:1.1601284930706373e-16:0;-0.81119426421823171:9.9709996357628605e-17:0,0.1794689803600171:2.220180135368132e-18:0;0.015087046834869848:2.7205845943721338e-17:0;-0.015087046834869972:2.9286420257964179e-17:0;-0.17946898036001713:2.3341278238428157e-17:0,balanced_sqrt,true,true,0.70215541255672054,2.3479415905742416e-06,1.6486198961887392e-06,true,17,true,0.70215541255672054,2.3479415905742416e-06,1.6486198961887392e-06,true,17,true,0.57482223044433123,1.8003744177847592e-07,1.0348952384659495e-07,true,15,true,0.12735135235572051,1.2134264721403297e-05,1.5453150221130202e-06,true,21,true,t12_1
n4_linear_f0.8_d2.1,4,linear,4,0.80000000000000004,2.1000000000000001,0.077278995715572771,-3.1500000000000004:0:0;-1.05:0:0;1.05:0:0;3.1500000000000004:0:0,19,21,760,190,1.6143415141779478,3.2191331499412242e-17,1.0412636155531795e-53,3.3352760648880166e-16,0,0,0.99066556455740407:6.2479540452715189e-18:0;0.068050538124286741:1.3416571334720075e-16:0;-0.068050538124285659:1.3855522791127463e-16:0;-0.99066556455740495:1.2604088947345843e-16:0,0:0:0;0:0:0;0:0:0;0:0:0,0.99066556455740407:6.2479540452715189e-18:0;0.068050538124286741:1.3416571334720075e-16:0;-0.068050538124285659:1.3855522791127463e-16:0;-0.99066556455740495:1.2604088947345843e-16:0,0.81119440810494337:4.3223940519609336e-18:0;0.052962849833400279:1.0745391267421569e-16:0;-0.052962849833399508:1.1089981422726523e-16:0;-0.81119440810494403:1.0220458427406241e-16:0,0.17947115645246073:1.9255599933105853e-18:0;0.015087688290886463:2.6711800672985053e-17:0;-0.015087688290886147:2.7655413684009402e-17:0;-0.17947115645246089:2.383630519939601e-17:0,balanced_sqrt,true,true,0.70215708233231044,2.4358425392400295e-06,1.7103440903737054e-06,true,17,true,0.70215708233231044,2.4358425392400295e-06,1.7103440903737054e-06,true,17,true,0.57482233394467419,1.8467537784792053e-07,1.0615553171665625e-07,true,15,true,0.12735292367344106,1.2596404290268682e-05,1.604188914138393e-06,true,21,true,t12_1
n4_linear_f0.8_d2.1,4,linear,4,0.80000000000000004,2.1000000000000001,0.077278995715572771,-3.1500000000000004:0:0;-1.05:0:0;1.05:0:0;3.1500000000000004:0:0,20,21,840,210,1.6145491017840645,3.206843740099564e-17,1.0372842992058199e-55,3.5663439143925605e-16,0,0,0.99066608738584094:8.3567611472402477e-18:0;0.068050224492173836:1.3205256383784881e-16:0;-0.068050224492173225:1.3651973480874124e-16:0;-0.99066608738584294:1.2613166710770961e-16:0,0:0:0;0:0:0;0:0:0;0:0:0,0.99066608738584094:8.3567611472402477e-18:0;0.068050224492173836:1.3205256383784881e-16:0;-0.068050224492173225:1.3651973480874124e-16:0;-0.99066608738584294:1.2613166710770961e-16:0,0.81119443615596631:5.8238842059375508e-18:0;0.052962830623578393:1.0565633301141451e-16:0;-0.052962830623577983:1.089106111815183e-16:0;-0.81119443615596776:1.021765041104325e-16:0,0.17947165122987463:2.5328769413026969e-18:0;0.015087393868595445:2.6396230826434294e-17:0;-0.01508739386859524:2.7609123627222941e-17:0;-0.17947165122987521:2.3955162997277109e-17:0,balanced_sqrt,true,true,0.70215743596069957,6.1398160168201381e-07,4.3111174716408636e-07,true,17,true,0.70215743596069957,6.1398160168201381e-07,4.3111174716408636e-07,true,17,true,0.57482235285262662,4.1822230889217467e-08,2.4040353161285782e-08,true,15,true,0.12735325486402771,3.1967570268683475e-06,4.0711741238113612e-07,true,21,true,t12_1
n4_linear_f0.8_d2.1,4,linear,4,0.80000000000000004,2.1000000000000001,0.077278995715572771,-3.1500000000000004:0:0;-1.05:0:0;1.05:0:0;3.1500000000000004:0:0,21,21,924,231,1.6147191484284127,2.3092315479875535e-17,1.4970835569039283e-58,2.56886872608802e-16,7.9057934336807816e-17,0,0.99066669829855469:4.5967130875434832e-18:0;0.068050405587916904:1.3627198826822507e-16:0;-0.068050405587918097:1.4527125953388177e-16:0;-0.99066669829855492:1.3079031433932879e-16:0,0:0:0;0:0:0;0:0:0;0:0:0,0.99066669829855469:4.5967130875434832e-18:0;0.068050405587916904:1.3627198826822507e-16:0;-0.068050405587918097:1.4527125953388177e-16:0;-0.99066669829855492:1.3079031433932879e-16:0,0.81119447023928481:2.9266642277195937e-18:0;0.052962840926251906:1.0918339828586889e-16:0;-0.052962840926252794:1.1603104812064753e-16:0;-0.81119447023928493:1.0614537293808395e-16:0,0.17947222805926993:1.6700488598238895e-18:0;0.015087564661664998:2.7088589982356181e-17:0;-0.015087564661665302:2.9240211413234242e-17:0;-0.17947222805926999:2.4644941401244834e-17:0,balanced_sqrt,true,true,0.7021578757011987,6.4168014564223934e-07,4.5056076794379054e-07,true,17,true,0.7021578757011987,6.4168014564223934e-07,4.5056076794379054e-07,true,17,true,0.57482237737660036,4.3800566982115562e-08,2.5177546043102694e-08,true,15,true,0.12735367142720805,3.3401754401370945e-06,4.2538360551244955e-07,true,21,true,t12_1
n3_compact_f0.1_d2.1,3,compact,2,0.10000000000000001,2.1000000000000001,0.011033496553310861,-1.05:-0.60621778264910697:0;1.05:-0.60621778264910697:0;0:1.2124355652982139:0,2,15,9,3,1.0310207693279507,7.4190333003203702e-17,2.9965995889942531e-17,1.5773105532500079e-16,0,0,0.015056347067753646:0.0086927860325800056:0;-0.015056347067753649:0.0086927860325800039:0;-3.6234758451664362e-18:-0.017385572065160015:0,0:0:0;0:0:0;0:0:0,0.015056347067753646:0.0086927860325800056:0;-0.015056347067753649:0.0086927860325800039:0;-3.6234758451664362e-18:-0.017385572065160015:0,0.014889413401670963:0.0085964068355303576:0;-0.014889413401670966:0.0085964068355303559:0;-3.5833498601639432e-18:-0.017192813671060715:0,0.0001669336660826838:9.6379197049648686e-05:0;-0.00016693366608268388:9.6379197049648659e-05:0;-4.0125985002492805e-20:-0.00019275839409929987:0,balanced_sqrt,true,true,0.017385572065160008,0,0,false,12,true,0.017385572065160008,0,0,false,12,true,0.017192813671060708,0,0,false,11,true,0.00019275839409929813,0,0,false,15,true,t12
n3_compact_f0.1_d2.1,3,compact,2,0.10000000000000001,2.1000000000000001,0.011033496553310861,-1.05:-0.60621778264910697:0;1.05:-0.60621778264910697:0;0:1.2124355652982139:0,3,15,18,6,1.0402308649661314,3.7031892409231032e-17,2.7095577063585323e-18,1.2685084082125684e-16,0,0,0.01526928867521724:0.0088157279269707855:0;-0.015269288675217244:0.0088157279269707838:0;-4.6418266264853455e-18:-0.017631455853941564:0,0:0:0;0:0:0;0:0:0,0.01526928867521724:0.0088157279269707855:0;-0.015269288675217244:0.0088157279269707838:0;-4.6418266264853455e-18:-0.017631455853941564:0,0.014974475403155413:0.0086455174049852139:0;-0.014974475403155415:0.0086455174049852122:0;-4.5535061670521726e-18:-0.017291034809970421:0,0.00029481327206182841:0.00017021052198557121:0;-0.00029481327206182852:0.00017021052198557121:0;-8.8320459433172957e-20:-0.00034042104397114231:0,balanced_sqrt,true,true,0.017631455853941561,0.013945745083017992,0.0002458837887815543,true,12,true,0.017631455853941561,0.013945745083017992,0.0002458837887815543,true,12,true,0.017291034809970421,0.0056804662062835271,9.8221138909709087e-05,true,11,true,0.00034042104397114225,0.43376475246448504,0.00014766264987184409,true,15,true,t12
n3_compact_f0.1_d2.1,3,compact,2,0.10000000000000001,2.1000000000000001,0.011033496553310861,-1.05:-0.60621778264910697:0;1.05:-0.60621778264910697:0;0:1.2124355652982139:0,4,15,30,10,1.0459618230032777,3.4596840289403379e-17,5.1398980616326761e-20,1.8154051931329561e-16,0,0,0.015354886648025751:0.0088651479396138697:0;-0.015354886648025754:0.0088651479396138697:0;-2.9594243180429712e-18:-0.017730295879227729:0,0:0:0;0:0:0;0:0:0,0.015354886648025751:0.0088651479396138697:0;-0.015354886648025754:0.0088651479396138697:0;-2.9594243180429712e-18:-0.017730295879227729:0,0.015005571582121331:0.00866347079228196:0;-0.015005571582121334:0.00866347079228196:0;-2.8979779465619982e-18:-0.01732694158456391:0,0.00034931506590442037:0.00020167714733190927:0;-0.00034931506590442048:0.00020167714733190933:0;-6.1446371480973143e-20:-0.00040335429466381828:0,balanced_sqrt,true,true,0.017730295879227725,0.0055746404887670898,9.884002528616316e-05,true,12,true,0.017730295879227725,0.0055746404887670898,9.884002528616316e-05,true,12,true,0.017326941584563906,0.002072308861794494,3.5906774593487311e-05,true,11,true,0.00040335429466381817,0.15602474431350402,6.2933250692675984e-05,true,15,true,t12
n3_compact_f0.1_d2.1,3,compact,2,0.10000000000000001,2.1000000000000001,0.011033496553310861,-1.05:-0.60621778264910697:0;1.05:-0.60621778264910697:0;0:1.2124355652982139:0,5,15,45,15,1.0496953947451166,2.5169958144483563e-17,6.9284044933613301e-22,1.5321456093896718e-16,0,0,0.015386212689385293:0.0088832340380254459:0;-0.015386212689385293:0.0088832340380254442:0;-4.4070389065981716e-18:-0.017766468076050888:0,0:0:0;0:0:0;0:0:0,0.015386212689385293:0.0088832340380254459:0;-0.015386212689385293:0.0088832340380254442:0;-4.4070389065981716e-18:-0.017766468076050888:0,0.015014567019976114:0.0086686643107488966:0;-0.015014567019976114:0.0086686643107488949:0;-4.3058389374884625e-18:-0.01733732862149779:0,0.00037164566940917987:0.00021456972727654895:0;-0.00037164566940917987:0.00021456972727654892:0;-1.0119996910970911e-19:-0.00042913945455309768:0,balanced_sqrt,true,true,0.017766468076050878,0.0020359813029982264,3.617219682315446e-05,true,12,true,0.017766468076050878,0.0020359813029982264,3.617219682315446e-05,true,12,true,0.017337328621497783,0.00059911403657629352,1.0387036933875243e-05,true,11,true,0.00042913945455309757,0.060085735803835152,2.5785159889279342e-05,true,15,true,t12
n3_compact_f0.1_d2.1,3,compact,2,0.10000000000000001,2.1000000000000001,0.011033496553310861,-1.05:-0.60621778264910697:0;1.05:-0.60621778264910697:0;0:1.2124355652982139:0,6,15,63,21,1.0523296178895616,3.1947472007521858e-17,1.6481168444145313e-23,1.5870833746202214e-16,0,0,0.015400262784935637:0.0088913458644735727:0;-0.015400262784935633:0.0088913458644735693:0;-3.6597449796962443e-18:-0.017782691728947135:0,0:0:0;0:0:0;0:0:0,0.015400262784935637:0.0088913458644735727:0;-0.015400262784935633:0.0088913458644735693:0;-3.6597449796962443e-18:-0.017782691728947135:0,0.015018334988061993:0.0086708397481375724:0;-0.015018334988061989:0.0086708397481375689:0;-3.5874910436433538e-18:-0.017341679496275134:0,0.00038192779687364477:0.00022050611633599981:0;-0.00038192779687364477:0.00022050611633599976:0;-7.2253936052890889e-20:-0.00044101223267199952:0,balanced_sqrt,true,true,0.017782691728947132,0.00091232829897426181,1.6223652896254012e-05,true,12,true,0.017782691728947132,0.00091232829897426181,1.6223652896254012e-05,true,12,true,0.017341679496275134,0.00025089119991444377,4.3508747773521756e-06,true,11,true,0.00044101223267199925,0.026921652596725298,1.1872778118901749e-05,true,15,true,t12
n3_compact_f0.1_d2.1,3,compact,2,0.10000000000000001,2.1000000000000001,0.011033496553310861,-1.05:-0.60621778264910697:0;1.05:-0.60621778264910697:0;0:1.2124355652982139:0,7,15,84,28,1.0542572589031034,2.4634818245037969e-17,1.9886261451183604e-25,1.514598750745688e-16,0,0,0.015406346600594732:0.0088948583570820482:0;-0.015406346600594732:0.0088948583570820465:0;-3.7855652493741334e-18:-0.01778971671416409:0,0:0:0;0:0:0;0:0:0,0.015406346600594732:0.0088948583570820482:0;-0.015406346600594732:0.0088948583570820465:0;-3.7855652493741334e-18:-0.01778971671416409:0,0.015019846374853634:0.0086717123477085753:0;-0.015019846374853634:0.0086717123477085736:0;-3.692807607015672e-18:-0.017343424695417144:0,0.00038650022574109651:0.0002231460093734734:0;-0.00038650022574109657:0.00022314600937347335:0;-9.2757642358461448e-20:-0.00044629201874694664:0,balanced_sqrt,true,true,0.01778971671416409,0.00039489022393273928,7.0249852169562522e-06,true,12,true,0.01778971671416409,0.00039489022393273928,7.0249852169562522e-06,true,12,true,0.017343424695417144,0.00010062598204553514,1.7451991420091362e-06,true,11,true,0.00044629201874694653,0.011830339448532632,5.2797860749472665e-06,true,15,true,t12
n3_compact_f0.1_d2.1,3,compact,2,0.10000000000000001,2.1000000000000001,0.011033496553310861,-1.05:-0.60621778264910697:0;1.05:-0.60621778264910697:0;0:1.2124355652982139:0,8,15,108,36,1.0556300688497264,4.5568882500790517e-17,2.4605796987835136e-27,3.0104833480653959e-16,0,0,0.01540864697079606:0.0088961864764370256:0;-0.015408646970796072:0.0088961864764370256:0;-5.9796138059692174e-18:-0.017792372952874051:0,0:0:0;0:0:0;0:0:0,0.01540864697079606:0.0088961864764370256:0;-0.015408646970796072:0.0088961864764370256:0;-5.9796138059692174e-18:-0.017792372952874051:0,0.015020381551668276:0.0086720213321865771:0;-0.015020381551668288:0.0086720213321865771:0;-5.8225915538911287e-18:-0.017344042664373154:0,0.00038826541912778353:0.00022416514425044895:0;-0.0003882654191277838:0.00022416514425044898:0;-1.5702225207808848e-19:-0.00044833028850089791:0,balanced_sqrt,true,true,0.017792372952874048,0.00014929086283159437,2.6562387099560891e-06,true,12,true,0.017792372952874048,0.00014929086283159437,2.6562387099560891e-06,true,12,true,0.017344042664373147,3.5630041274922888e-05,6.179689560056388e-07,true,11,true,0.00044833028850089774,0.0045463574650881477,2.0382697539511794e-06,true,15,true,t12
n3_compact_f0.1_d2.1,3,compact,2,0.10000000000000001,2.1000000000000001,0.011033496553310861,-1.05:-0.60621778264910697:0;1.05:-0.60621778264910697:0;0:1.2124355652982139:0,9,15,135,45,1.0565617878057818,2.9426384639295935e-17,7.954044046428555e-30,1.614827633508904e-16,0,0,0.015409411401421462:0.0088966278206643774:0;-0.015409411401421469:0.0088966278206643774:0;-4.0411512243171179e-18:-0.017793255641328748:0,0:0:0;0:0:0;0:0:0,0.015409411401421462:0.0088966278206643774:0;-0.015409411401421469:0.0088966278206643774:0;-4.0411512243171179e-18:-0.017793255641328748:0,0.015020550411029619:0.0086721188231843015:0;-0.015020550411029626:0.0086721188231843015:0;-3.9471879460536274e-18:-0.017344237646368596:0,0.00038886099039184247:0.00022450899748007521:0;-0.00038886099039184269:0.00022450899748007521:0;-9.3963278263490786e-20:-0.00044901799496015025:0,balanced_sqrt,true,true,0.017793255641328744,4.9608035341794693e-05,8.8268845470062412e-07,true,12,true,0.017793255641328744,4.9608035341794693e-05,8.8268845470062412e-07,true,12,true,0.017344237646368596,1.1241889059775606e-05,1.9498199544685933e-07,true,11,true,0.00044901799496014993,0.0015315788386459871,6.8770645925221616e-07,true,15,true,t12
n3_compact_f0.1_d2.1,3,compact,2,0.10000000000000001,2.1000000000000001,0.011033496553310861,-1.05:-0.60621778264910697:0;1.05:-0.60621778264910697:0;0:1.2124355652982139:0,10,15,165,55,1.0571779687467058,3.0254894073499401e-17,1.3743450038112032e-31,3.0606187027408952e-16,0,0,0.015409649677137816:0.0088967653892133586:0;-0.015409649677137826:0.0088967653892133586:0;-6.284792526857129e-18:-0.017793530778426717:0,0:0:0;0:0:0;0:0:0,0.015409649677137816:0.0088967653892133586:0;-0.015409649677137826:0.0088967653892133586:0;-6.284792526857129e-18:-0.017793530778426717:0,0.015020600912066405:0.0086721479799714875:0;-0.015020600912066416:0.0086721479799714875:0;-6.0998789352316828e-18:-0.017344295959942975:0,0.00038904876507141027:0.00022461740924187065:0;-0.00038904876507141049:0.00022461740924187071:0;-1.849135916254464e-19:-0.00044923481848374119:0,balanced_sqrt,true,true,0.01779353077842671,1.54627601114658e-05,2.7513709796279553e-07,true,12,true,0.01779353077842671,1.54627601114658e-05,2.7513709796279553e-07,true,12,true,0.017344295959942968,3.3621182726007702e-06,5.8313574372319968e-08,true,11,true,0.00044923481848374087,0.00048265075339164046,2.1682352359093439e-07,true,15,true,t12
n3_compact_f0.1_d2.1,3,compact,2,0.10000000000000001,2.1000000000000001,0.011033496553310861,-1.05:-0.60621778264910697:0;1.05:-0.60621778264910697:0;0:1.2124355652982139:0,11,15,198,66,1.0575891449021502,2.0342230432712092e-17,1.2316605100665232e-33,1.8931400821085852e-16,0,0,0.015409725291383573:0.0088968090451184926:0;-0.015409725291383573:0.0088968090451184926:0;-3.9203488757762858e-18:-0.017793618090236985:0,0:0:0;0:0:0;0:0:0,0.015409725291383573:0.0088968090451184926:0;-0.015409725291383573:0.0088968090451184926:0;-3.9203488757762858e-18:-0.017793618090236985:0,0.015020616336806309:0.0086721568854492143:0;-0.015020616336806309:0.0086721568854492143:0;-3.8347068003485661e-18:-0.017344313770898429:0,0.00038910895457726407:0.00022465215966927782:0;-0.00038910895457726423:0.00022465215966927787:0;-8.5642075427719543e-20:-0.0004493043193385558:0,balanced_sqrt,true,true,0.017793618090236982,4.906917178428352e-06,8.7311810273377336e-08,true,12,true,0.017793618090236982,4.906917178428352e-06,8.7311810273377336e-08,true,12,true,0.017344313770898425,1.0269045921705979e-06,1.7810955459383331e-08,true,11,true,0.00044930431933855525,0.00015468548113811814,6.95008548143191e-08,true,15,true,t12
n3_compact_f0.1_d2.1,3,compact,2,0.10000000000000001,2.1000000000000001,0.011033496553310861,-1.05:-0.60621778264910697:0;1.05:-0.60621778264910697:0;0:1.2124355652982139:0,12,15,234,78,1.0578690793114667,3.8238961329116378e-17,1.0824436758091699e-35,2.2284715037909207e-16,0,0,0.015409750704622078:0.0088968237174585872:0;-0.015409750704622078:0.0088968237174585855:0;-2.6389466508123844e-18:-0.017793647434917167:0,0:0:0;0:0:0;0:0:0,0.015409750704622078:0.0088968237174585872:0;-0.015409750704622078:0.0088968237174585855:0;-2.6389466508123844e-18:-0.017793647434917167:0,0.015020621299802089:0.008672159750836168:0;-0.015020621299802089:0.0086721597508361663:0;-2.5843100687708726e-18:-0.017344319501672329:0,0.00038912940481998899:0.00022466396662241994:0;-0.00038912940481998889:0.00022466396662241991:0;-5.4636582041511877e-20:-0.00044932793324483971:0,balanced_sqrt,true,true,0.017793647434917164,1.649166102179999e-06,2.9344680183807476e-08,true,12,true,0.017793647434917164,1.649166102179999e-06,2.9344680183807476e-08,true,12,true,0.017344319501672329,3.3041215022297546e-07,5.7307739007018405e-09,true,11,true,0.00044932793324483939,5.2553835488533937e-05,2.3613906284152249e-08,true,15,true,t12
n3_compact_f0.1_d2.1,3,compact,2,0.10000000000000001,2.1000000000000001,0.011033496553310861,-1.05:-0.60621778264910697:0;1.05:-0.60621778264910697:0;0:1.2124355652982139:0,13,15,273,91,1.058059414519118,5.2476222845939272e-17,3.592489048976334e-38,4.3710758668334931e-16,1.1257304012334249e-16,0,0.015409759513255811:0.0088968288031256604:0;-0.015409759513255824:0.0088968288031256587:0;-6.2741331262778821e-18:-0.017793657606251307:0,0:0:0;0:0:0;0:0:0,0.015409759513255811:0.0088968288031256604:0;-0.015409759513255824:0.0088968288031256587:0;-6.2741331262778821e-18:-0.017793657606251307:0,0.015020622933091872:0.0086721606938164782:0;-0.015020622933091882:0.0086721606938164764:0;-6.0986884032303981e-18:-0.017344321387632942:0,0.00038913658016393994:0.00022466810930918171:0;-0.00038913658016394038:0.00022466810930918185:0;-1.7544472304748423e-19:-0.00044933621861836283:0,balanced_sqrt,true,true,0.0177936576062513,5.7162694466491056e-07,1.0171334131874978e-08,true,12,true,0.0177936576062513,5.7162694466491056e-07,1.0171334131874978e-08,true,12,true,0.017344321387632936,1.0873648870659588e-07,1.8859606066899181e-09,true,11,true,0.00044933621861836277,1.8439140180817127e-05,8.2853735234222818e-09,true,15,true,t12
n3_compact_f0.1_d2.1,3,compact,2,0.10000000000000001,2.1000000000000001,0.011033496553310861,-1.05:-0.60621778264910697:0;1.05:-0.60621778264910697:0;0:1.2124355652982139:0,14,15,315,105,1.0581852850278304,2.6021527415358634e-17,6.3380495642690735e-40,2.7708963553323827e-16,0,0,0.015409762531516493:0.0088968305457192715:0;-0.015409762531516489:0.0088968305457192698:0;-3.6548315784135136e-18:-0.017793661091438529:0,0:0:0;0:0:0;0:0:0,0.015409762531516493:0.0088968305457192715:0;-0.015409762531516489:0.0088968305457192698:0;-3.6548315784135136e-18:-0.017793661091438529:0,0.015020623461146633:0.0086721609986890325:0;-0.01502062346114663:0.0086721609986890307:0;-3.5862479182465417e-18:-0.017344321997378051:0,0.00038913907036985896:0.00022466954703023894:0;-0.00038913907036985902:0.00022466954703023899:0;-6.8583660166971464e-20:-0.00044933909406047739:0,balanced_sqrt,true,true,0.017793661091438522,1.9586678680133677e-07,3.4851872234120303e-09,true,12,true,0.017793661091438522,1.9586678680133677e-07,3.4851872234120303e-09,true,12,true,0.017344321997378044,3.5155315324429399e-08,6.0974510890626232e-10,true,11,true,0.0004493390940604776,6.3992698450453151e-06,2.8754421148211947e-09,true,15,true,t12_1
n3_compact_f0.1_d2.1,3,compact,2,0.10000000000000001,2.1000000000000001,0.011033496553310861,-1.05:-0.60621778264910697:0;1.05:-0.60621778264910697:0;0:1.2124355652982139:0,15,15,360,120,1.0582656858015818,3.7166606879823758e-17,2.5933748599037342e-42,3.4434853578470551e-16,0,0,0.015409763542285055:0.0088968311292867627:0;-0.015409763542285059:0.0088968311292867662:0;-2.278618971359691e-18:-0.017793662258573512:0,0:0:0;0:0:0;0:0:0,0.015409763542285055:0.0088968311292867627:0;-0.015409763542285059:0.0088968311292867662:0;-2.278618971359691e-18:-0.017793662258573512:0,0.01502062362736461:0.0086721610946550159:0;-0.015020623627364614:0.0086721610946550193:0;-2.2653811064128086e-18:-0.017344322189310018:0,0.00038913991492044538:0.00022467003463174726:0;-0.00038913991492044544:0.00022467003463174734:0;-1.3237864946882457e-20:-0.00044934006926349398:0,balanced_sqrt,true,true,0.017793662258573519,6.5592736268657178e-08,1.1671349957801716e-09,true,12,true,0.017793662258573519,6.5592736268657178e-08,1.1671349957801716e-09,true,12,true,0.017344322189310025,1.106598331699195e-08,1.9193197999143804e-10,true,11,true,0.0004493400692634943,2.1703005884220344e-06,9.7520301672415934e-10,true,15,true,t12_1
n4_compact_f0.1_d2.1,4,compact,2,0.10000000000000001,2.1000000000000001,0.013024703240875866,-1.05:-1.05:0;1.05:-1.05:0;1.05:1.05:0;-1.05:1.05:0,2,15,12,3,1.0335019597879005,3.0717335960080048e-17,1.8031096217159471e-17,1.4620453332841342e-16,0,0,0.01185884026615132:0.01185884026615132:0;-0.01185884026615132:0.011858840266151324:0;-0.011858840266151322:-0.011858840266151319:0;0.011858840266151319:-0.01185884026615132:0,0:0:0;0:0:0;0:0:0;0:0:0,0.01185884026615132:0.01185884026615132:0;-0.01185884026615132:0.011858840266151324:0;-0.011858840266151322:-0.011858840266151319:0;0.011858840266151319:-0.01185884026615132:0,0.011703854016303342:0.011703854016303342:0;-0.011703854016303342:0.011703854016303345:0;-0.011703854016303344:-0.01170385401630334:0;0.01170385401630334:-0.011703854016303342:0,0.00015498624984797859:0.00015498624984797857:0;-0.00015498624984797859:0.00015498624984797867:0;-0.00015498624984797859:-0.00015498624984797857:0;0.00015498624984797859:-0.00015498624984797859:0,balanced_sqrt,true,true,0.016770932738407362,0,0,false,12,true,0.016770932738407362,0,0,false,12,true,0.016551749081891005,0,0,false,10,true,0.00021918365651635638,0,0,false,15,true,t12
n4_compact_f0.1_d2.1,4,compact,2,0.10000000000000001,2.1000000000000001,0.013024703240875866,-1.05:-1.05:0;1.05:-1.05:0;1.05:1.05:0;-1.05:1.05:0,3,15,24,6,1.039178003499631,4.4979922592902535e-17,3.654410728345143e-17,1.6098827225600778e-16,0,0,0.011976200161868055:0.011976200161868053:0;-0.011976200161868053:0.011976200161868055:0;-0.011976200161868058:-0.011976200161868053:0;0.011976200161868053:-0.011976200161868055:0,0:0:0;0:0:0;0:0:0;0:0:0,0.011976200161868055:0.011976200161868053:0;-0.011976200161868053:0.011976200161868055:0;-0.011976200161868058:-0.011976200161868053:0;0.011976200161868053:-0.011976200161868055:0,0.011753348541839737:0.011753348541839735:0;-0.011753348541839735:0.011753348541839737:0;-0.01175334854183974:-0.011753348541839735:0;0.011753348541839735:-0.011753348541839737:0,0.00022285162002831811:0.00022285162002831809:0;-0.00022285162002831811:0.00022285162002831811:0;-0.00022285162002831817:-0.00022285162002831803:0;0.00022285162002831809:-0.00022285162002831809:0,balanced_sqrt,true,true,0.016936904694608658,0.0097994267071792023,0.00016597195620129688,true,12,true,0.016936904694608658,0.0097994267071792023,0.00016597195620129688,true,12,true,0.016621744911167795,0.0042110999567657311,6.9995829276789717e-05,true,10,true,0.00031515978344086315,0.30453164384318021,9.5976126924506743e-05,true,15,true,t12
n4_compact_f0.1_d2.1,4,compact,2,0.10000000000000001,2.1000000000000001,0.013024703240875866,-1.05:-1.05:0;1.05:-1.05:0;1.05:1.05:0;-1.05:1.05:0,4,15,40,10,1.0436517185289031,2.8048857248447736e-17,8.1903607725504422e-19,1.9000719113609257e-16,0,0,0.012030686865419214:0.012030686865419212:0;-0.012030686865419214:0.012030686865419212:0;-0.012030686865419214:-0.012030686865419212:0;0.012030686865419207:-0.012030686865419214:0,0:0:0;0:0:0;0:0:0;0:0:0,0.012030686865419214:0.012030686865419212:0;-0.012030686865419214:0.012030686865419212:0;-0.012030686865419214:-0.012030686865419212:0;0.012030686865419207:-0.012030686865419214:0,0.011775104985857791:0.011775104985857789:0;-0.011775104985857791:0.011775104985857789:0;-0.011775104985857791:-0.011775104985857789:0;0.011775104985857784:-0.011775104985857791:0,0.00025558187956142278:0.00025558187956142262:0;-0.00025558187956142278:0.00025558187956142262:0;-0.00025558187956142267:-0.00025558187956142272:0;0.00025558187956142267:-0.00025558187956142278:0,balanced_sqrt,true,true,0.017013960529739709,0.0045289769537410172,7.7055835131050455e-05,true,12,true,0.017013960529739709,0.0045289769537410172,7.7055835131050455e-05,true,12,true,0.016652513169367139,0.0018476645468710005,3.0768258199342103e-05,true,10,true,0.00036144736037257096,0.12806173735504867,4.628757693170781e-05,true,15,true,t12
n4_compact_f0.1_d2.1,4,compact,2,0.10000000000000001,2.1000000000000001,0.013024703240875866,-1.05:-1.05:0;1.05:-1.05:0;1.05:1.05:0;-1.05:1.05:0,5,15,60,15,1.0474853365056693,2.3484070950111647e-17,1.6465425066993437e-20,1.5563549174760769e-16,0,0,0.012059568532892995:0.012059568532892993:0;-0.012059568532892993:0.012059568532892993:0;-0.012059568532892997:-0.012059568532892992:0;0.01205956853289299:-0.012059568532892993:0,0:0:0;0:0:0;0:0:0;0:0:0,0.012059568532892995:0.012059568532892993:0;-0.012059568532892993:0.012059568532892993:0;-0.012059568532892997:-0.012059568532892992:0;0.01205956853289299:-0.012059568532892993:0,0.011783245188679292:0.01178324518867929:0;-0.01178324518867929:0.01178324518867929:0;-0.011783245188679294:-0.011783245188679289:0;0.011783245188679287:-0.01178324518867929:0,0.00027632334421370369:0.00027632334421370369:0;-0.00027632334421370363:0.00027632334421370363:0;-0.00027632334421370369:-0.00027632334421370363:0;0.00027632334421370358:-0.00027632334421370369:0,balanced_sqrt,true,true,0.01705480537558508,0.002394917147740783,4.0844845845370393e-05,true,12,true,0.01705480537558508,0.002394917147740783,4.0844845845370393e-05,true,12,true,0.016664025154597771,0.00069082860376372369,1.1511985230634347e-05,true,10,true,0.00039078022098730877,0.075062295989874322,2.933286061473787e-05,true,15,true,t12
n4_compact_f0.1_d2.1,4,compact,2,0.10000000000000001,2.1000000000000001,0.013024703240875866,-1.05:-1.05:0;1.05:-1.05:0;1.05:1.05:0;-1.05:1.05:0,6,15,84,21,1.050102821711143,3.4333773973653671e-17,2.0925995314038101e-22,1.1778784637252339e-16,0,0,0.012070995314112437:0.012070995314112435:0;-0.012070995314112435:0.012070995314112435:0;-0.012070995314112435:-0.012070995314112435:0;0.01207099531411243:-0.012070995314112437:0,0:0:0;0:0:0;0:0:0;0:0:0,0.012070995314112437:0.012070995314112435:0;-0.012070995314112435:0.012070995314112435:0;-0.012070995314112435:-0.012070995314112435:0;0.01207099531411243:-0.012070995314112437:0,0.011786148619993608:0.011786148619993607:0;-0.011786148619993607:0.011786148619993607:0;-0.011786148619993607:-0.011786148619993607:0;0.011786148619993601:-0.011786148619993608:0,0.00028484669411882812:0.00028484669411882807:0;-0.00028484669411882807:0.00028484669411882807:0;-0.00028484669411882812:-0.00028484669411882812:0;0.00028484669411882801:-0.00028484669411882812:0,balanced_sqrt,true,true,0.017070965284559883,0.00094663123645506058,1.6159908974804336e-05,true,12,true,0.017070965284559883,0.00094663123645506058,1.6159908974804336e-05,true,12,true,0.016668131226539897,0.00024634266951212926,4.1060719421243195e-06,true,10,true,0.00040283405801998717,0.029922586714553164,1.2053837032678407e-05,true,15,true,t12
n4_compact_f0.1_d2.1,4,compact,2,0.10000000000000001,2.1000000000000001,0.013024703240875866,-1.05:-1.05:0;1.05:-1.05:0;1.05:1.05:0;-1.05:1.05:0,7,15,112,28,1.0518247629648578,7.0155880031738936e-17,3.932643063881467e-24,3.3129530606164993e-16,0,0,0.012074575004632817:0.012074575004632814:0;-0.012074575004632817:0.012074575004632814:0;-0.012074575004632819:-0.012074575004632817:0;0.012074575004632807:-0.012074575004632817:0,0:0:0;0:0:0;0:0:0;0:0:0,0.012074575004632817:0.012074575004632814:0;-0.012074575004632817:0.012074575004632814:0;-0.012074575004632819:-0.012074575004632817:0;0.012074575004632807:-0.012074575004632817:0,0.011787030643181453:0.011787030643181449:0;-0.011787030643181453:0.011787030643181449:0;-0.011787030643181455:-0.011787030643181453:0;0.011787030643181443:-0.011787030643181453:0,0.00028754436145136448:0.00028754436145136437:0;-0.00028754436145136448:0.00028754436145136427:0;-0.00028754436145136448:-0.00028754436145136448:0;0.0002875443614513641:-0.00028754436145136443:0,balanced_sqrt,true,true,0.017076027731442903,0.00029646513595775193,5.0624468830205625e-06,true,12,true,0.017076027731442903,0.00029646513595775193,5.0624468830205625e-06,true,12,true,0.016669378595694475,7.4829973260050675e-05,1.2473691545774787e-06,true,10,true,0.00040664913574843092,0.0093817431123322092,3.8150777284436875e-06,true,15,true,t12
n4_compact_f0.1_d2.1,4,compact,2,0.10000000000000001,2.1000000000000001,0.013024703240875866,-1.05:-1.05:0;1.05:-1.05:0;1.05:1.05:0;-1.05:1.05:0,8,15,144,36,1.0531305091126331,4.4663019972759061e-17,2.1367314574009564e-26,2.7654812401292696e-16,7.1826032911535866e-17,0,0.012075868634659035:0.012075868634659039:0;-0.012075868634659035:0.012075868634659042:0;-0.012075868634659042:-0.012075868634659032:0;0.012075868634659035:-0.012075868634659035:0,0:0:0;0:0:0;0:0:0;0:0:0,0.012075868634659035:0.012075868634659039:0;-0.012075868634659035:0.012075868634659042:0;-0.012075868634659042:-0.012075868634659032:0;0.012075868634659035:-0.012075868634659035:0,0.011787338671541551:0.011787338671541555:0;-0.011787338671541551:0.011787338671541558:0;-0.011787338671541558:-0.011787338671541549:0;0.011787338671541551:-0.011787338671541553:0,0.00028852996311748343:0.00028852996311748376:0;-0.00028852996311748343:0.00028852996311748381:0;-0.00028852996311748376:-0.00028852996311748338:0;0.00028852996311748343:-0.00028852996311748338:0,balanced_sqrt,true,true,0.01707785720057068,0.00010712521520058262,1.8294691277759535e-06,true,12,true,0.01707785720057068,0.00010712521520058262,1.8294691277759535e-06,true,12,true,0.016669814213578923,2.6132137939330036e-05,4.3561788445224887e-07,true,10,true,0.00040804298699175412,0.0034159421623668356,1.3938512433232351e-06,true,15,true,t12
n4_compact_f0.1_d2.1,4,compact,2,0.10000000000000001,2.1000000000000001,0.013024703240875866,-1.05:-1.05:0;1.05:-1.05:0;1.05:1.05:0;-1.05:1.05:0,9,15,180,45,1.0541203112826305,2.7264802343591599e-17,2.9913168640428891e-28,1.8396839490797208e-16,5.0786547011828843e-17,0,0.01207637460626138:0.01207637460626138:0;-0.012076374606261377:0.01207637460626138:0;-0.012076374606261384:-0.012076374606261377:0;0.012076374606261375:-0.012076374606261379:0,0:0:0;0:0:0;0:0:0;0:0:0,0.01207637460626138:0.01207637460626138:0;-0.012076374606261377:0.01207637460626138:0;-0.012076374606261384:-0.012076374606261377:0;0.012076374606261375:-0.012076374606261379:0,0.011787451494693357:0.011787451494693357:0;-0.011787451494693353:0.011787451494693357:0;-0.01178745149469336:-0.011787451494693353:0;0.011787451494693351:-0.011787451494693355:0,0.00028892311156802458:0.00028892311156802463:0;-0.00028892311156802442:0.00028892311156802452:0;-0.00028892311156802474:-0.00028892311156802442:0;0.00028892311156802436:-0.00028892311156802447:0,balanced_sqrt,true,true,0.017078572752472886,4.1897640545175199e-05,7.1555190220773238e-07,true,12,true,0.017078572752472886,4.1897640545175199e-05,7.1555190220773238e-07,true,12,true,0.016669973769610352,9.5714626569407536e-06,1.5955603142800737e-07,true,10,true,0.00040859898286253515,0.0013607372854573716,5.5599587078100917e-07,true,15,true,t12
n4_compact_f0.1_d2.1,4,compact,2,0.10000000000000001,2.1000000000000001,0.013024703240875866,-1.05:-1.05:0;1.05:-1.05:0;1.05:1.05:0;-1.05:1.05:0,10,15,220,55,1.0547881955427372,5.2033493705653381e-17,1.9881433068941768e-30,4.0991411775715819e-16,0,0,0.012076544151108782:0.01207654415110879:0;-0.012076544151108782:0.012076544151108797:0;-0.012076544151108792:-0.01207654415110878:0;0.01207654415110879:-0.01207654415110878:0,0:0:0;0:0:0;0:0:0;0:0:0,0.012076544151108782:0.01207654415110879:0;-0.012076544151108782:0.012076544151108797:0;-0.012076544151108792:-0.01207654415110878:0;0.01207654415110879:-0.01207654415110878:0,0.011787487265578635:0.011787487265578642:0;-0.011787487265578635:0.011787487265578649:0;-0.011787487265578643:-0.011787487265578633:0;0.011787487265578642:-0.011787487265578633:0,0.00028905688553014741:0.00028905688553014774:0;-0.00028905688553014747:0.00028905688553014801:0;-0.00028905688553014779:-0.00028905688553014741:0;0.00028905688553014784:-0.00028905688553014747:0,balanced_sqrt,true,true,0.017078812525095521,1.4039185820540335e-05,2.3977262263398771e-07,true,12,true,0.017078812525095521,1.4039185820540335e-05,2.3977262263398771e-07,true,12,true,0.01667002435728146,3.0346489016386573e-06,5.0587671106113846e-08,true,10,true,0.00040878816781406206,0.00046279458756975835,1.8918495152690602e-07,true,15,true,t12
n4_compact_f0.1_d2.1,4,compact,2,0.10000000000000001,2.1000000000000001,0.013024703240875866,-1.05:-1.05:0;1.05:-1.05:0;1.05:1.05:0;-1.05:1.05:0,11,15,264,66,1.0552281556832224,2.8602976585312445e-17,2.398478733262587e-32,1.8372918880089156e-16,0,0,0.012076595546925044:0.012076595546925046:0;-0.012076595546925048:0.012076595546925046:0;-0.012076595546925049:-0.012076595546925046:0;0.012076595546925041:-0.012076595546925046:0,0:0:0;0:0:0;0:0:0;0:0:0,0.012076595546925044:0.012076595546925046:0;-0.012076595546925048:0.012076595546925046:0;-0.012076595546925049:-0.012076595546925046:0;0.012076595546925041:-0.012076595546925046:0,0.011787497725647241:0.011787497725647243:0;-0.011787497725647245:0.011787497725647243:0;-0.011787497725647246:-0.011787497725647243:0;0.011787497725647238:-0.011787497725647243:0,0.00028909782127780308:0.00028909782127780308:0;-0.00028909782127780318:0.00028909782127780308:0;-0.00028909782127780318:-0.00028909782127780308:0;0.00028909782127780308:-0.00028909782127780313:0,balanced_sqrt,true,true,0.017078885209755923,4.2558199502044015e-06,7.2684660402930135e-08,true,12,true,0.017078885209755923,4.2558199502044015e-06,7.2684660402930135e-08,true,12,true,0.016670039150052343,8.8738669115964366e-07,1.4792770882866668e-08,true,10,true,0.00040884605970358228,0.00014159825720765851,5.7891889520245553e-08,true,15,true,t12
n4_compact_f0.1_d2.1,4,compact,2,0.10000000000000001,2.1000000000000001,0.013024703240875866,-1.05:-1.05:0;1.05:-1.05:0;1.05:1.05:0;-1.05:1.05:0,12,15,312,78,1.0555372020051326,4.69372596995653e-17,2.1996015292534029e-34,3.3473738512502151e-16,0,0,0.012076612517329475:0.012076612517329468:0;-0.012076612517329468:0.012076612517329468:0;-0.012076612517329473:-0.012076612517329475:0;0.012076612517329466:-0.012076612517329468:0,0:0:0;0:0:0;0:0:0;0:0:0,0.012076612517329475:0.012076612517329468:0;-0.012076612517329468:0.012076612517329468:0;-0.012076612517329473:-0.012076612517329475:0;0.012076612517329466:-0.012076612517329468:0,0.011787501044854289:0.011787501044854282:0;-0.011787501044854282:0.011787501044854282:0;-0.011787501044854288:-0.011787501044854289:0;0.011787501044854281:-0.011787501044854282:0,0.00028911147247518576:0.00028911147247518565:0;-0.0002891114724751857:0.00028911147247518565:0;-0.00028911147247518565:-0.0002891114724751857:0;0.00028911147247518549:-0.00028911147247518565:0,balanced_sqrt,true,true,0.01707890920953202,1.4052288586749224e-06,2.3999776095923303e-08,true,12,true,0.01707890920953202,1.4052288586749224e-06,2.3999776095923303e-08,true,12,true,0.016670043844119957,2.8158699873567409e-07,4.6940676148578378e-09,true,10,true,0.0004088653654120633,4.721776436497727e-05,1.9305708481027133e-08,true,15,true,t12
n4_compact_f0.1_d2.1,4,compact,2,0.10000000000000001,2.1000000000000001,0.013024703240875866,-1.05:-1.05:0;1.05:-1.05:0;1.05:1.05:0;-1.05:1.05:0,13,15,364,91,1.0557514768504852,2.9506590346944571e-17,8.7508672911874847e-37,1.5736261154173065e-16,0,0,0.012076618522543596:0.012076618522543596:0;-0.012076618522543596:0.012076618522543603:0;-0.012076618522543596:-0.012076618522543596:0;0.012076618522543601:-0.012076618522543601:0,0:0:0;0:0:0;0:0:0;0:0:0,0.012076618522543596:0.012076618522543596:0;-0.012076618522543596:0.012076618522543603:0;-0.012076618522543596:-0.012076618522543596:0;0.012076618522543601:-0.012076618522543601:0,0.011787502154612692:0.011787502154612692:0;-0.011787502154612692:0.011787502154612699:0;-0.011787502154612692:-0.011787502154612692:0;0.011787502154612698:-0.011787502154612698:0,0.0002891163679309038:0.0002891163679309038:0;-0.0002891163679309038:0.00028911636793090407:0;-0.0002891163679309038:-0.00028911636793090386:0;0.00028911636793090397:-0.0002891163679309038:0,balanced_sqrt,true,true,0.017078917702187286,4.9725956954274691e-07,8.4926552648456508e-09,true,12,true,0.017078917702187286,4.9725956954274691e-07,8.4926552648456508e-09,true,12,true,0.016670045413555351,9.4147037736308474e-08,1.5694353946159717e-09,true,10,true,0.00040887228863193401,1.6932475159552658e-05,6.9232198706896673e-09,true,15,true,t12
n4_compact_f0.1_d2.1,4,compact,2,0.10000000000000001,2.1000000000000001,0.013024703240875866,-1.05:-1.05:0;1.05:-1.05:0;1.05:1.05:0;-1.05:1.05:0,14,15,420,105,1.0558890107006429,2.2950380455520924e-17,8.0878593882040588e-39,1.5297078463000343e-16,7.18215610081574e-17,0,0.012076620527502739:0.012076620527502729:0;-0.012076620527502732:0.012076620527502732:0;-0.012076620527502732:-0.012076620527502734:0;0.012076620527502729:-0.012076620527502737:0,0:0:0;0:0:0;0:0:0;0:0:0,0.012076620527502739:0.012076620527502729:0;-0.012076620527502732:0.012076620527502732:0;-0.012076620527502732:-0.012076620527502734:0;0.012076620527502729:-0.012076620527502737:0,0.011787502503534084:0.011787502503534076:0;-0.011787502503534077:0.011787502503534079:0;-0.011787502503534079:-0.011787502503534081:0;0.011787502503534076:-0.011787502503534084:0,0.00028911802396865415:0.00028911802396865366:0;-0.00028911802396865399:0.00028911802396865382:0;-0.00028911802396865377:-0.00028911802396865399:0;0.00028911802396865361:-0.00028911802396865399:0,balanced_sqrt,true,true,0.017078920537627686,1.6601988365435074e-07,2.8354404005988498e-09,true,12,true,0.017078920537627686,1.6601988365435074e-07,2.8354404005988498e-09,true,12,true,0.016670045907004705,2.9600959553225909e-08,4.9344935464366539e-10,true,10,true,0.00040887463062297988,5.7278952286450002e-06,2.3419910458593535e-09,true,15,true,t12_1
n4_compact_f0.1_d2.1,4,compact,2,0.10000000000000001,2.1000000000000001,0.013024703240875866,-1.05:-1.05:0;1.05:-1.05:0;1.05:1.05:0;-1.05:1.05:0,15,15,480,120,1.0559757051427392,2.9706349215328073e-17,4.8859703061971517e-41,2.9376550386936058e-16,0,0,0.01207662117448712:0.012076621174487113:0;-0.012076621174487117:0.01207662117448712:0;-0.012076621174487117:-0.012076621174487117:0;0.01207662117448712:-0.012076621174487115:0,0:0:0;0:0:0;0:0:0;0:0:0,0.01207662117448712:0.012076621174487113:0;-0.012076621174487117:0.01207662117448712:0;-0.012076621174487117:-0.012076621174487117:0;0.01207662117448712:-0.012076621174487115:0,0.011787502609919289:0.011787502609919282:0;-0.011787502609919285:0.011787502609919289:0;-0.011787502609919285:-0.011787502609919285:0;0.011787502609919289:-0.011787502609919284:0,0.00028911856456783085:0.00028911856456783074:0;-0.00028911856456783079:0.00028911856456783085:0;-0.00028911856456783074:-0.00028911856456783074:0;0.00028911856456783085:-0.00028911856456783074:0,balanced_sqrt,true,true,0.017078921452601779,5.3573294624801148e-08,9.1497409085407196e-10,true,12,true,0.017078921452601779,5.3573294624801148e-08,9.1497409085407196e-10,true,12,true,0.01667004605745611,9.0252541133950267e-09,1.504514017505403e-10,true,10,true,0.00040887539514566766,1.869818279302085e-06,7.6452268780023233e-10,true,15,true,t12_1
n4_irregular_f0.1_d2.1,4,irregular,2,0.10000000000000001,2.1000000000000001,0.0096526293793164769,-1.4175000000000002:-1.2075:0;0.68249999999999988:-1.2075:0;-0.78750000000000009:1.3125000000000004:0;1.5225000000000002:1.1025:0,2,15,12,3,1.0249157001279423,3.7723630791437817e-17,2.4929288582130647e-17,1.4842549358880153e-16,0,0,0.011808603497864736:0.0047626421508297464:0;-0.0095381704931056608:0.0073343467088572761:0;0.0069917899538868931:-0.0070773464669330209:0;-0.0092722946382984787:-0.0050071135302753866:0,0:0:0;0:0:0;0:0:0;0:0:0,0.011808603497864736:0.0047626421508297464:0;-0.0095381704931056608:0.0073343467088572761:0;0.0069917899538868931:-0.0070773464669330209:0;-0.0092722946382984787:-0.0050071135302753866:0,0.011696344692168344:0.0047173659602238538:0;-0.0094324344414777762:0.0072530412931447429:0;0.0069276480712573635:-0.0070124196942751779:0;-0.0091923871848983863:-0.0049639628616872733:0,0.00011225880569639211:4.5276190605892199e-05:0;-0.00010573605162788389:8.130541571253328e-05:0;6.4141882629529178e-05:-6.4926772657843002e-05:0;-7.9907453400092663e-05:-4.3150668588113006e-05:0,balanced_sqrt,true,true,0.011367891277241011,0,0,false,11,true,0.011367891277241011,0,0,false,11,true,0.01125769398534488,0,0,false,10,true,0.00011070174383644149,0,0,false,15,true,t12
n4_irregular_f0.1_d2.1,4,irregular,2,0.10000000000000001,2.1000000000000001,0.0096526293793164769,-1.4175000000000002:-1.2075:0;0.68249999999999988:-1.2075:0;-0.78750000000000009:1.3125000000000004:0;1.5225000000000002:1.1025:0,3,15,24,6,1.0316431969849111,3.0819437490308182e-17,2.5323347850571952e-17,1.8709392321357097e-16,0,0,0.011933691685927277:0.0047822553265765965:0;-0.0096388635044211066:0.007359973285100148:0;0.007038942403662287:-0.0071082009245803058:0;-0.0093328250902796027:-0.0050348126241562419:0,0:0:0;0:0:0;0:0:0;0:0:0,0.011933691685927277:0.0047822553265765965:0;-0.0096388635044211066:0.007359973285100148:0;0.007038942403662287:-0.0071082009245803058:0;-0.0093328250902796027:-0.0050348126241562419:0,0.011747498738549751:0.0047247988906549132:0;-0.0094800143085927366:0.0072708597188682065:0;0.0069481259945668762:-0.0070269393369914749:0;-0.0092155192322418821:-0.0049755218914557461:0,0.00018619294737752583:5.7456435921683564e-05:0;-0.00015884919582836966:8.9113566231941406e-05:0;9.0816409095410928e-05:-8.1261587588830856e-05:0;-0.00011730585803772035:-5.9290732700495453e-05:0,balanced_sqrt,true,true,0.011455174077136322,0.0080995788732304338,9.2782085944350277e-05,true,11,true,0.011455174077136322,0.0080995788732304338,9.2782085944350277e-05,true,11,true,0.011296011105764886,0.0035829292974300874,4.0472809134940651e-05,true,10,true,0.00016067861671393663,0.32835167963450801,5.2759093679370428e-05,true,15,true,t12
n4_irregular_f0.1_d2.1,4,irregular,2,0.10000000000000001,2.1000000000000001,0.0096526293793164769,-1.4175000000000002:-1.2075:0;0.68249999999999988:-1.2075:0;-0.78750000000000009:1.3125000000000004:0;1.5225000000000002:1.1025:0,4,15,40,10,1.0372103782866182,3.2487428402222756e-17,4.7496274843397452e-19,1.5041180807942133e-16,0,0,0.011994212103982143:0.0047861748337566165:0;-0.0096963150586519518:0.0073730316571887933:0;0.0070570891531431474:-0.0071166036392877269:0;-0.0093547127458632647:-0.0050428523471882291:0,0:0:0;0:0:0;0:0:0;0:0:0,0.011994212103982143:0.0047861748337566165:0;-0.0096963150586519518:0.0073730316571887933:0;0.0070570891531431474:-0.0071166036392877269:0;-0.0093547127458632647:-0.0050428523471882291:0,0.011771425570798055:0.0047276780485337967:0;-0.0095007806615126505:0.0072748745480650792:0;0.0069546377422950176:-0.0070297844563229836:0;-0.0092249690442817549:-0.0049798066200261414:0,0.00022278653318408861:5.8496785222819861e-05:0;-0.00019553439713930107:9.815710912371457e-05:0;0.00010245141084812975:-8.6819182964743057e-05:0;-0.00012974370158151015:-6.3045727162088075e-05:0,balanced_sqrt,true,true,0.011494980209818088,0.0039130367721698003,4.498028025638231e-05,true,11,true,0.011494980209818088,0.0039130367721698003,4.498028025638231e-05,true,11,true,0.011311381613638229,0.0015224791210815792,1.7221342337350267e-05,true,10,true,0.00018692664718723937,0.14899690925064674,2.7851492687484762e-05,true,15,true,t12
n4_irregular_f0.1_d2.1,4,irregular,2,0.10000000000000001,2.1000000000000001,0.0096526293793164769,-1.4175000000000002:-1.2075:0;0.68249999999999988:-1.2075:0;-0.78750000000000009:1.3125000000000004:0;1.5225000000000002:1.1025:0,5,15,60,15,1.0415701957298356,1.923626697555899e-17,1.4010307390899548e-21,1.7109196783749358e-16,0,0,0.012019451913325483:0.0047874602021946173:0;-0.0097212878157881977:0.0073765760881628131:0;0.0070633037852267768:-0.0071189888291674809:0;-0.009361846349623764:-0.0050446846681961467:0,0:0:0;0:0:0;0:0:0;0:0:0,0.012019451913325483:0.0047874602021946173:0;-0.0097212878157881977:0.0073765760881628131:0;0.0070633037852267768:-0.0071189888291674809:0;-0.009361846349623764:-0.0050446846681961467:0,0.011778569461244866:0.0047281942610284573:0;-0.0095077240557908515:0.007275369122525961:0;0.0069560512452652009:-0.0070300801591945032:0;-0.0092269465855721374:-0.0049801650790195443:0,0.00024088245208061745:5.9265941166159997e-05:0;-0.00021356375999734582:0.00010120696563685216:0;0.00010725253996157575:-8.890866997297808e-05:0;-0.00013489976405162699:-6.451958917660198e-05:0,balanced_sqrt,true,true,0.011510512410986487,0.0016098413331764763,1.8530098645246862e-05,true,11,true,0.011510512410986487,0.0016098413331764763,1.8530098645246862e-05,true,11,true,0.011315537941169697,0.00045467908757264471,5.1449384664846799e-06,true,10,true,0.00019947288013260101,0.067193299631417444,1.3403241003091677e-05,true,15,true,t12
n4_irregular_f0.1_d2.1,4,irregular,2,0.10000000000000001,2.1000000000000001,0.0096526293793164769,-1.4175000000000002:-1.2075:0;0.68249999999999988:-1.2075:0;-0.78750000000000009:1.3125000000000004:0;1.5225000000000002:1.1025:0,6,15,84,21,1.0448601677018776,3.3775976069198098e-17,1.3110036447873745e-22,1.4003263866971274e-16,0,0,0.012030044589164835:0.0047878961967205372:0;-0.009731058200336512:0.0073769502483053808:0;0.0070653071171492329:-0.0071195438128955806:0;-0.0093642902331807602:-0.0050453474089920151:0,0:0:0;0:0:0;0:0:0;0:0:0,0.012030044589164835:0.0047878961967205372:0;-0.009731058200336512:0.0073769502483053808:0;0.0070653071171492329:-0.0071195438128955806:0;-0.0093642902331807602:-0.0050453474089920151:0,0.011781238883540065:0.0047281925032250276:0;-0.0095104133783596775:0.0072755684309564377:0;0.0069565448569904598:-0.0070302312713414576:0;-0.0092274134024100639:-0.0049802510102853574:0,0.00024880570562476977:5.9703693495509595e-05:0;-0.0002206448219768338:0.00010138181734894316:0;0.00010876226015877339:-8.9312541554122592e-05:0;-0.00013687683077069675:-6.5096398706657616e-05:0,balanced_sqrt,true,true,0.011516409404456548,0.00064210420993785692,7.3947349619694773e-06,true,11,true,0.011516409404456548,0.00064210420993785692,7.3947349619694773e-06,true,11,true,0.011317033388875542,0.00017048322840617641,1.9293643881159936e-06,true,10,true,0.00020445658937945496,0.026769695794527627,5.4732407008746574e-06,true,15,true,t12
n4_irregular_f0.1_d2.1,4,irregular,2,0.10000000000000001,2.1000000000000001,0.0096526293793164769,-1.4175000000000002:-1.2075:0;0.68249999999999988:-1.2075:0;-0.78750000000000009:1.3125000000000004:0;1.5225000000000002:1.1025:0,7,15,112,28,1.0472873499059945,4.2330767798732965e-17,2.3892916083838013e-24,3.2257968736479098e-16,0,0,0.01203404112572001:0.0047880036037421855:0;-0.0097348868200513861:0.0073771840255704383:0;0.0070659096201036425:-0.0071196719255007083:0;-0.0093650357800373618:-0.0050455409249846785:0,0:0:0;0:0:0;0:0:0;0:0:0,0.01203404112572001:0.0047880036037421855:0;-0.0097348868200513861:0.0073771840255704383:0;0.0070659096201036425:-0.0071196719255007083:0;-0.0093650357800373618:-0.0050455409249846785:0,0.011782217368747969:0.0047281965141309961:0;-0.0095113647064624367:0.0072756251044007077:0;0.0069566885614266247:-0.0070302724520867063:0;-0.0092275599750967149:-0.004980292769094995:0,0.00025182375697204015:5.9807089611189127e-05:0;-0.00022352211358894904:0.0001015589211697307:0;0.000109221058677018:-8.9399473414002243e-05:0;-0.00013747580494064766:-6.5248155889683387e-05:0,balanced_sqrt,true,true,0.011518595567001884,0.00024428190696788833,2.8137844906990854e-06,true,11,true,0.011518595567001884,0.00024428190696788833,2.8137844906990854e-06,true,11,true,0.011317560396248743,6.107692119839069e-05,6.9124174447971178e-07,true,10,true,0.00020636549285916084,0.010287810884168878,2.1230491635533497e-06,true,15,true,t12
n4_irregular_f0.1_d2.1,4,irregular,2,0.10000000000000001,2.1000000000000001,0.0096526293793164769,-1.4175000000000002:-1.2075:0;0.68249999999999988:-1.2075:0;-0.78750000000000009:1.3125000000000004:0;1.5225000000000002:1.1025:0,8,15,144,36,1.0490477464582755,4.2902332602135341e-17,2.7994960787827462e-26,2.9219401333683606e-16,0,0,0.012035432443125445:0.0047880223578251778:0;-0.0097362837424540844:0.0073772702945645394:0;0.007066088074902061:-0.0071197112190907637:0;-0.0093652370732963154:-0.005045575991635954:0,0:0:0;0:0:0;0:0:0;0:0:0,0.012035432443125445:0.0047880223578251778:0;-0.0097362837424540844:0.0073772702945645394:0;0.007066088074902061:-0.0071197112190907637:0;-0.0093652370732963154:-0.005045575991635954:0,0.011782543972331682:0.0047282046328082838:0;-0.0095116842369950168:0.007275636342425556:0;0.0069567250803564129:-0.0070302796647725048:0;-0.0092276048143973676:-0.0049802990724598867:0,0.00025288847079376269:5.9817725016894225e-05:0;-0.00022459950545906812:0.00010163395213898331:0;0.00010936299454564807:-8.9431554318259213e-05:0;-0.00013763225889894742:-6.5276919176067105e-05:0,balanced_sqrt,true,true,0.011519348086552547,8.6485286949609198e-05,9.9625412473792867e-07,true,11,true,0.011519348086552547,8.6485286949609198e-05,9.9625412473792867e-07,true,11,true,0.01131773175366392,2.036036850455664e-05,2.3043318914031948e-07,true,10,true,0.00020704294199330281,0.0036993905836329739,7.6593271001769241e-07,true,15,true,t12
n4_irregular_f0.1_d2.1,4,irregular,2,0.10000000000000001,2.1000000000000001,0.0096526293793164769,-1.4175000000000002:-1.2075:0;0.68249999999999988:-1.2075:0;-0.78750000000000009:1.3125000000000004:0;1.5225000000000002:1.1025:0,9,15,180,45,1.0503069388503985,2.776569017660706e-17,3.3440051810343631e-29,3.1803296621327095e-16,0,0,0.012035905651542412:0.0047880241625831606:0;-0.0097367547501222129:0.007377279592583612:0;0.0070661367667877112:-0.0071197209176150581:0;-0.0093652880514411251:-0.0050455824084241927:0,0:0:0;0:0:0;0:0:0;0:0:0,0.012035905651542412:0.0047880241625831606:0;-0.0097367547501222129:0.007377279592583612:0;0.0070661367667877112:-0.0071197209176150581:0;-0.0093652880514411251:-0.0050455824084241927:0,0.011782649566465554:0.0047282055382009075:0;-0.0095117890825294864:0.0072756383807665885:0;0.0069567341487042937:-0.0070302809951522747:0;-0.0092276150761237182:-0.0049802999567333172:0,0.00025325608507685695:5.9818624382253381e-05:0;-0.00022496566759272577:0.00010164121181702393:0;0.0001094026180834176:-8.9439922462783143e-05:0;-0.00013767297531740641:-6.5282451690875474e-05:0,balanced_sqrt,true,true,0.011519592922102639,2.9147830763823894e-05,3.3577114496159131e-07,true,11,true,0.011519592922102639,2.9147830763823894e-05,3.3577114496159131e-07,true,11,true,0.011317785476347691,6.6028049685084467e-06,7.4729130175741273e-08,true,10,true,0.00020726883460357029,0.0012594951764078293,2.6105409740286894e-07,true,15,true,t12
n4_irregular_f0.1_d2.1,4,irregular,2,0.10000000000000001,2.1000000000000001,0.0096526293793164769,-1.4175000000000002:-1.2075:0;0.68249999999999988:-1.2075:0;-0.78750000000000009:1.3125000000000004:0;1.5225000000000002:1.1025:0,10,15,220,55,1.0511954862154391,5.3802979721665011e-17,3.5147321462239353e-31,3.9202850782614971e-16,0,0,0.012036065628942261:0.0047880248788233441:0;-0.0097369130161237185:0.0073772818513474798:0;0.0070661492755673735:-0.0071197228910859136:0;-0.009365301633049156:-0.005045584335866448:0,0:0:0;0:0:0;0:0:0;0:0:0,0.012036065628942261:0.0047880248788233441:0;-0.0097369130161237185:0.0073772818513474798:0;0.0070661492755673735:-0.0071197228910859136:0;-0.009365301633049156:-0.005045584335866448:0,0.011782683753246854:0.0047282055615700206:0;-0.0095118229434019621:0.0072756389084533118:0;0.0069567365024498957:-0.0070302813926328683:0;-0.009227617589851831:-0.0049803004423646657:0,0.00025338187569540644:5.9819317253323653e-05:0;-0.00022509007272175627:0.0001016429428941683:0;0.00010941277311747767:-8.9441498453045589e-05:0;-0.00013768404319732452:-6.5283893501782346e-05:0,balanced_sqrt,true,true,0.01151967378293549,9.8015291172287181e-06,1.129104180044185e-07,true,11,true,0.01151967378293549,9.8015291172287181e-06,1.129104180044185e-07,true,11,true,0.011317802564976959,2.1314894748844307e-06,2.4123777046068401e-08,true,10,true,0.00020734474516752676,0.00042821669500003152,8.8788481501262066e-08,true,15,true,t12
n4_irregular_f0.1_d2.1,4,irregular,2,0.10000000000000001,2.1000000000000001,0.0096526293793164769,-1.4175000000000002:-1.2075:0;0.68249999999999988:-1.2075:0;-0.78750000000000009:1.3125000000000004:0;1.5225000000000002:1.1025:0,11,15,264,66,1.0518135903444565,3.647335438346948e-17,1.6317039653750075e-32,2.107508072098575e-16,0,0,0.012036118781308574:0.0047880252380873246:0;-0.0097369659963294809:0.0073772829166061432:0;0.0070661524897294176:-0.0071197233673483467:0;-0.0093653052634986161:-0.0050455847824937908:0,0:0:0;0:0:0;0:0:0;0:0:0,0.012036118781308574:0.0047880252380873246:0;-0.0097369659963294809:0.0073772829166061432:0;0.0070661524897294176:-0.0071197233673483467:0;-0.0093653052634986161:-0.0050455847824937908:0,0.011782694567448284:0.0047282056423993638:0;-0.0095118336951979399:0.0072756390660869393:0;0.0069567371161761678:-0.0070302815077035027:0;-0.0092276182826989753:-0.0049803005248792945:0,0.00025342421386028894:5.9819595687960775e-05:0;-0.0002251323011315417:0.00010164385051920387:0;0.00010941537355325007:-8.9441859644844105e-05:0;-0.00013768698079964011:-6.5284257614496298e-05:0,balanced_sqrt,true,true,0.011519700423135781,3.2646193943259856e-06,3.7607437418194332e-08,true,11,true,0.011519700423135781,3.2646193943259856e-06,3.7607437418194332e-08,true,11,true,0.011317807934866628,6.7501028326805186e-07,7.6396367400877277e-09,true,10,true,0.00020737017068557113,0.00014451433213303743,2.9967961720939287e-08,true,15,true,t12
n4_irregular_f0.1_d2.1,4,irregular,2,0.10000000000000001,2.1000000000000001,0.0096526293793164769,-1.4175000000000002:-1.2075:0;0.68249999999999988:-1.2075:0;-0.78750000000000009:1.3125000000000004:0;1.5225000000000002:1.1025:0,12,15,312,78,1.0522372699193425,3.0987911857112547e-17,2.0874504222617725e-35,1.8523393509553698e-16,0,0,0.012036136254680462:0.0047880252976581434:0;-0.0097369834106130534:0.007377283058294045:0;0.0070661533068754456:-0.0071197234874165643:0;-0.0093653061502846965:-0.0050455848534381635:0,0:0:0;0:0:0;0:0:0;0:0:0,0.012036136254680462:0.0047880252976581434:0;-0.0097369834106130534:0.007377283058294045:0;0.0070661533068754456:-0.0071197234874165643:0;-0.0093653061502846965:-0.0050455848534381635:0,0.011782697950674432:0.004728205658908767:0;-0.0095118370746889048:0.0072756391027939188:0;0.0069567372676206498:-0.0070302815321303799:0;-0.0092276184416683338:-0.0049803005275932885:0,0.00025343830400603062:5.9819638749376523e-05:0;-0.00022514633592414919:0.00010164395550012599:0;0.00010941603925479577:-8.9441955286184398e-05:0;-0.0001376877086163635:-6.5284325844875245e-05:0,balanced_sqrt,true,true,0.011519709027882788,1.0720609183782904e-06,1.2349829839882705e-08,true,11,true,0.011519709027882788,1.0720609183782904e-06,1.2349829839882705e-08,true,11,true,0.011317809592862632,2.1149118676459802e-07,2.39361698237027e-09,true,10,true,0.00020737852510807853,4.8010004012626124e-05,9.9562438225713368e-09,true,15,true,t12
n4_irregular_f0.1_d2.1,4,irregular,2,0.10000000000000001,2.1000000000000001,0.0096526293793164769,-1.4175000000000002:-1.2075:0;0.68249999999999988:-1.2075:0;-0.78750000000000009:1.3125000000000004:0;1.5225000000000002:1.1025:0,13,15,364,91,1.052523372957239,4.7855044782919057e-17,1.3889201618829446e-37,4.0621575671084238e-16,0,0,0.012036142030623557:0.0047880252986087606:0;-0.0097369891706497354:0.0073772830758809076:0;0.0070661535074348896:-0.0071197235128015544:0;-0.0093653063596107981:-0.0050455848669583754:0,0:0:0;0:0:0;0:0:0;0:0:0,0.012036142030623557:0.0047880252986087606:0;-0.0097369891706497354:0.0073772830758809076:0;0.0070661535074348896:-0.0071197235128015544:0;-0.0093653063596107981:-0.0050455848669583754:0,0.011782699018107076:0.004728205659951224:0;-0.0095118381382203569:0.0072756391098255518:0;0.0069567373029738953:-0.0070302815365942128:0;-0.0092276184771478715:-0.0049803005311514761:0,0.00025344301251648216:5.9819638657536847e-05:0;-0.0002251510324293791:0.00010164396605535538:0;0.0001094162044609946:-8.9441976207341552e-05:0;-0.00013768788246292741:-6.5284335806898992e-05:0,balanced_sqrt,true,true,0.011519711835381441,3.5427955277514249e-07,4.0811983571374526e-09,true,11,true,0.011519711835381441,3.5427955277514249e-07,4.0811983571374526e-09,true,11,true,0.011317810109126424,6.6606589047134948e-08,7.5384072685209325e-10,true,10,true,0.00020738129338697793,1.6044666427393455e-05,3.3273636756754772e-09,true,15,true,t12
n4_irregular_f0.1_d2.1,4,irregular,2,0.10000000000000001,2.1000000000000001,0.0096526293793164769,-1.4175000000000002:-1.2075:0;0.68249999999999988:-1.2075:0;-0.78750000000000009:1.3125000000000004:0;1.5225000000000002:1.1025:0,14,15,420,105,1.0527137075513506,4.725350599001237e-17,6.255600889736378e-40,4.6713357449460818e-16,0,0,0.012036143963861099:0.0047880252995756573:0;-0.0097369911070525218:0.0073772830872614022:0;0.0070661535560729008:-0.007119723518289202:0;-0.0093653064110855756:-0.0050455848694647464:0,0:0:0;0:0:0;0:0:0;0:0:0,0.012036143963861099:0.0047880252995756573:0;-0.0097369911070525218:0.0073772830872614022:0;0.0070661535560729008:-0.007119723518289202:0;-0.0093653064110855756:-0.0050455848694647464:0,0.011782699356441231:0.0047282056609959265:0;-0.0095118384753145636:0.0072756391114513607:0;0.0069567373111665736:-0.0070302815376714727:0;-0.0092276184864033169:-0.0049803005321596913:0,0.00025344460741986866:5.981963857973065e-05:0;-0.00022515263173795844:0.0001016439758100414:0;0.00010941624490632697:-8.9441980617729094e-05:0;-0.00013768792468225942:-6.5284337305055435e-05:0,balanced_sqrt,true,true,0.011519712770507277,1.1880489853069715e-07,1.3685983068028933e-09,true,11,true,0.011519712770507277,1.1880489853069715e-07,1.3685983068028933e-09,true,11,true,0.011317810271804497,2.1106860664245011e-08,2.3888344443133845e-10,true,10,true,0.00020738222888781556,5.447510007657436e-06,1.1297167672766803e-09,true,15,true,t12_1
n4_irregular_f0.1_d2.1,4,irregular,2,0.10000000000000001,2.1000000000000001,0.0096526293793164769,-1.4175000000000002:-1.2075:0;0.68249999999999988:-1.2075:0;-0.78750000000000009:1.3125000000000004:0;1.5225000000000002:1.1025:0,15,15,480,120,1.0528384919467599,3.2817313383695113e-17,4.7992719520382288e-41,3.5596053586790134e-16,0,0,0.012036144621560399:0.0047880253002944495:0;-0.0097369917656467252:0.007377283089264549:0;0.0070661535679963274:-0.0071197235197145523:0;-0.009365306423724247:-0.0050455848697372047:0,0:0:0;0:0:0;0:0:0;0:0:0,0.012036144621560399:0.0047880253002944495:0;-0.0097369917656467252:0.007377283089264549:0;0.0070661535679963274:-0.0071197235197145523:0;-0.009365306423724247:-0.0050455848697372047:0,0.011782699464542719:0.004728205661362634:0;-0.0095118385832981805:0.007275639111907227:0;0.0069567373131193795:-0.0070302815379979658:0;-0.0092276184885873164:-0.0049803005321612933:0,0.00025344515701768047:5.9819638931815459e-05:0;-0.00022515318234854465:0.00010164397735732219:0;0.00010941625487694817:-8.9441981716586766e-05:0;-0.00013768793513693127:-6.5284337575910944e-05:0,balanced_sqrt,true,true,0.011519713086514496,4.0405780994065354e-08,4.6546300408817333e-10,true,11,true,0.011519713086514496,4.0405780994065354e-08,4.6546300408817333e-10,true,11,true,0.011317810323535843,6.7515188386875171e-09,7.6412409612044311e-11,true,10,true,0.00020738254965885336,1.876005768176476e-06,3.8905085937915336e-10,true,15,true,t12_1
n4_linear_f0.1_d2.1,4,linear,2,0.10000000000000001,2.1000000000000001,0.0096598744644465964,-3.1500000000000004:0:0;-1.05:0:0;1.05:0:0;3.1500000000000004:0:0,2,15,12,3,1.0234328928864307,4.0761174590707691e-17,2.4585583659067873e-17,1.282611719726434e-16,0,0,0.010660368869615813:8.3704792704026712e-22:0;0.00062753910935636975:1.2242349087918307e-18:0;-0.00062753910935636726:1.3023681012314956e-18:0;-0.010660368869615813:1.3071549690642573e-18:0,0:0:0;0:0:0;0:0:0;0:0:0,0.010660368869615813:8.3704792704026712e-22:0;0.00062753910935636975:1.2242349087918307e-18:0;-0.00062753910935636726:1.3023681012314956e-18:0;-0.010660368869615813:1.3071549690642573e-18:0,0.01059102741871196:8.3704792704026712e-22:0;0.00062017141712082907:1.2098808447304762e-18:0;-0.00062017141712082658:1.2870821674076157e-18:0;-0.01059102741871196:1.2986798588029747e-18:0,6.9341450903853235e-05:0:0;7.3676922355407218e-06:1.4354064061354578e-20:0;-7.3676922355406904e-06:1.528593382387988e-20:0;-6.9341450903853235e-05:8.4751102612827045e-21:0,balanced_sqrt,true,true,0.0075510684598289034,0,0,false,12,true,0.0075510684598289034,0,0,false,12,true,0.0075018155925923088,0,0,false,11,true,4.930780720296298e-05,0,0,false,15,true,t12
n4_linear_f0.1_d2.1,4,linear,2,0.10000000000000001,2.1000000000000001,0.0096598744644465964,-3.1500000000000004:0:0;-1.05:0:0;1.05:0:0;3.1500000000000004:0:0,3,15,24,6,1.0342968747598049,4.5129948281289933e-17,1.1327033881493633e-17,1.5461090884414044e-16,0,0,0.010816495211080303:3.3272299825548809e-21:0;0.00067300965629347271:1.2305689856809806e-18:0;-0.00067300965629347445:1.3113564982687855e-18:0;-0.010816495211080303:1.3246229015843175e-18:0,0:0:0;0:0:0;0:0:0;0:0:0,0.010816495211080303:3.3272299825548809e-21:0;0.00067300965629347271:1.2305689856809806e-18:0;-0.00067300965629347445:1.3113564982687855e-18:0;-0.010816495211080303:1.3246229015843175e-18:0,0.010678974188417623:3.1941884549845482e-21:0;0.00065705703901213939:1.2204409648490559e-18:0;-0.00065705703901214113:1.2992819057972236e-18:0;-0.010678974188417623:1.3077930657992647e-18:0,0.00013752102266267977:1.3304152757033266e-22:0;1.5952617281333327e-05:1.012802083192464e-20:0;-1.5952617281333367e-05:1.2074592471561784e-20:0;-0.0001375210226626798:1.6829835785052952e-20:0,balanced_sqrt,true,true,0.007663207900376558,0.015004785759081204,0.00011498479277244874,true,12,true,0.007663207900376558,0.015004785759081204,0.00011498479277244874,true,12,true,0.0075654548333000185,0.0089136523112856806,6.7435833960772138e-05,true,11,true,9.7894120539269316e-05,0.49636198143525861,4.8590919641733765e-05,true,15,true,t12
n4_linear_f0.1_d2.1,4,linear,2,0.10000000000000001,2.1000000000000001,0.0096598744644465964,-3.1500000000000004:0:0;-1.05:0:0;1.05:0:0;3.1500000000000004:0:0,4,15,40,10,1.0374952949341774,2.9668985198128907e-17,5.8637681996611739e-19,1.3029998386839328e-16,0,0,0.01086051775926679:3.0923560407616081e-21:0;0.00065691376596809371:1.2514361885815864e-18:0;-0.00065691376596809252:1.331190186428229e-18:0;-0.010860517759266787:1.3324091190660108e-18:0,0:0:0;0:0:0;0:0:0;0:0:0,0.01086051775926679:3.0923560407616081e-21:0;0.00065691376596809371:1.2514361885815864e-18:0;-0.00065691376596809252:1.331190186428229e-18:0;-0.010860517759266787:1.3324091190660108e-18:0,0.010683996055723601:3.0391701093964517e-21:0;0.00064025915732874878:1.2270833358542933e-18:0;-0.0006402591573287477:1.3049080926004909e-18:0;-0.010683996055723597:1.3107109811167265e-18:0,0.00017652170354318946:5.3185931365156389e-23:0;1.665460863934491e-05:2.4352852727292984e-20:0;-1.6654608639344873e-05:2.6282093827738005e-20:0;-0.00017652170354318943:2.1698137949284337e-20:0,balanced_sqrt,true,true,0.0076935811458405928,0.004308019522170671,3.3144097771685475e-05,true,12,true,0.0076935811458405928,0.004308019522170671,3.3144097771685475e-05,true,12,true,0.0075682793126066886,0.0016380656044074559,1.239733802652952e-05,true,11,true,0.00012537401606935826,0.21999863876999204,2.7582112872385925e-05,true,15,true,t12
n4_linear_f0.1_d2.1,4,linear,2,0.10000000000000001,2.1000000000000001,0.0096598744644465964,-3.1500000000000004:0:0;-1.05:0:0;1.05:0:0;3.1500000000000004:0:0,5,15,60,15,1.0434112113909069,3.5130638350214229e-17,4.3519477722490741e-22,1.4367834869994692e-16,0,0,0.010893816152102867:2.3647049384078433e-21:0;0.00066495574827052937:1.2524449017762528e-18:0;-0.00066495574827052937:1.3349952464038237e-18:0;-0.010893816152102867:1.3389506342501458e-18:0,0:0:0;0:0:0;0:0:0;0:0:0,0.010893816152102867:2.3647049384078433e-21:0;0.00066495574827052937:1.2524449017762528e-18:0;-0.00066495574827052937:1.3349952464038237e-18:0;-0.010893816152102867:1.3389506342501458e-18:0,0.010698292523054495:2.3586190459814766e-21:0;0.00064730674514078897:1.2313946817871853e-18:0;-0.00064730674514078897:1.3117941689034314e-18:0;-0.010698292523054495:1.3148516616810252e-18:0,0.00019552362904837116:6.0858924263666063e-24:0;1.7649003129740431e-05:2.1050219989067441e-20:0;-1.7649003129740445e-05:2.3201077500392343e-20:0;-0.00019552362904837116:2.4098972569120708e-20:0,balanced_sqrt,true,true,0.0077174282148580863,0.0031386716953654592,2.422247349898986e-05,true,12,true,0.0077174282148580863,0.0031386716953654592,2.422247349898986e-05,true,12,true,0.0075786697028947135,0.0014871610712208151,1.1270702553785639e-05,true,11,true,0.0001388181847376608,0.09692372800249513,1.3454775979313156e-05,true,15,true,t12
n4_linear_f0.1_d2.1,4,linear,2,0.10000000000000001,2.1000000000000001,0.0096598744644465964,-3.1500000000000004:0:0;-1.05:0:0;1.05:0:0;3.1500000000000004:0:0,6,15,84,21,1.0452292083502166,2.0275594932813698e-17,2.0996984204148777e-22,1.6893853580024272e-16,0,0,0.010901368141659382:6.2150479293159592e-21:0;0.00066219435586929005:1.2511622160595641e-18:0;-0.0006621943558692869:1.331940503119673e-18:0;-0.01090136814165938:1.3373116762871711e-18:0,0:0:0;0:0:0;0:0:0;0:0:0,0.010901368141659382:6.2150479293159592e-21:0;0.00066219435586929005:1.2511622160595641e-18:0;-0.0006621943558692869:1.331940503119673e-18:0;-0.01090136814165938:1.3373116762871711e-18:0,0.010698363777941807:6.0261902271424081e-21:0;0.00064469626344327777:1.2263861128753112e-18:0;-0.00064469626344327473:1.3050956877152837e-18:0;-0.010698363777941805:1.3123383482706077e-18:0,0.00020300436371757473:1.8885770217355145e-22:0;1.7498092426012228e-05:2.4776103184252931e-20:0;-1.7498092426012133e-05:2.6844815404389302e-20:0;-0.00020300436371757473:2.497332801656337e-20:0,balanced_sqrt,true,true,0.0077226397276103477,0.00073625762259069377,5.6858523659748375e-06,true,12,true,0.0077226397276103477,0.00073625762259069377,5.6858523659748375e-06,true,12,true,0.0075786087376666636,0.00024365448011957753,1.8465768264568045e-06,true,11,true,0.00014407802560926255,0.036721453006958817,5.2907544467459442e-06,true,15,true,t12
n4_linear_f0.1_d2.1,4,linear,2,0.10000000000000001,2.1000000000000001,0.0096598744644465964,-3.1500000000000004:0:0;-1.05:0:0;1.05:0:0;3.1500000000000004:0:0,7,15,112,28,1.0484006955315044,4.6314443581328629e-17,8.5452816409304239e-25,1.9642323374604613e-16,0,0,0.010906293541286279:1.0177950784893724e-20:0;0.0006632530553047336:1.2547737185129705e-18:0;-0.00066325305530473533:1.3382885176639543e-18:0;-0.010906293541286281:1.3401238210057153e-18:0,0:0:0;0:0:0;0:0:0;0:0:0,0.010906293541286279:1.0177950784893724e-20:0;0.0006632530553047336:1.2547737185129705e-18:0;-0.00066325305530473533:1.3382885176639543e-18:0;-0.010906293541286281:1.3401238210057153e-18:0,0.010700242834095373:9.9030398520097335e-21:0;0.00064561891209596867:1.2307158195003813e-18:0;-0.0006456189120959703:1.312058153530506e-18:0;-0.010700242834095375:1.3146974788689689e-18:0,0.00020605070719090579:2.7491093288398992e-22:0;1.7634143208764946e-05:2.4057899012589235e-20:0;-1.7634143208765018e-05:2.6230364133448296e-20:0;-0.00020605070719090582:2.54263421367464e-20:0,balanced_sqrt,true,true,0.0077261615121635239,0.00046107386077042211,3.5623311173490787e-06,true,12,true,0.0077261615121635239,0.00046107386077042211,3.5623311173490787e-06,true,12,true,0.0075799742904664718,0.00019528101567765823,1.4802250782528293e-06,true,11,true,0.00014623244670827954,0.014745272500252591,2.156237275092247e-06,true,15,true,t12
n4_linear_f0.1_d2.1,4,linear,2,0.10000000000000001,2.1000000000000001,0.0096598744644465964,-3.1500000000000004:0:0;-1.05:0:0;1.05:0:0;3.1500000000000004:0:0,8,15,144,36,1.0493617091252363,6.6825570046145247e-17,2.1761704392151023e-26,3.7708518862095444e-16,0,0,0.010907317636004442:2.9553131546770897e-21:0;0.00066289918365817731:1.2520718324434971e-18:0;-0.00066289918365817037:1.3546850310121982e-18:0;-0.010907317636004454:1.3362999897930017e-18:0,0:0:0;0:0:0;0:0:0;0:0:0,0.010907317636004442:2.9553131546770897e-21:0;0.00066289918365817731:1.2520718324434971e-18:0;-0.00066289918365817037:1.3546850310121982e-18:0;-0.010907317636004454:1.3362999897930017e-18:0,0.010700258478966655:2.8819395944806672e-21:0;0.00064531244502507776:1.2274842074138038e-18:0;-0.00064531244502507115:1.3274601225966525e-18:0;-0.010700258478966667:1.310872243921834e-18:0,0.00020705915703778593:7.3373560196422445e-23:0;1.758673863309957e-05:2.4587625029693314e-20:0;-1.7586738633099275e-05:2.7224908415545655e-20:0;-0.00020705915703778644:2.5427745871167791e-20:0,balanced_sqrt,true,true,0.0077268691376387475,9.9154994208137929e-05,7.661576645896097e-07,true,12,true,0.0077268691376387475,9.9154994208137929e-05,7.661576645896097e-07,true,12,true,0.0075799722845272385,2.8626367294426776e-05,2.1698712812120522e-07,true,11,true,0.00014694010325460433,0.004858232167180055,7.1386913628027739e-07,true,15,true,t12
n4_linear_f0.1_d2.1,4,linear,2,0.10000000000000001,2.1000000000000001,0.0096598744644465964,-3.1500000000000004:0:0;-1.05:0:0;1.05:0:0;3.1500000000000004:0:0,9,15,180,45,1.0509964502917089,3.0129970797886233e-17,9.7743897918521625e-29,2.2772525773488212e-16,0,0,0.010907913126755578:1.0582887036632157e-20:0;0.00066302206999102316:1.2532622836530225e-18:0;-0.00066302206999101991:1.3304333212761707e-18:0;-0.010907913126755585:1.3405773210850467e-18:0,0:0:0;0:0:0;0:0:0;0:0:0,0.010907913126755578:1.0582887036632157e-20:0;0.00066302206999102316:1.2532622836530225e-18:0;-0.00066302206999101991:1.3304333212761707e-18:0;-0.010907913126755585:1.3405773210850467e-18:0,0.010700464004967929:1.0165984441413981e-20:0;0.00064541226275031515:1.2288295400500837e-18:0;-0.00064541226275031201:1.3038714661020346e-18:0;-0.010700464004967936:1.3150627879110403e-18:0,0.00020744912178764934:4.1690259521817594e-22:0;1.7609807240708001e-05:2.4432743602938757e-20:0;-1.7609807240707937e-05:2.6561855174136081e-20:0;-0.00020744912178764945:2.5514533174006364e-20:0,balanced_sqrt,true,true,0.0077272947092155708,5.5640150067367613e-05,4.2994783723553016e-07,true,12,true,0.0077272947092155708,5.5640150067367613e-05,4.2994783723553016e-07,true,12,true,0.0075801215989759309,2.1313897075162567e-05,1.615619315777897e-07,true,11,true,0.00014721624136202141,0.0018763471168798018,2.7622877003750992e-07,true,15,true,t12
n4_linear_f0.1_d2.1,4,linear,2,0.10000000000000001,2.1000000000000001,0.0096598744644465964,-3.1500000000000004:0:0;-1.05:0:0;1.05:0:0;3.1500000000000004:0:0,10,15,220,55,1.0514699857539644,6.087780874341098e-17,3.354862236679956e-31,5.0504545570851367e-16,0,0,0.010908031392306897:7.4279232686377337e-21:0;0.00066298177223972148:1.2570527391199505e-18:0;-0.00066298177223972766:1.3257637863150657e-18:0;-0.010908031392306883:1.3406130315671258e-18:0,0:0:0;0:0:0;0:0:0;0:0:0,0.010908031392306897:7.4279232686377337e-21:0;0.00066298177223972148:1.2570527391199505e-18:0;-0.00066298177223972766:1.3257637863150657e-18:0;-0.010908031392306883:1.3406130315671258e-18:0,0.010700466636888241:7.1798696668485246e-21:0;0.00064538100627744384:1.2324088190352578e-18:0;-0.00064538100627744991:1.2992587353473557e-18:0;-0.010700466636888227:1.3150103989610155e-18:0,0.00020756475541865643:2.4805360178920837e-22:0;1.7600765962277601e-05:2.4643920084692673e-20:0;-1.7600765962277801e-05:2.6505050967709885e-20:0;-0.00020756475541865608:2.5602632606110385e-20:0,balanced_sqrt,true,true,0.0077273764527773176,1.1433084591918401e-05,8.8347748658201421e-08,true,12,true,0.0077273764527773176,1.1433084591918401e-05,8.8347748658201421e-08,true,12,true,0.0075801221260089827,2.9260583184423935e-06,2.2179879401617825e-08,true,11,true,0.00014729717352085454,0.0005567987410059652,8.2014880770149009e-08,true,15,true,t12
n4_linear_f0.1_d2.1,4,linear,2,0.10000000000000001,2.1000000000000001,0.0096598744644465964,-3.1500000000000004:0:0;-1.05:0:0;1.05:0:0;3.1500000000000004:0:0,11,15,264,66,1.0522756922399932,3.2343961219496487e-17,7.5835222906373538e-33,1.4744538387131374e-16,0,0,0.010908097489473044:2.793918070647918e-21:0;0.00066299538360617991:1.258249841769528e-18:0;-0.00066299538360617253:1.3374594484786586e-18:0;-0.010908097489473049:1.3379668633197421e-18:0,0:0:0;0:0:0;0:0:0;0:0:0,0.010908097489473044:2.793918070647918e-21:0;0.00066299538360617991:1.258249841769528e-18:0;-0.00066299538360617253:1.3374594484786586e-18:0;-0.010908097489473049:1.3379668633197421e-18:0,0.010700487133421123:2.5689001918430904e-21:0;0.00064539077845196166:1.2335742034675249e-18:0;-0.00064539077845195451:1.3106609677837446e-18:0;-0.010700487133421128:1.3123919316082899e-18:0,0.0002076103560519211:2.2501787880482753e-22:0;1.7604605154218233e-05:2.467563830200306e-20:0;-1.7604605154218046e-05:2.6798480694913895e-20:0;-0.00020761035605192121:2.5574931711452119e-20:0,balanced_sqrt,true,true,0.0077274236883495421,6.1752107125092782e-06,4.7718469540394048e-08,true,12,true,0.0077274236883495421,6.1752107125092782e-06,4.7718469540394048e-08,true,12,true,0.007580137008966985,2.1181941877502422e-06,1.6056202154744373e-08,true,11,true,0.00014732953210853789,0.00021963412938880064,3.2358593517918069e-08,true,15,true,t12
n4_linear_f0.1_d2.1,4,linear,2,0.10000000000000001,2.1000000000000001,0.0096598744644465964,-3.1500000000000004:0:0;-1.05:0:0;1.05:0:0;3.1500000000000004:0:0,12,15,312,78,1.0524891445383984,3.2907490352972339e-17,1.2898571890829644e-34,2.7919063990669436e-16,0,0,0.010908110338587679:7.0941712249978352e-21:0;0.00066299091431209903:1.2515305714653336e-18:0;-0.00066299091431211681:1.3345930144580768e-18:0;-0.010908110338587667:1.3384355461564543e-18:0,0:0:0;0:0:0;0:0:0;0:0:0,0.010908110338587679:7.0941712249978352e-21:0;0.00066299091431209903:1.2515305714653336e-18:0;-0.00066299091431211681:1.3345930144580768e-18:0;-0.010908110338587667:1.3384355461564543e-18:0,0.010700487536767597:6.7601436928270751e-21:0;0.00064538780673031144:1.2269721395824423e-18:0;-0.00064538780673032857:1.3077767112287481e-18:0;-0.010700487536767585:1.3128628578307648e-18:0,0.00020762280182008244:3.3402753217076032e-22:0;1.7603107581787643e-05:2.4558431882891279e-20:0;-1.7603107581788226e-05:2.68163032293288e-20:0;-0.00020762280182008206:2.5572688325689529e-20:0,balanced_sqrt,true,true,0.0077274325655829462,1.2448667822601235e-06,9.6196241130493337e-09,true,12,true,0.0077274325655829462,1.2448667822601235e-06,9.6196241130493337e-09,true,12,true,0.0075801371671492439,2.7975636853395323e-07,2.1205916468709202e-09,true,11,true,0.00014733821166309361,6.0160688847701421e-05,8.8639683072401471e-09,true,15,true,t12
n4_linear_f0.1_d2.1,4,linear,2,0.10000000000000001,2.1000000000000001,0.0096598744644465964,-3.1500000000000004:0:0;-1.05:0:0;1.05:0:0;3.1500000000000004:0:0,13,15,364,91,1.0528704369093553,3.5373971841584421e-17,5.6420052292255742e-37,4.2540331964421965e-16,0,0,0.010908117600020181:7.2087888758800172e-21:0;0.0006629924419686476:1.2568257649193479e-18:0;-0.0006629924419686372:1.3363918830758543e-18:0;-0.010908117600020186:1.3418461538810458e-18:0,0:0:0;0:0:0;0:0:0;0:0:0,0.010908117600020181:7.2087888758800172e-21:0;0.0006629924419686476:1.2568257649193479e-18:0;-0.0006629924419686372:1.3363918830758543e-18:0;-0.010908117600020186:1.3418461538810458e-18:0,0.010700489513569465:6.9173717629962278e-21:0;0.00064538872174503092:1.2321469865111789e-18:0;-0.00064538872174502106:1.3095512567162216e-18:0;-0.01070048951356947:1.3162680612560516e-18:0,0.00020762808645071539:2.9141711288378956e-22:0;1.7603720223616671e-05:2.4678778408169045e-20:0;-1.7603720223616153e-05:2.6840626359632766e-20:0;-0.00020762808645071555:2.5578092624994075e-20:0,balanced_sqrt,true,true,0.007727437756267521,6.790097592747504e-07,5.2470056506938266e-09,true,12,true,0.007727437756267521,6.790097592747504e-07,5.2470056506938266e-09,true,12,true,0.0075801386013768183,2.0320100554625447e-07,1.5402917859797485e-09,true,11,true,0.00014734197170001686,2.5531250255854485e-05,3.7618247526641597e-09,true,15,true,t12
n4_linear_f0.1_d2.1,4,linear,2,0.10000000000000001,2.1000000000000001,0.0096598744644465964,-3.1500000000000004:0:0;-1.05:0:0;1.05:0:0;3.1500000000000004:0:0,14,15,420,105,1.0529539426786494,4.3449103531785676e-17,6.0803301887299969e-40,3.2816346925910633e-16,0,0,0.010908119006393975:-4.1953417002413211e-22:0;0.00066299192877390114:1.2493194407308815e-18:0;-0.00066299192877391545:1.3522193128308466e-18:0;-0.010908119006393959:1.3486684290081665e-18:0,0:0:0;0:0:0;0:0:0;0:0:0,0.010908119006393975:-4.1953417002413211e-22:0;0.00066299192877390114:1.2493194407308815e-18:0;-0.00066299192877391545:1.3522193128308466e-18:0;-0.010908119006393959:1.3486684290081665e-18:0,0.010700489573728:-5.2242151075842171e-22:0;0.00064538844567966385:1.2248437565454334e-18:0;-0.00064538844567967762:1.3250992393613636e-18:0;-0.010700489573727984:1.3228690652034855e-18:0,0.00020762943266597477:1.028873407342896e-22:0;1.7603483094237279e-05:2.4475684185448161e-20:0;-1.7603483094237849e-05:2.7120073469482977e-20:0;-0.00020762943266597442:2.5799363804680895e-20:0,balanced_sqrt,true,true,0.0077274387268768639,1.3699198852782246e-07,1.0585971974217663e-09,true,12,true,0.0077274387268768639,1.3699198852782246e-07,1.0585971974217663e-09,true,12,true,0.007580138632085771,2.6356879294546083e-08,1.9978879896181031e-10,true,11,true,0.00014734290604953397,6.5600224866567736e-06,9.6657277693429916e-10,true,15,true,t12_1
n4_linear_f0.1_d2.1,4,linear,2,0.10000000000000001,2.1000000000000001,0.0096598744644465964,-3.1500000000000004:0:0;-1.05:0:0;1.05:0:0;3.1500000000000004:0:0,15,15,480,120,1.0531309601906369,6.364696310448857e-17,2.1638307661064762e-41,6.770687779265224e-16,0,0,0.01090811984125931:-7.5973949604712135e-22:0;0.00066299211077668031:1.2545529789316221e-18:0;-0.00066299211077666849:1.3545193812385587e-18:0;-0.010908119841259313:1.3405410795514634e-18:0,0:0:0;0:0:0;0:0:0;0:0:0,0.01090811984125931:-7.5973949604712135e-22:0;0.00066299211077668031:1.2545529789316221e-18:0;-0.00066299211077666849:1.3545193812385587e-18:0;-0.010908119841259313:1.3405410795514634e-18:0,0.010700489766700539:-8.3759343648752024e-22:0;0.000645388530967061:1.2300063285019725e-18:0;-0.00064538853096704951:1.3272423105024054e-18:0;-0.010700489766700542:1.315011135046338e-18:0,0.00020763007455877079:7.7853940440398877e-23:0;1.760357980961933e-05:2.4546650429649656e-20:0;-1.7603579809618988e-05:2.7277070736153355e-20:0;-0.00020763007455877109:2.5529944505125375e-20:0,balanced_sqrt,true,true,0.0077274393239360724,7.8189431016701956e-08,6.0420408395464951e-10,true,12,true,0.0077274393239360724,7.8189431016701956e-08,6.0420408395464951e-10,true,12,true,0.0075801387719212233,1.9681041197464767e-08,1.4918502345268158e-10,true,11,true,0.00014734336409115005,3.1152399044663896e-06,4.5900992747507073e-10,true,15,true,t12_1
