holdout_order,case_id,particle_count,family,stratum,target_level,f1,distance_ratio,lambda_max,rho_l1,lmax,final_lmax,standard_lmax_cap,extension_lmax_cap,extended_beyond_13,full_modes_per_particle,active_modes_per_particle,system_dimension,expected_system_dimension,mode_dimension_consistent,production_solver,physical_residual_relative,balanced_condition_number,balanced_backward_error,effective_incident_closure_error,scattering_closure_error,force_decomposition_residual,max_abs_fz,fz_tolerance,finite,diagnostics_pass,coordinates_xyz,total_forces_xyz,external_forces_xyz,interaction_forces_xyz,external_scattered_forces_xyz,scattered_scattered_forces_xyz,campaign_complete,total_rms,total_successive_change,total_absolute_change,total_change_applicable,total_minimum_confirmed_lmax,total_confirmed,interaction_rms,interaction_successive_change,interaction_absolute_change,interaction_change_applicable,interaction_minimum_confirmed_lmax,interaction_confirmed,external_scattered_rms,external_scattered_successive_change,external_scattered_absolute_change,external_scattered_change_applicable,external_scattered_minimum_confirmed_lmax,external_scattered_confirmed,scattered_scattered_rms,scattered_scattered_successive_change,scattered_scattered_absolute_change,scattered_scattered_change_applicable,scattered_scattered_minimum_confirmed_lmax,scattered_scattered_confirmed
1,n6_linear_f0.1_d4.0,6,linear,n6_linear,1,0.10000000000000001,4,0.003573495370370371,0.001732512316638866,2,9,13,21,false,9,3,18,18,true,balanced_sqrt,1.0240703542431073e-16,1.0031982834475375,4.8181390376061978e-17,8.9949916546162511e-18,1.5703939424791803e-16,0,0,1.3599778326407705e-17,true,true,-10:0:0;-6:0:0;-2:0:0;2:0:0;6:0:0;10:0:0,0.00082585822044717501:0:0;6.8562142016494239e-05:9.2703057919709573e-20:0;1.1966997287210737e-05:9.8902444129351565e-20:0;-1.1966997287210857e-05:1.0039343574939205e-19:0;-6.8562142016494117e-05:1.0086427520835219e-19:0;-0.00082585822044717479:1.0107353719011227e-19:0,0:0:0;0:0:0;0:0:0;0:0:0;0:0:0;0:0:0,0.00082585822044717501:0:0;6.8562142016494239e-05:9.2703057919709573e-20:0;1.1966997287210737e-05:9.8902444129351565e-20:0;-1.1966997287210857e-05:1.0039343574939205e-19:0;-6.8562142016494117e-05:1.0086427520835219e-19:0;-0.00082585822044717479:1.0107353719011227e-19:0,0.0008250032061682507:0:0;6.8434185084686769e-05:9.2528741054044203e-20:0;1.1943389382291234e-05:9.8709428561214468e-20:0;-1.1943389382291354e-05:1.0019331876146378e-19:0;-6.8434185084686647e-05:1.0067667511142275e-19:0;-0.00082500320616825048:1.0096236676230224e-19:0,8.5501427892433962e-07:0:0;1.2795693180746984e-07:1.7431686566536815e-22:0;2.3607904919502914e-08:1.9301556813709286e-22:0;-2.3607904919503155e-08:2.0011698792826701e-22:0;-1.2795693180746963e-07:1.8760009692943487e-22:0;-8.5501427892433951e-07:1.1117042781003547e-22:0,true,0.00047849966096196161,0,0,false,6,true,0.00047849966096196161,0,0,false,6,true,0.00047800145481857942,0,0,false,6,true,4.9932612146664826e-07,0,0,false,9,true
1,n6_linear_f0.1_d4.0,6,linear,n6_linear,1,0.10000000000000001,4,0.003573495370370371,0.001732512316638866,3,9,13,21,false,16,6,36,36,true,balanced_sqrt,2.0437683211458488e-16,1.0032875745257734,4.3449169236604558e-17,2.0430584302131605e-17,1.7965571543643183e-16,7.8253836430847841e-38,0,1.3616939515397211e-17,true,true,-10:0:0;-6:0:0;-2:0:0;2:0:0;6:0:0;10:0:0,0.00082689729290638756:-2.3703492242871235e-25:0;6.8685073403131552e-05:9.2554600471120129e-20:0;1.1984275533265684e-05:9.9074226447089787e-20:0;-1.1984275533266146e-05:1.004885864307125e-19:0;-6.8685073403131498e-05:1.0114540745767666e-19:0;-0.00082689729290638734:1.0138982430217203e-19:0,0:0:0;0:0:0;0:0:0;0:0:0;0:0:0;0:0:0,0.00082689729290638756:-2.3703492242871235e-25:0;6.8685073403131552e-05:9.2554600471120129e-20:0;1.1984275533265684e-05:9.9074226447089787e-20:0;-1.1984275533266146e-05:1.004885864307125e-19:0;-6.8685073403131498e-05:1.0114540745767666e-19:0;-0.00082689729290638734:1.0138982430217203e-19:0,0.00082583542487728832:-6.7902806638256708e-24:0;6.852341924432309e-05:9.2397178805615405e-20:0;1.1954703828577637e-05:9.8891551161215346e-20:0;-1.1954703828578099e-05:1.0030035412861354e-19:0;-6.8523419244323036e-05:1.0096141419913154e-19:0;-0.00082583542487728811:1.0125992651530319e-19:0,1.0618680290992112e-06:6.5532457413969585e-24:0;1.6165415880846308e-07:1.5742166550472673e-22:0;2.9571704688046124e-08:1.8267528587444473e-22:0;-2.9571704688047262e-08:1.8823230209895992e-22:0;-1.6165415880846292e-07:1.8399325854510668e-22:0;-1.0618680290992108e-06:1.2989778686883317e-22:0,true,0.00047910346662085517,0.0012610532537016136,6.041749854419518e-07,true,6,true,0.00047910346662085517,0.0012610532537016136,6.041749854419518e-07,true,6,true,0.0004784845949839324,0.0010100221083839556,4.8328001945491444e-07,true,6,true,6.2036824118187302e-07,0.19512656766537628,1.2105032559042522e-07,true,9,true
1,n6_linear_f0.1_d4.0,6,linear,n6_linear,1,0.10000000000000001,4,0.003573495370370371,0.001732512316638866,4,9,13,21,false,25,10,60,60,true,balanced_sqrt,1.240980853554419e-15,1.003288663700761,3.2286622330207934e-17,7.9866924252944985e-18,1.4821368256380477e-16,2.0029743131754586e-35,0,1.361914150033957e-17,true,true,-10:0:0;-6:0:0;-2:0:0;2:0:0;6:0:0;10:0:0,0.00082703203604209585:2.0953140587322418e-22:0;6.8684134236133868e-05:9.2787724776314578e-20:0;1.1984440651540617e-05:9.9150777592463274e-20:0;-1.1984440651540744e-05:1.0064374628983717e-19:0;-6.8684134236134017e-05:1.0116943605412026e-19:0;-0.00082703203604209564:1.0140644135235632e-19:0,0:0:0;0:0:0;0:0:0;0:0:0;0:0:0;0:0:0,0.00082703203604209585:2.0953140587322418e-22:0;6.8684134236133868e-05:9.2787724776314578e-20:0;1.1984440651540617e-05:9.9150777592463274e-20:0;-1.1984440651540744e-05:1.0064374628983717e-19:0;-6.8684134236134017e-05:1.0116943605412026e-19:0;-0.00082703203604209564:1.0140644135235632e-19:0,0.00082593830297852911:2.1605377363130015e-22:0;6.8521348708199513e-05:9.2619054430369895e-20:0;1.1954769648984906e-05:9.8957834810196318e-20:0;-1.1954769648985033e-05:1.0044439483629407e-19:0;-6.8521348708199662e-05:1.009883467772475e-19:0;-0.0008259383029785289:1.0127265406816187e-19:0,1.0937330635667802e-06:-6.522367758075942e-24:0;1.6278552793435936e-07:1.6867034594468113e-22:0;2.9671002555711442e-08:1.9294278226695556e-22:0;-2.967100255571176e-08:1.993514535431017e-22:0;-1.6278552793435978e-07:1.8108927687275841e-22:0;-1.0937330635667796e-06:1.3378728419445016e-22:0,true,0.00047918094207840113,0.00016235189446821074,7.7795933739490388e-08,true,6,true,0.00047918094207840113,0.00016235189446821074,7.7795933739490388e-08,true,6,true,0.00047854368385523015,0.00012414486286132961,5.9408740005363025e-08,true,6,true,6.386526209755199e-07,0.028824696114181394,1.840896772214483e-08,true,9,true
1,n6_linear_f0.1_d4.0,6,linear,n6_linear,1,0.10000000000000001,4,0.003573495370370371,0.001732512316638866,5,9,13,21,false,36,15,90,90,true,balanced_sqrt,6.8049428209472749e-14,1.0032897832639531,2.9000252510782521e-17,1.3673035693855663e-19,1.6110712409033039e-16,4.1076378300016012e-37,0,1.3619222186910012e-17,true,true,-10:0:0;-6:0:0;-2:0:0;2:0:0;6:0:0;10:0:0,0.00082703692163519445:1.0571400612354312e-25:0;6.8684720838474626e-05:9.2577525395840697e-20:0;1.1984458767634712e-05:9.909771095465887e-20:0;-1.1984458767635073e-05:1.0045978404357184e-19:0;-6.8684720838474504e-05:1.0127339796879677e-19:0;-0.00082703692163519445:1.0161635591062786e-19:0,0:0:0;0:0:0;0:0:0;0:0:0;0:0:0;0:0:0,0.00082703692163519445:1.0571400612354312e-25:0;6.8684720838474626e-05:9.2577525395840697e-20:0;1.1984458767634712e-05:9.909771095465887e-20:0;-1.1984458767635073e-05:1.0045978404357184e-19:0;-6.8684720838474504e-05:1.0127339796879677e-19:0;-0.00082703692163519445:1.0161635591062786e-19:0,0.00082593919480803367:1.319788994929646e-23:0;6.8521788999418876e-05:9.2411007030131e-20:0;1.1954775212658996e-05:9.890401407836661e-20:0;-1.1954775212659357e-05:1.0026020299990891e-19:0;-6.8521788999418754e-05:1.0108696723178854e-19:0;-0.00082593919480803367:1.0147549405861923e-19:0,1.0977268271607394e-06:-1.3092175943172917e-23:0;1.629318390557477e-07:1.665183657097024e-22:0;2.9683554975715132e-08:1.9369687629226415e-22:0;-2.9683554975716035e-08:1.9958104366292722e-22:0;-1.6293183905574744e-07:1.8643073700822864e-22:0;-1.0977268271607392e-06:1.4086185200862516e-22:0,true,0.00047918378098471814,5.9287836573606635e-06,2.8409769695744882e-09,true,6,true,0.00047918378098471814,5.9287836573606635e-06,2.8409769695744882e-09,true,6,true,0.00047854421799808949,1.1999681232923054e-06,5.7423780718355128e-10,true,6,true,6.4094515747773303e-07,0.0035999315185005786,2.3073586740344078e-09,true,9,true
1,n6_linear_f0.1_d4.0,6,linear,n6_linear,1,0.10000000000000001,4,0.003573495370370371,0.001732512316638866,6,9,13,21,false,49,21,126,126,true,balanced_sqrt,2.9890064638736521e-12,1.0032897926102937,8.3278187602624062e-17,6.9313371224553493e-21,5.6706700447469605e-16,0,0,1.3619229346108948e-17,true,true,-10:0:0;-6:0:0;-2:0:0;2:0:0;6:0:0;10:0:0,0.0008270373628036713:2.0949669831671569e-22:0;6.8684680740519505e-05:9.2473169138276012e-20:0;1.1984458689317014e-05:9.8967083930087546e-20:0;-1.1984458689317942e-05:1.0051237028019595e-19:0;-6.8684680740519071e-05:1.0127367037267604e-19:0;-0.00082703736280367152:1.0140700984436557e-19:0,0:0:0;0:0:0;0:0:0;0:0:0;0:0:0;0:0:0,0.0008270373628036713:2.0949669831671569e-22:0;6.8684680740519505e-05:9.2473169138276012e-20:0;1.1984458689317014e-05:9.8967083930087546e-20:0;-1.1984458689317942e-05:1.0051237028019595e-19:0;-6.8684680740519071e-05:1.0127367037267604e-19:0;-0.00082703736280367152:1.0140700984436557e-19:0,0.0008259391965021991:2.094925467961665e-22:0;6.8521744933640344e-05:9.2304348847329418e-20:0;1.195477492785297e-05:9.8771557822785058e-20:0;-1.1954774927853895e-05:1.0031801940535892e-19:0;-6.852174493363991e-05:1.0108163565657223e-19:0;-0.00082593919650219931:1.0127919030583268e-19:0,1.0981663014722217e-06:4.1515205491963383e-27:0;1.6293580687916293e-07:1.6882029094659615e-22:0;2.9683761464043526e-08:1.955261073024817e-22:0;-2.9683761464046007e-08:1.9435087483702709e-22:0;-1.6293580687916195e-07:1.9203471610381224e-22:0;-1.0981663014722215e-06:1.2781953853289044e-22:0,true,0.00047918403287663735,5.3373786045707272e-07,2.5575866047276803e-10,true,6,true,0.00047918403287663735,5.3373786045707272e-07,2.5575866047276803e-10,true,6,true,0.00047854421686716509,5.3204521010794762e-08,2.5460715901073701e-11,true,6,true,6.4119638919424067e-07,0.00039573052115780583,2.5374098126034017e-10,true,9,true
1,n6_linear_f0.1_d4.0,6,linear,n6_linear,1,0.10000000000000001,4,0.003573495370370371,0.001732512316638866,7,9,13,21,false,64,28,168,168,true,balanced_sqrt,1.1549153096542307e-10,1.0032898027261674,6.1342672244481557e-17,9.238187261487037e-23,4.5835760066775494e-16,1.075809273855549e-37,0,1.3619230213067153e-17,true,true,-10:0:0;-6:0:0;-2:0:0;2:0:0;6:0:0;10:0:0,0.00082703741544174175:2.9496980459073519e-26:0;6.8684685342948714e-05:9.257769631378904e-20:0;1.1984458725304526e-05:9.9097927048855693e-20:0;-1.1984458725306559e-05:1.008265050663622e-19:0;-6.8684685342949229e-05:1.0106429588921233e-19:0;-0.00082703741544174066:1.0140705052145178e-19:0,0:0:0;0:0:0;0:0:0;0:0:0;0:0:0;0:0:0,0.00082703741544174175:2.9496980459073519e-26:0;6.8684685342948714e-05:9.257769631378904e-20:0;1.1984458725304526e-05:9.9097927048855693e-20:0;-1.1984458725306559e-05:1.008265050663622e-19:0;-6.8684685342949229e-05:1.0106429588921233e-19:0;-0.00082703741544174066:1.0140705052145178e-19:0,0.00082593920483681194:-6.5412243532361074e-24:0;6.8521749109834199e-05:9.2405064736149032e-20:0;1.1954774942670465e-05:9.8909786519717634e-20:0;-1.1954774942672491e-05:1.0064370847057341e-19:0;-6.8521749109834714e-05:1.0085471789144104e-19:0;-0.00082593920483681085:1.0128573417862624e-19:0,1.0982106049298271e-06:6.5707213336951811e-24:0;1.6293623311451101e-07:1.7263157764000356e-22:0;2.9683782634062265e-08:1.8814052913806174e-22:0;-2.9683782634067549e-08:1.8279659578878807e-22:0;-1.6293623311451215e-07:2.0957799777129581e-22:0;-1.0982106049298256e-06:1.2131634282554103e-22:0,true,0.00047918406338001745,6.3663546542956088e-08,3.0506556921636563e-11,true,6,true,0.00047918406338001745,6.3663546542956088e-08,3.0506556921636563e-11,true,6,true,0.00047854422186163222,1.1247179418317401e-08,5.3822727228768659e-12,true,6,true,6.4122171823099997e-07,3.9892285489866357e-05,2.5579799845973695e-11,true,9,true
1,n6_linear_f0.1_d4.0,6,linear,n6_linear,1,0.10000000000000001,4,0.003573495370370371,0.001732512316638866,8,9,13,21,false,81,36,216,216,true,balanced_sqrt,3.1917151525650593e-09,1.0032898027938224,5.2750793819404826e-17,7.2343804105808258e-24,4.2479140715205598e-16,1.9560168518072435e-38,0,1.3619230280941998e-17,true,true,-10:0:0;-6:0:0;-2:0:0;2:0:0;6:0:0;10:0:0,0.00082703741962297642:-2.0610378041316867e-25:0;6.8684684979398623e-05:9.2577792996982755e-20:0;1.1984458725283176e-05:9.909789936142757e-20:0;-1.1984458725284115e-05:1.0069559742204856e-19:0;-6.8684684979399327e-05:1.0116882012684359e-19:0;-0.00082703741962297567:1.0119752001492164e-19:0,0:0:0;0:0:0;0:0:0;0:0:0;0:0:0;0:0:0,0.00082703741962297642:-2.0610378041316867e-25:0;6.8684684979398623e-05:9.2577792996982755e-20:0;1.1984458725283176e-05:9.909789936142757e-20:0;-1.1984458725284115e-05:1.0069559742204856e-19:0;-6.8684684979399327e-05:1.0116882012684359e-19:0;-0.00082703741962297567:1.0119752001492164e-19:0,0.00082593920483651953:-2.5084372870668753e-25:0;6.8521748735250534e-05:9.2413239931421472e-20:0;1.1954774941948312e-05:9.8902422064454963e-20:0;-1.1954774941949247e-05:1.0051553601220532e-19:0;-6.8521748735251239e-05:1.0096166358641334e-19:0;-0.00082593920483651877:1.0105661817409165e-19:0,1.0982147864569037e-06:4.4739948293518845e-26:0;1.6293624414808413e-07:1.6455306556128688e-22:0;2.9683783334864563e-08:1.9547729697260301e-22:0;-2.9683783334866995e-08:1.800614098432399e-22:0;-1.6293624414808583e-07:2.0715654043025039e-22:0;-1.0982147864569025e-06:1.4090184082999654e-22:0,true,0.00047918406576815125,5.0568143997769935e-09,2.4231448839200731e-12,true,6,true,0.00047918406576815125,5.0568143997769935e-09,2.4231448839200731e-12,true,6,true,0.00047854422184357949,4.5192561820231814e-10,2.1626639330196544e-13,true,6,true,6.4122410638890182e-07,3.7650085167246718e-06,2.4142142216833823e-12,true,9,true
1,n6_linear_f0.1_d4.0,6,linear,n6_linear,1,0.10000000000000001,4,0.003573495370370371,0.001732512316638866,9,9,13,21,false,100,45,270,270,true,balanced_sqrt,1.380354642050978e-07,1.003289802873182,2.3584104349345655e-17,3.6299595269931051e-26,2.1062832249317442e-16,9.6119890557153069e-38,0,1.3619230288194721e-17,true,true,-10:0:0;-6:0:0;-2:0:0;2:0:0;6:0:0;10:0:0,0.00082703742006373995:-1.523330310240481e-27:0;6.8684685013012021e-05:9.2473159673227374e-20:0;1.1984458725387598e-05:9.9071704374573175e-20:0;-1.1984458725388083e-05:1.0045998712544521e-19:0;-6.8684685013012414e-05:1.0137819124732087e-19:0;-0.00082703742006373963:1.0161631134506159e-19:0,0:0:0;0:0:0;0:0:0;0:0:0;0:0:0;0:0:0,0.00082703742006373995:-1.523330310240481e-27:0;6.8684685013012021e-05:9.2473159673227374e-20:0;1.1984458725387598e-05:9.9071704374573175e-20:0;-1.1984458725388083e-05:1.0045998712544521e-19:0;-6.8684685013012414e-05:1.0137819124732087e-19:0;-0.00082703742006373963:1.0161631134506159e-19:0,0.00082593920490130364:-6.5413030479065052e-24:0;6.8521748767662934e-05:9.2307210964412453e-20:0;1.1954774941987446e-05:9.8873547479146296e-20:0;-1.1954774941987929e-05:1.0025653239615873e-19:0;-6.8521748767663327e-05:1.0119757952441238e-19:0;-0.00082593920490130332:1.0149499422250567e-19:0,1.098215162436319e-06:6.5397797175962648e-24:0;1.6293624534908646e-07:1.6594870881491624e-22:0;2.9683783400151602e-08:1.9815689542688504e-22:0;-2.968378340015284e-08:2.0345472928647812e-22:0;-1.6293624534908741e-07:1.8061172290848373e-22:0;-1.0982151624363188e-06:1.2131712255591827e-22:0,true,0.00047918406602333373,5.3260115806361951e-10,2.5521398848966143e-13,true,6,true,0.00047918406602333373,5.3260115806361951e-10,2.5521398848966143e-13,true,6,true,0.00047854422188239811,8.7396934903698016e-11,4.1823298208396766e-14,true,6,true,6.4122432113638038e-07,3.385288432109446e-07,2.1707292767302211e-13,true,9,true
2,n6_linear_f1.0_d6.0,6,linear,n6_linear,2,1,6,0.010588134430727021,0.0055972766743282833,2,8,13,21,false,9,3,18,18,true,balanced_sqrt,1.3210121024460212e-16,1.0101048343927654,2.1497932069337555e-17,7.3485230119825986e-18,1.000035956136029e-16,0,0,2.8402918416167343e-16,true,true,-15:0:0;-9:0:0;-3:0:0;3:0:0;9:0:0;15:0:0,0.017223535156639363:-2.6785533665288548e-20:0;0.0016869746648601417:1.8883801234028426e-18:0;0.00032771069839362336:2.049093325394574e-18:0;-0.00032771069839362699:2.0959680093088288e-18:0;-0.0016869746648601387:2.0758788590598624e-18:0;-0.017223535156639363:2.1160571595577955e-18:0,0:0:0;0:0:0;0:0:0;0:0:0;0:0:0;0:0:0,0.017223535156639363:-2.6785533665288548e-20:0;0.0016869746648601417:1.8883801234028426e-18:0;0.00032771069839362336:2.049093325394574e-18:0;-0.00032771069839362699:2.0959680093088288e-18:0;-0.0016869746648601387:2.0758788590598624e-18:0;-0.017223535156639363:2.1160571595577955e-18:0,0.017166989851288682:-2.5948485738248281e-20:0;0.0016768087926349754:1.8770799763877992e-18:0;0.00032558406314746427:2.0358575050482499e-18:0;-0.00032558406314746791:2.0826798734670646e-18:0;-0.0016768087926349723:2.0633231401542584e-18:0;-0.017166989851288682:2.1085237282144332e-18:0,5.6545305350680133e-05:-8.3704792704026712e-22:0;1.0165872225166393e-05:1.1300147015043608e-20:0;2.1266352461590612e-06:1.3235820346324224e-20:0;-2.1266352461590828e-06:1.3288135841764241e-20:0;-1.0165872225166376e-05:1.2555718905604007e-20:0;-5.6545305350680133e-05:7.533431343362405e-21:0,true,0.0099933884996317064,0,0,false,6,true,0.0099933884996317064,0,0,false,6,true,0.0099603084501013687,0,0,false,6,true,3.3192564894216253e-05,0,0,false,8,true
2,n6_linear_f1.0_d6.0,6,linear,n6_linear,2,1,6,0.010588134430727021,0.0055972766743282833,3,8,13,21,false,16,6,36,36,true,balanced_sqrt,2.2233797110844216e-16,1.0101601612467959,1.2468597928274308e-17,2.5730568982222177e-17,9.2720366948954232e-17,0,0,2.8441989001546997e-16,true,true,-15:0:0;-9:0:0;-3:0:0;3:0:0;9:0:0;15:0:0,0.017247141042049382:7.8161221076763702e-24:0;0.001690157901208517:1.9164382446941014e-18:0;0.00032826706462273352:2.0438131318309744e-18:0;-0.00032826706462272761:2.0974542772489915e-18:0;-0.001690157901208517:2.1042377570245082e-18:0;-0.017247141042049385:2.1187033246503821e-18:0,0:0:0;0:0:0;0:0:0;0:0:0;0:0:0;0:0:0,0.017247141042049382:7.8161221076763702e-24:0;0.001690157901208517:1.9164382446941014e-18:0;0.00032826706462273352:2.0438131318309744e-18:0;-0.00032826706462272761:2.0974542772489915e-18:0;-0.001690157901208517:2.1042377570245082e-18:0;-0.017247141042049385:2.1187033246503821e-18:0,0.0171841838270178:0:0;0.0016787653195481905:1.9058875485155731e-18:0;0.00032589851572869556:2.0307072244381536e-18:0;-0.00032589851572868971:2.0843253834990274e-18:0;-0.0016787653195481905:2.0919837808986251e-18:0;-0.017184183827017804:2.1112230400213796e-18:0,6.2957215031580704e-05:7.8161221076763702e-24:0;1.1392581660326548e-05:1.055069617852828e-20:0;2.3685488940379602e-06:1.3105907392820996e-20:0;-2.3685488940379208e-06:1.3128893749964108e-20:0;-1.1392581660326546e-05:1.2253976125883202e-20:0;-6.2957215031580717e-05:7.4802846290025631e-21:0,true,0.010007135239768969,0.0013746164581962582,1.3755972799982183e-05,true,6,true,0.010007135239768969,0.0013746164581962582,1.3755972799982183e-05,true,6,true,0.0099702998390454999,0.0010022425392636526,9.992658627904948e-06,true,6,true,3.6963999897573083e-05,0.10203563670366658,3.7716452646631361e-06,true,8,true
2,n6_linear_f1.0_d6.0,6,linear,n6_linear,2,1,6,0.010588134430727021,0.0055972766743282833,4,8,13,21,false,25,10,60,60,true,balanced_sqrt,1.2025509515978119e-15,1.0101605130993938,2.7020451186412087e-17,7.7888798816659531e-18,1.2534764289006012e-16,0,0,2.8444441889013669e-16,true,true,-15:0:0;-9:0:0;-3:0:0;3:0:0;9:0:0;15:0:0,0.017248641664974002:2.6811900118237036e-20:0;0.0016901738239894013:1.889925351076052e-18:0;0.00032827038315702041:2.0641973379913792e-18:0;-0.00032827038315701206:2.077651529317205e-18:0;-0.0016901738239894022:2.1179500892189477e-18:0;-0.017248641664974005:2.1189213802679932e-18:0,0:0:0;0:0:0;0:0:0;0:0:0;0:0:0;0:0:0,0.017248641664974002:2.6811900118237036e-20:0;0.0016901738239894013:1.889925351076052e-18:0;0.00032827038315702041:2.0641973379913792e-18:0;-0.00032827038315701206:2.077651529317205e-18:0;-0.0016901738239894022:2.1179500892189477e-18:0;-0.017248641664974005:2.1189213802679932e-18:0,0.017185241334348806:2.9330925977534064e-20:0;0.0016787630880101792:1.8788893797461698e-18:0;0.00032590002266475105:2.0496883026349265e-18:0;-0.00032590002266474276:2.0662928958148909e-18:0;-0.0016787630880101801:2.10519231564305e-18:0;-0.017185241334348809:2.1138978855603693e-18:0,6.340033062519459e-05:-2.5190258592970284e-21:0;1.1410735979222213e-05:1.1035971329882292e-20:0;2.3703604922693781e-06:1.4509035356452513e-20:0;-2.3703604922693188e-06:1.1358633502314042e-20:0;-1.1410735979222215e-05:1.2757773575897659e-20:0;-6.3400330625194617e-05:5.023494707623941e-21:0,true,0.010007998272822163,8.6574349380013474e-05,8.6643593906587736e-07,true,6,true,0.010007998272822163,8.6574349380013474e-05,8.6643593906587736e-07,true,6,true,0.009970907281524069,6.1233557211593355e-05,6.1055412147469679e-07,true,6,true,3.7217493323412739e-05,0.0068798202297817943,2.5604966346818382e-07,true,8,true
2,n6_linear_f1.0_d6.0,6,linear,n6_linear,2,1,6,0.010588134430727021,0.0055972766743282833,5,8,13,21,false,36,15,90,90,true,balanced_sqrt,3.1175873757002194e-14,1.0101606345681728,2.738693998146998e-17,2.4400104244041458e-19,1.4548154443563874e-16,0,0,2.8444487381513975e-16,true,true,-15:0:0;-9:0:0;-3:0:0;3:0:0;9:0:0;15:0:0,0.01724866929900323:5.3602067168800488e-20:0;0.0016901761207641882:1.9032821376974433e-18:0;0.0003282705055189298:2.0641947487655352e-18:0;-0.00032827050551892427:2.0910334543544166e-18:0;-0.001690176120764188:2.117920801923099e-18:0;-0.017248669299003233:2.1457153805032521e-18:0,0:0:0;0:0:0;0:0:0;0:0:0;0:0:0;0:0:0,0.01724866929900323:5.3602067168800488e-20:0;0.0016901761207641882:1.9032821376974433e-18:0;0.0003282705055189298:2.0641947487655352e-18:0;-0.00032827050551892427:2.0910334543544166e-18:0;-0.001690176120764188:2.117920801923099e-18:0;-0.017248669299003233:2.1457153805032521e-18:0,0.017185243965208676:5.359945152510151e-20:0;0.0016787643248662566:1.8914364556701171e-18:0;0.00032590004175456639:2.0520143587162065e-18:0;-0.00032590004175456086:2.077851380216295e-18:0;-0.0016787643248662564:2.1054891120225088e-18:0;-0.017185243965208676:2.1373482180051557e-18:0,6.3425333794553694e-05:2.6156436989806893e-24:0;1.1411795897931602e-05:1.1845682027326235e-20:0;2.3704637643634295e-06:1.2180390049328796e-20:0;-2.3704637643633901e-06:1.3182074138121523e-20:0;-1.1411795897931599e-05:1.2431689900590164e-20:0;-6.3425333794556215e-05:8.3671624980963897e-21:0,true,0.010008014279072743,1.5996861304682102e-06,1.6009681635760471e-08,true,6,true,0.010008014279072743,1.5996861304682102e-06,1.6009681635760471e-08,true,6,true,0.0099709088626096093,1.6833488222948497e-07,1.6784517691083166e-09,true,6,true,3.7231801599461196e-05,0.00038807346738127638,1.4448674343554659e-08,true,8,true
2,n6_linear_f1.0_d6.0,6,linear,n6_linear,2,1,6,0.010588134430727021,0.0055972766743282833,6,8,13,21,false,49,21,126,126,true,balanced_sqrt,6.7621620423715428e-13,1.0101606351410322,3.9092103053363499e-17,2.3903440360770176e-20,2.4293501377788916e-16,0,0,2.8444489406915167e-16,true,true,-15:0:0;-9:0:0;-3:0:0;3:0:0;9:0:0;15:0:0,0.017248670543271873:2.6824414447086143e-20:0;0.0016901760814954619:1.9032890067749116e-18:0;0.00032827050633193322:2.0574919735004054e-18:0;-0.00032827050633192975:2.0910489691715537e-18:0;-0.001690176081495463:2.1045533656198851e-18:0;-0.017248670543271886:2.1188942741735505e-18:0,0:0:0;0:0:0;0:0:0;0:0:0;0:0:0;0:0:0,0.017248670543271873:2.6824414447086143e-20:0;0.0016901760814954619:1.9032890067749116e-18:0;0.00032827050633193322:2.0574919735004054e-18:0;-0.00032827050633192975:2.0910489691715537e-18:0;-0.001690176081495463:2.1045533656198851e-18:0;-0.017248670543271886:2.1188942741735505e-18:0,0.017185243973778609:2.5976972622951491e-20:0;0.0016787642696621139:1.8927838135872494e-18:0;0.00032590004128270025:2.0441582315563991e-18:0;-0.00032590004128269683:2.0776528959101567e-18:0;-0.001678764269662115:2.0919040494066312e-18:0;-0.017185243973778623:2.1121917842679833e-18:0,6.3426569493263933e-05:8.4744182413465115e-22:0;1.1411811833348046e-05:1.0505193187662373e-20:0;2.3704650492329529e-06:1.3333741944006404e-20:0;-2.3704650492329406e-06:1.3396073261396901e-20:0;-1.1411811833348057e-05:1.2649316213253823e-20:0;-6.342656949326396e-05:6.7024899055671516e-21:0,true,0.010008014991697435,7.1816105528975367e-08,7.1873666077931059e-10,true,6,true,0.010008014991697435,7.1816105528975367e-08,7.1873666077931059e-10,true,6,true,0.0099709088644298373,3.2349152569558912e-09,3.225504521126082e-11,true,6,true,3.7232504936561454e-05,1.916311270839202e-05,7.1349068851508937e-10,true,8,true
2,n6_linear_f1.0_d6.0,6,linear,n6_linear,2,1,6,0.010588134430727021,0.0055972766743282833,7,8,13,21,false,64,28,168,168,true,balanced_sqrt,2.0565305760396206e-11,1.0101606353329138,3.2968907839225001e-17,3.1881126914697319e-22,2.3106772328834345e-16,0,0,2.8444489506167946e-16,true,true,-15:0:0;-9:0:0;-3:0:0;3:0:0;9:0:0;15:0:0,0.017248670603752923:5.3634124676798951e-20:0;0.001690176084597198:1.9167159591771529e-18:0;0.00032827050640381778:2.0574967391938521e-18:0;-0.00032827050640382786:2.0977357546200085e-18:0;-0.0016901760845971919:2.1179554112463473e-18:0;-0.017248670603752923:2.0384995905485129e-18:0,0:0:0;0:0:0;0:0:0;0:0:0;0:0:0;0:0:0,0.017248670603752923:5.3634124676798951e-20:0;0.001690176084597198:1.9167159591771529e-18:0;0.00032827050640381778:2.0574967391938521e-18:0;-0.00032827050640382786:2.0977357546200085e-18:0;-0.0016901760845971919:2.1179554112463473e-18:0;-0.017248670603752923:2.0384995905485129e-18:0,0.017185243978453404:5.3620276815115151e-20:0;0.001678764272007134:1.9053694601328277e-18:0;0.00032590004129596378:2.0441145562818649e-18:0;-0.00032590004129597375:2.0848192220410817e-18:0;-0.0016787642720071281:2.1045772651121224e-18:0;-0.017185243978453404:2.03013124513821e-18:0,6.3426625299518692e-05:1.3847861683802156e-23:0;1.1411812590063969e-05:1.1346499044325288e-20:0;2.3704651078539919e-06:1.3382182911987223e-20:0;-2.3704651078540796e-06:1.2916532578926694e-20:0;-1.1411812590063928e-05:1.3378146134225108e-20:0;-6.3426625299518679e-05:8.3683454103027877e-21:0,true,0.010008015026618902,3.4936659239927934e-09,3.4964661065306288e-11,true,6,true,0.010008015026618902,3.4936659239927934e-09,3.4964661065306288e-11,true,6,true,0.0099709088672473144,3.0283530906927153e-10,3.0195432685143803e-12,true,6,true,3.7232536704267318e-05,8.6544562189776006e-07,3.2222735882855808e-11,true,8,true
2,n6_linear_f1.0_d6.0,6,linear,n6_linear,2,1,6,0.010588134430727021,0.0055972766743282833,8,8,13,21,false,81,36,216,216,true,balanced_sqrt,2.6462612033403107e-10,1.010160635333665,2.5970510505574625e-17,3.1595195076320327e-23,1.672276660862685e-16,0,0,2.8444489510000759e-16,true,true,-15:0:0;-9:0:0;-3:0:0;3:0:0;9:0:0;15:0:0,0.017248670606108029:5.3621037040951589e-20:0;0.0016901760845179344:1.9167003095662104e-18:0;0.00032827050640509735:2.0641845586385356e-18:0;-0.00032827050640509253:2.1044403309287936e-18:0;-0.0016901760845179276:2.1179538714892013e-18:0;-0.017248670606108046:2.1188824758025804e-18:0,0:0:0;0:0:0;0:0:0;0:0:0;0:0:0;0:0:0,0.017248670606108029:5.3621037040951589e-20:0;0.0016901760845179344:1.9167003095662104e-18:0;0.00032827050640509735:2.0641845586385356e-18:0;-0.00032827050640509253:2.1044403309287936e-18:0;-0.0016901760845179276:2.1179538714892013e-18:0;-0.017248670606108046:2.1188824758025804e-18:0,0.017185243978453245:5.4438162066841993e-20:0;0.001678764271913319:1.904218462198817e-18:0;0.00032590004129561353:2.0509865393006891e-18:0;-0.00032590004129560876:2.092015816453075e-18:0;-0.0016787642719133123:2.1050874687662296e-18:0;-0.017185243978453262:2.1113546680699259e-18:0,6.3426627654782544e-05:-8.1712502589040479e-22:0;1.1411812604615317e-05:1.2481847367393336e-20:0;2.3704651094838036e-06:1.31980193378465e-20:0;-2.3704651094837735e-06:1.2424514475718384e-20:0;-1.1411812604615275e-05:1.2866402722971714e-20:0;-6.3426627654782612e-05:7.5278077326542947e-21:0,true,0.010008015027967453,1.3594064294291884e-10,1.3604959974842895e-12,true,6,true,0.010008015027967453,1.3594064294291884e-10,1.3604959974842895e-12,true,6,true,0.0099709088672419594,5.4322820612483832e-12,5.4164789373890019e-14,true,6,true,3.7232538043206985e-05,3.6522853165519408e-08,1.359838519931664e-12,true,8,true
3,n6_linear_f0.1_d2.1,6,linear,n6_linear,3,0.10000000000000001,2.1000000000000001,0.024695357272832699,0.011194361890108773,2,13,13,21,false,9,3,18,18,true,balanced_sqrt,1.2841283222691904e-16,1.0244061916669536,2.8299252043588368e-17,2.053467675611574e-17,1.7400326866980284e-16,0,0,1.7655856344717811e-16,true,true,-5.25:0:0;-3.1500000000000004:0:0;-1.05:0:0;1.05:0:0;3.1500000000000004:0:0;5.25:0:0,0.010728497170832971:1.7787268449605676e-21:0;0.00080742905698654094:1.2252289032051911e-18:0;0.00013434171832189294:1.3017664730339354e-18:0;-0.00013434171832188917:1.3224834092281821e-18:0;-0.00080742905698654485:1.3246283445412227e-18:0;-0.010728497170832975:1.3184551160793008e-18:0,0:0:0;0:0:0;0:0:0;0:0:0;0:0:0;0:0:0,0.010728497170832971:1.7787268449605676e-21:0;0.00080742905698654094:1.2252289032051911e-18:0;0.00013434171832189294:1.3017664730339354e-18:0;-0.00013434171832188917:1.3224834092281821e-18:0;-0.00080742905698654485:1.3246283445412227e-18:0;-0.010728497170832975:1.3184551160793008e-18:0,0.010656863299841831:1.7264113495205507e-21:0;0.00079766894936651918:1.2104105391218063e-18:0;0.00013263493504172213:1.2852396810525875e-18:0;-0.00013263493504171841:1.305694222340018e-18:0;-0.00079766894936652297:1.3085903754703926e-18:0;-0.010656863299841834:1.3096137973499379e-18:0,7.1633870991139249e-05:5.2315495440016695e-23:0;9.760107620021779e-06:1.4818364083384728e-20:0;1.7067832801708133e-06:1.6526791981347774e-20:0;-1.7067832801707653e-06:1.6789186888164107e-20:0;-9.7601076200218264e-06:1.6037969070830119e-20:0;-7.1633870991139249e-05:8.8413187293628213e-21:0,true,0.0062121021917951671,0,0,false,12,true,0.0062121021917951671,0,0,false,12,true,0.0061704295682524614,0,0,false,11,true,4.1751583934405252e-05,0,0,false,0,false
3,n6_linear_f0.1_d2.1,6,linear,n6_linear,3,0.10000000000000001,2.1000000000000001,0.024695357272832699,0.011194361890108773,3,13,13,21,false,16,6,36,36,true,balanced_sqrt,2.6175051372077423e-15,1.0355882189069019,3.100930648972485e-17,8.5974992746913431e-18,1.4233070906505345e-16,0,0,1.7919148547752929e-16,true,true,-5.25:0:0;-3.1500000000000004:0:0;-1.05:0:0;1.05:0:0;3.1500000000000004:0:0;5.25:0:0,0.010885548820375209:3.8024721038771752e-21:0;0.00085734328616458746:1.2293439651666938e-18:0;0.00013793112814989593:1.3138374600277907e-18:0;-0.00013793112814989813:1.3218211410191433e-18:0;-0.00085734328616458237:1.3365780679862673e-18:0;-0.010885548820375212:1.3363363025570198e-18:0,0:0:0;0:0:0;0:0:0;0:0:0;0:0:0;0:0:0,0.010885548820375209:3.8024721038771752e-21:0;0.00085734328616458746:1.2293439651666938e-18:0;0.00013793112814989593:1.3138374600277907e-18:0;-0.00013793112814989813:1.3218211410191433e-18:0;-0.00085734328616458237:1.3365780679862673e-18:0;-0.010885548820375212:1.3363363025570198e-18:0,0.01074518804504792:3.7170758427353038e-21:0;0.00083669929165565502:1.2189354227385838e-18:0;0.00013449819584251569:1.3012583542583185e-18:0;-0.00013449819584251783:1.3089482129006828e-18:0;-0.00083669929165565004:1.3236283442172254e-18:0;-0.010745188045047923:1.3191031127803362e-18:0,0.00014036077532728877:8.5396261141871438e-23:0;2.0643994508932409e-05:1.0408542428110001e-20:0;3.4329323073802354e-06:1.2579105769472261e-20:0;-3.4329323073802913e-06:1.2872928118460441e-20:0;-2.064399450893229e-05:1.2949723769041806e-20:0;-0.00014036077532728885:1.7233189776683624e-20:0,true,0.0063047399001919264,0.015094311176469331,9.5165705940199134e-05,true,12,true,0.0063047399001919264,0.015094311176469331,9.5165705940199134e-05,true,12,true,0.0062230009264765155,0.0089605796177114182,5.576169526278474e-05,true,11,true,8.1933116593128438e-05,0.49047738551105435,4.0186340813370023e-05,true,0,false
3,n6_linear_f0.1_d2.1,6,linear,n6_linear,3,0.10000000000000001,2.1000000000000001,0.024695357272832699,0.011194361890108773,4,13,13,21,false,25,10,60,60,true,balanced_sqrt,7.0864647915076381e-14,1.0380869211814368,2.7924237519024805e-17,1.1653050666511263e-18,1.5414612482095082e-16,0,0,1.7989131365593831e-16,true,true,-5.25:0:0;-3.1500000000000004:0:0;-1.05:0:0;1.05:0:0;3.1500000000000004:0:0;5.25:0:0,0.010929612076243373:3.1937576169671148e-21:0;0.00084091923562017667:1.2553795975003753e-18:0;0.0001376206367513594:1.3345737921301735e-18:0;-0.00013762063675136049:1.3488444817259215e-18:0;-0.00084091923562017753:1.3565151035350231e-18:0;-0.010929612076243368:1.3417648598139593e-18:0,0:0:0;0:0:0;0:0:0;0:0:0;0:0:0;0:0:0,0.010929612076243373:3.1937576169671148e-21:0;0.00084091923562017667:1.2553795975003753e-18:0;0.0001376206367513594:1.3345737921301735e-18:0;-0.00013762063675136049:1.3488444817259215e-18:0;-0.00084091923562017753:1.3565151035350231e-18:0;-0.010929612076243368:1.3417648598139593e-18:0,0.010750167452353082:2.9875662858819963e-21:0;0.00081943938331245788:1.2306328783148857e-18:0;0.00013407650982129408:1.3072933977799407e-18:0;-0.00013407650982129513:1.3212626382097969e-18:0;-0.00081943938331245874:1.32924291868006e-18:0;-0.010750167452353077:1.3198751300984389e-18:0,0.0001794446238902909:2.0619133108511858e-22:0;2.1479852307718748e-05:2.4746719185489514e-20:0;3.5441269300653216e-06:2.7280394350232807e-20:0;-3.5441269300653547e-06:2.7581843516124516e-20:0;-2.1479852307718778e-05:2.7272184854963056e-20:0;-0.00017944462389029084:2.1889729715520447e-20:0,true,0.0063293629152193186,0.0042895786343517756,2.7150299930183255e-05,true,12,true,0.0063293629152193186,0.0042895786343517756,2.7150299930183255e-05,true,12,true,0.006225098598068972,0.0016665238224604381,1.0374275110847017e-05,true,11,true,0.00010436205877294963,0.21626941619113529,2.2570321523330765e-05,true,0,false
3,n6_linear_f0.1_d2.1,6,linear,n6_linear,3,0.10000000000000001,2.1000000000000001,0.024695357272832699,0.011194361890108773,5,13,13,21,false,36,15,90,90,true,balanced_sqrt,5.1429154631167062e-12,1.0441541343797849,2.6168953345698234e-17,9.4406925122512776e-21,1.5522661492898918e-16,0,0,1.8044697590278608e-16,true,true,-5.25:0:0;-3.1500000000000004:0:0;-1.05:0:0;1.05:0:0;3.1500000000000004:0:0;5.25:0:0,0.01096294194038811:6.0005642373317603e-21:0;0.00084913635292845633:1.2585580785846396e-18:0;0.00013777145938220179:1.3299844824723782e-18:0;-0.00013777145938220263:1.3540122920339617e-18:0;-0.0008491363529284547:1.3522783631380231e-18:0;-0.01096294194038811:1.3508762630544278e-18:0,0:0:0;0:0:0;0:0:0;0:0:0;0:0:0;0:0:0,0.01096294194038811:6.0005642373317603e-21:0;0.00084913635292845633:1.2585580785846396e-18:0;0.00013777145938220179:1.3299844824723782e-18:0;-0.00013777145938220263:1.3540122920339617e-18:0;-0.0008491363529284547:1.3522783631380231e-18:0;-0.01096294194038811:1.3508762630544278e-18:0,0.01076447510200702:5.7126250589722201e-21:0;0.00082657874754679694:1.2371211258077976e-18:0;0.00013415962218947677:1.3061415448012914e-18:0;-0.00013415962218947755:1.3296808780243889e-18:0;-0.00082657874754679542:1.3282366392622728e-18:0;-0.01076447510200702:1.3263724728331235e-18:0,0.00019846683838108922:2.8793917835954045e-22:0;2.2557605381659381e-05:2.1436952776841896e-20:0;3.6118371927250311e-06:2.3842937671086947e-20:0;-3.6118371927250688e-06:2.4331414009572857e-20:0;-2.2557605381659327e-05:2.4041723875750241e-20:0;-0.0001984668383810892:2.4503790221304421e-20:0,true,0.0063489135424681271,0.0031216964955522713,1.9819381156087108e-05,true,12,true,0.0063489135424681271,0.0031216964955522713,1.9819381156087108e-05,true,12,true,0.0062336494247444679,0.0014809851385119849,9.2319421567403404e-06,true,11,true,0.00011534148843824123,0.095370395238280392,1.1000163339726615e-05,true,0,false
3,n6_linear_f0.1_d2.1,6,linear,n6_linear,3,0.10000000000000001,2.1000000000000001,0.024695357272832699,0.011194361890108773,6,13,13,21,false,49,21,126,126,true,balanced_sqrt,4.9983107800334986e-10,1.0456172544399471,5.849126966632353e-17,2.9634150887131893e-22,3.3442371042818496e-16,0,0,1.805670482220724e-16,true,true,-5.25:0:0;-3.1500000000000004:0:0;-1.05:0:0;1.05:0:0;3.1500000000000004:0:0;5.25:0:0,0.010970496625936726:6.1016656556351544e-21:0;0.0008463583727148687:1.2578134510532369e-18:0;0.00013775591954431831:1.332171637367355e-18:0;-0.00013775591954432693:1.3527153622303067e-18:0;-0.00084635837271485612:1.3736562253905273e-18:0;-0.010970496625936722:1.342902589749067e-18:0,0:0:0;0:0:0;0:0:0;0:0:0;0:0:0;0:0:0,0.010970496625936726:6.1016656556351544e-21:0;0.0008463583727148687:1.2578134510532369e-18:0;0.00013775591954431831:1.332171637367355e-18:0;-0.00013775591954432693:1.3527153622303067e-18:0;-0.00084635837271485612:1.3736562253905273e-18:0;-0.010970496625936722:1.342902589749067e-18:0,0.010764545336641606:5.8687030901049273e-21:0;0.00082394896596427007:1.2326987472097306e-18:0;0.00013414161064417715:1.304542714471925e-18:0;-0.00013414161064418545:1.3246118667465101e-18:0;-0.00082394896596425793:1.3453884153817193e-18:0;-0.010764545336641602:1.3178351444348251e-18:0,0.0002059512892951202:2.3296256553022751e-22:0;2.2409406750598581e-05:2.5114703843506145e-20:0;3.6143089001411444e-06:2.7628922895430023e-20:0;-3.6143089001414811e-06:2.810349548379671e-20:0;-2.2409406750598154e-05:2.8267810008807944e-20:0;-0.00020595128929512012:2.5067445314242031e-20:0,true,0.0063531382116274659,0.00073148827520466188,4.6472461125602053e-06,true,12,true,0.0063531382116274659,0.00073148827520466188,4.6472461125602053e-06,true,12,true,0.0062335736720555484,0.00024365856907441086,1.5188820989447615e-06,true,11,true,0.00011962605388189436,0.036129228277552432,4.3219970086417482e-06,true,0,false
3,n6_linear_f0.1_d2.1,6,linear,n6_linear,3,0.10000000000000001,2.1000000000000001,0.024695357272832699,0.011194361890108773,7,13,13,21,false,64,28,168,168,true,balanced_sqrt,2.6689652216586627e-08,1.0488644872168047,4.5734222602079085e-17,1.4083218165940935e-24,3.0746913410252153e-16,0,0,1.8064901405279126e-16,true,true,-5.25:0:0;-3.1500000000000004:0:0;-1.05:0:0;1.05:0:0;3.1500000000000004:0:0;5.25:0:0,0.010975424674547311:8.2222446826150059e-21:0;0.00084742371409227645:1.2579472136407417e-18:0;0.00013776114739375003:1.3456370417298687e-18:0;-0.00013776114739374646:1.3589197393982492e-18:0;-0.00084742371409227916:1.3477746083086775e-18:0;-0.010975424674547306:1.3628461863950771e-18:0,0:0:0;0:0:0;0:0:0;0:0:0;0:0:0;0:0:0,0.010975424674547311:8.2222446826150059e-21:0;0.00084742371409227645:1.2579472136407417e-18:0;0.00013776114739375003:1.3456370417298687e-18:0;-0.00013776114739374646:1.3589197393982492e-18:0;-0.00084742371409227916:1.3477746083086775e-18:0;-0.010975424674547306:1.3628461863950771e-18:0,0.010766425150631065:8.1737267309103614e-21:0;0.00082487471360927016:1.2335370589827103e-18:0;0.00013414415905820069:1.3186126042938675e-18:0;-0.00013414415905819725:1.3313439727831364e-18:0;-0.00082487471360927266:1.3211121191260809e-18:0;-0.010766425150631059:1.3365898454577596e-18:0,0.00020899952391624689:4.8517951704645136e-23:0;2.2549000483006319e-05:2.4410154658031449e-20:0;3.6169883355493601e-06:2.7024437436001196e-20:0;-3.6169883355492191e-06:2.7575766615112784e-20:0;-2.2549000483006481e-05:2.6662489182596517e-20:0;-0.00020899952391624678:2.6256340937317473e-20:0,true,0.0063560221279140485,0.00045798076191800176,2.9109358569097549e-06,true,12,true,0.0063560221279140485,0.00045798076191800176,2.9109358569097549e-06,true,12,true,0.0062346965569759286,0.00019404020135605366,1.2097817753095036e-06,true,11,true,0.00012138415742951515,0.014513790257670049,1.7617442015359844e-06,true,0,false
3,n6_linear_f0.1_d2.1,6,linear,n6_linear,3,0.10000000000000001,2.1000000000000001,0.024695357272832699,0.011194361890108773,8,13,13,21,false,81,36,216,216,true,balanced_sqrt,1.7936078916167793e-06,1.0496425421084314,5.1448995143768383e-17,5.2755007651865613e-26,2.5345116793401889e-16,0,0,1.8066532537262142e-16,true,true,-5.25:0:0;-3.1500000000000004:0:0;-1.05:0:0;1.05:0:0;3.1500000000000004:0:0;5.25:0:0,0.010976449118745251:2.7128188423169991e-21:0;0.00084706912377386647:1.2567879285828781e-18:0;0.00013776053379945932:1.3600329262509595e-18:0;-0.0001377605337994453:1.3500419956216377e-18:0;-0.00084706912377386766:1.3635402925718041e-18:0;-0.010976449118745256:1.3608254672567679e-18:0,0:0:0;0:0:0;0:0:0;0:0:0;0:0:0;0:0:0,0.010976449118745251:2.7128188423169991e-21:0;0.00084706912377386647:1.2567879285828781e-18:0;0.00013776053379945932:1.3600329262509595e-18:0;-0.0001377605337994453:1.3500419956216377e-18:0;-0.00084706912377386766:1.3635402925718041e-18:0;-0.010976449118745256:1.3608254672567679e-18:0,0.010766440777565937:2.3065656900817613e-21:0;0.0008245675773452145:1.23170451009295e-18:0;0.00013414355454911106:1.3319757457726893e-18:0;-0.00013414355454909751:1.3221794557587464e-18:0;-0.0008245675773452157:1.3357808528524038e-18:0;-0.010766440777565943:1.3344956717061707e-18:0,0.00021000834117931332:4.0625315223523788e-22:0;2.2501546428651974e-05:2.508341848992806e-20:0;3.6169792503482374e-06:2.8057180478270166e-20:0;-3.6169792503477906e-06:2.786253986289127e-20:0;-2.2501546428651994e-05:2.7759439719400191e-20:0;-0.00021000834117931356:2.632979555059714e-20:0,true,0.0063565960314602129,9.8463315441990924e-05,6.2589152018297464e-07,true,12,true,0.0063565960314602129,9.8463315441990924e-05,6.2589152018297464e-07,true,12,true,0.0062346920052148719,2.8478518658695996e-05,1.7755492222914667e-07,true,11,true,0.0001219602469324399,0.0047809426366170219,5.8308494453164223e-07,true,0,false
3,n6_linear_f0.1_d2.1,6,linear,n6_linear,3,0.10000000000000001,2.1000000000000001,0.024695357272832699,0.011194361890108773,9,13,13,21,false,100,45,270,270,true,balanced_sqrt,0.00020056504887520636,1.0513163954770472,4.3453189599752359e-17,1.4582388267896396e-28,3.3257152890326682e-16,0,0,1.806752275810066e-16,true,true,-5.25:0:0;-3.1500000000000004:0:0;-1.05:0:0;1.05:0:0;3.1500000000000004:0:0;5.25:0:0,0.010977044896023564:1.7647253436741035e-21:0;0.00084719239013902393:1.2547683577270459e-18:0;0.00013776078041186928:1.3354050281312882e-18:0;-0.00013776078041187237:1.3482374285147726e-18:0;-0.00084719239013902946:1.3509248971879362e-18:0;-0.010977044896023566:1.3454456941424164e-18:0,0:0:0;0:0:0;0:0:0;0:0:0;0:0:0;0:0:0,0.010977044896023564:1.7647253436741035e-21:0;0.00084719239013902393:1.2547683577270459e-18:0;0.00013776078041186928:1.3354050281312882e-18:0;-0.00013776078041187237:1.3482374285147726e-18:0;-0.00084719239013902946:1.3509248971879362e-18:0;-0.010977044896023566:1.3454456941424164e-18:0,0.010766646374596432:1.6785110444371329e-21:0;0.00082466751568321885:1.2299526046562986e-18:0;0.00013414362386794383:1.3080013067169735e-18:0;-0.00013414362386794678:1.3205052607528177e-18:0;-0.00082466751568322416:1.3235591485673836e-18:0;-0.010766646374596435:1.3194615197898538e-18:0,0.00021039852142713209:8.621429923697071e-23:0;2.2524874455805123e-05:2.4815753070747284e-20:0;3.6171565439254583e-06:2.7403721414314781e-20:0;-3.617156543925582e-06:2.7732167761954906e-20:0;-2.2524874455805275e-05:2.7365748620552601e-20:0;-0.00021039852142713204:2.5984174352562583e-20:0,true,0.0063569444344445383,5.5255693211032974e-05,3.5125737142925092e-07,true,12,true,0.0063569444344445383,5.5255693211032974e-05,3.5125737142925092e-07,true,12,true,0.0062348147574422261,2.1168566150417218e-05,1.3198208862851324e-07,true,11,true,0.0001221856396491781,0.001846967943523908,2.2567295959099577e-07,true,0,false
3,n6_linear_f0.1_d2.1,6,linear,n6_linear,3,0.10000000000000001,2.1000000000000001,0.024695357272832699,0.011194361890108773,10,13,13,21,false,121,55,330,330,true,balanced_sqrt,0.017009371303973279,1.0516964296808251,3.9842101660333643e-17,4.9411410155000094e-30,3.6584513239526822e-16,0,0,1.8067711203988693e-16,true,true,-5.25:0:0;-3.1500000000000004:0:0;-1.05:0:0;1.05:0:0;3.1500000000000004:0:0;5.25:0:0,0.010977163201266359:7.9602012033923343e-21:0;0.00084715204972239222:1.2559398165012838e-18:0;0.00013776075106530908:1.3359026908598904e-18:0;-0.00013776075106530699:1.3587412810968486e-18:0;-0.00084715204972239525:1.36070487441519e-18:0;-0.010977163201266359:1.3512489042662826e-18:0,0:0:0;0:0:0;0:0:0;0:0:0;0:0:0;0:0:0,0.010977163201266359:7.9602012033923343e-21:0;0.00084715204972239222:1.2559398165012838e-18:0;0.00013776075106530908:1.3359026908598904e-18:0;-0.00013776075106530699:1.3587412810968486e-18:0;-0.00084715204972239525:1.36070487441519e-18:0;-0.010977163201266359:1.3512489042662826e-18:0,0.010766649007793498:8.0689728925320032e-21:0;0.00082463623644001168:1.2311055289498879e-18:0;0.00013414360549703953:1.3084650415924745e-18:0;-0.00013414360549703753:1.3305911250683246e-18:0;-0.0008246362364400146:1.333032083631926e-18:0;-0.010766649007793498:1.3251694486208292e-18:0,0.00021051419347286091:-1.0877168913966909e-22:0;2.2515813282380586e-05:2.4834287551396031e-20:0;3.6171455682695561e-06:2.7437649267415968e-20:0;-3.6171455682694583e-06:2.8150156028523958e-20:0;-2.251581328238068e-05:2.7672790783264016e-20:0;-0.00021051419347286097:2.6079455645453324e-20:0,true,0.0063570107379469698,1.1352076866616175e-05,7.2165274539078409e-08,true,12,true,0.0063570107379469698,1.1352076866616175e-05,7.2165274539078409e-08,true,12,true,0.0062348148939741707,2.906735976396182e-06,1.812296075848547e-08,true,11,true,0.00012225147748712924,0.00054795147474979652,6.6987877379414017e-08,true,0,false
3,n6_linear_f0.1_d2.1,6,linear,n6_linear,3,0.10000000000000001,2.1000000000000001,0.024695357272832699,0.011194361890108773,11,13,13,21,false,144,66,396,396,true,balanced_sqrt,1.7963943564441598,1.0525224412340315,3.9005118758900448e-17,7.8959989617918238e-33,1.5073994552314861e-16,0,0,1.8067821108408809e-16,true,true,-5.25:0:0;-3.1500000000000004:0:0;-1.05:0:0;1.05:0:0;3.1500000000000004:0:0;5.25:0:0,0.010977229329310252:3.4658318848002773e-21:0;0.00084716569540673446:1.2539699481174802e-18:0;0.00013776077170701528:1.3456605129048588e-18:0;-0.00013776077170700788:1.3520342943090415e-18:0;-0.00084716569540673663:1.353887957433887e-18:0;-0.010977229329310252:1.3498813947938188e-18:0,0:0:0;0:0:0;0:0:0;0:0:0;0:0:0;0:0:0,0.010977229329310252:3.4658318848002773e-21:0;0.00084716569540673446:1.2539699481174802e-18:0;0.00013776077170701528:1.3456605129048588e-18:0;-0.00013776077170700788:1.3520342943090415e-18:0;-0.00084716569540673663:1.353887957433887e-18:0;-0.010977229329310252:1.3498813947938188e-18:0,0.010766669511199766:3.5643059462256177e-21:0;0.00082464601797269858:1.2290689543957094e-18:0;0.00013414360984171592:1.3180272372329112e-18:0;-0.00013414360984170877:1.3240708464362666e-18:0;-0.00082464601797270064:1.3264698134173272e-18:0;-0.010766669511199766:1.323808249207616e-18:0,0.00021055981811048664:-9.8474061425340122e-23:0;2.2519677434035909e-05:2.4900993721770766e-20:0;3.6171618652993566e-06:2.7633275671947523e-20:0;-3.6171618652991046e-06:2.7963447872775064e-20:0;-2.2519677434035983e-05:2.7418144016559735e-20:0;-0.00021055981811048677:2.6073145586202844e-20:0,true,0.0063570494071270855,6.1323150032378427e-06,3.8983429455649661e-08,true,12,true,0.0063570494071270855,6.1323150032378427e-06,3.8983429455649661e-08,true,12,true,0.0062348271274194978,2.1036256161578275e-06,1.3115742057555379e-08,true,11,true,0.00012227790306567257,0.00021619364013582713,2.6435704971943567e-08,true,0,false
3,n6_linear_f0.1_d2.1,6,linear,n6_linear,3,0.10000000000000001,2.1000000000000001,0.024695357272832699,0.011194361890108773,12,13,13,21,false,169,78,468,468,true,balanced_sqrt,218.46220216369875,1.0526889708579621,4.3971416036186524e-17,2.8645990961764529e-34,3.8869310760206686e-16,0,0,1.8067841570927184e-16,true,true,-5.25:0:0;-3.1500000000000004:0:0;-1.05:0:0;1.05:0:0;3.1500000000000004:0:0;5.25:0:0,0.010977242182700547:2.3199138996797839e-21:0;0.00084716122223475244:1.2507131864569256e-18:0;0.00013776076947766814:1.3440491545165972e-18:0;-0.00013776076947767226:1.3444384716135479e-18:0;-0.00084716122223475277:1.3542378384142953e-18:0;-0.010977242182700546:1.3540417407542978e-18:0,0:0:0;0:0:0;0:0:0;0:0:0;0:0:0;0:0:0,0.010977242182700547:2.3199138996797839e-21:0;0.00084716122223475244:1.2507131864569256e-18:0;0.00013776076947766814:1.3440491545165972e-18:0;-0.00013776076947767226:1.3444384716135479e-18:0;-0.00084716122223475277:1.3542378384142953e-18:0;-0.010977242182700546:1.3540417407542978e-18:0,0.010766669914781601:2.5169202054903251e-21:0;0.00082464304514099501:1.2261245151701954e-18:0;0.0001341436091041134:1.3163988809918698e-18:0;-0.00013414360910411738:1.316721527878807e-18:0;-0.00082464304514099523:1.3267284824407827e-18:0;-0.010766669914781599:1.3278948904677698e-18:0,0.00021057226791894646:-1.9700630581054141e-22:0;2.2518177093757472e-05:2.4588671286730179e-20:0;3.6171603735547308e-06:2.7650273524727361e-20:0;-3.617160373554882e-06:2.7716943734740949e-20:0;-2.2518177093757529e-05:2.7509355973512645e-20:0;-0.00021057226791894635:2.6146850286528025e-20:0,true,0.0063570566067356893,1.2360213186365342e-06,7.8574574897045386e-09,true,12,true,0.0063570566067356893,1.2360213186365342e-06,7.8574574897045386e-09,true,12,true,0.0062348272286574793,2.7781190550282141e-07,1.7321092328742097e-09,true,11,true,0.00012228495705430872,5.9205212403927095e-05,7.239906856205451e-09,true,0,false
3,n6_linear_f0.1_d2.1,6,linear,n6_linear,3,0.10000000000000001,2.1000000000000001,0.024695357272832699,0.011194361890108773,13,13,13,21,false,196,91,546,546,true,balanced_sqrt,55416.997806720094,1.0530813076978989,4.7863916527833803e-17,3.0687983697670943e-37,5.1473663988035975e-16,0,0,1.806785364921074e-16,true,true,-5.25:0:0;-3.1500000000000004:0:0;-1.05:0:0;1.05:0:0;3.1500000000000004:0:0;5.25:0:0,0.010977249447560313:6.0433675331290355e-21:0;0.00084716275401020946:1.2643268015155196e-18:0;0.00013776077207717399:1.3337834031179133e-18:0;-0.00013776077207718588:1.3545206589897707e-18:0;-0.00084716275401020328:1.359904059767683e-18:0;-0.01097724944756032:1.3459356991778677e-18:0,0:0:0;0:0:0;0:0:0;0:0:0;0:0:0;0:0:0,0.010977249447560313:6.0433675331290355e-21:0;0.00084716275401020946:1.2643268015155196e-18:0;0.00013776077207717399:1.3337834031179133e-18:0;-0.00013776077207718588:1.3545206589897707e-18:0;-0.00084716275401020328:1.359904059767683e-18:0;-0.01097724944756032:1.3459356991778677e-18:0,0.010766671892260847:6.1841379840654868e-21:0;0.0008246439613134645:1.2391440700917113e-18:0;0.00013414360976775198:1.3064224958188833e-18:0;-0.00013414360976776344:1.326462795492661e-18:0;-0.00082464396131345854:1.3322558317269376e-18:0;-0.010766671892260854:1.3198784908074893e-18:0,0.00021057755529946604:-1.4077045093645166e-22:0;2.2518792696744959e-05:2.5182731423808261e-20:0;3.6171623094220137e-06:2.7360907299030016e-20:0;-3.6171623094224507e-06:2.8057863497109726e-20:0;-2.2518792696744755e-05:2.7648228040745485e-20:0;-0.00021057755529946596:2.6057208370378386e-20:0,true,0.0063570608564039177,6.7430356315957281e-07,4.2865887866954072e-09,true,12,true,0.0063570608564039177,6.7430356315957281e-07,4.2865887866954072e-09,true,12,true,0.0062348284073306601,2.018145035868405e-07,1.2582787999745685e-09,true,11,true,0.00012228802978159301,2.5131581504303017e-05,3.0732915874567394e-09,true,0,false
4,n6_linear_f0.8_d3.0,6,linear,n6_linear,4,0.80000000000000004,3,0.067764060356652944,0.031607864889256015,2,11,13,21,false,9,3,18,18,true,balanced_sqrt,1.2846079678701068e-16,1.0619998876076784,3.0665185963231427e-17,1.2434702289627503e-17,1.3340965891392798e-16,0,0,2.8513730447133878e-15,true,true,-7.5:0:0;-4.5:0:0;-1.5:0:0;1.5:0:0;4.5:0:0;7.5:0:0,0.17310354623981578:0:0;0.014936520042692854:1.9801205762064559e-17:0;0.0025766705529979327:2.1224187238033013e-17:0;-0.0025766705529979748:2.1585791942514407e-17:0;-0.014936520042692858:2.1615925667887857e-17:0;-0.17310354623981578:2.1240928196573819e-17:0,0:0:0;0:0:0;0:0:0;0:0:0;0:0:0;0:0:0,0.17310354623981578:0:0;0.014936520042692854:1.9801205762064559e-17:0;0.0025766705529979327:2.1224187238033013e-17:0;-0.0025766705529979748:2.1585791942514407e-17:0;-0.014936520042692858:2.1615925667887857e-17:0;-0.17310354623981578:2.1240928196573819e-17:0,0.16978754626570078:0:0;0.014427947760687941:1.9121522845307862e-17:0;0.0024841643538593538:2.0465298661180131e-17:0;-0.0024841643538593946:2.0809429990184558e-17:0;-0.014427947760687945:2.0874719728493701e-17:0;-0.16978754626570078:2.0825752424761847e-17:0,0.0033159999741149871:0:0;0.0005085722820049128:6.7968291675669689e-19:0;9.2506199138578808e-05:7.5888857685288213e-19:0;-9.2506199138580339e-05:7.7636195232984774e-19:0;-0.00050857228200491301:7.4120593939415647e-19:0;-0.0033159999741149871:4.1517577181197255e-19:0,true,0.10032377016926164,0,0,false,9,true,0.10032377016926164,0,0,false,9,true,0.098390628984759199,0,0,false,8,true,0.0019376152861385518,0,0,false,11,true
4,n6_linear_f0.8_d3.0,6,linear,n6_linear,4,0.80000000000000004,3,0.067764060356652944,0.031607864889256015,3,11,13,21,false,16,6,36,36,true,balanced_sqrt,3.4203654383199267e-15,1.0693776550809266,2.3600567144445935e-17,1.5915422600365301e-18,1.2330054149125753e-16,0,0,2.8964926730257929e-15,true,true,-7.5:0:0;-4.5:0:0;-1.5:0:0;1.5:0:0;4.5:0:0;7.5:0:0,0.17579681360911181:6.8028386751068739e-20:0;0.015689993510915146:1.9816406419252404e-17:0;0.0026512133239589932:2.128930759837964e-17:0;-0.0026512133239590253:2.1655181207539733e-17:0;-0.015689993510915105:2.1739559780288632e-17:0;-0.17579681360911181:2.1590495487201987e-17:0,0:0:0;0:0:0;0:0:0;0:0:0;0:0:0;0:0:0,0.17579681360911181:6.8028386751068739e-20:0;0.015689993510915146:1.9816406419252404e-17:0;0.0026512133239589932:2.128930759837964e-17:0;-0.0026512133239590253:2.1655181207539733e-17:0;-0.015689993510915105:2.1739559780288632e-17:0;-0.17579681360911181:2.1590495487201987e-17:0,0.17085210539110271:8.0425098058115076e-20:0;0.014890764520037033:1.9252980191563489e-17:0;0.002510525117802464:2.0617242942275677e-17:0;-0.0025105251178024943:2.0964804313521069e-17:0;-0.014890764520036993:2.1078414559953719e-17:0;-0.17085210539110271:2.0991293078479281e-17:0,0.0049447082180091081:-1.2396711307046331e-20:0;0.00079922899087811255:5.6342622768891503e-19:0;0.00014068820615652943:6.7206465610396207e-19:0;-0.00014068820615653112:6.9037689401866348e-19:0;-0.00079922899087811038:6.6114522033491248e-19:0;-0.0049447082180091081:5.9920240872270693e-19:0,true,0.1019112759603151,0.015849439668497223,0.0016152366198725857,true,9,true,0.1019112759603151,0.015849439668497223,0.0016152366198725857,true,9,true,0.099026056370584897,0.0067696137328332965,0.00067036815111463563,true,8,true,0.0028930203082855811,0.33031098521975533,0.00095559638829057056,true,11,true
4,n6_linear_f0.8_d3.0,6,linear,n6_linear,4,0.80000000000000004,3,0.067764060356652944,0.031607864889256015,4,11,13,21,false,25,10,60,60,true,balanced_sqrt,5.2953036327375521e-14,1.0695393218597458,1.664782234181119e-17,9.1711179150678848e-20,1.0019446272983941e-16,0,0,2.9046208899618666e-15,true,true,-7.5:0:0;-4.5:0:0;-1.5:0:0;1.5:0:0;4.5:0:0;7.5:0:0,0.17630153956319786:2.7991179316130674e-20:0;0.015607166042857785:2.0080405881684521e-17:0;0.0026504151614111311:2.1478752888479449e-17:0;-0.002650415161411047:2.190939657446868e-17:0;-0.015607166042857895:2.1778090498004942e-17:0;-0.17630153956319786:2.1638736092260913e-17:0,0:0:0;0:0:0;0:0:0;0:0:0;0:0:0;0:0:0,0.17630153956319786:2.7991179316130674e-20:0;0.015607166042857785:2.0080405881684521e-17:0;0.0026504151614111311:2.1478752888479449e-17:0;-0.002650415161411047:2.190939657446868e-17:0;-0.015607166042857895:2.1778090498004942e-17:0;-0.17630153956319786:2.1638736092260913e-17:0,0.17089466996501965:2.6832140012897089e-20:0;0.014791537115009494:1.9341435373548855e-17:0;0.0025074957372867145:2.0636968198349786e-17:0;-0.0025074957372866352:2.103990295522226e-17:0;-0.014791537115009598:2.0947148986446905e-17:0;-0.17089466996501965:2.0983166828926401e-17:0,0.0054068695981782135:1.1590393032335861e-21:0;0.0008156289278482919:7.3897050813566728e-19:0;0.00014291942412441674:8.4178469012966271e-19:0;-0.00014291942412441176:8.6949361924641921e-19:0;-0.00081562892784829764:8.3094151155803735e-19:0;-0.0054068695981782143:6.5556926333451242e-19:0,true,0.10219726216941266,0.0028895267100345068,0.00029530171873091694,true,9,true,0.10219726216941266,0.0028895267100345068,0.00029530171873091694,true,9,true,0.099045554043834139,0.00062962787767372906,6.2361841985637917e-05,true,8,true,0.0031580540084804785,0.084545751185304496,0.00026700004843074405,true,11,true
4,n6_linear_f0.8_d3.0,6,linear,n6_linear,4,0.80000000000000004,3,0.067764060356652944,0.031607864889256015,5,11,13,21,false,36,15,90,90,true,balanced_sqrt,3.3080735711971039e-12,1.0699865345370452,1.7784530129187455e-17,4.5820757735876227e-22,1.0763520114427123e-16,0,0,2.9071128216164575e-15,true,true,-7.5:0:0;-4.5:0:0;-1.5:0:0;1.5:0:0;4.5:0:0;7.5:0:0,0.17645158130675068:-1.313808619866536e-20:0;0.015634442823549883:2.0027248308680236e-17:0;0.0026514195521985689:2.1449264185104598e-17:0;-0.0026514195521985398:2.189146339831541e-17:0;-0.015634442823549883:2.1880125493093381e-17:0;-0.17645158130675068:2.1733212164410379e-17:0,0:0:0;0:0:0;0:0:0;0:0:0;0:0:0;0:0:0,0.17645158130675068:-1.313808619866536e-20:0;0.015634442823549883:2.0027248308680236e-17:0;0.0026514195521985689:2.1449264185104598e-17:0;-0.0026514195521985398:2.189146339831541e-17:0;-0.015634442823549883:2.1880125493093381e-17:0;-0.17645158130675068:2.1733212164410379e-17:0,0.17093544473403904:0:0;0.014812016074095184:1.9304181495924046e-17:0;0.0025078819359713954:2.0626717089494511e-17:0;-0.0025078819359713681:2.1055603572806433e-17:0;-0.014812016074095184:2.1063640132939208e-17:0;-0.17093544473403904:2.1050224787013411e-17:0,0.0055161365727116199:-1.313808619866536e-20:0;0.00082242674945469916:7.2306681275618966e-19:0;0.00014353761622717335:8.2254709561008609e-19:0;-0.00014353761622717189:8.3585982550897749e-19:0;-0.00082242674945469905:8.1648536015417217e-19:0;-0.0055161365727116199:6.8298737739696691e-19:0,true,0.10228493921996773,0.00086081479435113327,8.804838891985469e-05,true,9,true,0.10228493921996773,0.00086081479435113327,8.804838891985469e-05,true,9,true,0.099070028361100446,0.00026591928109151865,2.6344630719500194e-05,true,8,true,0.003221011823133506,0.019623737745062465,6.3208291290917448e-05,true,11,true
4,n6_linear_f0.8_d3.0,6,linear,n6_linear,4,0.80000000000000004,3,0.067764060356652944,0.031607864889256015,6,11,13,21,false,49,21,126,126,true,balanced_sqrt,1.5904516325512524e-10,1.069993139981702,4.7262022463196399e-17,6.6403673180815298e-23,3.6860924989650369e-16,0,0,2.907457007332163e-15,true,true,-7.5:0:0;-4.5:0:0;-1.5:0:0;1.5:0:0;4.5:0:0;7.5:0:0,0.17647295897693221:5.4761149742250501e-20:0;0.015630851715434387:2.003767233143497e-17:0;0.0026514215643998755:2.1512208010471738e-17:0;-0.0026514215644001422:2.1806059338443447e-17:0;-0.015630851715434369:2.1816686215822162e-17:0;-0.17647295897693216:2.1653734509005272e-17:0,0:0:0;0:0:0;0:0:0;0:0:0;0:0:0;0:0:0,0.17647295897693221:5.4761149742250501e-20:0;0.015630851715434387:2.003767233143497e-17:0;0.0026514215643998755:2.1512208010471738e-17:0;-0.0026514215644001422:2.1806059338443447e-17:0;-0.015630851715434369:2.1816686215822162e-17:0;-0.17647295897693216:2.1653734509005272e-17:0,0.17093550232955645:6.0359601207839821e-20:0;0.014808351185551122:1.9307502458692124e-17:0;0.002507842836698092:2.0673435838063941e-17:0;-0.0025078428366983436:2.0955167555892309e-17:0;-0.014808351185551108:2.0999931408912167e-17:0;-0.1709355023295564:2.0983111145294919e-17:0,0.0055374566473757655:-5.5984514655893157e-21:0;0.00082250052988326367:7.3016987274284616e-19:0;0.00014357872770178349:8.3877217240779802e-19:0;-0.00014357872770179856:8.5089178255113742e-19:0;-0.00082250052988326031:8.1675480690999582e-19:0;-0.0055374566473757629:6.7062336371035338e-19:0,true,0.10229704917825677,0.00012234307127756327,1.2515335179099864e-05,true,9,true,0.10229704917825677,0.00012234307127756327,1.2515335179099864e-05,true,9,true,0.099069878532252825,2.1361718538521317e-05,2.1163060614531519e-06,true,8,true,0.0032331897611220179,0.0038071527953386529,1.2309247436916002e-05,true,11,true
4,n6_linear_f0.8_d3.0,6,linear,n6_linear,4,0.80000000000000004,3,0.067764060356652944,0.031607864889256015,7,11,13,21,false,64,28,168,168,true,balanced_sqrt,7.4529923978473732e-09,1.0700119124979344,2.8518474565695016e-17,3.25245991267937e-25,1.8705428417876298e-16,0,0,2.9075446271438473e-15,true,true,-7.5:0:0;-4.5:0:0;-1.5:0:0;1.5:0:0;4.5:0:0;7.5:0:0,0.17647825172401385:1.0897853085545897e-19:0;0.015631621477025025:2.0096971843971077e-17:0;0.0026514366366343399:2.1589553763513536e-17:0;-0.002651436636634297:2.1921084145421425e-17:0;-0.015631621477025182:2.2192200182977891e-17:0;-0.17647825172401385:2.1600958718538146e-17:0,0:0:0;0:0:0;0:0:0;0:0:0;0:0:0;0:0:0,0.17647825172401385:1.0897853085545897e-19:0;0.015631621477025025:2.0096971843971077e-17:0;0.0026514366366343399:2.1589553763513536e-17:0;-0.002651436636634297:2.1921084145421425e-17:0;-0.015631621477025182:2.2192200182977891e-17:0;-0.17647825172401385:2.1600958718538146e-17:0,0.17093677124904616:1.0055071513653981e-19:0;0.014808983930723362:1.9358674594749315e-17:0;0.0025078480830631263:2.075073477998264e-17:0;-0.0025078480830630859:2.1062635527691475e-17:0;-0.01480898393072351:2.1352804503757644e-17:0;-0.17093677124904616:2.0922900540023368e-17:0,0.0055414804749677037:8.4278157189191533e-21:0;0.00082263754630166241:7.3829724922176122e-19:0;0.00014358855357121363:8.3881898353089482e-19:0;-0.00014358855357121111:8.5844861772994913e-19:0;-0.00082263754630167152:8.3939567922024625e-19:0;-0.0055414804749677029:6.7805817851477922e-19:0,true,0.10230013202631343,3.0185003288166099e-05,3.0879298215940968e-06,true,9,true,0.10230013202631343,3.0185003288166099e-05,3.0879298215940968e-06,true,9,true,0.099070639902574698,8.263269431697302e-06,8.186473902856365e-07,true,8,true,0.003235498728158725,0.0007184398785321797,2.3245113132493765e-06,true,11,true
4,n6_linear_f0.8_d3.0,6,linear,n6_linear,4,0.80000000000000004,3,0.067764060356652944,0.031607864889256015,8,11,13,21,false,81,36,216,216,true,balanced_sqrt,2.7139210455986083e-07,1.0700121449459294,3.1980038036615405e-17,8.9938834819486472e-27,1.7298314408083365e-16,0,0,2.9075554355345451e-15,true,true,-7.5:0:0;-4.5:0:0;-1.5:0:0;1.5:0:0;4.5:0:0;7.5:0:0,0.17647892245564098:8.0719850731622182e-20:0;0.015631515240478452:1.9990685105929298e-17:0;0.0026514370703447907:2.1549918495507108e-17:0;-0.0026514370703449373:2.1916447830644111e-17:0;-0.015631515240478521:2.197081960119523e-17:0;-0.17647892245564092:2.1696688565080932e-17:0,0:0:0;0:0:0;0:0:0;0:0:0;0:0:0;0:0:0,0.17647892245564098:8.0719850731622182e-20:0;0.015631515240478452:1.9990685105929298e-17:0;0.0026514370703447907:2.1549918495507108e-17:0;-0.0026514370703449373:2.1916447830644111e-17:0;-0.015631515240478521:2.197081960119523e-17:0;-0.17647892245564092:2.1696688565080932e-17:0,0.17093677359126627:4.6967688848963133e-20:0;0.014808882863622695:1.9270693490398213e-17:0;0.0025078476587118139:2.0706452890949893e-17:0;-0.0025078476587119523:2.1050483394327908e-17:0;-0.014808882863622761:2.1160022331963824e-17:0;-0.17093677359126622:2.1036842860148694e-17:0,0.0055421488643747118:3.3752161882659049e-20:0;0.00082263237685575668:7.1999161553108672e-19:0;0.00014358941163297663:8.4346560455721661e-19:0;-0.00014358941163298514:8.6596443631620432e-19:0;-0.00082263237685576004:8.1079726923140663e-19:0;-0.0055421488643747092:6.598457049322397e-19:0,true,0.10230051231275342,3.8325763925111762e-06,3.9207452843165763e-07,true,9,true,0.10230051231275342,3.8325763925111762e-06,3.9207452843165763e-07,true,9,true,0.099070636210297991,5.8914830315112867e-07,5.8367299390698382e-08,true,8,true,0.0032358798896886531,0.00011925864885983369,3.8590666351697646e-07,true,11,true
4,n6_linear_f0.8_d3.0,6,linear,n6_linear,4,0.80000000000000004,3,0.067764060356652944,0.031607864889256015,9,11,13,21,false,100,45,270,270,true,balanced_sqrt,3.7416744609248475e-05,1.0700128081951559,2.8181563155215134e-17,5.6990816410954654e-29,2.0496437816637929e-16,0,0,2.9075578319307207e-15,true,true,-7.5:0:0;-4.5:0:0;-1.5:0:0;1.5:0:0;4.5:0:0;7.5:0:0,0.17647906740125566:1.8976159876474815e-19:0;0.015631534180690864:2.001716195271253e-17:0;0.0026514373366755724:2.1478692178583081e-17:0;-0.0026514373366754735:2.175493337675202e-17:0;-0.015631534180690906:2.2024868585738486e-17:0;-0.17647906740125566:2.1708962611289176e-17:0,0:0:0;0:0:0;0:0:0;0:0:0;0:0:0;0:0:0,0.17647906740125566:1.8976159876474815e-19:0;0.015631534180690864:2.001716195271253e-17:0;0.0026514373366755724:2.1478692178583081e-17:0;-0.0026514373366754735:2.175493337675202e-17:0;-0.015631534180690906:2.2024868585738486e-17:0;-0.17647906740125566:2.1708962611289176e-17:0,0.17093680564788885:1.7427791651774783e-19:0;0.014808898796768531:1.9292051342871887e-17:0;0.002507847733366925:2.0629010412016869e-17:0;-0.0025078477333668318:2.0904346072644339e-17:0;-0.014808898796768569:2.1201480402534513e-17:0;-0.17093680564788885:2.1036819556974876e-17:0,0.0055422617533668053:1.5483682247000333e-20:0;0.00082263538392233376:7.25110609840642e-19:0;0.00014358960330864714:8.4968176656621281e-19:0;-0.00014358960330864182:8.5058730410768059e-19:0;-0.00082263538392233679:8.2338818320397423e-19:0;-0.0055422617533668044:6.7214305431429963e-19:0,true,0.10230059662844813,8.2498012724619082e-07,8.4395959223898383e-08,true,9,true,0.10230059662844813,8.2498012724619082e-07,8.4395959223898383e-08,true,9,true,0.099070655441677591,2.0861871328340419e-07,2.0667992662386264e-08,true,8,true,0.0032359445963475062,2.0148584387551294e-05,6.5199702772948341e-08,true,11,true
4,n6_linear_f0.8_d3.0,6,linear,n6_linear,4,0.80000000000000004,3,0.067764060356652944,0.031607864889256015,10,11,13,21,false,121,55,330,330,true,balanced_sqrt,0.0015510964243857538,1.0700128157965199,2.8581981576989663e-17,1.911185502127943e-30,2.1643105527808832e-16,0,0,2.9075581089682956e-15,true,true,-7.5:0:0;-4.5:0:0;-1.5:0:0;1.5:0:0;4.5:0:0;7.5:0:0,0.17647908458378234:1.3559540661074736e-19:0;0.015631531564509537:1.9990126335433215e-17:0;0.0026514373483786614:2.1668971396764311e-17:0;-0.002651437348378965:2.1901327424861058e-17:0;-0.015631531564509433:2.2052363928253902e-17:0;-0.17647908458378231:2.1750149424071663e-17:0,0:0:0;0:0:0;0:0:0;0:0:0;0:0:0;0:0:0,0.17647908458378234:1.3559540661074736e-19:0;0.015631531564509537:1.9990126335433215e-17:0;0.0026514373483786614:2.1668971396764311e-17:0;-0.002651437348378965:2.1901327424861058e-17:0;-0.015631531564509433:2.2052363928253902e-17:0;-0.17647908458378231:2.1750149424071663e-17:0,0.1709368057176239:1.2741375566224236e-19:0;0.014808896424424784:1.9262287596534803e-17:0;0.0025078477294102459:2.0823542940854167e-17:0;-0.0025078477294105317:2.1033722433758316e-17:0;-0.014808896424424685:2.1237554216859841e-17:0;-0.17093680571762387:2.1070335234849442e-17:0,0.0055422788661584404:8.1816509485049947e-21:0;0.00082263514008475331:7.2783873889841243e-19:0;0.00014358961896841535:8.4542845591014309e-19:0;-0.00014358961896843311:8.6760499110274251e-19:0;-0.00082263514008474724:8.1480971139406293e-19:0;-0.0055422788661584387:6.7981418922221956e-19:0,true,0.10230060637584125,9.8090027703154203e-08,1.0034669313455741e-08,true,9,true,0.10230060637584125,9.8090027703154203e-08,1.0034669313455741e-08,true,9,true,0.099070655363546714,1.3831208186042371e-08,1.3702668605415143e-09,true,8,true,0.0032359543457144255,3.0535294571479941e-06,9.881081916625062e-09,true,11,true
4,n6_linear_f0.8_d3.0,6,linear,n6_linear,4,0.80000000000000004,3,0.067764060356652944,0.031607864889256015,11,11,13,21,false,144,66,396,396,true,balanced_sqrt,0.12192824401103806,1.0700128371415576,1.9574958185825315e-17,1.6407480177606121e-32,1.5332540543143265e-16,0,0,2.907558165618847e-15,true,true,-7.5:0:0;-4.5:0:0;-1.5:0:0;1.5:0:0;4.5:0:0;7.5:0:0,0.17647908801256029:5.4152913730518315e-20:0;0.015631531986798636:1.9916509562758191e-17:0;0.002651437353052402:2.1573001161609899e-17:0;-0.0026514373530524271:2.1859493595523573e-17:0;-0.015631531986798633:2.211905744701587e-17:0;-0.17647908801256043:2.1588068124578988e-17:0,0:0:0;0:0:0;0:0:0;0:0:0;0:0:0;0:0:0,0.17647908801256029:5.4152913730518315e-20:0;0.015631531986798636:1.9916509562758191e-17:0;0.002651437353052402:2.1573001161609899e-17:0;-0.0026514373530524271:2.1859493595523573e-17:0;-0.015631531986798633:2.211905744701587e-17:0;-0.17647908801256043:2.1588068124578988e-17:0,0.17093680643099757:5.3663217810340873e-20:0;0.014808896778145232:1.9176404959832782e-17:0;0.0025078477305327629:2.0737331058954503e-17:0;-0.0025078477305327863:2.100658001677249e-17:0;-0.014808896778145231:2.1289858745459302e-17:0;-0.17093680643099771:2.0909438503006162e-17:0,0.0055422815815627255:4.8969592017744416e-22:0;0.00082263520865340385:7.4010460292540878e-19:0;0.00014358962251963912:8.3567010265539714e-19:0;-0.00014358962251964085:8.5291357875108279e-19:0;-0.00082263520865340299:8.2919870155656711e-19:0;-0.0055422815815627307:6.786296215728268e-19:0,true,0.10230060836905533,1.949709828680489e-08,1.9945650161714068e-09,true,9,true,0.10230060836905533,1.949709828680489e-08,1.9945650161714068e-09,true,9,true,0.099070655791466414,4.6403030722785335e-09,4.5971786844179073e-10,true,8,true,0.0032359559018184524,4.8462974760101106e-07,1.5682404919462787e-09,true,11,true
5,n6_compact_f0.8_d10.0,6,compact,n6_compact,1,0.80000000000000004,10,0.0033539600717839005,0.0020086992910548617,2,6,13,21,false,9,3,18,18,true,balanced_sqrt,1.0230421820455849e-16,1.0027898031745019,3.570080165649564e-17,1.9468172142164778e-17,1.23706243843575e-16,0,0,8.1787010626993207e-17,true,true,-10.000000000000002:-5.7735026918962582:0;0:-5.7735026918962582:0;10.000000000000002:-5.7735026918962582:0;-5.0000000000000009:2.8867513459481287:0;5:2.8867513459481287:0;0:11.547005383792515:0,0.0025993837963549848:0.0015007549345527013:0;2.2767703615495265e-19:0.0027481603561461615:0;-0.0025993837963549848:0.0015007549345527015:0;0.0023799766820958661:-0.0013740801780730784:0;-0.0023799766820958679:-0.0013740801780730797:0;-7.6338770946072353e-19:-0.0030015098691054051:0,0:0:0;0:0:0;0:0:0;0:0:0;0:0:0;0:0:0,0.0025993837963549848:0.0015007549345527013:0;2.2767703615495265e-19:0.0027481603561461615:0;-0.0025993837963549848:0.0015007549345527015:0;0.0023799766820958661:-0.0013740801780730784:0;-0.0023799766820958679:-0.0013740801780730797:0;-7.6338770946072353e-19:-0.0030015098691054051:0,0.0025957678192964234:0.0014986672492245574:0;2.2736314318231257e-19:0.002741715989559182:0;-0.0025957678192964234:0.0014986672492245576:0;0.0023743956969202425:-0.0013708579947795886:0;-0.0023743956969202442:-0.0013708579947795899:0;-7.6234139955192316e-19:-0.002997334498449117:0,3.6159770585614454e-06:2.0876853281439605e-06:0;3.1389297264010015e-22:6.4443665869793778e-06:0;-3.6159770585614454e-06:2.0876853281439609e-06:0;5.5809851756237615e-06:-3.2221832934896843e-06:0;-5.5809851756237658e-06:-3.2221832934896876e-06:0;-1.0463099088003339e-21:-4.1753706562879244e-06:0,true,0.002877624613933386,0,0,false,6,true,0.002877624613933386,0,0,false,6,true,0.0028723701592063043,0,0,false,6,true,5.429713658415446e-06,0,0,false,6,true
5,n6_compact_f0.8_d10.0,6,compact,n6_compact,1,0.80000000000000004,10,0.0033539600717839005,0.0020086992910548617,3,6,13,21,false,16,6,36,36,true,balanced_sqrt,1.7433679678934208e-16,1.0027908743903111,1.6122248588255158e-17,2.7314438402480661e-17,1.2212653176638377e-16,0,0,8.186204506569518e-17,true,true,-10.000000000000002:-5.7735026918962582:0;0:-5.7735026918962582:0;10.000000000000002:-5.7735026918962582:0;-5.0000000000000009:2.8867513459481287:0;5:2.8867513459481287:0;0:11.547005383792515:0,0.0026017836562777703:0.0015021404943251389:0;2.413112193591162e-19:0.0027506625911125743:0;-0.0026017836562777703:0.0015021404943251382:0;0.0023821436811430176:-0.0013753312955562852:0;-0.0023821436811430189:-0.0013753312955562863:0;-6.9704448792339077e-19:-0.0030042809886502799:0,0:0:0;0:0:0;0:0:0;0:0:0;0:0:0;0:0:0,0.0026017836562777703:0.0015021404943251389:0;2.413112193591162e-19:0.0027506625911125743:0;-0.0026017836562777703:0.0015021404943251382:0;0.0023821436811430176:-0.0013753312955562852:0;-0.0023821436811430189:-0.0013753312955562863:0;-6.9704448792339077e-19:-0.0030042809886502799:0,0.0025980761751530374:0.0014999999790997589:0;2.407564202863356e-19:0.002744157171693714:0;-0.0025980761751530374:0.0014999999790997582:0;0.0023765098226640122:-0.0013720785858468551:0;-0.0023765098226640135:-0.0013720785858468562:0;-6.9597236605034424e-19:-0.0029999999581995199:0,3.7074811247330594e-06:2.1405152253800876e-06:0;5.5479907278057706e-22:6.5054194188602843e-06:0;-3.7074811247330594e-06:2.1405152253800871e-06:0;5.6338584790056059e-06:-3.2527097094301375e-06:0;-5.6338584790056118e-06:-3.2527097094301396e-06:0;-1.0721218730464874e-21:-4.2810304507601785e-06:0,true,0.0028802646535441528,0.00091661805646385801,2.6401025888331886e-06,true,6,true,0.0028802646535441528,0.00091661805646385801,2.6401025888331886e-06,true,6,true,0.0028749259409726682,0.00088899064181937053,2.5557822574484502e-06,true,6,true,5.5067097043343567e-06,0.015669717763347298,8.6288586871605009e-08,true,6,true
5,n6_compact_f0.8_d10.0,6,compact,n6_compact,1,0.80000000000000004,10,0.0033539600717839005,0.0020086992910548617,4,6,13,21,false,25,10,60,60,true,balanced_sqrt,2.4061799201751519e-16,1.0027908933017255,1.8247680841376645e-17,2.7733696873772286e-17,1.2629291175613172e-16,0,0,8.1863695366674888e-17,true,true,-10.000000000000002:-5.7735026918962582:0;0:-5.7735026918962582:0;10.000000000000002:-5.7735026918962582:0;-5.0000000000000009:2.8867513459481287:0;5:2.8867513459481287:0;0:11.547005383792515:0,0.0026018342436063577:0.0015021697009329163:0;-2.0076403182676089e-20:0.0027507203932894196:0;-0.0026018342436063577:0.0015021697009329159:0;0.0023821937392965601:-0.0013753601966447068:0;-0.0023821937392965614:-0.0013753601966447087:0;-7.7748483812038393e-19:-0.0030043394018658353:0,0:0:0;0:0:0;0:0:0;0:0:0;0:0:0;0:0:0,0.0026018342436063577:0.0015021697009329163:0;-2.0076403182676089e-20:0.0027507203932894196:0;-0.0026018342436063577:0.0015021697009329159:0;0.0023821937392965601:-0.0013753601966447068:0;-0.0023821937392965614:-0.0013753601966447087:0;-7.7748483812038393e-19:-0.0030043394018658353:0,0.0025981254010957033:0.0015000283997110083:0;-1.9893691710400347e-20:0.0027442129681145041:0;-0.0025981254010957033:0.0015000283997110078:0;0.002376558143781857:-0.001372106484057249:0;-0.0023765581437818584:-0.001372106484057251:0;-7.7641566901880698e-19:-0.0030000567994220191:0,3.7088425106542201e-06:2.1413012219081411e-06:0;-1.8271147227574157e-22:6.507425174915434e-06:0;-3.7088425106542201e-06:2.1413012219081403e-06:0;5.6355955147031605e-06:-3.2537125874577098e-06:0;-5.6355955147031639e-06:-3.2537125874577145e-06:0;-1.069169101576958e-21:-4.2826024438162856e-06:0,true,0.0028803227183478814,2.0174301652453027e-05,5.8108499376363655e-08,true,6,true,0.0028803227183478814,2.0174301652453027e-05,5.8108499376363655e-08,true,6,true,0.0028749822272603788,1.9590119165031867e-05,5.6321244429379553e-08,true,6,true,5.508505518691271e-06,0.00032712572314589109,1.8019738512550139e-09,true,6,true
5,n6_compact_f0.8_d10.0,6,compact,n6_compact,1,0.80000000000000004,10,0.0033539600717839005,0.0020086992910548617,5,6,13,21,false,36,15,90,90,true,balanced_sqrt,9.1214489701903444e-16,1.0027908935517136,1.9399144690971399e-17,3.5275919324962507e-18,1.4364557627341242e-16,0,0,8.1863696283064354e-17,true,true,-10.000000000000002:-5.7735026918962582:0;0:-5.7735026918962582:0;10.000000000000002:-5.7735026918962582:0;-5.0000000000000009:2.8867513459481287:0;5:2.8867513459481287:0;0:11.547005383792515:0,0.0026018342743663442:0.0015021697186922034:0;-1.4071257340936994e-19:0.0027507204220194466:0;-0.0026018342743663434:0.001502169718692203:0;0.0023821937641774929:-0.0013753602110097207:0;-0.0023821937641774946:-0.0013753602110097218:0;-7.6408635382259812e-19:-0.0030043394373844086:0,0:0:0;0:0:0;0:0:0;0:0:0;0:0:0;0:0:0,0.0026018342743663442:0.0015021697186922034:0;-1.4071257340936994e-19:0.0027507204220194466:0;-0.0026018342743663434:0.001502169718692203:0;0.0023821937641774929:-0.0013753602110097207:0;-0.0023821937641774946:-0.0013753602110097218:0;-7.6408635382259812e-19:-0.0030043394373844086:0,0.0025981254102824254:0.0015000284050149652:0;-1.4031186215383673e-19:0.002744212977940255:0;-0.0025981254102824245:0.0015000284050149647:0;0.0023765581522912061:-0.0013721064889701249:0;-0.0023765581522912078:-0.001372106488970126:0;-7.6312095593118057e-19:-0.0030000568100299321:0,3.7088640839189511e-06:2.1413136772383399e-06:0;-4.0071125553319673e-22:6.5074440791917472e-06:0;-3.7088640839189503e-06:2.1413136772383408e-06:0;5.6356118862866893e-06:-3.2537220395958676e-06:0;-5.6356118862866936e-06:-3.2537220395958706e-06:0;-9.6539789141751289e-22:-4.2826273544766824e-06:0,true,0.0028803227505904694,1.121510523484677e-08,3.2303122758195423e-11,true,6,true,0.0028803227505904694,1.121510523484677e-08,3.2303122758195423e-11,true,6,true,0.0028749822374844929,3.5563050650946985e-09,1.0224313893223391e-11,true,6,true,5.508526368327544e-06,4.0142055287405797e-06,2.2112357002953693e-11,true,6,true
5,n6_compact_f0.8_d10.0,6,compact,n6_compact,1,0.80000000000000004,10,0.0033539600717839005,0.0020086992910548617,6,6,13,21,false,49,21,126,126,true,balanced_sqrt,1.4443939673248623e-14,1.0027908935554921,3.4844479209256013e-17,7.605788547030077e-19,2.362820611644497e-16,0,0,8.1863696298478683e-17,true,true,-10.000000000000002:-5.7735026918962582:0;0:-5.7735026918962582:0;10.000000000000002:-5.7735026918962582:0;-5.0000000000000009:2.8867513459481287:0;5:2.8867513459481287:0;0:11.547005383792515:0,0.0026018342749128441:0.0015021697190077251:0;-4.0210393119635514e-19:0.0027507204224660113:0;-0.0026018342749128441:0.0015021697190077251:0;0.0023821937645642291:-0.0013753602112330041:0;-0.0023821937645642317:-0.0013753602112330048:0;-5.4960399154242754e-19:-0.0030043394380154529:0,0:0:0;0:0:0;0:0:0;0:0:0;0:0:0;0:0:0,0.0026018342749128441:0.0015021697190077251:0;-4.0210393119635514e-19:0.0027507204224660113:0;-0.0026018342749128441:0.0015021697190077251:0;0.0023821937645642291:-0.0013753602112330041:0;-0.0023821937645642317:-0.0013753602112330048:0;-5.4960399154242754e-19:-0.0030043394380154529:0,0.0025981254104234836:0.001500028405096405:0;-4.0118154478092261e-19:0.002744212978110061:0;-0.0025981254104234836:0.001500028405096405:0;0.0023765581524382625:-0.001372106489055029:0;-0.0023765581524382651:-0.0013721064890550297:0;-5.486461203212479e-19:-0.0030000568101928127:0,3.7088644893604405e-06:2.1413139113200932e-06:0;-9.2238641543253309e-22:6.5074443559504572e-06:0;-3.7088644893604405e-06:2.1413139113200932e-06:0;5.6356121259667608e-06:-3.2537221779752252e-06:0;-5.6356121259667667e-06:-3.2537221779752273e-06:0;-9.5787122117963888e-22:-4.282627822640189e-06:0,true,0.0028803227511328129,1.8978533371618131e-10,5.4664301453405036e-13,true,6,true,0.0028803227511328129,1.8978533371618131e-10,5.4664301453405036e-13,true,6,true,0.0028749822376505176,5.7871509681069957e-11,1.663795623990961e-13,true,6,true,5.5085267137885111e-06,6.981173047644112e-08,3.8455978226527949e-13,true,6,true
6,n6_compact_f0.1_d3.0,6,compact,n6_compact,2,0.10000000000000001,3,0.015527592924925459,0.006784012632833139,2,10,13,21,false,9,3,18,18,true,balanced_sqrt,8.8046068303612988e-17,1.01140413683161,4.1562134007722782e-17,3.2851245919289439e-17,1.5638589602859991e-16,0,0,1.2930626678731015e-16,true,true,-3.0000000000000009:-1.7320508075688776:0;0:-1.7320508075688776:0;3.0000000000000009:-1.7320508075688776:0;-1.5000000000000004:0.8660254037844386:0;1.5:0.8660254037844386:0;0:3.4641016151377544:0,0.0040463428156187024:0.0023361571138309665:0;-9.0307008228556819e-19:0.0044234001152360491:0;-0.0040463428156187033:0.0023361571138309665:0;0.0038307768708974307:-0.0022117000576180241:0;-0.0038307768708974337:-0.0022117000576180241:0;-2.9705261465795877e-18:-0.004672314227661933:0,0:0:0;0:0:0;0:0:0;0:0:0;0:0:0;0:0:0,0.0040463428156187024:0.0023361571138309665:0;-9.0307008228556819e-19:0.0044234001152360491:0;-0.0040463428156187033:0.0023361571138309665:0;0.0038307768708974307:-0.0022117000576180241:0;-0.0038307768708974337:-0.0022117000576180241:0;-2.9705261465795877e-18:-0.004672314227661933:0,0.0040268675282824169:0.0023249130514448168:0;-8.958505439148459e-19:0.0043875018555219678:0;-0.0040268675282824178:0.0023249130514448168:0;0.0037996880660333848:-0.0021937509277609834:0;-0.0037996880660333878:-0.0021937509277609834:0;-2.956270174072183e-18:-0.0046498261028896336:0,1.9475287336285749e-05:1.1244062386149889e-05:0;-7.2195383707223032e-21:3.5898259714081351e-05:0;-1.9475287336285755e-05:1.1244062386149889e-05:0;3.108880486404594e-05:-1.7949129857040665e-05:0;-3.108880486404596e-05:-1.7949129857040669e-05:0;-1.4255972507404547e-20:-2.2488124772299777e-05:0,true,0.0045495598040624996,0,0,false,7,true,0.0045495598040624996,0,0,false,7,true,0.0045205671834031248,0,0,false,7,true,2.9953303709892826e-05,0,0,false,10,true
6,n6_compact_f0.1_d3.0,6,compact,n6_compact,2,0.10000000000000001,3,0.015527592924925459,0.006784012632833139,3,10,13,21,false,16,6,36,36,true,balanced_sqrt,8.196523046670721e-16,1.0120671004516817,3.2138804857423045e-17,4.4583328514894737e-17,1.9708733551802703e-16,0,0,1.2966313372797414e-16,true,true,-3.0000000000000009:-1.7320508075688776:0;0:-1.7320508075688776:0;3.0000000000000009:-1.7320508075688776:0;-1.5000000000000004:0.8660254037844386:0;1.5:0.8660254037844386:0;0:3.4641016151377544:0,0.0040588679547293588:0.0023433885062681421:0;-1.8735350600668907e-18:0.0044339513974315584:0;-0.0040588679547293605:0.0023433885062681412:0;0.0038399145493212407:-0.0022169756987157796:0;-0.0038399145493212446:-0.0022169756987157787:0;-3.3340181016943571e-18:-0.0046867770125362841:0,0:0:0;0:0:0;0:0:0;0:0:0;0:0:0;0:0:0,0.0040588679547293588:0.0023433885062681421:0;-1.8735350600668907e-18:0.0044339513974315584:0;-0.0040588679547293605:0.0023433885062681412:0;0.0038399145493212407:-0.0022169756987157796:0;-0.0038399145493212446:-0.0022169756987157787:0;-3.3340181016943571e-18:-0.0046867770125362841:0,0.0040332908007787273:0.0023286215295496406:0;-1.8532308231671936e-18:0.0043938117448829635:0;-0.0040332908007787291:0.0023286215295496397:0;0.0038051525905150765:-0.0021969058724414822:0;-0.0038051525905150804:-0.0021969058724414813:0;-3.3132806979314055e-18:-0.0046572430590992812:0,2.5577153950631492e-05:1.4766976718501593e-05:0;-2.030423689969708e-20:4.0139652548595173e-05:0;-2.5577153950631495e-05:1.4766976718501588e-05:0;3.4761958806164206e-05:-2.0069826274297586e-05:0;-3.476195880616424e-05:-2.0069826274297576e-05:0;-2.0737403762951528e-20:-2.9533953437003197e-05:0,true,0.0045621159432890244,0.0027748138532024467,1.2659022519354132e-05,true,7,true,0.0045621159432890244,0.0027748138532024467,1.2659022519354132e-05,true,7,true,0.0045274437909818329,0.0015208820019171558,6.8857077763958467e-06,true,7,true,3.5238090983628892e-05,0.16502598132664978,5.815200544651127e-06,true,10,true
6,n6_compact_f0.1_d3.0,6,compact,n6_compact,2,0.10000000000000001,3,0.015527592924925459,0.006784012632833139,4,10,13,21,false,25,10,60,60,true,balanced_sqrt,9.4342449729038379e-15,1.0122032811183765,2.4901519506391282e-17,2.4615242531190313e-18,1.2635739618644549e-16,0,0,1.297392378190212e-16,true,true,-3.0000000000000009:-1.7320508075688776:0;0:-1.7320508075688776:0;3.0000000000000009:-1.7320508075688776:0;-1.5000000000000004:0.8660254037844386:0;1.5:0.8660254037844386:0;0:3.4641016151377544:0,0.0040609143582229562:0.0023445699978760395:0;-1.172282198543375e-18:0.0044369637872217907:0;-0.0040609143582229562:0.0023445699978760395:0;0.0038425233554056823:-0.0022184818936108945:0;-0.0038425233554056845:-0.0022184818936108954:0;-3.0354306632451738e-18:-0.004689139995752079:0,0:0:0;0:0:0;0:0:0;0:0:0;0:0:0;0:0:0,0.0040609143582229562:0.0023445699978760395:0;-1.172282198543375e-18:0.0044369637872217907:0;-0.0040609143582229562:0.0023445699978760395:0;0.0038425233554056823:-0.0022184818936108945:0;-0.0038425233554056845:-0.0022184818936108954:0;-3.0354306632451738e-18:-0.004689139995752079:0,0.0040342062153614217:0.0023291500444053777:0;-1.1588488942772728e-18:0.0043951168965806727:0;-0.0040342062153614217:0.0023291500444053777:0;0.0038062828850410849:-0.0021975584482903355:0;-0.0038062828850410871:-0.0021975584482903363:0;-3.0156751871790543e-18:-0.0046583000888107554:0,2.6708142861534593e-05:1.5419953470661978e-05:0;-1.3433304266102262e-20:4.1846890641117977e-05:0;-2.6708142861534593e-05:1.5419953470661978e-05:0;3.6240470364597435e-05:-2.0923445320558972e-05:0;-3.6240470364597463e-05:-2.0923445320558989e-05:0;-1.9755476066119604e-20:-3.0839906941323963e-05:0,true,0.0045647936179459064,0.00059306720419704379,2.7072293887316874e-06,true,7,true,0.0045647936179459064,0.00059306720419704379,2.7072293887316874e-06,true,7,true,0.0045286207752484207,0.0002622406539384989,1.1875884735406176e-06,true,7,true,3.6757734672305427e-05,0.04134905086426597,1.5198974406203499e-06,true,10,true
6,n6_compact_f0.1_d3.0,6,compact,n6_compact,2,0.10000000000000001,3,0.015527592924925459,0.006784012632833139,5,10,13,21,false,36,15,90,90,true,balanced_sqrt,4.2834430435750328e-13,1.0122331030146889,2.9366484406693493e-17,7.7007963397239195e-20,1.4655412202105958e-16,0,0,1.2974715514659085e-16,true,true,-3.0000000000000009:-1.7320508075688776:0;0:-1.7320508075688776:0;3.0000000000000009:-1.7320508075688776:0;-1.5000000000000004:0.8660254037844386:0;1.5:0.8660254037844386:0;0:3.4641016151377544:0,0.0040612073803100663:0.0023447391742569134:0;-1.7228602416848451e-18:0.0044371793869225152:0;-0.0040612073803100663:0.0023447391742569125:0;0.0038427100702235571:-0.0022185896934612558:0;-0.0038427100702235605:-0.0022185896934612558:0;-3.340318567245869e-18:-0.004689478348513825:0,0:0:0;0:0:0;0:0:0;0:0:0;0:0:0;0:0:0,0.0040612073803100663:0.0023447391742569134:0;-1.7228602416848451e-18:0.0044371793869225152:0;-0.0040612073803100663:0.0023447391742569125:0;0.0038427100702235571:-0.0022185896934612558:0;-0.0038427100702235605:-0.0022185896934612558:0;-3.340318567245869e-18:-0.004689478348513825:0,0.0040342899497514857:0.0023291983884780238:0;-1.702502083592666e-18:0.0043951481173794627:0;-0.0040342899497514857:0.002329198388478023:0;0.0038063099230459629:-0.0021975740586897296:0;-0.0038063099230459664:-0.0021975740586897296:0;-3.318000409202133e-18:-0.0046583967769560459:0,2.6917430558580271e-05:1.5540785778889385e-05:0;-2.0358158092179136e-20:4.2031269543052115e-05:0;-2.6917430558580271e-05:1.5540785778889378e-05:0;3.6400147177594287e-05:-2.1015634771526047e-05:0;-3.6400147177594321e-05:-2.1015634771526044e-05:0;-2.2318158043735953e-20:-3.1081571557778763e-05:0,true,0.0045650721841450663,6.2144713386265473e-05,2.8369510247130808e-07,true,7,true,0.0045650721841450663,6.2144713386265473e-05,2.8369510247130808e-07,true,7,true,0.0045286856539871866,1.5864370766524988e-05,7.1844748299895421e-08,true,7,true,3.6964115773963957e-05,0.0058147959132298357,2.1493878933860012e-07,true,10,true
6,n6_compact_f0.1_d3.0,6,compact,n6_compact,2,0.10000000000000001,3,0.015527592924925459,0.006784012632833139,6,10,13,21,false,49,21,126,126,true,balanced_sqrt,3.1769550712628786e-11,1.0122382492501565,4.9316976796653812e-17,1.3528528840745062e-21,2.9950112180229733e-16,0,0,1.2974842629387965e-16,true,true,-3.0000000000000009:-1.7320508075688776:0;0:-1.7320508075688776:0;3.0000000000000009:-1.7320508075688776:0;-1.5000000000000004:0.8660254037844386:0;1.5:0.8660254037844386:0;0:3.4641016151377544:0,0.0040612507748656506:0.0023447642281152602:0;-1.604825417093648e-18:0.0044372184572937963:0;-0.004061250774865654:0.002344764228115262:0;0.0038427439061576247:-0.0022186092286468973:0;-0.0038427439061576273:-0.002218609228646896:0;-2.346051361093243e-18:-0.0046895284562305231:0,0:0:0;0:0:0;0:0:0;0:0:0;0:0:0;0:0:0,0.0040612507748656506:0.0023447642281152602:0;-1.604825417093648e-18:0.0044372184572937963:0;-0.004061250774865654:0.002344764228115262:0;0.0038427439061576247:-0.0022186092286468973:0;-0.0038427439061576273:-0.002218609228646896:0;-2.346051361093243e-18:-0.0046895284562305231:0,0.004034289067728531:0.0023291978792418329:0;-1.5877269261659351e-18:0.0043951564592567775:0;-0.0040342890677285345:0.0023291978792418342:0;0.0038063171473236355:-0.0021975782296283879:0;-0.0038063171473236381:-0.0021975782296283866:0;-2.3315304389353289e-18:-0.0046583957584836674:0,2.6961707137119146e-05:1.55663488734276e-05:0;-1.7098490927712966e-20:4.2061998037018605e-05:0;-2.696170713711917e-05:1.556634887342761e-05:0;3.6426758833989297e-05:-2.1030999018509286e-05:0;-3.6426758833989318e-05:-2.1030999018509279e-05:0;-1.4520922157913917e-20:-3.1132697746855221e-05:0,true,0.0045651169086642551,9.8418645116905058e-06,4.4929262095100997e-08,true,7,true,0.0045651169086642551,9.8418645116905058e-06,4.4929262095100997e-08,true,7,true,0.0045286891781179464,1.3121674736845407e-06,5.9423986379535446e-09,true,7,true,3.700308465427713e-05,0.0011398765759494671,4.2178949435285689e-08,true,10,true
6,n6_compact_f0.1_d3.0,6,compact,n6_compact,2,0.10000000000000001,3,0.015527592924925459,0.006784012632833139,7,10,13,21,false,64,28,168,168,true,balanced_sqrt,1.4271731646213728e-09,1.012239636394672,4.066648066141302e-17,2.0841645919370202e-23,2.7297558880436105e-16,0,0,1.2974884286884552e-16,true,true,-3.0000000000000009:-1.7320508075688776:0;0:-1.7320508075688776:0;3.0000000000000009:-1.7320508075688776:0;-1.5000000000000004:0.8660254037844386:0;1.5:0.8660254037844386:0;0:3.4641016151377544:0,0.0040612632095551326:0.0023447714072865797:0;1.7589225448172376e-19:0.0044372334413043703:0;-0.0040612632095551344:0.0023447714072865819:0;0.0038427568826914288:-0.0022186167206521847:0;-0.0038427568826914327:-0.0022186167206521877:0;-2.1125695984983587e-18:-0.0046895428145731629:0,0:0:0;0:0:0;0:0:0;0:0:0;0:0:0;0:0:0,0.0040612632095551326:0.0023447714072865797:0;1.7589225448172376e-19:0.0044372334413043703:0;-0.0040612632095551344:0.0023447714072865819:0;0.0038427568826914288:-0.0022186167206521847:0;-0.0038427568826914327:-0.0022186167206521877:0;-2.1125695984983587e-18:-0.0046895428145731629:0,0.0040342922496391558:0.0023291997163187878:0;1.7376896865641061e-19:0.0043951585072041638:0;-0.0040342922496391575:0.00232919971631879:0;0.0038063189208980943:-0.0021975792536020815:0;-0.0038063189208980973:-0.0021975792536020845:0;-2.0996355151008307e-18:-0.0046583994326375791:0,2.6970959915977185e-05:1.5571690967792034e-05:0;2.1232858253131396e-21:4.2074934100206761e-05:0;-2.6970959915977198e-05:1.5571690967792054e-05:0;3.6437961793334642e-05:-2.1037467050103059e-05:0;-3.6437961793335211e-05:-2.1037467050103404e-05:0;-1.2934083397528138e-20:-3.1143381935584101e-05:0,true,0.0045651315655928573,3.2144772391783331e-06,1.4674511511452789e-08,true,7,true,0.0045651315655928573,3.2144772391783331e-06,1.4674511511452789e-08,true,7,true,0.0045286920615916926,6.5677865610284841e-07,2.9743482861158301e-09,true,7,true,3.7014931567695686e-05,0.00032051054975692947,1.1863676065977268e-08,true,10,true
6,n6_compact_f0.1_d3.0,6,compact,n6_compact,2,0.10000000000000001,3,0.015527592924925459,0.006784012632833139,8,10,13,21,false,81,36,216,216,true,balanced_sqrt,6.9048730757881815e-08,1.0122398028177857,3.4349794973551891e-17,3.6592358764398527e-25,2.8491969271408148e-16,0,0,1.2974890375556225e-16,true,true,-3.0000000000000009:-1.7320508075688776:0;0:-1.7320508075688776:0;3.0000000000000009:-1.7320508075688776:0;-1.5000000000000004:0.8660254037844386:0;1.5:0.8660254037844386:0;0:3.4641016151377544:0,0.0040612648703942811:0.0023447723661725083:0;1.2413978464658236e-18:0.0044372358225025872:0;-0.0040612648703942838:0.00234477236617251:0;0.003842758944869577:-0.0022186179112512927:0;-0.003842758944869577:-0.0022186179112512927:0;-2.1404694658507674e-18:-0.00468954473234502:0,0:0:0;0:0:0;0:0:0;0:0:0;0:0:0;0:0:0,0.0040612648703942811:0.0023447723661725083:0;1.2413978464658236e-18:0.0044372358225025872:0;-0.0040612648703942838:0.00234477236617251:0;0.003842758944869577:-0.0022186179112512927:0;-0.003842758944869577:-0.0022186179112512927:0;-2.1404694658507674e-18:-0.00468954473234502:0,0.0040342922582234878:0.0023291997212749531:0;1.2276769038077398e-18:0.0043951588177846921:0;-0.0040342922582234904:0.0023291997212749548:0;0.0038063191898687226:-0.0021975794088923452:0;-0.0038063191898687226:-0.0021975794088923452:0;-2.1276119928829675e-18:-0.0046583994425499096:0,2.6972612170793605e-05:1.5572644897555058e-05:0;1.372094265808373e-20:4.2077004717894868e-05:0;-2.6972612170793622e-05:1.5572644897555075e-05:0;3.6439755000854656e-05:-2.1038502358947431e-05:0;-3.6439755000854663e-05:-2.1038502358947431e-05:0;-1.2857472967799827e-20:-3.1145289795110144e-05:0,true,0.0045651337078537538,4.7357610332834532e-07,2.1619382325382615e-09,true,7,true,0.0045651337078537538,4.7357610332834532e-07,2.1619382325382615e-09,true,7,true,0.0045286922174011691,4.8518514181659996e-08,2.1972541757435189e-10,true,7,true,3.7016911016798389e-05,5.3783593822802857e-05,1.9909025067023209e-09,true,10,true
6,n6_compact_f0.1_d3.0,6,compact,n6_compact,2,0.10000000000000001,3,0.015527592924925459,0.006784012632833139,9,10,13,21,false,100,45,270,270,true,balanced_sqrt,6.1555947653724569e-06,1.0122398441571812,6.2027997778700105e-17,5.5660305571839709e-27,3.8903227606580731e-16,0,0,1.2974891386807713e-16,true,true,-3.0000000000000009:-1.7320508075688776:0;0:-1.7320508075688776:0;3.0000000000000009:-1.7320508075688776:0;-1.5000000000000004:0.8660254037844386:0;1.5:0.8660254037844386:0;0:3.4641016151377544:0,0.0040612652023792753:0.0023447725578441348:0;-1.9733950304863455e-18:0.0044372361494778934:0;-0.0040612652023792719:0.0023447725578441317:0;0.0038427592280384981:-0.0022186180747389441:0;-0.003842759228038502:-0.002218618074738945:0;-4.5151420083209806e-18:-0.004689545115688267:0,0:0:0;0:0:0;0:0:0;0:0:0;0:0:0;0:0:0,0.0040612652023792753:0.0023447725578441348:0;-1.9733950304863455e-18:0.0044372361494778934:0;-0.0040612652023792719:0.0023447725578441317:0;0.0038427592280384981:-0.0022186180747389441:0;-0.003842759228038502:-0.002218618074738945:0;-4.5151420083209806e-18:-0.004689545115688267:0,0.0040342923328092906:0.0023291997643370877:0;-1.9484479586894325e-18:0.0043951588639643616:0;-0.0040342923328092872:0.0023291997643370846:0;0.0038063192298614882:-0.0021975794319821782:0;-0.0038063192298614921:-0.002197579431982179:0;-4.4838697147776212e-18:-0.0046583995286741727:0,2.6972869569984461e-05:1.5572793507047192e-05:0;-2.4947071796912875e-20:4.20772855135322e-05:0;-2.6972869569984448e-05:1.5572793507047175e-05:0;3.6439998177009813e-05:-2.1038642756766073e-05:0;-3.643999817700986e-05:-2.1038642756766076e-05:0;-3.1272293543359668e-20:-3.1145587014094371e-05:0,true,0.0045651340636562402,7.8042791025561643e-08,3.5627580373359699e-10,true,7,true,0.0045651340636562402,7.8042791025561643e-08,3.5627580373359699e-10,true,7,true,0.0045286922841056582,1.5258531991760524e-08,6.9101196097865229e-11,true,7,true,3.7017195643645336e-05,7.8105308328606202e-06,2.8912394792072571e-10,true,10,true
6,n6_compact_f0.1_d3.0,6,compact,n6_compact,2,0.10000000000000001,3,0.015527592924925459,0.006784012632833139,10,10,13,21,false,121,55,330,330,true,balanced_sqrt,0.00045888244174076509,1.0122398487560391,4.9162721475265805e-17,1.1055885480098991e-28,4.4373279857162366e-16,0,0,1.2974891522500604e-16,true,true,-3.0000000000000009:-1.7320508075688776:0;0:-1.7320508075688776:0;3.0000000000000009:-1.7320508075688776:0;-1.5000000000000004:0.8660254037844386:0;1.5:0.8660254037844386:0;0:3.4641016151377544:0,0.0040612652391457974:0.002344772579071298:0;-1.9687934638591596e-18:0.0044372362028471737:0;-0.0040612652391457957:0.0023447725790712967:0;0.0038427592742576542:-0.0022186181014235843:0;-0.0038427592742576555:-0.0022186181014235847:0;-3.5206479294076749e-18:-0.0046895451581425935:0,0:0:0;0:0:0;0:0:0;0:0:0;0:0:0;0:0:0,0.0040612652391457974:0.002344772579071298:0;-1.9687934638591596e-18:0.0044372362028471737:0;-0.0040612652391457957:0.0023447725790712967:0;0.0038427592742576542:-0.0022186181014235843:0;-0.0038427592742576555:-0.0022186181014235847:0;-3.5206479294076749e-18:-0.0046895451581425935:0,0.0040342923330451714:0.0023291997644732752:0;-1.9460490145182707e-18:0.0043951588704206606:0;-0.0040342923330451697:0.0023291997644732739:0;0.0038063192354528103:-0.0021975794352103273:0;-0.0038063192354528116:-0.0021975794352103277:0;-3.4972019119222324e-18:-0.0046583995289465477:0,2.6972906100625722e-05:1.5572814598022756e-05:0;-2.2744449340888738e-20:4.2077332426513166e-05:0;-2.6972906100625705e-05:1.5572814598022746e-05:0;3.644003880484368e-05:-2.1038666213256875e-05:0;-3.6440038804843701e-05:-2.1038666213256881e-05:0;-2.3446017485442826e-20:-3.1145629196045499e-05:0,true,0.004565134111398932,1.0563024532913953e-08,4.8221623614749253e-11,true,7,true,0.004565134111398932,1.0563024532913953e-08,4.8221623614749253e-11,true,7,true,0.0045286922873787093,1.0089787332498145e-09,4.5693542073975745e-12,true,7,true,3.7017240052095282e-05,1.205120306248168e-06,4.4610227668043021e-11,true,10,true
7,n6_compact_f0.4_d4.0,6,compact,n6_compact,3,0.40000000000000002,4,0.026202813060811729,0.011856915750418511,2,9,13,21,false,9,3,18,18,true,balanced_sqrt,8.7099070281044623e-17,1.0186633139575263,3.7015696129732892e-17,2.6992103759251011e-17,1.0972320851139928e-16,0,0,6.7245116995886199e-16,true,true,-4.0000000000000009:-2.3094010767585034:0;0:-2.3094010767585034:0;4.0000000000000009:-2.3094010767585034:0;-2.0000000000000004:1.1547005383792515:0;2:1.1547005383792515:0;0:4.6188021535170058:0,0.021041676880580253:0.012148417811204145:0;-3.6361361950629199e-18:0.023005073734322624:0;-0.021041676880580257:0.012148417811204145:0;0.01992297826985753:-0.011502536867161309:0;-0.01992297826985754:-0.011502536867161304:0;-1.4497670096337426e-18:-0.024296835622408291:0,0:0:0;0:0:0;0:0:0;0:0:0;0:0:0;0:0:0,0.021041676880580253:0.012148417811204145:0;-3.6361361950629199e-18:0.023005073734322624:0;-0.021041676880580257:0.012148417811204145:0;0.01992297826985753:-0.011502536867161309:0;-0.01992297826985754:-0.011502536867161304:0;-1.4497670096337426e-18:-0.024296835622408291:0,0.020863124668551294:0.012045330643524822:0;-3.5854947954769836e-18:0.022679637440992998:0;-0.020863124668551298:0.012045330643524822:0;0.019641142172520627:-0.011339818720496494:0;-0.019641142172520637:-0.011339818720496489:0;-1.4372112907281386e-18:-0.024090661287049644:0,0.00017855221202895931:0.0001030871676793229:0;-5.0641399585936161e-20:0.00032543629332962661:0;-0.00017855221202895934:0.0001030871676793229:0;0.00028183609733690366:-0.00016271814666481491:0;-0.00028183609733690383:-0.0001627181466648148:0;-1.2555718905604007e-20:-0.0002061743353586458:0,true,0.023659772175403007,0,0,false,7,true,0.023659772175403007,0,0,false,7,true,0.023395789318830892,0,0,false,6,true,0.00027241203862596406,0,0,false,9,true
7,n6_compact_f0.4_d4.0,6,compact,n6_compact,3,0.40000000000000002,4,0.026202813060811729,0.011856915750418511,3,9,13,21,false,16,6,36,36,true,balanced_sqrt,7.3947302480359623e-16,1.019010025553629,2.2623518490421029e-17,1.5829701567255828e-17,9.4555704458781193e-17,0,0,6.741024794168822e-16,true,true,-4.0000000000000009:-2.3094010767585034:0;0:-2.3094010767585034:0;4.0000000000000009:-2.3094010767585034:0;-2.0000000000000004:1.1547005383792515:0;2:1.1547005383792515:0;0:4.6188021535170058:0,0.021099667179990469:0.012181898526179021:0;-2.3234752818397987e-18:0.023053857408699995:0;-0.021099667179990473:0.012181898526179017:0;0.019965226171158285:-0.01152692870434999:0;-0.019965226171158288:-0.011526928704349985:0;-2.8182971010937847e-18:-0.024363797052358041:0,0:0:0;0:0:0;0:0:0;0:0:0;0:0:0;0:0:0,0.021099667179990469:0.012181898526179021:0;-2.3234752818397987e-18:0.023053857408699995:0;-0.021099667179990473:0.012181898526179017:0;0.019965226171158285:-0.01152692870434999:0;-0.019965226171158288:-0.011526928704349985:0;-2.8182971010937847e-18:-0.024363797052358041:0,0.020889742621736186:0.012060698525961396:0;-2.2744837748585517e-18:0.022706640588905824:0;-0.02088974262173619:0.012060698525961392:0;0.01966452758459529:-0.011353320294452905:0;-0.019664527584595293:-0.0113533202944529:0;-2.7938826665291741e-18:-0.024121397051922792:0,0.00020992455825428476:0.00012120000021762468:0;-4.8991506981247012e-20:0.00034721681979417077:0;-0.00020992455825428476:0.00012120000021762468:0;0.00030069858656299535:-0.00017360840989708525:0;-0.00030069858656299556:-0.00017360840989708517:0;-2.4414434564610631e-20:-0.00024240000043524934:0,true,0.023717872461807798,0.0024699478634757055,5.8581908413231438e-05,true,7,true,0.023717872461807798,0.0024699478634757055,5.8581908413231438e-05,true,7,true,0.023424701946559046,0.001235009038400168,2.8929718625830433e-05,true,6,true,0.00029943052629866123,0.0998190768928576,2.9888878728674883e-05,true,9,true
7,n6_compact_f0.4_d4.0,6,compact,n6_compact,3,0.40000000000000002,4,0.026202813060811729,0.011856915750418511,4,9,13,21,false,25,10,60,60,true,balanced_sqrt,8.0177837055567362e-15,1.0190498794339016,2.7151764246879554e-17,4.2255030324088323e-18,1.054976422900466e-16,0,0,6.7432047055913149e-16,true,true,-4.0000000000000009:-2.3094010767585034:0;0:-2.3094010767585034:0;4.0000000000000009:-2.3094010767585034:0;-2.0000000000000004:1.1547005383792515:0;2:1.1547005383792515:0;0:4.6188021535170058:0,0.021105664419167863:0.012185361033832484:0;-2.7237136250279403e-18:0.023062320457081221:0;-0.02110566441916786:0.012185361033832482:0;0.019972555386049869:-0.011531160228540609:0;-0.019972555386049886:-0.011531160228540603:0;-2.0293484212198024e-18:-0.024370722067664975:0,0:0:0;0:0:0;0:0:0;0:0:0;0:0:0;0:0:0,0.021105664419167863:0.012185361033832484:0;-2.7237136250279403e-18:0.023062320457081221:0;-0.02110566441916786:0.012185361033832482:0;0.019972555386049869:-0.011531160228540609:0;-0.019972555386049886:-0.011531160228540603:0;-2.0293484212198024e-18:-0.024370722067664975:0,0.020892460586485827:0.012062267743641249:0;-2.6703277764628482e-18:0.022710163374843672:0;-0.020892460586485823:0.012062267743641247:0;0.019667578406709546:-0.011355081687421834:0;-0.019667578406709563:-0.011355081687421829:0;-2.0139607587797427e-18:-0.024124535487282505:0,0.00021320383268203766:0.00012309329019123447:0;-5.3385848565092263e-20:0.00035215708223754866:0;-0.0002132038326820376:0.00012309329019123444:0;0.00030497697934032264:-0.00017607854111877422:0;-0.00030497697934032296:-0.00017607854111877422:0;-1.5387662440059511e-20:-0.00024618658038246904:0,true,0.023725542343268766,0.00032590900265404331,7.732367842520998e-06,true,7,true,0.023725542343268766,0.00032590900265404331,7.732367842520998e-06,true,7,true,0.023428025236767638,0.00014239997771899491,3.336150271715762e-06,true,6,true,0.00030382761800935528,0.014486454780627839,4.4013850493983937e-06,true,9,true
7,n6_compact_f0.4_d4.0,6,compact,n6_compact,3,0.40000000000000002,4,0.026202813060811729,0.011856915750418511,5,9,13,21,false,36,15,90,90,true,balanced_sqrt,1.9208169716136935e-13,1.0190538843981443,3.3749095050038202e-17,3.9275563160149551e-20,1.3249423587445725e-16,0,0,6.7433209755165774e-16,true,true,-4.0000000000000009:-2.3094010767585034:0;0:-2.3094010767585034:0;4.0000000000000009:-2.3094010767585034:0;-2.0000000000000004:1.1547005383792515:0;2:1.1547005383792515:0;0:4.6188021535170058:0,0.021106083212152092:0.012185602824074656:0;1.3107210907816664e-18:0.023062651147133923:0;-0.021106083212152092:0.012185602824074659:0;0.019972841772036298:-0.011531325573566962:0;-0.019972841772036305:-0.011531325573566958:0;-3.528424031693351e-19:-0.024371205648149315:0,0:0:0;0:0:0;0:0:0;0:0:0;0:0:0;0:0:0,0.021106083212152092:0.012185602824074656:0;1.3107210907816664e-18:0.023062651147133923:0;-0.021106083212152092:0.012185602824074659:0;0.019972841772036298:-0.011531325573566962:0;-0.019972841772036305:-0.011531325573566958:0;-3.528424031693351e-19:-0.024371205648149315:0,0.020892537562700451:0.012062312185879477:0;1.2931410366915039e-18:0.022710192476069448:0;-0.020892537562700451:0.012062312185879481:0;0.019667603609110362:-0.011355096238034724:0;-0.019667603609110369:-0.011355096238034721:0;-3.5816634188915379e-19:-0.024124624371758958:0,0.00021354564945164108:0.00012329063819517847:0;1.7580054090162466e-20:0.0003524586710644734:0;-0.00021354564945164108:0.0001232906381951785:0;0.00030523816292593717:-0.00017622933553223673:0;-0.00030523816292593733:-0.0001762293355322367:0;5.3239387198186659e-21:-0.00024658127639035706:0,true,0.023725951431700084,1.7459781253578818e-05,4.1424992203051863e-07,true,7,true,0.023725951431700084,1.7459781253578818e-05,4.1424992203051863e-07,true,7,true,0.023428085105046331,2.8228383037737689e-06,6.6133696018596487e-08,true,6,true,0.00030416232563783459,0.0011547820652993332,3.5124119858630696e-07,true,9,true
7,n6_compact_f0.4_d4.0,6,compact,n6_compact,3,0.40000000000000002,4,0.026202813060811729,0.011856915750418511,6,9,13,21,false,49,21,126,126,true,balanced_sqrt,1.1327877385316822e-11,1.019054256454569,4.667442761286742e-17,4.521124024753296e-21,2.2326164874397e-16,0,0,6.7433323001785376e-16,true,true,-4.0000000000000009:-2.3094010767585034:0;0:-2.3094010767585034:0;4.0000000000000009:-2.3094010767585034:0;-2.0000000000000004:1.1547005383792515:0;2:1.1547005383792515:0;0:4.6188021535170058:0,0.02110612362105015:0.012185626154162828:0;1.3814449863393464e-18:0.023062683821677366:0;-0.021106123621050157:0.012185626154162838:0;0.01997287006902098:-0.011531341910838686:0;-0.019972870069020987:-0.011531341910838679:0;4.7237537186374035e-18:-0.02437125230832567:0,0:0:0;0:0:0;0:0:0;0:0:0;0:0:0;0:0:0,0.02110612362105015:0.012185626154162828:0;1.3814449863393464e-18:0.023062683821677366:0;-0.021106123621050157:0.012185626154162838:0;0.01997287006902098:-0.011531341910838686:0;-0.019972870069020987:-0.011531341910838679:0;4.7237537186374035e-18:-0.02437125230832567:0,0.020892537145297915:0.012062311944892013:0;1.3583674150277965e-18:0.022710196834501813:0;-0.020892537145297922:0.012062311944892023:0;0.019667607383623512:-0.01135509841725091:0;-0.019667607383623519:-0.011355098417250903:0;4.6646369405257444e-18:-0.024124623889784039:0,0.00021358647575223341:0.00012331420927081546:0;2.3077571311549814e-20:0.00035248698717555349:0;-0.00021358647575223346:0.00012331420927081554:0;0.00030526268539746892:-0.00017624349358777674:0;-0.00030526268539746886:-0.00017624349358777669:0;5.9116778111658955e-20:-0.00024662841854163108:0,true,0.023725991276812103,1.6976746287949838e-06,4.0279013433655008e-08,true,7,true,0.023725991276812103,1.6976746287949838e-06,4.0279013433655008e-08,true,7,true,0.023428086969333992,1.3234814459266589e-07,3.1006638417469666e-09,true,6,true,0.00030419784101834506,0.00012783006848874297,3.8885630851502796e-08,true,9,true
7,n6_compact_f0.4_d4.0,6,compact,n6_compact,3,0.40000000000000002,4,0.026202813060811729,0.011856915750418511,7,9,13,21,false,64,28,168,168,true,balanced_sqrt,4.7797216992597375e-10,1.0190542994130798,6.5598440373488925e-17,6.7687698571528173e-23,3.5125059537834916e-16,0,0,6.7433342749388379e-16,true,true,-4.0000000000000009:-2.3094010767585034:0;0:-2.3094010767585034:0;4.0000000000000009:-2.3094010767585034:0;-2.0000000000000004:1.1547005383792515:0;2:1.1547005383792515:0;0:4.6188021535170058:0,0.021106129342900695:0.012185629457674775:0;5.6701255160396432e-18:0.023062691135581379:0;-0.021106129342900702:0.012185629457674785:0;0.019972876403047651:-0.011531345567790683:0;-0.019972876403047644:-0.011531345567790688:0;5.0462110687702446e-18:-0.024371258915349567:0,0:0:0;0:0:0;0:0:0;0:0:0;0:0:0;0:0:0,0.021106129342900695:0.012185629457674775:0;5.6701255160396432e-18:0.023062691135581379:0;-0.021106129342900702:0.012185629457674785:0;0.019972876403047651:-0.011531345567790683:0;-0.019972876403047644:-0.011531345567790688:0;5.0462110687702446e-18:-0.024371258915349567:0,0.020892538070310367:0.012062312478948194:0;5.5704491324395139e-18:0.02271019743118485:0;-0.020892538070310374:0.012062312478948204:0;0.019667607900366174:-0.011355098715592418:0;-0.019667607900366167:-0.011355098715592423:0;4.984005201348928e-18:-0.024124624957896405:0,0.00021359127259032668:0.00012331697872657989:0;9.9676383600129114e-20:0.0003524937043965295:0;-0.00021359127259032681:0.00012331697872658:0;0.00030526850268147693:-0.00017624685219826469:0;-0.00030526850268147688:-0.00017624685219826472:0;6.2205867421316701e-20:-0.0002466339574531599:0,true,0.023725998224882222,2.9374661669502584e-07,6.9694317062713415e-09,true,7,true,0.023725998224882222,2.9374661669502584e-07,6.9694317062713415e-09,true,7,true,0.023428087808467772,3.6926979080788309e-08,8.6512850840616096e-10,true,6,true,0.00030420397812010522,2.0237479909532035e-05,6.1563218956053522e-09,true,9,true
7,n6_compact_f0.4_d4.0,6,compact,n6_compact,3,0.40000000000000002,4,0.026202813060811729,0.011856915750418511,8,9,13,21,false,81,36,216,216,true,balanced_sqrt,1.7214744885978983e-08,1.0190543022688785,4.6191176551795437e-17,1.6256491209695587e-24,2.2793128006761761e-16,0,0,6.7433344472228302e-16,true,true,-4.0000000000000009:-2.3094010767585034:0;0:-2.3094010767585034:0;4.0000000000000009:-2.3094010767585034:0;-2.0000000000000004:1.1547005383792515:0;2:1.1547005383792515:0;0:4.6188021535170058:0,0.021106129827357822:0.012185629737376238:0;1.4798221907203385e-18:0.023062691791647168:0;-0.021106129827357822:0.012185629737376245:0;0.019972876971217295:-0.011531345895823582:0;-0.019972876971217291:-0.011531345895823582:0;4.6973263374144584e-18:-0.024371259474752483:0,0:0:0;0:0:0;0:0:0;0:0:0;0:0:0;0:0:0,0.021106129827357822:0.012185629737376238:0;1.4798221907203385e-18:0.023062691791647168:0;-0.021106129827357822:0.012185629737376245:0;0.019972876971217295:-0.011531345895823582:0;-0.019972876971217291:-0.011531345895823582:0;4.6973263374144584e-18:-0.024371259474752483:0,0.020892538071743089:0.012062312479775388:0;1.4471663703478461e-18:0.022710197482128814:0;-0.020892538071743089:0.012062312479775393:0;0.019667607944484945:-0.011355098741064405:0;-0.019667607944484942:-0.011355098741064405:0;4.6337804263500641e-18:-0.02412462495955078:0,0.00021359175561473266:0.00012331725760085074:0;3.2655820372492399e-20:0.00035249430951835302:0;-0.00021359175561473271:0.00012331725760085087:0;0.00030526902673234853:-0.0001762471547591764:0;-0.00030526902673234848:-0.0001762471547591764:0;6.3545911064394215e-20:-0.00024663451520170158:0,true,0.023725998831052631,2.5695573866835271e-08,6.0965315552776021e-10,true,7,true,0.023725998831052631,2.5695573866835271e-08,6.0965315552776021e-10,true,7,true,0.023428087834011013,1.5384019066534872e-09,3.6041814993087911e-11,true,6,true,0.00030420455480777956,1.9129150083500319e-06,5.8191745850024136e-10,true,9,true
7,n6_compact_f0.4_d4.0,6,compact,n6_compact,3,0.40000000000000002,4,0.026202813060811729,0.011856915750418511,9,9,13,21,false,100,45,270,270,true,balanced_sqrt,7.461428239311473e-07,1.0190543025807592,4.0334619804003077e-17,1.1102178807815418e-26,3.030213343175194e-16,0,0,6.7433344624683541e-16,true,true,-4.0000000000000009:-2.3094010767585034:0;0:-2.3094010767585034:0;4.0000000000000009:-2.3094010767585034:0;-2.0000000000000004:1.1547005383792515:0;2:1.1547005383792515:0;0:4.6188021535170058:0,0.021106129876464933:0.012185629765728243:0;2.4013791470102779e-18:0.023062691842092142:0;-0.02110612987646494:0.012185629765728252:0;0.019972877014903918:-0.011531345921046078:0;-0.019972877014903918:-0.011531345921046068:0;4.3650734384857997e-18:-0.0243712595314565:0,0:0:0;0:0:0;0:0:0;0:0:0;0:0:0;0:0:0,0.021106129876464933:0.012185629765728243:0;2.4013791470102779e-18:0.023062691842092142:0;-0.02110612987646494:0.012185629765728252:0;0.019972877014903918:-0.011531345921046078:0;-0.019972877014903918:-0.011531345921046068:0;4.3650734384857997e-18:-0.0243712595314565:0,0.02089253807860663:0.012062312483738055:0;2.359885061617955e-18:0.022710197486389732:0;-0.020892538078606637:0.012062312483738064:0;0.019667607948175:-0.011355098743194873:0;-0.019667607948175:-0.011355098743194863:0;4.3076943950516186e-18:-0.024124624967476124:0,0.00021359179785830244:0.00012331728199018726:0;4.149408539232303e-20:0.00035249435570241182:0;-0.00021359179785830247:0.00012331728199018734:0;0.00030526906672891644:-0.00017624717785120594:0;-0.00030526906672891644:-0.00017624717785120583:0;5.7379043434181398e-20:-0.00024663456398037458:0,true,0.02372599888469305,2.2618992810118825e-09,5.3665819818575935e-11,true,7,true,0.02372599888469305,2.2618992810118825e-09,5.3665819818575935e-11,true,7,true,0.023428087840156674,2.7158177749138648e-10,6.3626417388540864e-12,true,6,true,0.00030420460133917082,1.5614190274960569e-07,4.7499085278283377e-11,true,9,true
8,n6_compact_f1.0_d4.0,6,compact,n6_compact,4,1,4,0.065507032652029312,0.0296422893760463,2,9,13,21,false,9,3,18,18,true,balanced_sqrt,2.7501749454077309e-16,1.0477944814778473,2.4956352753023e-17,1.9839872070154901e-17,1.0000095238465251e-16,0,0,4.3584386787754001e-15,true,true,-4.0000000000000009:-2.3094010767585034:0;0:-2.3094010767585034:0;4.0000000000000009:-2.3094010767585034:0;-2.0000000000000004:1.1547005383792515:0;2:1.1547005383792515:0;0:4.6188021535170058:0,0.13565688608053764:0.078321539696024858:0;-2.5968574888497251e-17:0.14998244310249575:0;-0.13565688608053766:0.078321539696024858:0;0.12988860584841538:-0.07499122155124785:0;-0.12988860584841549:-0.074991221551247808:0;-7.3124506906237731e-18:-0.15664307939204977:0,0:0:0;0:0:0;0:0:0;0:0:0;0:0:0;0:0:0,0.13565688608053764:0.078321539696024858:0;-2.5968574888497251e-17:0.14998244310249575:0;-0.13565688608053766:0.078321539696024858:0;0.12988860584841538:-0.07499122155124785:0;-0.12988860584841549:-0.074991221551247808:0;-7.3124506906237731e-18:-0.15664307939204977:0,0.13276186083838162:0.076650096093155318:0;-2.5051170360461119e-17:0.14470112186203643:0;-0.13276186083838162:0.076650096093155318:0;0.12531484748863125:-0.072350560931018187:0;-0.12531484748863136:-0.072350560931018146:0;-7.165130255464686e-18:-0.15330019218631069:0,0.0028950252421560099:0.0016714436028695352:0;-9.174045280361327e-19:0.0052813212404593376:0;-0.0028950252421560295:0.0016714436028695456:0;0.0045737583597841268:-0.0026406606202296684:0;-0.0045737583597841303:-0.0026406606202296666:0;-1.4732043515908703e-19:-0.0033428872057390925:0,true,0.153348928200391,0,0,false,7,true,0.153348928200391,0,0,false,7,true,0.14906267740868551,0,0,false,6,true,0.0044196860134641351,0,0,false,9,true
8,n6_compact_f1.0_d4.0,6,compact,n6_compact,4,1,4,0.065507032652029312,0.0296422893760463,3,9,13,21,false,16,6,36,36,true,balanced_sqrt,8.5780205676866646e-16,1.0487832478494727,2.7321859335184095e-17,2.156897703376969e-17,9.7641882589537279e-17,0,0,4.3805293888702971e-15,true,true,-4.0000000000000009:-2.3094010767585034:0;0:-2.3094010767585034:0;4.0000000000000009:-2.3094010767585034:0;-2.0000000000000004:1.1547005383792515:0;2:1.1547005383792515:0;0:4.6188021535170058:0,0.13645632055546328:0.078783093405322635:0;-2.6259516435195613e-17:0.15060761271785608:0;-0.13645632055546331:0.078783093405322649:0;0.13043001861699163:-0.075303806358928027:0;-0.13043001861699172:-0.075303806358927958:0;-9.1382002188032043e-18:-0.15756618681064533:0,0:0:0;0:0:0;0:0:0;0:0:0;0:0:0;0:0:0,0.13645632055546328:0.078783093405322635:0;-2.6259516435195613e-17:0.15060761271785608:0;-0.13645632055546331:0.078783093405322649:0;0.13043001861699163:-0.075303806358928027:0;-0.13043001861699172:-0.075303806358927958:0;-9.1382002188032043e-18:-0.15756618681064533:0,0.13301396905669913:0.076795650840865842:0;-2.5100354433481967e-17:0.14494148682275415:0;-0.13301396905669916:0.076795650840865842:0;0.12552300965079252:-0.072470743411377062:0;-0.12552300965079261:-0.072470743411377006:0;-8.9945264524563651e-18:-0.15359130168173171:0,0.0034423514987641391:0.0019874425644567893:0;-1.1591620017136443e-18:0.0056661258951019198:0;-0.0034423514987641591:0.0019874425644568002:0;0.0049070089661991025:-0.0028330629475509595:0;-0.0049070089661991043:-0.0028330629475509573:0;-1.4367376634683884e-19:-0.0039748851289136021:0,true,0.15412617596407638,0.0051149092881353454,0.00078834140898343687,true,7,true,0.15412617596407638,0.0051149092881353454,0.00078834140898343687,true,7,true,0.14932903695309785,0.0017876344891021832,0.0002669457366817721,true,6,true,0.0048941135278619636,0.10690584163704997,0.00052320932576335505,true,9,true
8,n6_compact_f1.0_d4.0,6,compact,n6_compact,4,1,4,0.065507032652029312,0.0296422893760463,4,9,13,21,false,25,10,60,60,true,balanced_sqrt,2.3841432241327625e-14,1.0488984365207921,2.5853338893466469e-17,1.1959709097275963e-18,1.358441218109087e-16,0,0,4.3835060790417139e-15,true,true,-4.0000000000000009:-2.3094010767585034:0;0:-2.3094010767585034:0;4.0000000000000009:-2.3094010767585034:0;-2.0000000000000004:1.1547005383792515:0;2:1.1547005383792515:0;0:4.6188021535170058:0,0.136534892750932:0.078828457083527287:0;-3.8428465973280181e-17:0.15072705118661642:0;-0.13653489275093189:0.078828457083527259:0;0.1305334553651272:-0.075363525593308195:0;-0.13053345536512731:-0.075363525593308153:0;-2.511159426999184e-17:-0.15765691416705457:0,0:0:0;0:0:0;0:0:0;0:0:0;0:0:0;0:0:0,0.136534892750932:0.078828457083527287:0;-3.8428465973280181e-17:0.15072705118661642:0;-0.13653489275093189:0.078828457083527259:0;0.1305334553651272:-0.075363525593308195:0;-0.13053345536512731:-0.075363525593308153:0;-2.511159426999184e-17:-0.15765691416705457:0,0.13303364658906303:0.076807011669473083:0;-3.6669597910710833e-17:0.14497163771865057:0;-0.13303364658906291:0.076807011669473055:0;0.1255491210925857:-0.072485818859325271:0;-0.12554912109258579:-0.072485818859325243:0;-2.4504814304483689e-17:-0.15361402333894617:0,0.0035012461618689778:0.0020214454140541991:0;-1.7588680625693491e-18:0.0057554134679658362:0;-0.0035012461618689743:0.0020214454140541978:0;0.0049843342725415084:-0.0028777067339829177:0;-0.0049843342725415119:-0.002877706733982916:0;-6.0677996550815042e-19:-0.0040428908281083982:0,true,0.15423090893866068,0.00068766338090452475,0.00010605894828073729,true,7,true,0.15423090893866068,0.00068766338090452475,0.00010605894828073729,true,7,true,0.1493553546231369,0.00017874133605550859,2.6695975632383772e-05,true,6,true,0.0049734168554046183,0.015957486816369604,7.9363233902429562e-05,true,9,true
8,n6_compact_f1.0_d4.0,6,compact,n6_compact,4,1,4,0.065507032652029312,0.0296422893760463,5,9,13,21,false,36,15,90,90,true,balanced_sqrt,5.4128740234092307e-13,1.0489103358547542,2.4883587376254026e-17,4.2370564512772062e-20,1.3279055005075788e-16,0,0,4.3837198151614587e-15,true,true,-4.0000000000000009:-2.3094010767585034:0;0:-2.3094010767585034:0;4.0000000000000009:-2.3094010767585034:0;-2.0000000000000004:1.1547005383792515:0;2:1.1547005383792515:0;0:4.6188021535170058:0,0.13654256377265375:0.07883288594998332:0;-2.8944497403181327e-18:0.15073317617472842:0;-0.13654256377265378:0.078832885949983347:0;0.13053875976043006:-0.075366588087364156:0;-0.13053875976043011:-0.075366588087364156:0;-3.5357337984974702e-18:-0.15766577189996669:0,0:0:0;0:0:0;0:0:0;0:0:0;0:0:0;0:0:0,0.13654256377265375:0.07883288594998332:0;-2.8944497403181327e-18:0.15073317617472842:0;-0.13654256377265378:0.078832885949983347:0;0.13053875976043006:-0.075366588087364156:0;-0.13053875976043011:-0.075366588087364156:0;-3.5357337984974702e-18:-0.15766577189996669:0,0.13303503129419716:0.076807811129355058:0;-2.7418875997794244e-18:0.14497217232969073:0;-0.13303503129419719:0.076807811129355086:0;0.12554958407932759:-0.072486086164845309:0;-0.12554958407932765:-0.072486086164845309:0;-3.5903027325532701e-18:-0.15361562225871017:0,0.0035075324784565745:0.0020250748206282593:0;-1.5256214053870826e-19:0.0057610038450376941:0;-0.003507532478456575:0.0020250748206282602:0;0.0049891756811024741:-0.0028805019225188453:0;-0.0049891756811024741:-0.0028805019225188449:0;5.4568934055800191e-20:-0.0040501496412565195:0,true,0.1542384291098266,4.9371285366086608e-05,7.614949497998169e-06,true,7,true,0.1542384291098266,4.9371285366086608e-05,7.614949497998169e-06,true,7,true,0.14935643633924897,7.9817862762026028e-06,1.1921311538351451e-06,true,6,true,0.0049796022641928643,0.0013010134082035629,6.4785293132357376e-06,true,9,true
8,n6_compact_f1.0_d4.0,6,compact,n6_compact,4,1,4,0.065507032652029312,0.0296422893760463,6,9,13,21,false,49,21,126,126,true,balanced_sqrt,1.9741435754518604e-11,1.048911447877648,2.5505301142637475e-17,1.5161665107496593e-21,1.7113935968713315e-16,0,0,4.3837409084539876e-15,true,true,-4.0000000000000009:-2.3094010767585034:0;0:-2.3094010767585034:0;4.0000000000000009:-2.3094010767585034:0;-2.0000000000000004:1.1547005383792515:0;2:1.1547005383792515:0;0:4.6188021535170058:0,0.13654331085525523:0.078833317278324433:0;-3.7696762732122209e-17:0.15073379266786949:0;-0.13654331085525528:0.078833317278324405:0;0.13053929365915151:-0.075366896333934716:0;-0.13053929365915157:-0.075366896333934716:0;-2.1902601892264029e-17:-0.15766663455664887:0,0:0:0;0:0:0;0:0:0;0:0:0;0:0:0;0:0:0,0.13654331085525523:0.078833317278324433:0;-3.7696762732122209e-17:0.15073379266786949:0;-0.13654331085525528:0.078833317278324405:0;0.13053929365915151:-0.075366896333934716:0;-0.13053929365915157:-0.075366896333934716:0;-2.1902601892264029e-17:-0.15766663455664887:0,0.13303502399776174:0.076807806916756136:0;-3.6022423424548783e-17:0.14497225254784396:0;-0.13303502399776179:0.076807806916756108:0;0.12554965355028616:-0.072486126273921953:0;-0.12554965355028622:-0.072486126273921953:0;-2.1475108215920443e-17:-0.15361561383351227:0,0.0035082868574934931:0.0020255103615682969:0;-1.6743393075734279e-18:0.0057615401200255233:0;-0.0035082868574934948:0.002025510361568296:0;0.0049896401088653482:-0.0028807700600127603:0;-0.0049896401088653508:-0.0028807700600127599:0;-4.2749367634358688e-19:-0.0040510207231365938:0,true,0.15423917126407952,4.8609359900380706e-06,7.497467386712099e-07,true,7,true,0.15423917126407952,4.8609359900380706e-06,7.497467386712099e-07,true,7,true,0.14935647093822652,3.8187027553119041e-07,5.7034796709546796e-08,true,6,true,0.0049802667325127194,0.00014523656656298989,7.2331684079802777e-07,true,9,true
8,n6_compact_f1.0_d4.0,6,compact,n6_compact,4,1,4,0.065507032652029312,0.0296422893760463,7,9,13,21,false,64,28,168,168,true,balanced_sqrt,9.1774134305517696e-10,1.048911579895218,3.8017662176379004e-17,1.7949072788247257e-23,2.4049125037162814e-16,0,0,4.3837446157789572e-15,true,true,-4.0000000000000009:-2.3094010767585034:0;0:-2.3094010767585034:0;4.0000000000000009:-2.3094010767585034:0;-2.0000000000000004:1.1547005383792515:0;2:1.1547005383792515:0;0:4.6188021535170058:0,0.13654341786423344:0.07883337905998683:0;-3.4942951928796979e-17:0.15073393036805255:0;-0.13654341786423344:0.07883337905998683:0;0.13053941291100812:-0.075366965184026261:0;-0.13053941291100826:-0.075366965184026261:0;-1.8958437533807203e-17:-0.15766675811997366:0,0:0:0;0:0:0;0:0:0;0:0:0;0:0:0;0:0:0,0.13654341786423344:0.07883337905998683:0;-3.4942951928796979e-17:0.15073393036805255:0;-0.13654341786423344:0.07883337905998683:0;0.13053941291100812:-0.075366965184026261:0;-0.13053941291100826:-0.075366965184026261:0;-1.8958437533807203e-17:-0.15766675811997366:0,0.1330350410170944:0.076807816742872459:0;-3.3311121944258272e-17:0.14497226367756366:0;-0.1330350410170944:0.076807816742872459:0;0.12554966318890615:-0.072486131838781817:0;-0.12554966318890629:-0.072486131838781817:0;-1.8446006668143005e-17:-0.15361563348574492:0,0.00350837684713904:0.0020255623171143767:0;-1.6318299845387094e-18:0.0057616666904888826:0;-0.0035083768471390413:0.0020255623171143767:0;0.0049897497221019823:-0.00288083334524444:0;-0.0049897497221019875:-0.0028808333452444396:0;-5.1243086566419761e-19:-0.0040511246342287534:0,true,0.1542393017039807,8.481810249496373e-07,1.308228490067987e-07,true,7,true,0.1542393017039807,8.481810249496373e-07,1.308228490067987e-07,true,7,true,0.1493564864460592,1.0692529269837927e-07,1.5969986029646397e-08,true,6,true,0.0049803822069367397,2.3250498112773626e-05,1.1579636710327401e-07,true,9,true
8,n6_compact_f1.0_d4.0,6,compact,n6_compact,4,1,4,0.065507032652029312,0.0296422893760463,8,9,13,21,false,81,36,216,216,true,balanced_sqrt,2.9706889423633854e-08,1.0489115886663194,1.9477774556466199e-17,7.7139179704226699e-26,1.4954231512071373e-16,0,0,4.3837449428118738e-15,true,true,-4.0000000000000009:-2.3094010767585034:0;0:-2.3094010767585034:0;4.0000000000000009:-2.3094010767585034:0;-2.0000000000000004:1.1547005383792515:0;2:1.1547005383792515:0;0:4.6188021535170058:0,0.13654342698777741:0.078833384327467296:0;3.6445330802383023e-18:0.15073394289661721:0;-0.13654342698777736:0.078833384327467351:0;0.13053942376106351:-0.075366971448308576:0;-0.13053942376106362:-0.075366971448308603:0;-1.1699683717905951e-17:-0.15766676865493465:0,0:0:0;0:0:0;0:0:0;0:0:0;0:0:0;0:0:0,0.13654342698777741:0.078833384327467296:0;3.6445330802383023e-18:0.15073394289661721:0;-0.13654342698777736:0.078833384327467351:0;0.13053942376106351:-0.075366971448308576:0;-0.13053942376106362:-0.075366971448308603:0;-1.1699683717905951e-17:-0.15766676865493465:0,0.13303504105132394:0.076807816762634776:0;3.6461029641023455e-18:0.14497226463302859:0;-0.13303504105132388:0.076807816762634831:0;0.12554966401636317:-0.072486132316514282:0;-0.12554966401636328:-0.072486132316514296:0;-1.1407243273327463e-17:-0.15361563352526961:0,0.003508385936453477:0.0020255675648325143:0;-1.5698838640434162e-21:0.0057616782635886024:0;-0.0035083859364534757:0.0020255675648325156:0;0.0049897597447003438:-0.0028808391317942995:0;-0.004989759744700349:-0.0028808391317943012:0;-2.9244044457848914e-19:-0.0040511351296650287:0,true,0.15423931321042852,7.5044189961832108e-08,1.1574764320145918e-08,true,7,true,0.15423931321042852,7.5044189961832108e-08,1.1574764320145918e-08,true,7,true,0.14935648693009423,4.5273801596961294e-09,6.7619359564922284e-10,true,6,true,0.0049803931698167896,2.218181588874215e-06,1.1047416434642494e-08,true,9,true
8,n6_compact_f1.0_d4.0,6,compact,n6_compact,4,1,4,0.065507032652029312,0.0296422893760463,9,9,13,21,false,100,45,270,270,true,balanced_sqrt,1.9013866178112807e-06,1.0489115896451784,3.1784361241825126e-17,1.1368814197206427e-26,2.3043358719831447e-16,0,0,4.3837449718770484e-15,true,true,-4.0000000000000009:-2.3094010767585034:0;0:-2.3094010767585034:0;4.0000000000000009:-2.3094010767585034:0;-2.0000000000000004:1.1547005383792515:0;2:1.1547005383792515:0;0:4.6188021535170058:0,0.13654342792006827:0.078833384865725761:0;-4.2152728931657885e-17:0.15073394386343075:0;-0.13654342792006829:0.078833384865725747:0;0.13053942459834864:-0.075366971931715293:0;-0.13053942459834875:-0.075366971931715335:0;-3.4745179982225061e-18:-0.15766676973145152:0,0:0:0;0:0:0;0:0:0;0:0:0;0:0:0;0:0:0,0.13654342792006827:0.078833384865725761:0;-4.2152728931657885e-17:0.15073394386343075:0;-0.13654342792006829:0.078833384865725747:0;0.13053942459834864:-0.075366971931715293:0;-0.13053942459834875:-0.075366971931715335:0;-3.4745179982225061e-18:-0.15766676973145152:0,0.13303504117888371:0.076807816836281545:0;-4.0334217270488265e-17:0.14497226471350785:0;-0.13303504117888373:0.076807816836281531:0;0.12554966408606028:-0.072486132356753843:0;-0.12554966408606036:-0.072486132356753885:0;-3.5641991913720631e-18:-0.15361563367256309:0,0.0035083867411845496:0.002025568029444215:0;-1.8185116611696191e-18:0.0057616791499229096:0;-0.0035083867411845513:0.002025568029444215:0;0.0049897605122883716:-0.0028808395749614513:0;-0.0049897605122883769:-0.0028808395749614522:0;8.9681193149557329e-20:-0.0040511360588884309:0,true,0.15423931423306844,6.6334357744524562e-09,1.0231365848606501e-09,true,7,true,0.15423931423306844,6.6334357744524562e-09,1.0231365848606501e-09,true,7,true,0.14935648704489954,7.9464249655729717e-10,1.1868501174238659e-10,true,6,true,0.0049803940604274712,1.8232133886524957e-07,9.0803211317367323e-10,true,9,true
9,n6_irregular_f1.0_d10.0,6,irregular,n6_irregular,1,1,10,0.0034146865344347188,0.0018938801579050119,2,6,13,21,false,9,3,18,18,true,balanced_sqrt,1.0229537930455524e-16,1.0028071082688554,2.361756298603993e-17,2.3903356718865103e-17,1.2352146469907852e-16,0,0,8.6668313714695387e-17,true,true,-9.4719768178966621:-7.0204063473822345:0;0.55717510693509831:-6.2562804864426713:0;11.350452892706425:-7.5935007430869064:0;-6.4154733741384113:3.8683871710065345:0;4.7598673421026936:2.8177141122146363:0;-0.78004514970913541:14.184086293690633:0,0.0031526671276900322:0.0019067230231510955:0;-0.00022929079578145931:0.0027882521060676097:0;-0.0026576348665809956:0.0013292481605890498:0;0.0024863035179158513:-0.0014287645126771914:0;-0.0025885287606818475:-0.0021380510262814603:0;-0.00016352655723423452:-0.0024573651752023053:0,0:0:0;0:0:0;0:0:0;0:0:0;0:0:0;0:0:0,0.0031526671276900322:0.0019067230231510955:0;-0.00022929079578145931:0.0027882521060676097:0;-0.0026576348665809956:0.0013292481605890498:0;0.0024863035179158513:-0.0014287645126771914:0;-0.0025885287606818475:-0.0021380510262814603:0;-0.00016352655723423452:-0.0024573651752023053:0,0.0031479973820126139:0.0019038845840733786:0;-0.00022873297325299948:0.0027814766822852363:0;-0.0026545429970957226:0.0013276843043190827:0;0.0024814197375624286:-0.0014259558600938171:0;-0.0025829788135003644:-0.0021334836098373224:0;-0.00016337407061192699:-0.0024548349404132763:0,4.6697456774185401e-06:2.8384390777168181e-06:0;-5.5782252845983149e-07:6.7754237823735428e-06:0;-3.091869485273012e-06:1.5638562699670538e-06:0;4.8837803534228574e-06:-2.8086525833741975e-06:0;-5.5499471814830408e-06:-4.5674164441378593e-06:0;-1.524866223075401e-07:-2.5302347890292267e-06:0,true,0.003049370198049464,0,0,false,6,true,0.003049370198049464,0,0,false,6,true,0.0030441246972406828,0,0,false,6,true,5.4454030255554349e-06,0,0,false,6,true
9,n6_irregular_f1.0_d10.0,6,irregular,n6_irregular,1,1,10,0.0034146865344347188,0.0018938801579050119,3,6,13,21,false,16,6,36,36,true,balanced_sqrt,1.4834907554963559e-16,1.0028079011276274,3.0206188820839023e-17,2.2480612295657259e-17,1.0924003489291108e-16,0,0,8.6748957912787007e-17,true,true,-9.4719768178966621:-7.0204063473822345:0;0.55717510693509831:-6.2562804864426713:0;11.350452892706425:-7.5935007430869064:0;-6.4154733741384113:3.8683871710065345:0;4.7598673421026936:2.8177141122146363:0;-0.78004514970913541:14.184086293690633:0,0.0031556384931728434:0.0019084950698980145:0;-0.00022949104209847652:0.0027908337960701997:0;-0.0026601130183519792:0.0013304785316881041:0;0.002488588420979296:-0.0014300866368733883:0;-0.0025909283424275504:-0.0021400762649871172:0;-0.00016368160222316787:-0.0024596297434757095:0,0:0:0;0:0:0;0:0:0;0:0:0;0:0:0;0:0:0,0.0031556384931728434:0.0019084950698980145:0;-0.00022949104209847652:0.0027908337960701997:0;-0.0026601130183519792:0.0013304785316881041:0;0.002488588420979296:-0.0014300866368733883:0;-0.0025909283424275504:-0.0021400762649871172:0;-0.00016368160222316787:-0.0024596297434757095:0,0.0031508602524727885:0.001905609060404539:0;-0.00022894212413787681:0.002784005940469317:0;-0.0026569477802057631:0.0013288838559291501:0;0.0024836668551237186:-0.0014272473396009834:0;-0.0025853249713095367:-0.002135429979852688:0;-0.00016352331634959333:-0.0024570511964732262:0,4.7782407000548904e-06:2.8860094934754917e-06:0;-5.4891796059972112e-07:6.8278556008829092e-06:0;-3.1652381462161529e-06:1.5946757589540347e-06:0;4.9215658555774909e-06:-2.8392972724049393e-06:0;-5.603371118013711e-06:-4.6462851344289743e-06:0;-1.5828587357454216e-07:-2.5785470024832899e-06:0,true,0.003052207613521925,0.00092967117397882914,2.8375494352900484e-06,true,6,true,0.003052207613521925,0.00092967117397882914,2.8375494352900484e-06,true,6,true,0.0030468868396725983,0.00090654967472987309,2.7621542734439249e-06,true,6,true,5.5164359461339608e-06,0.014236115231737949,7.8532617797664419e-08,true,6,true
9,n6_irregular_f1.0_d10.0,6,irregular,n6_irregular,1,1,10,0.0034146865344347188,0.0018938801579050119,4,6,13,21,false,25,10,60,60,true,balanced_sqrt,1.2644600892181668e-16,1.0028079122633309,2.0018765529476744e-17,2.1106931293620874e-17,1.0959692772722348e-16,0,0,8.6750446769515946e-17,true,true,-9.4719768178966621:-7.0204063473822345:0;0.55717510693509831:-6.2562804864426713:0;11.350452892706425:-7.5935007430869064:0;-6.4154733741384113:3.8683871710065345:0;4.7598673421026936:2.8177141122146363:0;-0.78004514970913541:14.184086293690633:0,0.0031556984053381968:0.001908524651155308:0;-0.00022949737825610382:0.0027908872083154969:0;-0.0026601543452002339:0.0013304960412787101:0;0.0024886269462121389:-0.0014301090101126828:0;-0.0025909761003100017:-0.0021401237035720546:0;-0.00016368545377641242:-0.002459660766437667:0,0:0:0;0:0:0;0:0:0;0:0:0;0:0:0;0:0:0,0.0031556984053381968:0.001908524651155308:0;-0.00022949737825610382:0.0027908872083154969:0;-0.0026601543452002339:0.0013304960412787101:0;0.0024886269462121389:-0.0014301090101126828:0;-0.0025909761003100017:-0.0021401237035720546:0;-0.00016368545377641242:-0.002459660766437667:0,0.0031509184603953481:0.0019056381942564129:0;-0.00022894756261714302:0.0027840577267186544:0;-0.0026569881196600391:0.0013289010481562229:0;0.0024837045487750456:-0.0014272691340038624:0;-0.0025853713386409264:-0.0021354757854077921:0;-0.00016352707109421616:-0.0024570817288069413:0,4.7799449428485275e-06:2.8864568988950647e-06:0;-5.4981563896079931e-07:6.8294815968426294e-06:0;-3.1662255401946636e-06:1.5949931224872525e-06:0;4.9223974370932537e-06:-2.8398761088203106e-06:0;-5.6047616690751419e-06:-4.6479181642622925e-06:0;-1.583826821962514e-07:-2.5790376307259425e-06:0,true,0.003052259998011063,1.7369990333495747e-05,5.3017726660767918e-08,true,6,true,0.003052259998011063,1.7369990333495747e-05,5.3017726660767918e-08,true,6,true,0.0030469378433556605,1.6927627851014569e-05,5.1577429897497543e-08,true,6,true,5.5178576773077862e-06,0.000271915676480981,1.5003920030509211e-09,true,6,true
9,n6_irregular_f1.0_d10.0,6,irregular,n6_irregular,1,1,10,0.0034146865344347188,0.0018938801579050119,5,6,13,21,false,36,15,90,90,true,balanced_sqrt,5.3803144342971796e-16,1.0028079124407794,2.6616205427765179e-17,2.3161844650999388e-17,1.0890840618373727e-16,0,0,8.6750447611145963e-17,true,true,-9.4719768178966621:-7.0204063473822345:0;0.55717510693509831:-6.2562804864426713:0;11.350452892706425:-7.5935007430869064:0;-6.4154733741384113:3.8683871710065345:0;4.7598673421026936:2.8177141122146363:0;-0.78004514970913541:14.184086293690633:0,0.0031556984479726557:0.0019085246636558499:0;-0.00022949738726939125:0.0027908872485646668:0;-0.0026601543653996065:0.0013304960473429935:0;0.002488626958907367:-0.0014301090199464899:0;-0.0025909761242478668:-0.0021401237382850536:0;-0.0001636854558604657:-0.0024596607767618526:0,0:0:0;0:0:0;0:0:0;0:0:0;0:0:0;0:0:0,0.0031556984479726557:0.0019085246636558499:0;-0.00022949738726939125:0.0027908872485646668:0;-0.0026601543653996065:0.0013304960473429935:0;0.002488626958907367:-0.0014301090199464899:0;-0.0025909761242478668:-0.0021401237382850536:0;-0.0001636854558604657:-0.0024596607767618526:0,0.0031509184711766072:0.0019056381995555005:0;-0.00022894756368320148:0.0027840577360470843:0;-0.0026569881270118068:0.0013289010511921989:0;0.0024837045552927317:-0.0014272691377535838:0;-0.0025853713469815788:-0.0021354757937351487:0;-0.00016352707179403242:-0.0024570817341366207:0,4.779976796048519e-06:2.8864641003495104e-06:0;-5.4982358618976907e-07:6.8295125175825181e-06:0;-3.166238387799618e-06:1.594996150794613e-06:0;4.9224036146354757e-06:-2.8398821929059982e-06:0;-5.6047772662878493e-06:-4.6479445499049418e-06:0;-1.5838406643328414e-07:-2.5790426252316666e-06:0,true,0.0030522600276232867,1.0588291967489366e-08,3.2318220333172516e-11,true,6,true,0.0030522600276232867,1.0588291967489366e-08,3.2318220333172516e-11,true,6,true,0.00304693785254239,3.0556096129908155e-09,9.310252592414119e-12,true,6,true,5.5178789699251306e-06,4.2511536626978957e-06,2.3457351393320909e-11,true,6,true
9,n6_irregular_f1.0_d10.0,6,irregular,n6_irregular,1,1,10,0.0034146865344347188,0.0018938801579050119,6,6,13,21,false,49,21,126,126,true,balanced_sqrt,5.8175437382794569e-15,1.0028079124430513,2.0252991921611267e-17,2.1242460680978057e-18,1.1860637182457644e-16,0,0,8.6750447624035236e-17,true,true,-9.4719768178966621:-7.0204063473822345:0;0.55717510693509831:-6.2562804864426713:0;11.350452892706425:-7.5935007430869064:0;-6.4154733741384113:3.8683871710065345:0;4.7598673421026936:2.8177141122146363:0;-0.78004514970913541:14.184086293690633:0,0.003155698448740273:0.0019085246638700683:0;-0.00022949738732272587:0.0027908872489204499:0;-0.0026601543656679283:0.0013304960474109242:0;0.0024886269591256342:-0.0014301090200682417:0;-0.0025909761247234187:-0.0021401237389488061:0;-0.0001636854558883034:-0.0024596607768798133:0,0:0:0;0:0:0;0:0:0;0:0:0;0:0:0;0:0:0,0.003155698448740273:0.0019085246638700683:0;-0.00022949738732272587:0.0027908872489204499:0;-0.0026601543656679283:0.0013304960474109242:0;0.0024886269591256342:-0.0014301090200682417:0;-0.0025909761247234187:-0.0021401237389488061:0;-0.0001636854558883034:-0.0024596607768798133:0,0.0031509184713447761:0.0019056381996217855:0;-0.00022894756370597658:0.002784057736197641:0;-0.0026569881271055014:0.0013289010512258961:0;0.0024837045553772331:-0.0014272691378034055:0;-0.0025853713471073853:-0.0021354757938815585:0;-0.00016352707180362683:-0.0024570817341963602:0,4.7799773954967342e-06:2.8864642482827838e-06:0;-5.4982361674928272e-07:6.8295127228088485e-06:0;-3.1662385624270628e-06:1.5949961850279697e-06:0;4.9224037484012667e-06:-2.8398822648362771e-06:0;-5.6047776160334309e-06:-4.647945067247371e-06:0;-1.5838408467657835e-07:-2.5790426834530776e-06:0,true,0.0030522600280767876,1.6839226146189099e-10,5.1397696869758517e-13,true,6,true,0.0030522600280767876,1.6839226146189099e-10,5.1397696869758517e-13,true,6,true,0.003046937852675942,4.5697289720394568e-11,1.3923680181376943e-13,true,6,true,5.517879293082448e-06,6.9116798961921655e-08,3.8137815379612992e-13,true,6,true
10,n6_irregular_f0.1_d3.0,6,irregular,n6_irregular,2,0.10000000000000001,3,0.012646987164573027,0.0049475877137842893,2,10,13,21,false,9,3,18,18,true,balanced_sqrt,1.0407331904769282e-16,1.0089640872613321,3.5645578068823408e-17,2.5637255761995129e-17,1.7440627217276969e-16,0,0,8.4325612035709056e-17,true,true,-2.8415930453689988:-2.1061219042146702:0;0.16715253208052949:-1.8768841459328014:0;3.4051358678119272:-2.2780502229260717:0;-1.9246420122415235:1.1605161513019602:0;1.4279602026308083:0.84531423366439096:0;-0.23401354491274062:4.2552258881071907:0,0.0031042430269666911:0.0018180340247605227:0;-0.00023206284209586662:0.0027861688648808565:0;-0.0025158051733460262:0.0012168082887316503:0;0.0024066152440561394:-0.0013828404231865147:0;-0.0025820317641234245:-0.0022134463228968451:0;-0.00018180436638377435:-0.0022237668855941816:0,0:0:0;0:0:0;0:0:0;0:0:0;0:0:0;0:0:0,0.0031042430269666911:0.0018180340247605227:0;-0.00023206284209586662:0.0027861688648808565:0;-0.0025158051733460262:0.0012168082887316503:0;0.0024066152440561394:-0.0013828404231865147:0;-0.0025820317641234245:-0.0022134463228968451:0;-0.00018180436638377435:-0.0022237668855941816:0,0.0030915708705437027:0.0018106124283954631:0;-0.00023052142120440441:0.0027676624197875482:0;-0.0025077714635629357:0.001212922647737926:0;0.0023940357846267118:-0.0013756122682803554:0;-0.0025672098844670812:-0.0022007402766109777:0;-0.00018129941418475247:-0.0022175903488284299:0,1.2672156422988281e-05:7.4215963650597307e-06:0;-1.5414208914622086e-06:1.8506445093308298e-05:0;-8.0337097830907167e-06:3.8856409937243763e-06:0;1.2579459429427564e-05:-7.2281549061593186e-06:0;-1.4821879656343209e-05:-1.2706046285867569e-05:0;-5.0495219902187543e-07:-6.1765367657516574e-06:0,true,0.0029669437104828775,0,0,false,7,true,0.0029669437104828775,0,0,false,7,true,0.0029528923535907877,0,0,false,6,true,1.4549869203155622e-05,0,0,false,10,true
10,n6_irregular_f0.1_d3.0,6,irregular,n6_irregular,2,0.10000000000000001,3,0.012646987164573027,0.0049475877137842893,3,10,13,21,false,16,6,36,36,true,balanced_sqrt,3.5319968568689073e-16,1.0093812499981589,3.4142974392023809e-17,1.9225429771824285e-17,1.621289427707453e-16,0,0,8.4500587113542193e-17,true,true,-2.8415930453689988:-2.1061219042146702:0;0.16715253208052949:-1.8768841459328014:0;3.4051358678119272:-2.2780502229260717:0;-1.9246420122415235:1.1605161513019602:0;1.4279602026308083:0.84531423366439096:0;-0.23401354491274062:4.2552258881071907:0,0.0031121760808027442:0.0018216590105138541:0;-0.00023203639698536296:0.002791534531097655:0;-0.0025212973508628436:0.0012191778474196621:0;0.002410523638894413:-0.001385372698453028:0;-0.0025868007595759588:-0.0022192540895606514:0;-0.00018221218591617651:-0.0022276249457923781:0,0:0:0;0:0:0;0:0:0;0:0:0;0:0:0;0:0:0,0.0031121760808027442:0.0018216590105138541:0;-0.00023203639698536296:0.002791534531097655:0;-0.0025212973508628436:0.0012191778474196621:0;0.002410523638894413:-0.001385372698453028:0;-0.0025868007595759588:-0.0022192540895606514:0;-0.00018221218591617651:-0.0022276249457923781:0,0.0030959613310957337:0.0018127500855059857:0;-0.00023083602390705098:0.0027712932224709277:0;-0.0025110175761570638:0.0012143770246699191:0;0.002396755661492605:-0.0013771923518551806:0;-0.0025701873783961445:-0.0022037870856128701:0;-0.00018152388967368897:-0.002220073083700229:0,1.6214749707010703e-05:8.9089250078683927e-06:0;-1.2003730783119886e-06:2.0241308626727522e-05:0;-1.0279774705779839e-05:4.8008227497429318e-06:0;1.3767977401808074e-05:-8.1803465978473173e-06:0;-1.6613381179814135e-05:-1.5467003947781456e-05:0;-6.8829624248753921e-07:-7.5518620921490971e-06:0,true,0.0029731000987276309,0.0020998546619033489,6.2430781026185221e-06,true,7,true,0.0029731000987276309,0.0020998546619033489,6.2430781026185221e-06,true,7,true,0.0029566203744022519,0.0012657982197063283,3.7424848062658285e-06,true,6,true,1.688871655229608e-05,0.15066350936964953,2.5445133045182155e-06,true,10,true
10,n6_irregular_f0.1_d3.0,6,irregular,n6_irregular,2,0.10000000000000001,3,0.012646987164573027,0.0049475877137842893,4,10,13,21,false,25,10,60,60,true,balanced_sqrt,9.4348232388026148e-15,1.0094659408455784,2.4942783402384251e-17,1.161152310733277e-18,1.346788524933774e-16,0,0,8.4534932068117515e-17,true,true,-2.8415930453689988:-2.1061219042146702:0;0.16715253208052949:-1.8768841459328014:0;3.4051358678119272:-2.2780502229260717:0;-1.9246420122415235:1.1605161513019602:0;1.4279602026308083:0.84531423366439096:0;-0.23401354491274062:4.2552258881071907:0,0.0031136174263282764:0.0018221744967262473:0;-0.00023251773565393977:0.0027929242359494683:0;-0.002522092863859484:0.0012194643888847414:0;0.0024112959598533617:-0.0013858462304101879:0;-0.002588010937102282:-0.0022205978350226564:0;-0.00018229207622451319:-0.0022281367260371561:0,0:0:0;0:0:0;0:0:0;0:0:0;0:0:0;0:0:0,0.0031136174263282764:0.0018221744967262473:0;-0.00023251773565393977:0.0027929242359494683:0;-0.002522092863859484:0.0012194643888847414:0;0.0024112959598533617:-0.0013858462304101879:0;-0.002588010937102282:-0.0022205978350226564:0;-0.00018229207622451319:-0.0022281367260371561:0,0.0030967027232306145:0.0018130901947036072:0;-0.00023092965749694399:0.0027720024477026492:0;-0.0025114255924173325:0.0012145420944303668:0;0.0023971993053442269:-0.0013774357729627587:0;-0.0025708292358757826:-0.0022044475001992045:0;-0.00018156568126165222:-0.0022204015833620317:0,1.6914703097661731e-05:9.0843020226401768e-06:0;-1.5880781569957864e-06:2.0921788246818944e-05:0;-1.0667271442151716e-05:4.9222944543746951e-06:0;1.4096654509134855e-05:-8.4104574474291667e-06:0;-1.7181701226499332e-05:-1.6150334823451675e-05:0;-7.263949628609735e-07:-7.7351426751242595e-06:0,true,0.0029743085043887831,0.00042484271770552851,1.2636133082991964e-06,true,7,true,0.0029743085043887831,0.00042484271770552851,1.2636133082991964e-06,true,7,true,0.0029572610001972156,0.00022194173233048821,6.5633962933716225e-07,true,6,true,1.7477367837348846e-05,0.035308875217379639,6.1710620009719463e-07,true,10,true
10,n6_irregular_f0.1_d3.0,6,irregular,n6_irregular,2,0.10000000000000001,3,0.012646987164573027,0.0049475877137842893,5,10,13,21,false,36,15,90,90,true,balanced_sqrt,2.5050194312012534e-13,1.0094855564582377,2.0800349644409218e-17,6.6168678076239213e-20,1.6500139585782053e-16,0,0,8.4538387362648872e-17,true,true,-2.8415930453689988:-2.1061219042146702:0;0.16715253208052949:-1.8768841459328014:0;3.4051358678119272:-2.2780502229260717:0;-1.9246420122415235:1.1605161513019602:0;1.4279602026308083:0.84531423366439096:0;-0.23401354491274062:4.2552258881071907:0,0.0031138103321644117:0.0018222236522714205:0;-0.0002325640486699052:0.0027930959537570106:0;-0.0025221750942484617:0.0012194828350777407:0;0.0024113271996394747:-0.0013858751748610065:0;-0.0025881055321787081:-0.0022207490511465355:0;-0.00018230128922408004:-0.0022281642697210232:0,0:0:0;0:0:0;0:0:0;0:0:0;0:0:0;0:0:0,0.0031138103321644117:0.0018222236522714205:0;-0.0002325640486699052:0.0027930959537570106:0;-0.0025221750942484617:0.0012194828350777407:0;0.0024113271996394747:-0.0013858751748610065:0;-0.0025881055321787081:-0.0022207490511465355:0;-0.00018230128922408004:-0.0022281642697210232:0,0.003096743780847286:0.0018131059555374768:0;-0.00023093654897890034:0.0027720253417879573:0;-0.0025114482397119043:0.0012145467851786248:0;0.002397202148294017:-0.0013774363703369767:0;-0.0025708491832755085:-0.0022044712823972284:0;-0.00018156851404713866:-0.002220406770890547:0,1.7066551317125825e-05:9.1176967339436217e-06:0;-1.6274996910048553e-06:2.1070611969053327e-05:0;-1.0726854536557557e-05:4.9360498991159687e-06:0;1.4125051345457591e-05:-8.4388045240298337e-06:0;-1.7256348903199659e-05:-1.6277768749307071e-05:0;-7.3277517694139999e-07:-7.7574988304764357e-06:0,true,0.0029744300767572509,4.6104357600984609e-05,1.3713418791794038e-07,true,7,true,0.0029744300767572509,4.6104357600984609e-05,1.3713418791794038e-07,true,7,true,0.0029572839226564905,8.7826692468851471e-06,2.5972846561823032e-08,true,6,true,1.7581441855159757e-05,0.0063835912971528311,1.1223273921799635e-07,true,10,true
10,n6_irregular_f0.1_d3.0,6,irregular,n6_irregular,2,0.10000000000000001,3,0.012646987164573027,0.0049475877137842893,6,10,13,21,false,49,21,126,126,true,balanced_sqrt,1.6048231559283581e-11,1.0094891470399958,3.4473722482159508e-17,1.4703634014891e-21,2.2436523492058681e-16,0,0,8.4538954962676247e-17,true,true,-2.8415930453689988:-2.1061219042146702:0;0.16715253208052949:-1.8768841459328014:0;3.4051358678119272:-2.2780502229260717:0;-1.9246420122415235:1.1605161513019602:0;1.4279602026308083:0.84531423366439096:0;-0.23401354491274062:4.2552258881071907:0,0.0031138458390819221:0.0018222305700262935:0;-0.0002325674337930597:0.0027931121627477531:0;-0.0025221838892130121:0.0012194839871530279:0;0.0024113351729688664:-0.0013858796459756439:0;-0.0025881271403497999:-0.0022207829570790533:0;-0.00018230208667556794:-0.0022281673229271521:0,0:0:0;0:0:0;0:0:0;0:0:0;0:0:0;0:0:0,0.0031138458390819221:0.0018222305700262935:0;-0.0002325674337930597:0.0027931121627477531:0;-0.0025221838892130121:0.0012194839871530279:0;0.0024113351729688664:-0.0013858796459756439:0;-0.0025881271403497999:-0.0022207829570790533:0;-0.00018230208667556794:-0.0022281673229271521:0,0.0030967471543890722:0.0018131050938821674:0;-0.00023093815967075031:0.0027720302662640165:0;-0.0025114478672496263:0.0012145461716196559:0;0.002397203127908532:-0.0013774370590278627:0;-0.00257085198483254:-0.0022044771504134788:0;-0.00018156836250610798:-0.0022204068432106318:0,1.7098684692849799e-05:9.1254761441260021e-06:0;-1.6292741223093739e-06:2.108189648373653e-05:0;-1.0736021963386046e-05:4.9378155333720396e-06:0;1.4132045060334307e-05:-8.4425869477811597e-06:0;-1.7275155517259694e-05:-1.6305806665574497e-05:0;-7.337241694599577e-07:-7.7604797165202868e-06:0,true,0.0029744500474078116,7.9694833213529472e-06,2.3704830043014039e-08,true,7,true,0.0029744500474078116,7.9694833213529472e-06,2.3704830043014039e-08,true,7,true,0.0029572864472224331,1.2594034475552092e-06,3.7244167470402287e-09,true,6,true,1.7599479699436073e-05,0.0011652781730781482,2.0508289551284826e-08,true,10,true
10,n6_irregular_f0.1_d3.0,6,irregular,n6_irregular,2,0.10000000000000001,3,0.012646987164573027,0.0049475877137842893,7,10,13,21,false,64,28,168,168,true,balanced_sqrt,6.9928897520771266e-10,1.0094899402989475,3.8477746045456149e-17,1.9487856924719208e-23,3.0882670278641156e-16,0,0,8.4539090907429798e-17,true,true,-2.8415930453689988:-2.1061219042146702:0;0.16715253208052949:-1.8768841459328014:0;3.4051358678119272:-2.2780502229260717:0;-1.9246420122415235:1.1605161513019602:0;1.4279602026308083:0.84531423366439096:0;-0.23401354491274062:4.2552258881071907:0,0.0031138530018363143:0.0018222322944039865:0;-0.00023256921893552638:0.0027931208811615834:0;-0.0025221858401910696:0.0012194844885466327:0;0.0024113358926708445:-0.0013858799617953699:0;-0.0025881315917171471:-0.0022207895925151081:0;-0.00018230227783296564:-0.0022281678407314789:0,0:0:0;0:0:0;0:0:0;0:0:0;0:0:0;0:0:0,0.0031138530018363143:0.0018222322944039865:0;-0.00023256921893552638:0.0027931208811615834:0;-0.0025221858401910696:0.0012194844885466327:0;0.0024113358926708445:-0.0013858799617953699:0;-0.0025881315917171471:-0.0022207895925151081:0;-0.00018230227783296564:-0.0022281678407314789:0,0.0030967484463170288:0.0018131054721568153:0;-0.00023093849012700282:0.0027720311350397024:0;-0.0025114483910731156:0.0012145463985193201:0;0.0023972032808361157:-0.0013774371896358628:0;-0.0025708525521395027:-0.0022044781232115171:0;-0.0001815684220897598:-0.0022204069472982089:0,1.7104555519285579e-05:9.1268222471710993e-06:0;-1.6307288085235517e-06:2.1089746121881141e-05:0;-1.0737449117953887e-05:4.9380900273125701e-06:0;1.4132611834728787e-05:-8.4427721595070934e-06:0;-1.7279039577644241e-05:-1.6311469303590909e-05:0;-7.3385574320584589e-07:-7.7608934332699357e-06:0,true,0.0029744548305386041,1.9521567772202213e-06,5.8066021559713615e-09,true,7,true,0.0029744548305386041,1.9521567772202213e-06,5.8066021559713615e-09,true,7,true,0.0029572871885417107,2.8709452437279695e-07,8.4902095882814839e-10,true,6,true,1.7603926115904181e-05,0.0002838561808198454,4.9969832346952955e-09,true,10,true
10,n6_irregular_f0.1_d3.0,6,irregular,n6_irregular,2,0.10000000000000001,3,0.012646987164573027,0.0049475877137842893,8,10,13,21,false,81,36,216,216,true,balanced_sqrt,4.4644112361500164e-08,1.0094900583407693,4.6775028906899473e-17,4.5554820478900844e-25,4.3911695779167948e-16,0,0,8.4539108086088033e-17,true,true,-2.8415930453689988:-2.1061219042146702:0;0.16715253208052949:-1.8768841459328014:0;3.4051358678119272:-2.2780502229260717:0;-1.9246420122415235:1.1605161513019602:0;1.4279602026308083:0.84531423366439096:0;-0.23401354491274062:4.2552258881071907:0,0.0031138540307121387:0.0018222324673983672:0;-0.00023256960356519263:0.0027931216109064552:0;-0.0025221860369847404:0.0012194845159013827:0;0.0024113360830275393:-0.0013858800750974091:0;-0.002588132182118584:-0.0022207906475505499:0;-0.00018230229172338781:-0.0022281678949803768:0,0:0:0;0:0:0;0:0:0;0:0:0;0:0:0;0:0:0,0.0031138540307121387:0.0018222324673983672:0;-0.00023256960356519263:0.0027931216109064552:0;-0.0025221860369847404:0.0012194845159013827:0;0.0024113360830275393:-0.0013858800750974091:0;-0.002588132182118584:-0.0022207906475505499:0;-0.00018230229172338781:-0.0022281678949803768:0,0.0030967485380420843:0.0018131054736385004:0;-0.00023093853869027766:0.0027720312700346759:0;-0.0025114483774296434:0.0012145463845131034:0;0.0023972032975639723:-0.0013774372039577136:0;-0.0025708526297843269:-0.0022044782541209593:0;-0.00018156841903297236:-0.002220406948401539:0,1.7105492670054201e-05:9.1269937598669144e-06:0;-1.6310648749149559e-06:2.1090340871779238e-05:0;-1.0737659555096965e-05:4.9381313882791915e-06:0;1.4132785463566982e-05:-8.442871139695639e-06:0;-1.7279552334257278e-05:-1.6312393429590761e-05:0;-7.33872690415463e-07:-7.7609465788379162e-06:0,true,0.0029744554349589074,2.5017209076156339e-07,7.4412573504076524e-10,true,7,true,0.0029744554349589074,2.5017209076156339e-07,7.4412573504076524e-10,true,7,true,0.0029572872545260559,3.1793540723156561e-08,9.4022632756846023e-11,true,6,true,1.7604501729487383e-05,3.7250917403742008e-05,6.5578383985916788e-10,true,10,true
10,n6_irregular_f0.1_d3.0,6,irregular,n6_irregular,2,0.10000000000000001,3,0.012646987164573027,0.0049475877137842893,9,10,13,21,false,100,45,270,270,true,balanced_sqrt,2.0598897210087785e-06,1.0094900822119974,3.2141858694334475e-17,4.9911768114271812e-27,2.2574580493174547e-16,0,0,8.4539111050027829e-17,true,true,-2.8415930453689988:-2.1061219042146702:0;0.16715253208052949:-1.8768841459328014:0;3.4051358678119272:-2.2780502229260717:0;-1.9246420122415235:1.1605161513019602:0;1.4279602026308083:0.84531423366439096:0;-0.23401354491274062:4.2552258881071907:0,0.0031138542001873898:0.0018222324928151162:0;-0.00023256965134936891:0.00279312179145502:0;-0.0025221860744284721:0.0012194845252794036:0;0.0024113360946878648:-0.0013858800858417642:0;-0.0025881322720438518:-0.0022207908157037383:0;-0.00018230229439890054:-0.0022281679022277648:0,0:0:0;0:0:0;0:0:0;0:0:0;0:0:0;0:0:0,0.0031138542001873898:0.0018222324928151162:0;-0.00023256965134936891:0.00279312179145502:0;-0.0025221860744284721:0.0012194845252794036:0;0.0024113360946878648:-0.0013858800858417642:0;-0.0025881322720438518:-0.0022207908157037383:0;-0.00018230229439890054:-0.0022281679022277648:0,0.0030967485653523542:0.0018131054791450539:0;-0.00023093854595720154:0.002772031290287756:0;-0.0025114483857235637:0.0012145463882391723:0;0.0023972032992380398:-0.0013774372049291312:0;-0.0025708526405925978:-0.002204478276461831:0;-0.00018156841964312386:-0.002220406949524154:0,1.7105634835035672e-05:9.1270136700623262e-06:0;-1.6311053921673729e-06:2.1090501167263881e-05:0;-1.0737688704908507e-05:4.9381370402311967e-06:0;1.4132795449825138e-05:-8.4428809126330033e-06:0;-1.7279631451253887e-05:-1.6312539241907162e-05:0;-7.3387475577668737e-07:-7.7609527036109699e-06:0,true,0.0029744555392432681,4.3923053934607925e-08,1.3064717107627537e-10,true,7,true,0.0029744555392432681,4.3923053934607925e-08,1.3064717107627537e-10,true,7,true,0.0029572872693326242,6.0853332949832893e-09,1.7996078682900032e-11,true,6,true,1.7604600374370461e-05,6.4174775820852481e-06,1.1297712824409199e-10,true,10,true
10,n6_irregular_f0.1_d3.0,6,irregular,n6_irregular,2,0.10000000000000001,3,0.012646987164573027,0.0049475877137842893,10,10,13,21,false,121,55,330,330,true,balanced_sqrt,0.0001699436325361205,1.0094900861826401,4.551533293697867e-17,7.6023387803473357e-29,3.1775695258100006e-16,0,0,8.4539111442737493e-17,true,true,-2.8415930453689988:-2.1061219042146702:0;0.16715253208052949:-1.8768841459328014:0;3.4051358678119272:-2.2780502229260717:0;-1.9246420122415235:1.1605161513019602:0;1.4279602026308083:0.84531423366439096:0;-0.23401354491274062:4.2552258881071907:0,0.0031138542243664305:0.0018222324955158296:0;-0.00023256966271170823:0.0027931218103597806:0;-0.0025221860780414436:0.0012194845255200008:0;0.0024113360971336887:-0.0013858800874593583:0;-0.0025881322856018555:-0.0022207908412714109:0;-0.0001823022946287475:-0.0022281679028909687:0,0:0:0;0:0:0;0:0:0;0:0:0;0:0:0;0:0:0,0.0031138542243664305:0.0018222324955158296:0;-0.00023256966271170823:0.0027931218103597806:0;-0.0025221860780414436:0.0012194845255200008:0;0.0024113360971336887:-0.0013858800874593583:0;-0.0025881322856018555:-0.0022207908412714109:0;-0.0001823022946287475:-0.0022281679028909687:0,0.0030967485680535225:0.0018131054791661299:0;-0.00023093854708795803:0.0027720312932583858:0;-0.0025114483855920291:0.0012145463878110265:0;0.0023972032993903386:-0.0013774372049933069:0;-0.002570852642517359:-0.0022044782798358213:0;-0.00018156841963546001:-0.0022204069495441897:0,1.7105656312908066e-05:9.1270163496997372e-06:0;-1.6311156237501967e-06:2.1090517101394632e-05:0;-1.0737692449414357e-05:4.9381377089744227e-06:0;1.4132797743350141e-05:-8.4428824660514147e-06:0;-1.7279643084496565e-05:-1.6312561435589587e-05:0;-7.3387499328747165e-07:-7.7609533467792041e-06:0,true,0.002974455553060511,6.0424010031443807e-09,1.7972853217621205e-11,true,7,true,0.002974455553060511,6.0424010031443807e-09,1.7972853217621205e-11,true,7,true,0.0029572872709631316,7.8961787890741381e-10,2.3351269022178023e-12,true,6,true,1.760461364605131e-05,8.9139705058589485e-07,1.5692700680794334e-11,true,10,true
11,n6_irregular_f0.1_d2.5,6,irregular,n6_irregular,3,0.10000000000000001,2.5,0.021853993820382198,0.0084023111035292902,2,12,13,21,false,9,3,18,18,true,balanced_sqrt,9.2246914192408624e-17,1.0163739843372626,5.3596472173124328e-17,1.4951470060096714e-17,1.7216557496765192e-16,0,0,1.751407202232813e-16,true,true,-2.3679942044741655:-1.7551015868455586:0;0.13929377673377458:-1.5640701216106678:0;2.8376132231766062:-1.8983751857717266:0;-1.6038683435346028:0.96709679275163363:0;1.1899668355256734:0.70442852805365908:0;-0.19501128742728385:3.5460215734226583:0,0.0064433738022913346:0.0037696015148256262:0;-0.00048547247463176112:0.0058041009501362583:0;-0.0052107170547697288:0.0025177630217303642:0;0.0049996901905946124:-0.0028771349726299249:0;-0.0053733151780379551:-0.0046139303675623959:0;-0.00037793626706053048:-0.0045954333144504114:0,0:0:0;0:0:0;0:0:0;0:0:0;0:0:0;0:0:0,0.0064433738022913346:0.0037696015148256262:0;-0.00048547247463176112:0.0058041009501362583:0;-0.0052107170547697288:0.0025177630217303642:0;0.0049996901905946124:-0.0028771349726299249:0;-0.0053733151780379551:-0.0046139303675623959:0;-0.00037793626706053048:-0.0045954333144504114:0,0.0063987282595951494:0.0037434822861494629:0;-0.00047998647149070418:0.0057385126489177983:0;-0.0051825398240954767:0.0025041480731532876:0;0.0049553101114432159:-0.0028515958936250851:0;-0.0053209015033984291:-0.0045689240722208736:0;-0.00037616277727748406:-0.004573868834163909:0,4.4645542696184863e-05:2.611922867616347e-05:0;-5.4860031410569451e-06:6.558830121845988e-05:0;-2.8177230674252558e-05:1.3614948577076651e-05:0;4.438007915139638e-05:-2.5539079004839679e-05:0;-5.2413674639525865e-05:-4.5006295341522183e-05:0;-1.7734897830464068e-06:-2.1564480286502625e-05:0,true,0.0061622162682419528,0,0,false,9,true,0.0061622162682419528,0,0,false,9,true,0.0061126004555742044,0,0,false,8,true,5.1396256668509357e-05,0,0,false,12,true
11,n6_irregular_f0.1_d2.5,6,irregular,n6_irregular,3,0.10000000000000001,2.5,0.021853993820382198,0.0084023111035292902,3,12,13,21,false,16,6,36,36,true,balanced_sqrt,6.5591548008779957e-16,1.0180647776821485,3.0027458200736162e-17,3.2904165488260056e-17,1.2331417743913052e-16,0,0,1.7585210984403897e-16,true,true,-2.3679942044741655:-1.7551015868455586:0;0.13929377673377458:-1.5640701216106678:0;2.8376132231766062:-1.8983751857717266:0;-1.6038683435346028:0.96709679275163363:0;1.1899668355256734:0.70442852805365908:0;-0.19501128742728385:3.5460215734226583:0,0.006478142453880547:0.0037839236838992296:0;-0.00048478413143718149:0.0058256384588257371:0;-0.0052336272969200131:0.0025272184416738086:0;0.0050138759595119153:-0.0028868251173937878:0;-0.0053913837579367112:-0.0046391974086978901:0;-0.00037957631125470014:-0.0046098749771913876:0,0:0:0;0:0:0;0:0:0;0:0:0;0:0:0;0:0:0,0.006478142453880547:0.0037839236838992296:0;-0.00048478413143718149:0.0058256384588257371:0;-0.0052336272969200131:0.0025272184416738086:0;0.0050138759595119153:-0.0028868251173937878:0;-0.0053913837579367112:-0.0046391974086978901:0;-0.00037957631125470014:-0.0046098749771913876:0,0.006415112814939939:0.0037501031551832658:0;-0.00048106736290874831:0.0057509876754328467:0;-0.0051938397684268044:0.0025088747519183387:0;0.0049633274788269052:-0.0028563379714286498:0;-0.0053296510529831313:-0.0045798011266054289:0;-0.00037685841839836466:-0.0045812356530995314:0,6.3029638940607544e-05:3.3820528715963681e-05:0;-3.7167685284331997e-06:7.4650783392890107e-05:0;-3.9787528493208699e-05:1.8343689755469741e-05:0;5.0548480685010199e-05:-3.0487145965138212e-05:0;-6.1732704953579829e-05:-5.9396282092460961e-05:0;-2.7178928563354667e-06:-2.8639324091855859e-05:0,true,0.0061872460653588238,0.004154203226733196,2.5703077569305896e-05,true,9,true,0.0061872460653588238,0.004154203226733196,2.5703077569305896e-05,true,9,true,0.0061250230280674002,0.0020603059282602982,1.2619421255458107e-05,true,8,true,6.3605180261374876e-05,0.20769473622734083,1.321046113707872e-05,true,12,true
11,n6_irregular_f0.1_d2.5,6,irregular,n6_irregular,3,0.10000000000000001,2.5,0.021853993820382198,0.0084023111035292902,4,12,13,21,false,25,10,60,60,true,balanced_sqrt,2.0304351220060924e-14,1.0186685732765917,2.487138874642822e-17,1.2827588509340275e-18,1.7405798825192824e-16,0,0,1.7604498294264365e-16,true,true,-2.3679942044741655:-1.7551015868455586:0;0.13929377673377458:-1.5640701216106678:0;2.8376132231766062:-1.8983751857717266:0;-1.6038683435346028:0.96709679275163363:0;1.1899668355256734:0.70442852805365908:0;-0.19501128742728385:3.5460215734226583:0,0.0064863691413838982:0.0037864225200316976:0;-0.00048823317486518941:0.0058339565152763437:0;-0.0052374810660323441:0.0025284611553253959:0;0.0050179123659866761:-0.0028893176324073884:0;-0.0053985847576285785:-0.0046474889274524048:0;-0.00037998284914537566:-0.0046122256552838525:0,0:0:0;0:0:0;0:0:0;0:0:0;0:0:0;0:0:0,0.0064863691413838982:0.0037864225200316976:0;-0.00048823317486518941:0.0058339565152763437:0;-0.0052374810660323441:0.0025284611553253959:0;0.0050179123659866761:-0.0028893176324073884:0;-0.0053985847576285785:-0.0046474889274524048:0;-0.00037998284914537566:-0.0046122256552838525:0,0.0064180753503867913:0.0037512868203461711:0;-0.00048159892589764227:0.0057541586961295538:0;-0.0051948005088297243:0.0025092106505566467:0;0.0049649012344792328:-0.0028571058425326868:0;-0.0053325705068266111:-0.0045829273362266087:0;-0.00037698114836738476:-0.0045822211661259151:0,6.8293790997106917e-05:3.5135699685526614e-05:0;-6.6342489675471683e-06:7.979781914678947e-05:0;-4.268055720261979e-05:1.9250504768748999e-05:0;5.3011131507443354e-05:-3.2211789874701345e-05:0;-6.60142508019675e-05:-6.4561591225796003e-05:0;-3.0017007779908788e-06:-3.0004489157937201e-05:0,true,0.0061940321842260566,0.0011794090792474233,7.3052977952269598e-06,true,9,true,0.0061940321842260566,0.0011794090792474233,7.3052977952269598e-06,true,9,true,0.0061275322533805524,0.00044144179758826398,2.7049488527123771e-06,true,8,true,6.8050980640063104e-05,0.068303964986649479,4.6481517989460321e-06,true,12,true
11,n6_irregular_f0.1_d2.5,6,irregular,n6_irregular,3,0.10000000000000001,2.5,0.021853993820382198,0.0084023111035292902,5,12,13,21,false,36,15,90,90,true,balanced_sqrt,9.4016415212899798e-13,1.018910907769218,3.5520088839914075e-17,3.7406840224077274e-20,1.3485314079451032e-16,0,0,1.7608578864780271e-16,true,true,-2.3679942044741655:-1.7551015868455586:0;0.13929377673377458:-1.5640701216106678:0;2.8376132231766062:-1.8983751857717266:0;-1.6038683435346028:0.96709679275163363:0;1.1899668355256734:0.70442852805365908:0;-0.19501128742728385:3.5460215734226583:0,0.0064886657282103239:0.0037870303869785025:0;-0.00048877292566599443:0.0058359424954634179:0;-0.0052384804942770856:0.0025286834706540018:0;0.005018264506826923:-0.0028896346573656652:0;-0.0053997125292979987:-0.0046492570974519982:0;-0.00038009558613396845:-0.0046125464733286813:0,0:0:0;0:0:0;0:0:0;0:0:0;0:0:0;0:0:0,0.0064886657282103239:0.0037870303869785025:0;-0.00048877292566599443:0.0058359424954634179:0;-0.0052384804942770856:0.0025286834706540018:0;0.005018264506826923:-0.0028896346573656652:0;-0.0053997125292979987:-0.0046492570974519982:0;-0.00038009558613396845:-0.0046125464733286813:0,0.0064187130708055961:0.0037515305311480954:0;-0.00048170691938615394:0.0057545159841696225:0;-0.0051951515799152663:0.0025092831869314067:0;0.0049649451368551098:-0.002857115533419087:0;-0.0053328804552155058:-0.0045832986647386552:0;-0.0003770248654922999:-0.0045823007242004211:0,6.9952657404727522e-05:3.5499855830407099e-05:0;-7.0660062798404949e-06:8.1426511293795404e-05:0;-4.3328914361819261e-05:1.9400283722594905e-05:0;5.3319369971813591e-05:-3.2519123946578415e-05:0;-6.6832074082492677e-05:-6.595843271334288e-05:0;-3.0707206416685291e-06:-3.0245749128260072e-05:0,true,0.0061954679073397204,0.00026081287364990434,1.6158577885190318e-06,true,9,true,0.0061954679073397204,0.00026081287364990434,1.6158577885190318e-06,true,9,true,0.0061278886289044057,6.5888727404079397e-05,4.0375878343244027e-07,true,8,true,6.9196952402400522e-05,0.017737454042649956,1.2273777631290158e-06,true,12,true
11,n6_irregular_f0.1_d2.5,6,irregular,n6_irregular,3,0.10000000000000001,2.5,0.021853993820382198,0.0084023111035292902,6,12,13,21,false,49,21,126,126,true,balanced_sqrt,8.7564939857598894e-11,1.018995735699205,5.114555922120591e-17,6.2195768061952347e-22,3.3784778476746127e-16,0,0,1.7609524950008051e-16,true,true,-2.3679942044741655:-1.7551015868455586:0;0.13929377673377458:-1.5640701216106678:0;2.8376132231766062:-1.8983751857717266:0;-1.6038683435346028:0.96709679275163363:0;1.1899668355256734:0.70442852805365908:0;-0.19501128742728385:3.5460215734226583:0,0.0064892474951154999:0.0037871324398407922:0;-0.00048883853857671015:0.0058362359939734803:0;-0.0052386147685006173:0.0025286971260682022:0;0.005018395916344111:-0.0028897095337873128:0;-0.0054000727217992798:-0.0046498343867414594:0;-0.00038010689744080712:-0.0046125942797956574:0,0:0:0;0:0:0;0:0:0;0:0:0;0:0:0;0:0:0,0.0064892474951154999:0.0037871324398407922:0;-0.00048883853857671015:0.0058362359939734803:0;-0.0052386147685006173:0.0025286971260682022:0;0.005018395916344111:-0.0028897095337873128:0;-0.0054000727217992798:-0.0046498343867414594:0;-0.00038010689744080712:-0.0046125942797956574:0,0.0064187892602221054:0.0037515113602123902:0;-0.00048174303913037746:0.005754626985930762:0;-0.005195143076210852:0.0025092694776948734:0;0.0049649669810333001:-0.0028571309353775951:0;-0.0053329435029862374:-0.0045834307963844318:0;-0.00037702146210052349:-0.0045823022682077007:0,7.0458234893394051e-05:3.5621079628402156e-05:0;-7.0954994463326756e-06:8.1609008042718087e-05:0;-4.3471692289765049e-05:1.9427648373328801e-05:0;5.3428935310810929e-05:-3.257859840971761e-05:0;-6.712921881304242e-05:-6.6403590357027743e-05:0;-3.0854353402836442e-06:-3.0292011587956422e-05:0,true,0.00619580078148654,6.4081276053229794e-05,3.9703482024925582e-07,true,9,true,0.00619580078148654,6.4081276053229794e-05,3.9703482024925582e-07,true,9,true,0.0061279456030811259,1.3689028213283627e-05,8.3885620250044879e-08,true,8,true,6.9485889391269484e-05,0.0046632462127856426,3.2402981054587946e-07,true,12,true
11,n6_irregular_f0.1_d2.5,6,irregular,n6_irregular,3,0.10000000000000001,2.5,0.021853993820382198,0.0084023111035292902,7,12,13,21,false,64,28,168,168,true,balanced_sqrt,3.7966999417658996e-09,1.0190286446635632,5.4844610258015864e-17,8.2662108260522057e-24,3.2892894917485627e-16,0,0,1.760985686937858e-16,true,true,-2.3679942044741655:-1.7551015868455586:0;0.13929377673377458:-1.5640701216106678:0;2.8376132231766062:-1.8983751857717266:0;-1.6038683435346028:0.96709679275163363:0;1.1899668355256734:0.70442852805365908:0;-0.19501128742728385:3.5460215734226583:0,0.0064894239489213515:0.0037871752945665181:0;-0.00048888283183949729:0.0058364438608588124:0;-0.0052386642049811411:0.0025287107604460039:0;0.0050184137463321421:-0.0028897180899478962:0;-0.0054001799400031558:-0.0046499961981581834:0;-0.00038011178018489616:-0.0046126069269025894:0,0:0:0;0:0:0;0:0:0;0:0:0;0:0:0;0:0:0,0.0064894239489213515:0.0037871752945665181:0;-0.00048888283183949729:0.0058364438608588124:0;-0.0052386642049811411:0.0025287107604460039:0;0.0050184137463321421:-0.0028897180899478962:0;-0.0054001799400031558:-0.0046499961981581834:0;-0.00038011178018489616:-0.0046126069269025894:0,0.00641883127125693:0.0037515235981254208:0;-0.0004817538439941856:0.0057546553976553306:0;-0.005195160066325321:0.0025092768311684422:0;0.0049649719561941754:-0.002857135208484237:0;-0.0053329620061937696:-0.0045834625860715671:0;-0.00037702337837959018:-0.0045823056215333318:0,7.0592677664421246e-05:3.5651696441097136e-05:0;-7.1289878453116985e-06:8.1788463203481861e-05:0;-4.3504138655819779e-05:1.9433929277561553e-05:0;5.3441790137966441e-05:-3.258288146365905e-05:0;-6.7217933809385832e-05:-6.6533612086616589e-05:0;-3.0884018053059593e-06:-3.0301305369257923e-05:0,true,0.0061959175652329017,2.27321489488813e-05,1.4084652096786428e-07,true,9,true,0.0061959175652329017,2.27321489488813e-05,1.4084652096786428e-07,true,9,true,0.0061279697649121445,4.5146295488869578e-06,2.7665513375358231e-08,true,8,true,6.9588290514652047e-05,0.0016435432822051871,1.1437136739549932e-07,true,12,true
11,n6_irregular_f0.1_d2.5,6,irregular,n6_irregular,3,0.10000000000000001,2.5,0.021853993820382198,0.0084023111035292902,8,12,13,21,false,81,36,216,216,true,balanced_sqrt,2.6474045168882299e-07,1.0190379647656846,4.0464529118277723e-17,1.412933163444196e-25,2.9776436629361512e-16,0,0,1.7609916581650769e-16,true,true,-2.3679942044741655:-1.7551015868455586:0;0.13929377673377458:-1.5640701216106678:0;2.8376132231766062:-1.8983751857717266:0;-1.6038683435346028:0.96709679275163363:0;1.1899668355256734:0.70442852805365908:0;-0.19501128742728385:3.5460215734226583:0,0.0064894592622302448:0.0037871809927415147:0;-0.00048889630574080155:0.0058364702634007568:0;-0.0052386703851004125:0.0025287114418898297:0;0.0050184201849902549:-0.0028897219945215611:0;-0.0054002006328460255:-0.0046500331561674683:0;-0.00038011218533189425:-0.0046126086958357942:0,0:0:0;0:0:0;0:0:0;0:0:0;0:0:0;0:0:0,0.0064894592622302448:0.0037871809927415147:0;-0.00048889630574080155:0.0058364702634007568:0;-0.0052386703851004125:0.0025287114418898297:0;0.0050184201849902549:-0.0028897219945215611:0;-0.0054002006328460255:-0.0046500331561674683:0;-0.00038011218533189425:-0.0046126086958357942:0,0.006418835625969903:0.0037515236831159402:0;-0.00048175612964005196:0.0057546617778934375:0;-0.0051951594271346276:0.0025092761811743233:0;0.0049649727427957396:-0.0028571358847651225:0;-0.0053329656733094952:-0.0045834687823022033:0;-0.00037702323678854216:-0.0045823056744237738:0,7.0623636260342011e-05:3.565730962557434e-05:0;-7.1401761007495674e-06:8.1808485507319596e-05:0;-4.3510957965784676e-05:1.9435260715506387e-05:0;5.3447442194515134e-05:-3.25861097564386e-05:0;-6.7234959536530215e-05:-6.6564373865265184e-05:0;-3.088948543352086e-06:-3.0303021412020575e-05:0,true,0.0061959385746209314,4.1936483491503262e-06,2.5983587574895893e-08,true,9,true,0.0061959385746209314,4.1936483491503262e-06,2.5983587574895893e-08,true,9,true,0.0061279728959098773,7.257452260616993e-07,4.44734707464208e-09,true,8,true,6.9607637217773989e-05,0.00031288852548368769,2.1779430971472765e-08,true,12,true
11,n6_irregular_f0.1_d2.5,6,irregular,n6_irregular,3,0.10000000000000001,2.5,0.021853993820382198,0.0084023111035292902,9,12,13,21,false,100,45,270,270,true,balanced_sqrt,1.7727483786983362e-05,1.019041198421164,4.5430591629978975e-17,1.6452149448158265e-27,2.9901056649487672e-16,0,0,1.7609931731281498e-16,true,true,-2.3679942044741655:-1.7551015868455586:0;0.13929377673377458:-1.5640701216106678:0;2.8376132231766062:-1.8983751857717266:0;-1.6038683435346028:0.96709679275163363:0;1.1899668355256734:0.70442852805365908:0;-0.19501128742728385:3.5460215734226583:0,0.0064894679757796095:0.0037871823182197366:0;-0.00048889876467329927:0.0058364793810338697:0;-0.0052386723303278334:0.0025287119645133016:0;0.0050184207713976099:-0.0028897225228448993:0;-0.005400205182027995:-0.0046500417379625892:0;-0.00038011232286718334:-0.0046126090575363205:0,0:0:0;0:0:0;0:0:0;0:0:0;0:0:0;0:0:0,0.0064894679757796095:0.0037871823182197366:0;-0.00048889876467329927:0.0058364793810338697:0;-0.0052386723303278334:0.0025287119645133016:0;0.0050184207713976099:-0.0028897225228448993:0;-0.005400205182027995:-0.0046500417379625892:0;-0.00038011232286718334:-0.0046126090575363205:0,0.0064188374852347076:0.0037515240548987553:0;-0.00048175662896476776:0.0057546631656623772:0;-0.0051951599895069638:0.0025092764338045487:0;0.0049649728568518315:-0.0028571359524525181:0;-0.0053329664124359766:-0.0045834703123420195:0;-0.00037702327753918579:-0.0045823057498525863:0,7.0630490544902055e-05:3.5658263320981322e-05:0;-7.1421357085315235e-06:8.1816215371492657e-05:0;-4.3512340820869851e-05:1.9435530708753107e-05:0;5.3447914545778712e-05:-3.258657039238132e-05:0;-6.7238769592018851e-05:-6.6571425620569655e-05:0;-3.0890453279975509e-06:-3.0303307683734076e-05:0,true,0.0061959439049233773,1.0746925053800733e-06,6.6587344783764996e-09,true,9,true,0.0061959439049233773,1.0746925053800733e-06,6.6587344783764996e-09,true,9,true,0.0061279739072992619,2.0055595913211763e-07,1.229001684514994e-09,true,8,true,6.961243715238143e-05,7.8295482553692e-05,5.450339358584261e-09,true,12,true
11,n6_irregular_f0.1_d2.5,6,irregular,n6_irregular,3,0.10000000000000001,2.5,0.021853993820382198,0.0084023111035292902,10,12,13,21,false,121,55,330,330,true,balanced_sqrt,0.0013281977808255959,1.0190421799342899,3.6582818761201614e-17,2.0718418885033808e-29,2.7756911100566414e-16,0,0,1.7609934622951352e-16,true,true,-2.3679942044741655:-1.7551015868455586:0;0.13929377673377458:-1.5640701216106678:0;2.8376132231766062:-1.8983751857717266:0;-1.6038683435346028:0.96709679275163363:0;1.1899668355256734:0.70442852805365908:0;-0.19501128742728385:3.5460215734226583:0,0.0064894697425142128:0.0037871825053298574:0;-0.00048889959324489916:0.005836480808330562:0;-0.0052386725706344154:0.0025287119673017304:0;0.0050184209422356931:-0.0028897226348671046:0;-0.0054002061883796472:-0.0046500436342143854:0;-0.00038011233812586368:-0.0046126091028253465:0,0:0:0;0:0:0;0:0:0;0:0:0;0:0:0;0:0:0,0.0064894697425142128:0.0037871825053298574:0;-0.00048889959324489916:0.005836480808330562:0;-0.0052386725706344154:0.0025287119673017304:0;0.0050184209422356931:-0.0028897226348671046:0;-0.0054002061883796472:-0.0046500436342143854:0;-0.00038011233812586368:-0.0046126091028253465:0,0.0064188377533551961:0.003751524057862029:0;-0.00048175674085248056:0.0057546634608849857:0;-0.0051951599764273101:0.0025092763921101694:0;0.0049649728718789959:-0.0028571359589442103:0;-0.0053329666026592287:-0.0045834706469770137:0;-0.00037702327681778575:-0.004582305751852242:0,7.063198915901687e-05:3.5658447467828622e-05:0;-7.1428523924186299e-06:8.1817347445576222e-05:0;-4.3512594207105428e-05:1.9435575191561071e-05:0;5.3448070356697275e-05:-3.2586675922894413e-05:0;-6.7239585720418616e-05:-6.6572987237371672e-05:0;-3.0890613080779516e-06:-3.0303350973104313e-05:0,true,0.006195944922339258,2.1442336639594652e-07,1.3285553682518552e-09,true,9,true,0.006195944922339258,2.1442336639594652e-07,1.3285553682518552e-09,true,9,true,0.0061279740694699467,3.7799101821956612e-08,2.3163191581420435e-10,true,8,true,6.9613380489969541e-05,1.5827027335819073e-05,1.101772875953522e-09,true,12,true
11,n6_irregular_f0.1_d2.5,6,irregular,n6_irregular,3,0.10000000000000001,2.5,0.021853993820382198,0.0084023111035292902,11,12,13,21,false,144,66,396,396,true,balanced_sqrt,0.11964120147910685,1.0190424767633504,3.3867763235581478e-17,2.1946380456966044e-31,2.0150970258187526e-16,0,0,1.7609935325458678e-16,true,true,-2.3679942044741655:-1.7551015868455586:0;0.13929377673377458:-1.5640701216106678:0;2.8376132231766062:-1.8983751857717266:0;-1.6038683435346028:0.96709679275163363:0;1.1899668355256734:0.70442852805365908:0;-0.19501128742728385:3.5460215734226583:0,0.0064894701434922292:0.0037871825645537554:0;-0.00048889972661420597:0.0058364812731743375:0;-0.0052386726350203121:0.0025287119837934862:0;0.0050184209579554051:-0.0028897226483382988:0;-0.0054002064025966291:-0.0046500440415955394:0;-0.00038011234166696078:-0.0046126091103728855:0,0:0:0;0:0:0;0:0:0;0:0:0;0:0:0;0:0:0,0.0064894701434922292:0.0037871825645537554:0;-0.00048889972661420597:0.0058364812731743375:0;-0.0052386726350203121:0.0025287119837934862:0;0.0050184209579554051:-0.0028897226483382988:0;-0.0054002064025966291:-0.0046500440415955394:0;-0.00038011234166696078:-0.0046126091103728855:0,0.0064188378255399022:0.0037515240754456437:0;-0.0004817567657215715:0.0057546635243389353:0;-0.0051951599947168666:0.0025092764009933361:0;0.0049649728749108155:-0.0028571359610223687:0;-0.0053329666387807798:-0.0045834707133500076:0;-0.00037702327778970973:-0.0045823057530960448:0,7.063231795232675e-05:3.5658489108111613e-05:0;-7.1429608926344726e-06:8.1817748835402384e-05:0;-4.3512640303445268e-05:1.943558280015016e-05:0;5.3448083044589984e-05:-3.2586687315930051e-05:0;-6.7239763815849529e-05:-6.6573328245531546e-05:0;-3.0890638772510287e-06:-3.0303357276840888e-05:0,true,0.0061959451695120498,5.1668610296502069e-08,3.2013587638201255e-10,true,9,true,0.0061959451695120498,5.1668610296502069e-08,3.2013587638201255e-10,true,9,true,0.0061279741115627551,8.5066369322485442e-09,5.2128450897282698e-11,true,8,true,6.9613611295383886e-05,3.8601060267101128e-06,2.6871592050236654e-10,true,12,true
11,n6_irregular_f0.1_d2.5,6,irregular,n6_irregular,3,0.10000000000000001,2.5,0.021853993820382198,0.0084023111035292902,12,12,13,21,false,169,78,468,468,true,balanced_sqrt,12.656587054663351,1.0190425646538024,4.0372974733887601e-17,9.4088792108890549e-34,3.0751968534208896e-16,0,0,1.7609935451781938e-16,true,true,-2.3679942044741655:-1.7551015868455586:0;0.13929377673377458:-1.5640701216106678:0;2.8376132231766062:-1.8983751857717266:0;-1.6038683435346028:0.96709679275163363:0;1.1899668355256734:0.70442852805365908:0;-0.19501128742728385:3.5460215734226583:0,0.0064894702247237923:0.003787182572235895:0;-0.00048889975423005091:0.0058364813329975437:0;-0.0052386726428071346:0.0025287119837552161:0;0.005018420962957449:-0.0028897226517464948:0;-0.0054002064477117638:-0.0046500441296000962:0;-0.00038011234203547627:-0.0046126091114062611:0,0:0:0;0:0:0;0:0:0;0:0:0;0:0:0;0:0:0,0.0064894702247237923:0.003787182572235895:0;-0.00048889975423005091:0.0058364813329975437:0;-0.0052386726428071346:0.0025287119837552161:0;0.005018420962957449:-0.0028897226517464948:0;-0.0054002064477117638:-0.0046500441296000962:0;-0.00038011234203547627:-0.0046126091114062611:0,0.0064188378374105378:0.0037515240747378565:0;-0.00048175677111592541:0.0057546635376835315:0;-0.0051951599946574037:0.0025092763998471454:0;0.0049649728755293823:-0.0028571359615482553:0;-0.0053329666453984688:-0.0045834707281047476:0;-0.00037702327776434314:-0.0045823057532158248:0,7.0632387313254369e-05:3.5658497498038564e-05:0;-7.1429831141255265e-06:8.181779531401234e-05:0;-4.3512648149730521e-05:1.94355839080708e-05:0;5.3448087428066374e-05:-3.2586690198239615e-05:0;-6.7239802313295198e-05:-6.6573401495348471e-05:0;-3.0890642711331297e-06:-3.03033581904361e-05:0,true,0.0061959452139580956,9.5204612716691848e-09,5.8988256450872095e-11,true,9,true,0.0061959452139580956,9.5204612716691848e-09,5.8988256450872095e-11,true,9,true,0.0061279741185737901,1.64820335267446e-09,1.0100147487335639e-11,true,8,true,6.9613652821993945e-05,7.0555099312525337e-07,4.9115981883634423e-11,true,12,true
12,n6_irregular_f1.0_d4.0,6,irregular,n6_irregular,4,1,4,0.053354477100542468,0.021751039794110992,2,9,13,21,false,9,3,18,18,true,balanced_sqrt,7.2250320408936145e-17,1.0375762833223119,2.8485209936347505e-17,1.8900645639559439e-17,9.1448689452676805e-17,0,0,2.8142518534332816e-15,true,true,-3.7887907271586649:-2.8081625389528937:0;0.22287004277403932:-2.5025121945770685:0;4.5401811570825696:-3.0374002972347625:0;-2.5661893496553647:1.5473548684026137:0;1.9039469368410775:1.1270856448858546:0;-0.31201805988365416:5.6736345174762537:0,0.10329446843910081:0.060509365502232682:0;-0.0078203204885151836:0.093439719645609903:0;-0.083706734975732083:0.04057071441966939:0;0.080377885027736837:-0.046439231841591051:0;-0.086298368320935695:-0.074008738171487745:0;-0.0059210634451633678:-0.073986309940615502:0,0:0:0;0:0:0;0:0:0;0:0:0;0:0:0;0:0:0,0.10329446843910081:0.060509365502232682:0;-0.0078203204885151836:0.093439719645609903:0;-0.083706734975732083:0.04057071441966939:0;0.080377885027736837:-0.046439231841591051:0;-0.086298368320935695:-0.074008738171487745:0;-0.0059210634451633678:-0.073986309940615502:0,0.10142615061917397:0.059414903136779648:0;-0.0075945932784254998:0.090742661912370223:0;-0.082511527583804284:0.039991409181241729:0;0.078532330268622955:-0.045372940048335787:0;-0.084128829290523385:-0.072148170431776168:0;-0.0058472356957942617:-0.073063615956103112:0,0.0018683178199268412:0.0010944623654530333:0;-0.00022572721008968345:0.0026970577332396835:0;-0.0011952073919278038:0.00057930523842766109:0;0.0018455547591138808:-0.0010662917932552645:0;-0.0021695390304123144:-0.0018605677397115807:0;-7.382774936910603e-05:-0.00092269398451238398:0,true,0.099017684362881678,0,0,false,7,true,0.099017684362881678,0,0,false,7,true,0.096952135456160188,0,0,false,6,true,0.0021348741182976188,0,0,false,9,true
12,n6_irregular_f1.0_d4.0,6,irregular,n6_irregular,4,1,4,0.053354477100542468,0.021751039794110992,3,9,13,21,false,16,6,36,36,true,balanced_sqrt,5.5407711967917298e-16,1.0381672149422161,1.5886971399405782e-17,2.5058191078955135e-17,7.6293327104708206e-17,0,0,2.8242833184247103e-15,true,true,-3.7887907271586649:-2.8081625389528937:0;0.22287004277403932:-2.5025121945770685:0;4.5401811570825696:-3.0374002972347625:0;-2.5661893496553647:1.5473548684026137:0;1.9039469368410775:1.1270856448858546:0;-0.31201805988365416:5.6736345174762537:0,0.10377471162702316:0.060718455111172701:0;-0.007801930317424907:0.093728689140897006:0;-0.084028241040741788:0.040706196562684968:0;0.080581297785927861:-0.046581826495082634:0;-0.086562930216086825:-0.074366693072535794:0;-0.0059450188329408949:-0.074198645032379343:0,0:0:0;0:0:0;0:0:0;0:0:0;0:0:0;0:0:0,0.10377471162702316:0.060718455111172701:0;-0.007801930317424907:0.093728689140897006:0;-0.084028241040741788:0.040706196562684968:0;0.080581297785927861:-0.046581826495082634:0;-0.086562930216086825:-0.074366693072535794:0;-0.0059450188329408949:-0.074198645032379343:0,0.10159237137699552:0.059492261243021281:0;-0.0076061309695859098:0.090876860278449698:0;-0.082633301319547714:0.040045418037720042:0;0.078629802799076207:-0.045430190990736523:0;-0.084234324769275309:-0.072261391472363018:0;-0.0058550741466544126:-0.073153741617634119:0,0.0021823402500276414:0.0012261938681514225:0;-0.00019579934783899689:0.0028518288624473048:0;-0.0013949397211940808:0.00066077852496492439:0;0.0019514949868516482:-0.0011516355043461087:0;-0.0023286054468115189:-0.0021053016001727713:0;-8.9944686286481967e-05:-0.0010449034147452174:0,true,0.099370635159736195,0.0036409480542651971,0.0003618033207359383,true,7,true,0.099370635159736195,0.0036409480542651971,0.0003618033207359383,true,7,true,0.097089412518774149,0.0014222946450819015,0.0001380897515196002,true,6,true,0.0023419763400893447,0.09646607729933121,0.00022592127065626351,true,9,true
12,n6_irregular_f1.0_d4.0,6,irregular,n6_irregular,4,1,4,0.053354477100542468,0.021751039794110992,4,9,13,21,false,25,10,60,60,true,balanced_sqrt,1.0846732962890084e-14,1.0382272407222983,2.0092553782199604e-17,2.0968085042496075e-18,1.3787353398512795e-16,0,0,2.8255160655910936e-15,true,true,-3.7887907271586649:-2.8081625389528937:0;0.22287004277403932:-2.5025121945770685:0;4.5401811570825696:-3.0374002972347625:0;-2.5661893496553647:1.5473548684026137:0;1.9039469368410775:1.1270856448858546:0;-0.31201805988365416:5.6736345174762537:0,0.10382711491913268:0.06073479375748761:0;-0.007823823884928572:0.093779862242860196:0;-0.084056528144896656:0.040715778485510806:0;0.080607778938341007:-0.046598873640076664:0;-0.086606731846410628:-0.074417090890880805:0;-0.0059478294802827745:-0.074214966124865084:0,0:0:0;0:0:0;0:0:0;0:0:0;0:0:0;0:0:0,0.10382711491913268:0.06073479375748761:0;-0.007823823884928572:0.093779862242860196:0;-0.084056528144896656:0.040715778485510806:0;0.080607778938341007:-0.046598873640076664:0;-0.086606731846410628:-0.074417090890880805:0;-0.0059478294802827745:-0.074214966124865084:0,0.10160872807158394:0.059499579706899987:0;-0.0076083523938516757:0.090892871554428212:0;-0.082641644836077957:0.040048741855288145:0;0.078639396616246832:-0.045435390406675685:0;-0.084248849823245486:-0.072276481675085463:0;-0.005855942948808055:-0.073160651421616069:0,0.002218386847548747:0.0012352140505876243:0;-0.00021547149107689604:0.0028869906884319819:0;-0.001414883308818702:0.00066703663022265865:0;0.0019683823220941793:-0.0011634832334009814:0;-0.0023578820231651481:-0.0021406092157953398:0;-9.1886531474719846e-05:-0.0010543147032490189:0,true,0.09941400859472968,0.00046328878332448434,4.6057395087262144e-05,true,7,true,0.09941400859472968,0.00046328878332448434,4.6057395087262144e-05,true,7,true,0.097103500453797287,0.00014978767166031989,1.4544907243041111e-05,true,6,true,0.0023722362894093448,0.013399745176494005,3.1787361776516905e-05,true,9,true
12,n6_irregular_f1.0_d4.0,6,irregular,n6_irregular,4,1,4,0.053354477100542468,0.021751039794110992,5,9,13,21,false,36,15,90,90,true,balanced_sqrt,3.5433076133982239e-13,1.0382341885386071,2.2473921354144546e-17,9.5344592222472417e-20,1.1790260691835296e-16,0,0,2.8256101208293628e-15,true,true,-3.7887907271586649:-2.8081625389528937:0;0.22287004277403932:-2.5025121945770685:0;4.5401811570825696:-3.0374002972347625:0;-2.5661893496553647:1.5473548684026137:0;1.9039469368410775:1.1270856448858546:0;-0.31201805988365416:5.6736345174762537:0,0.10383228949477175:0.060736041190426533:0;-0.007825084939836793:0.093784652468079904:0;-0.084058669751118004:0.040716265208550026:0;0.080608674113742729:-0.046599727537902098:0;-0.086609286972046687:-0.074421284095091605:0;-0.0059480631870061935:-0.074215711180958127:0,0:0:0;0:0:0;0:0:0;0:0:0;0:0:0;0:0:0,0.10383228949477175:0.060736041190426533:0;-0.007825084939836793:0.093784652468079904:0;-0.084058669751118004:0.040716265208550026:0;0.080608674113742729:-0.046599727537902098:0;-0.086609286972046687:-0.074421284095091605:0;-0.0059480631870061935:-0.074215711180958127:0,0.10160940441178068:0.059499839159833499:0;-0.0076084666577359659:0.090893253497377383:0;-0.082642018963062502:0.040048819584181508:0;0.078639445908867192:-0.045435403319641049:0;-0.084249181258315597:-0.072276878507215522:0;-0.0058559893847245593:-0.073160737460362141:0,0.0022228850829910597:0.001236202030593036:0;-0.00021661828210082704:0.0028913989707025217:0;-0.0014166507880554952:0.00066744562436851557:0;0.0019692282048755323:-0.0011643242182610488:0;-0.0023601057137310859:-0.0021444055878760892:0;-9.2073802281634272e-05:-0.0010549737205959803:0,true,0.099417317869229846,3.762333566350423e-05,3.7404111209593316e-06,true,7,true,0.099417317869229846,3.762333566350423e-05,3.7404111209593316e-06,true,7,true,0.09710388047866933,4.4278116980378845e-06,4.299576979083246e-07,true,6,true,0.0023753048999709111,0.001401562353956443,3.3291379269675036e-06,true,9,true
12,n6_irregular_f1.0_d4.0,6,irregular,n6_irregular,4,1,4,0.053354477100542468,0.021751039794110992,6,9,13,21,false,49,21,126,126,true,balanced_sqrt,1.7072644301626321e-11,1.0382348044320426,3.7347949694759941e-17,2.6195861400652973e-21,2.1425991424823848e-16,0,0,2.8256192123179413e-15,true,true,-3.7887907271586649:-2.8081625389528937:0;0.22287004277403932:-2.5025121945770685:0;4.5401811570825696:-3.0374002972347625:0;-2.5661893496553647:1.5473548684026137:0;1.9039469368410775:1.1270856448858546:0;-0.31201805988365416:5.6736345174762537:0,0.10383286379734823:0.06073616399531475:0;-0.00782512807760051:0.093784894546274505:0;-0.084058821123943597:0.040716289373462035:0;0.080608801365411889:-0.046599798183037992:0;-0.08660963271100254:-0.074421816502382804:0;-0.0059480776089602949:-0.074215761948883352:0,0:0:0;0:0:0;0:0:0;0:0:0;0:0:0;0:0:0,0.10383286379734823:0.06073616399531475:0;-0.00782512807760051:0.093784894546274505:0;-0.084058821123943597:0.040716289373462035:0;0.080608801365411889:-0.046599798183037992:0;-0.08660963271100254:-0.074421816502382804:0;-0.0059480776089602949:-0.074215761948883352:0,0.10160943635919072:0.059499831261597698:0;-0.0076084817337351502:0.090893300126347845:0;-0.082642015733621579:0.040048813984647831:0;0.078639455312630363:-0.045435409970665953:0;-0.084249207812136101:-0.072276933852001984:0;-0.005855987960819686:-0.073160738248563284:0,0.0022234274381575155:0.0012363327337170523:0;-0.00021664634386535996:0.0028915944199266615:0;-0.0014168053903220162:0.00066747538881420084:0;0.0019693460527815195:-0.0011643882123720359:0;-0.0023604248988664399:-0.0021448826503808211:0;-9.2089648140608965e-05:-0.0010550237003200647:0,true,0.099417637747546833,3.7988654295628466e-06,3.7767422712795799e-07,true,7,true,0.099417637747546833,3.7988654295628466e-06,3.7767422712795799e-07,true,7,true,0.097103904450160955,3.6239042911563469e-07,3.5189525602497418e-08,true,6,true,0.0023756076282688008,0.00014634606417825375,3.4766082642897508e-07,true,9,true
12,n6_irregular_f1.0_d4.0,6,irregular,n6_irregular,4,1,4,0.053354477100542468,0.021751039794110992,7,9,13,21,false,64,28,168,168,true,balanced_sqrt,4.7546073165412576e-10,1.038234871479075,3.4576879126630318e-17,4.177664769119342e-23,2.4286788513086914e-16,0,0,2.8256204313458644e-15,true,true,-3.7887907271586649:-2.8081625389528937:0;0.22287004277403932:-2.5025121945770685:0;4.5401811570825696:-3.0374002972347625:0;-2.5661893496553647:1.5473548684026137:0;1.9039469368410775:1.1270856448858546:0;-0.31201805988365416:5.6736345174762537:0,0.10383292707183016:0.060736178922828621:0;-0.0078251435747490918:0.093784974548317315:0;-0.084058837629689062:0.040716293233785297:0;0.080608807676956759:-0.046599800726856676:0;-0.086609673201779272:-0.074421876449342991:0;-0.0059480791765259104:-0.074215766451860885:0,0:0:0;0:0:0;0:0:0;0:0:0;0:0:0;0:0:0,0.10383292707183016:0.060736178922828621:0;-0.0078251435747490918:0.093784974548317315:0;-0.084058837629689062:0.040716293233785297:0;0.080608807676956759:-0.046599800726856676:0;-0.086609673201779272:-0.074421876449342991:0;-0.0059480791765259104:-0.074215766451860885:0,0.10160944322294775:0.059499833269772005:0;-0.0076084834933944365:0.090893304783560294:0;-0.082642018526204342:0.040048815196632837:0;0.078639456143303962:-0.04543541069081744:0;-0.08424921084763573:-0.072276939057314291:0;-0.0058559882756224774:-0.073160738806712214:0,0.002223483848882405:0.0012363456530566188:0;-0.00021666008135465563:0.0028916697647570159:0;-0.0014168191034847168:0.00066747803715246144:0;0.0019693515336527958:-0.0011643900360392328:0;-0.0023604623541435468:-0.0021449373920286985:0;-9.2090900903433025e-05:-0.0010550276451486665:0,true,0.099417680638278869,5.2678029327726582e-07,5.2371274963578091e-08,true,7,true,0.099417680638278869,5.2678029327726582e-07,5.2371274963578091e-08,true,7,true,0.097103908407458264,4.6651205390433274e-08,4.5300143753301558e-09,true,6,true,0.0023756501758344156,2.0231102892665491e-05,4.806202314428493e-08,true,9,true
12,n6_irregular_f1.0_d4.0,6,irregular,n6_irregular,4,1,4,0.053354477100542468,0.021751039794110992,8,9,13,21,false,81,36,216,216,true,balanced_sqrt,2.1286510547882093e-08,1.0382348763145144,3.3993967257141897e-17,1.9085996265361197e-25,2.5189786757434501e-16,5.6987679979584244e-17,0,2.8256205208356252e-15,true,true,-3.7887907271586649:-2.8081625389528937:0;0.22287004277403932:-2.5025121945770685:0;4.5401811570825696:-3.0374002972347625:0;-2.5661893496553647:1.5473548684026137:0;1.9039469368410775:1.1270856448858546:0;-0.31201805988365416:5.6736345174762537:0,0.10383293245206239:0.060736179861534616:0;-0.0078251455261261985:0.093784978247793263:0;-0.084058838732559357:0.040716293416957081:0;0.080608808670635759:-0.046599801309498617:0;-0.086609676249787687:-0.074421881916060681:0;-0.0059480792584802973:-0.074215766742467049:0,0:0:0;0:0:0;0:0:0;0:0:0;0:0:0;0:0:0,0.10383293245206239:0.060736179861534616:0;-0.0078251455261261985:0.093784978247793263:0;-0.084058838732559357:0.040716293416957081:0;0.080608808670635759:-0.046599801309498617:0;-0.086609676249787687:-0.074421881916060681:0;-0.0059480792584802973:-0.074215766742467049:0,0.10160944350036354:0.059499833275450387:0;-0.0076084836394160766:0.090893305193112547:0;-0.08264201848643217:0.040048815155403476:0;0.078639456195006299:-0.045435410735423606:0;-0.084249211083258502:-0.072276939454004319:0;-0.005855988266380314:-0.073160738810493883:0,0.0022234889516988586:0.001236346586084226:0;-0.00021666188671012209:0.0028916730546807096:0;-0.0014168202461271894:0.00066747826155360689:0;0.0019693524756294622:-0.0011643905740750091:0;-0.0023604651665291793:-0.0021449424620563554:0;-9.2090992099983459e-05:-0.0010550279319731608:0,true,0.099417683786919911,3.8775620145324378e-08,3.8549823422495805e-09,true,7,true,0.099417683786919911,3.8775620145324378e-08,3.8549823422495805e-09,true,7,true,0.097103908607865774,2.9338631800163167e-09,2.8488958210028688e-10,true,6,true,0.0023756532962995306,1.5102019923111175e-06,3.5877163411120247e-09,true,9,true
12,n6_irregular_f1.0_d4.0,6,irregular,n6_irregular,4,1,4,0.053354477100542468,0.021751039794110992,9,9,13,21,false,100,45,270,270,true,balanced_sqrt,7.7584777384429748e-07,1.0382348767991409,2.51532130802211e-17,2.8792649654136034e-26,1.8266823691472843e-16,3.5617299878898111e-18,0,2.8256205294307042e-15,true,true,-3.7887907271586649:-2.8081625389528937:0;0.22287004277403932:-2.5025121945770685:0;4.5401811570825696:-3.0374002972347625:0;-2.5661893496553647:1.5473548684026137:0;1.9039469368410775:1.1270856448858546:0;-0.31201805988365416:5.6736345174762537:0,0.10383293293701602:0.06073617993239358:0;-0.00782514566103178:0.093784978777930919:0;-0.084058838836542568:0.04071629344081637:0;0.080608808704675974:-0.046599801341565723:0;-0.086609676513814418:-0.074421882407359544:0;-0.0059480792658127895:-0.074215766763132643:0,0:0:0;0:0:0;0:0:0;0:0:0;0:0:0;0:0:0,0.10383293293701602:0.06073617993239358:0;-0.00782514566103178:0.093784978777930919:0;-0.084058838836542568:0.04071629344081637:0;0.080608808704675974:-0.046599801341565723:0;-0.086609676513814418:-0.074421882407359544:0;-0.0059480792658127895:-0.074215766763132643:0,0.1016094435467922:0.059499833284803516:0;-0.0076084836517856446:0.090893305227856713:0;-0.082642018500611092:0.040048815161778113:0;0.078639456197961033:-0.045435410737231931:0;-0.084249211101795549:-0.072276939492250267:0;-0.0058559882674072798:-0.073160738812429793:0,0.0022234893902238241:0.0012363466475900657:0;-0.00021666200924613558:0.0028916735500742054:0;-0.0014168203359314706:0.00066747827903825528:0;0.0019693525067149384:-0.0011643906043337941:0;-0.0023604654120188756:-0.0021449429151092791:0;-9.2090998405510143e-05:-0.0010550279507028507:0,true,0.099417684089332367,3.8182426597153482e-09,3.7960084251999269e-10,true,7,true,0.099417684089332367,3.8182426597153482e-09,3.7960084251999269e-10,true,7,true,0.097103908633167715,3.1652441139361488e-10,3.0735757524132767e-11,true,6,true,0.0023756535991709387,1.4709537903761542e-07,3.494476666321245e-10,true,9,true
13,n10_linear_f0.1_d4.0,10,linear,n10_linear,1,0.10000000000000001,4,0.0036926938657407412,0.0019210938400393322,2,9,13,21,false,9,3,30,30,true,balanced_sqrt,1.4469082274389927e-16,1.0034062133927046,3.3083771248943436e-17,1.854212161043996e-17,1.3930375194141625e-16,0,0,1.0575588515082302e-17,true,true,-18:0:0;-14:0:0;-10:0:0;-6:0:0;-2:0:0;2:0:0;6:0:0;10:0:0;14:0:0;18:0:0,0.00082848056098771953:4.1852396352013356e-22:0;7.3357718789489811e-05:9.2493795937949519e-20:0;2.0980146461188107e-05:9.8980917372511585e-20:0;8.2546776830325959e-06:1.0065501322659212e-19:0;2.3208539930087998e-06:1.0102122169467224e-19:0;-2.3208539930087727e-06:1.014920611536324e-19:0;-8.2546776830327026e-06:1.0138743016275235e-19:0;-2.0980146461188361e-05:1.0170132313539245e-19:0;-7.3357718789489757e-05:1.0170132313539245e-19:0;-0.00082848056098771953:1.0170132313539245e-19:0,0:0:0;0:0:0;0:0:0;0:0:0;0:0:0;0:0:0;0:0:0;0:0:0;0:0:0;0:0:0,0.00082848056098771953:4.1852396352013356e-22:0;7.3357718789489811e-05:9.2493795937949519e-20:0;2.0980146461188107e-05:9.8980917372511585e-20:0;8.2546776830325959e-06:1.0065501322659212e-19:0;2.3208539930087998e-06:1.0102122169467224e-19:0;-2.3208539930087727e-06:1.014920611536324e-19:0;-8.2546776830327026e-06:1.0138743016275235e-19:0;-2.0980146461188361e-05:1.0170132313539245e-19:0;-7.3357718789489757e-05:1.0170132313539245e-19:0;-0.00082848056098771953:1.0170132313539245e-19:0,0.00082762360024166289:4.1852396352013356e-22:0;7.3219761459782142e-05:9.2320909574112589e-20:0;2.0937821478897286e-05:9.8780442759126209e-20:0;8.2375768565451678e-06:1.0044942967810518e-19:0;2.3159928598845624e-06:1.0081012049627561e-19:0;-2.3159928598845357e-06:1.0127983598951342e-19:0;-8.2375768565452745e-06:1.0118389018830603e-19:0;-2.093782147889754e-05:1.0149778316094614e-19:0;-7.3219761459782087e-05:1.0151045331999802e-19:0;-0.00082762360024166289:1.0159015270758242e-19:0,8.5696074605658924e-07:0:0;1.3795732970767255e-07:1.7288636383693019e-22:0;4.2324982290820753e-08:2.004746133853765e-22:0;1.7100826487428031e-08:2.055835484869406e-22:0;4.861133124237205e-09:2.1110119839662985e-22:0;-4.8611331242371586e-09:2.1222516411897398e-22:0;-1.7100826487428236e-08:2.0353997444631498e-22:0;-4.2324982290821249e-08:2.0353997444631498e-22:0;-1.3795732970767244e-07:1.9086981539443592e-22:0;-8.5696074605658924e-07:1.1117042781003547e-22:0,true,0.00037209544137303401,0,0,false,6,true,0.00037209544137303401,0,0,false,6,true,0.00037170783446380999,0,0,false,6,true,3.8872134443831621e-07,0,0,false,9,true
13,n10_linear_f0.1_d4.0,10,linear,n10_linear,1,0.10000000000000001,4,0.0036926938657407412,0.0019210938400393322,3,9,13,21,false,16,6,60,60,true,balanced_sqrt,2.4581042365284539e-16,1.0034979847826426,2.9586469779572213e-17,2.3136713124502107e-17,1.6073656009244772e-16,3.9909709170001725e-35,0,1.0588932254064081e-17,true,true,-18:0:0;-14:0:0;-10:0:0;-6:0:0;-2:0:0;2:0:0;6:0:0;10:0:0;14:0:0;18:0:0,0.00082952256447582781:-4.185850269740998e-22:0;7.3486978870686135e-05:9.255442893717501e-20:0;2.1009515007250369e-05:9.9047422400237264e-20:0;8.2657719496922261e-06:1.0072326909395574e-19:0;2.3239436505112213e-06:1.0135174283116968e-19:0;-2.3239436505110743e-06:1.0182316904922751e-19:0;-8.2657719496923464e-06:1.0103811298765566e-19:0;-2.100951500725064e-05:1.0093395884799057e-19:0;-7.348697887068581e-05:1.0177427532597127e-19:0;-0.00082952256447582748:1.0138977045761148e-19:0,0:0:0;0:0:0;0:0:0;0:0:0;0:0:0;0:0:0;0:0:0;0:0:0;0:0:0;0:0:0,0.00082952256447582781:-4.185850269740998e-22:0;7.3486978870686135e-05:9.255442893717501e-20:0;2.1009515007250369e-05:9.9047422400237264e-20:0;8.2657719496922261e-06:1.0072326909395574e-19:0;2.3239436505112213e-06:1.0135174283116968e-19:0;-2.3239436505110743e-06:1.0182316904922751e-19:0;-8.2657719496923464e-06:1.0103811298765566e-19:0;-2.100951500725064e-05:1.0093395884799057e-19:0;-7.348697887068581e-05:1.0177427532597127e-19:0;-0.00082952256447582748:1.0138977045761148e-19:0,0.00082845798333327743:-4.2506340045013562e-22:0;7.3312954740763098e-05:9.2390789874925698e-20:0;2.0956725595382271e-05:9.8862629909499696e-20:0;8.2445458285903466e-06:1.0053066960203284e-19:0;2.317922159997108e-06:1.0114465405770482e-19:0;-2.3179221599969615e-06:1.0162959333296056e-19:0;-8.2445458285904669e-06:1.0084527230196166e-19:0;-2.0956725595382539e-05:1.0074162965227075e-19:0;-7.3312954740762772e-05:1.0159347323781204e-19:0;-0.00082845798333327711:1.0127272109959818e-19:0,1.064581142550375e-06:6.478373476035865e-24:0;1.7402412992303792e-07:1.6363906224930947e-22:0;5.2789411868099033e-08:1.8479249073757245e-22:0;2.1226121101879713e-08:1.925994919228962e-22:0;6.0214905141131056e-09:2.0708877346486594e-22:0;-6.0214905141127706e-09:1.9357571626694912e-22:0;-2.1226121101879988e-08:1.9284068569399648e-22:0;-5.2789411868099695e-08:1.9232919571981645e-22:0;-1.7402412992303715e-07:1.808020881592321e-22:0;-1.0645811425503744e-06:1.1704935801329901e-22:0,true,0.00037256493245042517,0.0012609393250352075,4.697817744558268e-07,true,6,true,0.00037256493245042517,0.0012609393250352075,4.697817744558268e-07,true,6,true,0.00037208331032934051,0.0010093890859420535,3.755768325076264e-07,true,6,true,4.8309231735554532e-07,0.19535978363400516,9.4376810593829492e-08,true,9,true
13,n10_linear_f0.1_d4.0,10,linear,n10_linear,1,0.10000000000000001,4,0.0036926938657407412,0.0019210938400393322,4,9,13,21,false,25,10,100,100,true,balanced_sqrt,3.0604859942498517e-15,1.0034984130901701,6.4603765039914715e-17,1.1279049530512315e-17,3.7967029970354938e-16,3.9942253102409059e-37,0,1.0590636990028331e-17,true,true,-18:0:0;-14:0:0;-10:0:0;-6:0:0;-2:0:0;2:0:0;6:0:0;10:0:0;14:0:0;18:0:0,0.00082965733342279591:6.4430588049137207e-26:0;7.3486065845500162e-05:9.3415969605501162e-20:0;2.1009748153594078e-05:9.886279834835169e-20:0;8.2658368109423454e-06:1.0074751018297182e-19:0;2.3239583399424295e-06:1.0116676884168152e-19:0;-2.3239583399429165e-06:1.0132392438725914e-19:0;-8.2658368109427282e-06:1.015858805664218e-19:0;-2.100974815359482e-05:1.0179564363881363e-19:0;-7.3486065845498969e-05:1.013788486592703e-19:0;-0.00082965733342279537:1.0266321621023665e-19:0,0:0:0;0:0:0;0:0:0;0:0:0;0:0:0;0:0:0;0:0:0;0:0:0;0:0:0;0:0:0,0.00082965733342279591:6.4430588049137207e-26:0;7.3486065845500162e-05:9.3415969605501162e-20:0;2.1009748153594078e-05:9.886279834835169e-20:0;8.2658368109423454e-06:1.0074751018297182e-19:0;2.3239583399424295e-06:1.0116676884168152e-19:0;-2.3239583399429165e-06:1.0132392438725914e-19:0;-8.2658368109427282e-06:1.015858805664218e-19:0;-2.100974815359482e-05:1.0179564363881363e-19:0;-7.3486065845498969e-05:1.013788486592703e-19:0;-0.00082965733342279537:1.0266321621023665e-19:0,0.00082856086803460968:1.3082785220353402e-23:0;7.3310899168757397e-05:9.3239591449011536e-20:0;2.0956829134670617e-05:9.866598569328135e-20:0;8.2445816989792015e-06:1.0053629145201976e-19:0;2.3179305812589678e-06:1.0094755495203797e-19:0;-2.3179305812594535e-06:1.011077607152526e-19:0;-8.2445816989795827e-06:1.0138965108549413e-19:0;-2.0956829134671356e-05:1.0159656122031019e-19:0;-7.3310899168756204e-05:1.0118765181976794e-19:0;-0.00082856086803460914:1.0252932727099815e-19:0,1.0964653881862357e-06:-1.3018354632304264e-23:0;1.7516667674276146e-07:1.7637815648962762e-22:0;5.2919018923461125e-08:1.968126550703439e-22:0;2.1255111963143793e-08:2.1121873095205796e-22:0;6.0277586834615075e-09:2.192138896435586e-22:0;-6.0277586834629261e-09:2.1616367200654304e-22:0;-2.1255111963144792e-08:1.9622948092766924e-22:0;-5.2919018923462905e-08:1.9908241850344468e-22:0;-1.7516667674275847e-07:1.911968395023534e-22:0;-1.0964653881862348e-06:1.3388893923849876e-22:0,true,0.00037262491251490457,0.00016174974872153875,6.0271985966671173e-08,true,6,true,0.00037262491251490457,0.00016174974872153875,6.0271985966671173e-08,true,6,true,0.00037212904605584004,0.0001236685132166324,4.6020645850449456e-08,true,6,true,4.972339989088895e-07,0.028695431304098018,1.4268344057751988e-08,true,9,true
13,n10_linear_f0.1_d4.0,10,linear,n10_linear,1,0.10000000000000001,4,0.0036926938657407412,0.0019210938400393322,5,9,13,21,false,36,15,150,150,true,balanced_sqrt,1.5353763808583797e-13,1.0034995373275435,7.9783054556062724e-17,1.1332381711477265e-19,5.9133150864863198e-16,0,0,1.0590699495371315e-17,true,true,-18:0:0;-14:0:0;-10:0:0;-6:0:0;-2:0:0;2:0:0;6:0:0;10:0:0;14:0:0;18:0:0,0.00082966221939677158:4.1846552985306229e-22:0;7.3486653905815408e-05:9.2577492009633921e-20:0;2.1009770536253159e-05:9.9280466895558782e-20:0;8.2658409070150119e-06:1.0043280721854942e-19:0;2.3239591918624625e-06:1.0121842412552464e-19:0;-2.3239591918637182e-06:1.016373030140179e-19:0;-8.2658409070146951e-06:1.012710352609143e-19:0;-2.1009770536251895e-05:1.0158591958255311e-19:0;-7.3486653905815042e-05:1.0137815453881259e-19:0;-0.00082966221939677245:1.018259198334388e-19:0,0:0:0;0:0:0;0:0:0;0:0:0;0:0:0;0:0:0;0:0:0;0:0:0;0:0:0;0:0:0,0.00082966221939677158:4.1846552985306229e-22:0;7.3486653905815408e-05:9.2577492009633921e-20:0;2.1009770536253159e-05:9.9280466895558782e-20:0;8.2658409070150119e-06:1.0043280721854942e-19:0;2.3239591918624625e-06:1.0121842412552464e-19:0;-2.3239591918637182e-06:1.016373030140179e-19:0;-8.2658409070146951e-06:1.012710352609143e-19:0;-2.1009770536251895e-05:1.0158591958255311e-19:0;-7.3486653905815042e-05:1.0137815453881259e-19:0;-0.00082966221939677245:1.018259198334388e-19:0,0.00082856175989384805:4.185253858329878e-22:0;7.3311339550235371e-05:9.2409786538239652e-20:0;2.0956835147924277e-05:9.9089790737624435e-20:0;8.2445821401486126e-06:1.002256774057884e-19:0;2.317930642576828e-06:1.0102093468423333e-19:0;-2.3179306425780799e-06:1.0142249112288269e-19:0;-8.2445821401482975e-06:1.0107419859091695e-19:0;-2.0956835147923016e-05:1.0137592118073992e-19:0;-7.3311339550235005e-05:1.011903039731775e-19:0;-0.00082856175989384892:1.0169151394194657e-19:0,1.1004595029234821e-06:-5.985597992552913e-26:0;1.7531435558003243e-07:1.6770547139426495e-22:0;5.2935388328882831e-08:1.9067615793434825e-22:0;2.1258766866399019e-08:2.0712981276101816e-22:0;6.028549285634533e-09:1.9748944129130204e-22:0;-6.0285492856381387e-09:2.1481189113520033e-22:0;-2.1258766866398321e-08:1.9683666999735098e-22:0;-5.2935388328879357e-08:2.0999840181318909e-22:0;-1.7531435558003135e-07:1.8785056563509129e-22:0;-1.1004595029234837e-06:1.3440589149222917e-22:0,true,0.00037262711172614965,5.9063519825646681e-06,2.20086688010109e-09,true,6,true,0.00037262711172614965,5.9063519825646681e-06,2.20086688010109e-09,true,6,true,0.00037212946062938583,1.1953735131745656e-06,4.4483370070830514e-10,true,6,true,4.9900634760686962e-07,0.0035820360525597164,1.787458727583953e-09,true,9,true
13,n10_linear_f0.1_d4.0,10,linear,n10_linear,1,0.10000000000000001,4,0.0036926938657407412,0.0019210938400393322,6,9,13,21,false,49,21,210,210,true,balanced_sqrt,3.5928619093746075e-12,1.0034995407902387,6.6149122891063493e-17,1.6597412030673284e-20,5.3483919030674193e-16,3.9903028676461114e-35,0,1.0590705034122927e-17,true,true,-18:0:0;-14:0:0;-10:0:0;-6:0:0;-2:0:0;2:0:0;6:0:0;10:0:0;14:0:0;18:0:0,0.0008296626605746359:-4.187899044613338e-22:0;7.3486613829805609e-05:9.2577463063981068e-20:0;2.1009770501824054e-05:9.9071296946202707e-20:0;8.265840947657894e-06:1.0064247756270579e-19:0;2.3239592029973243e-06:1.0132331828410526e-19:0;-2.3239592029968656e-06:1.0148048735112648e-19:0;-8.2658409476573621e-06:1.0169025913308778e-19:0;-2.1009770501825203e-05:1.0179519495183858e-19:0;-7.3486613829806219e-05:1.0137864041680549e-19:0;-0.00082966266057463568:1.0182603455465616e-19:0,0:0:0;0:0:0;0:0:0;0:0:0;0:0:0;0:0:0;0:0:0;0:0:0;0:0:0;0:0:0,0.0008296626605746359:-4.187899044613338e-22:0;7.3486613829805609e-05:9.2577463063981068e-20:0;2.1009770501824054e-05:9.9071296946202707e-20:0;8.265840947657894e-06:1.0064247756270579e-19:0;2.3239592029973243e-06:1.0132331828410526e-19:0;-2.3239592029968656e-06:1.0148048735112648e-19:0;-8.2658409476573621e-06:1.0169025913308778e-19:0;-2.1009770501825203e-05:1.0179519495183858e-19:0;-7.3486613829806219e-05:1.0137864041680549e-19:0;-0.00082966266057463568:1.0182603455465616e-19:0,0.0008285617615866283:-4.2529716569015743e-22:0;7.3311295480656764e-05:9.2413533153266023e-20:0;2.0956834845233367e-05:9.8872386890467577e-20:0;8.2445821227105979e-06:1.0044280435783485e-19:0;2.3179306400858595e-06:1.0111641711141172e-19:0;-2.3179306400854021e-06:1.0126983189558125e-19:0;-8.2445821227100677e-06:1.0148961102056845e-19:0;-2.0956834845234512e-05:1.0158982258280497e-19:0;-7.3311295480657374e-05:1.0118239943766709e-19:0;-0.00082856176158662808:1.0170462578913783e-19:0,1.1008989880075674e-06:6.5072612288236701e-24:0;1.7531834914884646e-07:1.6392991071504761e-22:0;5.2935656590687923e-08:1.9891005573513293e-22:0;2.1258824947295601e-08:1.9967320487093242e-22:0;6.0285629114646242e-09:2.0690117269353194e-22:0;-6.0285629114634596e-09:2.106554555452183e-22:0;-2.1258824947294297e-08:2.0064811251932773e-22:0;-5.2935656590691066e-08:2.0537236903360454e-22:0;-1.7531834914884781e-07:1.9624097913840345e-22:0;-1.100898988007567e-06:1.2140876551833297e-22:0,true,0.00037262730660364725,5.3166553811126631e-07,1.9811309748037992e-10,true,6,true,0.00037262730660364725,5.3166553811126631e-07,1.9811309748037992e-10,true,6,true,0.00037212945964332076,5.3001755392612793e-08,1.972351464666364e-11,true,6,true,4.9920047481787664e-07,0.00039373331421069436,1.9655185740559484e-10,true,9,true
13,n10_linear_f0.1_d4.0,10,linear,n10_linear,1,0.10000000000000001,4,0.0036926938657407412,0.0019210938400393322,7,9,13,21,false,64,28,280,280,true,balanced_sqrt,1.3868393087747507e-10,1.0034995507524218,4.7117347853480885e-17,8.2350152418848719e-23,3.7918214108690127e-16,3.8967798971513388e-37,0,1.0590705705515115e-17,true,true,-18:0:0;-14:0:0;-10:0:0;-6:0:0;-2:0:0;2:0:0;6:0:0;10:0:0;14:0:0;18:0:0,0.00082966271321355321:-4.7654836921380884e-25:0;7.3486618435333198e-05:9.341558725830606e-20:0;2.1009770545367562e-05:9.948988766887357e-20:0;8.2658409547728369e-06:9.9909246173717043e-20:0;2.3239592046251877e-06:1.0085208437917786e-19:0;-2.3239592046248722e-06:1.0163754465410474e-19:0;-8.2658409547729081e-06:1.0106188615500688e-19:0;-2.1009770545368798e-05:1.0179559077870833e-19:0;-7.3486618435333279e-05:1.0137768087305271e-19:0;-0.00082966271321355278:1.0266344273507764e-19:0,0:0:0;0:0:0;0:0:0;0:0:0;0:0:0;0:0:0;0:0:0;0:0:0;0:0:0;0:0:0,0.00082966271321355321:-4.7654836921380884e-25:0;7.3486618435333198e-05:9.341558725830606e-20:0;2.1009770545367562e-05:9.948988766887357e-20:0;8.2658409547728369e-06:9.9909246173717043e-20:0;2.3239592046251877e-06:1.0085208437917786e-19:0;-2.3239592046248722e-06:1.0163754465410474e-19:0;-8.2658409547729081e-06:1.0106188615500688e-19:0;-2.1009770545368798e-05:1.0179559077870833e-19:0;-7.3486618435333279e-05:1.0137768087305271e-19:0;-0.00082966271321355278:1.0266344273507764e-19:0,0.00082856176992137905:2.56882704239554e-23:0;7.331129965721155e-05:9.3240205065483168e-20:0;2.0956834861196838e-05:9.9298025523409169e-20:0;8.2445821238039074e-06:9.9704643771235265e-20:0;2.3179306402942682e-06:1.0065403418761659e-19:0;-2.3179306402939535e-06:1.0145198789342825e-19:0;-8.2445821238039785e-06:1.0084593254862176e-19:0;-2.0956834861198071e-05:1.0158906196653504e-19:0;-7.3311299657211632e-05:1.0118473435710749e-19:0;-0.00082856176992137862:1.0250290675713988e-19:0,1.1009432921742006e-06:-2.6164818793169209e-23:0;1.753187781216433e-07:1.7538219282288581e-22:0;5.2935684170724093e-08:1.9186214546440217e-22:0;2.1258830968930038e-08:2.0460240248177967e-22:0;6.0285643309196827e-09:1.9805019156126926e-22:0;-6.0285643309188258e-09:1.8555676067648657e-22:0;-2.125883096893029e-08:2.1595360638512119e-22:0;-5.2935684170727415e-08:2.0652881217328774e-22:0;-1.7531877812164349e-07:1.9294651594522698e-22:0;-1.1009432921742e-06:1.6053597793776846e-22:0,true,0.00037262733022615983,6.3416653771055352e-08,2.3630778386585086e-11,true,6,true,0.00037262733022615983,6.3416653771055352e-08,2.3630778386585086e-11,true,6,true,0.00037212946351959989,1.1203678634480353e-08,4.1692189196951769e-12,true,6,true,4.9922004660993201e-07,3.9690630520258198e-05,1.9814358418300889e-11,true,9,true
13,n10_linear_f0.1_d4.0,10,linear,n10_linear,1,0.10000000000000001,4,0.0036926938657407412,0.0019210938400393322,8,9,13,21,false,81,36,360,360,true,balanced_sqrt,3.9435572651760609e-09,1.0034995507761297,5.0312482179800515e-17,8.6146668228342369e-24,4.0655057248372798e-16,0,0,1.0590705758027503e-17,true,true,-18:0:0;-14:0:0;-10:0:0;-6:0:0;-2:0:0;2:0:0;6:0:0;10:0:0;14:0:0;18:0:0,0.00082966271739483538:-4.1872994846889874e-22:0;7.3486618071958056e-05:9.3415301371964017e-20:0;2.100977054567166e-05:9.9489902374088903e-20:0;8.2658409550704657e-06:1.0011891764203038e-19:0;2.3239592047098542e-06:1.008520433134924e-19:0;-2.3239592047097119e-06:1.0163755414097638e-19:0;-8.2658409550698914e-06:1.0127155529268272e-19:0;-2.1009770545671999e-05:1.0200473449386632e-19:0;-7.3486618071958977e-05:1.0095956897701325e-19:0;-0.00082966271739483538:1.0266397402781567e-19:0,0:0:0;0:0:0;0:0:0;0:0:0;0:0:0;0:0:0;0:0:0;0:0:0;0:0:0;0:0:0,0.00082966271739483538:-4.1872994846889874e-22:0;7.3486618071958056e-05:9.3415301371964017e-20:0;2.100977054567166e-05:9.9489902374088903e-20:0;8.2658409550704657e-06:1.0011891764203038e-19:0;2.3239592047098542e-06:1.008520433134924e-19:0;-2.3239592047097119e-06:1.0163755414097638e-19:0;-8.2658409550698914e-06:1.0127155529268272e-19:0;-2.1009770545671999e-05:1.0200473449386632e-19:0;-7.3486618071958977e-05:1.0095956897701325e-19:0;-0.00082966271739483538:1.0266397402781567e-19:0,0.00082856176992107677:-3.9913870681883895e-22:0;7.3311299282607191e-05:9.3251657067540554e-20:0;2.0956834860412665e-05:9.9299767473907833e-20:0;8.2445821237447947e-06:9.9935054754417071e-20:0;2.3179306402820324e-06:1.0063564387700546e-19:0;-2.3179306402818901e-06:1.0144641026161684e-19:0;-8.2445821237442221e-06:1.0105736987228035e-19:0;-2.0956834860413004e-05:1.0179628126322047e-19:0;-7.3311299282608112e-05:1.0075809255739365e-19:0;-0.00082856176992107677:1.0253606969579147e-19:0,1.1009474737585613e-06:-1.9591241650059774e-23:0;1.753187893508661e-07:1.636443044234576e-22:0;5.2935685258994055e-08:1.9013490018107238e-22:0;2.1258831325670299e-08:1.8386288761330983e-22:0;6.0285644278220303e-09:2.1639943648693684e-22:0;-6.0285644278216647e-09:1.9114387935954086e-22:0;-2.125883132566882e-08:2.1418542040236692e-22:0;-5.2935685258995002e-08:2.0845323064584704e-22:0;-1.7531878935086827e-07:2.0147641961959279e-22:0;-1.1009474737585613e-06:1.2790433202420568e-22:0,true,0.00037262733207377521,5.0371354919513548e-09,1.8769743596599565e-12,true,6,true,0.00037262733207377521,5.0371354919513548e-09,1.8769743596599565e-12,true,6,true,0.00037212946350469655,4.5018848333431994e-10,1.6752839878590281e-13,true,6,true,4.992218917770023e-07,3.7459659146227272e-06,1.8700681904301267e-12,true,9,true
13,n10_linear_f0.1_d4.0,10,linear,n10_linear,1,0.10000000000000001,4,0.0036926938657407412,0.0019210938400393322,9,9,13,21,false,100,45,450,450,true,balanced_sqrt,1.8948440714040971e-07,1.0034995508529823,2.5366212017785507e-17,3.5631198430301326e-26,3.1789190327204542e-16,0,0,1.0590705763643782e-17,true,true,-18:0:0;-14:0:0;-10:0:0;-6:0:0;-2:0:0;2:0:0;6:0:0;10:0:0;14:0:0;18:0:0,0.00082966271783560552:-1.2416681640079151e-25:0;7.3486618105592541e-05:9.2159069770249962e-20:0;2.1009770545818464e-05:9.9699179249337832e-20:0;8.2658409551098171e-06:1.00537834896439e-19:0;2.3239592047200681e-06:1.0121844286396651e-19:0;-2.3239592047205679e-06:1.0168991397393907e-19:0;-8.2658409551086838e-06:1.0137593088648427e-19:0;-2.1009770545818688e-05:1.0158573665023282e-19:0;-7.34866181055933e-05:1.0137848785378373e-19:0;-0.00082966271783560519:1.0224477230199394e-19:0,0:0:0;0:0:0;0:0:0;0:0:0;0:0:0;0:0:0;0:0:0;0:0:0;0:0:0;0:0:0,0.00082966271783560552:-1.2416681640079151e-25:0;7.3486618105592541e-05:9.2159069770249962e-20:0;2.1009770545818464e-05:9.9699179249337832e-20:0;8.2658409551098171e-06:1.00537834896439e-19:0;2.3239592047200681e-06:1.0121844286396651e-19:0;-2.3239592047205679e-06:1.0168991397393907e-19:0;-8.2658409551086838e-06:1.0137593088648427e-19:0;-2.1009770545818688e-05:1.0158573665023282e-19:0;-7.34866181055933e-05:1.0137848785378373e-19:0;-0.00082966271783560519:1.0224477230199394e-19:0,0.00082856176998586262:-2.489119000193714e-27:0;7.3311299315021963e-05:9.1987918245672139e-20:0;2.0956834860457842e-05:9.9495328271603243e-20:0;8.2445821237506968e-06:1.0032611550009102e-19:0;2.31793064028315e-06:1.0100838683900727e-19:0;-2.3179306402836485e-06:1.0147389522679515e-19:0;-8.2445821237495668e-06:1.0118066876105143e-19:0;-2.0956834860458066e-05:1.0138382854163798e-19:0;-7.3311299315022722e-05:1.0119357854363564e-19:0;-0.0008285617699858623:1.021168117005354e-19:0,1.1009478497429459e-06:-1.216776974005978e-25:0;1.7531879057058063e-07:1.7115152457782349e-22:0;5.2935685360622187e-08:2.0385097773458778e-22:0;2.1258831359120371e-08:2.1171939634797353e-22:0;6.0285644369181062e-09:2.1005602495923934e-22:0;-6.0285644369194802e-09:2.1601874714392495e-22:0;-2.1258831359117489e-08:1.9526212543283642e-22:0;-5.2935685360622723e-08:2.0190810859483865e-22:0;-1.7531879057058243e-07:1.8490931014808414e-22:0;-1.1009478497429453e-06:1.2796060145853802e-22:0,true,0.00037262733227138049,5.3053384530334863e-10,1.9769141145506406e-13,true,6,true,0.00037262733227138049,5.3053384530334863e-10,1.9769141145506406e-13,true,6,true,0.00037212946353482387,8.7059004752572787e-11,3.2397220734450595e-14,true,6,true,4.9922205769883023e-07,3.368164875497079e-07,1.6814621998145762e-13,true,9,true
14,n10_linear_f1.0_d6.0,10,linear,n10_linear,2,1,6,0.010941315157750341,0.0061542180794446491,2,8,13,21,false,9,3,30,30,true,balanced_sqrt,1.2956285556575283e-16,1.0107831657745099,2.8255160833231827e-17,1.5890035592462782e-17,1.1711157082082124e-16,0,0,2.1969813089724385e-16,true,true,-27:0:0;-21:0:0;-15:0:0;-9:0:0;-3:0:0;3:0:0;9:0:0;15:0:0;21:0:0;27:0:0,0.017188071677486101:0:0;0.0017333293236535452:1.8749873565701984e-18:0;0.00052819293705914428:2.0624860922272182e-18:0;0.00020826395637749153:2.0758788590598624e-18:0;5.7641015412567048e-05:2.1026643927251509e-18:0;-5.7641015412567089e-05:2.1361463098067618e-18:0;-0.00020826395637748787:2.1160571595577955e-18:0;-0.00052819293705914515:2.1160571595577955e-18:0;-0.0017333293236535458:2.1160571595577955e-18:0;-0.017188071677486101:2.0624860922272182e-18:0,0:0:0;0:0:0;0:0:0;0:0:0;0:0:0;0:0:0;0:0:0;0:0:0;0:0:0;0:0:0,0.017188071677486101:0:0;0.0017333293236535452:1.8749873565701984e-18:0;0.00052819293705914428:2.0624860922272182e-18:0;0.00020826395637749153:2.0758788590598624e-18:0;5.7641015412567048e-05:2.1026643927251509e-18:0;-5.7641015412567089e-05:2.1361463098067618e-18:0;-0.00020826395637748787:2.1160571595577955e-18:0;-0.00052819293705914515:2.1160571595577955e-18:0;-0.0017333293236535458:2.1160571595577955e-18:0;-0.017188071677486101:2.0624860922272182e-18:0,0.017133065112084619:8.3704792704026712e-22:0;0.0017228840711737852:1.864314995500435e-18:0;0.00052459457722083805:2.049616480348974e-18:0;0.00020672572090061695:2.0631138781724983e-18:0;5.7195019360950198e-05:2.0882253159837063e-18:0;-5.7195019360950245e-05:2.1223350190105973e-18:0;-0.00020672572090061332:2.1028736547069114e-18:0;-0.00052459457722083892:2.1026643927251513e-18:0;-0.0017228840711737859:2.1036060716430716e-18:0;-0.017133065112084619:2.0566267567379363e-18:0,5.5006565401483101e-05:-8.3704792704026712e-22:0;1.0445252479759951e-05:1.0672361069763405e-20:0;3.5983598383062078e-06:1.2869611878244106e-20:0;1.5382354768745817e-06:1.2764980887364073e-20:0;4.4599605161684774e-07:1.4439076741444606e-20:0;-4.4599605161684409e-07:1.3811290796164406e-20:0;-1.5382354768745618e-06:1.3183504850884208e-20:0;-3.5983598383062125e-06:1.3392766832644274e-20:0;-1.0445252479759956e-05:1.2451087914723974e-20:0;-5.5006565401483087e-05:5.8593354892818696e-21:0,true,0.0077299407847095459,0,0,false,6,true,0.0077299407847095459,0,0,false,6,true,0.007704952380411011,0,0,false,6,true,2.5101150615140642e-05,0,0,false,8,true
14,n10_linear_f1.0_d6.0,10,linear,n10_linear,2,1,6,0.010941315157750341,0.0061542180794446491,3,8,13,21,false,16,6,60,60,true,balanced_sqrt,2.334365262944596e-16,1.0108412015051149,3.2471827921973616e-17,2.2134886932750029e-17,1.1716221348035246e-16,0,0,2.2000057133674765e-16,true,true,-27:0:0;-21:0:0;-15:0:0;-9:0:0;-3:0:0;3:0:0;9:0:0;15:0:0;21:0:0;27:0:0,0.017211639166795405:-7.8161221076763702e-24:0;0.0017365902372241814:1.9298153792825301e-18:0;0.00052908076030539332:2.0371101403123984e-18:0;0.00020860775363793161:2.1175318983124469e-18:0;5.7735783444841609e-05:2.1108368119198211e-18:0;-5.7735783444844828e-05:2.1175312413056164e-18:0;-0.00020860775363792627:2.1041689039468861e-18:0;-0.00052908076030538606:2.1711591705191244e-18:0;-0.0017365902372241905:2.0908591304147323e-18:0;-0.017211639166795415:2.0919403153330569e-18:0,0:0:0;0:0:0;0:0:0;0:0:0;0:0:0;0:0:0;0:0:0;0:0:0;0:0:0;0:0:0,0.017211639166795405:-7.8161221076763702e-24:0;0.0017365902372241814:1.9298153792825301e-18:0;0.00052908076030539332:2.0371101403123984e-18:0;0.00020860775363793161:2.1175318983124469e-18:0;5.7735783444841609e-05:2.1108368119198211e-18:0;-5.7735783444844828e-05:2.1175312413056164e-18:0;-0.00020860775363792627:2.1041689039468861e-18:0;-0.00052908076030538606:2.1711591705191244e-18:0;-0.0017365902372241905:2.0908591304147323e-18:0;-0.017211639166795415:2.0919403153330569e-18:0,0.017150229815810616:0:0;0.0017248835267574738:1.9192845964146077e-18:0;0.0005250917893472733:2.0233819848099539e-18:0;0.00020691510150797448:2.1035103141609914e-18:0;5.7247019705210509e-05:2.0965255966025277e-18:0;-5.7247019705213707e-05:2.1033799967717674e-18:0;-0.00020691510150796919:2.0916741689923756e-18:0;-0.00052509178934726604:2.1568806816425893e-18:0;-0.0017248835267574829:2.0784778209423196e-18:0;-0.017150229815810627:2.0861415696749059e-18:0,6.1409350984788482e-05:-7.8161221076763702e-24:0;1.1706710466707549e-05:1.0530782867922335e-20:0;3.988970958120051e-06:1.3728155502444585e-20:0;1.6926521299571218e-06:1.4021584151455664e-20:0;4.8876373963109974e-07:1.4311215317293509e-20:0;-4.8876373963112144e-07:1.4151244533848891e-20:0;-1.6926521299570824e-06:1.2494734954510631e-20:0;-3.9889709581200036e-06:1.4278488876535288e-20:0;-1.1706710466707607e-05:1.2381309472412762e-20:0;-6.1409350984788496e-05:5.7987456581511018e-21:0,true,0.0077405819616677574,0.0013756993663571182,1.0648713699901673e-05,true,6,true,0.0077405819616677574,0.0013756993663571182,1.0648713699901673e-05,true,6,true,0.0077126832993937473,0.0010024903598214135,7.7318906559978447e-06,true,6,true,2.8025600114378333e-05,0.10435308203729242,2.9245577478800741e-06,true,8,true
14,n10_linear_f1.0_d6.0,10,linear,n10_linear,2,1,6,0.010941315157750341,0.0061542180794446491,4,8,13,21,false,25,10,100,100,true,balanced_sqrt,2.1531128403632482e-15,1.0108413511739887,3.5192047875920632e-17,1.3282194677220076e-17,2.2068524107674757e-16,2.4585520109343375e-34,0,2.2001956523406199e-16,true,true,-27:0:0;-21:0:0;-15:0:0;-9:0:0;-3:0:0;3:0:0;9:0:0;15:0:0;21:0:0;27:0:0,0.017213140082368357:5.3632290166216552e-20:0;0.0017366067253271518:1.9032948591397598e-18:0;0.00052908554200530988:2.0373935542174857e-18:0;0.00020860916061174586:2.1178147899243337e-18:0;5.7736129959526353e-05:2.1178277484647545e-18:0;-5.7736129959539777e-05:2.1245433937671288e-18:0;-0.00020860916061173743:2.0642212728702973e-18:0;-0.00052908554200530088:2.1982476326717617e-18:0;-0.0017366067253271626:2.064343433128735e-18:0;-0.01721314008236836:2.0384895044608375e-18:0,0:0:0;0:0:0;0:0:0;0:0:0;0:0:0;0:0:0;0:0:0;0:0:0;0:0:0;0:0:0,0.017213140082368357:5.3632290166216552e-20:0;0.0017366067253271518:1.9032948591397598e-18:0;0.00052908554200530988:2.0373935542174857e-18:0;0.00020860916061174586:2.1178147899243337e-18:0;5.7736129959526353e-05:2.1178277484647545e-18:0;-5.7736129959539777e-05:2.1245433937671288e-18:0;-0.00020860916061173743:2.0642212728702973e-18:0;-0.00052908554200530088:2.1982476326717617e-18:0;-0.0017366067253271626:2.064343433128735e-18:0;-0.01721314008236836:2.0384895044608375e-18:0,0.017151287356470511:5.4472877421612233e-20:0;0.0017248815865721452:1.8925917983098238e-18:0;0.00052509404822045935:2.0228834927923776e-18:0;0.00020691582443758849:2.1055103161599122e-18:0;5.7247200552289276e-05:2.103456274738776e-18:0;-5.7247200552302598e-05:2.1111898293305897e-18:0;-0.00020691582443758011:2.051557222906536e-18:0;-0.00052509404822045046:2.1842402088730675e-18:0;-0.001724881586572156:2.0508374102209881e-18:0;-0.017151287356470514:2.0342929501122911e-18:0,6.1852725897846569e-05:-8.405872553956855e-22:0;1.1725138755006495e-05:1.0703060829936139e-20:0;3.9914937848505008e-06:1.4510061425108181e-20:0;1.6933361741573735e-06:1.2304473764421434e-20:0;4.889294072370744e-07:1.4371473725978504e-20:0;-4.8892940723718028e-07:1.3353564436539131e-20:0;-1.693336174157318e-06:1.2664049963761177e-20:0;-3.9914937848504297e-06:1.4007423798694058e-20:0;-1.1725138755006563e-05:1.3506022907746807e-20:0;-6.1852725897846582e-05:4.1965543485462679e-21:0,true,0.007741250250018282,8.6713908913924086e-05,6.7127406905997734e-07,true,6,true,0.007741250250018282,8.6713908913924086e-05,6.7127406905997734e-07,true,6,true,0.0077131535655887368,6.1317144679703489e-05,4.7294855311797544e-07,true,6,true,2.8221541566033446e-05,0.007032143951553725,1.9845794282710413e-07,true,8,true
14,n10_linear_f1.0_d6.0,10,linear,n10_linear,2,1,6,0.010941315157750341,0.0061542180794446491,5,8,13,21,false,36,15,150,150,true,balanced_sqrt,5.0653092114711687e-14,1.0108414768712366,4.7926046874458669e-17,1.9640589480760382e-19,2.512794295622579e-16,1.5734707676348169e-32,0,2.2001991751845031e-16,true,true,-27:0:0;-21:0:0;-15:0:0;-9:0:0;-3:0:0;3:0:0;9:0:0;15:0:0;21:0:0;27:0:0,0.017213167715275195:-2.3226230060836083e-23:0;0.0017366090372386055:1.8764547670105649e-18:0;0.0005290857068409265:2.1178248293044128e-18:0;0.00020860920160871955:2.0910311364876828e-18:0;5.7736139746209366e-05:2.104426606289826e-18:0;-5.7736139746210044e-05:2.1044257714052776e-18:0;-0.0002086092016087127:2.1312189680793989e-18:0;-0.00052908570684092834:2.06425949724163e-18:0;-0.0017366090372386159:2.1179631657058724e-18:0;-0.017213167715275195:2.0653386892416932e-18:0,0:0:0;0:0:0;0:0:0;0:0:0;0:0:0;0:0:0;0:0:0;0:0:0;0:0:0;0:0:0,0.017213167715275195:-2.3226230060836083e-23:0;0.0017366090372386055:1.8764547670105649e-18:0;0.0005290857068409265:2.1178248293044128e-18:0;0.00020860920160871955:2.0910311364876828e-18:0;5.7736139746209366e-05:2.104426606289826e-18:0;-5.7736139746210044e-05:2.1044257714052776e-18:0;-0.0002086092016087127:2.1312189680793989e-18:0;-0.00052908570684092834:2.06425949724163e-18:0;-0.0017366090372386159:2.1179631657058724e-18:0;-0.017213167715275195:2.0653386892416932e-18:0,0.017151289987250067:0:0;0.0017248828238594996:1.8654581102792577e-18:0;0.00052509406953808312:2.1048780320409845e-18:0;0.00020691582664814122:2.0789212800110289e-18:0;5.724720095086599e-05:2.0928123620121275e-18:0;-5.724720095086664e-05:2.0910249392660646e-18:0;-0.00020691582664813442:2.1176477322089252e-18:0;-0.00052509406953808496:2.0504446573625336e-18:0;-0.00172488282385951:2.1045732476529153e-18:0;-0.017151289987250067:2.0577858542724244e-18:0,6.18777280251284e-05:-2.3226230060836083e-23:0;1.1726213379105964e-05:1.099665673130719e-20:0;3.9916373028433738e-06:1.2946797263428163e-20:0;1.6933749605783274e-06:1.2109856476653871e-20:0;4.889387953433752e-07:1.1614244277698561e-20:0;-4.8893879534340537e-07:1.3400832139212774e-20:0;-1.6933749605782783e-06:1.3571235870473692e-20:0;-3.9916373028433738e-06:1.3814839879096387e-20:0;-1.1726213379106028e-05:1.3389918052956991e-20:0;-6.18777280251284e-05:7.5528349692689191e-21:0,true,0.0077412626449232819,1.6019636142796071e-06,1.240122108574901e-08,true,6,true,0.0077412626449232819,1.6019636142796071e-06,1.240122108574901e-08,true,6,true,0.0077131547912120653,1.6856656773801361e-07,1.3001800295866329e-09,true,6,true,2.8232594829467024e-05,0.00039641460262448568,1.119181286038128e-08,true,8,true
14,n10_linear_f1.0_d6.0,10,linear,n10_linear,2,1,6,0.010941315157750341,0.0061542180794446491,6,8,13,21,false,49,21,210,210,true,balanced_sqrt,8.4654804373554751e-13,1.0108414771070828,4.8227749113438642e-17,3.6918075854410039e-20,3.3471107651562749e-16,0,0,2.2001993319350045e-16,true,true,-27:0:0;-21:0:0;-15:0:0;-9:0:0;-3:0:0;3:0:0;9:0:0;15:0:0;21:0:0;27:0:0,0.017213168959343706:2.6772805959266408e-20:0;0.0017366089980969887:1.8496855796307171e-18:0;0.00052908570813580238:2.0373866594158479e-18:0;0.00020860920210269854:2.0776032838222303e-18:0;5.773613987700772e-05:2.1044248377398528e-18:0;-5.7736139877020432e-05:2.1178263944198142e-18:0;-0.00020860920210268458:2.1312210400890438e-18:0;-0.00052908570813581485:2.0910453660926459e-18:0;-0.0017366089980969935:2.0911594126682377e-18:0;-0.017213168959343696:2.0920820486446811e-18:0,0:0:0;0:0:0;0:0:0;0:0:0;0:0:0;0:0:0;0:0:0;0:0:0;0:0:0;0:0:0,0.017213168959343706:2.6772805959266408e-20:0;0.0017366089980969887:1.8496855796307171e-18:0;0.00052908570813580238:2.0373866594158479e-18:0;0.00020860920210269854:2.0776032838222303e-18:0;5.773613987700772e-05:2.1044248377398528e-18:0;-5.7736139877020432e-05:2.1178263944198142e-18:0;-0.00020860920210268458:2.1312210400890438e-18:0;-0.00052908570813581485:2.0910453660926459e-18:0;-0.0017366089980969935:2.0911594126682377e-18:0;-0.017213168959343696:2.0920820486446811e-18:0,0.017151289995815746:2.6819554059050011e-20:0;0.0017248827686473065:1.8387859642409803e-18:0;0.00052509406901671079:2.0230584950282972e-18:0;0.00020691582659889749:2.0639163525211406e-18:0;5.7247200941469142e-05:2.0918150710544831e-18:0;-5.7247200941481732e-05:2.1027323233899268e-18:0;-0.00020691582659888364:2.117865585859901e-18:0;-0.00052509406901672315:2.0763845021250055e-18:0;-0.0017248827686473112:2.0789128099857599e-18:0;-0.017151289995815736:2.0870523833096079e-18:0,6.187896352795853e-05:-4.6748099783602747e-23:0;1.1726229449682257e-05:1.0899615389736719e-20:0;3.9916391190915678e-06:1.4328164387550658e-20:0;1.6933755038010409e-06:1.3686931301089681e-20:0;4.8893893553858017e-07:1.2609766685369793e-20:0;-4.8893893553869928e-07:1.50940710298876e-20:0;-1.6933755038009433e-06:1.3355454229142669e-20:0;-3.9916391190916559e-06:1.466086396764041e-20:0;-1.1726229449682276e-05:1.2246602682477836e-20:0;-6.1878963527958489e-05:5.0296653350730458e-21:0,true,0.0077412631964400786,7.190557750778255e-08,5.5664000077976657e-10,true,6,true,0.0077412631964400786,7.190557750778255e-08,5.5664000077976657e-10,true,6,true,0.0077131547925446799,3.2396761914570016e-09,2.4988123942429469e-11,true,6,true,2.8233137796347174e-05,1.9572073798799654e-05,5.5258105652178673e-10,true,8,true
14,n10_linear_f1.0_d6.0,10,linear,n10_linear,2,1,6,0.010941315157750341,0.0061542180794446491,7,8,13,21,false,64,28,280,280,true,balanced_sqrt,2.7929903828699267e-11,1.0108414773033896,3.9918527291378791e-17,3.7207911805784747e-22,3.0505013663893872e-16,0,0,2.2001993396182294e-16,true,true,-27:0:0;-21:0:0;-15:0:0;-9:0:0;-3:0:0;3:0:0;9:0:0;15:0:0;21:0:0;27:0:0,0.017213169019814307:1.6086120487722497e-19:0;0.0017366090012048126:1.8764238727502453e-18:0;0.0005290857082338677:2.0106461148605931e-18:0;0.00020860920212940301:2.0910223417015047e-18:0;5.7736139883845851e-05:2.1580362630870041e-18:0;-5.7736139883838858e-05:2.1580424296257626e-18:0;-0.00020860920212940502:2.0240044403665124e-18:0;-0.00052908570823388191:2.1714969638679479e-18:0;-0.0017366090012048308:2.0910441978063057e-18:0;-0.017213169019814303:2.0652782256144034e-18:0,0:0:0;0:0:0;0:0:0;0:0:0;0:0:0;0:0:0;0:0:0;0:0:0;0:0:0;0:0:0,0.017213169019814307:1.6086120487722497e-19:0;0.0017366090012048126:1.8764238727502453e-18:0;0.0005290857082338677:2.0106461148605931e-18:0;0.00020860920212940301:2.0910223417015047e-18:0;5.7736139883845851e-05:2.1580362630870041e-18:0;-5.7736139883838858e-05:2.1580424296257626e-18:0;-0.00020860920212940502:2.0240044403665124e-18:0;-0.00052908570823388191:2.1714969638679479e-18:0;-0.0017366090012048308:2.0910441978063057e-18:0;-0.017213169019814303:2.0652782256144034e-18:0,0.01715129000049026:1.6421551209052561e-19:0;0.0017248827709926938:1.8651440707391082e-18:0;0.00052509406903192204:2.0013637346087105e-18:0;0.00020691582660082653:2.07859459626914e-18:0;5.7247200941910649e-05:2.1431030442723156e-18:0;-5.7247200941903697e-05:2.1442309500460157e-18:0;-0.00020691582660082851:2.0109345530640018e-18:0;-0.00052509406903193613:2.1590325430791961e-18:0;-0.0017248827709927118:2.0796900253898581e-18:0;-0.017151290000490257:2.0552104728286167e-18:0,6.1879019324045912e-05:-3.35430721330064e-21:0;1.1726230212118819e-05:1.1279802011137217e-20:0;3.9916392019456617e-06:9.2823802518825933e-21:0;1.6933755285764869e-06:1.2427745432364714e-20:0;4.8893894193520135e-07:1.4933218814688614e-20:0;-4.8893894193516334e-07:1.3811479579747117e-20:0;-1.6933755285765054e-06:1.3069887302510728e-20:0;-3.9916392019457684e-06:1.2464420788751664e-20:0;-1.1726230212118937e-05:1.1354172416447573e-20:0;-6.1879019324045885e-05:1.0067752785786886e-20:0,true,0.007741263223473023,3.4980087499692769e-09,2.7079006491524003e-11,true,6,true,0.007741263223473023,3.4980087499692769e-09,2.7079006491524003e-11,true,6,true,0.0077131547947286872,3.0323496230832331e-10,2.3388982034578167e-12,true,6,true,2.8233162320156372e-05,8.8389420342374005e-07,2.4955128519107768e-11,true,8,true
14,n10_linear_f1.0_d6.0,10,linear,n10_linear,2,1,6,0.010941315157750341,0.0061542180794446491,8,8,13,21,false,81,36,360,360,true,balanced_sqrt,3.9969642100251085e-10,1.0108414773036889,2.6769456927135239e-17,5.6682184885656695e-23,1.7218123379690939e-16,0,0,2.200199339914851e-16,true,true,-27:0:0;-21:0:0;-15:0:0;-9:0:0;-3:0:0;3:0:0;9:0:0;15:0:0;21:0:0;27:0:0,0.017213169022168993:1.0729019337375691e-19:0;0.0017366090011257556:1.9032251033513367e-18:0;0.00052908570823594894:2.0373633658245832e-18:0;0.00020860920213023985:2.0776202682783303e-18:0;5.7736139884065354e-05:2.1580396112234211e-18:0;-5.7736139884068593e-05:2.1982378148419224e-18:0;-0.00020860920213022037:2.0642185079011472e-18:0;-0.00052908570823595024:2.1178934371586187e-18:0;-0.0017366090011257742:2.0911621481758354e-18:0;-0.017213169022168996:2.0116728333484807e-18:0,0:0:0;0:0:0;0:0:0;0:0:0;0:0:0;0:0:0;0:0:0;0:0:0;0:0:0;0:0:0,0.017213169022168993:1.0729019337375691e-19:0;0.0017366090011257556:1.9032251033513367e-18:0;0.00052908570823594894:2.0373633658245832e-18:0;0.00020860920213023985:2.0776202682783303e-18:0;5.7736139884065354e-05:2.1580396112234211e-18:0;-5.7736139884068593e-05:2.1982378148419224e-18:0;-0.00020860920213022037:2.0642185079011472e-18:0;-0.00052908570823595024:2.1178934371586187e-18:0;-0.0017366090011257742:2.0911621481758354e-18:0;-0.017213169022168996:2.0116728333484807e-18:0,0.017151290000490101:1.0896606783890534e-19:0;0.0017248827708988633:1.8915111489955472e-18:0;0.00052509406903151091:2.0317429526101109e-18:0;0.00020691582660077649:2.0652893246414946e-18:0;5.7247200941890429e-05:2.1427043077337803e-18:0;-5.7247200941893627e-05:2.1839662693756545e-18:0;-0.00020691582660075714:2.0509421154831047e-18:0;-0.00052509406903151221:2.1044341644080171e-18:0;-0.0017248827708988819:2.0765403295463506e-18:0;-0.017151290000490104:2.0007766029235872e-18:0,6.1879021678892766e-05:-1.675874465148433e-21:0;1.1726230226892322e-05:1.1713954355789616e-20:0;3.9916392044380418e-06:5.6204132144722542e-21:0;1.6933755294633721e-06:1.2330943636835865e-20:0;4.8893894217492767e-07:1.5335303489640732e-20:0;-4.8893894217496652e-07:1.4271545466267961e-20:0;-1.6933755294632269e-06:1.3276392418042656e-20:0;-3.9916392044380485e-06:1.3459272750601672e-20:0;-1.1726230226892439e-05:1.462181862948497e-20:0;-6.187902167889278e-05:1.0896230424893463e-20:0,true,0.0077412632245166674,1.3610736225686943e-10,1.0536429180250713e-12,true,6,true,0.0077412632245166674,1.3610736225686943e-10,1.0536429180250713e-12,true,6,true,0.0077131547947244146,5.4403980156483336e-12,4.1962632039630382e-14,true,6,true,2.8233163353695715e-05,3.7301556289196407e-08,1.0531409320599579e-12,true,8,true
15,n10_linear_f0.1_d2.1,10,linear,n10_linear,3,0.10000000000000001,2.1000000000000001,0.025519102408747146,0.012381356660967053,2,13,13,21,false,9,3,30,30,true,balanced_sqrt,1.1565284577429158e-16,1.0252832404105312,3.2115544583939264e-17,1.7734341403069484e-17,1.6881708871654377e-16,0,0,1.371466843181125e-16,true,true,-9.4500000000000011:0:0;-7.3500000000000005:0:0;-5.25:0:0;-3.1500000000000004:0:0;-1.05:0:0;1.05:0:0;3.1500000000000004:0:0;5.25:0:0;7.3500000000000005:0:0;9.4500000000000011:0:0,0.010754058350136885:1.2555718905604006e-21:0;0.00084876871297935466:1.2287863568951123e-18:0;0.00021682697927999324:1.3022373124928955e-18:0;7.6109212833959074e-05:1.3269302263405834e-18:0;2.0090884355067708e-05:1.3266948066111034e-18:0;-2.0090884355068768e-05:1.3323971956140652e-18:0;-7.6109212833959657e-05:1.3344636576839457e-18:0;-0.00021682697927999318:1.3311154659757847e-18:0;-0.00084876871297935152:1.3315339899393048e-18:0;-0.010754058350136883:1.319606056978981e-18:0,0:0:0;0:0:0;0:0:0;0:0:0;0:0:0;0:0:0;0:0:0;0:0:0;0:0:0;0:0:0,0.010754058350136885:1.2555718905604006e-21:0;0.00084876871297935466:1.2287863568951123e-18:0;0.00021682697927999324:1.3022373124928955e-18:0;7.6109212833959074e-05:1.3269302263405834e-18:0;2.0090884355067708e-05:1.3266948066111034e-18:0;-2.0090884355068768e-05:1.3323971956140652e-18:0;-7.6109212833959657e-05:1.3344636576839457e-18:0;-0.00021682697927999318:1.3311154659757847e-18:0;-0.00084876871297935152:1.3315339899393048e-18:0;-0.010754058350136883:1.319606056978981e-18:0,0.010681276997074673:1.1509408996803673e-21:0;0.00083838943658296296:1.2137456519561075e-18:0;0.00021402137020826831:1.2853426771842351e-18:0;7.5108180277947803e-05:1.309503444351744e-18:0;1.9825179902810762e-05:1.3092537196039797e-18:0;-1.9825179902811809e-05:1.3148167368573709e-18:0;-7.5108180277948372e-05:1.3168635806164614e-18:0;-0.00021402137020826826:1.3138627964952066e-18:0;-0.00083838943658295982:1.3152769497313196e-18:0;-0.010681276997074671:1.3106077917632982e-18:0,7.2781353062211906e-05:1.0463099088003339e-22:0;1.0379276396391697e-05:1.50407049390048e-20:0;2.8056090717249347e-06:1.689463530866039e-20:0;1.0010325560112746e-06:1.7426781988839311e-20:0;2.6570445225694491e-07:1.7441087007123691e-20:0;-2.657044522569591e-07:1.7580458756694361e-20:0;-1.0010325560112822e-06:1.7600077067484369e-20:0;-2.8056090717249343e-06:1.7252669480578006e-20:0;-1.0379276396391658e-05:1.6257040207985188e-20:0;-7.2781353062211906e-05:8.9982652156828722e-21:0,true,0.0048254199717980509,0,0,false,12,true,0.0048254199717980509,0,0,false,12,true,0.004792586244586926,0,0,false,11,true,3.2905315191854717e-05,0,0,false,0,false
15,n10_linear_f0.1_d2.1,10,linear,n10_linear,3,0.10000000000000001,2.1000000000000001,0.025519102408747146,0.012381356660967053,3,13,13,21,false,16,6,60,60,true,balanced_sqrt,3.0795058429236256e-15,1.0364701061091162,3.288066141238994e-17,1.5139782055780579e-17,1.8673087730833194e-16,0,0,1.3919227715928036e-16,true,true,-9.4500000000000011:0:0;-7.3500000000000005:0:0;-5.25:0:0;-3.1500000000000004:0:0;-1.05:0:0;1.05:0:0;3.1500000000000004:0:0;5.25:0:0;7.3500000000000005:0:0;9.4500000000000011:0:0,0.010911363983481366:6.3354143495029532e-21:0;0.00089932642240817884:1.2356215275389467e-18:0;0.00022184983438154762:1.3157151954785113e-18:0;7.7449764118099994e-05:1.327111662239852e-18:0;2.0417597722476753e-05:1.3324873189191297e-18:0;-2.0417597722475889e-05:1.3318475710154982e-18:0;-7.7449764118098246e-05:1.3454218745228764e-18:0;-0.00022184983438155206:1.3395113585268646e-18:0;-0.00089932642240818112:1.3406413636168088e-18:0;-0.010911363983481366:1.3418161279404375e-18:0,0:0:0;0:0:0;0:0:0;0:0:0;0:0:0;0:0:0;0:0:0;0:0:0;0:0:0;0:0:0,0.010911363983481366:6.3354143495029532e-21:0;0.00089932642240817884:1.2356215275389467e-18:0;0.00022184983438154762:1.3157151954785113e-18:0;7.7449764118099994e-05:1.327111662239852e-18:0;2.0417597722476753e-05:1.3324873189191297e-18:0;-2.0417597722475889e-05:1.3318475710154982e-18:0;-7.7449764118098246e-05:1.3454218745228764e-18:0;-0.00022184983438155206:1.3395113585268646e-18:0;-0.00089932642240818112:1.3406413636168088e-18:0;-0.010911363983481366:1.3418161279404375e-18:0,0.010769665063359531:6.597103758430341e-21:0;0.00087754315361207136:1.2250548800344745e-18:0;0.00021627470709650878:1.3029759972597057e-18:0;7.5485139411490232e-05:1.3137392280165101e-18:0;1.9898102815910067e-05:1.3189191352722685e-18:0;-1.9898102815909224e-05:1.3182741906698813e-18:0;-7.5485139411488538e-05:1.3318038751052992e-18:0;-0.00021627470709651312:1.3259628937419004e-18:0;-0.00087754315361207363:1.3273628389188833e-18:0;-0.010769665063359531:1.3242332421332506e-18:0,0.00014169892012183617:-2.6168940892738755e-22:0;2.1783268796107437e-05:1.0566647504472246e-20:0;5.5751272850388288e-06:1.2739198218805626e-20:0;1.964624706609756e-06:1.3372434223342004e-20:0;5.1949490656668697e-07:1.3568183646861116e-20:0;-5.1949490656666548e-07:1.3573380345616969e-20:0;-1.9646247066097119e-06:1.3617999417577238e-20:0;-5.5751272850389398e-06:1.3548464784964169e-20:0;-2.1783268796107488e-05:1.3278524697925481e-20:0;-0.00014169892012183617:1.7582885807186796e-20:0,true,0.0048973928714639518,0.015095801616546381,7.3930071225908247e-05,true,12,true,0.0048973928714639518,0.015095801616546381,7.3930071225908247e-05,true,12,true,0.0048333970714828627,0.0089471418764922664,4.3245089343979409e-05,true,11,true,6.41690056531627e-05,0.48727106561257055,3.1267699763915653e-05,true,0,false
15,n10_linear_f0.1_d2.1,10,linear,n10_linear,3,0.10000000000000001,2.1000000000000001,0.025519102408747146,0.012381356660967053,4,13,13,21,false,25,10,100,100,true,balanced_sqrt,1.5769691084219642e-13,1.0386259557440674,5.5019948151387325e-17,2.4475322654132115e-18,3.8157126770270848e-16,1.2387678818650046e-32,0,1.3973356654658242e-16,true,true,-9.4500000000000011:0:0;-7.3500000000000005:0:0;-5.25:0:0;-3.1500000000000004:0:0;-1.05:0:0;1.05:0:0;3.1500000000000004:0:0;5.25:0:0;7.3500000000000005:0:0;9.4500000000000011:0:0,0.010955446111346563:8.2919717429227931e-21:0;0.00088290206332698729:1.2461106105806105e-18:0;0.00022152703882167215:1.3361046058937729e-18:0;7.7436875142103325e-05:1.3529330689471856e-18:0;2.0417898312402293e-05:1.351388973600307e-18:0;-2.041789831240313e-05:1.3576813829738489e-18:0;-7.7436875142107092e-05:1.3600026089208943e-18:0;-0.00022152703882166627:1.3611669245375331e-18:0;-0.00088290206332698642:1.3626656300466289e-18:0;-0.010955446111346565:1.3498412110927034e-18:0,0:0:0;0:0:0;0:0:0;0:0:0;0:0:0;0:0:0;0:0:0;0:0:0;0:0:0;0:0:0,0.010955446111346563:8.2919717429227931e-21:0;0.00088290206332698729:1.2461106105806105e-18:0;0.00022152703882167215:1.3361046058937729e-18:0;7.7436875142103325e-05:1.3529330689471856e-18:0;2.0417898312402293e-05:1.351388973600307e-18:0;-2.041789831240313e-05:1.3576813829738489e-18:0;-7.7436875142107092e-05:1.3600026089208943e-18:0;-0.00022152703882166627:1.3611669245375331e-18:0;-0.00088290206332698642:1.3626656300466289e-18:0;-0.010955446111346565:1.3498412110927034e-18:0,0.01077464181924106:8.3820094740954532e-21:0;0.0008602712419689385:1.2215057823539025e-18:0;0.00021580455034143504:1.3086868015166145e-18:0;7.5437573962746623e-05:1.3249355837853044e-18:0;1.9890862880426797e-05:1.3232764406148363e-18:0;-1.989086288042761e-05:1.3293978594837677e-18:0;-7.5437573962750283e-05:1.3318137985581076e-18:0;-0.00021580455034142935:1.3330684628005376e-18:0;-0.00086027124196893763:1.334969516911876e-18:0;-0.010774641819241062:1.3276808443530714e-18:0,0.00018080429210550291:-9.003773117266015e-23:0;2.2630821358048807e-05:2.4604828226707997e-20:0;5.7224884802371044e-06:2.7417804377158345e-20:0;1.9993011793566998e-06:2.799748516188107e-20:0;5.2703543197549575e-07:2.8112532985470583e-20:0;-5.2703543197551999e-07:2.828352349008131e-20:0;-1.9993011793568107e-06:2.8188810362786724e-20:0;-5.7224884802369147e-06:2.809846173699554e-20:0;-2.2630821358048793e-05:2.7696113134753014e-20:0;-0.00018080429210550299:2.2160366739631932e-20:0,true,0.0049164377986745233,0.0042792214811812447,2.1038526238979453e-05,true,12,true,0.0049164377986745233,0.0042792214811812447,2.1038526238979453e-05,true,12,true,0.0048349897832495299,0.0016631417658766823,8.041273446109341e-06,true,11,true,8.1534493271339745e-05,0.21454346134555927,1.7492692405489442e-05,true,0,false
15,n10_linear_f0.1_d2.1,10,linear,n10_linear,3,0.10000000000000001,2.1000000000000001,0.025519102408747146,0.012381356660967053,5,13,13,21,false,36,15,150,150,true,balanced_sqrt,8.858622318732313e-12,1.0446746044982536,4.3641226351041298e-17,8.7457749942386132e-21,3.5010438778393378e-16,0,0,1.4016433008858704e-16,true,true,-9.4500000000000011:0:0;-7.3500000000000005:0:0;-5.25:0:0;-3.1500000000000004:0:0;-1.05:0:0;1.05:0:0;3.1500000000000004:0:0;5.25:0:0;7.3500000000000005:0:0;9.4500000000000011:0:0,0.010988785370813095:5.1527923769012271e-21:0;0.00089113203208658967:1.2552594003845831e-18:0;0.00022171031154725939:1.3325987903248846e-18:0;7.746788201616797e-05:1.3583287610894243e-18:0;2.0424358590728522e-05:1.3627783297677375e-18:0;-2.042435859073585e-05:1.356439325282704e-18:0;-7.7467882016172185e-05:1.3592524731732814e-18:0;-0.00022171031154726985:1.3464660933314872e-18:0;-0.0008911320320865849:1.3615644351687786e-18:0;-0.010988785370813086:1.3531960213805582e-18:0,0:0:0;0:0:0;0:0:0;0:0:0;0:0:0;0:0:0;0:0:0;0:0:0;0:0:0;0:0:0,0.010988785370813095:5.1527923769012271e-21:0;0.00089113203208658967:1.2552594003845831e-18:0;0.00022171031154725939:1.3325987903248846e-18:0;7.746788201616797e-05:1.3583287610894243e-18:0;2.0424358590728522e-05:1.3627783297677375e-18:0;-2.042435859073585e-05:1.356439325282704e-18:0;-7.7467882016172185e-05:1.3592524731732814e-18:0;-0.00022171031154726985:1.3464660933314872e-18:0;-0.0008911320320865849:1.3615644351687786e-18:0;-0.010988785370813086:1.3531960213805582e-18:0,0.010788951949346801:5.0300497631681908e-21:0;0.00086741445356231222:1.2337811045075549e-18:0;0.00021589841053696473:1.3085426168409835e-18:0;7.5447910794552365e-05:1.3335535771895756e-18:0;1.9892738595168457e-05:1.337615071329628e-18:0;-1.9892738595175562e-05:1.3314328972611502e-18:0;-7.5447910794556458e-05:1.3342820339601109e-18:0;-0.00021589841053697482:1.3219049613295297e-18:0;-0.00086741445356230767:1.337021960872245e-18:0;-0.010788951949346792:1.3285180706151064e-18:0,0.00019983342146629482:1.2274261373303621e-22:0;2.3717578524277437e-05:2.1478295877028158e-20:0;5.8119010102946602e-06:2.4056173483901211e-20:0;2.0199712216156018e-06:2.4775183899848697e-20:0;5.316199955600652e-07:2.5163258438109425e-20:0;-5.3161999556028892e-07:2.5006428021553745e-20:0;-2.0199712216157293e-06:2.4970439213170482e-20:0;-5.8119010102950379e-06:2.4561132001957504e-20:0;-2.3717578524277278e-05:2.454247429653361e-20:0;-0.00019983342146629452:2.4677950765451961e-20:0,true,0.004931593943418717,0.0031141168303128182,1.5357559699468987e-05,true,12,true,0.004931593943418717,0.0031141168303128182,1.5357559699468987e-05,true,12,true,0.004841623534136608,0.0014773599373479078,7.1528206410542145e-06,true,11,true,9.0037837560539321e-05,0.094671878813708921,8.5240512461797885e-06,true,0,false
15,n10_linear_f0.1_d2.1,10,linear,n10_linear,3,0.10000000000000001,2.1000000000000001,0.025519102408747146,0.012381356660967053,6,13,13,21,false,49,21,210,210,true,balanced_sqrt,5.1299903553767818e-10,1.0459557822160537,5.5445443704620241e-17,5.1060952377124492e-22,3.3667783105689378e-16,1.1116173807576039e-16,0,1.4025718632725842e-16,true,true,-9.4500000000000011:0:0;-7.3500000000000005:0:0;-5.25:0:0;-3.1500000000000004:0:0;-1.05:0:0;1.05:0:0;3.1500000000000004:0:0;5.25:0:0;7.3500000000000005:0:0;9.4500000000000011:0:0,0.010996341551769989:1.7485003902521565e-20:0;0.00088835381261562836:1.2473577895890602e-18:0;0.00022169477775023356:1.3382990758980102e-18:0;7.7467845673270637e-05:1.3519513675242886e-18:0;2.0424451590011021e-05:1.3678531793093386e-18:0;-2.042445158999918e-05:1.3673707134251547e-18:0;-7.7467845673288987e-05:1.3690556128068649e-18:0;-0.00022169477775023396:1.3749910965150082e-18:0;-0.00088835381261562283:1.3608087488089663e-18:0;-0.010996341551769985:1.3639297002036386e-18:0,0:0:0;0:0:0;0:0:0;0:0:0;0:0:0;0:0:0;0:0:0;0:0:0;0:0:0;0:0:0,0.010996341551769989:1.7485003902521565e-20:0;0.00088835381261562836:1.2473577895890602e-18:0;0.00022169477775023356:1.3382990758980102e-18:0;7.7467845673270637e-05:1.3519513675242886e-18:0;2.0424451590011021e-05:1.3678531793093386e-18:0;-2.042445158999918e-05:1.3673707134251547e-18:0;-7.7467845673288987e-05:1.3690556128068649e-18:0;-0.00022169477775023396:1.3749910965150082e-18:0;-0.00088835381261562283:1.3608087488089663e-18:0;-0.010996341551769985:1.3639297002036386e-18:0,0.010789022074672007:1.6452266508746099e-20:0;0.00086478413770371644:1.2222373561931806e-18:0;0.00021587918389776191:1.3102627730879403e-18:0;7.5446735184583902e-05:1.323518474777071e-18:0;1.9892550141554933e-05:1.338985100811672e-18:0;-1.9892550141543559e-05:1.3384375051143724e-18:0;-7.5446735184601574e-05:1.3401439590798165e-18:0;-0.00021587918389776229:1.3459026294662758e-18:0;-0.00086478413770371112:1.332672164206418e-18:0;-0.010789022074672002:1.3382649575086687e-18:0,0.00020731947709798273:1.0327373937754659e-21:0;2.3569674911911888e-05:2.5120433395879657e-20:0;5.81559385247165e-06:2.803630281006979e-20:0;2.0211104886867395e-06:2.8432892747217714e-20:0;5.3190144845608828e-07:2.8868078497666552e-20:0;-5.3190144845562072e-07:2.8933208310782261e-20:0;-2.0211104886874142e-06:2.8911653727048384e-20:0;-5.8155938524716601e-06:2.9088467048732311e-20:0;-2.3569674911911705e-05:2.8136584602548354e-20:0;-0.00020731947709798281:2.5664742694969996e-20:0,true,0.0049348610318709005,0.00072958608903916651,3.6004059601944757e-06,true,12,true,0.0049348610318709005,0.00072958608903916651,3.6004059601944757e-06,true,12,true,0.004841560506242285,0.0002430512230180795,1.1767625213650189e-06,true,11,true,9.3354254427154476e-05,0.035868956117346071,3.3485196554151643e-06,true,0,false
15,n10_linear_f0.1_d2.1,10,linear,n10_linear,3,0.10000000000000001,2.1000000000000001,0.025519102408747146,0.012381356660967053,7,13,13,21,false,64,28,280,280,true,balanced_sqrt,3.4771943075333066e-08,1.0492030676979023,4.4245308064599409e-17,1.6518418701579976e-24,3.2715367590372234e-16,0,0,1.4032071527440988e-16,true,true,-9.4500000000000011:0:0;-7.3500000000000005:0:0;-5.25:0:0;-3.1500000000000004:0:0;-1.05:0:0;1.05:0:0;3.1500000000000004:0:0;5.25:0:0;7.3500000000000005:0:0;9.4500000000000011:0:0,0.011001270772312067:7.0611915510124873e-21:0;0.00088942018966629084:1.260501489572779e-18:0;0.00022170185769952513:1.3454858782483615e-18:0;7.7469569834471208e-05:1.360480713106151e-18:0;2.0424877475161782e-05:1.3626939981652345e-18:0;-2.0424877475159e-05:1.3635936661778013e-18:0;-7.746956983446885e-05:1.361509743760562e-18:0;-0.00022170185769952966:1.3568137521516715e-18:0;-0.00088942018966630201:1.3723169993985301e-18:0;-0.01100127077231206:1.3447327572924508e-18:0,0:0:0;0:0:0;0:0:0;0:0:0;0:0:0;0:0:0;0:0:0;0:0:0;0:0:0;0:0:0,0.011001270772312067:7.0611915510124873e-21:0;0.00088942018966629084:1.260501489572779e-18:0;0.00022170185769952513:1.3454858782483615e-18:0;7.7469569834471208e-05:1.360480713106151e-18:0;2.0424877475161782e-05:1.3626939981652345e-18:0;-2.0424877475159e-05:1.3635936661778013e-18:0;-7.746956983446885e-05:1.361509743760562e-18:0;-0.00022170185769952966:1.3568137521516715e-18:0;-0.00088942018966630201:1.3723169993985301e-18:0;-0.01100127077231206:1.3447327572924508e-18:0,0.0107909021759323:6.9161524970163393e-21:0;0.00086571027092122404:1.2359831211794189e-18:0;0.00021588242483906665:1.3182504328808163e-18:0;7.544738194681906e-05:1.3325227971588076e-18:0;1.98927059113282e-05:1.334680533213153e-18:0;-1.9892705911325496e-05:1.3355220412115778e-18:0;-7.544738194681681e-05:1.3336624065241473e-18:0;-0.00021588242483907104:1.3290727874187359e-18:0;-0.00086571027092123467:1.3448682923795986e-18:0;-0.010790902175932293:1.3189853208027027e-18:0,0.00021036859637976746:1.4503905399614866e-22:0;2.3709918745066837e-05:2.4518368393359984e-20:0;5.8194328604584878e-06:2.7235445367545172e-20:0;2.022187887652146e-06:2.7957915947343408e-20:0;5.321715638335821e-07:2.8013464952081436e-20:0;-5.3217156383350566e-07:2.8071624966223544e-20:0;-2.0221878876520448e-06:2.7847337236414753e-20:0;-5.8194328604585979e-06:2.7740964732935614e-20:0;-2.3709918745067342e-05:2.7448707018931567e-20:0;-0.00021036859637976738:2.5747436489748042e-20:0,true,0.0049370962579858889,0.00045682976674868989,2.2554125319515232e-06,true,12,true,0.0049370962579858889,0.00045682976674868989,2.2554125319515232e-06,true,12,true,0.0048424315646638594,0.00019355665341293094,9.3728484803747951e-07,true,11,true,9.4715727140675936e-05,0.014412077288110696,1.3650503799510255e-06,true,0,false
15,n10_linear_f0.1_d2.1,10,linear,n10_linear,3,0.10000000000000001,2.1000000000000001,0.025519102408747146,0.012381356660967053,8,13,13,21,false,81,36,360,360,true,balanced_sqrt,2.7684830891481543e-06,1.0498849019959151,4.864183153786588e-17,6.4644467944679486e-26,3.9160580903532106e-16,8.679798617252649e-19,0,1.4033333045491347e-16,true,true,-9.4500000000000011:0:0;-7.3500000000000005:0:0;-5.25:0:0;-3.1500000000000004:0:0;-1.05:0:0;1.05:0:0;3.1500000000000004:0:0;5.25:0:0;7.3500000000000005:0:0;9.4500000000000011:0:0,0.011002295407219217:5.8089149317906395e-21:0;0.00088906555202513651:1.2550384065227258e-18:0;0.00022170126198990136:1.3435747538842715e-18:0;7.7469585266664261e-05:1.3659256963790548e-18:0;2.0424883418031395e-05:1.3656710328800225e-18:0;-2.0424883418048054e-05:1.3611881678786829e-18:0;-7.7469585266650437e-05:1.3661954399414562e-18:0;-0.00022170126198989854:1.3634218641336463e-18:0;-0.00088906555202515158:1.3668909003865181e-18:0;-0.01100229540721921:1.3598375296309428e-18:0,0:0:0;0:0:0;0:0:0;0:0:0;0:0:0;0:0:0;0:0:0;0:0:0;0:0:0;0:0:0,0.011002295407219217:5.8089149317906395e-21:0;0.00088906555202513651:1.2550384065227258e-18:0;0.00022170126198990136:1.3435747538842715e-18:0;7.7469585266664261e-05:1.3659256963790548e-18:0;2.0424883418031395e-05:1.3656710328800225e-18:0;-2.0424883418048054e-05:1.3611881678786829e-18:0;-7.7469585266650437e-05:1.3661954399414562e-18:0;-0.00022170126198989854:1.3634218641336463e-18:0;-0.00088906555202515158:1.3668909003865181e-18:0;-0.01100229540721921:1.3598375296309428e-18:0,0.010790917799162246:5.3463016326697152e-21:0;0.00086540309657687133:1.229984665176757e-18:0;0.00021588179242953802:1.3158107046546887e-18:0;7.5447355840499615e-05:1.3373930612754178e-18:0;1.989269992164661e-05:1.3366925046821393e-18:0;-1.9892699921662646e-05:1.3324772303083755e-18:0;-7.5447355840486347e-05:1.3373853550440595e-18:0;-0.00021588179242953531:1.3351234815542051e-18:0;-0.00086540309657688586:1.3386610180166072e-18:0;-0.010790917799162239:1.3334474577709148e-18:0,0.00021137760805697099:4.6261329912092402e-22:0;2.3662455448265166e-05:2.5053741345968757e-20:0;5.8194695603633403e-06:2.776404922958269e-20:0;2.0222294261646527e-06:2.8532635103637108e-20:0;5.3218349638478507e-07:2.8978528197883185e-20:0;-5.3218349638540689e-07:2.8710937570307379e-20:0;-2.0222294261640954e-06:2.8810084897396856e-20:0;-5.8194695603632209e-06:2.8298382579441149e-20:0;-2.3662455448265729e-05:2.82298823699108e-20:0;-0.00021137760805697083:2.6390071860027972e-20:0,true,0.0049375401151906953,9.8206999810543521e-05,4.8490100115708368e-07,true,12,true,0.0049375401151906953,9.8206999810543521e-05,4.8490100115708368e-07,true,12,true,0.0048424275407930976,2.8405233809232378e-05,1.3755040079948391e-07,true,11,true,9.516159292783768e-05,0.0047471115766579983,4.5174269944095417e-07,true,0,false
15,n10_linear_f0.1_d2.1,10,linear,n10_linear,3,0.10000000000000001,2.1000000000000001,0.025519102408747146,0.012381356660967053,9,13,13,21,false,100,45,450,450,true,balanced_sqrt,0.00020443975313511631,1.0515617855334172,2.7441075020888722e-17,1.4993829285173277e-28,2.9421701947000944e-16,0,0,1.4034100492321977e-16,true,true,-9.4500000000000011:0:0;-7.3500000000000005:0:0;-5.25:0:0;-3.1500000000000004:0:0;-1.05:0:0;1.05:0:0;3.1500000000000004:0:0;5.25:0:0;7.3500000000000005:0:0;9.4500000000000011:0:0,0.011002891320298545:6.4277984125604569e-21:0;0.00088918892428699054:1.2536056204163907e-18:0;0.00022170167918177772:1.3367003670586994e-18:0;7.7469742896089941e-05:1.3600915513935947e-18:0;2.0424924784650001e-05:1.3650489266202597e-18:0;-2.0424924784664668e-05:1.3608181500842928e-18:0;-7.7469742896098113e-05:1.3557269422597734e-18:0;-0.00022170167918177149:1.3776747362473285e-18:0;-0.0008891889242869822:1.37436063283071e-18:0;-0.011002891320298563:1.3521586008273621e-18:0,0:0:0;0:0:0;0:0:0;0:0:0;0:0:0;0:0:0;0:0:0;0:0:0;0:0:0;0:0:0,0.011002891320298545:6.4277984125604569e-21:0;0.00088918892428699054:1.2536056204163907e-18:0;0.00022170167918177772:1.3367003670586994e-18:0;7.7469742896089941e-05:1.3600915513935947e-18:0;2.0424924784650001e-05:1.3650489266202597e-18:0;-2.0424924784664668e-05:1.3608181500842928e-18:0;-7.7469742896098113e-05:1.3557269422597734e-18:0;-0.00022170167918177149:1.3776747362473285e-18:0;-0.0008891889242869822:1.37436063283071e-18:0;-0.011002891320298563:1.3521586008273621e-18:0,0.010791123426515505:5.8688638530113328e-21:0;0.00086550307483228555:1.228655173121239e-18:0;0.00021588192513302806:1.3089266565271733e-18:0;7.5447414490562503e-05:1.3315473927743477e-18:0;1.9892715294676655e-05:1.3363355634787276e-18:0;-1.9892715294690871e-05:1.3322393856427216e-18:0;-7.5447414490570377e-05:1.3273944799259877e-18:0;-0.00021588192513302218:1.3490991257386489e-18:0;-0.00086550307483227742:1.3463940637431937e-18:0;-0.010791123426515522:1.3262139900068505e-18:0,0.0002117678937830399:5.5893455954912443e-22:0;2.3685849454705027e-05:2.4950447295151645e-20:0;5.8197540487496554e-06:2.7773710531526166e-20:0;2.0223284055274348e-06:2.8544158619247038e-20:0;5.3220948997334808e-07:2.8713363141532174e-20:0;-5.3220948997379595e-07:2.857876444157115e-20:0;-2.0223284055277296e-06:2.8332462333785789e-20:0;-5.8197540487493225e-06:2.8575610508679674e-20:0;-2.3685849454704725e-05:2.7966569087516207e-20:0;-0.00021176789378304022:2.5944610820511576e-20:0,true,0.0049378101365391679,5.511591244502108e-05,2.7215191115563035e-07,true,12,true,0.0049378101365391679,5.511591244502108e-05,2.7215191115563035e-07,true,12,true,0.0048425227602337667,2.1115626801915855e-05,1.0225290338487968e-07,true,11,true,9.5336145189539573e-05,0.0018340830441737758,1.7485440738902382e-07,true,0,false
15,n10_linear_f0.1_d2.1,10,linear,n10_linear,3,0.10000000000000001,2.1000000000000001,0.025519102408747146,0.012381356660967053,10,13,13,21,false,121,55,550,550,true,balanced_sqrt,0.024294903537915118,1.0518924247880104,4.2068828173753878e-17,8.9811691286062272e-30,4.3409815374848251e-16,0,0,1.4034246238611105e-16,true,true,-9.4500000000000011:0:0;-7.3500000000000005:0:0;-5.25:0:0;-3.1500000000000004:0:0;-1.05:0:0;1.05:0:0;3.1500000000000004:0:0;5.25:0:0;7.3500000000000005:0:0;9.4500000000000011:0:0,0.011003009646916395:1.1601465180029206e-20:0;0.0008891485763348005:1.2562719451409926e-18:0;0.00022170164904329094:1.3354783580562749e-18:0;7.7469742166291273e-05:1.3589226335047852e-18:0;2.0424924552148714e-05:1.3788382330720352e-18:0;-2.0424924552157563e-05:1.3653933911205594e-18:0;-7.7469742166285012e-05:1.3675797394629338e-18:0;-0.00022170164904327847:1.3769341549253482e-18:0;-0.00088914857633479053:1.382298600049651e-18:0;-0.011003009646916409:1.3489770271687811e-18:0,0:0:0;0:0:0;0:0:0;0:0:0;0:0:0;0:0:0;0:0:0;0:0:0;0:0:0;0:0:0,0.011003009646916395:1.1601465180029206e-20:0;0.0008891485763348005:1.2562719451409926e-18:0;0.00022170164904329094:1.3354783580562749e-18:0;7.7469742166291273e-05:1.3589226335047852e-18:0;2.0424924552148714e-05:1.3788382330720352e-18:0;-2.0424924552157563e-05:1.3653933911205594e-18:0;-7.7469742166285012e-05:1.3675797394629338e-18:0;-0.00022170164904327847:1.3769341549253482e-18:0;-0.00088914857633479053:1.382298600049651e-18:0;-0.011003009646916409:1.3489770271687811e-18:0,0.010791126059959927:1.1843434811921044e-20:0;0.00086547179293290806:1.2314454407708559e-18:0;0.00021588190768742879:1.3080041929590323e-18:0;7.5447415412926291e-05:1.3302841730606051e-18:0;1.989271541382923e-05:1.3498800397545773e-18:0;-1.9892715413837738e-05:1.3368540604143602e-18:0;-7.5447415412920261e-05:1.3387493558771725e-18:0;-0.00021588190768741678:1.3481112216043226e-18:0;-0.00086547179293289841:1.3540045124022786e-18:0;-0.010791126059959941:1.322757249890676e-18:0,0.00021188358695646664:-2.4196963189183875e-22:0;2.3676783401892471e-05:2.4826504370136726e-20:0;5.8197413558621437e-06:2.7474165097242704e-20:0;2.0223267533649844e-06:2.8638460444180135e-20:0;5.322091383194846e-07:2.8958193317457963e-20:0;-5.3220913831982542e-07:2.8539330706199255e-20:0;-2.0223267533647507e-06:2.8830383585761242e-20:0;-5.8197413558616846e-06:2.882293332102554e-20:0;-2.3676783401892163e-05:2.8294087647372526e-20:0;-0.00021188358695646716:2.6219777278105176e-20:0,true,0.0049378614164558403,1.1322536615810179e-05,5.590911669161756e-08,true,12,true,0.0049378614164558403,1.1322536615810179e-05,5.590911669161756e-08,true,12,true,0.004842522815578564,2.8991454068229671e-06,1.4039177778220016e-08,true,11,true,9.5387092350393202e-05,0.00054407966187068515,5.1898176952829754e-08,true,0,false
15,n10_linear_f0.1_d2.1,10,linear,n10_linear,3,0.10000000000000001,2.1000000000000001,0.025519102408747146,0.012381356660967053,11,13,13,21,false,144,66,660,660,true,balanced_sqrt,2.4038814667603861,1.0527207140475394,3.3139301243201569e-17,1.4616824460533833e-32,2.4353901550901096e-16,0,0,1.4034331416531601e-16,true,true,-9.4500000000000011:0:0;-7.3500000000000005:0:0;-5.25:0:0;-3.1500000000000004:0:0;-1.05:0:0;1.05:0:0;3.1500000000000004:0:0;5.25:0:0;7.3500000000000005:0:0;9.4500000000000011:0:0,0.011003075789689301:6.4732658833101208e-21:0;0.00088916223267208525:1.2619727747427701e-18:0;0.00022170168633087669:1.3433676622321358e-18:0;7.7469757553419869e-05:1.3504965319352405e-18:0;2.0424928593010265e-05:1.3658546361408561e-18:0;-2.0424928593012186e-05:1.3698015564046578e-18:0;-7.7469757553438165e-05:1.3578430888578289e-18:0;-0.0002217016863308797:1.3590508276331794e-18:0;-0.00088916223267207018:1.3661588494541249e-18:0;-0.011003075789689306:1.3620180659339424e-18:0,0:0:0;0:0:0;0:0:0;0:0:0;0:0:0;0:0:0;0:0:0;0:0:0;0:0:0;0:0:0,0.011003075789689301:6.4732658833101208e-21:0;0.00088916223267208525:1.2619727747427701e-18:0;0.00022170168633087669:1.3433676622321358e-18:0;7.7469757553419869e-05:1.3504965319352405e-18:0;2.0424928593010265e-05:1.3658546361408561e-18:0;-2.0424928593012186e-05:1.3698015564046578e-18:0;-7.7469757553438165e-05:1.3578430888578289e-18:0;-0.0002217016863308797:1.3590508276331794e-18:0;-0.00088916223267207018:1.3661588494541249e-18:0;-0.011003075789689306:1.3620180659339424e-18:0,0.010791146566336415:6.4984423059866629e-21:0;0.00086548157835783285:1.2367617007795776e-18:0;0.00021588191809277378:1.315886644983266e-18:0;7.5447421017053439e-05:1.322518760061455e-18:0;1.9892716891314909e-05:1.336996281967548e-18:0;-1.9892716891316762e-05:1.3409400181779441e-18:0;-7.5447421017071085e-05:1.3294051816347378e-18:0;-0.0002158819180927766:1.3309673632746932e-18:0;-0.00086548157835781832:1.3379263574506891e-18:0;-0.01079114656633642:1.3353322060040059e-18:0,0.00021192922335288553:-2.5176422676541816e-23:0;2.3680654314252445e-05:2.5211073963192498e-20:0;5.8197682381029204e-06:2.7481017248869714e-20:0;2.0223365363664257e-06:2.797777187378551e-20:0;5.3221170169535746e-07:2.8858354173308091e-20:0;-5.322117016954248e-07:2.886153822671371e-20:0;-2.0223365363670779e-06:2.8437907223091222e-20:0;-5.8197682381030932e-06:2.8083464358486265e-20:0;-2.3680654314251879e-05:2.82324920034358e-20:0;-0.00021192922335288569:2.6685859929936463e-20:0,true,0.0049378913857723254,6.1167511332294876e-06,3.0203852729686997e-08,true,12,true,0.0049378913857723254,6.1167511332294876e-06,3.0203852729686997e-08,true,12,true,0.0048425323047908281,2.0983566251078309e-06,1.0161359744056527e-08,true,11,true,9.5407559340353484e-05,0.00021468432002674949,2.0482507002395539e-08,true,0,false
15,n10_linear_f0.1_d2.1,10,linear,n10_linear,3,0.10000000000000001,2.1000000000000001,0.025519102408747146,0.012381356660967053,12,13,13,21,false,169,78,780,780,true,balanced_sqrt,336.98533436243827,1.0528624917557285,3.9781755221039603e-17,4.6203077226856874e-34,4.2823000840383611e-16,0,0,1.4034347242002318e-16,true,true,-9.4500000000000011:0:0;-7.3500000000000005:0:0;-5.25:0:0;-3.1500000000000004:0:0;-1.05:0:0;1.05:0:0;3.1500000000000004:0:0;5.25:0:0;7.3500000000000005:0:0;9.4500000000000011:0:0,0.01100308864536759:1.2225914438679262e-20:0;0.00088915775851494748:1.2577475927649709e-18:0;0.00022170168379301644:1.327944141677196e-18:0;7.7469757273883032e-05:1.3449560886609446e-18:0;2.0424928509134345e-05:1.3616274831948667e-18:0;-2.0424928509112875e-05:1.362549596632094e-18:0;-7.7469757273893535e-05:1.3722694757013967e-18:0;-0.00022170168379303748:1.3402249605190472e-18:0;-0.00088915775851495474:1.3659344662604433e-18:0;-0.011003088645367576:1.3554343306973511e-18:0,0:0:0;0:0:0;0:0:0;0:0:0;0:0:0;0:0:0;0:0:0;0:0:0;0:0:0;0:0:0,0.01100308864536759:1.2225914438679262e-20:0;0.00088915775851494748:1.2577475927649709e-18:0;0.00022170168379301644:1.327944141677196e-18:0;7.7469757273883032e-05:1.3449560886609446e-18:0;2.0424928509134345e-05:1.3616274831948667e-18:0;-2.0424928509112875e-05:1.362549596632094e-18:0;-7.7469757273893535e-05:1.3722694757013967e-18:0;-0.00022170168379303748:1.3402249605190472e-18:0;-0.00088915775851495474:1.3659344662604433e-18:0;-0.011003088645367576:1.3554343306973511e-18:0,0.010791146969982327:1.1737952162121153e-20:0;0.00086547860532542892:1.2328665249385487e-18:0;0.00021588191756667717:1.3003134182270072e-18:0;7.544742121923172e-05:1.3168114763267564e-18:0;1.9892716932951931e-05:1.3327326350595012e-18:0;-1.9892716932931165e-05:1.333630201348592e-18:0;-7.5447421219241762e-05:1.343664071791383e-18:0;-0.00021588191756669731:1.3126130463919125e-18:0;-0.00086547860532543597:1.3381946337747222e-18:0;-0.010791146969982313:1.329359961099436e-18:0,0.00021194167538526404:4.8796227655810839e-22:0;2.367915318951856e-05:2.4881067826422241e-20:0;5.8197662263392713e-06:2.7630723450188885e-20:0;2.0223360546513156e-06:2.8144612334188287e-20:0;5.3221157618241249e-07:2.8894848135365382e-20:0;-5.3221157618170871e-07:2.8919395283501849e-20:0;-2.0223360546517747e-06:2.8605403910013752e-20:0;-5.8197662263401615e-06:2.7611914127134786e-20:0;-2.3679153189518811e-05:2.7739832485721035e-20:0;-0.00021194167538526374:2.6074369597915161e-20:0,true,0.0049378969538648272,1.232806528627946e-06,6.0874716024166065e-09,true,12,true,0.0049378969538648272,1.232806528627946e-06,6.0874716024166065e-09,true,12,true,0.0048425323784136443,2.7708205342508229e-07,1.3417788151883001e-09,true,11,true,9.5413016755675721e-05,5.878691781235213e-05,5.6090371742444853e-09,true,0,false
15,n10_linear_f0.1_d2.1,10,linear,n10_linear,3,0.10000000000000001,2.1000000000000001,0.025519102408747146,0.012381356660967053,13,13,13,21,false,196,91,910,910,true,balanced_sqrt,52525.581094415451,1.0532566271689325,2.709040835314515e-17,7.8015948506797334e-37,4.5246439957676238e-16,0,0,1.4034356603023782e-16,true,true,-9.4500000000000011:0:0;-7.3500000000000005:0:0;-5.25:0:0;-3.1500000000000004:0:0;-1.05:0:0;1.05:0:0;3.1500000000000004:0:0;5.25:0:0;7.3500000000000005:0:0;9.4500000000000011:0:0,0.011003095911836328:2.202045372453745e-21:0;0.00088915929142067323:1.2632735039775202e-18:0;0.00022170168815489308:1.3402344767413548e-18:0;7.7469758907622806e-05:1.3584716251210912e-18:0;2.0424928930942282e-05:1.3551695043639263e-18:0;-2.0424928930916485e-05:1.3669092901784598e-18:0;-7.7469758907639937e-05:1.3650291198054564e-18:0;-0.0002217016881549056:1.3569860209739313e-18:0;-0.00088915929142066715:1.3776069433854644e-18:0;-0.011003095911836331:1.3509285018921339e-18:0,0:0:0;0:0:0;0:0:0;0:0:0;0:0:0;0:0:0;0:0:0;0:0:0;0:0:0;0:0:0,0.011003095911836328:2.202045372453745e-21:0;0.00088915929142067323:1.2632735039775202e-18:0;0.00022170168815489308:1.3402344767413548e-18:0;7.7469758907622806e-05:1.3584716251210912e-18:0;2.0424928930942282e-05:1.3551695043639263e-18:0;-2.0424928930916485e-05:1.3669092901784598e-18:0;-7.7469758907639937e-05:1.3650291198054564e-18:0;-0.0002217016881549056:1.3569860209739313e-18:0;-0.00088915929142066715:1.3776069433854644e-18:0;-0.011003095911836331:1.3509285018921339e-18:0,0.010791148947746345:2.5167542128512292e-21:0;0.00086547952186906147:1.2380862649652984e-18:0;0.00021588191882224798:1.3126414281978261e-18:0;7.5447421768112647e-05:1.3300912646426612e-18:0;1.9892717074908941e-05:1.3265387535110544e-18:0;-1.9892717074884058e-05:1.3382684272666763e-18:0;-7.5447421768129168e-05:1.336215826067063e-18:0;-0.00021588191882226002:1.3289584653673331e-18:0;-0.00086547952186905573:1.3492155660572786e-18:0;-0.010791148947746349:1.3244356958101445e-18:0,0.00021194696408998289:-3.1470884039748447e-22:0;2.3679769551611743e-05:2.5187239012221761e-20:0;5.8197693326450866e-06:2.7593048543528614e-20:0;2.0223371395101606e-06:2.8380360478430083e-20:0;5.3221185603334269e-07:2.8630750852871934e-20:0;-5.3221185603242652e-07:2.8640862911783494e-20:0;-2.0223371395107721e-06:2.88132937383933e-20:0;-5.8197693326455923e-06:2.8027555606598249e-20:0;-2.3679769551611462e-05:2.8391377328185777e-20:0;-0.00021194696408998305:2.6492806081989505e-20:0,true,0.0049379002474814505,6.7259079022600467e-07,3.3211862295107327e-09,true,12,true,0.0049379002474814505,6.7259079022600467e-07,3.3211862295107327e-09,true,12,true,0.0048425332926421939,2.0130869458203728e-07,9.7484405561185484e-10,true,11,true,9.541539695984994e-05,2.495602707348086e-05,2.3811892297569386e-09,true,0,false
16,n10_linear_f0.8_d3.0,10,linear,n10_linear,4,0.80000000000000004,3,0.070024417009602186,0.035042150548050537,2,11,13,21,false,9,3,30,30,true,balanced_sqrt,1.942996108435931e-16,1.0653461965302711,2.5858253405513234e-17,2.1101554479001919e-17,1.3078036956355939e-16,0,0,2.2179396515430817e-15,true,true,-13.5:0:0;-10.5:0:0;-7.5:0:0;-4.5:0:0;-1.5:0:0;1.5:0:0;4.5:0:0;7.5:0:0;10.5:0:0;13.5:0:0,0.17371004877624488:-2.6785533665288548e-20:0;0.015874385134382094:1.9848080445978814e-17:0;0.0043338338303821715:2.1200749896075885e-17:0;0.00160381220903322:2.1642711201553147e-17:0;0.00043611328167980732:2.1625970243012341e-17:0;-0.00043611328167986077:2.1736460569381657e-17:0;-0.0016038122090331892:2.1743156952797979e-17:0;-0.0043338338303821645:2.1803424403544877e-17:0;-0.015874385134382094:2.1723067802549013e-17:0;-0.17371004877624485:2.1321284797569682e-17:0,0:0:0;0:0:0;0:0:0;0:0:0;0:0:0;0:0:0;0:0:0;0:0:0;0:0:0;0:0:0,0.17371004877624488:-2.6785533665288548e-20:0;0.015874385134382094:1.9848080445978814e-17:0;0.0043338338303821715:2.1200749896075885e-17:0;0.00160381220903322:2.1642711201553147e-17:0;0.00043611328167980732:2.1625970243012341e-17:0;-0.00043611328167986077:2.1736460569381657e-17:0;-0.0016038122090331892:2.1743156952797979e-17:0;-0.0043338338303821645:2.1803424403544877e-17:0;-0.015874385134382094:2.1723067802549013e-17:0;-0.17371004877624485:2.1321284797569682e-17:0,0.17034683579037022:-1.3392766832644274e-20:0;0.015327577083902959:1.917593096056548e-17:0;0.0041750008653445424:2.0431502851125878e-17:0;0.0015438713224965269:2.0828472830524728e-17:0;0.00041969820805152065:2.081382449180152e-17:0;-0.0004196982080515721:2.093122046356892e-17:0;-0.0015438713224964974:2.093540570320412e-17:0;-0.0041750008653445355:2.1013251160418865e-17:0;-0.015327577083902959:2.0976421051629097e-17:0;-0.17034683579037019:2.0919501792590354e-17:0,0.003363212985874667:-1.3392766832644274e-20:0;0.00054680805047913463:6.7214948541333447e-19:0;0.00015883296503762924:7.6924704495000542e-19:0;5.9940886536692993e-05:8.1423837102841989e-19:0;1.6415073628286656e-05:8.1214575121081916e-19:0;-1.6415073628288695e-05:8.05240105812737e-19:0;-5.9940886536691848e-05:8.0775124959385774e-19:0;-0.00015883296503762896:7.9017324312601216e-19:0;-0.00054680805047913463:7.4664675091991826e-19:0;-0.0033632129858746662:4.0178300497932823e-19:0,true,0.078036813970466176,0,0,false,9,true,0.078036813970466176,0,0,false,9,true,0.076515317944221117,0,0,false,8,true,0.0015257320149835261,0,0,false,11,true
16,n10_linear_f0.8_d3.0,10,linear,n10_linear,4,0.80000000000000004,3,0.070024417009602186,0.035042150548050537,3,11,13,21,false,16,6,60,60,true,balanced_sqrt,4.7494194381532781e-15,1.0728304023502453,2.6159829196445068e-17,1.102122291676391e-18,1.1433222819920087e-16,9.6034406126246331e-35,0,2.2530656100064747e-15,true,true,-13.5:0:0;-10.5:0:0;-7.5:0:0;-4.5:0:0;-1.5:0:0;1.5:0:0;4.5:0:0;7.5:0:0;10.5:0:0;13.5:0:0,0.17641143460498029:1.6239863624400813e-19:0;0.016647539128525443:1.9836083298986097e-17:0;0.004447602812276308:2.1356876657326315e-17:0;0.0016399302209082502:2.1707557609178449e-17:0;0.0004455171529400424:2.1868929061328147e-17:0;-0.00044551715294001399:2.1893589482367369e-17:0;-0.0016399302209082957:2.1958980588506696e-17:0;-0.0044476028122763358:2.1903200167960633e-17:0;-0.016647539128525391:2.1827684845355254e-17:0;-0.17641143460498029:2.1617657754709646e-17:0,0:0:0;0:0:0;0:0:0;0:0:0;0:0:0;0:0:0;0:0:0;0:0:0;0:0:0;0:0:0,0.17641143460498029:1.6239863624400813e-19:0;0.016647539128525443:1.9836083298986097e-17:0;0.004447602812276308:2.1356876657326315e-17:0;0.0016399302209082502:2.1707557609178449e-17:0;0.0004455171529400424:2.1868929061328147e-17:0;-0.00044551715294001399:2.1893589482367369e-17:0;-0.0016399302209082957:2.1958980588506696e-17:0;-0.0044476028122763358:2.1903200167960633e-17:0;-0.016647539128525391:2.1827684845355254e-17:0;-0.17641143460498029:2.1617657754709646e-17:0,0.17141282052818796:1.7431146001112383e-19:0;0.01579292801614493:1.925053754484462e-17:0;0.0042082446673184105:2.0675870545699624e-17:0;0.0015504370343830322:2.0999035771804402e-17:0;0.00042108446497980077:2.1147225618024152e-17:0;-0.00042108446497977393:2.1162343853507566e-17:0;-0.0015504370343830752:2.1233055393679393e-17:0;-0.0042082446673184374:2.1188691853546256e-17:0;-0.015792928016144882:2.1158002610084791e-17:0;-0.17141282052818796:2.1004754342374173e-17:0,0.0049986140767923262:-1.1912823767115711e-20:0;0.0008546111123805129:5.8554575414147843e-19:0;0.00023935814495789715:6.8100611162669209e-19:0;8.9493186525217911e-05:7.0852183737404859e-19:0;2.4432687960241606e-05:7.2170344330399494e-19:0;-2.4432687960240051e-05:7.3124562885980365e-19:0;-8.9493186525220608e-05:7.2592519482730279e-19:0;-0.00023935814495789875:7.145083144143766e-19:0;-0.00085461111238051041:6.6968223527046408e-19:0;-0.0049986140767923262:6.1290341233547366e-19:0,true,0.079272698763019053,0.015866031342153503,0.0012577431231511535,true,9,true,0.079272698763019053,0.015866031342153503,0.0012577431231511535,true,9,true,0.077009171021451925,0.0067574977868356213,0.00052038930274350725,true,8,true,0.0022707884599999068,0.32817304539156494,0.00074521156435819122,true,11,true
16,n10_linear_f0.8_d3.0,10,linear,n10_linear,4,0.80000000000000004,3,0.070024417009602186,0.035042150548050537,4,11,13,21,false,25,10,100,100,true,balanced_sqrt,1.1551689199898188e-13,1.0728896349937558,3.3866768901395453e-17,1.6388622112205429e-19,2.7652044983530342e-16,0,0,2.2593582903805662e-15,true,true,-13.5:0:0;-10.5:0:0;-7.5:0:0;-4.5:0:0;-1.5:0:0;1.5:0:0;4.5:0:0;7.5:0:0;10.5:0:0;13.5:0:0,0.17691663202129185:-5.1978265176277443e-20:0;0.016564991315674942:2.0058854234988633e-17:0;0.0044473268497150342:2.1385614291127198e-17:0;0.0016404028778006462:2.187810703297212e-17:0;0.0004456634014127867:2.2024063259481041e-17:0;-0.00044566340141280366:2.2071646843962443e-17:0;-0.0016404028778006228:2.2244790467469647e-17:0;-0.004447326849715146:2.2200843347955676e-17:0;-0.016564991315674914:2.2081236720609399e-17:0;-0.17691663202129179:2.1707659946499812e-17:0,0:0:0;0:0:0;0:0:0;0:0:0;0:0:0;0:0:0;0:0:0;0:0:0;0:0:0;0:0:0,0.17691663202129185:-5.1978265176277443e-20:0;0.016564991315674942:2.0058854234988633e-17:0;0.0044473268497150342:2.1385614291127198e-17:0;0.0016404028778006462:2.187810703297212e-17:0;0.0004456634014127867:2.2024063259481041e-17:0;-0.00044566340141280366:2.2071646843962443e-17:0;-0.0016404028778006228:2.2244790467469647e-17:0;-0.004447326849715146:2.2200843347955676e-17:0;-0.016564991315674914:2.2081236720609399e-17:0;-0.17691663202129179:2.1707659946499812e-17:0,0.17145534609484214:-4.0098151848781262e-20:0;0.015693552765170472:1.9306791163255704e-17:0;0.0042047401047384352:2.0545116774835345e-17:0;0.0015499771760284285:2.0985505121934839e-17:0;0.00042100215558378367:2.1134238877498142e-17:0;-0.0004210021555837995:2.1159167655504819e-17:0;-0.0015499771760284066:2.134269900052987e-17:0;-0.0042047401047385401:2.1305352741747065e-17:0;-0.015693552765170444:2.1233785143985128e-17:0;-0.17145534609484209:2.1023436929660386e-17:0,0.0054612859264497023:-1.1880113327496181e-20:0;0.00087143855050447142:7.5206307173293112e-19:0;0.00024258674497659898:8.4049751629185417e-19:0;9.0425701772217705e-05:8.9260191103728123e-19:0;2.4661245829003031e-05:8.8982438198289862e-19:0;-2.4661245829004159e-05:9.1247918845762399e-19:0;-9.0425701772216201e-05:9.0209146693977749e-19:0;-0.00024258674497660556:8.9549060620860921e-19:0;-0.00087143855050446947:8.4745157662427031e-19:0;-0.0054612859264497006:6.8422301683942637e-19:0,true,0.079494102770737179,0.0028798042143814433,0.00022892745217764049,true,9,true,0.079494102770737179,0.0028798042143814433,0.00022892745217764049,true,9,true,0.077023999914708263,0.00062793454699739001,4.8366030494369336e-05,true,8,true,0.002475992020632057,0.083625239930870399,0.00020705542679227637,true,11,true
16,n10_linear_f0.8_d3.0,10,linear,n10_linear,4,0.80000000000000004,3,0.070024417009602186,0.035042150548050537,5,11,13,21,false,36,15,150,150,true,balanced_sqrt,5.3112432252486309e-12,1.0733302632134827,6.0472158741220723e-17,9.3736933582116789e-22,3.1972952923986715e-16,0,0,2.2612908089776212e-15,true,true,-13.5:0:0;-10.5:0:0;-7.5:0:0;-4.5:0:0;-1.5:0:0;1.5:0:0;4.5:0:0;7.5:0:0;10.5:0:0;13.5:0:0,0.17706678512393562:8.077218719803331e-20:0;0.016592430423725324:1.9878969662804761e-17:0;0.0044486801019496614:2.1621079546628683e-17:0;0.001640729198270601:2.1986698349307388e-17:0;0.00044574102518909315:2.2048041291771849e-17:0;-0.00044574102518912513:2.1819945995848168e-17:0;-0.0016407291982707681:2.2231269186860553e-17:0;-0.0044486801019495434:2.1979847220807533e-17:0;-0.01659243042372514:2.2035663439073726e-17:0;-0.17706678512393573:2.1828196119905774e-17:0,0:0:0;0:0:0;0:0:0;0:0:0;0:0:0;0:0:0;0:0:0;0:0:0;0:0:0;0:0:0,0.17706678512393562:8.077218719803331e-20:0;0.016592430423725324:1.9878969662804761e-17:0;0.0044486801019496614:2.1621079546628683e-17:0;0.001640729198270601:2.1986698349307388e-17:0;0.00044574102518909315:2.2048041291771849e-17:0;-0.00044574102518912513:2.1819945995848168e-17:0;-0.0016407291982707681:2.2231269186860553e-17:0;-0.0044486801019495434:2.1979847220807533e-17:0;-0.01659243042372514:2.2035663439073726e-17:0;-0.17706678512393573:2.1828196119905774e-17:0,0.17149614204549107:5.3776558517325375e-20:0;0.015714066256973604:1.9163356925256158e-17:0;0.0042052089850439485:2.076379842816675e-17:0;0.0015500553150502121:2.110833328126371e-17:0;0.00042101899357127723:2.116893205174296e-17:0;-0.00042101899357130721:2.0958748240997583e-17:0;-0.0015500553150503691:2.134728907102786e-17:0;-0.0042052089850438375:2.1105547190094015e-17:0;-0.015714066256973434:2.1206005758913155e-17:0;-0.17149614204549118:2.1117278097724954e-17:0,0.0055706430784445479:2.6995628680707934e-20:0;0.0008783641667517182:7.1561273754860446e-19:0;0.0002434711169057131:8.5728111846193259e-19:0;9.0673883220388879e-05:8.7836506804367966e-19:0;2.4722031617815921e-05:8.7910924002889033e-19:0;-2.4722031617817917e-05:8.6119775485058411e-19:0;-9.0673883220399138e-05:8.8398011583269398e-19:0;-0.00024347111690570594:8.7430003071351861e-19:0;-0.00087836416675170529:8.2965768016057166e-19:0;-0.0055706430784445487:7.1091802218081844e-19:0,true,0.079562097224124551,0.00085801368852395858,6.8265368505972913e-05,true,9,true,0.079562097224124551,0.00085801368852395858,6.8265368505972913e-05,true,9,true,0.077043003998930853,0.00026507583645212195,2.0422238727800771e-05,true,8,true,0.0025247454934534878,0.019410158576299442,4.9005710392729589e-05,true,11,true
16,n10_linear_f0.8_d3.0,10,linear,n10_linear,4,0.80000000000000004,3,0.070024417009602186,0.035042150548050537,6,11,13,21,false,49,21,210,210,true,balanced_sqrt,1.3405613259811178e-10,1.0733325174979746,3.5488597405637991e-17,7.7844956942376911e-23,2.4567411256850927e-16,0,0,2.2615571667043921e-15,true,true,-13.5:0:0;-10.5:0:0;-7.5:0:0;-4.5:0:0;-1.5:0:0;1.5:0:0;4.5:0:0;7.5:0:0;10.5:0:0;13.5:0:0,0.17708817508599101:1.3637954657049978e-19:0;0.016588847645933803:2.0157221316050583e-17:0;0.0044486991504554176:2.1564893019179495e-17:0;0.0016407445953371049:2.1924181264892424e-17:0;0.00044574549495974956:2.21330374111477e-17:0;-0.00044574549495995165:2.206339650194642e-17:0;-0.001640744595337214:2.2047887811675086e-17:0;-0.0044486991504554619:2.2111314233845973e-17:0;-0.016588847645933668:2.2315581799735368e-17:0;-0.17708817508599078:2.1775853504618872e-17:0,0:0:0;0:0:0;0:0:0;0:0:0;0:0:0;0:0:0;0:0:0;0:0:0;0:0:0;0:0:0,0.17708817508599101:1.3637954657049978e-19:0;0.016588847645933803:2.0157221316050583e-17:0;0.0044486991504554176:2.1564893019179495e-17:0;0.0016407445953371049:2.1924181264892424e-17:0;0.00044574549495974956:2.21330374111477e-17:0;-0.00044574549495995165:2.206339650194642e-17:0;-0.001640744595337214:2.2047887811675086e-17:0;-0.0044486991504554619:2.2111314233845973e-17:0;-0.016588847645933668:2.2315581799735368e-17:0;-0.17708817508599078:2.1775853504618872e-17:0,0.17149619845460709:1.3405674701093292e-19:0;0.015710397875203088:1.9413126891025822e-17:0;0.0042051620692554531:2.0717153351301981e-17:0;0.0015500479242908788:2.1041007345174688e-17:0;0.00042101739373608945:2.1243077561287721e-17:0;-0.0004210173937362794:2.1166211759421809e-17:0;-0.0015500479242909814:2.1162905683716275e-17:0;-0.0042051620692554947:2.1224020566537355e-17:0;-0.01571039787520296:2.1473385597902204e-17:0;-0.17149619845460687:2.1090585275524284e-17:0,0.0055919766313839115:2.3227995595668633e-21:0;0.00087844977073071537:7.4409442502476093e-19:0;0.00024353708119996469:8.4773966787751495e-19:0;9.0696671046226074e-05:8.831739197177349e-19:0;2.4728101223660097e-05:8.8995984985997981e-19:0;-2.4728101223672237e-05:8.9718474252461122e-19:0;-9.069667104623266e-05:8.8498212795881192e-19:0;-0.00024353708119996697:8.8729366730861709e-19:0;-0.00087844977073070832:8.421962018331637e-19:0;-0.0055919766313839055:6.8526822909458736e-19:0,true,0.079571468853491992,0.00012189228736277286,9.6991483473677759e-06,true,9,true,0.079571468853491992,0.00012189228736277286,9.6991483473677759e-06,true,9,true,0.077042878941562476,2.1298258045937311e-05,1.6408817798034096e-06,true,8,true,0.0025341674893617017,0.0037648589524667919,9.5407831593736963e-06,true,11,true
16,n10_linear_f0.8_d3.0,10,linear,n10_linear,4,0.80000000000000004,3,0.070024417009602186,0.035042150548050537,7,11,13,21,false,64,28,280,280,true,balanced_sqrt,1.2519337183659215e-08,1.0733506589523789,3.3003428925449062e-17,2.7908503512706529e-25,1.6618000058218065e-16,8.6172729648947779e-19,0,2.2616250920200769e-15,true,true,-13.5:0:0;-10.5:0:0;-7.5:0:0;-4.5:0:0;-1.5:0:0;1.5:0:0;4.5:0:0;7.5:0:0;10.5:0:0;13.5:0:0,0.17709347128256242:2.2090359588468441e-21:0;0.016589621461446248:2.0075886491038612e-17:0;0.0044487217233695709:2.1578243637861428e-17:0;0.0016407514942232361:2.192891536996392e-17:0;0.00044574729170806544:2.2135065925324843e-17:0;-0.00044574729170809233:2.1957980895868424e-17:0;-0.0016407514942232354:2.2073082101105273e-17:0;-0.0044487217233694972:2.213779420902773e-17:0;-0.016589621461446206:2.2206568065590007e-17:0;-0.17709347128256245:2.1722165356082047e-17:0,0:0:0;0:0:0;0:0:0;0:0:0;0:0:0;0:0:0;0:0:0;0:0:0;0:0:0;0:0:0,0.17709347128256242:2.2090359588468441e-21:0;0.016589621461446248:2.0075886491038612e-17:0;0.0044487217233695709:2.1578243637861428e-17:0;0.0016407514942232361:2.192891536996392e-17:0;0.00044574729170806544:2.2135065925324843e-17:0;-0.00044574729170809233:2.1957980895868424e-17:0;-0.0016407514942232354:2.2073082101105273e-17:0;-0.0044487217233694972:2.213779420902773e-17:0;-0.016589621461446206:2.2206568065590007e-17:0;-0.17709347128256245:2.1722165356082047e-17:0,0.1714974679726341:2.6777618225279863e-20:0;0.01571103154560833:1.9349361934381209e-17:0;0.0042051691458185403:2.0741182288317122e-17:0;0.0015500496264681789:2.1039166118413922e-17:0;0.0004210178118204611:2.1251369989802645e-17:0;-0.00042101781182048625:2.1096545884599903e-17:0;-0.0015500496264681785:2.1149581246826352e-17:0;-0.0042051691458184709:2.1253471632618562e-17:0;-0.015711031545608288:2.1372070844422569e-17:0;-0.17149746797263413:2.1023390323312775e-17:0,0.00559600330992833:-2.4568582266433019e-20:0;0.00087858991583791954:7.2652455665740358e-19:0;0.00024355257755103083:8.37061349544307e-19:0;9.0701867755057044e-05:8.8974925154999747e-19:0;2.4729479887604345e-05:8.836959355221966e-19:0;-2.4729479887606059e-05:8.6143501126852073e-19:0;-9.0701867755056949e-05:9.2350085427892117e-19:0;-0.00024355257755102644:8.8432257640916779e-19:0;-0.00087858991583791705:8.3449722116743741e-19:0;-0.0055960033099283317:6.9877503276927253e-19:0,true,0.079573858763073296,3.008151352874199e-05,2.3937021089155936e-06,true,9,true,0.079573858763073296,3.008151352874199e-05,2.3937021089155936e-06,true,9,true,0.077043470055078764,8.2362569719171377e-06,6.3454981738183176e-07,true,8,true,0.0025359546336227085,0.00071053741988070498,1.8018906623087978e-06,true,11,true
16,n10_linear_f0.8_d3.0,10,linear,n10_linear,4,0.80000000000000004,3,0.070024417009602186,0.035042150548050537,8,11,13,21,false,81,36,360,360,true,balanced_sqrt,4.2912379119145762e-07,1.0733507351111218,3.0685142886738805e-17,2.7176510106034427e-26,2.9555518331519589e-16,0,0,2.261633456477104e-15,true,true,-13.5:0:0;-10.5:0:0;-7.5:0:0;-4.5:0:0;-1.5:0:0;1.5:0:0;4.5:0:0;7.5:0:0;10.5:0:0;13.5:0:0,0.17709414237629578:5.5643177621177889e-20:0;0.016589515441479435:1.9968851739707943e-17:0;0.0044487226156195124:2.1658769838611745e-17:0;0.0016407519089864789:2.2024126677091563e-17:0;0.0004457474096286676:2.2098676386938801e-17:0;-0.00044574740962873021:2.2216476837084855e-17:0;-0.0016407519089864247:2.213474412193545e-17:0;-0.0044487226156194317:2.2218488943731609e-17:0;-0.016589515441479286:2.2046227400582242e-17:0;-0.17709414237629587:2.1832706509148938e-17:0,0:0:0;0:0:0;0:0:0;0:0:0;0:0:0;0:0:0;0:0:0;0:0:0;0:0:0;0:0:0,0.17709414237629578:5.5643177621177889e-20:0;0.016589515441479435:1.9968851739707943e-17:0;0.0044487226156195124:2.1658769838611745e-17:0;0.0016407519089864789:2.2024126677091563e-17:0;0.0004457474096286676:2.2098676386938801e-17:0;-0.00044574740962873021:2.2216476837084855e-17:0;-0.0016407519089864247:2.213474412193545e-17:0;-0.0044487226156194317:2.2218488943731609e-17:0;-0.016589515441479286:2.2046227400582242e-17:0;-0.17709414237629587:2.1832706509148938e-17:0,0.17149747028910456:6.7180976936871794e-20:0;0.015710930400474058:1.9227943871978475e-17:0;0.0042051685756616924:2.0808994817308114e-17:0;0.0015500494900588487:2.1119198895391633e-17:0;0.00042101777909601457:2.1205721031479253e-17:0;-0.00042101777909607345:2.1298359595407252e-17:0;-0.0015500494900587982:2.1263584453436278e-17:0;-0.004205168575661616:2.1331878183016458e-17:0;-0.015710930400473916:2.1233080107979736e-17:0;-0.17149747028910464:2.1144075357955798e-17:0,0.0055966720871912269:-1.1537799315693903e-20:0;0.00087858504100537778:7.4090786772946717e-19:0;0.00024355403995782009:8.4977502130363081e-19:0;9.0702418927630202e-05:9.0492778169993138e-19:0;2.472963053265305e-05:8.929553554595483e-19:0;-2.4729630532656774e-05:9.1811724167760258e-19:0;-9.0702418927626625e-05:8.71159668499174e-19:0;-0.00024355403995781588:8.8661076071515113e-19:0;-0.00087858504100537204:8.1314729260250779e-19:0;-0.0055966720871912321:6.886311511931388e-19:0,true,0.079574153061241659,3.8183843651154435e-06,3.0384470191634836e-07,true,9,true,0.079574153061241659,3.8183843651154435e-06,3.0384470191634836e-07,true,9,true,0.077043466954379122,5.8728017493973451e-07,4.5246102571910855e-08,true,8,true,0.0025362494821933126,0.00011792808871843725,2.9909505394818348e-07,true,11,true
16,n10_linear_f0.8_d3.0,10,linear,n10_linear,4,0.80000000000000004,3,0.070024417009602186,0.035042150548050537,9,11,13,21,false,100,45,450,450,true,balanced_sqrt,3.9579366731251332e-05,1.0733513679975863,2.1166239753286466e-17,8.0749599754369793e-29,2.2283555781854908e-16,8.6172340172473051e-19,0,2.2616353139748976e-15,true,true,-13.5:0:0;-10.5:0:0;-7.5:0:0;-4.5:0:0;-1.5:0:0;1.5:0:0;4.5:0:0;7.5:0:0;10.5:0:0;13.5:0:0,0.1770942874109494:1.0893714314713066e-19:0;0.016589534477511131:2.004779790227189e-17:0;0.0044487230519936723:2.1660027463285293e-17:0;0.0016407520646625556:2.1740581743752e-17:0;0.00044574745139533151:2.2088317481337132e-17:0;-0.00044574745139507423:2.2048168464638919e-17:0;-0.0016407520646626675:2.2154344446479658e-17:0;-0.004448723051993851:2.2085601617766004e-17:0;-0.016589534477511193:2.2234428779590885e-17:0;-0.17709428741094935:2.1723048737749601e-17:0,0:0:0;0:0:0;0:0:0;0:0:0;0:0:0;0:0:0;0:0:0;0:0:0;0:0:0;0:0:0,0.1770942874109494:1.0893714314713066e-19:0;0.016589534477511131:2.004779790227189e-17:0;0.0044487230519936723:2.1660027463285293e-17:0;0.0016407520646625556:2.1740581743752e-17:0;0.00044574745139533151:2.2088317481337132e-17:0;-0.00044574745139507423:2.2048168464638919e-17:0;-0.0016407520646626675:2.2154344446479658e-17:0;-0.004448723051993851:2.2085601617766004e-17:0;-0.016589534477511193:2.2234428779590885e-17:0;-0.17709428741094935:2.1723048737749601e-17:0,0.17149750236013359:1.2062642529180107e-19:0;0.015710946355662982:1.9288944000804166e-17:0;0.0042051686907429451:2.082336600476073e-17:0;0.0015500495274102578:2.0901429066653414e-17:0;0.00042101778872888991:2.1194151646453098e-17:0;-0.00042101778872864775:2.1144667038941666e-17:0;-0.0015500495274103627:2.1269379807109561e-17:0;-0.0042051686907431133:2.121371043805705e-17:0;-0.015710946355663041:2.1349479782597345e-17:0;-0.17149750236013353:2.102350817561392e-17:0,0.0055967850508158203:-1.168928214467039e-20:0;0.000878588121848149:7.5885390146772526e-19:0;0.00024355436125072738:8.3666145852456291e-19:0;9.070253725229788e-05:8.391526770985876e-19:0;2.4729662666441583e-05:8.941658348840334e-19:0;-2.4729662666426479e-05:9.0350142569725363e-19:0;-9.0702537252304615e-05:8.8496463937009637e-19:0;-0.00024355436125073792:8.7189117970895464e-19:0;-0.00087858812184815117:8.8494899699353974e-19:0;-0.0055967850508158194:6.9954056213567978e-19:0,true,0.079574218416135184,8.2210167016476861e-07,6.5418097861960823e-08,true,9,true,0.079574218416135184,8.2210167016476861e-07,6.5418097861960823e-08,true,9,true,0.077043481884437173,2.0792899254100246e-07,1.6019573570081996e-08,true,8,true,0.0025362995574754947,1.9925835374022781e-05,5.0537887441463533e-08,true,11,true
16,n10_linear_f0.8_d3.0,10,linear,n10_linear,4,0.80000000000000004,3,0.070024417009602186,0.035042150548050537,10,11,13,21,false,121,55,550,550,true,balanced_sqrt,0.0024474047362697134,1.0733513704341147,3.0222111728186998e-17,4.3492308844838051e-30,3.9608585158506768e-16,1.1115917697859545e-16,0,2.2616355283685937e-15,true,true,-13.5:0:0;-10.5:0:0;-7.5:0:0;-4.5:0:0;-1.5:0:0;1.5:0:0;4.5:0:0;7.5:0:0;10.5:0:0;13.5:0:0,0.17709430460226591:1.6257161363218867e-19:0;0.016589531865662869:1.9967544556639038e-17:0;0.0044487230731866381:2.1685810125380573e-17:0;0.0016407520732391861:2.1989639304886512e-17:0;0.00044574745382802852:2.2175988163606876e-17:0;-0.00044574745382804136:2.214211989523413e-17:0;-0.0016407520732394513:2.1865241498083577e-17:0;-0.0044487230731867578:2.2165425812828261e-17:0;-0.016589531865662557:2.2153338362041109e-17:0;-0.17709430460226563:2.1614490404406807e-17:0,0:0:0;0:0:0;0:0:0;0:0:0;0:0:0;0:0:0;0:0:0;0:0:0;0:0:0;0:0:0,0.17709430460226591:1.6257161363218867e-19:0;0.016589531865662869:1.9967544556639038e-17:0;0.0044487230731866381:2.1685810125380573e-17:0;0.0016407520732391861:2.1989639304886512e-17:0;0.00044574745382802852:2.2175988163606876e-17:0;-0.00044574745382804136:2.214211989523413e-17:0;-0.0016407520732394513:2.1865241498083577e-17:0;-0.0044487230731867578:2.2165425812828261e-17:0;-0.016589531865662557:2.2153338362041109e-17:0;-0.17709430460226563:2.1614490404406807e-17:0,0.1714975024293981:1.4739034468049986e-19:0;0.01571094398180322:1.9248038178201368e-17:0;0.0042051686843003269:2.0839134082029539e-17:0;0.001550049525098132:2.1087187673126744e-17:0;0.00042101778814497483:2.1265200612597504e-17:0;-0.00042101778814498779:2.1235998904388159e-17:0;-0.0015500495250983812:2.1001404253260852e-17:0;-0.0042051686843004397:2.1287101988342386e-17:0;-0.015710943981802929:2.1330927733908299e-17:0;-0.17149750242939782:2.0943024744808306e-17:0,0.0055968021728678291:1.5181268951688819e-20:0;0.00087858788385964705:7.1950637843767043e-19:0;0.00024355438888631087:8.4667604335103325e-19:0;9.0702548141054139e-05:9.0245163175976926e-19:0;2.472966568305371e-05:9.1078755100937059e-19:0;-2.4729665683053598e-05:9.0612099084596936e-19:0;-9.0702548141070091e-05:8.6383724482272542e-19:0;-0.0002435543888863184:8.7832382448587364e-19:0;-0.00087858788385962894:8.2241062813281227e-19:0;-0.0055968021728678196:6.7146565959850183e-19:0,true,0.07957422595944276,9.7725377744395412e-08,7.7764212906044193e-09,true,9,true,0.07957422595944276,9.7725377744395412e-08,7.7764212906044193e-09,true,9,true,0.077043481818376197,1.3785445140928399e-08,1.0620786929840196e-09,true,8,true,0.0025363070981579824,3.0193369425064389e-06,7.6579657190097012e-09,true,11,true
16,n10_linear_f0.8_d3.0,10,linear,n10_linear,4,0.80000000000000004,3,0.070024417009602186,0.035042150548050537,11,11,13,21,false,144,66,660,660,true,balanced_sqrt,0.15798259170756182,1.0733513906342438,1.6350887482482161e-17,1.7076451126580572e-32,1.6605998772523671e-16,0,0,2.2616355722758489e-15,true,true,-13.5:0:0;-10.5:0:0;-7.5:0:0;-4.5:0:0;-1.5:0:0;1.5:0:0;4.5:0:0;7.5:0:0;10.5:0:0;13.5:0:0,0.17709430803304257:-7.8667674778759451e-20:0;0.016589532289928141:1.9996956588343303e-17:0;0.0044487230812802923:2.1564667787173578e-17:0;0.0016407520763627966:2.1875745003860241e-17:0;0.00044574745467790885:2.2178906142946959e-17:0;-0.00044574745467795569:2.2125930449246765e-17:0;-0.0016407520763627318:2.2147786573986614e-17:0;-0.0044487230812802255:2.198988100929596e-17:0;-0.016589532289928172:2.199179497056153e-17:0;-0.17709430803304244:2.185721968993478e-17:0,0:0:0;0:0:0;0:0:0;0:0:0;0:0:0;0:0:0;0:0:0;0:0:0;0:0:0;0:0:0,0.17709430803304257:-7.8667674778759451e-20:0;0.016589532289928141:1.9996956588343303e-17:0;0.0044487230812802923:2.1564667787173578e-17:0;0.0016407520763627966:2.1875745003860241e-17:0;0.00044574745467790885:2.2178906142946959e-17:0;-0.00044574745467795569:2.2125930449246765e-17:0;-0.0016407520763627318:2.2147786573986614e-17:0;-0.0044487230812802255:2.198988100929596e-17:0;-0.016589532289928172:2.199179497056153e-17:0;-0.17709430803304244:2.185721968993478e-17:0,0.17149750314308077:-2.6785808892683475e-20:0;0.015710944335995021:1.9224755476192645e-17:0;0.0042051686862461949:2.072316569731292e-17:0;0.0015500495258559319:2.1002535247603558e-17:0;0.00042101778834574842:2.1287045112916856e-17:0;-0.00042101778834579287:2.1247387502201513e-17:0;-0.0015500495258558703:2.1240430092408504e-17:0;-0.0042051686862461324:2.1108105115484157e-17:0;-0.015710944335995052:2.113319199508526e-17:0;-0.17149750314308063:2.1143962503255026e-17:0,0.0055968048899618164:-5.1881865886075976e-20:0;0.00087858795393311903:7.7220111215065855e-19:0;0.00024355439503409747:8.4150208986065785e-19:0;9.0702550506864757e-05:8.7320975625668113e-19:0;2.4729666332160435e-05:8.9186103003010293e-19:0;-2.4729666332162823e-05:8.7854294704525212e-19:0;-9.0702550506861437e-05:9.0735648157811043e-19:0;-0.00024355439503409324:8.8177589381180426e-19:0;-0.00087858795393312066:8.5860297547627089e-19:0;-0.0055968048899618112:7.1325718667975452e-19:0,true,0.079574227504291967,1.9428178369746105e-08,1.5459822855881407e-09,true,9,true,0.079574227504291967,1.9428178369746105e-08,1.5459822855881407e-09,true,9,true,0.077043482150575465,4.6248467571997594e-09,3.5631429858746648e-10,true,8,true,0.0025363083022969675,4.7925128326245983e-07,1.2155290086250527e-09,true,11,true
17,n10_compact_f0.1_d6.0,10,compact,n10_compact,1,0.10000000000000001,6,0.0030450695690692696,0.0012780790959774067,2,7,13,21,false,9,3,30,30,true,balanced_sqrt,9.1506979574685158e-17,1.0017720056886947,3.7008020539845998e-17,1.8755404074289826e-17,1.7707853365933866e-16,0,0,8.5508942217310691e-18,true,true,-9.0000000000000018:-5.196152422706632:0;-3:-5.196152422706632:0;3.0000000000000013:-5.196152422706632:0;9.0000000000000018:-5.196152422706632:0;-6:0:0;0:0:0;6.0000000000000018:0:0;-3:5.196152422706632:0;3.0000000000000013:5.196152422706632:0;0:10.392304845413266:0,0.00027938105984243199:0.00016130073010651099:0;3.582966043160611e-05:0.00031231307185426802:0;-3.5829660431606144e-05:0.00031231307185426802:0;-0.00027938105984243205:0.00016130073010651105:0;0.00028838588437555374:-0.00012512713978439299:0;-1.4583747580730229e-19:4.6344544446185352e-21:0;-0.00028838588437555412:-0.00012512713978439296:0;0.00025255622394394756:-0.00018718593206987512:0;-0.00025255622394394761:-0.00018718593206987525:0;-5.6500735075218038e-21:-0.00032260146021302177:0,0:0:0;0:0:0;0:0:0;0:0:0;0:0:0;0:0:0;0:0:0;0:0:0;0:0:0;0:0:0,0.00027938105984243199:0.00016130073010651099:0;3.582966043160611e-05:0.00031231307185426802:0;-3.5829660431606144e-05:0.00031231307185426802:0;-0.00027938105984243205:0.00016130073010651105:0;0.00028838588437555374:-0.00012512713978439299:0;-1.4583747580730229e-19:4.6344544446185352e-21:0;-0.00028838588437555412:-0.00012512713978439296:0;0.00025255622394394756:-0.00018718593206987512:0;-0.00025255622394394761:-0.00018718593206987525:0;-5.6500735075218038e-21:-0.00032260146021302177:0,0.00027917066668145036:0.00016117925955838258:0;3.5782720052399159e-05:0.00031190498312720627:0;-3.5782720052399193e-05:0.00031190498312720627:0;-0.00027917066668145041:0.00016117925955838264:0;0.00028800899898131675:-0.0001249637469817186:0;-1.4557435930029847e-19:4.6338869228002444e-21:0;-0.00028800899898131713:-0.00012496374698171858:0;0.00025222627892891749:-0.00018694123614548775:0;-0.00025222627892891754:-0.00018694123614548789:0;-5.6435340705918013e-21:-0.00032235851911676495:0,2.1039316098164675e-07:1.2147054812841e-07:0;4.6940379206953092e-08:4.0808872706175705e-07:0;-4.6940379206953139e-08:4.0808872706175705e-07:0;-2.1039316098164683e-07:1.2147054812841003e-07:0;3.7688539423701194e-07:-1.6339280267438228e-07:0;-2.6311650700383307e-22:5.6752181829115775e-25:0;-3.7688539423701247e-07:-1.6339280267438223e-07:0;3.2994501503005875e-07:-2.4469592438737485e-07:0;-3.2994501503005891e-07:-2.4469592438737506e-07:0;-6.5394369300020869e-24:-2.4294109625681984e-07:0,true,0.00030085784398962946,0,0,false,6,true,0.00030085784398962946,0,0,false,6,true,0.00030052217453376858,0,0,false,6,true,3.4489128415795937e-07,0,0,false,7,true
17,n10_compact_f0.1_d6.0,10,compact,n10_compact,1,0.10000000000000001,6,0.0030450695690692696,0.0012780790959774067,3,7,13,21,false,16,6,60,60,true,balanced_sqrt,2.5232531184727722e-16,1.0017770564235702,3.3937088301716519e-17,3.130560770121027e-17,1.5776186481171429e-16,0,0,8.5586010532678799e-18,true,true,-9.0000000000000018:-5.196152422706632:0;-3:-5.196152422706632:0;3.0000000000000013:-5.196152422706632:0;9.0000000000000018:-5.196152422706632:0;-6:0:0;0:0:0;6.0000000000000018:0:0;-3:5.196152422706632:0;3.0000000000000013:5.196152422706632:0;0:10.392304845413266:0,0.00027963584951711646:0.00016144783299377685:0;3.5862791858905971e-05:0.0003125926791179639:0;-3.5862791858905998e-05:0.000312592679117964:0;-0.00027963584951711646:0.00016144783299377693:0;0.00028864459708264701:-0.00012523825075853561:0;-7.0782819171478387e-20:5.0934766416150522e-20:0;-0.00028864459708264733:-0.00012523825075853553:0;0.00025278180522374092:-0.00018735442835942842:0;-0.00025278180522374114:-0.00018735442835942861:0;5.6517216264984097e-21:-0.00032289566598755348:0,0:0:0;0:0:0;0:0:0;0:0:0;0:0:0;0:0:0;0:0:0;0:0:0;0:0:0;0:0:0,0.00027963584951711646:0.00016144783299377685:0;3.5862791858905971e-05:0.0003125926791179639:0;-3.5862791858905998e-05:0.000312592679117964:0;-0.00027963584951711646:0.00016144783299377693:0;0.00028864459708264701:-0.00012523825075853561:0;-7.0782819171478387e-20:5.0934766416150522e-20:0;-0.00028864459708264733:-0.00012523825075853553:0;0.00025278180522374092:-0.00018735442835942842:0;-0.00025278180522374114:-0.00018735442835942861:0;5.6517216264984097e-21:-0.00032289566598755348:0,0.00027941171802348157:0.00016131843061559286:0;3.5812718029409017e-05:0.00031217466023141655:0;-3.5812718029409044e-05:0.00031217466023141665:0;-0.00027941171802348157:0.00016131843061559294:0;0.00028825754519288686:-0.00012507260652367107:0;-7.0648213869453587e-20:5.0836079948167322e-20:0;-0.00028825754519288719:-0.00012507260652367099:0;0.00025244482716347774:-0.00018710205370774561:0;-0.00025244482716347795:-0.0001871020537077458:0;5.6479321973915087e-21:-0.00032263686123118549:0,2.2413149363490262e-07:1.2940237818398395e-07:0;5.0073829496954803e-08:4.1801888654734323e-07:0;-5.0073829496954843e-08:4.1801888654734349e-07:0;-2.2413149363490268e-07:1.2940237818398398e-07:0;3.8705188976016166e-07:-1.6564423486453823e-07:0;-1.3460530202479789e-22:9.8686467983199011e-23:0;-3.8705188976016208e-07:-1.6564423486453813e-07:0;3.3697806026320664e-07:-2.5237465168280529e-07:0;-3.3697806026320691e-07:-2.523746516828055e-07:0;3.7894291069007099e-24:-2.5880475636796759e-07:0,true,0.00030112900401804655,0.00090051529243470889,2.7117127311388382e-07,true,6,true,0.00030112900401804655,0.00090051529243470889,2.7117127311388382e-07,true,6,true,0.00030078182263143169,0.00086324741586273545,2.5964913112506706e-07,true,6,true,3.5558722885118841e-07,0.033340597667247882,1.1855490732739071e-08,true,7,true
17,n10_compact_f0.1_d6.0,10,compact,n10_compact,1,0.10000000000000001,6,0.0030450695690692696,0.0012780790959774067,4,7,13,21,false,25,10,100,100,true,balanced_sqrt,5.7288757065447398e-16,1.001777303999654,4.984809247553588e-17,1.3543699896997823e-17,3.3619636667075729e-16,0,0,8.5590620498202619e-18,true,true,-9.0000000000000018:-5.196152422706632:0;-3:-5.196152422706632:0;3.0000000000000013:-5.196152422706632:0;9.0000000000000018:-5.196152422706632:0;-6:0:0;0:0:0;6.0000000000000018:0:0;-3:5.196152422706632:0;3.0000000000000013:5.196152422706632:0;0:10.392304845413266:0,0.00027965054303888149:0.00016145631630252316:0;3.5863361773045615e-05:0.00031260989255448159:0;-3.5863361773045872e-05:0.00031260989255448148:0;-0.00027965054303888127:0.00016145631630252311:0;0.00028865978931302751:-0.00012524636391667162:0;-2.684462286002682e-19:-1.2548369792211828e-19:0;-0.00028865978931302794:-0.00012524636391667137:0;0.00025279642753998162:-0.00018736352863781035:0;-0.00025279642753998184:-0.00018736352863781043:0;1.9892553576003734e-20:-0.00032291263260504589:0,0:0:0;0:0:0;0:0:0;0:0:0;0:0:0;0:0:0;0:0:0;0:0:0;0:0:0;0:0:0,0.00027965054303888149:0.00016145631630252316:0;3.5863361773045615e-05:0.00031260989255448159:0;-3.5863361773045872e-05:0.00031260989255448148:0;-0.00027965054303888127:0.00016145631630252311:0;0.00028865978931302751:-0.00012524636391667162:0;-2.684462286002682e-19:-1.2548369792211828e-19:0;-0.00028865978931302794:-0.00012524636391667137:0;0.00025279642753998162:-0.00018736352863781035:0;-0.00025279642753998184:-0.00018736352863781043:0;1.9892553576003734e-20:-0.00032291263260504589:0,0.00027942582603990713:0.00016132657588267382:0;3.5813238341010621e-05:0.00031219096236442199:0;-3.5813238341010879e-05:0.00031219096236442188:0;-0.00027942582603990692:0.00016132657588267376:0;0.00028827192341000611:-0.00012508030698710898:0;-2.6790861533482776e-19:-1.2524000529475511e-19:0;-0.00028827192341000655:-0.00012508030698710874:0;0.00025245868506899524:-0.00018711065537731339:0;-0.00025245868506899546:-0.00018711065537731347:0;1.9888424761389567e-20:-0.0003226531517653472:0,2.2471699897437295e-07:1.2974041984933903e-07:0;5.0123432034990855e-08:4.1893019005962573e-07:0;-5.0123432034991259e-08:4.1893019005962567e-07:0;-2.2471699897437279e-07:1.2974041984933897e-07:0;3.8786590302137393e-07:-1.6605692956264806e-07:0;-5.3761326544040969e-22:-2.4369262736316328e-22:0;-3.8786590302137472e-07:-1.6605692956264777e-07:0;3.377424709863827e-07:-2.5287326049697814e-07:0;-3.3774247098638317e-07:-2.5287326049697819e-07:0;4.128814614165227e-24:-2.5948083969867769e-07:0,true,0.00030114522389227723,5.3988629383071585e-05,1.625841788320227e-08,true,6,true,0.00030114522389227723,5.3988629383071585e-05,1.625841788320227e-08,true,6,true,0.00030079725383841199,5.1420503163427277e-05,1.5467146142548302e-08,true,6,true,3.5638183090701398e-07,0.0022393178437725802,7.9805219314641885e-10,true,7,true
17,n10_compact_f0.1_d6.0,10,compact,n10_compact,1,0.10000000000000001,6,0.0030450695690692696,0.0012780790959774067,5,7,13,21,false,36,15,150,150,true,balanced_sqrt,6.5262278664965929e-15,1.0017773136256365,3.4645560548679191e-17,1.3059382431524877e-17,2.6693157241015248e-16,0,0,8.55906287688887e-18,true,true,-9.0000000000000018:-5.196152422706632:0;-3:-5.196152422706632:0;3.0000000000000013:-5.196152422706632:0;9.0000000000000018:-5.196152422706632:0;-6:0:0;0:0:0;6.0000000000000018:0:0;-3:5.196152422706632:0;3.0000000000000013:5.196152422706632:0;0:10.392304845413266:0,0.00027965057415362064:0.00016145633426662621:0;3.5863365116334084e-05:0.00031260992033591402:0;-3.5863365116334253e-05:0.00031260992033591402:0;-0.00027965057415362064:0.00016145633426662616:0;0.00028865981504409778:-0.00012524637491201501:0;-2.2733942684123635e-19:3.0298016347505463e-20:0;-0.00028865981504409821:-0.00012524637491201487:0;0.00025279644992776378:-0.00018736354542389904:0;-0.00025279644992776395:-0.00018736354542389915:0;-5.6047375132317976e-24:-0.0003229126685332521:0,0:0:0;0:0:0;0:0:0;0:0:0;0:0:0;0:0:0;0:0:0;0:0:0;0:0:0;0:0:0,0.00027965057415362064:0.00016145633426662621:0;3.5863365116334084e-05:0.00031260992033591402:0;-3.5863365116334253e-05:0.00031260992033591402:0;-0.00027965057415362064:0.00016145633426662616:0;0.00028865981504409778:-0.00012524637491201501:0;-2.2733942684123635e-19:3.0298016347505463e-20:0;-0.00028865981504409821:-0.00012524637491201487:0;0.00025279644992776378:-0.00018736354542389904:0;-0.00025279644992776395:-0.00018736354542389915:0;-5.6047375132317976e-24:-0.0003229126685332521:0,0.00027942583109564822:0.00016132657880160736:0;3.581323978597196e-05:0.00031219096691665856:0;-3.5813239785972129e-05:0.00031219096691665856:0;-0.00027942583109564822:0.0001613265788016073:0;0.00028827192807483914:-0.00012508030801185397:0;-2.2690644602426378e-19:3.0243783277507777e-20:0;-0.00028827192807483957:-0.00012508030801185383:0;0.00025245868828886725:-0.00018711065890480462:0;-0.00025245868828886742:-0.00018711065890480473:0;4.1128265000065259e-24:-0.00032265315760321439:0,2.2474305797239953e-07:1.2975546501886451e-07:0;5.0125330362124372e-08:4.1895341925546116e-07:0;-5.0125330362124624e-08:4.1895341925546105e-07:0;-2.2474305797239955e-07:1.2975546501886446e-07:0;3.8788696925864382e-07:-1.6606690016104339e-07:0;-4.3298081697256928e-22:5.4233069997688931e-23:0;-3.8788696925864445e-07:-1.6606690016104313e-07:0;3.3776163889651914e-07:-2.5288651909441782e-07:0;-3.3776163889651946e-07:-2.5288651909441792e-07:0;-9.7175640132383235e-24:-2.5951093003772887e-07:0,true,0.00030114525299216688,9.7213161157556162e-08,2.9275282010960542e-11,true,6,true,0.00030114525299216688,9.7213161157556162e-08,2.9275282010960542e-11,true,6,true,0.00030079725865504969,1.6256310979458439e-08,4.8898537784650846e-12,true,6,true,3.5640494748609573e-07,6.858714053703699e-05,2.4444796221324136e-11,true,7,true
17,n10_compact_f0.1_d6.0,10,compact,n10_compact,1,0.10000000000000001,6,0.0030450695690692696,0.0012780790959774067,6,7,13,21,false,49,21,210,210,true,balanced_sqrt,1.4138613879815767e-13,1.0017773140000346,3.4826479689101587e-17,1.2951458083847315e-18,2.7793878221292021e-16,0,0,8.559062911984717e-18,true,true,-9.0000000000000018:-5.196152422706632:0;-3:-5.196152422706632:0;3.0000000000000013:-5.196152422706632:0;9.0000000000000018:-5.196152422706632:0;-6:0:0;0:0:0;6.0000000000000018:0:0;-3:5.196152422706632:0;3.0000000000000013:5.196152422706632:0;0:10.392304845413266:0,0.00027965057562342105:0.00016145633511521599:0;3.5863365069669562e-05:0.00031260992144727611:0;-3.5863365069669562e-05:0.00031260992144727605:0;-0.00027965057562342105:0.00016145633511521588:0;0.00028865981598323349:-0.00012524637550810858:0;-2.1760094021212462e-19:1.2517746706722051e-19:0;-0.00028865981598323376:-0.00012524637550810847:0;0.00025279645091356382:-0.00018736354593916756:0;-0.00025279645091356404:-0.00018736354593916761:0;5.6495611121841891e-21:-0.00032291267023043177:0,0:0:0;0:0:0;0:0:0;0:0:0;0:0:0;0:0:0;0:0:0;0:0:0;0:0:0;0:0:0,0.00027965057562342105:0.00016145633511521599:0;3.5863365069669562e-05:0.00031260992144727611:0;-3.5863365069669562e-05:0.00031260992144727605:0;-0.00027965057562342105:0.00016145633511521588:0;0.00028865981598323349:-0.00012524637550810858:0;-2.1760094021212462e-19:1.2517746706722051e-19:0;-0.00028865981598323376:-0.00012524637550810847:0;0.00025279645091356382:-0.00018736354593916756:0;-0.00025279645091356404:-0.00018736354593916761:0;5.6495611121841891e-21:-0.00032291267023043177:0,0.00027942583119901714:0.00016132657886128754:0;3.5813239717765817e-05:0.00031219096706865633:0;-3.5813239717765817e-05:0.00031219096706865628:0;-0.00027942583119901714:0.00016132657886128743:0;0.00028827192817237017:-0.00012508030814692097:0;-2.1718078012991962e-19:1.2495637815179714e-19:0;-0.00028827192817237044:-0.00012508030814692086:0;0.00025245868845460425:-0.00018711065892173539:0;-0.00025245868845460447:-0.00018711065892173544:0;5.6537684525507864e-21:-0.00032265315772257486:0,2.2474442440388291e-07:1.2975625392844931e-07:0;5.0125351903742336e-08:4.1895437861977266e-07:0;-5.0125351903742375e-08:4.189543786197725e-07:0;-2.2474442440388288e-07:1.2975625392844923e-07:0;3.8788781086331807e-07:-1.6606736118761064e-07:0;-4.2016008220500859e-22:2.2108891542337719e-22:0;-3.8788781086331844e-07:-1.6606736118761051e-07:0;3.3776245895957551e-07:-2.5288701743216205e-07:0;-3.3776245895957583e-07:-2.5288701743216215e-07:0;-4.207340366597021e-24:-2.5951250785689846e-07:0,true,0.00030114525422699222,4.2088683793065509e-09,1.26748073809422e-12,true,6,true,0.00030114525422699222,4.2088683793065509e-09,1.26748073809422e-12,true,6,true,0.00030079725878324028,4.8093098722233089e-10,1.4466272262039469e-13,true,6,true,3.5640597060254937e-07,3.1983046893482516e-06,1.1398948870898488e-12,true,7,true
17,n10_compact_f0.1_d6.0,10,compact,n10_compact,1,0.10000000000000001,6,0.0030450695690692696,0.0012780790959774067,7,7,13,21,false,64,28,280,280,true,balanced_sqrt,3.1660000518610135e-12,1.0017773140168131,3.4014433336529915e-17,2.6298255566549368e-20,2.7875009086053545e-16,0,0,8.5590629146451489e-18,true,true,-9.0000000000000018:-5.196152422706632:0;-3:-5.196152422706632:0;3.0000000000000013:-5.196152422706632:0;9.0000000000000018:-5.196152422706632:0;-6:0:0;0:0:0;6.0000000000000018:0:0;-3:5.196152422706632:0;3.0000000000000013:5.196152422706632:0;0:10.392304845413266:0,0.00027965057569998247:0.00016145633515941854:0;3.5863365073511534e-05:0.00031260992155146382:0;-3.5863365073511445e-05:0.00031260992155146376:0;-0.00027965057569998225:0.00016145633515941859:0;0.00028865981607538357:-0.0001252463755568755:0;-1.463501403332116e-19:-2.0720842289146511e-19:0;-0.000288659816075384:-0.00012524637555687545:0;0.00025279645100187209:-0.00018736354599458864:0;-0.00025279645100187214:-0.00018736354599458872:0;3.8325909495321438e-20:-0.00032291267031883691:0,0:0:0;0:0:0;0:0:0;0:0:0;0:0:0;0:0:0;0:0:0;0:0:0;0:0:0;0:0:0,0.00027965057569998247:0.00016145633515941854:0;3.5863365073511534e-05:0.00031260992155146382:0;-3.5863365073511445e-05:0.00031260992155146376:0;-0.00027965057569998225:0.00016145633515941859:0;0.00028865981607538357:-0.0001252463755568755:0;-1.463501403332116e-19:-2.0720842289146511e-19:0;-0.000288659816075384:-0.00012524637555687545:0;0.00025279645100187209:-0.00018736354599458864:0;-0.00025279645100187214:-0.00018736354599458872:0;3.8325909495321438e-20:-0.00032291267031883691:0,0.00027942583120512912:0.00016132657886481605:0;3.58132397208941e-05:0.00031219096707436959:0;-3.5813239720894012e-05:0.00031219096707436954:0;-0.0002794258312051289:0.0001613265788648161:0;0.000288271928178882:-0.00012508030814706872:0;-1.4604993514325076e-19:-2.0681172427926438e-19:0;-0.00028827192817888243:-0.00012508030814706867:0;0.00025245868845798794:-0.00018711065892730117:0;-0.00025245868845798799:-0.00018711065892730125:0;3.8306498949323062e-20:-0.00032265315772963193:0,2.2474449485337639e-07:1.297562946024832e-07:0;5.0125352617434357e-08:4.1895447709424879e-07:0;-5.0125352617434231e-08:4.1895447709424863e-07:0;-2.2474449485337617e-07:1.2975629460248328e-07:0;3.878878965015622e-07:-1.6606740980677371e-07:0;-3.0020518996084086e-22:-3.9669861220073152e-22:0;-3.8788789650156262e-07:-1.6606740980677363e-07:0;3.3776254388412768e-07:-2.5288706728747556e-07:0;-3.3776254388412768e-07:-2.5288706728747566e-07:0;1.9410545998374872e-23:-2.595125892049663e-07:0,true,0.00030114525432059784,3.126809834721138e-10,9.4162394288924369e-14,true,6,true,0.00030114525432059784,3.126809834721138e-10,9.4162394288924369e-14,true,6,true,0.00030079725878929257,2.1130202583546382e-11,6.3559070147931797e-15,true,6,true,3.5640605788645375e-07,2.4786233429568951e-07,8.8339637464861066e-14,true,7,true
18,n10_compact_f0.1_d4.0,10,compact,n10_compact,2,0.10000000000000001,4,0.010277109795608788,0.0039350066088459376,2,9,13,21,false,9,3,30,30,true,balanced_sqrt,1.7147034575482505e-16,1.0057076319664013,4.7676618353193434e-17,2.9784702795827121e-17,1.7183077491961249e-16,0,0,4.1294151622814764e-17,true,true,-6.0000000000000009:-3.4641016151377548:0;-2:-3.4641016151377548:0;2.0000000000000009:-3.4641016151377548:0;6.0000000000000009:-3.4641016151377548:0;-4:0:0;0:0:0;4.0000000000000009:0:0;-2:3.4641016151377548:0;2.0000000000000009:3.4641016151377548:0;0:6.9282032302755105:0,0.0013416424620907445:0.00077459763664432409:0;0.00016012320462497639:0.0015141325932986967:0;-0.00016012320462497579:0.0015141325932986969:0;-0.001341642462090746:0.00077459763664432431:0;0.0013913388928071704:-0.00061839553370874483:0;-1.3512840349138888e-18:1.1596288117846415e-19:0;-0.0013913388928071717:-0.00061839553370874494:0;0.0012312156881821926:-0.00089573705958995262:0;-0.001231215688182195:-0.00089573705958995284:0;2.0193781239846443e-19:-0.0015491952732886469:0,0:0:0;0:0:0;0:0:0;0:0:0;0:0:0;0:0:0;0:0:0;0:0:0;0:0:0;0:0:0,0.0013416424620907445:0.00077459763664432409:0;0.00016012320462497639:0.0015141325932986967:0;-0.00016012320462497579:0.0015141325932986969:0;-0.001341642462090746:0.00077459763664432431:0;0.0013913388928071704:-0.00061839553370874483:0;-1.3512840349138888e-18:1.1596288117846415e-19:0;-0.0013913388928071717:-0.00061839553370874494:0;0.0012312156881821926:-0.00089573705958995262:0;-0.001231215688182195:-0.00089573705958995284:0;2.0193781239846443e-19:-0.0015491952732886469:0,0.0013385325939052615:0.00077280215341029115:0;0.0001594777618069177:0.0015080301490811353:0;-0.0001594777618069171:0.0015080301490811355:0;-0.0013385325939052628:0.00077280215341029126:0;0.0013857312996805556:-0.00061590328147709326:0;-1.3437599227228067e-18:1.1533038913777652e-19:0;-0.0013857312996805569:-0.00061590328147709337:0;0.0012262535378736363:-0.00089212686760404289:0;-0.0012262535378736387:-0.00089212686760404311:0;2.0145389406564428e-19:-0.001545604306820581:0,3.1098681854830847e-06:1.7954832340329131e-06:0;6.4544281805868974e-07:6.1024442175613245e-06:0;-6.4544281805868731e-07:6.1024442175613245e-06:0;-3.1098681854832812e-06:1.7954832340330249e-06:0;5.6075931266149003e-06:-2.4922522316516189e-06:0;-7.5241121910820626e-21:6.3249204068761109e-22:0;-5.6075931266149037e-06:-2.4922522316516206e-06:0;4.9621503085562053e-06:-3.6101919859097085e-06:0;-4.9621503085562129e-06:-3.6101919859097085e-06:0;4.8391833282015443e-22:-3.5909664680658229e-06:0,true,0.0014529087957897604,0,0,false,6,true,0.0014529087957897604,0,0,false,6,true,0.0014479021562964357,0,0,false,6,true,5.1441583537378401e-06,0,0,false,9,true
18,n10_compact_f0.1_d4.0,10,compact,n10_compact,2,0.10000000000000001,4,0.010277109795608788,0.0039350066088459376,3,9,13,21,false,16,6,60,60,true,balanced_sqrt,2.2058288425327726e-16,1.0057986694966581,3.9312748111364449e-17,2.2153740590776876e-17,1.7178874323215766e-16,0,0,4.1346977029623817e-17,true,true,-6.0000000000000009:-3.4641016151377548:0;-2:-3.4641016151377548:0;2.0000000000000009:-3.4641016151377548:0;6.0000000000000009:-3.4641016151377548:0;-4:0:0;0:0:0;4.0000000000000009:0:0;-2:3.4641016151377548:0;2.0000000000000009:3.4641016151377548:0;0:6.9282032302755105:0,0.0013434741434765968:0.00077565515838551552:0;0.00016040704323794987:0.0015159930178867372:0;-0.0001604070432379493:0.0015159930178867374:0;-0.0013434741434765979:0.00077565515838551552:0;0.0013930919870687255:-0.00061907993455335541:0;-1.2300325602342114e-18:-5.0767670880068843e-20:0;-0.0013930919870687264:-0.00061907993455335541:0;0.0012326849438307741:-0.00089691308333338289:0;-0.0012326849438307763:-0.00089691308333338332:0;2.727236758536472e-19:-0.0015513103167710293:0,0:0:0;0:0:0;0:0:0;0:0:0;0:0:0;0:0:0;0:0:0;0:0:0;0:0:0;0:0:0,0.0013434741434765968:0.00077565515838551552:0;0.00016040704323794987:0.0015159930178867372:0;-0.0001604070432379493:0.0015159930178867374:0;-0.0013434741434765979:0.00077565515838551552:0;0.0013930919870687255:-0.00061907993455335541:0;-1.2300325602342114e-18:-5.0767670880068843e-20:0;-0.0013930919870687264:-0.00061907993455335541:0;0.0012326849438307741:-0.00089691308333338289:0;-0.0012326849438307763:-0.00089691308333338332:0;2.727236758536472e-19:-0.0015513103167710293:0,0.0013398754693103169:0.00077357746288688801:0;0.00015965662262907868:0.0015095335089054529:0;-0.00015965662262907811:0.0015095335089054531:0;-0.001339875469310318:0.00077357746288688801:0;0.0013871226778905241:-0.00061650006337351908:0;-1.2225070212045113e-18:-5.0422483196884598e-20:0;-0.0013871226778905247:-0.00061650006337351908:0;0.0012274660552614438:-0.00089303344553193491:0;-0.0012274660552614458:-0.00089303344553193535:0;2.7206446674932798e-19:-0.0015471549257737743:0,3.5986741662799826e-06:2.0776954986275006e-06:0;7.5042060887117693e-07:6.4595089812843532e-06:0;-7.504206088711745e-07:6.4595089812843558e-06:0;-3.5986741662799859e-06:2.0776954986275015e-06:0;5.969309178201575e-06:-2.5798711798363529e-06:0;-7.5255390297000154e-21:-3.4518768318424623e-22:0;-5.9693091782015792e-06:-2.5798711798363534e-06:0;5.2188885693303916e-06:-3.879637801448007e-06:0;-5.2188885693304035e-06:-3.8796378014480079e-06:0;6.5920910431920593e-22:-4.1553909972549971e-06:0,true,0.0014547674245586741,0.0012799343071183064,1.8620067355707896e-06,true,6,true,0.0014547674245586741,0.0012799343071183064,1.8620067355707896e-06,true,6,true,0.0014493500268390851,0.00099903777469887768,1.4479554255730783e-06,true,6,true,5.5274962436647075e-06,0.076473643304362432,4.2270777610421802e-07,true,9,true
18,n10_compact_f0.1_d4.0,10,compact,n10_compact,2,0.10000000000000001,4,0.010277109795608788,0.0039350066088459376,4,9,13,21,false,25,10,100,100,true,balanced_sqrt,6.0139702271962055e-15,1.0058085139049997,5.2057069718067256e-17,4.921336884251634e-18,3.3829522894102056e-16,0,0,4.1353858285749168e-17,true,true,-6.0000000000000009:-3.4641016151377548:0;-2:-3.4641016151377548:0;2.0000000000000009:-3.4641016151377548:0;6.0000000000000009:-3.4641016151377548:0;-4:0:0;0:0:0;4.0000000000000009:0:0;-2:3.4641016151377548:0;2.0000000000000009:3.4641016151377548:0;0:6.9282032302755105:0,0.0013436819454134617:0.00077577513288970275:0;0.00016041250161555047:0.0015162568949373023:0;-0.00016041250161554898:0.0015162568949373025:0;-0.0013436819454134634:0.00077577513288970318:0;0.0013933232404867906:-0.00061920714598497225:0;-3.2949953245401783e-19:1.9005159276763164e-19:0;-0.0013933232404867921:-0.0006192071459849729:0;0.001232910738871239:-0.00089704974895233052:0;-0.0012329107388712407:-0.00089704974895233138:0;2.8156977476863293e-19:-0.0015515502657794048:0,0:0:0;0:0:0;0:0:0;0:0:0;0:0:0;0:0:0;0:0:0;0:0:0;0:0:0;0:0:0,0.0013436819454134617:0.00077577513288970275:0;0.00016041250161555047:0.0015162568949373023:0;-0.00016041250161554898:0.0015162568949373025:0;-0.0013436819454134634:0.00077577513288970318:0;0.0013933232404867906:-0.00061920714598497225:0;-3.2949953245401783e-19:1.9005159276763164e-19:0;-0.0013933232404867921:-0.0006192071459849729:0;0.001232910738871239:-0.00089704974895233052:0;-0.0012329107388712407:-0.00089704974895233138:0;2.8156977476863293e-19:-0.0015515502657794048:0,0.0013400344527043154:0.00077366925199220992:0;0.00015965803393275536:0.0015097210340330738:0;-0.0001596580339327539:0.001509721034033074:0;-0.0013400344527043171:0.00077366925199221035:0;0.0013872857850667295:-0.00061659260371249287:0;-3.2736074774917789e-19:1.888872236415246e-19:0;-0.0013872857850667311:-0.00061659260371249352:0;0.001227627751133973:-0.00089312843032058123:0;-0.0012276277511339747:-0.0008931284303205821:0;2.8084230995768251e-19:-0.0015473385039844192:0,3.6474927091463253e-06:2.1058808974928288e-06:0;7.5446768279509692e-07:6.53586090422866e-06:0;-7.5446768279509036e-07:6.53586090422866e-06:0;-3.6474927091463317e-06:2.105880897492831e-06:0;6.0374554200610921e-06:-2.614542272479395e-06:0;-2.1387847048399597e-21:1.1643691261070323e-21:0;-6.0374554200610989e-06:-2.6145422724793984e-06:0;5.2829877372659912e-06:-3.9213186317492654e-06:0;-5.2829877372659988e-06:-3.9213186317492688e-06:0;7.2746481095040166e-22:-4.2117617949856577e-06:0,true,0.001455009537234627,0.00016703776822428316,2.430415458447191e-07,true,6,true,0.001455009537234627,0.00016703776822428316,2.430415458447191e-07,true,6,true,0.0014495260973209562,0.0001218784764755345,1.7666603235300549e-07,true,6,true,5.5940772940311034e-06,0.011939403671268663,6.6789946981715627e-08,true,9,true
18,n10_compact_f0.1_d4.0,10,compact,n10_compact,2,0.10000000000000001,4,0.010277109795608788,0.0039350066088459376,5,9,13,21,false,36,15,150,150,true,balanced_sqrt,1.3185284156231947e-13,1.0058095047389537,3.7577067911532485e-17,1.0714026246163359e-19,3.1097050323590108e-16,0,0,4.1354017156409877e-17,true,true,-6.0000000000000009:-3.4641016151377548:0;-2:-3.4641016151377548:0;2.0000000000000009:-3.4641016151377548:0;6.0000000000000009:-3.4641016151377548:0;-4:0:0;0:0:0;4.0000000000000009:0:0;-2:3.4641016151377548:0;2.0000000000000009:3.4641016151377548:0;0:6.9282032302755105:0,0.0013436880698538007:0.0007757786688369811:0;0.00016041344614165651:0.0015162621167129572:0;-0.00016041344614165629:0.0015162621167129566:0;-0.0013436880698538007:0.00077577866883698078:0;0.0013933282349402137:-0.00061920893888919686:0;-1.9064752150179204e-18:4.5685594070815371e-19:0;-0.0013933282349402145:-0.00061920893888919686:0;0.0012329147887985557:-0.00089705317782376144:0;-0.0012329147887985578:-0.00089705317782376144:0;3.8216043258939468e-19:-0.0015515573376739607:0,0:0:0;0:0:0;0:0:0;0:0:0;0:0:0;0:0:0;0:0:0;0:0:0;0:0:0;0:0:0,0.0013436880698538007:0.0007757786688369811:0;0.00016041344614165651:0.0015162621167129572:0;-0.00016041344614165629:0.0015162621167129566:0;-0.0013436880698538007:0.00077577866883698078:0;0.0013933282349402137:-0.00061920893888919686:0;-1.9064752150179204e-18:4.5685594070815371e-19:0;-0.0013933282349402145:-0.00061920893888919686:0;0.0012329147887985557:-0.00089705317782376144:0;-0.0012329147887985578:-0.00089705317782376144:0;3.8216043258939468e-19:-0.0015515573376739607:0,0.0013400356096174002:0.00077366991993629082:0;0.00015965861824710387:0.0015097218177195179:0;-0.00015965861824710365:0.0015097218177195172:0;-0.0013400356096174002:0.0007736699199362905:0;0.0013872867559162731:-0.00061659248952464489:0;-1.8946105454813512e-18:4.540579352527137e-19:0;-0.001387286755916274:-0.00061659248952464489:0;0.0012276281376691677:-0.00089312932819487405:0;-0.0012276281376691698:-0.00089312932819487405:0;3.8108586044207962e-19:-0.0015473398398725801:0,3.6524602364005487e-06:2.1087489006902621e-06:0;7.5482789455262634e-07:6.5402989934393246e-06:0;-7.5482789455262603e-07:6.5402989934393212e-06:0;-3.6524602364005491e-06:2.1087489006902613e-06:0;6.041479023940555e-06:-2.6164493645519626e-06:0;-1.1864669536569263e-20:2.7980054554400283e-21:0;-6.0414790239405576e-06:-2.6164493645519618e-06:0;5.2866511293879205e-06:-3.9238496288873615e-06:0;-5.2866511293879299e-06:-3.9238496288873615e-06:0;1.0745721473150615e-21:-4.2174978013805184e-06:0,true,0.0014550151269990673,3.8816885474474143e-06,5.6479155548350244e-09,true,6,true,0.0014550151269990673,3.8816885474474143e-06,5.6479155548350244e-09,true,6,true,0.0014495270534848289,7.2641854277167324e-07,1.0529633299005667e-09,true,6,true,5.598513370152985e-06,0.00083333615084176069,4.6654435823194221e-09,true,9,true
18,n10_compact_f0.1_d4.0,10,compact,n10_compact,2,0.10000000000000001,4,0.010277109795608788,0.0039350066088459376,6,9,13,21,false,49,21,210,210,true,balanced_sqrt,3.4850412055295079e-12,1.0058095861655747,3.915208740090254e-17,4.506850008923132e-21,3.2873156581684331e-16,0,0,4.1354031032630121e-17,true,true,-6.0000000000000009:-3.4641016151377548:0;-2:-3.4641016151377548:0;2.0000000000000009:-3.4641016151377548:0;6.0000000000000009:-3.4641016151377548:0;-4:0:0;0:0:0;4.0000000000000009:0:0;-2:3.4641016151377548:0;2.0000000000000009:3.4641016151377548:0;0:6.9282032302755105:0,0.0013436886546704405:0.0007757790064810261:0;0.00016041338798406695:0.0015162625582037365:0;-0.00016041338798406657:0.0015162625582037358:0;-0.0013436886546704418:0.00077577900648102556:0;0.0013933285882036484:-0.00061920921000053564:0;-1.8431680697869819e-18:5.3061708865885511e-19:0;-0.0013933285882036495:-0.00061920921000053618:0;0.0012329152002195792:-0.00089705334820320019:0;-0.0012329152002195818:-0.00089705334820320008:0;2.2357472714432925e-20:-0.0015515580129620505:0,0:0:0;0:0:0;0:0:0;0:0:0;0:0:0;0:0:0;0:0:0;0:0:0;0:0:0;0:0:0,0.0013436886546704405:0.0007757790064810261:0;0.00016041338798406695:0.0015162625582037365:0;-0.00016041338798406657:0.0015162625582037358:0;-0.0013436886546704418:0.00077577900648102556:0;0.0013933285882036484:-0.00061920921000053564:0;-1.8431680697869819e-18:5.3061708865885511e-19:0;-0.0013933285882036495:-0.00061920921000053618:0;0.0012329152002195792:-0.00089705334820320019:0;-0.0012329152002195818:-0.00089705334820320008:0;2.2357472714432925e-20:-0.0015515580129620505:0,0.0013400356048360613:0.00077366991717578415:0;0.00015965855067034685:0.0015097218438544307:0;-0.00015965855067034648:0.00150972184385443:0;-0.0013400356048360626:0.00077366991717578361:0;0.0013872867447613923:-0.00061659256111528879:0;-1.8315938775639463e-18:5.273070702755845e-19:0;-0.0013872867447613933:-0.00061659256111528933:0;0.0012276281940910431:-0.00089312928273914134:0;-0.0012276281940910457:-0.00089312928273914123:0;2.2370157599551614e-20:-0.0015473398343515666:0,3.653049834379188e-06:2.1090893052419447e-06:0;7.5483731372010611e-07:6.5407143493057291e-06:0;-7.5483731372010463e-07:6.5407143493057257e-06:0;-3.6530498343791939e-06:2.1090893052419434e-06:0;6.0418434422562158e-06:-2.6166488852468447e-06:0;-1.1574192223035621e-20:3.310018383270566e-21:0;-6.0418434422562208e-06:-2.6166488852468485e-06:0;5.2870061285361013e-06:-3.9240654640588869e-06:0;-5.287006128536114e-06:-3.9240654640588852e-06:0;-1.2684885118689117e-23:-4.2181786104838843e-06:0,true,0.0014550156152251636,3.4759008255961083e-07,5.0574899782163757e-10,true,6,true,0.0014550156152251636,3.4759008255961083e-07,5.0574899782163757e-10,true,6,true,0.0014495270635829346,3.8774307620882994e-08,5.620440826815993e-11,true,6,true,5.5989591335016857e-06,8.797358267169039e-05,4.9256049420652652e-10,true,9,true
18,n10_compact_f0.1_d4.0,10,compact,n10_compact,2,0.10000000000000001,4,0.010277109795608788,0.0039350066088459376,7,9,13,21,false,64,28,280,280,true,balanced_sqrt,1.5438812123746116e-10,1.0058095964318181,2.6968491036453727e-17,6.2785922057359274e-23,3.0438405141849131e-16,0,0,4.1354033842244517e-17,true,true,-6.0000000000000009:-3.4641016151377548:0;-2:-3.4641016151377548:0;2.0000000000000009:-3.4641016151377548:0;6.0000000000000009:-3.4641016151377548:0;-4:0:0;0:0:0;4.0000000000000009:0:0;-2:3.4641016151377548:0;2.0000000000000009:3.4641016151377548:0;0:6.9282032302755105:0,0.0013436887368125075:0.00077577905390577089:0;0.00016041339564551739:0.0015162626669669159:0;-0.00016041339564551652:0.0015162626669669159:0;-0.0013436887368125088:0.00077577905390577078:0;0.0013933286862260503:-0.00061920925774711446:0;-1.0025631627834493e-18:6.3666632750655534e-19:0;-0.0013933286862260516:-0.00061920925774711511:0;0.0012329152905805312:-0.00089705340921980114:0;-0.0012329152905805336:-0.00089705340921980136:0;1.3614648163535813e-19:-0.0015515581078115394:0,0:0:0;0:0:0;0:0:0;0:0:0;0:0:0;0:0:0;0:0:0;0:0:0;0:0:0;0:0:0,0.0013436887368125075:0.00077577905390577089:0;0.00016041339564551739:0.0015162626669669159:0;-0.00016041339564551652:0.0015162626669669159:0;-0.0013436887368125088:0.00077577905390577078:0;0.0013933286862260503:-0.00061920925774711446:0;-1.0025631627834493e-18:6.3666632750655534e-19:0;-0.0013933286862260516:-0.00061920925774711511:0;0.0012329152905805312:-0.00089705340921980114:0;-0.0012329152905805336:-0.00089705340921980136:0;1.3614648163535813e-19:-0.0015515581078115394:0,0.001340035618241182:0.00077366992491523451:0;0.00015965855754030418:0.0015097218563989358:0;-0.00015965855754030334:0.0015097218563989358:0;-0.0013400356182411833:0.0007736699249152344:0;0.0013872867590602311:-0.00061659256143798357:0;-9.9620839319299109e-19:6.3268334110500024e-19:0;-0.0013872867590602324:-0.00061659256143798411:0;0.0012276282015199252:-0.00089312929496095192:0;-0.0012276282015199276:-0.00089312929496095214:0;1.3583549078023594e-19:-0.0015473398498304666:0,3.6531185713253758e-06:2.1091289905363317e-06:0;7.5483810521320127e-07:6.540810567980195e-06:0;-7.5483810521319736e-07:6.5408105679801976e-06:0;-3.6531185713253809e-06:2.1091289905363313e-06:0;6.0419271658191637e-06:-2.6166963091309491e-06:0;-6.3547695904582219e-21:3.9829864015550724e-21:0;-6.0419271658191705e-06:-2.6166963091309525e-06:0;5.2870890606059575e-06:-3.924114258849248e-06:0;-5.2870890606059694e-06:-3.924114258849248e-06:0;3.1099085512217862e-22:-4.2182579810726566e-06:0,true,0.0014550157140796819,6.8147342016421062e-08,9.915545350665521e-11,true,6,true,0.0014550157140796819,6.8147342016421062e-08,9.915545350665521e-11,true,6,true,0.0014495270768332374,9.6241491188191715e-09,1.3950464739209131e-11,true,6,true,5.5990445782503717e-06,1.5410666754633262e-05,8.6285010139752612e-11,true,9,true
18,n10_compact_f0.1_d4.0,10,compact,n10_compact,2,0.10000000000000001,4,0.010277109795608788,0.0039350066088459376,8,9,13,21,false,81,36,360,360,true,balanced_sqrt,5.1860371641079619e-09,1.0058095969869696,3.2196979364280064e-17,1.7384571367667891e-24,3.3046321313646044e-16,0,0,4.1354034073890982e-17,true,true,-6.0000000000000009:-3.4641016151377548:0;-2:-3.4641016151377548:0;2.0000000000000009:-3.4641016151377548:0;6.0000000000000009:-3.4641016151377548:0;-4:0:0;0:0:0;4.0000000000000009:0:0;-2:3.4641016151377548:0;2.0000000000000009:3.4641016151377548:0;0:6.9282032302755105:0,0.0013436887437420584:0.00077577905790654847:0;0.00016041339506717427:0.001516262675969387:0;-0.00016041339506717267:0.0015162626759693881:0;-0.0013436887437420599:0.00077577905790654858:0;0.0013933286937332474:-0.00061920926274921097:0;-7.6086013984193438e-19:3.2084571787811797e-19:0;-0.0013933286937332487:-0.00061920926274921227:0;0.0012329152986660726:-0.00089705341322017713:0;-0.0012329152986660745:-0.00089705341322017821:0;1.0176078730315293e-19:-0.0015515581158130952:0,0:0:0;0:0:0;0:0:0;0:0:0;0:0:0;0:0:0;0:0:0;0:0:0;0:0:0;0:0:0,0.0013436887437420584:0.00077577905790654847:0;0.00016041339506717427:0.001516262675969387:0;-0.00016041339506717267:0.0015162626759693881:0;-0.0013436887437420599:0.00077577905790654858:0;0.0013933286937332474:-0.00061920926274921097:0;-7.6086013984193438e-19:3.2084571787811797e-19:0;-0.0013933286937332487:-0.00061920926274921227:0;0.0012329152986660726:-0.00089705341322017713:0;-0.0012329152986660745:-0.00089705341322017821:0;1.0176078730315293e-19:-0.0015515581158130952:0,0.0013400356182580269:0.00077366992492495937:0;0.00015965855694342857:0.0015097218567846143:0;-0.00015965855694342697:0.0015097218567846154:0;-0.0013400356182580284:0.00077366992492495948:0;0.0013872867590958007:-0.00061659256214773343:0;-7.5601010265051691e-19:3.1886117361317927e-19:0;-0.001387286759095802:-0.00061659256214773473:0;0.0012276282021523716:-0.00089312929463688205:0;-0.0012276282021523735:-0.00089312929463688314:0;1.0159213921151332e-19:-0.001547339849849917:0,3.6531254840316019e-06:2.1091329815891287e-06:0;7.5483812374570978e-07:6.5408191847726832e-06:0;-7.5483812374570247e-07:6.5408191847726874e-06:0;-3.6531254840316061e-06:2.1091329815891296e-06:0;6.0419346374466141e-06:-2.6167006014775752e-06:0;-4.8500371914174956e-21:1.9845442649386832e-21:0;-6.0419346374466192e-06:-2.6167006014775816e-06:0;5.2870965137009021e-06:-3.9241185832951126e-06:0;-5.2870965137009123e-06:-3.9241185832951177e-06:0;1.6864809163961649e-22:-4.2182659631782532e-06:0,true,0.0014550157222300174,5.6688903420321438e-09,8.2483245752546702e-12,true,6,true,0.0014550157222300174,5.6688903420321438e-09,8.2483245752546702e-12,true,6,true,0.0014495270770410378,3.7982229487247209e-10,5.5056270088151359e-13,true,6,true,5.5990524235269182e-06,1.4250562479682933e-06,7.9789646388490492e-12,true,9,true
18,n10_compact_f0.1_d4.0,10,compact,n10_compact,2,0.10000000000000001,4,0.010277109795608788,0.0039350066088459376,9,9,13,21,false,100,45,450,450,true,balanced_sqrt,3.1616266063951068e-07,1.0058095970580228,3.7184776852576608e-17,3.3243340404850291e-26,3.6685309889117481e-16,0,0,4.1354034094567175e-17,true,true,-6.0000000000000009:-3.4641016151377548:0;-2:-3.4641016151377548:0;2.0000000000000009:-3.4641016151377548:0;6.0000000000000009:-3.4641016151377548:0;-4:0:0;0:0:0;4.0000000000000009:0:0;-2:3.4641016151377548:0;2.0000000000000009:3.4641016151377548:0;0:6.9282032302755105:0,0.0013436887444422702:0.00077577905831081601:0;0.00016041339511697723:0.0015162626767139299:0;-0.00016041339511697772:0.001516262676713929:0;-0.0013436887444422711:0.00077577905831081504:0;0.0013933286944029421:-0.00061920926307835154:0;-2.2998367584383951e-18:-1.1389361148200736e-19:0;-0.0013933286944029435:-0.00061920926307835143:0;0.0012329152992859619:-0.0008970534136355803:0;-0.0012329152992859654:-0.00089705341363557976:0;4.4580343815047317e-20:-0.0015515581166216294:0,0:0:0;0:0:0;0:0:0;0:0:0;0:0:0;0:0:0;0:0:0;0:0:0;0:0:0;0:0:0,0.0013436887444422702:0.00077577905831081601:0;0.00016041339511697723:0.0015162626767139299:0;-0.00016041339511697772:0.001516262676713929:0;-0.0013436887444422711:0.00077577905831081504:0;0.0013933286944029421:-0.00061920926307835154:0;-2.2998367584383951e-18:-1.1389361148200736e-19:0;-0.0013933286944029435:-0.00061920926307835143:0;0.0012329152992859619:-0.0008970534136355803:0;-0.0012329152992859654:-0.00089705341363557976:0;4.4580343815047317e-20:-0.0015515581166216294:0,0.0013400356183569751:0.00077366992498208718:0;0.00015965855699127078:0.0015097218568731953:0;-0.00015965855699127127:0.0015097218568731945:0;-0.0013400356183569759:0.0007736699249820862:0;0.0013872867591964355:-0.00061659256215059106:0;-2.2854084821151981e-18:-1.1315404220858061e-19:0;-0.0013872867591964368:-0.00061659256215059095:0;0.0012276282022051618:-0.00089312929472260623:0;-0.0012276282022051653:-0.00089312929472260569:0;4.4546083905649164e-20:-0.0015473398499641718:0,3.6531260852951998e-06:2.1091333287288321e-06:0;7.5483812570643752e-07:6.540819840734514e-06:0;-7.5483812570644017e-07:6.5408198407345115e-06:0;-3.6531260852952031e-06:2.10913332872883e-06:0;6.0419352065065898e-06:-2.6167009277604488e-06:0;-1.4428276323196862e-20:-7.3956927342675708e-22:0;-6.0419352065065949e-06:-2.6167009277604483e-06:0;5.2870970808001354e-06:-3.924118912974072e-06:0;-5.2870970808001507e-06:-3.9241189129740695e-06:0;3.4259909398151498e-23:-4.2182666574576565e-06:0,true,0.0014550157229574962,5.004460186194362e-10,7.2815682558275963e-13,true,6,true,0.0014550157229574962,5.004460186194362e-10,7.2815682558275963e-13,true,6,true,0.0014495270771361442,6.8979456145311917e-11,9.998758944875482e-14,true,6,true,5.5990530403815106e-06,1.1334958101008956e-07,6.3465031618051227e-13,true,9,true
19,n10_compact_f0.1_d3.0,10,compact,n10_compact,3,0.10000000000000001,3,0.024360556552554157,0.0089733648370453195,2,10,13,21,false,9,3,30,30,true,balanced_sqrt,8.666789258717413e-17,1.0137393831995101,3.3577754998466632e-17,2.7378774438159359e-17,1.5576035248078503e-16,0,0,1.2964403184259873e-16,true,true,-4.5000000000000009:-2.598076211353316:0;-1.5:-2.598076211353316:0;1.5000000000000007:-2.598076211353316:0;4.5000000000000009:-2.598076211353316:0;-3:0:0;0:0:0;3.0000000000000009:0:0;-1.5:2.598076211353316:0;1.5000000000000007:2.598076211353316:0;0:5.1961524227066329:0,0.0041947972321217906:0.0024218673111614129:0;0.00049241945090652698:0.0047649334324773489:0;-0.00049241945090652795:0.0047649334324773472:0;-0.0041947972321217924:0.0024218673111614129:0;0.0043727631253204276:-0.0019560189624360375:0;-3.0850948334055375e-18:-6.3223169651839281e-19:0;-0.0043727631253204328:-0.0019560189624360375:0;0.0038803436744138963:-0.0028089144700413136:0;-0.003880343674413902:-0.0028089144700413145:0;8.9982652156828728e-20:-0.0048437346223228223:0,0:0:0;0:0:0;0:0:0;0:0:0;0:0:0;0:0:0;0:0:0;0:0:0;0:0:0;0:0:0,0.0041947972321217906:0.0024218673111614129:0;0.00049241945090652698:0.0047649334324773489:0;-0.00049241945090652795:0.0047649334324773472:0;-0.0041947972321217924:0.0024218673111614129:0;0.0043727631253204276:-0.0019560189624360375:0;-3.0850948334055375e-18:-6.3223169651839281e-19:0;-0.0043727631253204328:-0.0019560189624360375:0;0.0038803436744138963:-0.0028089144700413136:0;-0.003880343674413902:-0.0028089144700413145:0;8.9982652156828728e-20:-0.0048437346223228223:0,0.0041727575692283728:0.0024091427058570494:0;0.0004878946429562116:0.0047211495212674572:0;-0.00048789464295621258:0.0047211495212674554:0;-0.0041727575692283745:0.0024091427058570494:0;0.0043325827419604616:-0.0019380456054633106:0;-3.045833531386461e-18:-6.2417973612260816e-19:0;-0.0043325827419604668:-0.0019380456054633106:0;0.003844688099004246:-0.002783103915804149:0;-0.0038446880990042512:-0.0027831039158041498:0;8.9459497202428558e-20:-0.0048182854117140954:0,2.2039662893418099e-05:1.2724605304363548e-05:0;4.5248079503153687e-06:4.3783911209891542e-05:0;-4.524807950315378e-06:4.3783911209891535e-05:0;-2.2039662893418109e-05:1.2724605304363548e-05:0;4.018038335996599e-05:-1.7973356972726859e-05:0;-3.9261302019076585e-20:-8.0519603957846332e-21:0;-4.018038335996603e-05:-1.7973356972726859e-05:0;3.5655575409650581e-05:-2.5810554237164699e-05:0;-3.5655575409650622e-05:-2.5810554237164706e-05:0;5.2315495440016697e-22:-2.5449210608727072e-05:0,true,0.0045614438554463779,0,0,false,7,true,0.0045614438554463779,0,0,false,7,true,0.0045256092057859619,0,0,false,7,true,3.6834787319542732e-05,0,0,false,10,true
19,n10_compact_f0.1_d3.0,10,compact,n10_compact,3,0.10000000000000001,3,0.024360556552554157,0.0089733648370453195,3,10,13,21,false,16,6,60,60,true,balanced_sqrt,5.4200819600504679e-16,1.0144655367610269,2.2783855484328335e-17,4.058064897109471e-17,1.6703646055237546e-16,0,0,1.2999952524722647e-16,true,true,-4.5000000000000009:-2.598076211353316:0;-1.5:-2.598076211353316:0;1.5000000000000007:-2.598076211353316:0;4.5000000000000009:-2.598076211353316:0;-3:0:0;0:0:0;3.0000000000000009:0:0;-1.5:2.598076211353316:0;1.5000000000000007:2.598076211353316:0;0:5.1961524227066329:0,0.0042078944473567656:0.0024294289919029599:0;0.00049525142860289909:0.0047769096006417882:0;-0.00049525142860290018:0.0047769096006417891:0;-0.0042078944473567647:0.0024294289919029599:0;0.0043845507800390126:-0.0019595544818902487:0;-3.6276934253963507e-18:3.6286814543700712e-19:0;-0.0043845507800390196:-0.0019595544818902487:0;0.0038892993514361113:-0.0028173551187515434:0;-0.0038892993514361156:-0.0028173551187515434:0;7.6172796006588792e-20:-0.0048588579838059172:0,0:0:0;0:0:0;0:0:0;0:0:0;0:0:0;0:0:0;0:0:0;0:0:0;0:0:0;0:0:0,0.0042078944473567656:0.0024294289919029599:0;0.00049525142860289909:0.0047769096006417882:0;-0.00049525142860290018:0.0047769096006417891:0;-0.0042078944473567647:0.0024294289919029599:0;0.0043845507800390126:-0.0019595544818902487:0;-3.6276934253963507e-18:3.6286814543700712e-19:0;-0.0043845507800390196:-0.0019595544818902487:0;0.0038892993514361113:-0.0028173551187515434:0;-0.0038892993514361156:-0.0028173551187515434:0;7.6172796006588792e-20:-0.0048588579838059172:0,0.0041794308993862569:0.0024129955548200951:0;0.00048935979736703967:0.0047283868230531614:0;-0.00048935979736704075:0.0047283868230531623:0;-0.004179430899386256:0.0024129955548200951:0;0.00433958300636715:-0.0019403953954159198:0;-3.573134488787561e-18:3.5740749222216169e-19:0;-0.004339583006367157:-0.0019403953954159198:0;0.0038502232090001083:-0.002787991427637246:0;-0.0038502232090001126:-0.002787991427637246:0;7.7489410063862379e-20:-0.0048259911096401875:0,2.8463547970508702e-05:1.6433437082865022e-05:0;5.8916312358594415e-06:4.8522777588626396e-05:0;-5.8916312358594585e-06:4.8522777588626383e-05:0;-2.8463547970508695e-05:1.6433437082865019e-05:0;4.4967773671862359e-05:-1.915908647432901e-05:0;-5.4558936608789676e-20:5.4606532148453995e-21:0;-4.4967773671862434e-05:-1.9159086474329007e-05:0;3.9076142436002883e-05:-2.936369111429742e-05:0;-3.9076142436002944e-05:-2.9363691114297413e-05:0;-1.3166140572735832e-21:-3.2866874165730017e-05:0,true,0.004573951667669926,0.0027610040437977671,1.2628699050572206e-05,true,7,true,0.004573951667669926,0.0027610040437977671,1.2628699050572206e-05,true,7,true,0.0045326952283292745,0.0015682363814277889,7.1083375629901068e-06,true,7,true,4.1923408536861294e-05,0.13302536945540927,5.5768769094460322e-06,true,10,true
19,n10_compact_f0.1_d3.0,10,compact,n10_compact,3,0.10000000000000001,3,0.024360556552554157,0.0089733648370453195,4,10,13,21,false,25,10,100,100,true,balanced_sqrt,2.30599430427118e-14,1.0145966461622364,6.1355509519684666e-17,3.2679701121809217e-18,2.8695907880245905e-16,0,0,1.300749584483198e-16,true,true,-4.5000000000000009:-2.598076211353316:0;-1.5:-2.598076211353316:0;1.5000000000000007:-2.598076211353316:0;4.5000000000000009:-2.598076211353316:0;-3:0:0;0:0:0;3.0000000000000009:0:0;-1.5:2.598076211353316:0;1.5000000000000007:2.598076211353316:0;0:5.1961524227066329:0,0.0042099590397544386:0.0024306209848795231:0;0.00049518680389479188:0.0047799393384166979:0;-0.00049518680389479047:0.0047799393384166979:0;-0.0042099590397544403:0.0024306209848795248:0;0.004387142297564834:-0.0019611253174166357:0;3.5396268386498521e-19:-7.5882617070611457e-19:0;-0.0043871422975648401:-0.001961125317416637:0;0.0038919554936700414:-0.0028188140210000621:0;-0.0038919554936700431:-0.0028188140210000652:0;6.9670459891513056e-19:-0.0048612419697590436:0,0:0:0;0:0:0;0:0:0;0:0:0;0:0:0;0:0:0;0:0:0;0:0:0;0:0:0;0:0:0,0.0042099590397544386:0.0024306209848795231:0;0.00049518680389479188:0.0047799393384166979:0;-0.00049518680389479047:0.0047799393384166979:0;-0.0042099590397544403:0.0024306209848795248:0;0.004387142297564834:-0.0019611253174166357:0;3.5396268386498521e-19:-7.5882617070611457e-19:0;-0.0043871422975648401:-0.001961125317416637:0;0.0038919554936700414:-0.0028188140210000621:0;-0.0038919554936700431:-0.0028188140210000652:0;6.9670459891513056e-19:-0.0048612419697590436:0,0.004180340587079342:0.002413520763254576:0;0.00048920028114319051:0.004729601307907557:0;-0.0004892002811431891:0.004729601307907557:0;-0.0041803405870793437:0.0024135207632545773:0;0.004340555022991641:-0.0019411407829452855:0;3.4816960042976621e-19:-7.4673205308928863e-19:0;-0.0043405550229916471:-0.0019411407829452868:0;0.0038513547418484498:-0.0027884605249622711:0;-0.0038513547418484516:-0.0027884605249622742:0;6.940999324795322e-19:-0.0048270415265091494:0,2.9618452675096687e-05:1.7100221624947261e-05:0;5.9865227516013826e-06:5.0338030509141069e-05:0;-5.9865227516013657e-06:5.0338030509141063e-05:0;-2.9618452675096704e-05:1.7100221624947278e-05:0;4.6587274573192924e-05:-1.9984534471350228e-05:0;5.7930834352190084e-21:-1.209411761682591e-20:0;-4.6587274573192992e-05:-1.9984534471350248e-05:0;4.0600751821591539e-05:-3.0353496037790858e-05:0;-4.0600751821591573e-05:-3.0353496037790903e-05:0;2.6046664355983738e-21:-3.4200443249894496e-05:0,true,0.0045766057374850453,0.00058691870526073617,2.6860955139335795e-06,true,7,true,0.0045766057374850453,0.00058691870526073617,2.6860955139335795e-06,true,7,true,0.0045337805678806291,0.00024474571459259998,1.1096233648919884e-06,true,7,true,4.3505799126824126e-05,0.036459362731921907,1.5861937113070123e-06,true,10,true
19,n10_compact_f0.1_d3.0,10,compact,n10_compact,3,0.10000000000000001,3,0.024360556552554157,0.0089733648370453195,5,10,13,21,false,36,15,150,150,true,balanced_sqrt,9.8913902888741769e-13,1.0146276497139748,5.5975256486405556e-17,3.1526327400117447e-20,3.9391871394075365e-16,0,0,1.3008254681219984e-16,true,true,-4.5000000000000009:-2.598076211353316:0;-1.5:-2.598076211353316:0;1.5000000000000007:-2.598076211353316:0;4.5000000000000009:-2.598076211353316:0;-3:0:0;0:0:0;3.0000000000000009:0:0;-1.5:2.598076211353316:0;1.5000000000000007:2.598076211353316:0;0:5.1961524227066329:0,0.0042102547834781453:0.0024307917325980155:0;0.00049524658233204583:0.0047801855502922121:0;-0.0004952465823320441:0.0047801855502922121:0;-0.004210254783478147:0.0024307917325980155:0;0.0043873854125223736:-0.0019611966537091351:0;-1.154194386454852e-18:1.1728296431873993e-18:0;-0.004387385412522378:-0.0019611966537091347:0;0.0038921388301903256:-0.0028189888965830801:0;-0.0038921388301903291:-0.0028189888965830809:0;1.532941525765228e-18:-0.0048615834651960311:0,0:0:0;0:0:0;0:0:0;0:0:0;0:0:0;0:0:0;0:0:0;0:0:0;0:0:0;0:0:0,0.0042102547834781453:0.0024307917325980155:0;0.00049524658233204583:0.0047801855502922121:0;-0.0004952465823320441:0.0047801855502922121:0;-0.004210254783478147:0.0024307917325980155:0;0.0043873854125223736:-0.0019611966537091351:0;-1.154194386454852e-18:1.1728296431873993e-18:0;-0.004387385412522378:-0.0019611966537091347:0;0.0038921388301903256:-0.0028189888965830801:0;-0.0038921388301903291:-0.0028189888965830809:0;1.532941525765228e-18:-0.0048615834651960311:0,0.0041804253555871888:0.0024135697043753995:0;0.00048924400458814086:0.0047296580926223415:0;-0.00048924400458813912:0.0047296580926223415:0;-0.0041804253555871905:0.0024135697043753995:0;0.0043406260617196704:-0.0019411313096886124:0;-1.1357060489963101e-18:1.1550504734652427e-18:0;-0.0043406260617196747:-0.001941131309688612:0;0.0038513820571315274:-0.0027885267829337321:0;-0.0038513820571315308:-0.002788526782933733:0;1.524134443799449e-18:-0.0048271394087507991:0,2.9829427890956085e-05:1.7222028222616026e-05:0;6.0025777439049448e-06:5.052745766987071e-05:0;-6.0025777439049244e-06:5.052745766987071e-05:0;-2.9829427890956098e-05:1.7222028222616022e-05:0;4.6759350802703364e-05:-2.0065344020522612e-05:0;-1.8488337458541829e-20:1.7779169722156557e-20:0;-4.6759350802703425e-05:-2.0065344020522615e-05:0;4.07567730587984e-05:-3.0462113649348129e-05:0;-4.0756773058798447e-05:-3.0462113649348139e-05:0;8.8070819657789976e-21:-3.4444056445232044e-05:0,true,0.0045768727293033461,5.9235316243380561e-05,2.71112503525988e-07,true,7,true,0.0045768727293033461,5.9235316243380561e-05,2.71112503525988e-07,true,7,true,0.0045338502051716018,1.702202120027239e-05,7.7175294311290334e-08,true,7,true,4.3696119486883722e-05,0.0045477046269800456,1.9871704477157406e-07,true,10,true
19,n10_compact_f0.1_d3.0,10,compact,n10_compact,3,0.10000000000000001,3,0.024360556552554157,0.0089733648370453195,6,10,13,21,false,49,21,210,210,true,balanced_sqrt,4.3963258237874619e-11,1.0146317957386184,5.158351819401638e-17,1.701013835702493e-21,3.7299495781248518e-16,0,0,1.3008360506182158e-16,true,true,-4.5000000000000009:-2.598076211353316:0;-1.5:-2.598076211353316:0;1.5000000000000007:-2.598076211353316:0;4.5000000000000009:-2.598076211353316:0;-3:0:0;0:0:0;3.0000000000000009:0:0;-1.5:2.598076211353316:0;1.5000000000000007:2.598076211353316:0;0:5.1961524227066329:0,0.0042102982365381627:0.0024308168202339139:0;0.00049523819855997137:0.0047802203210333179:0;-0.00049523819855997419:0.0047802203210333188:0;-0.0042102982365381635:0.0024308168202339152:0;0.0043874113329814409:-0.0019612212996392799:0;-1.9964253187232818e-18:7.6736933013635132e-19:0;-0.004387411332981447:-0.0019612212996392778:0;0.0038921731344214649:-0.0028189990213940367:0;-0.0038921731344214697:-0.0028189990213940402:0;-9.3710815389351589e-20:-0.0048616336404678244:0,0:0:0;0:0:0;0:0:0;0:0:0;0:0:0;0:0:0;0:0:0;0:0:0;0:0:0;0:0:0,0.0042102982365381627:0.0024308168202339139:0;0.00049523819855997137:0.0047802203210333179:0;-0.00049523819855997419:0.0047802203210333188:0;-0.0042102982365381635:0.0024308168202339152:0;0.0043874113329814409:-0.0019612212996392799:0;-1.9964253187232818e-18:7.6736933013635132e-19:0;-0.004387411332981447:-0.0019612212996392778:0;0.0038921731344214649:-0.0028189990213940367:0;-0.0038921731344214697:-0.0028189990213940402:0;-9.3710815389351589e-20:-0.0048616336404678244:0,0.0041804243991124795:0.0024135691521544687:0;0.0004892349935407338:0.0047296612221225049:0;-0.00048923499354073651:0.0047296612221225057:0;-0.0041804243991124803:0.00241356915215447:0;0.0043406242664226075:-0.0019411406782346592:0;-1.9648748471975985e-18:7.5588180653280303e-19:0;-0.0043406242664226144:-0.0019411406782346575:0;0.0038513892728818696:-0.0027885205438878441:0;-0.003851389272881874:-0.0027885205438878471:0;-8.9906254358225311e-20:-0.0048271383043089339:0,2.9873837425683306e-05:1.7247668079445375e-05:0;6.0032050192376047e-06:5.0559098910812837e-05:0;-6.0032050192376411e-06:5.0559098910812857e-05:0;-2.9873837425683323e-05:1.7247668079445378e-05:0;4.6787066558833455e-05:-2.0080621404620683e-05:0;-3.1550471525683223e-20:1.1487523603548258e-20:0;-4.6787066558832919e-05:-2.0080621404620368e-05:0;4.0783861539595184e-05:-3.0478477506192466e-05:0;-4.0783861539595814e-05:-3.0478477506192893e-05:0;-3.8045610311262829e-21:-3.4495336158890716e-05:0,true,0.0045769099631518002,8.5261926500596413e-06,3.9023616087809619e-08,true,7,true,0.0045769099631518002,8.5261926500596413e-06,3.9023616087809619e-08,true,7,true,0.0045338512277809089,1.6351679305595146e-06,7.413608129595223e-09,true,7,true,4.3730253108349258e-05,0.00085250559150249676,3.7280285292687181e-08,true,10,true
19,n10_compact_f0.1_d3.0,10,compact,n10_compact,3,0.10000000000000001,3,0.024360556552554157,0.0089733648370453195,7,10,13,21,false,64,28,280,280,true,balanced_sqrt,1.98388618106128e-09,1.0146332307855117,4.8648933152980952e-17,1.9336736670042221e-23,3.3307234173590807e-16,0,0,1.3008402367246373e-16,true,true,-4.5000000000000009:-2.598076211353316:0;-1.5:-2.598076211353316:0;1.5000000000000007:-2.598076211353316:0;4.5000000000000009:-2.598076211353316:0;-3:0:0;0:0:0;3.0000000000000009:0:0;-1.5:2.598076211353316:0;1.5000000000000007:2.598076211353316:0;0:5.1961524227066329:0,0.0042103106988297849:0.0024308240153413378:0;0.00049523997292473304:0.0047802363230966703:0;-0.00049523997292473217:0.0047802363230966686:0;-0.0042103106988297841:0.0024308240153413387:0;0.0043874260783571938:-0.0019612277640259951:0;-8.5731410458898318e-19:1.5977759230822843e-18:0;-0.004387426078357199:-0.0019612277640259973:0;0.0038921861054324607:-0.0028190085590706739:0;-0.0038921861054324641:-0.0028190085590706756:0;5.6789014731792453e-19:-0.0048616480306826722:0,0:0:0;0:0:0;0:0:0;0:0:0;0:0:0;0:0:0;0:0:0;0:0:0;0:0:0;0:0:0,0.0042103106988297849:0.0024308240153413378:0;0.00049523997292473304:0.0047802363230966703:0;-0.00049523997292473217:0.0047802363230966686:0;-0.0042103106988297841:0.0024308240153413387:0;0.0043874260783571938:-0.0019612277640259951:0;-8.5731410458898318e-19:1.5977759230822843e-18:0;-0.004387426078357199:-0.0019612277640259973:0;0.0038921861054324607:-0.0028190085590706739:0;-0.0038921861054324641:-0.0028190085590706756:0;5.6789014731792453e-19:-0.0048616480306826722:0,0.00418042758963865:0.0024135709942056131:0;0.00048923662887210434:0.0047296642189517063:0;-0.00048923662887210347:0.0047296642189517046:0;-0.0041804275896386491:0.002413570994205614:0;0.0043406276794185081:-0.0019411407604107477:0;-8.4371407999058245e-19:1.5737921226894912e-18:0;-0.0043406276794185133:-0.0019411407604107498:0;0.0038513910505464039:-0.0027885234585409572:0;-0.0038513910505464074:-0.0027885234585409589:0;5.6698819584303293e-19:-0.0048271419884112227:0,2.9883109191134787e-05:1.7253021135724643e-05:0;6.0033440526286737e-06:5.0572104144964228e-05:0;-6.0033440526286652e-06:5.0572104144964194e-05:0;-2.9883109191134787e-05:1.7253021135724653e-05:0;4.6798398938685602e-05:-2.0087003615247413e-05:0;-1.3600024598400768e-20:2.3983800392793011e-20:0;-4.6798398938685656e-05:-2.0087003615247441e-05:0;4.0795054886056906e-05:-3.0485100529716804e-05:0;-4.079505488605694e-05:-3.0485100529716815e-05:0;9.0195147489159805e-22:-3.4506042271449258e-05:0,true,0.0045769246917043939,3.2233516722884587e-06,1.4753037858943696e-08,true,7,true,0.0045769246917043939,3.2233516722884587e-06,1.4753037858943696e-08,true,7,true,0.0045338543861401306,7.3368111747399727e-07,3.3264033524876748e-09,true,7,true,4.374181981181985e-05,0.00026648953357286207,1.1656737159280049e-08,true,10,true
19,n10_compact_f0.1_d3.0,10,compact,n10_compact,3,0.10000000000000001,3,0.024360556552554157,0.0089733648370453195,8,10,13,21,false,81,36,360,360,true,balanced_sqrt,8.0300460357801473e-08,1.0146333439072612,3.5420525666203846e-17,3.2642581343753313e-25,3.1411850931380455e-16,0,0,1.3008408055654348e-16,true,true,-4.5000000000000009:-2.598076211353316:0;-1.5:-2.598076211353316:0;1.5000000000000007:-2.598076211353316:0;4.5000000000000009:-2.598076211353316:0;-3:0:0;0:0:0;3.0000000000000009:0:0;-1.5:2.598076211353316:0;1.5000000000000007:2.598076211353316:0;0:5.1961524227066329:0,0.0042103123616662533:0.0024308249753804204:0;0.00049523972209699913:0.0047802385665373093:0;-0.00049523972209699826:0.0047802385665373058:0;-0.0042103123616662533:0.0024308249753804208:0;0.0043874278958199167:-0.0019612291029695076:0;-2.998729674293491e-18:2.7122834024430323e-18:0;-0.004387427895819921:-0.0019612291029695076:0;0.0038921881737229119:-0.0028190094635678052:0;-0.0038921881737229193:-0.0028190094635678069:0;-2.9611884971436098e-19:-0.0048616499507608364:0,0:0:0;0:0:0;0:0:0;0:0:0;0:0:0;0:0:0;0:0:0;0:0:0;0:0:0;0:0:0,0.0042103123616662533:0.0024308249753804204:0;0.00049523972209699913:0.0047802385665373093:0;-0.00049523972209699826:0.0047802385665373058:0;-0.0042103123616662533:0.0024308249753804208:0;0.0043874278958199167:-0.0019612291029695076:0;-2.998729674293491e-18:2.7122834024430323e-18:0;-0.004387427895819921:-0.0019612291029695076:0;0.0038921881737229119:-0.0028190094635678052:0;-0.0038921881737229193:-0.0028190094635678069:0;-2.9611884971436098e-19:-0.0048616499507608364:0,0.0041804275977581499:0.0024135709988934084:0;0.00048923637646960017:0.0047296643837408123:0;-0.0004892363764695993:0.0047296643837408088:0;-0.0041804275977581499:0.0024135709988934088:0;0.0043406276959288134:-0.0019411410613922851:0;-2.9522013476060816e-18:2.6712205639122765e-18:0;-0.0043406276959288177:-0.0019411410613922851:0;0.0038513913194592074:-0.0027885233223485309:0;-0.0038513913194592147:-0.0027885233223485326:0;-2.8959482697986751e-19:-0.0048271419977868124:0,2.9884763908103705e-05:1.7253976487012088e-05:0;6.0033456273989451e-06:5.0574182796496622e-05:0;-6.0033456273989358e-06:5.0574182796496602e-05:0;-2.9884763908103705e-05:1.7253976487012098e-05:0;4.6800199891103418e-05:-2.0088041577222576e-05:0;-4.652832668740944e-20:4.1062838530755686e-20:0;-4.6800199891103472e-05:-2.0088041577222579e-05:0;4.0796854263704399e-05:-3.0486141219274063e-05:0;-4.0796854263704501e-05:-3.048614121927408e-05:0;-6.5240227344934937e-21:-3.4507952974024149e-05:0,true,0.0045769266931350219,4.4581964765068684e-07,2.0404838456564787e-09,true,7,true,0.0045769266931350219,4.4581964765068684e-07,2.0404838456564787e-09,true,7,true,0.0045338544759367452,5.15116354280505e-08,2.3354625884828859e-10,true,7,true,4.374371406374311e-05,4.389983118996593e-05,1.9203416630204611e-09,true,10,true
19,n10_compact_f0.1_d3.0,10,compact,n10_compact,3,0.10000000000000001,3,0.024360556552554157,0.0089733648370453195,9,10,13,21,false,100,45,450,450,true,balanced_sqrt,7.3075625901942257e-06,1.01463338552196,4.7319293731429347e-17,3.7378919693600591e-27,4.1563762427606735e-16,0,0,1.3008409032488207e-16,true,true,-4.5000000000000009:-2.598076211353316:0;-1.5:-2.598076211353316:0;1.5000000000000007:-2.598076211353316:0;4.5000000000000009:-2.598076211353316:0;-3:0:0;0:0:0;3.0000000000000009:0:0;-1.5:2.598076211353316:0;1.5000000000000007:2.598076211353316:0;0:5.1961524227066329:0,0.0042103126941677475:0.0024308251673502462:0;0.00049523975986643059:0.0047802389158434523:0;-0.00049523975986642767:0.0047802389158434514:0;-0.0042103126941677475:0.0024308251673502471:0;0.0043874282172126191:-0.0019612292449132924:0;-2.7055113881652762e-18:-2.6177243459002742e-18:0;-0.0043874282172126277:-0.001961229244913295:0;0.0038921884573461878:-0.0028190096709301603:0;-0.0038921884573461961:-0.0028190096709301612:0;-3.6600881163175563e-19:-0.0048616503347004873:0,0:0:0;0:0:0;0:0:0;0:0:0;0:0:0;0:0:0;0:0:0;0:0:0;0:0:0;0:0:0,0.0042103126941677475:0.0024308251673502462:0;0.00049523975986643059:0.0047802389158434523:0;-0.00049523975986642767:0.0047802389158434514:0;-0.0042103126941677475:0.0024308251673502471:0;0.0043874282172126191:-0.0019612292449132924:0;-2.7055113881652762e-18:-2.6177243459002742e-18:0;-0.0043874282172126277:-0.001961229244913295:0;0.0038921884573461878:-0.0028190096709301603:0;-0.0038921884573461961:-0.0028190096709301612:0;-3.6600881163175563e-19:-0.0048616503347004873:0,0.0041804276724502782:0.0024135710420169275:0;0.00048923641259321642:0.0047296644508959974:0;-0.0004892364125932136:0.0047296644508959965:0;-0.0041804276724502782:0.0024135710420169283:0;0.0043406277721487101:-0.0019411410636859083:0;-2.6617466436148737e-18:-2.5770503659275997e-18:0;-0.0043406277721487188:-0.0019411410636859109:0;0.003851391359555493:-0.0027885233872100893:0;-0.0038513913595555013:-0.0027885233872100902:0;-3.5912830418399717e-19:-0.0048271420840338497:0,2.9885021717469117e-05:1.7254125333318622e-05:0;6.0033472732141439e-06:5.0574464947455381e-05:0;-6.003347273214116e-06:5.0574464947455367e-05:0;-2.9885021717469128e-05:1.7254125333318615e-05:0;4.6800445063908944e-05:-2.0088181227384195e-05:0;-4.3764744550402628e-20:-4.0673979972674316e-20:0;-4.6800445063909025e-05:-2.0088181227384226e-05:0;4.0797097790694781e-05:-3.0486283720071158e-05:0;-4.0797097790694856e-05:-3.0486283720071169e-05:0;-6.8805074477584506e-21:-3.4508250666637175e-05:0,true,0.0045769270368278816,7.514425336689545e-08,3.4392976489718839e-10,true,7,true,0.0045769270368278816,7.514425336689545e-08,3.4392976489718839e-10,true,7,true,0.0045338545478567178,1.668191263799072e-08,7.5633365480702686e-11,true,7,true,4.3743980376092412e-05,6.2335018342738231e-06,2.7267818191281018e-10,true,10,true
19,n10_compact_f0.1_d3.0,10,compact,n10_compact,3,0.10000000000000001,3,0.024360556552554157,0.0089733648370453195,10,10,13,21,false,121,55,550,550,true,balanced_sqrt,0.00058229973456957952,1.0146333884007628,4.3168477272938478e-17,7.5697543973688678e-29,4.1167075234978358e-16,0,0,1.3008409159967333e-16,true,true,-4.5000000000000009:-2.598076211353316:0;-1.5:-2.598076211353316:0;1.5000000000000007:-2.598076211353316:0;4.5000000000000009:-2.598076211353316:0;-3:0:0;0:0:0;3.0000000000000009:0:0;-1.5:2.598076211353316:0;1.5000000000000007:2.598076211353316:0;0:5.1961524227066329:0,0.0042103127309772986:0.0024308251886022533:0;0.00049523975469237529:0.004780238966340656:0;-0.00049523975469237399:0.0047802389663406551:0;-0.0042103127309773012:0.0024308251886022538:0;0.0043874282583574523:-0.00196122927464276:0;-1.4146578727060653e-18:-3.2258732524057086e-18:0;-0.0043874282583574601:-0.0019612292746427618:0;0.0038921885036650788:-0.0028190096916978998:0;-0.0038921885036650849:-0.0028190096916979007:0;-9.2294275262631499e-20:-0.004861650377204498:0,0:0:0;0:0:0;0:0:0;0:0:0;0:0:0;0:0:0;0:0:0;0:0:0;0:0:0;0:0:0,0.0042103127309772986:0.0024308251886022533:0;0.00049523975469237529:0.004780238966340656:0;-0.00049523975469237399:0.0047802389663406551:0;-0.0042103127309773012:0.0024308251886022538:0;0.0043874282583574523:-0.00196122927464276:0;-1.4146578727060653e-18:-3.2258732524057086e-18:0;-0.0043874282583574601:-0.0019612292746427618:0;0.0038921885036650788:-0.0028190096916978998:0;-0.0038921885036650849:-0.0028190096916979007:0;-9.2294275262631499e-20:-0.004861650377204498:0,0.0041804276726813199:0.0024135710421503225:0;0.00048923640745721032:0.0047296644543857189:0;-0.00048923640745720902:0.004729664454385718:0;-0.0041804276726813226:0.0024135710421503229:0;0.0043406277726028945:-0.0019411410698786833:0;-1.3911991976948342e-18:-3.1752668819302106e-18:0;-0.0043406277726029023:-0.001941141069878685:0;0.0038513913651456858:-0.0027885233845070393:0;-0.0038513913651456919:-0.0027885233845070401:0;-8.9656143800939695e-20:-0.0048271420843006363:0,2.9885058295978253e-05:1.725414645193073e-05:0;6.0033472351649598e-06:5.0574511954937347e-05:0;-6.0033472351649488e-06:5.0574511954937327e-05:0;-2.9885058295978273e-05:1.7254146451930726e-05:0;4.6800485754557921e-05:-2.0088204764076786e-05:0;-2.3458675011231076e-20:-5.0606370475498022e-20:0;-4.6800485754558016e-05:-2.00882047640768e-05:0;4.079713851939296e-05:-3.0486307190860629e-05:0;-4.0797138519393034e-05:-3.0486307190860639e-05:0;-2.6381314616918027e-21:-3.4508292903861378e-05:0,true,0.0045769270816806117,9.9837425317992953e-09,4.5694861570318751e-11,true,7,true,0.0045769270816806117,9.9837425317992953e-09,4.5694861570318751e-11,true,7,true,0.0045338545497936658,1.0613495366155865e-09,4.8120044255059755e-12,true,7,true,4.3744022977376519e-05,9.861808040603581e-07,4.3139515752663954e-11,true,10,true
20,n10_compact_f0.1_d2.1,10,compact,n10_compact,4,0.10000000000000001,2.1000000000000001,0.071022030765464039,0.025446013318562655,2,13,13,21,false,9,3,30,30,true,balanced_sqrt,2.0584859130262123e-16,1.0454002857794253,3.5684617212431667e-17,1.3686437517311657e-17,1.8943554762223034e-16,0,0,5.5484925862375126e-16,true,true,-3.1500000000000008:-1.8186533479473213:0;-1.05:-1.8186533479473213:0;1.0500000000000005:-1.8186533479473213:0;3.1500000000000008:-1.8186533479473213:0;-2.1000000000000001:0:0;0:0:0;2.1000000000000005:0:0;-1.05:1.8186533479473213:0;1.0500000000000005:1.8186533479473213:0;0:3.6373066958946434:0,0.017748778122305364:0.010247261826699942:0;0.0020730773437596392:0.020515162410644699:0;-0.0020730773437596427:0.020515162410644699:0;-0.01774877812230537:0.010247261826699954:0;0.018803190482261724:-0.0084622435616165167:0;-1.6359306333241309e-17:2.3687300034216914e-18:0;-0.018803190482261728:-0.008462243561616534:0;0.016730113138502055:-0.012052918849028182:0;-0.016730113138502079:-0.012052918849028186:0;-2.9104156423190092e-18:-0.02049452365339987:0,0:0:0;0:0:0;0:0:0;0:0:0;0:0:0;0:0:0;0:0:0;0:0:0;0:0:0;0:0:0,0.017748778122305364:0.010247261826699942:0;0.0020730773437596392:0.020515162410644699:0;-0.0020730773437596427:0.020515162410644699:0;-0.01774877812230537:0.010247261826699954:0;0.018803190482261724:-0.0084622435616165167:0;-1.6359306333241309e-17:2.3687300034216914e-18:0;-0.018803190482261728:-0.008462243561616534:0;0.016730113138502055:-0.012052918849028182:0;-0.016730113138502079:-0.012052918849028186:0;-2.9104156423190092e-18:-0.02049452365339987:0,0.017484610769083975:0.010094744734206462:0;0.0020189428385259671:0.019979448199728699:0;-0.0020189428385259701:0.019979448199728699:0;-0.017484610769083982:0.010094744734206474:0;0.018312181113823298:-0.0082412683129121801:0;-1.5766651906490021e-17:2.2829915026498967e-18:0;-0.018312181113823302:-0.0082412683129121974:0;0.016293238275297304:-0.011738179886816521:0;-0.016293238275297325:-0.011738179886816524:0;-2.8666798881311552e-18:-0.020189489468412911:0,0.00026416735322138887:0.0001525170924934798:0;5.4134505233672323e-05:0.00053571421091599882:0;-5.4134505233672424e-05:0.00053571421091599893:0;-0.00026416735322138898:0.00015251709249347999:0;0.00049100936843842564:-0.00022097524870433704:0;-5.9265442675128814e-19:8.5738500771794661e-20:0;-0.00049100936843842575:-0.00022097524870433747:0;0.0004368748632047526:-0.00031473896221166181:0;-0.00043687486320475335:-0.00031473896221166192:0;-4.3735754187853957e-20:-0.00030503418498695943:0,true,0.019522022768630642,0,0,false,12,true,0.019522022768630642,0,0,false,12,true,0.019085002851167546,0,0,false,11,true,0.00044929490589560992,0,0,false,0,false
20,n10_compact_f0.1_d2.1,10,compact,n10_compact,4,0.10000000000000001,2.1000000000000001,0.071022030765464039,0.025446013318562655,3,13,13,21,false,16,6,60,60,true,balanced_sqrt,4.3183276864350773e-15,1.0550562557615701,2.6403444210983079e-17,1.2971693008186274e-17,1.438355479794652e-16,0,0,5.632913373564059e-16,true,true,-3.1500000000000008:-1.8186533479473213:0;-1.05:-1.8186533479473213:0;1.0500000000000005:-1.8186533479473213:0;3.1500000000000008:-1.8186533479473213:0;-2.1000000000000001:0:0;0:0:0;2.1000000000000005:0:0;-1.05:1.8186533479473213:0;1.0500000000000005:1.8186533479473213:0;0:3.6373066958946434:0,0.018063628192544302:0.010429040599506764:0;0.0021656932005035424:0.020795144500569851:0;-0.0021656932005035515:0.020795144500569851:0;-0.018063628192544309:0.01042904059950678:0;0.019091970013113524:-0.0085220269218456175:0;-2.1144941286255515e-17:-4.323684688079337e-19:0;-0.019091970013113514:-0.0085220269218456279:0;0.016926276812609942:-0.012273117578724244:0;-0.016926276812609969:-0.012273117578724244:0;-5.8639401461339449e-18:-0.020858081199013528:0,0:0:0;0:0:0;0:0:0;0:0:0;0:0:0;0:0:0;0:0:0;0:0:0;0:0:0;0:0:0,0.018063628192544302:0.010429040599506764:0;0.0021656932005035424:0.020795144500569851:0;-0.0021656932005035515:0.020795144500569851:0;-0.018063628192544309:0.01042904059950678:0;0.019091970013113524:-0.0085220269218456175:0;-2.1144941286255515e-17:-4.323684688079337e-19:0;-0.019091970013113514:-0.0085220269218456279:0;0.016926276812609942:-0.012273117578724244:0;-0.016926276812609969:-0.012273117578724244:0;-5.8639401461339449e-18:-0.020858081199013528:0,0.017631730221999757:0.010179684189950418:0;0.0020747013413681919:0.020130924321568617:0;-0.0020747013413682006:0.020130924321568617:0;-0.017631730221999764:0.010179684189950433:0;0.018471242534824534:-0.0082687180938937899:0;-2.0096288628047588e-17:-4.1084568749964192e-19:0;-0.018471242534824524:-0.0082687180938938003:0;0.016396541193456304:-0.011862206227674837:0;-0.016396541193456331:-0.011862206227674837:0;-5.700926832927052e-18:-0.020359368379900836:0,0.0004318979705445456:0.00024935640955634641:0;9.0991859135350342e-05:0.00066422017900123341:0;-9.0991859135350776e-05:0.00066422017900123341:0;-0.00043189797054454582:0.00024935640955634685:0;0.00062072747828899018:-0.00025330882795182737:0;-1.048652658207928e-18:-2.1522781308291759e-20:0;-0.00062072747828898986:-0.00025330882795182791:0;0.00052973561915363834:-0.00041091135104940631:0;-0.00052973561915363942:-0.00041091135104940631:0;-1.6301331320689327e-19:-0.00049871281911269272:0,true,0.019819052007963578,0.015290303301291068,0.00030303931634582487,true,12,true,0.019819052007963578,0.015290303301291068,0.00030303931634582487,true,12,true,0.019237626258624282,0.0081014525276137117,0.0001558527158782196,true,11,true,0.000586766667046622,0.25264838520507427,0.00014824565092149252,true,0,false
20,n10_compact_f0.1_d2.1,10,compact,n10_compact,4,0.10000000000000001,2.1000000000000001,0.071022030765464039,0.025446013318562655,4,13,13,21,false,25,10,100,100,true,balanced_sqrt,2.5388689275700963e-13,1.0586649621438788,6.1098178593793268e-17,4.7765947369578521e-20,2.8899090536253328e-16,5.5061131178962904e-17,0,5.6632445705041129e-16,true,true,-3.1500000000000008:-1.8186533479473213:0;-1.05:-1.8186533479473213:0;1.0500000000000005:-1.8186533479473213:0;3.1500000000000008:-1.8186533479473213:0;-2.1000000000000001:0:0;0:0:0;2.1000000000000005:0:0;-1.05:1.8186533479473213:0;1.0500000000000005:1.8186533479473213:0;0:3.6373066958946434:0,0.018135937887794527:0.0104707886215245:0;0.0021495922021017395:0.020924426778930149:0;-0.0021495922021017386:0.020924426778930146:0;-0.018135937887794544:0.010470788621524509:0;0.019195881251231766:-0.0086006119346680281:0;-1.9396159603202071e-17:-9.1537231295601951e-18:0;-0.019195881251231766:-0.0086006119346680471:0;0.017046289049129994:-0.012323814844262137:0;-0.017046289049130026:-0.012323814844262131:0;-4.7566608126237782e-18:-0.02094157724304899:0,0:0:0;0:0:0;0:0:0;0:0:0;0:0:0;0:0:0;0:0:0;0:0:0;0:0:0;0:0:0,0.018135937887794527:0.0104707886215245:0;0.0021495922021017395:0.020924426778930149:0;-0.0021495922021017386:0.020924426778930146:0;-0.018135937887794544:0.010470788621524509:0;0.019195881251231766:-0.0086006119346680281:0;-1.9396159603202071e-17:-9.1537231295601951e-18:0;-0.019195881251231766:-0.0086006119346680471:0;0.017046289049129994:-0.012323814844262137:0;-0.017046289049130026:-0.012323814844262131:0;-4.7566608126237782e-18:-0.02094157724304899:0,0.017641981670638428:0.010185602866581538:0;0.0020543507647991987:0.020160311523240208:0;-0.0020543507647991979:0.020160311523240205:0;-0.017641981670638445:0.010185602866581546:0;0.018486517309733767:-0.0083010358110200012:0;-1.8212594613085496e-17:-8.6123874745979467e-18:0;-0.018486517309733767:-0.0083010358110200202:0;0.016432166544934537:-0.011859275712220223:0;-0.016432166544934568:-0.011859275712220218:0;-4.6087979717196569e-18:-0.020371205733163065:0,0.00049395621715609761:0.00028518575494296207:0;9.524143730254085e-05:0.00076411525568994036:0;-9.5241437302540904e-05:0.00076411525568994036:0;-0.00049395621715609805:0.0002851857549429625:0;0.0007093639414980004:-0.00029957612364802652:0;-1.1835649901165756e-18:-5.4133565496224845e-19:0;-0.00070936394149800029:-0.00029957612364802744:0;0.00061412250419545767:-0.00046453913204191438:0;-0.00061412250419545886:-0.00046453913204191427:0;-1.4786284090412132e-19:-0.0005703715098859237:0,true,0.019925770419867428,0.0055603497944531769,0.00011079425345843105,true,12,true,0.019925770419867428,0.0055603497944531769,0.00011079425345843105,true,12,true,0.019258528437401716,0.00147661636577943,2.8437458271495925e-05,true,11,true,0.00067332230840912925,0.12895150748251868,8.6825926690966581e-05,true,0,false
20,n10_compact_f0.1_d2.1,10,compact,n10_compact,4,0.10000000000000001,2.1000000000000001,0.071022030765464039,0.025446013318562655,5,13,13,21,false,36,15,150,150,true,balanced_sqrt,1.0141067718589392e-11,1.0621257113967111,5.3523101463737556e-17,6.1236501457347532e-21,3.4392621930225247e-16,0,0,5.6743923016085194e-16,true,true,-3.1500000000000008:-1.8186533479473213:0;-1.05:-1.8186533479473213:0;1.0500000000000005:-1.8186533479473213:0;3.1500000000000008:-1.8186533479473213:0;-2.1000000000000001:0:0;0:0:0;2.1000000000000005:0:0;-1.05:1.8186533479473213:0;1.0500000000000005:1.8186533479473213:0;0:3.6373066958946434:0,0.018179587792108556:0.010495989905530301:0;0.0021618967222968642:0.02096018855597824:0;-0.0021618967222968646:0.02096018855597824:0;-0.01817958779210856:0.010495989905530318:0;0.019233004118737448:-0.0086078367961217195:0;-1.4397451768250288e-17:-1.6611304450571891e-17:0;-0.019233004118737441:-0.0086078367961217317:0;0.017071107396440553:-0.012352351759856535:0;-0.017071107396440577:-0.012352351759856536:0;-2.9725127535113263e-18:-0.020991979811060591:0,0:0:0;0:0:0;0:0:0;0:0:0;0:0:0;0:0:0;0:0:0;0:0:0;0:0:0;0:0:0,0.018179587792108556:0.010495989905530301:0;0.0021618967222968642:0.02096018855597824:0;-0.0021618967222968646:0.02096018855597824:0;-0.01817958779210856:0.010495989905530318:0;0.019233004118737448:-0.0086078367961217195:0;-1.4397451768250288e-17:-1.6611304450571891e-17:0;-0.019233004118737441:-0.0086078367961217317:0;0.017071107396440553:-0.012352351759856535:0;-0.017071107396440577:-0.012352351759856536:0;-2.9725127535113263e-18:-0.020991979811060591:0,0.017660817593778848:0.010196477791877089:0;0.0020640495557599963:0.020173341522491634:0;-0.0020640495557599967:0.020173341522491634:0;-0.017660817593778851:0.010196477791877106:0;0.018502651015577191:-0.0082991514112876717:0;-1.3464373788564162e-17:-1.5631371346745236e-17:0;-0.018502651015577184:-0.0082991514112876839:0;0.016438601459817164:-0.011874190111203976:0;-0.016438601459817188:-0.011874190111203978:0;-2.8706983129236771e-18:-0.020392955583754167:0,0.00051877019832970736:0.00029951211365321172:0;9.784716653686786e-05:0.00078684703348660544:0;-9.7847166536868077e-05:0.00078684703348660544:0;-0.00051877019832970747:0.00029951211365321248:0;0.00073035310316025865:-0.00030868538483404815:0;-9.3307797968612663e-19:-9.7993310382665465e-19:0;-0.00073035310316025811:-0.00030868538483404864:0;0.00063250593662338877:-0.00047816164865255799:0;-0.00063250593662338974:-0.00047816164865255832:0;-1.0181444058764906e-19:-0.00059902422730642301:0,true,0.019964993011779796,0.002016182252100286,4.0253064573656659e-05,true,12,true,0.019964993011779796,0.002016182252100286,4.0253064573656659e-05,true,12,true,0.019274236599235831,0.00089897254046996549,1.7327009441234224e-05,true,11,true,0.00069632636079183135,0.033996888335122565,2.3672929532642158e-05,true,0,false
20,n10_compact_f0.1_d2.1,10,compact,n10_compact,4,0.10000000000000001,2.1000000000000001,0.071022030765464039,0.025446013318562655,6,13,13,21,false,49,21,210,210,true,balanced_sqrt,8.6477712480423003e-10,1.0634111787382867,4.5925071462161183e-17,9.8443259835978017e-23,3.9879004519688391e-16,0,0,5.6770428912492513e-16,true,true,-3.1500000000000008:-1.8186533479473213:0;-1.05:-1.8186533479473213:0;1.0500000000000005:-1.8186533479473213:0;3.1500000000000008:-1.8186533479473213:0;-2.1000000000000001:0:0;0:0:0;2.1000000000000005:0:0;-1.05:1.8186533479473213:0;1.0500000000000005:1.8186533479473213:0;0:3.6373066958946434:0,0.018189511728953691:0.010501719493139267:0;0.0021575778708937633:0.020969700251394299:0;-0.0021575778708937767:0.020969700251394278:0;-0.018189511728953691:0.01050171949313927:0;0.019239082062899263:-0.0086163328788599874:0;-2.3037050544558955e-17:1.2177195416356696e-17:0;-0.01923908206289926:-0.0086163328788599874:0;0.017081504192005478:-0.012353367372534309:0;-0.017081504192005492:-0.012353367372534296:0;3.0641139640217183e-18:-0.021003438986278534:0,0:0:0;0:0:0;0:0:0;0:0:0;0:0:0;0:0:0;0:0:0;0:0:0;0:0:0;0:0:0,0.018189511728953691:0.010501719493139267:0;0.0021575778708937633:0.020969700251394299:0;-0.0021575778708937767:0.020969700251394278:0;-0.018189511728953691:0.01050171949313927:0;0.019239082062899263:-0.0086163328788599874:0;-2.3037050544558955e-17:1.2177195416356696e-17:0;-0.01923908206289926:-0.0086163328788599874:0;0.017081504192005478:-0.012353367372534309:0;-0.017081504192005492:-0.012353367372534296:0;3.0641139640217183e-18:-0.021003438986278534:0,0.017660531243303537:0.010196312467353091:0;0.0020599818605082816:0.02017491955195647:0;-0.0020599818605082942:0.020174919551956449:0;-0.017660531243303537:0.010196312467353095:0;0.018501983781555799:-0.0083034631534429117:0;-2.1572694635633237e-17:1.1411950544681793e-17:0;-0.018501983781555795:-0.0083034631534429117:0;0.016442001921047496:-0.011871456398513556:0;-0.01644200192104751:-0.011871456398513542:0;2.8711576896774922e-18:-0.020392624934706182:0,0.00052898048565015406:0.00030540702578617549:0;9.7596010385481732e-05:0.00079478069943782897:0;-9.7596010385482627e-05:0.00079478069943782832:0;-0.00052898048565015406:0.00030540702578617571:0;0.00073709828134346474:-0.00031286972541707609:0;-1.4643559089257175e-18:7.6524487167490394e-19:0;-0.00073709828134346463:-0.00031286972541707598:0;0.00063950227095798155:-0.00048191097402075289:0;-0.00063950227095798241:-0.00048191097402075251:0;1.9295627434422604e-19:-0.0006108140515723511:0,true,0.019974318944997228,0.00051268542691549463,1.0240542235662155e-05,true,12,true,0.019974318944997228,0.00051268542691549463,1.0240542235662155e-05,true,12,true,0.019274861556815473,0.0001755894982975074,3.3844632705151412e-06,true,11,true,0.00070473324495492421,0.012652280830807558,8.9164829259759953e-06,true,0,false
20,n10_compact_f0.1_d2.1,10,compact,n10_compact,4,0.10000000000000001,2.1000000000000001,0.071022030765464039,0.025446013318562655,7,13,13,21,false,64,28,280,280,true,balanced_sqrt,4.6743297851505667e-08,1.0654875811120321,4.2919682010605552e-17,9.5945767425458204e-25,3.0107067504539136e-16,0,0,5.679615043598155e-16,true,true,-3.1500000000000008:-1.8186533479473213:0;-1.05:-1.8186533479473213:0;1.0500000000000005:-1.8186533479473213:0;3.1500000000000008:-1.8186533479473213:0;-2.1000000000000001:0:0;0:0:0;2.1000000000000005:0:0;-1.05:1.8186533479473213:0;1.0500000000000005:1.8186533479473213:0;0:3.6373066958946434:0,0.018197434064494204:0.010506293455696187:0;0.0021594050963416539:0.02097929820163472:0;-0.0021594050963416669:0.02097929820163472:0;-0.018197434064494197:0.010506293455696199:0;0.019248307744355667:-0.0086195494303238918:0;-2.2840073564664296e-17:8.2355225734955309e-18:0;-0.019248307744355674:-0.0086195494303238883:0;0.017088902648013996:-0.012359748771310833:0;-0.017088902648014024:-0.012359748771310828:0;-5.0630377479865793e-18:-0.021012586911392385:0,0:0:0;0:0:0;0:0:0;0:0:0;0:0:0;0:0:0;0:0:0;0:0:0;0:0:0;0:0:0,0.018197434064494204:0.010506293455696187:0;0.0021594050963416539:0.02097929820163472:0;-0.0021594050963416669:0.02097929820163472:0;-0.018197434064494197:0.010506293455696199:0;0.019248307744355667:-0.0086195494303238918:0;-2.2840073564664296e-17:8.2355225734955309e-18:0;-0.019248307744355674:-0.0086195494303238883:0;0.017088902648013996:-0.012359748771310833:0;-0.017088902648014024:-0.012359748771310828:0;-5.0630377479865793e-18:-0.021012586911392385:0,0.01766359629625033:0.010198082076496997:0;0.0020615388290848957:0.020177855446795567:0;-0.0020615388290849078:0.020177855446795567:0;-0.017663596296250323:0.010198082076497009:0;0.018505304825357598:-0.0083035827265222264:0;-2.1307273901413542e-17:7.7995725243351371e-18:0;-0.018505304825357605:-0.0083035827265222229:0;0.016443765996272685:-0.011874272720273344:0;-0.016443765996272713:-0.011874272720273341:0;-4.9161846203947857e-18:-0.020396164152994004:0,0.00053383776824387488:0.00030821137919918997:0;9.7866267256758432e-05:0.00080144275483915372:0;-9.7866267256759191e-05:0.0008014427548391534:0;-0.00053383776824387488:0.00030821137919919035:0;0.00074300291899806936:-0.00031596670380166575:0;-1.5327996632507541e-18:4.3595004916039343e-19:0;-0.00074300291899806958:-0.00031596670380166565:0;0.00064513665174130972:-0.00048547605103748808:0;-0.00064513665174131124:-0.0004854760510374877:0;-1.4685312759179374e-19:-0.00061642275839838005:0,true,0.019983368901528527,0.00045419759163527483,9.0763980278335039e-06,true,12,true,0.019983368901528527,0.00045419759163527483,9.0763980278335039e-06,true,12,true,0.019277928553455229,0.00016715598211121486,3.2224210804226403e-06,true,11,true,0.00071072222594485235,0.0084551088024345227,6.0092337486721791e-06,true,0,false
20,n10_compact_f0.1_d2.1,10,compact,n10_compact,4,0.10000000000000001,2.1000000000000001,0.071022030765464039,0.025446013318562655,8,13,13,21,false,81,36,360,360,true,balanced_sqrt,3.1114280843924445e-06,1.0660234154164989,3.7370083628196537e-17,2.3506993256492243e-26,2.9413430004527803e-16,0,0,5.6802515175467521e-16,true,true,-3.1500000000000008:-1.8186533479473213:0;-1.05:-1.8186533479473213:0;1.0500000000000005:-1.8186533479473213:0;3.1500000000000008:-1.8186533479473213:0;-2.1000000000000001:0:0;0:0:0;2.1000000000000005:0:0;-1.05:1.8186533479473213:0;1.0500000000000005:1.8186533479473213:0;0:3.6373066958946434:0,0.018199179436651058:0.01050730114678078:0;0.0021588248721984104:0.020981903757086182:0;-0.00215882487219842:0.020981903757086175:0;-0.018199179436651072:0.010507301146780798:0;0.019250274109496004:-0.0086213546968975565:0;-1.7585571341346822e-17:8.1103986460910026e-18:0;-0.019250274109496:-0.0086213546968975565:0;0.017091449237297548:-0.012360549060188632:0;-0.017091449237297572:-0.012360549060188629:0;-5.6073422184073549e-18:-0.021014602293561568:0,0:0:0;0:0:0;0:0:0;0:0:0;0:0:0;0:0:0;0:0:0;0:0:0;0:0:0;0:0:0,0.018199179436651058:0.01050730114678078:0;0.0021588248721984104:0.020981903757086182:0;-0.00215882487219842:0.020981903757086175:0;-0.018199179436651072:0.010507301146780798:0;0.019250274109496004:-0.0086213546968975565:0;-1.7585571341346822e-17:8.1103986460910026e-18:0;-0.019250274109496:-0.0086213546968975565:0;0.017091449237297548:-0.012360549060188632:0;-0.017091449237297572:-0.012360549060188629:0;-5.6073422184073549e-18:-0.021014602293561568:0,0.017663641431729889:0.010198108135478268:0;0.0020610433826219127:0.020178215403924924:0;-0.0020610433826219218:0.020178215403924917:0;-0.017663641431729903:0.010198108135478286:0;0.018505368834144425:-0.0083041917743100577:0;-1.6393355594951037e-17:7.6314206040834072e-18:0;-0.018505368834144421:-0.0083041917743100577:0;0.016444325451522468:-0.01187402362961487:0;-0.016444325451522492:-0.011874023629614868:0;-5.4146350555066148e-18:-0.020396216270956544:0,0.00053553800492116862:0.00030919301130251153:0;9.7781489576497768e-05:0.00080368835316125902:0;-9.7781489576498297e-05:0.00080368835316125869:0;-0.00053553800492116917:0.0003091930113025124:0;0.00074490527535157891:-0.00031716292258749816:0;-1.1922157463957846e-18:4.7897804200759554e-19:0;-0.00074490527535157869:-0.00031716292258749832:0;0.00064712378577507911:-0.00048652543057376145:0;-0.00064712378577508074:-0.00048652543057376129:0;-1.9270716290074044e-19:-0.00061838602260502382:0,true,0.019985608295151756,0.00011727949858003761,2.3439021196724382e-06,true,12,true,0.019985608295151756,0.00011727949858003761,2.3439021196724382e-06,true,12,true,0.019278139367657744,2.4650863040680306e-05,4.7522277323127826e-07,true,11,true,0.00071274546305991418,0.002870639837829475,2.0460355204920059e-06,true,0,false
20,n10_compact_f0.1_d2.1,10,compact,n10_compact,4,0.10000000000000001,2.1000000000000001,0.071022030765464039,0.025446013318562655,9,13,13,21,false,100,45,450,450,true,balanced_sqrt,0.00029892791208889654,1.0669925313866224,4.2654914274872729e-17,1.1513597683732078e-28,3.287040020288628e-16,0,0,5.6805303071444911e-16,true,true,-3.1500000000000008:-1.8186533479473213:0;-1.05:-1.8186533479473213:0;1.0500000000000005:-1.8186533479473213:0;3.1500000000000008:-1.8186533479473213:0;-2.1000000000000001:0:0;0:0:0;2.1000000000000005:0:0;-1.05:1.8186533479473213:0;1.0500000000000005:1.8186533479473213:0;0:3.6373066958946434:0,0.018200136681168062:0.010507853812160371:0;0.0021590160464946611:0.02098288777173481:0;-0.0021590160464946572:0.020982887771734807:0;-0.018200136681168086:0.01050785381216038:0;0.019251221878327517:-0.0086216811424247673:0;-8.2768321949053648e-18:-7.1566747587808441e-18:0;-0.019251221878327514:-0.0086216811424247933:0;0.017092205831832821:-0.012361206629310031:0;-0.017092205831832848:-0.012361206629310031:0;-3.6767050778493899e-18:-0.021015707624320711:0,0:0:0;0:0:0;0:0:0;0:0:0;0:0:0;0:0:0;0:0:0;0:0:0;0:0:0;0:0:0,0.018200136681168062:0.010507853812160371:0;0.0021590160464946611:0.02098288777173481:0;-0.0021590160464946572:0.020982887771734807:0;-0.018200136681168086:0.01050785381216038:0;0.019251221878327517:-0.0086216811424247673:0;-8.2768321949053648e-18:-7.1566747587808441e-18:0;-0.019251221878327514:-0.0086216811424247933:0;0.017092205831832821:-0.012361206629310031:0;-0.017092205831832848:-0.012361206629310031:0;-3.6767050778493899e-18:-0.021015707624320711:0,0.017663960836969313:0.010198292544179248:0;0.0020611949036087669:0.020178509241238211:0;-0.002061194903608763:0.020178509241238207:0;-0.017663960836969337:0.010198292544179257:0;0.018505699065215719:-0.0083042074719428798:0;-7.6634659795775796e-18:-6.6651864998634541e-18:0;-0.018505699065215715:-0.0083042074719429041:0;0.016444504161606917:-0.011874301769295317:0;-0.016444504161606945:-0.011874301769295317:0;-3.5885372332123633e-18:-0.020396585088358468:0,0.00053617584419874916:0.00030956126798112283:0;9.7821142885894222e-05:0.00080437853049660001:0;-9.7821142885894018e-05:0.00080437853049660001:0;-0.00053617584419875003:0.00030956126798112338:0;0.00074552281311179782:-0.00031747367048188722:0;-6.1336621532778564e-19:-4.9148825891739027e-19:0;-0.00074552281311179793:-0.00031747367048188873:0;0.00064770167022590189:-0.00048690486001471295:0;-0.0006477016702259033:-0.00048690486001471312:0;-8.8167844637026378e-20:-0.00061912253596224176:0,true,0.01998658919884589,4.9262756657689552e-05,9.8459448011995146e-07,true,12,true,0.01998658919884589,4.9262756657689552e-05,9.8459448011995146e-07,true,12,true,0.019278450683538683,1.6918922472937029e-05,3.2617061251313088e-07,true,11,true,0.00071340738162183265,0.0009397674939944405,6.7043706722388517e-07,true,0,false
20,n10_compact_f0.1_d2.1,10,compact,n10_compact,4,0.10000000000000001,2.1000000000000001,0.071022030765464039,0.025446013318562655,10,13,13,21,false,121,55,550,550,true,balanced_sqrt,0.028068172762122486,1.0672213837499833,2.5787148601568266e-17,1.0220534707796785e-31,2.9992560992937819e-16,2.7446465441196706e-17,0,5.680597613983339e-16,true,true,-3.1500000000000008:-1.8186533479473213:0;-1.05:-1.8186533479473213:0;1.0500000000000005:-1.8186533479473213:0;3.1500000000000008:-1.8186533479473213:0;-2.1000000000000001:0:0;0:0:0;2.1000000000000005:0:0;-1.05:1.8186533479473213:0;1.0500000000000005:1.8186533479473213:0;0:3.6373066958946434:0,0.01820031878112716:0.010507958947620759:0;0.002158956990355562:0.020983164499093702:0;-0.0021589569903555698:0.020983164499093702:0;-0.01820031878112716:0.010507958947620768:0;0.019251432003180687:-0.0086218706502209259:0;-1.72877260129617e-17:2.6660492322048785e-18:0;-0.019251432003180691:-0.0086218706502209277:0;0.017092475012825084:-0.01236129384887279:0;-0.017092475012825112:-0.012361293848872787:0;-4.0582500428163716e-18:-0.021015917895241504:0,0:0:0;0:0:0;0:0:0;0:0:0;0:0:0;0:0:0;0:0:0;0:0:0;0:0:0;0:0:0,0.01820031878112716:0.010507958947620759:0;0.002158956990355562:0.020983164499093702:0;-0.0021589569903555698:0.020983164499093702:0;-0.01820031878112716:0.010507958947620768:0;0.019251432003180687:-0.0086218706502209259:0;-1.72877260129617e-17:2.6660492322048785e-18:0;-0.019251432003180691:-0.0086218706502209277:0;0.017092475012825084:-0.01236129384887279:0;-0.017092475012825112:-0.012361293848872787:0;-4.0582500428163716e-18:-0.021015917895241504:0,0.017663967096972467:0.010198296158393738:0;0.0020611499509351769:0.020178545068872757:0;-0.0020611499509351843:0.020178545068872761:0;-0.017663967096972467:0.010198296158393747:0;0.018505707616520598:-0.0083042643159174541:0;-1.6114367615992947e-17:2.5015144720104582e-18:0;-0.018505707616520602:-0.0083042643159174558:0;0.01644455766558538:-0.011874280752955319:0;-0.016444557665585408:-0.011874280752955315:0;-3.9465460446192043e-18:-0.020396592316787466:0,0.00053635168415469136:0.00030966278922702015:0;9.7807039420384892e-05:0.00080461943022094385:0;-9.780703942038538e-05:0.0008046194302209433:0;-0.00053635168415469146:0.00030966278922702059:0;0.00074572438666008916:-0.00031760633430347114:0;-1.1733583969687547e-18:1.645347601944205e-19:0;-0.00074572438666008906:-0.00031760633430347163:0;0.00064791734723970219:-0.00048701309591747221:0;-0.00064791734723970327:-0.00048701309591747232:0;-1.1170399819716705e-19:-0.00061932557845403976:0,true,0.019986826013732105,1.2387937111989639e-05,2.475955437263919e-07,true,12,true,0.019986826013732105,1.2387937111989639e-05,2.475955437263919e-07,true,12,true,0.019278472594353308,2.3187658582159368e-06,4.4702264050338067e-08,true,11,true,0.00071362205564835411,0.00030478503951673365,2.1750132643079633e-07,true,0,false
20,n10_compact_f0.1_d2.1,10,compact,n10_compact,4,0.10000000000000001,2.1000000000000001,0.071022030765464039,0.025446013318562655,11,13,13,21,false,144,66,660,660,true,balanced_sqrt,3.6831081694862564,1.0676393844142764,2.7820575898093726e-17,6.5649631337646928e-33,2.3102883965947157e-16,0,0,5.6806248894329138e-16,true,true,-3.1500000000000008:-1.8186533479473213:0;-1.05:-1.8186533479473213:0;1.0500000000000005:-1.8186533479473213:0;3.1500000000000008:-1.8186533479473213:0;-2.1000000000000001:0:0;0:0:0;2.1000000000000005:0:0;-1.05:1.8186533479473213:0;1.0500000000000005:1.8186533479473213:0;0:3.6373066958946434:0,0.018200415258885754:0.010508014649080664:0;0.0021589777173928026:0.020983258928380214:0;-0.0021589777173927982:0.020983258928380225:0;-0.018200415258885758:0.010508014649080681:0;0.019251524144860279:-0.0086218999147233757:0;-7.2678364255723224e-18:1.090346425040981e-17:0;-0.019251524144860283:-0.0086218999147234035:0;0.017092546427467457:-0.012361359013656838:0;-0.017092546427467478:-0.012361359013656845:0;-5.2341470201835616e-18:-0.021016029298161314:0,0:0:0;0:0:0;0:0:0;0:0:0;0:0:0;0:0:0;0:0:0;0:0:0;0:0:0;0:0:0,0.018200415258885754:0.010508014649080664:0;0.0021589777173928026:0.020983258928380214:0;-0.0021589777173927982:0.020983258928380225:0;-0.018200415258885758:0.010508014649080681:0;0.019251524144860279:-0.0086218999147233757:0;-7.2678364255723224e-18:1.090346425040981e-17:0;-0.019251524144860283:-0.0086218999147234035:0;0.017092546427467457:-0.012361359013656838:0;-0.017092546427467478:-0.012361359013656845:0;-5.2341470201835616e-18:-0.021016029298161314:0,0.017663996982365662:0.010198313412733553:0;0.0020611645370589102:0.020178570131524461:0;-0.0020611645370589059:0.020178570131524468:0;-0.017663996982365662:0.01019831341273357:0;0.018505736614475514:-0.0083042642152895991:0;-6.7115886728471103e-18:1.0439676500755516e-17:0;-0.018505736614475517:-0.0083042642152896251:0;0.016444572077416588:-0.01187430591623486:0;-0.016444572077416605:-0.011874305916234867:0;-5.031265479638686e-18:-0.020396626825467092:0,0.00053641827652009294:0.00030970123634711084:0;9.7813180333892493e-05:0.00080468879685575425:0;-9.7813180333892371e-05:0.00080468879685575479:0;-0.00053641827652009359:0.00030970123634711192:0;0.00074578753038476435:-0.00031763569943377704:0;-5.5624775272521212e-19:4.6378774965429384e-19:0;-0.00074578753038476403:-0.00031763569943377812:0;0.00064797435005086996:-0.00048705309742197748:0;-0.00064797435005087126:-0.00048705309742197797:0;-2.0288154054487594e-19:-0.00061940247269422146:0,true,0.019986921980688778,4.8330369555259774e-06,9.6597532559883324e-08,true,12,true,0.019986921980688778,4.8330369555259774e-06,9.6597532559883324e-08,true,12,true,0.019278500222740802,1.5227456924258871e-06,2.9356253170610061e-08,true,11,true,0.00071368950796073043,9.5890394273744531e-05,6.8435968307389178e-08,true,0,false
20,n10_compact_f0.1_d2.1,10,compact,n10_compact,4,0.10000000000000001,2.1000000000000001,0.071022030765464039,0.025446013318562655,12,13,13,21,false,169,78,780,780,true,balanced_sqrt,494.05632407830529,1.0677392204896876,3.4818442221703438e-17,1.4610449249670251e-34,3.9103601674244787e-16,0,0,5.6806310347591623e-16,true,true,-3.1500000000000008:-1.8186533479473213:0;-1.05:-1.8186533479473213:0;1.0500000000000005:-1.8186533479473213:0;3.1500000000000008:-1.8186533479473213:0;-2.1000000000000001:0:0;0:0:0;2.1000000000000005:0:0;-1.05:1.8186533479473213:0;1.0500000000000005:1.8186533479473213:0;0:3.6373066958946434:0,0.018200434036249262:0.010508025490196542:0;0.002158970772276227:0.020983283110386337:0;-0.0021589707722762426:0.020983283110386337:0;-0.018200434036249248:0.010508025490196546:0;0.019251541614533626:-0.0086219180203738373:0;-2.0907815093069763e-17:5.8514018110580119e-18:0;-0.019251541614533626:-0.0086219180203738494:0;0.017092570842257366:-0.012361365090012521:0;-0.017092570842257394:-0.012361365090012521:0;3.7759122631097542e-18:-0.021016050980393067:0,0:0:0;0:0:0;0:0:0;0:0:0;0:0:0;0:0:0;0:0:0;0:0:0;0:0:0;0:0:0,0.018200434036249262:0.010508025490196542:0;0.002158970772276227:0.020983283110386337:0;-0.0021589707722762426:0.020983283110386337:0;-0.018200434036249248:0.010508025490196546:0;0.019251541614533626:-0.0086219180203738373:0;-2.0907815093069763e-17:5.8514018110580119e-18:0;-0.019251541614533626:-0.0086219180203738494:0;0.017092570842257366:-0.012361365090012521:0;-0.017092570842257394:-0.012361365090012521:0;3.7759122631097542e-18:-0.021016050980393067:0,0.017663997455095354:0.01019831368566417:0;0.0020611599749480705:0.020178573090609178:0;-0.0020611599749480853:0.020178573090609178:0;-0.017663997455095341:0.010198313685664174:0;0.018505736896062649:-0.0083042696457358515:0;-1.9485767329200728e-17:5.659246430730115e-18:0;-0.018505736896062649:-0.0083042696457358636:0;0.016444576921114548:-0.011874303444873344:0;-0.016444576921114572:-0.011874303444873344:0;3.5429296073974373e-18:-0.020396627371328323:0,0.00053643658115390836:0.00030971180453237155:0;9.781079732815657e-05:0.00080471001977716074:0;-9.7810797328157478e-05:0.00080471001977716053:0;-0.00053643658115390814:0.00030971180453237177:0;0.00074580471847097789:-0.00031764837463798526:0;-1.4220477638690347e-18:1.9215538032789715e-19:0;-0.00074580471847097778:-0.00031764837463798569:0;0.00064799392114281863:-0.00048706164513917684:0;-0.0006479939211428196:-0.000487061645139177:0;2.3298265571231712e-19:-0.00061942360906474256:0,true,0.019986943602633311,1.1418393980201092e-06,2.2821879651492693e-08,true,12,true,0.019986943602633311,1.1418393980201092e-06,2.2821879651492693e-08,true,12,true,0.019278501961684593,2.1903437402267733e-07,4.2226546092725415e-09,true,11,true,0.00071370917259222207,2.8290305212945638e-05,2.0191050325912859e-08,true,0,false
20,n10_compact_f0.1_d2.1,10,compact,n10_compact,4,0.10000000000000001,2.1000000000000001,0.071022030765464039,0.025446013318562655,13,13,13,21,false,196,91,910,910,true,balanced_sqrt,55550.035669428813,1.0679434587086665,3.3038314858876548e-17,3.3345899019470605e-37,3.4465920738309097e-16,7.6178750165425083e-34,0,5.6806344906048222e-16,true,true,-3.1500000000000008:-1.8186533479473213:0;-1.05:-1.8186533479473213:0;1.0500000000000005:-1.8186533479473213:0;3.1500000000000008:-1.8186533479473213:0;-2.1000000000000001:0:0;0:0:0;2.1000000000000005:0:0;-1.05:1.8186533479473213:0;1.0500000000000005:1.8186533479473213:0;0:3.6373066958946434:0,0.018200445348646857:0.010508032021412331:0;0.0021589732516403394:0.020983295616915115:0;-0.0021589732516403498:0.020983295616915108:0;-0.018200445348646878:0.010508032021412341:0;0.019251553685187314:-0.0086219221264459342:0;-1.4167688697438815e-17:-2.0828913052777429e-17:0;-0.019251553685187304:-0.0086219221264459273:0;0.017092580433546951:-0.012361373490469195:0;-0.017092580433546969:-0.012361373490469197:0;4.0285875161969404e-19:-0.021016064042824651:0,0:0:0;0:0:0;0:0:0;0:0:0;0:0:0;0:0:0;0:0:0;0:0:0;0:0:0;0:0:0,0.018200445348646857:0.010508032021412331:0;0.0021589732516403394:0.020983295616915115:0;-0.0021589732516403498:0.020983295616915108:0;-0.018200445348646878:0.010508032021412341:0;0.019251553685187314:-0.0086219221264459342:0;-1.4167688697438815e-17:-2.0828913052777429e-17:0;-0.019251553685187304:-0.0086219221264459273:0;0.017092580433546951:-0.012361373490469195:0;-0.017092580433546969:-0.012361373490469197:0;4.0285875161969404e-19:-0.021016064042824651:0,0.017664000546036843:0.010198315470220064:0;0.0020611614422859316:0.020178575973427381:0;-0.0020611614422859415:0.020178575973427374:0;-0.017664000546036864:0.010198315470220072:0;0.018505740126325377:-0.0083042698163931054:0;-1.3263858307831661e-17:-1.958269898882053e-17:0;-0.018505740126325367:-0.0083042698163930985:0;0.016444578684039424:-0.011874306157034289:0;-0.016444578684039441:-0.011874306157034291:0;3.5772349768817679e-19:-0.020396630940440117:0,0.00053644480261001454:0.0003097165511922672:0;9.7811809354407701e-05:0.00080471964348773311:0;-9.7811809354408244e-05:0.00080471964348773366:0;-0.00053644480261001509:0.00030971655119226802:0;0.00074581355886193721:-0.00031765231005282963:0;-9.0383038960715496e-19:-1.2462140639568978e-18:0;-0.00074581355886193634:-0.00031765231005282936:0;0.00064800174950752759:-0.00048706733343490462:0;-0.00064800174950752846:-0.00048706733343490495:0;4.5135253931517227e-20:-0.00061943310238453441:0,true,0.019986955761809269,6.1016110662650172e-07,1.2195263045720478e-08,true,12,true,0.019986955761809269,6.1016110662650172e-07,1.2195263045720478e-08,true,12,true,0.019278504999093782,1.6484775740187908e-07,3.178018315161525e-09,true,11,true,0.00071371823803055708,1.278172612099685e-05,9.1225510460670193e-09,true,0,false
21,n10_irregular_f0.8_d10.0,10,irregular,n10_irregular,1,0.80000000000000004,10,0.0029206687461686659,0.001596571268295488,2,6,13,21,false,9,3,30,30,true,balanced_sqrt,1.2938907851674797e-16,1.0021881908085657,2.4342527530929818e-17,2.0331179265182275e-17,1.188674629389623e-16,0,0,4.3399893069532152e-17,true,true,-15.476992631711282:-11.495147305166514:0;-4.2172757700165642:-10.983341993271299:0;7.5542464035733659:-12.518757928956942:0;18.302157953372866:-9.6526481823437411:0;-11.894355448444781:-0.03070831871371027:0;-0.32755539961293545:-1.7708463791574403:0;11.34160571159795:1.8117908041090613:0;-7.0833855166297663:10.512481106327705:0;4.1763313450649502:12.047897042013346:0;-2.3747766471937926:22.079281155159549:0,0.0015444512473525799:0.0010065965260112508:0;0.00032691713735116752:0.0019306002756339857:0;-0.00026135212641172014:0.0013344472427071592:0;-0.0015610323953372421:0.00031937194446736926:0;0.0016018886679515837:-0.00038569161757985907:0;-0.00052712136900636255:-0.00073966038910687178:0;-0.0012976814726312358:-0.00046687330889807918:0;0.0011791878717817951:-0.0007547967541210414:0;-0.0011921562822044388:-0.00072139543155815878:0;0.00018692721426933587:-0.0015225621527610558:0,0:0:0;0:0:0;0:0:0;0:0:0;0:0:0;0:0:0;0:0:0;0:0:0;0:0:0;0:0:0,0.0015444512473525799:0.0010065965260112508:0;0.00032691713735116752:0.0019306002756339857:0;-0.00026135212641172014:0.0013344472427071592:0;-0.0015610323953372421:0.00031937194446736926:0;0.0016018886679515837:-0.00038569161757985907:0;-0.00052712136900636255:-0.00073966038910687178:0;-0.0012976814726312358:-0.00046687330889807918:0;0.0011791878717817951:-0.0007547967541210414:0;-0.0011921562822044388:-0.00072139543155815878:0;0.00018692721426933587:-0.0015225621527610558:0,0.001542983970788646:0.0010056307325210553:0;0.00032629189071986471:0.0019271182982987241:0;-0.00026092050865477421:0.0013325739847614105:0;-0.001559755400059117:0.00031906796531108955:0;0.0015993402704608567:-0.00038511846465717954:0;-0.00052600351557822132:-0.00073811371007873115:0;-0.0012958810220130271:-0.00046625418371849559:0;0.0011774004515927529:-0.00075357339791283149:0;-0.0011904717572777022:-0.0007202524799071855:0;0.00018679244604336359:-0.0015214246612367242:0,1.467276563933888e-06:9.6579349019553187e-07:0;6.2524663130281155e-07:3.4819773352615463e-06:0;-4.3161775694590436e-07:1.8732579457486907e-06:0;-1.2769952781249427e-06:3.0397915627972883e-07:0;2.548397490726939e-06:-5.7315292267954953e-07:0;-1.1178534281412414e-06:-1.5466790281406135e-06:0;-1.80045061820865e-06:-6.1912517958359172e-07:0;1.7874201890422277e-06:-1.2233562082098918e-06:0;-1.6845249267367043e-06:-1.1429516509733161e-06:0;1.3476822597227987e-07:-1.1374915243316944e-06:0,true,0.0015269979863739404,0,0,false,6,true,0.0015269979863739404,0,0,false,6,true,0.0015249580867335989,0,0,false,6,true,2.1273536338965907e-06,0,0,false,6,true
21,n10_irregular_f0.8_d10.0,10,irregular,n10_irregular,1,0.80000000000000004,10,0.0029206687461686659,0.001596571268295488,3,6,13,21,false,16,6,60,60,true,balanced_sqrt,2.1557345274157799e-16,1.0021886321781914,2.0915671901045743e-17,2.3399145787931117e-17,1.1088538408627553e-16,0,0,4.3438746826485764e-17,true,true,-15.476992631711282:-11.495147305166514:0;-4.2172757700165642:-10.983341993271299:0;7.5542464035733659:-12.518757928956942:0;18.302157953372866:-9.6526481823437411:0;-11.894355448444781:-0.03070831871371027:0;-0.32755539961293545:-1.7708463791574403:0;11.34160571159795:1.8117908041090613:0;-7.0833855166297663:10.512481106327705:0;4.1763313450649502:12.047897042013346:0;-2.3747766471937926:22.079281155159549:0,0.0015458402933211642:0.0010074977957441411:0;0.00032722745197426143:0.0019323462939947551:0;-0.00026158445898615657:0.0013356241179064451:0;-0.0015624329516860747:0.00031965037465963583:0;0.0016033157555369543:-0.0003860319910980122:0;-0.00052760797353282134:-0.0007403480864026996:0;-0.0012988350209124139:-0.00046728295861952828:0;0.0011802352555012078:-0.00075546310431485488:0;-0.0011932221880412929:-0.00072202807886839586:0;0.00018709594032664969:-0.0015239257287074301:0,0:0:0;0:0:0;0:0:0;0:0:0;0:0:0;0:0:0;0:0:0;0:0:0;0:0:0;0:0:0,0.0015458402933211642:0.0010074977957441411:0;0.00032722745197426143:0.0019323462939947551:0;-0.00026158445898615657:0.0013356241179064451:0;-0.0015624329516860747:0.00031965037465963583:0;0.0016033157555369543:-0.0003860319910980122:0;-0.00052760797353282134:-0.0007403480864026996:0;-0.0012988350209124139:-0.00046728295861952828:0;0.0011802352555012078:-0.00075546310431485488:0;-0.0011932221880412929:-0.00072202807886839586:0;0.00018709594032664969:-0.0015239257287074301:0,0.0015443461346120646:0.00100651713256411:0;0.00032658146442992285:0.0019288271155394584:0;-0.00026114591992062948:0.0013337469475458742:0;-0.0015611321404763348:0.00031934623537965004:0;0.0016007502451898257:-0.00038545763361954373:0;-0.00052647424072044431:-0.00073877827606630149:0;-0.0012970215471031039:-0.00046666332512927271:0;0.0011784393843489185:-0.00075423570232975275:0;-0.001191524371755628:-0.00072088298810677105:0;0.00018695767229509377:-0.0015227656084446277:0,1.4941587090994904e-06:9.8066318003104698e-07:0;6.4598754433858179e-07:3.5191784552966851e-06:0;-4.3853906552710543e-07:1.8771703605708814e-06:0;-1.3008112097399178e-06:3.0413927998580278e-07:0;2.565510347128756e-06:-5.7435747846844392e-07:0;-1.1337328123770648e-06:-1.569810336398129e-06:0;-1.8134738093098659e-06:-6.196334902555509e-07:0;1.7958711522893255e-06:-1.2274019851021791e-06:0;-1.6978162856648022e-06:-1.1450907616248373e-06:0;1.3826803155591456e-07:-1.1601202628023731e-06:0,true,0.0015283650314156453,0.00089450810009468506,1.3671349005027625e-06,true,6,true,0.0015283650314156453,0.00089450810009468506,1.3671349005027625e-06,true,6,true,0.0015263044787462913,0.00088213479489188617,1.3464062883014269e-06,true,6,true,2.1475874663734916e-06,0.010853487990255664,2.3308814774308281e-08,true,6,true
21,n10_irregular_f0.8_d10.0,10,irregular,n10_irregular,1,0.80000000000000004,10,0.0029206687461686659,0.001596571268295488,4,6,13,21,false,25,10,100,100,true,balanced_sqrt,1.8392737645943729e-16,1.0021886378794174,3.1300470905853741e-17,2.7541234291150809e-17,1.9275688592180958e-16,0,0,4.3439333445591402e-17,true,true,-15.476992631711282:-11.495147305166514:0;-4.2172757700165642:-10.983341993271299:0;7.5542464035733659:-12.518757928956942:0;18.302157953372866:-9.6526481823437411:0;-11.894355448444781:-0.03070831871371027:0;-0.32755539961293545:-1.7708463791574403:0;11.34160571159795:1.8117908041090613:0;-7.0833855166297663:10.512481106327705:0;4.1763313450649502:12.047897042013346:0;-2.3747766471937926:22.079281155159549:0,0.0015458609124523364:0.0010075098983022739:0;0.00032723308058815845:0.0019323797397450735:0;-0.00026158291123527181:0.0013356387052029385:0;-0.0015624536385311469:0.00031965130122114054:0;0.0016033353116110169:-0.00038603646815366501:0;-0.00052762149382689066:-0.00074037109405765173:0;-0.0012988488313866182:-0.00046728687884600489:0;0.0011802507100595631:-0.00075547032508806525:0;-0.0011932398723515261:-0.00072203245182157804:0;0.00018709878649944813:-0.001523943913348271:0,0:0:0;0:0:0;0:0:0;0:0:0;0:0:0;0:0:0;0:0:0;0:0:0;0:0:0;0:0:0,0.0015458609124523364:0.0010075098983022739:0;0.00032723308058815845:0.0019323797397450735:0;-0.00026158291123527181:0.0013356387052029385:0;-0.0015624536385311469:0.00031965130122114054:0;0.0016033353116110169:-0.00038603646815366501:0;-0.00052762149382689066:-0.00074037109405765173:0;-0.0012988488313866182:-0.00046728687884600489:0;0.0011802507100595631:-0.00075547032508806525:0;-0.0011932398723515261:-0.00072203245182157804:0;0.00018709878649944813:-0.001523943913348271:0,0.0015443664677269151:0.001006529116809503:0;0.00032658703034044303:0.0019288596808178674:0;-0.00026114443308917069:0.0013337612261860947:0;-0.0015611525429691561:0.00031934721488991228:0;0.0016007695077033944:-0.00038546205998651938:0;-0.00052648742880726863:-0.0007388004754936558:0;-0.0012970351963158173:-0.00046666720860094298:0;0.0011784546018633747:-0.00075424273322339792:0;-0.0011915417970009591:-0.00072088728740864801:0;0.00018696047411364137:-0.001522783575907571:0,1.4944447254212805e-06:9.8078149277095349e-07:0;6.4605024771543387e-07:3.5200589272061265e-06:0;-4.3847814610109586e-07:1.8774790168437754e-06:0;-1.3010955619908556e-06:3.0408633122823535e-07:0;2.5658039076225467e-06:-5.7440816714563402e-07:0;-1.1340650196220347e-06:-1.57061856399589e-06:0;-1.8136350708008835e-06:-6.1967024506193455e-07:0;1.796108196188436e-06:-1.2275918646673237e-06:0;-1.6980753505669861e-06:-1.1451644129300546e-06:0;1.3831238580676275e-07:-1.1603374406999664e-06:0,true,0.0015283856712405325,1.4106276600575923e-05,2.1559831030875848e-08,true,6,true,0.0015283856712405325,1.4106276600575923e-05,2.1559831030875848e-08,true,6,true,0.0015263247430992097,1.3843162788395766e-05,2.1129161886678707e-08,true,6,true,2.1479959722650766e-06,0.00021592793971529552,4.6381234480795108e-10,true,6,true
21,n10_irregular_f0.8_d10.0,10,irregular,n10_irregular,1,0.80000000000000004,10,0.0029206687461686659,0.001596571268295488,5,6,13,21,false,36,15,150,150,true,balanced_sqrt,7.0442355946975054e-16,1.0021886379657912,2.9244318194759759e-17,2.8108283273562424e-17,2.1272495343381992e-16,0,0,4.3439333685120548e-17,true,true,-15.476992631711282:-11.495147305166514:0;-4.2172757700165642:-10.983341993271299:0;7.5542464035733659:-12.518757928956942:0;18.302157953372866:-9.6526481823437411:0;-11.894355448444781:-0.03070831871371027:0;-0.32755539961293545:-1.7708463791574403:0;11.34160571159795:1.8117908041090613:0;-7.0833855166297663:10.512481106327705:0;4.1763313450649502:12.047897042013346:0;-2.3747766471937926:22.079281155159549:0,0.0015458609199439691:0.0010075099018627294:0;0.00032723308566670503:0.0019323797615380981:0;-0.00026158290910958699:0.0013356387075021737:0;-0.0015624536464249454:0.00031965130049519118:0;0.0016033353174104076:-0.00038603646893006771:0;-0.00052762150283733973:-0.00074037111095354808:0;-0.001298848835115843:-0.00046728687965567233:0;0.0011802507146009941:-0.00075547032757164901:0;-0.0011932398782067903:-0.00072203245295607255:0;0.00018709878752452066:-0.0015239439185525405:0,0:0:0;0:0:0;0:0:0;0:0:0;0:0:0;0:0:0;0:0:0;0:0:0;0:0:0;0:0:0,0.0015458609199439691:0.0010075099018627294:0;0.00032723308566670503:0.0019323797615380981:0;-0.00026158290910958699:0.0013356387075021737:0;-0.0015624536464249454:0.00031965130049519118:0;0.0016033353174104076:-0.00038603646893006771:0;-0.00052762150283733973:-0.00074037111095354808:0;-0.001298848835115843:-0.00046728687965567233:0;0.0011802507146009941:-0.00075547032757164901:0;-0.0011932398782067903:-0.00072203245295607255:0;0.00018709878752452066:-0.0015239439185525405:0,0.0015443664712717967:0.0010065291189106321:0;0.00032658703141087567:0.0019288596866405855:0;-0.00026114443282227465:0.0013337612286338915:0;-0.0015611525465277537:0.00031934721503088317:0;0.0016007695110320508:-0.00038546206071209219:0;-0.00052648743120668003:-0.00073880047955276714:0;-0.0012970351986647808:-0.00046666720924935697:0;0.0011784546044678913:-0.00075424273446036646:0;-0.0011915418000072963:-0.0007208872881560495:0;0.00018696047460029904:-0.0015227835790144037:0,1.4944486721724152e-06:9.807829520973948e-07:0;6.460542558293376e-07:3.5200748975125835e-06:0;-4.3847628731233442e-07:1.8774788682821482e-06:0;-1.3010998971916237e-06:3.0408546430801387e-07:0;2.5658063783568195e-06:-5.7440821797552711e-07:0;-1.1340716306597551e-06:-1.5706314007808996e-06:0;-1.8136364510621831e-06:-6.1967040631534622e-07:0;1.7961101331028544e-06:-1.2275931112825033e-06:0;-1.6980781994940962e-06:-1.1451648000230372e-06:0;1.3831292422160787e-07:-1.1603395381367886e-06:0,true,0.0015283856796682151,7.0107196040381335e-09,1.0715083446981103e-11,true,6,true,0.0015283856796682151,7.0107196040381335e-09,1.0715083446981103e-11,true,6,true,0.0015263247466456779,2.4369698324579312e-09,3.719607362109512e-12,true,6,true,2.1480015517769095e-06,3.442019471984319e-06,7.3934631670686559e-12,true,6,true
21,n10_irregular_f0.8_d10.0,10,irregular,n10_irregular,1,0.80000000000000004,10,0.0029206687461686659,0.001596571268295488,6,6,13,21,false,49,21,210,210,true,balanced_sqrt,5.0204232794411329e-15,1.0021886379668854,1.9958498706582838e-17,2.8424090789020906e-18,1.9538291892981088e-16,0,0,4.3439333688740513e-17,true,true,-15.476992631711282:-11.495147305166514:0;-4.2172757700165642:-10.983341993271299:0;7.5542464035733659:-12.518757928956942:0;18.302157953372866:-9.6526481823437411:0;-11.894355448444781:-0.03070831871371027:0;-0.32755539961293545:-1.7708463791574403:0;11.34160571159795:1.8117908041090613:0;-7.0833855166297663:10.512481106327705:0;4.1763313450649502:12.047897042013346:0;-2.3747766471937926:22.079281155159549:0,0.0015458609200476117:0.0010075099019085756:0;0.00032723308580467919:0.001932379761860635:0;-0.0002615829090662118:0.0013356387075741855:0;-0.0015624536465342813:0.00031965130048105454:0;0.0016033353174969458:-0.00038603646892825644:0;-0.00052762150302691475:-0.00074037111128926088:0;-0.0012988488351631097:-0.00046728687965794108:0;0.00118025071465722:-0.00075547032759565563:0;-0.0011932398782897678:-0.00072203245295226212:0;0.00018709878753748468:-0.0015239439186105575:0,0:0:0;0:0:0;0:0:0;0:0:0;0:0:0;0:0:0;0:0:0;0:0:0;0:0:0;0:0:0,0.0015458609200476117:0.0010075099019085756:0;0.00032723308580467919:0.001932379761860635:0;-0.0002615829090662118:0.0013356387075741855:0;-0.0015624536465342813:0.00031965130048105454:0;0.0016033353174969458:-0.00038603646892825644:0;-0.00052762150302691475:-0.00074037111128926088:0;-0.0012988488351631097:-0.00046728687965794108:0;0.00118025071465722:-0.00075547032759565563:0;-0.0011932398782897678:-0.00072203245295226212:0;0.00018709878753748468:-0.0015239439186105575:0,0.0015443664713158684:0.0010065291189335771:0;0.00032658703143112732:0.0019288596867347838:0;-0.00026114443281153324:0.0013337612286596842:0;-0.0015611525465726167:0.00031934721502855306:0;0.0016007695110707809:-0.00038546206071811819:0;-0.00052648743124948097:-0.00073880047963146732:0;-0.0012970351986898339:-0.00046666720925389262:0;0.0011784546044996652:-0.00075424273447356294:0;-0.0011915418000464806:-0.00072088728816001562:0;0.00018696047460655619:-0.0015227835790484234:0,1.4944487317432743e-06:9.8078297499842851e-07:0;6.4605437355189186e-07:3.5200751258512142e-06:0;-4.3847625467853984e-07:1.8774789145014001e-06:0;-1.3010999616646423e-06:3.0408545250149008e-07:0;2.5658064261649434e-06:-5.7440821013823862e-07:0;-1.1340717774338152e-06:-1.5706316577935593e-06:0;-1.8136364732758489e-06:-6.1967040404846984e-07:0;1.7961101575548798e-06:-1.227593122092699e-06:0;-1.6980782432871938e-06:-1.1451647922465239e-06:0;1.3831293092848897e-07:-1.1603395621341244e-06:0,true,0.0015283856797955813,1.1843763536950687e-10,1.8101838584760494e-13,true,6,true,0.0015283856797955813,1.1843763536950687e-10,1.8101838584760494e-13,true,6,true,0.0015263247466921876,3.5094388872331134e-11,5.3565434205877942e-14,true,6,true,2.1480016459418921e-06,6.093630944584362e-08,1.3089129298729656e-13,true,6,true
22,n10_irregular_f0.1_d3.0,10,irregular,n10_irregular,2,0.10000000000000001,3,0.013521614565595674,0.0051251981815163853,2,10,13,21,false,9,3,30,30,true,balanced_sqrt,1.3815014190143213e-16,1.0085791227674397,3.5002678631741418e-17,1.3095325026835299e-17,1.5801729047346985e-16,0,0,6.2226942437974121e-17,true,true,-4.6430977895133845:-3.4485441915499537:0;-1.2651827310049693:-3.2950025979813895:0;2.2662739210720098:-3.7556273786870831:0;5.4906473860118599:-2.8957944547031227:0;-3.568306634533434:-0.0092124956141130809:0;-0.098266619883880635:-0.53125391374723208:0;3.4024817134793852:0.5435372412327184:0;-2.1250156549889301:3.1537443318983112:0;1.2528994035194849:3.6143691126040043:0;-0.71243299415813777:6.6237843465478647:0,0.0022134076744826673:0.0014193441344216792:0;0.00043894522229855103:0.0028978881755364443:0;-0.00022046610161696148:0.0018343963737893485:0;-0.0022288734696666763:0.00036928571055664527:0;0.0022458545083146888:-0.000586485179649827:0;-0.00091054969401956098:-0.0013491074493361093:0;-0.0017437843441836616:-0.00062800357428392914:0;0.0017039232253607431:-0.00095784028555361553:0;-0.0017830415248733251:-0.00084342581693864734:0;0.00028440990573430061:-0.0021561350797727964:0,0:0:0;0:0:0;0:0:0;0:0:0;0:0:0;0:0:0;0:0:0;0:0:0;0:0:0;0:0:0,0.0022134076744826673:0.0014193441344216792:0;0.00043894522229855103:0.0028978881755364443:0;-0.00022046610161696148:0.0018343963737893485:0;-0.0022288734696666763:0.00036928571055664527:0;0.0022458545083146888:-0.000586485179649827:0;-0.00091054969401956098:-0.0013491074493361093:0;-0.0017437843441836616:-0.00062800357428392914:0;0.0017039232253607431:-0.00095784028555361553:0;-0.0017830415248733251:-0.00084342581693864734:0;0.00028440990573430061:-0.0021561350797727964:0,0.0022056191733630889:0.001414349744530968:0;0.00043622698394001367:0.0028799428418856583:0;-0.0002194209304899346:0.0018257008713024833:0;-0.0022219539323312084:0.00036813915310006276:0;0.0022339194220430871:-0.0005833684922381462:0;-0.00090396185422601404:-0.0013393466611174958:0;-0.0017359585126265117:-0.00062518523247558631:0;0.0016951249483115884:-0.00095289432307908109:0;-0.0017742483841445753:-0.0008392662517610523:0;0.00028359143813652459:-0.0021499301372742345:0,7.7885011195785137e-06:4.9943898907113158e-06:0;2.7182383585373697e-06:1.7945333650786055e-05:0;-1.0451711270268892e-06:8.6955024868652534e-06:0;-6.9195373354679628e-06:1.1465574565824912e-06:0;1.1935086271601779e-05:-3.1166874116808382e-06:0;-6.5878397935468924e-06:-9.7607882186136136e-06:0;-7.8258315571498415e-06:-2.8183418083428381e-06:0;8.7982770491547268e-06:-4.9459624745344488e-06:0;-8.7931407287498953e-06:-4.1595651775950001e-06:0;8.1846759777599257e-07:-6.2049424985618254e-06:0,true,0.0021894158966880121,0,0,false,7,true,0.0021894158966880121,0,0,false,7,true,0.0021791274790306826,0,0,false,6,true,1.0661197410398268e-05,0,0,false,10,true
22,n10_irregular_f0.1_d3.0,10,irregular,n10_irregular,2,0.10000000000000001,3,0.013521614565595674,0.0051251981815163853,3,10,13,21,false,16,6,60,60,true,balanced_sqrt,2.8145498393916555e-16,1.0089096825753916,3.6653416016292829e-17,3.106207016072918e-17,1.5347526804380099e-16,0,0,6.2334739223962932e-17,true,true,-4.6430977895133845:-3.4485441915499537:0;-1.2651827310049693:-3.2950025979813895:0;2.2662739210720098:-3.7556273786870831:0;5.4906473860118599:-2.8957944547031227:0;-3.568306634533434:-0.0092124956141130809:0;-0.098266619883880635:-0.53125391374723208:0;3.4024817134793852:0.5435372412327184:0;-2.1250156549889301:3.1537443318983112:0;1.2528994035194849:3.6143691126040043:0;-0.71243299415813777:6.6237843465478647:0,0.0022175156753263801:0.0014217021321477402:0;0.00044101370529966451:0.0029040141485544386:0;-0.00022090145650172175:0.0018364970408418408:0;-0.0022327638678368259:0.00036948397236416107:0;0.0022492674350515934:-0.00058708550006449805:0;-0.00091295295626139057:-0.0013530045871220757:0;-0.001746403665364112:-0.00062854170847758805:0;0.0017062581187504808:-0.00095898084428866774:0;-0.0017859259483472491:-0.00084421286162684572:0;0.00028493127348189776:-0.0021597741685265358:0,0:0:0;0:0:0;0:0:0;0:0:0;0:0:0;0:0:0;0:0:0;0:0:0;0:0:0;0:0:0,0.0022175156753263801:0.0014217021321477402:0;0.00044101370529966451:0.0029040141485544386:0;-0.00022090145650172175:0.0018364970408418408:0;-0.0022327638678368259:0.00036948397236416107:0;0.0022492674350515934:-0.00058708550006449805:0;-0.00091295295626139057:-0.0013530045871220757:0;-0.001746403665364112:-0.00062854170847758805:0;0.0017062581187504808:-0.00095898084428866774:0;-0.0017859259483472491:-0.00084421286162684572:0;0.00028493127348189776:-0.0021597741685265358:0,0.0022081861727364124:0.0014158833913141347:0;0.00043700217888647337:0.0028837222123243608:0;-0.00021963135846928412:0.0018276426129042898:0;-0.0022244808398642168:0.00036839123907924347:0;0.0022363896356502847:-0.00058387226632328963:0;-0.00090518239437807927:-0.0013414712453360044:0;-0.0017378964279752647:-0.00062570504676304943:0;0.0016969246049848394:-0.00095394818563831411:0;-0.0017762444440892588:-0.00084009552938833472:0;0.0002839073484956416:-0.0021523121639223652:0,9.3295025899676277e-06:5.8187408336054779e-06:0;4.0115264131911453e-06:2.0291936230077692e-05:0;-1.2700980324376189e-06:8.8544279375509673e-06:0;-8.2830279726090908e-06:1.0927332849175865e-06:0;1.2877799401308696e-05:-3.2132337412084627e-06:0;-7.7705618833113004e-06:-1.1533341786071126e-05:0;-8.5072373888474049e-06:-2.8366617145386186e-06:0;9.3335137656414872e-06:-5.0326586503536767e-06:0;-9.6815042579901994e-06:-4.117332238510986e-06:0;1.0239249862561422e-06:-7.4620046041703147e-06:0,true,0.0021932086589162227,0.0017854957687909604,3.9159647805706122e-06,true,7,true,0.0021932086589162227,0.0017854957687909604,3.9159647805706122e-06,true,7,true,0.0021816654607772152,0.0011710300450364422,2.5547958027883927e-06,true,6,true,1.1951598189758359e-05,0.12061975733935515,1.4415988734661296e-06,true,10,true
22,n10_irregular_f0.1_d3.0,10,irregular,n10_irregular,2,0.10000000000000001,3,0.013521614565595674,0.0051251981815163853,4,10,13,21,false,25,10,100,100,true,balanced_sqrt,1.1167601514127343e-14,1.0089840245173349,6.4915945644405022e-17,2.5350711434255352e-18,2.6820718111214704e-16,0,0,6.2354908070567534e-17,true,true,-4.6430977895133845:-3.4485441915499537:0;-1.2651827310049693:-3.2950025979813895:0;2.2662739210720098:-3.7556273786870831:0;5.4906473860118599:-2.8957944547031227:0;-3.568306634533434:-0.0092124956141130809:0;-0.098266619883880635:-0.53125391374723208:0;3.4024817134793852:0.5435372412327184:0;-2.1250156549889301:3.1537443318983112:0;1.2528994035194849:3.6143691126040043:0;-0.71243299415813777:6.6237843465478647:0,0.0022181108714031425:0.0014219951958746077:0;0.00044119685202558738:0.0029054524310002457:0;-0.0002207582426119108:0.0018369796438876553:0;-0.0022333625973116923:0.0003694509686469251:0;0.002249832163307174:-0.00058719196932508269:0;-0.00091354611094274999:-0.0013542462316059342:0;-0.001746753901219111:-0.00062863704536935425:0;0.0017067412225452942:-0.00095924264903943387:0;-0.0017864723108872963:-0.00084432055458738466:0;0.00028501724901578519:-0.0021602359261511297:0,0:0:0;0:0:0;0:0:0;0:0:0;0:0:0;0:0:0;0:0:0;0:0:0;0:0:0;0:0:0,0.0022181108714031425:0.0014219951958746077:0;0.00044119685202558738:0.0029054524310002457:0;-0.0002207582426119108:0.0018369796438876553:0;-0.0022333625973116923:0.0003694509686469251:0;0.002249832163307174:-0.00058719196932508269:0;-0.00091354611094274999:-0.0013542462316059342:0;-0.001746753901219111:-0.00062863704536935425:0;0.0017067412225452942:-0.00095924264903943387:0;-0.0017864723108872963:-0.00084432055458738466:0;0.00028501724901578519:-0.0021602359261511297:0,0.0022085638412658458:0.001416089792839194:0;0.00043713287257470364:0.0028844362314623001:0;-0.00021954926327298786:0.0018278870669729203:0;-0.0022248594528821897:0.00036840317678147737:0;0.0022367335400329839:-0.00058394167257862781:0;-0.00090550440693587563:-0.0013420314729574092:0;-0.0017381306336229931:-0.00062577516482883967:0;0.0016972209673872119:-0.00095406366559585253:0;-0.0017765874566989797:-0.00084015030088381375:0;0.00028395970560831632:-0.0021526151748773167:0,9.5470301372968196e-06:5.9054030354136116e-06:0;4.0639794508837325e-06:2.1016199537945611e-05:0;-1.2089793389229387e-06:9.092576914734928e-06:0;-8.5031444295028251e-06:1.047791865447741e-06:0;1.309862327419005e-05:-3.2502967464548811e-06:0;-8.0417040068743167e-06:-1.2214758648524946e-05:0;-8.6232675961179619e-06:-2.8618805405145672e-06:0;9.5202551580822853e-06:-5.1789834435813222e-06:0;-9.8848541883165526e-06:-4.1702537035708604e-06:0;1.0575434074688563e-06:-7.6207512738128405e-06:0,true,0.0021939182871197616,0.00036303126551027158,7.9646093219921439e-07,true,7,true,0.0021939182871197616,0.00036303126551027158,7.9646093219921439e-07,true,7,true,0.0021820668399779226,0.00019652251904182964,4.2882527211010635e-07,true,6,true,1.2296607628030899e-05,0.030665520135625145,3.7708186881726327e-07,true,10,true
22,n10_irregular_f0.1_d3.0,10,irregular,n10_irregular,2,0.10000000000000001,3,0.013521614565595674,0.0051251981815163853,5,10,13,21,false,36,15,150,150,true,balanced_sqrt,2.4166723357516642e-13,1.0090012571907103,3.4373716947586827e-17,5.7853550348237598e-20,2.4334232337957809e-16,0,0,6.235661552435573e-17,true,true,-4.6430977895133845:-3.4485441915499537:0;-1.2651827310049693:-3.2950025979813895:0;2.2662739210720098:-3.7556273786870831:0;5.4906473860118599:-2.8957944547031227:0;-3.568306634533434:-0.0092124956141130809:0;-0.098266619883880635:-0.53125391374723208:0;3.4024817134793852:0.5435372412327184:0;-2.1250156549889301:3.1537443318983112:0;1.2528994035194849:3.6143691126040043:0;-0.71243299415813777:6.6237843465478647:0,0.0022181558634727454:0.0014220149032004414:0;0.00044124829624564438:0.0029056355280639694:0;-0.00022073894065195604:0.0018369802107376858:0;-0.002233411734374018:0.00036944034193079559:0;0.0022498600365702718:-0.00058718975051222919:0;-0.00091362658889557235:-0.0013544005704976664:0;-0.001746769175057016:-0.00062863747019558552:0;0.0017067609503287201:-0.00095925841522481725:0;-0.0017865031170254803:-0.00084432593064380642:0;0.00028502314566192423:-0.002160259980926932:0,0:0:0;0:0:0;0:0:0;0:0:0;0:0:0;0:0:0;0:0:0;0:0:0;0:0:0;0:0:0,0.0022181558634727454:0.0014220149032004414:0;0.00044124829624564438:0.0029056355280639694:0;-0.00022073894065195604:0.0018369802107376858:0;-0.002233411734374018:0.00036944034193079559:0;0.0022498600365702718:-0.00058718975051222919:0;-0.00091362658889557235:-0.0013544005704976664:0;-0.001746769175057016:-0.00062863747019558552:0;0.0017067609503287201:-0.00095925841522481725:0;-0.0017865031170254803:-0.00084432593064380642:0;0.00028502314566192423:-0.002160259980926932:0,0.0022085724280037698:0.0014160963153456701:0;0.00043714547576307223:0.0028844644813812541:0;-0.00021954839243040406:0.0018278892168178611:0;-0.0022248682584620786:0.00036840087012306411:0;0.0022367388659892623:-0.0005839390209811038:0;-0.00090551982884860751:-0.0013420592491151147:0;-0.001738133547297005:-0.00062577419051339483:0;0.0016972224949983474:-0.00095406798290753928:0;-0.0017765914641501505:-0.00084015235403852955:0;0.00028396067001254256:-0.0021526204312043045:0,9.5834354689755998e-06:5.9185878547713782e-06:0;4.1028204825721279e-06:2.1171046682715481e-05:0;-1.1905482215519745e-06:9.090993919824769e-06:0;-8.5434759119393104e-06:1.0394718077314706e-06:0;1.3121170581009315e-05:-3.250729531125422e-06:0;-8.1067600469648384e-06:-1.234132138255185e-05:0;-8.6356277600109147e-06:-2.8632796821906772e-06:0;9.5384553303727502e-06:-5.1904323172779603e-06:0;-9.9116528753298522e-06:-4.1735766052769187e-06:0;1.062475649381692e-06:-7.639549722627283e-06:0,true,0.0021939783628091699,3.947955814908639e-05,8.6617296352361976e-08,true,7,true,0.0021939783628091699,3.947955814908639e-05,8.6617296352361976e-08,true,7,true,0.0021820774208023809,6.9280572366776815e-06,1.5117557266180906e-08,true,6,true,1.235580752005917e-05,0.0058084434754133848,7.1768009573351325e-08,true,10,true
22,n10_irregular_f0.1_d3.0,10,irregular,n10_irregular,2,0.10000000000000001,3,0.013521614565595674,0.0051251981815163853,6,10,13,21,false,49,21,210,210,true,balanced_sqrt,1.1999845558313081e-11,1.0090047769126382,3.5500229993277074e-17,1.8322178576424123e-21,3.2447043145362043e-16,1.5627006383268119e-17,0,6.2356923278214195e-17,true,true,-4.6430977895133845:-3.4485441915499537:0;-1.2651827310049693:-3.2950025979813895:0;2.2662739210720098:-3.7556273786870831:0;5.4906473860118599:-2.8957944547031227:0;-3.568306634533434:-0.0092124956141130809:0;-0.098266619883880635:-0.53125391374723208:0;3.4024817134793852:0.5435372412327184:0;-2.1250156549889301:3.1537443318983112:0;1.2528994035194849:3.6143691126040043:0;-0.71243299415813777:6.6237843465478647:0,0.0022181624579852136:0.0014220168971636636:0;0.00044126269194885498:0.0029056663707952728:0;-0.00022073450622632048:0.0018369853009813947:0;-0.002233419278303598:0.00036943898134201322:0;0.0022498654753151472:-0.0005871889777222559:0;-0.000913644934429847:-0.0013544343363960814:0;-0.0017467716681414526:-0.00062863726201322647:0;0.0017067642466259358:-0.00095925954394039952:0;-0.001786508523306061:-0.000844324832660166:0;0.00028502394379040859:-0.0021602624100278364:0,0:0:0;0:0:0;0:0:0;0:0:0;0:0:0;0:0:0;0:0:0;0:0:0;0:0:0;0:0:0,0.0022181624579852136:0.0014220168971636636:0;0.00044126269194885498:0.0029056663707952728:0;-0.00022073450622632048:0.0018369853009813947:0;-0.002233419278303598:0.00036943898134201322:0;0.0022498654753151472:-0.0005871889777222559:0;-0.000913644934429847:-0.0013544343363960814:0;-0.0017467716681414526:-0.00062863726201322647:0;0.0017067642466259358:-0.00095925954394039952:0;-0.001786508523306061:-0.000844324832660166:0;0.00028502394379040859:-0.0021602624100278364:0,0.002208572735479163:0.0014160959261184101:0;0.00043714695679694855:0.0028844701363313244:0;-0.00021954749373573188:0.0018278894299949928:0;-0.0022248689712054516:0.0003684007850541621:0;0.002236739275195708:-0.00058393908866677011:0;-0.00090552214408146363:-0.0013420647105861045:0;-0.0017381337463385678:-0.00062577421992294189:0;0.0016972231866087611:-0.00095406797289591581:0;-0.0017765922177291091:-0.00084015207253021994:0;0.00028396076422181608:-0.0021526203795737917:0,9.5897225060507787e-06:5.9209710452534691e-06:0;4.1157351519064307e-06:2.119623446394834e-05:0;-1.1870124905885937e-06:9.0958709864018409e-06:0;-8.5503070981463608e-06:1.0381962878511504e-06:0;1.3126200119439447e-05:-3.2498890554857732e-06:0;-8.1227903483833693e-06:-1.2369625809976856e-05:0;-8.6379218028847175e-06:-2.8630420902846293e-06:0;9.5410600171746448e-06:-5.1915710444837117e-06:0;-9.9163055769520745e-06:-4.1727601299460068e-06:0;1.0631795685924973e-06:-7.6420304540445637e-06:0,true,0.002193989190935438,7.7250169264077408e-06,1.6948603636331881e-08,true,7,true,0.002193989190935438,7.7250169264077408e-06,1.6948603636331881e-08,true,7,true,0.0021820788763457551,1.2324530807009076e-06,2.6893098334847005e-09,true,6,true,1.236724308356955e-05,0.0011598305433334353,1.434390626515314e-08,true,10,true
22,n10_irregular_f0.1_d3.0,10,irregular,n10_irregular,2,0.10000000000000001,3,0.013521614565595674,0.0051251981815163853,7,10,13,21,false,64,28,280,280,true,balanced_sqrt,6.6976506221519099e-10,1.0090054761895155,3.4780330428150285e-17,2.2736035483176635e-23,2.9736511070042825e-16,0,0,6.2356980713936664e-17,true,true,-4.6430977895133845:-3.4485441915499537:0;-1.2651827310049693:-3.2950025979813895:0;2.2662739210720098:-3.7556273786870831:0;5.4906473860118599:-2.8957944547031227:0;-3.568306634533434:-0.0092124956141130809:0;-0.098266619883880635:-0.53125391374723208:0;3.4024817134793852:0.5435372412327184:0;-2.1250156549889301:3.1537443318983112:0;1.2528994035194849:3.6143691126040043:0;-0.71243299415813777:6.6237843465478647:0,0.0022181635698388059:0.0014220173231632035:0;0.00044126495179604288:0.0029056733251936876:0;-0.00022073383841710948:0.001836985297375641:0;-0.0022334204120034056:0.00036943872733528205:0;0.0022498660151471905:-0.00058718870748708312:0;-0.000913647848392401:-0.0013544411483247668:0;-0.001746771968572945:-0.00062863722485638734:0;0.0017067649804517475:-0.00095925993687601672:0;-0.0017865094700105671:-0.0008443248855105165:0;0.00028502405430703086:-0.0021602628422299286:0,0:0:0;0:0:0;0:0:0;0:0:0;0:0:0;0:0:0;0:0:0;0:0:0;0:0:0;0:0:0,0.0022181635698388059:0.0014220173231632035:0;0.00044126495179604288:0.0029056733251936876:0;-0.00022073383841710948:0.001836985297375641:0;-0.0022334204120034056:0.00036943872733528205:0;0.0022498660151471905:-0.00058718870748708312:0;-0.000913647848392401:-0.0013544411483247668:0;-0.001746771968572945:-0.00062863722485638734:0;0.0017067649804517475:-0.00095925993687601672:0;-0.0017865094700105671:-0.0008443248855105165:0;0.00028502405430703086:-0.0021602628422299286:0,0.0022085729253034829:0.0014160960156871169:0;0.00043714729373589285:0.0028844710551392937:0;-0.00021954745889025243:0.0018278895129731608:0;-0.0022248691173485662:0.00036840073479381906:0;0.002236739367746913:-0.00058393907838575829:0;-0.00090552255377861733:-0.0013420656453922142:0;-0.0017381337815747515:-0.00062577422173573671:0;0.0016972232388826455:-0.0009540680421473393:0;-0.001776592318095039:-0.00084015210608148587:0;0.00028396077845589701:-0.002152620470554006:0,9.5906445353231842e-06:5.9213074760865074e-06:0;4.1176580601500259e-06:2.1202270054393864e-05:0;-1.1863795268570354e-06:9.0957844024801425e-06:0;-8.5512946548395173e-06:1.0379925414629586e-06:0;1.3126647400277451e-05:-3.2496291013248437e-06:0;-8.1252946137836433e-06:-1.2375502932552625e-05:0;-8.6381869981933965e-06:-2.8630031206505931e-06:0;9.5417415691019057e-06:-5.1918947286773855e-06:0;-9.9171519155281054e-06:-4.1727794290305888e-06:0;1.0632758511338543e-06:-7.6423716759227024e-06:0,true,0.0021939912117752685,1.5377411423751442e-06,3.3737905523563282e-09,true,7,true,0.0021939912117752685,1.5377411423751442e-06,3.3737905523563282e-09,true,7,true,0.0021820791625145487,2.1063933909912008e-07,4.5963171265402596e-10,true,6,true,1.2369450550029956e-05,0.00023580675147740423,2.9167999517629548e-09,true,10,true
22,n10_irregular_f0.1_d3.0,10,irregular,n10_irregular,2,0.10000000000000001,3,0.013521614565595674,0.0051251981815163853,8,10,13,21,false,81,36,360,360,true,balanced_sqrt,4.7149461518474365e-08,1.0090056044766469,3.8131564635614792e-17,5.6284537987307882e-25,3.7695184819598669e-16,0,0,6.2356989194942625e-17,true,true,-4.6430977895133845:-3.4485441915499537:0;-1.2651827310049693:-3.2950025979813895:0;2.2662739210720098:-3.7556273786870831:0;5.4906473860118599:-2.8957944547031227:0;-3.568306634533434:-0.0092124956141130809:0;-0.098266619883880635:-0.53125391374723208:0;3.4024817134793852:0.5435372412327184:0;-2.1250156549889301:3.1537443318983112:0;1.2528994035194849:3.6143691126040043:0;-0.71243299415813777:6.6237843465478647:0,0.0022181636905415033:0.0014220173589718807:0;0.0004412652954416607:0.0029056743831662895:0;-0.00022073373225981369:0.0018369853936269617:0;-0.0022334205566995292:0.00036943869435489447:0;0.0022498661066605377:-0.00058718870155590494:0;-0.00091364834238748531:-0.0013544421673791064:0;-0.0017467720009762197:-0.00062863722500872783:0;0.0017067650570007826:-0.00095925996048288849:0;-0.0017865095848756253:-0.00084432487660205974:0;0.00028502406753334213:-0.0021602628851021348:0,0:0:0;0:0:0;0:0:0;0:0:0;0:0:0;0:0:0;0:0:0;0:0:0;0:0:0;0:0:0,0.0022181636905415033:0.0014220173589718807:0;0.0004412652954416607:0.0029056743831662895:0;-0.00022073373225981369:0.0018369853936269617:0;-0.0022334205566995292:0.00036943869435489447:0;0.0022498661066605377:-0.00058718870155590494:0;-0.00091364834238748531:-0.0013544421673791064:0;-0.0017467720009762197:-0.00062863722500872783:0;0.0017067650570007826:-0.00095925996048288849:0;-0.0017865095848756253:-0.00084432487660205974:0;0.00028502406753334213:-0.0021602628851021348:0,0.0022085729313271363:0.0014160960156132825:0;0.00043714734148357463:0.0028844711986458979:0;-0.00021954744093278039:0.0018278895167588946:0;-0.0022248691331238444:0.00036840073278696122:0;0.0022367393731678449:-0.0005839390801865435:0;-0.000905522619018744:-0.0013420657862945392:0;-0.0017381337832601546:-0.00062577422163197748:0;0.0016972232505823796:-0.00095406804142031388:0;-0.0017765923297287146:-0.00084015210269829511:0;0.00028396077947623062:-0.0021526204705979005:0,9.5907592143670704e-06:5.9213433585980615e-06:0;4.1179539580860563e-06:2.1203184520391642e-05:0;-1.1862913270333023e-06:9.0958768680671587e-06:0;-8.551423575684642e-06:1.0379615679332525e-06:0;1.3126733492692731e-05:-3.2496213693614731e-06:0;-8.1257233687412996e-06:-1.2376381084567233e-05:0;-8.6382177160650022e-06:-2.863003376750383e-06:0;9.5418064184030666e-06:-5.1919190625746544e-06:0;-9.9172551469107709e-06:-4.1727739037646734e-06:0;1.0632880571115314e-06:-7.6424145042342291e-06:0,true,0.0021939915101741379,2.3283140620618107e-07,5.1083012851826738e-10,true,7,true,0.0021939915101741379,2.3283140620618107e-07,5.1083012851826738e-10,true,7,true,0.0021820791985783165,3.1727448769421298e-08,6.923180598371342e-11,true,6,true,1.2369786337701805e-05,3.5726525429967584e-05,4.4192948615716914e-10,true,10,true
22,n10_irregular_f0.1_d3.0,10,irregular,n10_irregular,2,0.10000000000000001,3,0.013521614565595674,0.0051251981815163853,9,10,13,21,false,100,45,450,450,true,balanced_sqrt,1.5431085570412752e-06,1.0090056282922351,4.0282079023567089e-17,1.0008346795520637e-26,3.1767868474542764e-16,0,0,6.2356990448535689e-17,true,true,-4.6430977895133845:-3.4485441915499537:0;-1.2651827310049693:-3.2950025979813895:0;2.2662739210720098:-3.7556273786870831:0;5.4906473860118599:-2.8957944547031227:0;-3.568306634533434:-0.0092124956141130809:0;-0.098266619883880635:-0.53125391374723208:0;3.4024817134793852:0.5435372412327184:0;-2.1250156549889301:3.1537443318983112:0;1.2528994035194849:3.6143691126040043:0;-0.71243299415813777:6.6237843465478647:0,0.0022181637061227757:0.0014220173633050783:0;0.00044126535921513207:0.0029056745523925111:0;-0.00022073371916450055:0.0018369853949744032:0;-0.0022334205750558778:0.00036943868947483902:0;0.0022498661127361777:-0.00058718869893269405:0;-0.00091364841228245208:-0.0013544423372704466:0;-0.0017467720042013211:-0.00062863722479296758:0;0.0017067650665761073:-0.00095925996432493063:0;-0.0017865095983473937:-0.0008443248763483019:0;0.00028502406911432878:-0.0021602628908489086:0,0:0:0;0:0:0;0:0:0;0:0:0;0:0:0;0:0:0;0:0:0;0:0:0;0:0:0;0:0:0,0.0022181637061227757:0.0014220173633050783:0;0.00044126535921513207:0.0029056745523925111:0;-0.00022073371916450055:0.0018369853949744032:0;-0.0022334205750558778:0.00036943868947483902:0;0.0022498661127361777:-0.00058718869893269405:0;-0.00091364841228245208:-0.0013544423372704466:0;-0.0017467720042013211:-0.00062863722479296758:0;0.0017067650665761073:-0.00095925996432493063:0;-0.0017865095983473937:-0.0008443248763483019:0;0.00028502406911432878:-0.0021602628908489086:0,0.0022085729334746307:0.0014160960165040808:0;0.00043714735040956436:0.0028844712212032146:0;-0.00021954743990119065:0.0018278895175893506:0;-0.002224869135154425:0.00036840073211452017:0;0.0022367393741450563:-0.00058393907942219084:0;-0.0009055226286800057:-0.0013420658084633535:0;-0.0017381337838032981:-0.00062577422153005922:0;0.0016972232512625475:-0.00095406804218135571:0;-0.0017765923311970353:-0.00084015210289435909:0;0.00028396077963038335:-0.0021526204715928356:0,9.5907726481449879e-06:5.9213468009974142e-06:0;4.1180088055677101e-06:2.1203331189296525e-05:0;-1.1862792633099027e-06:9.0958773850525186e-06:0;-8.5514399014530142e-06:1.0379573603188255e-06:0;1.312673859112142e-05:-3.2496195105031842e-06:0;-8.1257836024463709e-06:-1.2376528807092986e-05:0;-8.6382203980229125e-06:-2.8630032629083447e-06:0;9.5418153135597133e-06:-5.1919221435748683e-06:0;-9.9172671503584842e-06:-4.1727734539428301e-06:0;1.0632894839454327e-06:-7.6424192560731729e-06:0,true,0.0021939915542810227,3.7482019637069375e-08,8.2235234521125654e-11,true,7,true,0.0021939915542810227,3.7482019637069375e-08,8.2235234521125654e-11,true,7,true,0.0021820792044668891,5.0016036411005409e-09,1.0913895294231364e-11,true,6,true,1.2369837008621421e-05,5.7668368360973383e-06,7.1334831717838119e-11,true,10,true
22,n10_irregular_f0.1_d3.0,10,irregular,n10_irregular,2,0.10000000000000001,3,0.013521614565595674,0.0051251981815163853,10,10,13,21,false,121,55,550,550,true,balanced_sqrt,0.00010968137849836702,1.0090056325898551,3.4628100512995851e-17,1.5392397107605101e-28,2.7743576956021966e-16,0,0,6.2356990636437772e-17,true,true,-4.6430977895133845:-3.4485441915499537:0;-1.2651827310049693:-3.2950025979813895:0;2.2662739210720098:-3.7556273786870831:0;5.4906473860118599:-2.8957944547031227:0;-3.568306634533434:-0.0092124956141130809:0;-0.098266619883880635:-0.53125391374723208:0;3.4024817134793852:0.5435372412327184:0;-2.1250156549889301:3.1537443318983112:0;1.2528994035194849:3.6143691126040043:0;-0.71243299415813777:6.6237843465478647:0,0.0022181637079013578:0.0014220173636349666:0;0.00044126536871882119:0.0029056745779976615:0;-0.00022073371741993615:0.0018369853960410853:0;-0.0022334205773544835:0.00036943868889823033:0;0.0022498661140315838:-0.0005871886987324277:0;-0.00091364842397121293:-0.0013544423633597015:0;-0.0017467720045162764:-0.00062863722479669431:0;0.0017067650677061374:-0.0009592599649053793:0;-0.0017865095998383092:-0.00084432487632930266:0;0.00028502406928505923:-0.0021602628913115294:0,0:0:0;0:0:0;0:0:0;0:0:0;0:0:0;0:0:0;0:0:0;0:0:0;0:0:0;0:0:0,0.0022181637079013578:0.0014220173636349666:0;0.00044126536871882119:0.0029056745779976615:0;-0.00022073371741993615:0.0018369853960410853:0;-0.0022334205773544835:0.00036943868889823033:0;0.0022498661140315838:-0.0005871886987324277:0;-0.00091364842397121293:-0.0013544423633597015:0;-0.0017467720045162764:-0.00062863722479669431:0;0.0017067650677061374:-0.0009592599649053793:0;-0.0017865095998383092:-0.00084432487632930266:0;0.00028502406928505923:-0.0021602628913115294:0,0.002208572933648015:0.0014160960164649407:0;0.00043714735171169073:0.0028844712245130392:0;-0.00021954743966054382:0.0018278895176075934:0;-0.0022248691354085294:0.00036840073206110738:0;0.0022367393742516255:-0.00058393907939521177:0;-0.00090552263018460618:-0.001342065811857887:0;-0.0017381337838073725:-0.00062577422154759771:0;0.0016972232514028838:-0.00095406804219526332:0;-0.0017765923313587718:-0.00084015210286677612:0;0.00028396077964512958:-0.0021526204715811453:0,9.5907742533426183e-06:5.9213471700258626e-06:0;4.1180170071304869e-06:2.1203353484622317e-05:0;-1.1862777593923343e-06:9.0958784334919995e-06:0;-8.5514419459541013e-06:1.0379568371229365e-06:0;1.3126739779958227e-05:-3.2496193372159506e-06:0;-8.1257937866067419e-06:-1.2376551501814509e-05:0;-8.6382207089038162e-06:-2.8630032490965891e-06:0;9.5418163032534935e-06:-5.1919227101159307e-06:0;-9.9172684795372912e-06:-4.1727734625265951e-06:0;1.0632896399296337e-06:-7.6424197303842947e-06:0,true,0.0021939915608922395,5.7331592596338891e-09,1.2578503032887952e-11,true,7,true,0.0021939915608922395,5.7331592596338891e-09,1.2578503032887952e-11,true,7,true,0.0021820792052745339,7.4818767364052542e-10,1.63260476429372e-12,true,6,true,1.2369844765396185e-05,8.8502306313760899e-07,1.0947597904807649e-11,true,10,true
23,n10_irregular_f0.1_d2.5,10,irregular,n10_irregular,3,0.10000000000000001,2.5,0.023365349969349327,0.0086604508942742953,2,12,13,21,false,9,3,30,30,true,balanced_sqrt,1.3983664340923093e-16,1.015504933101099,4.0304758797792068e-17,2.1387542319497393e-17,1.4473695762997025e-16,0,0,1.2886750011781891e-16,true,true,-3.8692481579278204:-2.8737868262916284:0;-1.054318942504141:-2.7458354983178248:0;1.8885616008933415:-3.1296894822392356:0;4.5755394883432166:-2.4131620455859353:0;-2.9735888621111952:-0.0076770796784275674:0;-0.081888849903233862:-0.44271159478936006:0;2.8354014278994875:0.45294770102726534:0;-1.7708463791574416:2.6281202765819263:0;1.0440828362662375:3.0119742605033366:0;-0.59369416179844814:5.5198202887898873:0,0.0045753315863194402:0.0029315863979501766:0;0.00091024190971072656:0.006024512583851763:0;-0.00044929389975948629:0.0037922406832683604:0;-0.0046012989606588183:0.00075383356460456306:0;0.0046530756345396843:-0.0012199831249017146:0;-0.0019058446280721605:-0.0028259793720023163:0;-0.0036028463111271937:-0.0012987983939392355:0;0.0035307320963156091:-0.0019768070496940485:0;-0.0036988225954461907:-0.0017340765046001893:0;0.00058783618379366096:-0.004446949283909373:0,0:0:0;0:0:0;0:0:0;0:0:0;0:0:0;0:0:0;0:0:0;0:0:0;0:0:0;0:0:0,0.0045753315863194402:0.0029315863979501766:0;0.00091024190971072656:0.006024512583851763:0;-0.00044929389975948629:0.0037922406832683604:0;-0.0046012989606588183:0.00075383356460456306:0;0.0046530756345396843:-0.0012199831249017146:0;-0.0019058446280721605:-0.0028259793720023163:0;-0.0036028463111271937:-0.0012987983939392355:0;0.0035307320963156091:-0.0019768070496940485:0;-0.0036988225954461907:-0.0017340765046001893:0;0.00058783618379366096:-0.004446949283909373:0,0.0045481912241379261:0.0029141965280189502:0;0.00090070066858599109:0.0059613633384596673:0;-0.00044569849652969975:0.003761894655972646:0;-0.004577257286647987:0.00074989470608003545:0;0.0046113016572658276:-0.0012090305146814878:0;-0.0018825164475697533:-0.0027913884519398502:0;-0.0035756138779300521:-0.0012889813458695594:0;0.0034999457858821558:-0.0019595701294667141:0;-0.003668038780815053:-0.0017196443294660861:0;0.00058498976754765863:-0.0044254162347080661:0,2.7140362181513995e-05:1.7389869931226436e-05:0;9.5412411247354795e-06:6.3149245392095913e-05:0;-3.5954032297865163e-06:3.0346027295714578e-05:0;-2.4041674010831315e-05:3.9388585245275969e-06:0;4.1773977273856818e-05:-1.0952610220226782e-05:0;-2.3328180502407337e-05:-3.4590920062465836e-05:0;-2.7232433197141576e-05:-9.8170480696761737e-06:0;3.0786310433453472e-05:-1.7236920227334392e-05:0;-3.0783814631137517e-05:-1.4432175134103121e-05:0;2.8464162460023563e-06:-2.1533049201306859e-05:0,true,0.0045341220743029421,0,0,false,9,true,0.0045341220743029421,0,0,false,9,true,0.0044980843676475793,0,0,false,8,true,3.7365155297007552e-05,0,0,false,12,true
23,n10_irregular_f0.1_d2.5,10,irregular,n10_irregular,3,0.10000000000000001,2.5,0.023365349969349327,0.0086604508942742953,3,12,13,21,false,16,6,60,60,true,balanced_sqrt,6.4715062087277397e-16,1.0169395188466932,3.1844731982253715e-17,3.7840830261394781e-17,1.704911182808274e-16,0,0,1.2927448704183526e-16,true,true,-3.8692481579278204:-2.8737868262916284:0;-1.054318942504141:-2.7458354983178248:0;1.8885616008933415:-3.1296894822392356:0;4.5755394883432166:-2.4131620455859353:0;-2.9735888621111952:-0.0076770796784275674:0;-0.081888849903233862:-0.44271159478936006:0;2.8354014278994875:0.45294770102726534:0;-1.7708463791574416:2.6281202765819263:0;1.0440828362662375:3.0119742605033366:0;-0.59369416179844814:5.5198202887898873:0,0.0045911916868583095:0.0029401602865310639:0;0.00092038673599337403:0.006049783352104216:0;-0.00045119043743014524:0.0037984839847814236:0;-0.004615855830662677:0.00075376255472071765:0;0.0046651331094110359:-0.0012213780907763779:0;-0.0019161310090434743:-0.0028434825668147219:0;-0.0036121798445176577:-0.0012997595473040065:0;0.0035383500125156279:-0.0019804061439019057:0;-0.0037092072827547293:-0.0017360527093686787:0;0.00058978841682753933:-0.0044603841068148239:0,0:0:0;0:0:0;0:0:0;0:0:0;0:0:0;0:0:0;0:0:0;0:0:0;0:0:0;0:0:0,0.0045911916868583095:0.0029401602865310639:0;0.00092038673599337403:0.006049783352104216:0;-0.00045119043743014524:0.0037984839847814236:0;-0.004615855830662677:0.00075376255472071765:0;0.0046651331094110359:-0.0012213780907763779:0;-0.0019161310090434743:-0.0028434825668147219:0;-0.0036121798445176577:-0.0012997595473040065:0;0.0035383500125156279:-0.0019804061439019057:0;-0.0037092072827547293:-0.0017360527093686787:0;0.00058978841682753933:-0.0044603841068148239:0,0.0045561184447684509:0.0029185317842880401:0;0.00090413368951743013:0.0059744199629691488:0;-0.00044645215466628825:0.0037673150457427744:0;-0.0045848074048820721:0.00075010863136176385:0;0.0046184873893150838:-0.001209915833494492:0;-0.0018866309107432879:-0.002799613612511599:0;-0.0035814401200722937:-0.0012898471800058097:0;0.0035047921567701876:-0.001962733493705745:0;-0.0036738197495479554:-0.0017218550382947497:0;0.00058588734504043784:-0.0044324018312576997:0,3.5073242089858991e-05:2.1628502243023605e-05:0;1.6253046475943928e-05:7.5363389135066838e-05:0;-4.7382827638570062e-06:3.1168939038649164e-05:0;-3.1048425780605162e-05:3.6539233589538062e-06:0;4.6645720095952551e-05:-1.1462257281886051e-05:0;-2.9500098300186396e-05:-4.386895430312286e-05:0;-3.073972444536423e-05:-9.9123672981968055e-06:0;3.3557855745440361e-05:-1.767265019616056e-05:0;-3.5387533206773736e-05:-1.419767107392887e-05:0;3.9010717871015203e-06:-2.7982275557124503e-05:0,true,0.0045484416536728228,0.0033600112878646861,1.5282815298534604e-05,true,9,true,0.0045484416536728228,0.0033600112878646861,1.5282815298534604e-05,true,9,true,0.0045058997950799921,0.001780983630927999,8.0249337776392905e-06,true,8,true,4.4100679417030877e-05,0.1694737576136689,7.4739078541200081e-06,true,12,true
23,n10_irregular_f0.1_d2.5,10,irregular,n10_irregular,3,0.10000000000000001,2.5,0.023365349969349327,0.0086604508942742953,4,12,13,21,false,25,10,100,100,true,balanced_sqrt,3.4780620971653236e-14,1.0175242759224796,4.9536852616436473e-17,2.0966413083680633e-18,2.8850620831574772e-16,6.0251922926853108e-17,0,1.2938369310371924e-16,true,true,-3.8692481579278204:-2.8737868262916284:0;-1.054318942504141:-2.7458354983178248:0;1.8885616008933415:-3.1296894822392356:0;4.5755394883432166:-2.4131620455859353:0;-2.9735888621111952:-0.0076770796784275674:0;-0.081888849903233862:-0.44271159478936006:0;2.8354014278994875:0.45294770102726534:0;-1.7708463791574416:2.6281202765819263:0;1.0440828362662375:3.0119742605033366:0;-0.59369416179844814:5.5198202887898873:0,0.0045941251138736042:0.0029414199335301128:0;0.00092143114797148392:0.0060584302457239309:0;-0.00045010666095435562:0.0038009956580045455:0;-0.004618811348599608:0.00075346329325092388:0;0.0046678917178106455:-0.0012218124855799099:0;-0.0019197830711522523:-0.0028515024877383407:0;-0.0036137502543949472:-0.0013002029499952889:0;0.0035408770518465917:-0.0019818174348386819:0;-0.0037120364092903895:-0.0017365101911437548:0;0.00059021966891573293:-0.004462422551620009:0,0:0:0;0:0:0;0:0:0;0:0:0;0:0:0;0:0:0;0:0:0;0:0:0;0:0:0;0:0:0,0.0045941251138736042:0.0029414199335301128:0;0.00092143114797148392:0.0060584302457239309:0;-0.00045010666095435562:0.0038009956580045455:0;-0.004618811348599608:0.00075346329325092388:0;0.0046678917178106455:-0.0012218124855799099:0;-0.0019197830711522523:-0.0028515024877383407:0;-0.0036137502543949472:-0.0013002029499952889:0;0.0035408770518465917:-0.0019818174348386819:0;-0.0037120364092903895:-0.0017365101911437548:0;0.00059021966891573293:-0.004462422551620009:0,0.0045574276024603509:0.0029191459560874954:0;0.0009047672605920847:0.0059776006163215177:0;-0.00044582807595693578:0.0037680500476737632:0;-0.0045861205639077616:0.00075014502875976781:0;0.0046195960449100168:-0.00121007392140105:0;-0.0018882313615331795:-0.0028024815314384765:0;-0.0035821470187341912:-0.0012901026416792011:0;0.0035059215193457231:-0.0019630536327670126:0;-0.0036751271842885157:-0.001721919347649203:0;0.00058606816008990837:-0.0044332596211198267:0,3.6697511413253242e-05:2.2273977442617599e-05:0;1.6663887379399236e-05:8.082962940241351e-05:0;-4.2785849974198502e-06:3.2945610330782391e-05:0;-3.2690784691846515e-05:3.3182644911560625e-06:0;4.8295672900628295e-05:-1.1738564178860036e-05:0;-3.1551709619072796e-05:-4.9020956299864378e-05:0;-3.1603235660755872e-05:-1.0100308316087879e-05:0;3.495553250086873e-05:-1.8763802071669162e-05:0;-3.6909225001873675e-05:-1.4590843494551911e-05:0;4.1515088258245986e-06:-2.91629305001825e-05:0,true,0.0045522840003885045,0.0010100261909154571,4.59792606887778e-06,true,9,true,0.0045522840003885045,0.0010100261909154571,4.59792606887778e-06,true,9,true,0.0045074201347183041,0.00039519050106076868,1.7812896215307241e-06,true,8,true,4.6715998548553078e-05,0.060803489343711242,2.8404957199277768e-06,true,12,true
23,n10_irregular_f0.1_d2.5,10,irregular,n10_irregular,3,0.10000000000000001,2.5,0.023365349969349327,0.0086604508942742953,5,12,13,21,false,36,15,150,150,true,balanced_sqrt,8.4083387888615619e-13,1.0177707414635264,5.0849998910246835e-17,3.4531053726884056e-20,2.6029264376189277e-16,0,0,1.2940378615650243e-16,true,true,-3.8692481579278204:-2.8737868262916284:0;-1.054318942504141:-2.7458354983178248:0;1.8885616008933415:-3.1296894822392356:0;4.5755394883432166:-2.4131620455859353:0;-2.9735888621111952:-0.0076770796784275674:0;-0.081888849903233862:-0.44271159478936006:0;2.8354014278994875:0.45294770102726534:0;-1.7708463791574416:2.6281202765819263:0;1.0440828362662375:3.0119742605033366:0;-0.59369416179844814:5.5198202887898873:0,0.0045946508331056414:0.002941663061335848:0;0.00092205576416899704:0.0060605650790956783:0;-0.00044989469575154888:0.0038010120309336396:0;-0.0046193824419014737:0.00075333750277233914:0;0.0046682182594135367:-0.0012217759573250725:0;-0.001920736144413621:-0.0028533240583155082:0;-0.0036139281709759033:-0.0013002027904615071:0;0.0035410972460420231:-0.0019820080396791414:0;-0.0037123879416812869:-0.0017365780130811251:0;0.00059028762886048441:-0.0044627058680120919:0,0:0:0;0:0:0;0:0:0;0:0:0;0:0:0;0:0:0;0:0:0;0:0:0;0:0:0;0:0:0,0.0045946508331056414:0.002941663061335848:0;0.00092205576416899704:0.0060605650790956783:0;-0.00044989469575154888:0.0038010120309336396:0;-0.0046193824419014737:0.00075333750277233914:0;0.0046682182594135367:-0.0012217759573250725:0;-0.001920736144413621:-0.0028533240583155082:0;-0.0036139281709759033:-0.0013002027904615071:0;0.0035410972460420231:-0.0019820080396791414:0;-0.0037123879416812869:-0.0017365780130811251:0;0.00059028762886048441:-0.0044627058680120919:0,0.0045575596924637236:0.0029192463995763441:0;0.00090496363695080888:0.0059780409917952245:0;-0.00044581483277188238:0.0037680829907979752:0;-0.0045862560369850673:0.00075010931633120222:0;0.0046196781206730864:-0.0012100330268344031:0;-0.0018884714281189611:-0.0028029147699680174:0;-0.0035821915609420721:-0.0012900875181227791:0;0.0035059447787587563:-0.0019631201530326786:0;-0.0036751887665691075:-0.0017219510665639746:0;0.00058608293459605759:-0.0044333401467195471:0,3.7091140641917655e-05:2.241666175950379e-05:0;1.7092127218188175e-05:8.2524087300453716e-05:0;-4.0798629796665152e-06:3.292904013566434e-05:0;-3.3126404916406077e-05:3.2281864411369641e-06:0;4.8540138740450558e-05:-1.1742930490669481e-05:0;-3.2264716294659865e-05:-5.040928834749061e-05:0;-3.1736610033831463e-05:-1.0115272338727911e-05:0;3.5152467283267044e-05:-1.8887886646462783e-05:0;-3.7199175112179369e-05:-1.4626946517150421e-05:0;4.2046942644268014e-06:-2.9365721292544919e-05:0,true,0.0045529909618340289,0.00022327668244119574,1.0165767171430508e-06,true,9,true,0.0045529909618340289,0.00022327668244119574,1.0165767171430508e-06,true,9,true,0.0045075846194565714,5.2185589400349188e-05,2.3523096013828987e-07,true,8,true,4.7376420771098426e-05,0.016572678461171247,7.8515418808056899e-07,true,12,true
23,n10_irregular_f0.1_d2.5,10,irregular,n10_irregular,3,0.10000000000000001,2.5,0.023365349969349327,0.0086604508942742953,6,12,13,21,false,49,21,210,210,true,balanced_sqrt,5.7185490477027756e-11,1.0178646513361309,4.1724048860536399e-17,9.3194878038369396e-22,3.133277673569217e-16,0,0,1.2940894689061272e-16,true,true,-3.8692481579278204:-2.8737868262916284:0;-1.054318942504141:-2.7458354983178248:0;1.8885616008933415:-3.1296894822392356:0;4.5755394883432166:-2.4131620455859353:0;-2.9735888621111952:-0.0076770796784275674:0;-0.081888849903233862:-0.44271159478936006:0;2.8354014278994875:0.45294770102726534:0;-1.7708463791574416:2.6281202765819263:0;1.0440828362662375:3.0119742605033366:0;-0.59369416179844814:5.5198202887898873:0,0.0045947554002607888:0.002941691232264748:0;0.00092229389254373296:0.0060610930913893666:0;-0.00044981944071331047:0.0038010926971742778:0;-0.0046195046413200847:0.00075331570654458418:0;0.0046683058773392752:-0.0012217645058491971:0;-0.0019210418164147794:-0.002853896594583885:0;-0.0036139682002211083:-0.0013001998081216294:0;0.0035411534748876743:-0.0019820255616696315:0;-0.0037124773588280116:-0.0017365590592251774:0;0.00059030065546799345:-0.0044627430785922108:0,0:0:0;0:0:0;0:0:0;0:0:0;0:0:0;0:0:0;0:0:0;0:0:0;0:0:0;0:0:0,0.0045947554002607888:0.002941691232264748:0;0.00092229389254373296:0.0060610930913893666:0;-0.00044981944071331047:0.0038010926971742778:0;-0.0046195046413200847:0.00075331570654458418:0;0.0046683058773392752:-0.0012217645058491971:0;-0.0019210418164147794:-0.002853896594583885:0;-0.0036139682002211083:-0.0013001998081216294:0;0.0035411534748876743:-0.0019820255616696315:0;-0.0037124773588280116:-0.0017365590592251774:0;0.00059030065546799345:-0.0044627430785922108:0,0.0045575664739295552:0.0029192376687114155:0;0.00090499727303663242:0.0059781683569068824:0;-0.00044579487732860262:0.0037680877333018848:0;-0.0045862718555262968:0.0007501074118612199:0;0.0046196872415965682:-0.001210034555160729:0;-0.001888523608382585:-0.0028030378004207553:0;-0.0035821959462688175:-0.0012900881780032157:0;0.0035059601300073628:-0.0019631199269182168:0;-0.0036752054673867725:-0.0017219447765613014:0;0.00058608501921964332:-0.0044333389071266821:0,3.7188926331233999e-05:2.2453563553332509e-05:0;1.7296619507100592e-05:8.2924734482483874e-05:0;-4.0245633847078524e-06:3.3004963872392868e-05:0;-3.3232785793787579e-05:3.2082946833642429e-06:0;4.8618635742706818e-05:-1.1729950688468176e-05:0;-3.2518208032194467e-05:-5.0858794163129789e-05:0;-3.1772253952290911e-05:-1.0111630118413702e-05:0;3.5193344880311402e-05:-1.8905634751414736e-05:0;-3.7271891441239351e-05:-1.461428266387598e-05:0;4.2156362483501076e-06:-2.9404171465528586e-05:0,true,0.004553172539023217,6.2847058222086267e-05,2.8615349965519649e-07,true,9,true,0.004553172539023217,6.2847058222086267e-05,2.8615349965519649e-07,true,9,true,0.0045076174738470937,1.343493347945056e-05,6.0559540911944675e-08,true,8,true,4.756193583563565e-05,0.0047794982590866064,2.2732218952520945e-07,true,12,true
23,n10_irregular_f0.1_d2.5,10,irregular,n10_irregular,3,0.10000000000000001,2.5,0.023365349969349327,0.0086604508942742953,7,12,13,21,false,64,28,280,280,true,balanced_sqrt,2.6929132676668935e-09,1.0178985041003026,4.0656589948131288e-17,1.175679119561169e-23,3.5464691195770592e-16,0,0,1.2941034603463134e-16,true,true,-3.8692481579278204:-2.8737868262916284:0;-1.054318942504141:-2.7458354983178248:0;1.8885616008933415:-3.1296894822392356:0;4.5755394883432166:-2.4131620455859353:0;-2.9735888621111952:-0.0076770796784275674:0;-0.081888849903233862:-0.44271159478936006:0;2.8354014278994875:0.45294770102726534:0;-1.7708463791574416:2.6281202765819263:0;1.0440828362662375:3.0119742605033366:0;-0.59369416179844814:5.5198202887898873:0,0.004594782300680467:0.0029417016792719396:0;0.00092234922572038611:0.0060612614652296578:0;-0.00044980408140237317:0.0038010934931952162:0;-0.0046195315820423393:0.00075330949125423311:0;0.0046683189655921525:-0.0012217583581350037:0;-0.0019211126856914175:-0.0028540619984721862:0;-0.0036139752783829727:-0.001300199004403237:0;0.0035411704971443775:-0.0019820350756029627:0;-0.0037124996501236782:-0.0017365605870930927:0;0.00059030327309567707:-0.0044627536615785479:0,0:0:0;0:0:0;0:0:0;0:0:0;0:0:0;0:0:0;0:0:0;0:0:0;0:0:0;0:0:0,0.004594782300680467:0.0029417016792719396:0;0.00092234922572038611:0.0060612614652296578:0;-0.00044980408140237317:0.0038010934931952162:0;-0.0046195315820423393:0.00075330949125423311:0;0.0046683189655921525:-0.0012217583581350037:0;-0.0019211126856914175:-0.0028540619984721862:0;-0.0036139752783829727:-0.001300199004403237:0;0.0035411704971443775:-0.0019820350756029627:0;-0.0037124996501236782:-0.0017365605870930927:0;0.00059030327309567707:-0.0044627536615785479:0,0.0045575725974288219:0.0029192405516194351:0;0.0009050082945978728:0.0059781983786775439:0;-0.00044579376496346637:0.003768090420264201:0;-0.0045862765670709009:0.00075010579578987273:0;0.0046196902407939864:-0.0012100342428580056:0;-0.0018885369861056209:-0.0028030683196764851:0;-0.0035821970799976522:-0.0012900882428945805:0;0.0035059618209334641:-0.0019631221566524799:0;-0.0036752087080311655:-0.001721945861375316:0;0.00058608547601214428:-0.0044333418311942952:0,3.720970325164539e-05:2.2461127652504338e-05:0;1.734093112251329e-05:8.3063086552114231e-05:0;-4.0103164389067836e-06:3.3003072931015206e-05:0;-3.3255014971438171e-05:3.2036954643604078e-06:0;4.8628724798166115e-05:-1.1724115276998006e-05:0;-3.2575699585796559e-05:-5.0993678795700913e-05:0;-3.1778198385320229e-05:-1.0110761508656537e-05:0;3.5208676210913394e-05:-1.8912918950482839e-05:0;-3.7290942092512641e-05:-1.4614725717776647e-05:0;4.2177970835328314e-06:-2.9411830384252482e-05:0,true,0.0045532217670269737,1.7961536634330176e-05,8.1782859572684564e-08,true,9,true,0.0045532217670269737,1.7961536634330176e-05,8.1782859572684564e-08,true,9,true,0.0045076268257365909,3.328356259755622e-06,1.5002987962082747e-08,true,8,true,4.7613983047011232e-05,0.0014041872083175276,6.6858945931660792e-08,true,12,true
23,n10_irregular_f0.1_d2.5,10,irregular,n10_irregular,3,0.10000000000000001,2.5,0.023365349969349327,0.0086604508942742953,8,12,13,21,false,81,36,360,360,true,balanced_sqrt,2.1227397263046406e-07,1.0179098921150731,3.8568841584582346e-17,2.2034933229303169e-25,3.2886906372550057e-16,0,0,1.2941064337119077e-16,true,true,-3.8692481579278204:-2.8737868262916284:0;-1.054318942504141:-2.7458354983178248:0;1.8885616008933415:-3.1296894822392356:0;4.5755394883432166:-2.4131620455859353:0;-2.9735888621111952:-0.0076770796784275674:0;-0.081888849903233862:-0.44271159478936006:0;2.8354014278994875:0.45294770102726534:0;-1.7708463791574416:2.6281202765819263:0;1.0440828362662375:3.0119742605033366:0;-0.59369416179844814:5.5198202887898873:0,0.0045947863025103675:0.0029417028387500686:0;0.0009223614075044035:0.0060612987230256538:0;-0.00044980037006089597:0.0038010966688971394:0;-0.0046195365075627302:0.0007533083910244852:0;0.0046683220172174123:-0.0012217581940908179:0;-0.0019211300308497803:-0.0028540979623340591:0;-0.0036139763498139869:-0.0013001990083409333:0;0.0035411731586340008:-0.001982035832365643:0;-0.0037125035503182253:-0.0017365602519260031:0;0.00059030371527851115:-0.0044627550458604063:0,0:0:0;0:0:0;0:0:0;0:0:0;0:0:0;0:0:0;0:0:0;0:0:0;0:0:0;0:0:0,0.0045947863025103675:0.0029417028387500686:0;0.0009223614075044035:0.0060612987230256538:0;-0.00044980037006089597:0.0038010966688971394:0;-0.0046195365075627302:0.0007533083910244852:0;0.0046683220172174123:-0.0012217581940908179:0;-0.0019211300308497803:-0.0028540979623340591:0;-0.0036139763498139869:-0.0013001990083409333:0;0.0035411731586340008:-0.001982035832365643:0;-0.0037125035503182253:-0.0017365602519260031:0;0.00059030371527851115:-0.0044627550458604063:0,0.0045575728794727492:0.0029192405506413268:0;0.00090501056248052411:0.005978205164876473:0;-0.00044579293292465385:0.0037680905999192718:0;-0.0045862773020263819:0.00075010570181371894:0;0.0046196904965529846:-0.0012100343294169822:0;-0.001888540066220348:-0.00280307497892674:0;-0.0035821971586854169:-0.0012900882382620243:0;0.0035059623649058972:-0.0019631221242302857:0;-0.0036752092490585858:-0.0017219457043909858:0;0.00058608552353350753:-0.0044333418342558384:0,3.7213423037618273e-05:2.2462288108741667e-05:0;1.7350845023879427e-05:8.3093558149180492e-05:0;-4.0074371362421125e-06:3.3006068977867657e-05:0;-3.3259205536348474e-05:3.2026892107662593e-06:0;4.8631520664427333e-05:-1.1723864673835815e-05:0;-3.2589964629432365e-05:-5.1022983407319207e-05:0;-3.1779191128570166e-05:-1.0110770078909023e-05:0;3.52107937281037e-05:-1.8913708135357457e-05:0;-3.7294301259639568e-05:-1.4614547535017289e-05:0;4.2181917450035971e-06:-2.9413211604567569e-05:0,true,0.0045532322286271163,3.9490005411472837e-06,1.7980716534817734e-08,true,9,true,0.0045532322286271163,3.9490005411472837e-06,1.7980716534817734e-08,true,9,true,0.0045076285374792873,7.259398037447574e-07,3.2722669758519817e-09,true,8,true,4.762547017486293e-05,0.00030912439698392683,1.4722194748880497e-08,true,12,true
23,n10_irregular_f0.1_d2.5,10,irregular,n10_irregular,3,0.10000000000000001,2.5,0.023365349969349327,0.0086604508942742953,9,12,13,21,false,100,45,450,450,true,balanced_sqrt,1.5681010048819904e-05,1.0179136294495661,4.6682720517955789e-17,2.8508421458762116e-27,3.5544163007254312e-16,1.5059836337807843e-17,0,1.294107075603795e-16,true,true,-3.8692481579278204:-2.8737868262916284:0;-1.054318942504141:-2.7458354983178248:0;1.8885616008933415:-3.1296894822392356:0;4.5755394883432166:-2.4131620455859353:0;-2.9735888621111952:-0.0076770796784275674:0;-0.081888849903233862:-0.44271159478936006:0;2.8354014278994875:0.45294770102726534:0;-1.7708463791574416:2.6281202765819263:0;1.0440828362662375:3.0119742605033366:0;-0.59369416179844814:5.5198202887898873:0,0.0045947870777367289:0.002941703059688305:0;0.00092236468116001344:0.0060613073584820445:0;-0.00044979973348534139:0.0038010967513542587:0;-0.0046195374108221037:0.0007533081482363421:0;0.0046683223231483734:-0.0012217580555193574:0;-0.0019211336083286865:-0.0028541066277949331:0;-0.0036139765116582241:-0.00130019899647329:0;0.0035411736222387565:-0.0019820360278629693:0;-0.0037125042128916181:-0.0017365602445843762:0;0.00059030379217742341:-0.0044627553343547259:0,0:0:0;0:0:0;0:0:0;0:0:0;0:0:0;0:0:0;0:0:0;0:0:0;0:0:0;0:0:0,0.0045947870777367289:0.002941703059688305:0;0.00092236468116001344:0.0060613073584820445:0;-0.00044979973348534139:0.0038010967513542587:0;-0.0046195374108221037:0.0007533081482363421:0;0.0046683223231483734:-0.0012217580555193574:0;-0.0019211336083286865:-0.0028541066277949331:0;-0.0036139765116582241:-0.00130019899647329:0;0.0035411736222387565:-0.0019820360278629693:0;-0.0037125042128916181:-0.0017365602445843762:0;0.00059030379217742341:-0.0044627553343547259:0,0.0045575730235908087:0.0029192406101151004:0;0.00090501117369193263:0.0059782067085610568:0;-0.00044579286418694393:0.0037680906561096544:0;-0.0045862774385032456:0.00075010565679269829:0;0.0046196905627476949:-0.0012100342788502146:0;-0.0018885407271053874:-0.0028030764960695368:0;-0.0035821971952285695:-0.0012900882316997254:0;0.003505962410818928:-0.0019631221752938232:0;-0.0036752093476808451:-0.0017219457178126556:0;0.00058608553381360787:-0.0044333419007787263:0,3.7214054145919851e-05:2.2462449573204625e-05:0;1.7353507468080834e-05:8.3100649920987918e-05:0;-4.0068692983974481e-06:3.3006095244604394e-05:0;-3.3259972318858235e-05:3.2024914436438537e-06:0;4.8631760400678292e-05:-1.1723776669142817e-05:0;-3.2592881223298992e-05:-5.1030131725396159e-05:0;-3.1779316429654589e-05:-1.0110764773564665e-05:0;3.5211211419828495e-05:-1.8913852569145883e-05:0;-3.7294865210772885e-05:-1.4614526771720597e-05:0;4.2182583638155366e-06:-2.9413433575999212e-05:0,true,0.0045532344870834168,9.2146275765998509e-07,4.1956360067404332e-09,true,9,true,0.0045532344870834168,9.2146275765998509e-07,4.1956360067404332e-09,true,9,true,0.0045076289412581613,1.6564858114801635e-07,7.4668233846114962e-10,true,8,true,4.762800115249261e-05,7.2431763593519237e-05,3.4497801199092068e-09,true,12,true
23,n10_irregular_f0.1_d2.5,10,irregular,n10_irregular,3,0.10000000000000001,2.5,0.023365349969349327,0.0086604508942742953,10,12,13,21,false,121,55,550,550,true,balanced_sqrt,0.00092557152708362038,1.0179148167431651,3.5332976437126009e-17,2.1937025463440621e-29,3.5565285919229616e-16,0,0,1.2941072148337803e-16,true,true,-3.8692481579278204:-2.8737868262916284:0;-1.054318942504141:-2.7458354983178248:0;1.8885616008933415:-3.1296894822392356:0;4.5755394883432166:-2.4131620455859353:0;-2.9735888621111952:-0.0076770796784275674:0;-0.081888849903233862:-0.44271159478936006:0;2.8354014278994875:0.45294770102726534:0;-1.7708463791574416:2.6281202765819263:0;1.0440828362662375:3.0119742605033366:0;-0.59369416179844814:5.5198202887898873:0,0.0045947872033875016:0.0029417030807461575:0;0.00092236539026558859:0.0060613092558908345:0;-0.00044979960770452464:0.0038010968240887312:0;-0.0046195375742677696:0.00075330810754122588:0;0.0046683224140967351:-0.0012217580412334271:0;-0.001921134473021776:-0.0028541085621164621:0;-0.0036139765329433748:-0.0013001989973021183:0;0.003541173703244538:-0.0019820360674755555:0;-0.003712504318880489:-0.0017365602425229009:0;0.00059030380410881277:-0.0044627553651039502:0,0:0:0;0:0:0;0:0:0;0:0:0;0:0:0;0:0:0;0:0:0;0:0:0;0:0:0;0:0:0,0.0045947872033875016:0.0029417030807461575:0;0.00092236539026558859:0.0060613092558908345:0;-0.00044979960770452464:0.0038010968240887312:0;-0.0046195375742677696:0.00075330810754122588:0;0.0046683224140967351:-0.0012217580412334271:0;-0.001921134473021776:-0.0028541085621164621:0;-0.0036139765329433748:-0.0013001989973021183:0;0.003541173703244538:-0.0019820360674755555:0;-0.003712504318880489:-0.0017365602425229009:0;0.00059030380410881277:-0.0044627553651039502:0,0.004557573040496074:0.0029192406063971218:0;0.00090501130311416804:0.0059782070371499673:0;-0.00044579284100786825:0.0037680906580001296:0;-0.0045862774631567696:0.0007501056516101604:0;0.0046196905732246571:-0.0012100342763226796:0;-0.0018885408760459057:-0.0028030768324248806:0;-0.0035821971956237135:-0.0012900882334213361:0;0.003505962424408884:-0.0019631221766807263:0;-0.0036752093633415713:-0.0017219457151409878:0;0.00058608553524042736:-0.004433341899681433:0,3.7214162891427953e-05:2.2462474349035819e-05:0;1.735408715142051e-05:8.3102218740867425e-05:0;-4.0067666966563927e-06:3.300616608860154e-05:0;-3.3260111111000341e-05:3.202455931065439e-06:0;4.8631840872077781e-05:-1.1723764910747444e-05:0;-3.2593596975870353e-05:-5.1031729691581267e-05:0;-3.1779337319661314e-05:-1.0110763880782235e-05:0;3.521127883565415e-05:-1.8913890794828946e-05:0;-3.7294955538917589e-05:-1.4614527381913066e-05:0;4.2182688683854534e-06:-2.9413465422516785e-05:0,true,0.0045532349769553775,2.0470311581923253e-07,9.3206138683987721e-10,true,9,true,0.0045532349769553775,2.0470311581923253e-07,9.3206138683987721e-10,true,9,true,0.004507629021700669,3.591411255680259e-08,1.6188749604966777e-10,true,8,true,4.7628564314385536e-05,1.6173417316241709e-05,7.7031664683001492e-10,true,12,true
23,n10_irregular_f0.1_d2.5,10,irregular,n10_irregular,3,0.10000000000000001,2.5,0.023365349969349327,0.0086604508942742953,11,12,13,21,false,144,66,660,660,true,balanced_sqrt,0.077737051327586834,1.0179151844267724,2.8813937052843181e-17,2.9297945159323343e-31,2.1719470653213487e-16,0,0,1.2941072446347899e-16,true,true,-3.8692481579278204:-2.8737868262916284:0;-1.054318942504141:-2.7458354983178248:0;1.8885616008933415:-3.1296894822392356:0;4.5755394883432166:-2.4131620455859353:0;-2.9735888621111952:-0.0076770796784275674:0;-0.081888849903233862:-0.44271159478936006:0;2.8354014278994875:0.45294770102726534:0;-1.7708463791574416:2.6281202765819263:0;1.0440828362662375:3.0119742605033366:0;-0.59369416179844814:5.5198202887898873:0,0.0045947872260303597:0.0029417030874701365:0;0.00092236555281655921:0.0060613096871842591:0;-0.00044979958613063092:0.0038010968304523257:0;-0.0046195376025323833:0.00075330810028294618:0;0.0046683224230858857:-0.0012217580356033535:0;-0.0019211346603223319:-0.002854108978387945:0;-0.003613976536435172:-0.001300198996571482:0;0.0035411737159193129:-0.0019820360736431853:0;-0.0037125043368324397:-0.0017365602434976282:0;0.00059030380598505043:-0.0044627553708042975:0,0:0:0;0:0:0;0:0:0;0:0:0;0:0:0;0:0:0;0:0:0;0:0:0;0:0:0;0:0:0,0.0045947872260303597:0.0029417030874701365:0;0.00092236555281655921:0.0060613096871842591:0;-0.00044979958613063092:0.0038010968304523257:0;-0.0046195376025323833:0.00075330810028294618:0;0.0046683224230858857:-0.0012217580356033535:0;-0.0019211346603223319:-0.002854108978387945:0;-0.003613976536435172:-0.001300198996571482:0;0.0035411737159193129:-0.0019820360736431853:0;-0.0037125043368324397:-0.0017365602434976282:0;0.00059030380598505043:-0.0044627553708042975:0,0.004557573044075734:0.0029192406087567781:0;0.00090501133050041463:0.00597820710809676:0;-0.00044579283877285898:0.0037680906597953451:0;-0.0045862774670049691:0.00075010565052859848:0;0.004619690575152195:-0.0012100342755491443:0;-0.0018885409070778529:-0.0028030769022797364:0;-0.0035821971962754742:-0.0012900882329639103:0;0.0035059624257276342:-0.0019631221780784208:0;-0.0036752093657151288:-0.0017219457155609168:0;0.00058608553552407688:-0.004433341900970598:0,3.7214181954625371e-05:2.2462478713358572e-05:0;1.7354222316144552e-05:8.3102579087499095e-05:0;-4.0067473577719171e-06:3.3006170656980621e-05:0;-3.3260135527414544e-05:3.202449754347745e-06:0;4.8631847933690611e-05:-1.1723760054209287e-05:0;-3.2593753244478988e-05:-5.1032076108208496e-05:0;-3.1779340159697849e-05:-1.0110763607571756e-05:0;3.5211290191678574e-05:-1.8913895564764251e-05:0;-3.7294971117311097e-05:-1.4614527936711316e-05:0;4.2182704609735279e-06:-2.9413469833699572e-05:0,true,0.0045532350818083588,4.5191292483215989e-08,2.0576657832684143e-10,true,9,true,0.0045532350818083588,4.5191292483215989e-08,2.0576657832684143e-10,true,9,true,0.0045076290390390619,7.5834089897788572e-09,3.418319457723705e-11,true,8,true,4.7628686773714028e-05,3.6027965344772789e-06,1.715964676500407e-10,true,12,true
23,n10_irregular_f0.1_d2.5,10,irregular,n10_irregular,3,0.10000000000000001,2.5,0.023365349969349327,0.0086604508942742953,12,12,13,21,false,169,78,780,780,true,balanced_sqrt,9.8238269335294888,1.0179152959821265,3.3194003776489848e-17,3.9369350954971545e-33,4.0205121042260065e-16,0,0,1.2941072506625405e-16,true,true,-3.8692481579278204:-2.8737868262916284:0;-1.054318942504141:-2.7458354983178248:0;1.8885616008933415:-3.1296894822392356:0;4.5755394883432166:-2.4131620455859353:0;-2.9735888621111952:-0.0076770796784275674:0;-0.081888849903233862:-0.44271159478936006:0;2.8354014278994875:0.45294770102726534:0;-1.7708463791574416:2.6281202765819263:0;1.0440828362662375:3.0119742605033366:0;-0.59369416179844814:5.5198202887898873:0,0.0045947872295479019:0.0029417030880196995:0;0.00092236558878707007:0.0060613097738434225:0;-0.00044979958214527743:0.0038010968320648752:0;-0.0046195376073788312:0.00075330809903787703:0;0.0046683224253932926:-0.0012217580352191196:0;-0.0019211346989465169:-0.0028541090677336274:0;-0.0036139765369554181:-0.0013001989966294029:0;0.0035411737179523281:-0.0019820360744345913:0;-0.00371250433976333:-0.001736560243337071:0;0.00059030380625630177:-0.004462755371399744:0,0:0:0;0:0:0;0:0:0;0:0:0;0:0:0;0:0:0;0:0:0;0:0:0;0:0:0;0:0:0,0.0045947872295479019:0.0029417030880196995:0;0.00092236558878707007:0.0060613097738434225:0;-0.00044979958214527743:0.0038010968320648752:0;-0.0046195376073788312:0.00075330809903787703:0;0.0046683224253932926:-0.0012217580352191196:0;-0.0019211346989465169:-0.0028541090677336274:0;-0.0036139765369554181:-0.0013001989966294029:0;0.0035411737179523281:-0.0019820360744345913:0;-0.00371250433976333:-0.001736560243337071:0;0.00059030380625630177:-0.004462755371399744:0,0.004557573044397115:0.0029192406086109633:0;0.0009050113362428008:0.0059782071226202648:0;-0.00044579283811821695:0.0037680906599591112:0;-0.0045862774677070672:0.00075010565034745768:0;0.004619690575341351:-0.001210034275573896:0;-0.0018885409131942186:-0.0028030769167593683:0;-0.0035821971963335194:-0.0012900882330345856:0;0.0035059624260941791:-0.0019631221781403834:0;-0.0036752093661223005:-0.0017219457155080115:0;0.00058608553555926889:-0.0044333419009584861:0,3.7214185150786683e-05:2.2462479408736172e-05:0;1.7354252544269236e-05:8.3102651223157449e-05:0;-4.0067440270604712e-06:3.3006172105763901e-05:0;-3.3260139671764148e-05:3.2024486904193311e-06:0;4.8631850051941884e-05:-1.1723759645223635e-05:0;-3.2593785752298382e-05:-5.1032150974259192e-05:0;-3.1779340621898609e-05:-1.011076359481741e-05:0;3.5211291858148854e-05:-1.89138962942077e-05:0;-3.7294973641029582e-05:-1.461452782905959e-05:0;4.2182706970328503e-06:-2.941347044125785e-05:0,true,0.0045532351030166205,9.4090170939664029e-09,4.2841466917131261e-11,true,9,true,0.0045532351030166205,9.4090170939664029e-09,4.2841466917131261e-11,true,9,true,0.0045076290424242186,1.5567773032440415e-09,7.0173745846896965e-12,true,8,true,4.7628711967584103e-05,7.5222662457770367e-07,3.5827585236359469e-11,true,12,true
24,n10_irregular_f1.0_d4.0,10,irregular,n10_irregular,4,1,4,0.057044311448606763,0.022760019734953101,2,9,13,21,false,9,3,30,30,true,balanced_sqrt,1.554075014529074e-16,1.0366304595282179,2.5219750308323162e-17,1.4636345683244399e-17,1.0450113511273297e-16,0,0,2.0908253903917378e-15,true,true,-6.1907970526845126:-4.5980589220666053:0;-1.6869103080066257:-4.3933367973085193:0;3.0216985614293463:-5.0075031715827771:0;7.3208631813491465:-3.8610592729374966:0;-4.757742179377912:-0.012283327485484108:0;-0.13102215984517418:-0.7083385516629761:0;4.5366422846391803:0.72471632164362454:0;-2.8333542066519066:4.2049924425310818:0;1.6705325380259799:4.8191588168053388:0;-0.94991065887751702:8.8317124620638197:0,0.074090882710161871:0.047544272540847574:0;0.015223887333606519:0.09772794559712851:0;-0.0084200005461197037:0.061744752206731056:0;-0.074332248170733958:0.012676619275615395:0;0.075879701722342235:-0.019540775492515219:0;-0.030574855217642433:-0.045016771431514988:0;-0.058929056261860693:-0.021055738074397409:0;0.057047231454158999:-0.032882602730837256:0;-0.059433051043053339:-0.029150685255868721:0;0.0094311403133857663:-0.072055003175425417:0,0:0:0;0:0:0;0:0:0;0:0:0;0:0:0;0:0:0;0:0:0;0:0:0;0:0:0;0:0:0,0.074090882710161871:0.047544272540847574:0;0.015223887333606519:0.09772794559712851:0;-0.0084200005461197037:0.061744752206731056:0;-0.074332248170733958:0.012676619275615395:0;0.075879701722342235:-0.019540775492515219:0;-0.030574855217642433:-0.045016771431514988:0;-0.058929056261860693:-0.021055738074397409:0;0.057047231454158999:-0.032882602730837256:0;-0.059433051043053339:-0.029150685255868721:0;0.0094311403133857663:-0.072055003175425417:0,0.072920450970879208:0.046793172018529887:0;0.014808553343102366:0.095062148405953575:0;-0.0082422537908208079:0.060442315919807289:0;-0.073295076146690147:0.01249960472217808:0;0.074089228553725198:-0.019079760174056538:0;-0.029603639903939175:-0.043586837277039783:0;-0.057744692280758438:-0.020632609726355004:0;0.055740007202067871:-0.032128954709567954:0;-0.058130617930982988:-0.0285116372396431:0;0.009308984669241991:-0.071121628154502264:0,0.0011704317392826572:0.0007511005223176879:0;0.00041533399050415227:0.0026657971911749324:0;-0.00017774675529889607:0.0013024362869237698:0;-0.0010371720240438134:0.00017701455343731542:0;0.0017904731686170427:-0.00046101531845868:0;-0.00097121531370325867:-0.0014299341544752027:0;-0.0011843639811022584:-0.00042312834804240554:0;0.0013072242520911254:-0.00075364802126930413:0;-0.0013024331120703493:-0.00063904801622562157:0;0.00012215564414377509:-0.00093337502092315412:0,true,0.07356437850832033,0,0,false,7,true,0.07356437850832033,0,0,false,7,true,0.072026766928431518,0,0,false,6,true,0.0015907147854250056,0,0,false,9,true
24,n10_irregular_f1.0_d4.0,10,irregular,n10_irregular,4,1,4,0.057044311448606763,0.022760019734953101,3,9,13,21,false,16,6,60,60,true,balanced_sqrt,6.6138908865929101e-16,1.0370679822777802,1.8136599802695364e-17,3.5632395348026554e-17,1.1981021367915822e-16,0,0,2.0966517047605988e-15,true,true,-6.1907970526845126:-4.5980589220666053:0;-1.6869103080066257:-4.3933367973085193:0;3.0216985614293463:-5.0075031715827771:0;7.3208631813491465:-3.8610592729374966:0;-4.757742179377912:-0.012283327485484108:0;-0.13102215984517418:-0.7083385516629761:0;4.5366422846391803:0.72471632164362454:0;-2.8333542066519066:4.2049924425310818:0;1.6705325380259799:4.8191588168053388:0;-0.94991065887751702:8.8317124620638197:0,0.074322692183747249:0.047673224631687973:0;0.01537180263282239:0.098079901152651638:0;-0.0084533959330162136:0.061829874650795612:0;-0.074544840603810114:0.012680740492422368:0;0.076054987528922161:-0.019565721644535034:0;-0.030723234771395876:-0.045252575401560892:0;-0.059062425151915017:-0.021074741486848212:0;0.057157711135139719:-0.032931886827562262:0;-0.059581931678202776:-0.029180093059418582:0;0.0094605592737596767:-0.072253810801252608:0,0:0:0;0:0:0;0:0:0;0:0:0;0:0:0;0:0:0;0:0:0;0:0:0;0:0:0;0:0:0,0.074322692183747249:0.047673224631687973:0;0.01537180263282239:0.098079901152651638:0;-0.0084533959330162136:0.061829874650795612:0;-0.074544840603810114:0.012680740492422368:0;0.076054987528922161:-0.019565721644535034:0;-0.030723234771395876:-0.045252575401560892:0;-0.059062425151915017:-0.021074741486848212:0;0.057157711135139719:-0.032931886827562262:0;-0.059581931678202776:-0.029180093059418582:0;0.0094605592737596767:-0.072253810801252608:0,0.073014442419300649:0.046848390413048821:0;0.014840042795296689:0.095202930008845471:0;-0.0082523969994891689:0.060512507231773184:0;-0.073386586093590819:0.012508133053145024:0;0.074178989687342753:-0.019096292776919759:0;-0.029647793311794016:-0.043666333322367218:0;-0.057816245665295828:-0.020649907058484768:0;0.055803532818114815:-0.032168415847830187:0;-0.058201656637131748:-0.028542738123349079:0;0.0093201709004225638:-0.071208260730665343:0,0.0013082497644466044:0.0008248342186391493:0;0.00053175983752570203:0.0028769711438061704:0;-0.0002009989335270453:0.0013173674190224273:0;-0.0011582545102192974:0.00017260743927734307:0;0.0018759978415794057:-0.00046942886761527485:0;-0.0010754414596018599:-0.0015862420791936714:0;-0.0012461794866191927:-0.00042483442836344283:0;0.0013541783170249045:-0.00076347097973207502:0;-0.0013802750410710303:-0.00063735493606950221:0;0.00014038837333711331:-0.001045550070587269:0,true,0.073769373720980844,0.0029539749545081455,0.00021791288238152878,true,7,true,0.073769373720980844,0.0029539749545081455,0.00021791288238152878,true,7,true,0.072119433826400112,0.0012964895813529498,9.3502094569001244e-05,true,6,true,0.0017054522327764484,0.075502716359571079,0.00012876627619611738,true,9,true
24,n10_irregular_f1.0_d4.0,10,irregular,n10_irregular,4,1,4,0.057044311448606763,0.022760019734953101,4,9,13,21,false,25,10,100,100,true,balanced_sqrt,1.345545939908592e-14,1.0371138978734962,4.223689415758879e-17,2.7344413940082732e-18,2.1371779158851772e-16,0,0,2.0973533362290554e-15,true,true,-6.1907970526845126:-4.5980589220666053:0;-1.6869103080066257:-4.3933367973085193:0;3.0216985614293463:-5.0075031715827771:0;7.3208631813491465:-3.8610592729374966:0;-4.757742179377912:-0.012283327485484108:0;-0.13102215984517418:-0.7083385516629761:0;4.5366422846391803:0.72471632164362454:0;-2.8333542066519066:4.2049924425310818:0;1.6705325380259799:4.8191588168053388:0;-0.94991065887751702:8.8317124620638197:0,0.074342038568919369:0.04768202320029194:0;0.015377804130957021:0.098133649431289299:0;-0.0084484587065031484:0.061847213313945784:0;-0.074564193547206892:0.012678723239824548:0;0.076073797956291142:-0.01956904057127417:0;-0.030744749797971382:-0.045300790702125948:0;-0.059073399745991781:-0.021077578960320233:0;0.057173740213016501:-0.032941875771553865:0;-0.059599825108318218:-0.029183946764730389:0;0.0094633984279277189:-0.072268264755142572:0,0:0:0;0:0:0;0:0:0;0:0:0;0:0:0;0:0:0;0:0:0;0:0:0;0:0:0;0:0:0,0.074342038568919369:0.04768202320029194:0;0.015377804130957021:0.098133649431289299:0;-0.0084484587065031484:0.061847213313945784:0;-0.074564193547206892:0.012678723239824548:0;0.076073797956291142:-0.01956904057127417:0;-0.030744749797971382:-0.045300790702125948:0;-0.059073399745991781:-0.021077578960320233:0;0.057173740213016501:-0.032941875771553865:0;-0.059599825108318218:-0.029183946764730389:0;0.0094633984279277189:-0.072268264755142572:0,0.073022570552214353:0.046852725905534194:0;0.014843086025237814:0.095219063813392957:0;-0.0082503729023332226:0.060517657379147979:0;-0.073394695147144723:0.012508394661369479:0;0.074186349342353478:-0.019097703478401829:0;-0.029655234358486417:-0.043679346285879224:0;-0.057821204633129716:-0.020651432457329876:0;0.055809998826802994:-0.032170856850136854:0;-0.058209133855710894:-0.028543826461901418:0;0.0093212910090090598:-0.071214569181247259:0,0.0013194680167050174:0.00082929729475774393:0;0.00053471810571920715:0.0029145856178963399:0;-0.00019808580416992612:0.0013295559347978061:0;-0.0011694984000621715:0.00017032857845506987:0;0.0018874486139376706:-0.00047133709287233895:0;-0.0010895154394849665:-0.0016214444162467249:0;-0.0012521951128620676:-0.00042614650299035767:0;0.0013637413862135081:-0.00077101892141700817:0;-0.0013906912526073264:-0.00064012030282897163:0;0.00014210741891865951:-0.0010536955738953148:0,true,0.073794060183636254,0.00038969777940340189,2.8757381386724044e-05,true,7,true,0.073794060183636254,0.00038969777940340189,2.8757381386724044e-05,true,7,true,0.072128191912442657,0.00013186028636096961,9.5108440402736613e-06,true,6,true,0.001723136790086224,0.011315615403368638,1.9498353204010868e-05,true,9,true
24,n10_irregular_f1.0_d4.0,10,irregular,n10_irregular,4,1,4,0.057044311448606763,0.022760019734953101,5,9,13,21,false,36,15,150,150,true,balanced_sqrt,4.3057697399144826e-13,1.0371190263689603,2.6751536567144296e-17,6.4810875153927491e-20,1.9166053021860629e-16,0,0,2.0974001545895254e-15,true,true,-6.1907970526845126:-4.5980589220666053:0;-1.6869103080066257:-4.3933367973085193:0;3.0216985614293463:-5.0075031715827771:0;7.3208631813491465:-3.8610592729374966:0;-4.757742179377912:-0.012283327485484108:0;-0.13102215984517418:-0.7083385516629761:0;4.5366422846391803:0.72471632164362454:0;-2.8333542066519066:4.2049924425310818:0;1.6705325380259799:4.8191588168053388:0;-0.94991065887751702:8.8317124620638197:0,0.074343257294611151:0.047682520749972895:0;0.015379189992086912:0.098138739450468818:0;-0.0084479234501439408:0.061847204611763656:0;-0.07456552078749748:0.012678442096299373:0;0.076074563218171798:-0.019569010164855599:0;-0.030746941001412693:-0.045305017385036991:0;-0.059073817286006469:-0.02107760552347587:0;0.05717430088307543:-0.032942288881438957:0;-0.059600679672969968:-0.029184083696552714:0;0.0094635589988862727:-0.07226890538400231:0,0:0:0;0:0:0;0:0:0;0:0:0;0:0:0;0:0:0;0:0:0;0:0:0;0:0:0;0:0:0,0.074343257294611151:0.047682520749972895:0;0.015379189992086912:0.098138739450468818:0;-0.0084479234501439408:0.061847204611763656:0;-0.07456552078749748:0.012678442096299373:0;0.076074563218171798:-0.019569010164855599:0;-0.030746941001412693:-0.045305017385036991:0;-0.059073817286006469:-0.02107760552347587:0;0.05717430088307543:-0.032942288881438957:0;-0.059600679672969968:-0.029184083696552714:0;0.0094635589988862727:-0.07226890538400231:0,0.073022712742756804:0.046852833809235078:0;0.014843294684908959:0.095219533583259491:0;-0.0082503596976136722:0.060517693647947908:0;-0.073394840280100682:0.012508356855177353:0;0.074186438813546085:-0.019097660899067583:0;-0.02965549086676306:-0.043679808894560856:0;-0.057821253419772844:-0.020651417020259535:0;0.055810024794448021:-0.032170928331164916:0;-0.058209200647592392:-0.028543860838384279:0;0.0093213068498024347:-0.071214656089681624:0,0.0013205445518543436:0.0008296869407378181:0;0.00053589530717795364:0.0029192058672093276:0;-0.00019756375253026905:0.0013295109638157463:0;-0.0011706805073967977:0.00017008524112202038:0;0.0018881244046257089:-0.00047134926578801543:0;-0.0010914501346496327:-0.0016252084904761336:0;-0.0012525638662336236:-0.00042618850321633257:0;0.001364276088627409:-0.00077136055027404184:0;-0.0013914790253775728:-0.00064022285816843429:0;0.00014225214908383807:-0.0010542492943206899:0,true,0.073795707458251619,3.2291878016099679e-05,2.3830019833536384e-06,true,7,true,0.073795707458251619,3.2291878016099679e-05,2.3830019833536384e-06,true,7,true,0.072128367470219917,3.4841221006189629e-06,2.5130403918455908e-07,true,6,true,0.0017248635678640777,0.0012385841820913843,2.1363887314221556e-06,true,9,true
24,n10_irregular_f1.0_d4.0,10,irregular,n10_irregular,4,1,4,0.057044311448606763,0.022760019734953101,6,9,13,21,false,49,21,210,210,true,balanced_sqrt,1.3521078089411142e-11,1.03711951688862,3.8987994762594557e-17,3.0560598149628173e-21,2.7644222984422946e-16,0,0,2.0974050680794195e-15,true,true,-6.1907970526845126:-4.5980589220666053:0;-1.6869103080066257:-4.3933367973085193:0;3.0216985614293463:-5.0075031715827771:0;7.3208631813491465:-3.8610592729374966:0;-4.757742179377912:-0.012283327485484108:0;-0.13102215984517418:-0.7083385516629761:0;4.5366422846391803:0.72471632164362454:0;-2.8333542066519066:4.2049924425310818:0;1.6705325380259799:4.8191588168053388:0;-0.94991065887751702:8.8317124620638197:0,0.074343366062423047:0.047682557094295849:0;0.015379424846896738:0.098139223897517072:0;-0.0084478573077258531:0.061847288195199836:0;-0.074565641600653959:0.012678420041943665:0;0.076074652495019518:-0.019568996746592498:0;-0.030747235081302202:-0.045305550149481386:0;-0.059073858058435888:-0.02107760193584135:0;0.057174351271131851:-0.032942308205290552:0;-0.059600764898152019:-0.029184067767077583:0;0.0094635716571828867:-0.072268946479381924:0,0:0:0;0:0:0;0:0:0;0:0:0;0:0:0;0:0:0;0:0:0;0:0:0;0:0:0;0:0:0,0.074343366062423047:0.047682557094295849:0;0.015379424846896738:0.098139223897517072:0;-0.0084478573077258531:0.061847288195199836:0;-0.074565641600653959:0.012678420041943665:0;0.076074652495019518:-0.019568996746592498:0;-0.030747235081302202:-0.045305550149481386:0;-0.059073858058435888:-0.02107760193584135:0;0.057174351271131851:-0.032942308205290552:0;-0.059600764898152019:-0.029184067767077583:0;0.0094635716571828867:-0.072268946479381924:0,0.073022715718104897:0.046852830201439197:0;0.014843308738643618:0.095219586966957731:0;-0.0082503514369379298:0.060517695735389336:0;-0.073394846961427465:0.012508356074727929:0;0.074186442818912207:-0.019097661589606619:0;-0.029655512807747603:-0.043679860528990429:0;-0.057821255366509693:-0.020651417321470592:0;0.055810031303725596:-0.032170928309991999:0;-0.058209207740551695:-0.028543858236344592:0;0.0093213077339855139:-0.071214655642590247:0,0.0013206503443181502:0.00082972689285665323:0;0.00053611610825311914:0.0029196369305593472:0;-0.00019750587078792378:0.0013295924598104977:0;-0.0011707946392264974:0.00017006396721573589:0;0.0018882096761073082:-0.00047133515698587853:0;-0.0010917222735546:-0.001625689620490959:0;-0.0012526026919261986:-0.00042618461437075997:0;0.001364319967406252:-0.00077137989529855175:0;-0.001391557157600325:-0.00064020953073299313:0;0.00014226392319737253:-0.0010542908367916787:0,true,0.073795880336308309,3.6407930800571995e-06,2.6867553046516046e-07,true,7,true,0.073795880336308309,3.6407930800571995e-06,2.6867553046516046e-07,true,7,true,0.072128381184062076,3.5225345088872361e-07,2.5407471179103146e-08,true,6,true,0.0017250535711954042,0.00014149859561974503,2.4409265769297556e-07,true,9,true
24,n10_irregular_f1.0_d4.0,10,irregular,n10_irregular,4,1,4,0.057044311448606763,0.022760019734953101,7,9,13,21,false,64,28,280,280,true,balanced_sqrt,3.7375430283233187e-10,1.0371195644187119,3.0642452193805562e-17,6.0964502405692597e-23,2.1806666240417985e-16,0,0,2.0974055874737368e-15,true,true,-6.1907970526845126:-4.5980589220666053:0;-1.6869103080066257:-4.3933367973085193:0;3.0216985614293463:-5.0075031715827771:0;7.3208631813491465:-3.8610592729374966:0;-4.757742179377912:-0.012283327485484108:0;-0.13102215984517418:-0.7083385516629761:0;4.5366422846391803:0.72471632164362454:0;-2.8333542066519066:4.2049924425310818:0;1.6705325380259799:4.8191588168053388:0;-0.94991065887751702:8.8317124620638197:0,0.074343375904550299:0.047682560788822201:0;0.015379445406958007:0.09813928725397425:0;-0.0084478512160722618:0.061847287819074163:0;-0.074565651756604956:0.012678417843087876:0;0.076074657335352625:-0.019568994215925686:0;-0.030747261487139344:-0.045305611915475053:0;-0.059073860801189072:-0.021077601583686385:0;0.057174358051454224:-0.032942311683475091:0;-0.059600773502275307:-0.029184068159482379:0;0.009463572647775538:-0.072268950214561228:0,0:0:0;0:0:0;0:0:0;0:0:0;0:0:0;0:0:0;0:0:0;0:0:0;0:0:0;0:0:0,0.074343375904550299:0.047682560788822201:0;0.015379445406958007:0.09813928725397425:0;-0.0084478512160722618:0.061847287819074163:0;-0.074565651756604956:0.012678417843087876:0;0.076074657335352625:-0.019568994215925686:0;-0.030747261487139344:-0.045305611915475053:0;-0.059073860801189072:-0.021077601583686385:0;0.057174358051454224:-0.032942311683475091:0;-0.059600773502275307:-0.029184068159482379:0;0.009463572647775538:-0.072268950214561228:0,0.073022716731151016:0.046852830678634674:0;0.014843310540053362:0.095219591884203883:0;-0.008250351262391346:0.060517696182295695:0;-0.073394847735898577:0.01250835580929726:0;0.074186443321645298:-0.019097661543811234:0;-0.029655515004235175:-0.043679865535510592:0;-0.057821255557663272:-0.02065141733503113:0;0.055810031584383524:-0.032170928680339134:0;-0.058209208276061498:-0.028543858417568461:0;0.0093213078090772037:-0.071214656126343923:0,0.0013206591733992798:0.00082973011018752619:0;0.00053613486690464568:0.0029196953697703679:0;-0.00019749995368091518:0.0013295916367784659:0;-0.0011708040207063794:0.00017006203379061642:0;0.0018882140137073205:-0.00047133267211445234:0;-0.0010917464829041704:-0.0016257463799644607:0;-0.0012526052435258004:-0.00042618424865525418:0;0.0013643264670707015:-0.00077138300313595563:0;-0.0013915652262138094:-0.00064020974191391895:0;0.00014226483869833433:-0.0010542940882173016:0,true,0.073795898610871227,4.1522974362032999e-07,3.0642252060423927e-08,true,7,true,0.073795898610871227,4.1522974362032999e-07,3.0642252060423927e-08,true,7,true,0.072128382710599973,3.4111311683031629e-08,2.4603937438342652e-09,true,6,true,0.0017250743444854587,1.6345268972925889e-05,2.8196804158908637e-08,true,9,true
24,n10_irregular_f1.0_d4.0,10,irregular,n10_irregular,4,1,4,0.057044311448606763,0.022760019734953101,8,9,13,21,false,81,36,360,360,true,balanced_sqrt,1.2268394389285888e-08,1.0371195685415788,2.7404913203767994e-17,1.533420355988247e-24,1.9360539792709809e-16,0,0,2.0974056314533811e-15,true,true,-6.1907970526845126:-4.5980589220666053:0;-1.6869103080066257:-4.3933367973085193:0;3.0216985614293463:-5.0075031715827771:0;7.3208631813491465:-3.8610592729374966:0;-4.757742179377912:-0.012283327485484108:0;-0.13102215984517418:-0.7083385516629761:0;4.5366422846391803:0.72471632164362454:0;-2.8333542066519066:4.2049924425310818:0;1.6705325380259799:4.8191588168053388:0;-0.94991065887751702:8.8317124620638197:0,0.074343376544961579:0.047682560983175547:0;0.015379447189899854:0.098139292723254168:0;-0.0084478506941027265:0.061847288328477357:0;-0.074565652498126356:0.0126784176706559:0;0.076074657822256989:-0.019568994180133772:0;-0.030747264035812315:-0.045305617160464488:0;-0.059073860973839189:-0.021077601585330681:0;0.057174358438699703:-0.032942311814545829:0;-0.059600774096012603:-0.029184068121621207:0;0.0094635727166035005:-0.07226895044571624:0,0:0:0;0:0:0;0:0:0;0:0:0;0:0:0;0:0:0;0:0:0;0:0:0;0:0:0;0:0:0,0.074343376544961579:0.047682560983175547:0;0.015379447189899854:0.098139292723254168:0;-0.0084478506941027265:0.061847288328477357:0;-0.074565652498126356:0.0126784176706559:0;0.076074657822256989:-0.019568994180133772:0;-0.030747264035812315:-0.045305617160464488:0;-0.059073860973839189:-0.021077601585330681:0;0.057174358438699703:-0.032942311814545829:0;-0.059600774096012603:-0.029184068121621207:0;0.0094635727166035005:-0.07226895044571624:0,0.073022716749653757:0.04685283067869659:0;0.014843310684897058:0.095219592318776525:0;-0.0082503512093769944:0.06051769619418839:0;-0.073394847783200767:0.012508355803362464:0;0.074186443338870089:-0.019097661549695659:0;-0.029655515202113951:-0.0436798659628716:0;-0.0578212555630645:-0.020651417334873558:0;0.055810031619640023:-0.032170928678470073:0;-0.058209208311096904:-0.028543858407582983:0;0.0093213078121336824:-0.071214656126559112:0,0.0013206597953078216:0.00082973030447895787:0;0.00053613650500279521:0.0029197004044776496:0;-0.00019749948472573179:0.001329592134288967:0;-0.0011708047149255887:0.00017006186729343607:0;0.0018882144833868976:-0.0004713326304381119:0;-0.0010917488336983647:-0.0016257511975928905:0;-0.0012526054107746916:-0.00042618425045712289:0;0.0013643268190596798:-0.00077138313607575467:0;-0.0013915657849156993:-0.00064020971403822285:0;0.00014226490446981737:-0.0010542943191571325:0,true,0.073795900158267397,3.5725142238272058e-08,2.6363690297554264e-09,true,7,true,0.073795900158267397,3.5725142238272058e-08,2.6363690297554264e-09,true,7,true,0.072128382819439091,2.9086256072795843e-09,2.0979446128028536e-10,true,6,true,0.0017250761406617803,1.4072312904363802e-06,2.4275811235244876e-09,true,9,true
24,n10_irregular_f1.0_d4.0,10,irregular,n10_irregular,4,1,4,0.057044311448606763,0.022760019734953101,9,9,13,21,false,100,45,450,450,true,balanced_sqrt,5.587117229801356e-07,1.0371195689172694,2.5297929271181254e-17,4.2244801086163022e-26,2.1001339934996273e-16,2.9734320054683058e-17,0,2.0974056351153389e-15,true,true,-6.1907970526845126:-4.5980589220666053:0;-1.6869103080066257:-4.3933367973085193:0;3.0216985614293463:-5.0075031715827771:0;7.3208631813491465:-3.8610592729374966:0;-4.757742179377912:-0.012283327485484108:0;-0.13102215984517418:-0.7083385516629761:0;4.5366422846391803:0.72471632164362454:0;-2.8333542066519066:4.2049924425310818:0;1.6705325380259799:4.8191588168053388:0;-0.94991065887751702:8.8317124620638197:0,0.074343376589888488:0.047682560995263183:0;0.015379447376583831:0.098139293218659968:0;-0.0084478506560970099:0.061847288331505601:0;-0.074565652551316489:0.01267841765671311:0;0.076074657839884097:-0.019568994173206445:0;-0.030747264239561083:-0.045305617657229499:0;-0.059073860983066002:-0.021077601584854382:0;0.057174358467098646:-0.032942311825338584:0;-0.059600774135277416:-0.02918406812069875:0;0.0094635727212162308:-0.072268950461932296:0,0:0:0;0:0:0;0:0:0;0:0:0;0:0:0;0:0:0;0:0:0;0:0:0;0:0:0;0:0:0,0.074343376589888488:0.047682560995263183:0;0.015379447376583831:0.098139293218659968:0;-0.0084478506560970099:0.061847288331505601:0;-0.074565652551316489:0.01267841765671311:0;0.076074657839884097:-0.019568994173206445:0;-0.030747264239561083:-0.045305617657229499:0;-0.059073860983066002:-0.021077601584854382:0;0.057174358467098646:-0.032942311825338584:0;-0.059600774135277416:-0.02918406812069875:0;0.0094635727212162308:-0.072268950461932296:0,0.073022716753326722:0.046852830680216867:0;0.014843310700171454:0.095219592357392649:0;-0.0082503512076949823:0.060517696195634144:0;-0.073394847786641598:0.012508355802228879:0;0.074186443340599761:-0.019097661548444458:0;-0.02965551521868728:-0.043679866000870191:0;-0.057821255564011229:-0.020651417334720274:0;0.055810031620809754:-0.032170928679777847:0;-0.058209208313599936:-0.028543858407932277:0;0.0093213078123936914:-0.07121465612825234:0,0.0013206598365617702:0.00082973031504631498:0;0.00053613667641237716:0.0029197008612673121:0;-0.00019749944840202757:0.0013295921358714607:0;-0.001170804764674891:0.00017006185448423114:0;0.0018882144992843374:-0.00047133262476198594:0;-0.0010917490208738037:-0.0016257516563593073:0;-0.0012526054190547774:-0.00042618425013410594:0;0.0013643268462888913:-0.00077138314556073615:0;-0.0013915658216774834:-0.00064020971276647473:0;0.00014226490882253981:-0.0010542943336799525:0,true,0.073795900287111083,3.2589884795481137e-09,2.4049998887357636e-10,true,7,true,0.073795900287111083,3.2589884795481137e-09,2.4049998887357636e-10,true,7,true,0.072128382829488455,2.5918220354001539e-10,1.8694393199524628e-11,true,6,true,0.001725076293602335,1.2859092727341391e-07,2.2182916021170827e-10,true,9,true
