scale_order,case_id,particle_count,family,target_level,particle_index,lambda_i,lambda_i_over_max,is_first_argmax,local_coupling_sha256
1,t14_1_n45_linear_level1,45,linear,1,0,0.0015565136132680659,0.50030585469944777,false,482f5077b88e5c561e9273886fa427eda1d951dd444823293c443e2a82f52e3d
1,t14_1_n45_linear_level1,45,linear,1,1,0.0028516455723034072,0.91659652905679001,false,482f5077b88e5c561e9273886fa427eda1d951dd444823293c443e2a82f52e3d
1,t14_1_n45_linear_level1,45,linear,1,2,0.0030135226779719822,0.96862823826731603,false,482f5077b88e5c561e9273886fa427eda1d951dd444823293c443e2a82f52e3d
1,t14_1_n45_linear_level1,45,linear,1,3,0.0030614736102216843,0.98404097345853148,false,482f5077b88e5c561e9273886fa427eda1d951dd444823293c443e2a82f52e3d
1,t14_1_n45_linear_level1,45,linear,1,4,0.0030816914928819281,0.99053955142040906,false,482f5077b88e5c561e9273886fa427eda1d951dd444823293c443e2a82f52e3d
1,t14_1_n45_linear_level1,45,linear,1,5,0.0030920324335126904,0.9938634112932484,false,482f5077b88e5c561e9273886fa427eda1d951dd444823293c443e2a82f52e3d
1,t14_1_n45_linear_level1,45,linear,1,6,0.0030980066515965505,0.9957836876462004,false,482f5077b88e5c561e9273886fa427eda1d951dd444823293c443e2a82f52e3d
1,t14_1_n45_linear_level1,45,linear,1,7,0.0031017589877867127,0.99698979066305549,false,482f5077b88e5c561e9273886fa427eda1d951dd444823293c443e2a82f52e3d
1,t14_1_n45_linear_level1,45,linear,1,8,0.0031042630030777701,0.99779464935474582,false,482f5077b88e5c561e9273886fa427eda1d951dd444823293c443e2a82f52e3d
1,t14_1_n45_linear_level1,45,linear,1,9,0.0031060118514847999,0.99835677684888424,false,482f5077b88e5c561e9273886fa427eda1d951dd444823293c443e2a82f52e3d
1,t14_1_n45_linear_level1,45,linear,1,10,0.0031072767911339456,0.99876336289279322,false,482f5077b88e5c561e9273886fa427eda1d951dd444823293c443e2a82f52e3d
1,t14_1_n45_linear_level1,45,linear,1,11,0.0031082169023223085,0.99906554022526051,false,482f5077b88e5c561e9273886fa427eda1d951dd444823293c443e2a82f52e3d
1,t14_1_n45_linear_level1,45,linear,1,12,0.0031089303694034568,0.99929486797080092,false,482f5077b88e5c561e9273886fa427eda1d951dd444823293c443e2a82f52e3d
1,t14_1_n45_linear_level1,45,linear,1,13,0.0031094803517780559,0.99947164728043747,false,482f5077b88e5c561e9273886fa427eda1d951dd444823293c443e2a82f52e3d
1,t14_1_n45_linear_level1,45,linear,1,14,0.0031099088697403858,0.9996093846208437,false,482f5077b88e5c561e9273886fa427eda1d951dd444823293c443e2a82f52e3d
1,t14_1_n45_linear_level1,45,linear,1,15,0.0031102446486345357,0.99971731309971834,false,482f5077b88e5c561e9273886fa427eda1d951dd444823293c443e2a82f52e3d
1,t14_1_n45_linear_level1,45,linear,1,16,0.003110507742930437,0.99980187876972304,false,482f5077b88e5c561e9273886fa427eda1d951dd444823293c443e2a82f52e3d
1,t14_1_n45_linear_level1,45,linear,1,17,0.0031107123602368836,0.99986764834315656,false,482f5077b88e5c561e9273886fa427eda1d951dd444823293c443e2a82f52e3d
1,t14_1_n45_linear_level1,45,linear,1,18,0.0031108686359322766,0.99991787960659417,false,482f5077b88e5c561e9273886fa427eda1d951dd444823293c443e2a82f52e3d
1,t14_1_n45_linear_level1,45,linear,1,19,0.003110983772029105,0.99995488748294004,false,482f5077b88e5c561e9273886fa427eda1d951dd444823293c443e2a82f52e3d
1,t14_1_n45_linear_level1,45,linear,1,20,0.003111062776006058,0.9999802815121841,false,482f5077b88e5c561e9273886fa427eda1d951dd444823293c443e2a82f52e3d
1,t14_1_n45_linear_level1,45,linear,1,21,0.003111108937300433,0.9999951190090357,false,482f5077b88e5c561e9273886fa427eda1d951dd444823293c443e2a82f52e3d
1,t14_1_n45_linear_level1,45,linear,1,22,0.0031111241226691655,1.0000000000000002,true,482f5077b88e5c561e9273886fa427eda1d951dd444823293c443e2a82f52e3d
1,t14_1_n45_linear_level1,45,linear,1,23,0.003111108937300433,0.9999951190090357,false,482f5077b88e5c561e9273886fa427eda1d951dd444823293c443e2a82f52e3d
1,t14_1_n45_linear_level1,45,linear,1,24,0.0031110627760060584,0.99998028151218421,false,482f5077b88e5c561e9273886fa427eda1d951dd444823293c443e2a82f52e3d
1,t14_1_n45_linear_level1,45,linear,1,25,0.003110983772029105,0.99995488748294004,false,482f5077b88e5c561e9273886fa427eda1d951dd444823293c443e2a82f52e3d
1,t14_1_n45_linear_level1,45,linear,1,26,0.0031108686359322766,0.99991787960659417,false,482f5077b88e5c561e9273886fa427eda1d951dd444823293c443e2a82f52e3d
1,t14_1_n45_linear_level1,45,linear,1,27,0.0031107123602368836,0.99986764834315656,false,482f5077b88e5c561e9273886fa427eda1d951dd444823293c443e2a82f52e3d
1,t14_1_n45_linear_level1,45,linear,1,28,0.0031105077429304374,0.99980187876972315,false,482f5077b88e5c561e9273886fa427eda1d951dd444823293c443e2a82f52e3d
1,t14_1_n45_linear_level1,45,linear,1,29,0.0031102446486345361,0.99971731309971845,false,482f5077b88e5c561e9273886fa427eda1d951dd444823293c443e2a82f52e3d
1,t14_1_n45_linear_level1,45,linear,1,30,0.0031099088697403867,0.99960938462084392,false,482f5077b88e5c561e9273886fa427eda1d951dd444823293c443e2a82f52e3d
1,t14_1_n45_linear_level1,45,linear,1,31,0.0031094803517780563,0.99947164728043769,false,482f5077b88e5c561e9273886fa427eda1d951dd444823293c443e2a82f52e3d
1,t14_1_n45_linear_level1,45,linear,1,32,0.0031089303694034568,0.99929486797080092,false,482f5077b88e5c561e9273886fa427eda1d951dd444823293c443e2a82f52e3d
1,t14_1_n45_linear_level1,45,linear,1,33,0.0031082169023223089,0.99906554022526062,false,482f5077b88e5c561e9273886fa427eda1d951dd444823293c443e2a82f52e3d
1,t14_1_n45_linear_level1,45,linear,1,34,0.0031072767911339452,0.99876336289279299,false,482f5077b88e5c561e9273886fa427eda1d951dd444823293c443e2a82f52e3d
1,t14_1_n45_linear_level1,45,linear,1,35,0.0031060118514847999,0.99835677684888424,false,482f5077b88e5c561e9273886fa427eda1d951dd444823293c443e2a82f52e3d
1,t14_1_n45_linear_level1,45,linear,1,36,0.0031042630030777701,0.99779464935474582,false,482f5077b88e5c561e9273886fa427eda1d951dd444823293c443e2a82f52e3d
1,t14_1_n45_linear_level1,45,linear,1,37,0.0031017589877867131,0.99698979066305571,false,482f5077b88e5c561e9273886fa427eda1d951dd444823293c443e2a82f52e3d
1,t14_1_n45_linear_level1,45,linear,1,38,0.0030980066515965505,0.9957836876462004,false,482f5077b88e5c561e9273886fa427eda1d951dd444823293c443e2a82f52e3d
1,t14_1_n45_linear_level1,45,linear,1,39,0.0030920324335126908,0.99386341129324851,false,482f5077b88e5c561e9273886fa427eda1d951dd444823293c443e2a82f52e3d
1,t14_1_n45_linear_level1,45,linear,1,40,0.0030816914928819285,0.99053955142040928,false,482f5077b88e5c561e9273886fa427eda1d951dd444823293c443e2a82f52e3d
1,t14_1_n45_linear_level1,45,linear,1,41,0.0030614736102216843,0.98404097345853148,false,482f5077b88e5c561e9273886fa427eda1d951dd444823293c443e2a82f52e3d
1,t14_1_n45_linear_level1,45,linear,1,42,0.0030135226779719822,0.96862823826731603,false,482f5077b88e5c561e9273886fa427eda1d951dd444823293c443e2a82f52e3d
1,t14_1_n45_linear_level1,45,linear,1,43,0.0028516455723034068,0.9165965290567899,false,482f5077b88e5c561e9273886fa427eda1d951dd444823293c443e2a82f52e3d
1,t14_1_n45_linear_level1,45,linear,1,44,0.0015565136132680659,0.50030585469944777,false,482f5077b88e5c561e9273886fa427eda1d951dd444823293c443e2a82f52e3d
2,t14_1_n45_linear_level2,45,linear,2,0,0.0055578645518141491,0.50030585469944622,false,c57df6f020d57a13709f359dd73a8b94f484cfd26b826b8476ad6742921afea2
2,t14_1_n45_linear_level2,45,linear,2,1,0.010182410038397378,0.91659652905679012,false,c57df6f020d57a13709f359dd73a8b94f484cfd26b826b8476ad6742921afea2
2,t14_1_n45_linear_level2,45,linear,2,2,0.010760426844467359,0.96862823826731637,false,c57df6f020d57a13709f359dd73a8b94f484cfd26b826b8476ad6742921afea2
2,t14_1_n45_linear_level2,45,linear,2,3,0.010931645897294983,0.9840409734585317,false,c57df6f020d57a13709f359dd73a8b94f484cfd26b826b8476ad6742921afea2
2,t14_1_n45_linear_level2,45,linear,2,4,0.011003838168787026,0.99053955142040939,false,c57df6f020d57a13709f359dd73a8b94f484cfd26b826b8476ad6742921afea2
2,t14_1_n45_linear_level2,45,linear,2,5,0.011040762707624474,0.99386341129324896,false,c57df6f020d57a13709f359dd73a8b94f484cfd26b826b8476ad6742921afea2
2,t14_1_n45_linear_level2,45,linear,2,6,0.011062094930246945,0.99578368764620373,false,c57df6f020d57a13709f359dd73a8b94f484cfd26b826b8476ad6742921afea2
2,t14_1_n45_linear_level2,45,linear,2,7,0.011075493448653703,0.99698979066305593,false,c57df6f020d57a13709f359dd73a8b94f484cfd26b826b8476ad6742921afea2
2,t14_1_n45_linear_level2,45,linear,2,8,0.011084434570468978,0.99779464935474593,false,c57df6f020d57a13709f359dd73a8b94f484cfd26b826b8476ad6742921afea2
2,t14_1_n45_linear_level2,45,linear,2,9,0.011090679207512348,0.99835677684888413,false,c57df6f020d57a13709f359dd73a8b94f484cfd26b826b8476ad6742921afea2
2,t14_1_n45_linear_level2,45,linear,2,10,0.011095195944903021,0.99876336289279122,false,c57df6f020d57a13709f359dd73a8b94f484cfd26b826b8476ad6742921afea2
2,t14_1_n45_linear_level2,45,linear,2,11,0.011098552812844333,0.99906554022526028,false,c57df6f020d57a13709f359dd73a8b94f484cfd26b826b8476ad6742921afea2
2,t14_1_n45_linear_level2,45,linear,2,12,0.011101100399556979,0.99929486797080147,false,c57df6f020d57a13709f359dd73a8b94f484cfd26b826b8476ad6742921afea2
2,t14_1_n45_linear_level2,45,linear,2,13,0.011103064229180986,0.99947164728043802,false,c57df6f020d57a13709f359dd73a8b94f484cfd26b826b8476ad6742921afea2
2,t14_1_n45_linear_level2,45,linear,2,14,0.011104594344158683,0.99960938462084425,false,c57df6f020d57a13709f359dd73a8b94f484cfd26b826b8476ad6742921afea2
2,t14_1_n45_linear_level2,45,linear,2,15,0.011105793314471009,0.99971731309971879,false,c57df6f020d57a13709f359dd73a8b94f484cfd26b826b8476ad6742921afea2
2,t14_1_n45_linear_level2,45,linear,2,16,0.011106732748889382,0.99980187876972326,false,c57df6f020d57a13709f359dd73a8b94f484cfd26b826b8476ad6742921afea2
2,t14_1_n45_linear_level2,45,linear,2,17,0.011107463378717793,0.99986764834315633,false,c57df6f020d57a13709f359dd73a8b94f484cfd26b826b8476ad6742921afea2
2,t14_1_n45_linear_level2,45,linear,2,18,0.01110802139449121,0.9999178796065944,false,c57df6f020d57a13709f359dd73a8b94f484cfd26b826b8476ad6742921afea2
2,t14_1_n45_linear_level2,45,linear,2,19,0.0111084325125346,0.99995488748294026,false,c57df6f020d57a13709f359dd73a8b94f484cfd26b826b8476ad6742921afea2
2,t14_1_n45_linear_level2,45,linear,2,20,0.011108714613120945,0.99998028151218421,false,c57df6f020d57a13709f359dd73a8b94f484cfd26b826b8476ad6742921afea2
2,t14_1_n45_linear_level2,45,linear,2,21,0.011108879441889215,0.99999511900903559,false,c57df6f020d57a13709f359dd73a8b94f484cfd26b826b8476ad6742921afea2
2,t14_1_n45_linear_level2,45,linear,2,22,0.011108933664494058,1.0000000000000002,true,c57df6f020d57a13709f359dd73a8b94f484cfd26b826b8476ad6742921afea2
2,t14_1_n45_linear_level2,45,linear,2,23,0.011108879441889215,0.99999511900903559,false,c57df6f020d57a13709f359dd73a8b94f484cfd26b826b8476ad6742921afea2
2,t14_1_n45_linear_level2,45,linear,2,24,0.011108714613120942,0.99998028151218388,false,c57df6f020d57a13709f359dd73a8b94f484cfd26b826b8476ad6742921afea2
2,t14_1_n45_linear_level2,45,linear,2,25,0.011108432512534598,0.99995488748294004,false,c57df6f020d57a13709f359dd73a8b94f484cfd26b826b8476ad6742921afea2
2,t14_1_n45_linear_level2,45,linear,2,26,0.011108021394491211,0.99991787960659451,false,c57df6f020d57a13709f359dd73a8b94f484cfd26b826b8476ad6742921afea2
2,t14_1_n45_linear_level2,45,linear,2,27,0.011107463378717795,0.99986764834315656,false,c57df6f020d57a13709f359dd73a8b94f484cfd26b826b8476ad6742921afea2
2,t14_1_n45_linear_level2,45,linear,2,28,0.011106732748889382,0.99980187876972326,false,c57df6f020d57a13709f359dd73a8b94f484cfd26b826b8476ad6742921afea2
2,t14_1_n45_linear_level2,45,linear,2,29,0.011105793314471007,0.99971731309971856,false,c57df6f020d57a13709f359dd73a8b94f484cfd26b826b8476ad6742921afea2
2,t14_1_n45_linear_level2,45,linear,2,30,0.01110459434415868,0.99960938462084403,false,c57df6f020d57a13709f359dd73a8b94f484cfd26b826b8476ad6742921afea2
2,t14_1_n45_linear_level2,45,linear,2,31,0.011103064229180984,0.99947164728043791,false,c57df6f020d57a13709f359dd73a8b94f484cfd26b826b8476ad6742921afea2
2,t14_1_n45_linear_level2,45,linear,2,32,0.011101100399556975,0.99929486797080114,false,c57df6f020d57a13709f359dd73a8b94f484cfd26b826b8476ad6742921afea2
2,t14_1_n45_linear_level2,45,linear,2,33,0.011098552812844331,0.99906554022526006,false,c57df6f020d57a13709f359dd73a8b94f484cfd26b826b8476ad6742921afea2
2,t14_1_n45_linear_level2,45,linear,2,34,0.011095195944903019,0.99876336289279111,false,c57df6f020d57a13709f359dd73a8b94f484cfd26b826b8476ad6742921afea2
2,t14_1_n45_linear_level2,45,linear,2,35,0.01109067920751235,0.99835677684888435,false,c57df6f020d57a13709f359dd73a8b94f484cfd26b826b8476ad6742921afea2
2,t14_1_n45_linear_level2,45,linear,2,36,0.01108443457046898,0.99779464935474604,false,c57df6f020d57a13709f359dd73a8b94f484cfd26b826b8476ad6742921afea2
2,t14_1_n45_linear_level2,45,linear,2,37,0.011075493448653703,0.99698979066305593,false,c57df6f020d57a13709f359dd73a8b94f484cfd26b826b8476ad6742921afea2
2,t14_1_n45_linear_level2,45,linear,2,38,0.011062094930246945,0.99578368764620373,false,c57df6f020d57a13709f359dd73a8b94f484cfd26b826b8476ad6742921afea2
2,t14_1_n45_linear_level2,45,linear,2,39,0.011040762707624474,0.99386341129324896,false,c57df6f020d57a13709f359dd73a8b94f484cfd26b826b8476ad6742921afea2
2,t14_1_n45_linear_level2,45,linear,2,40,0.011003838168787026,0.99053955142040939,false,c57df6f020d57a13709f359dd73a8b94f484cfd26b826b8476ad6742921afea2
2,t14_1_n45_linear_level2,45,linear,2,41,0.010931645897294983,0.9840409734585317,false,c57df6f020d57a13709f359dd73a8b94f484cfd26b826b8476ad6742921afea2
2,t14_1_n45_linear_level2,45,linear,2,42,0.010760426844467357,0.96862823826731614,false,c57df6f020d57a13709f359dd73a8b94f484cfd26b826b8476ad6742921afea2
2,t14_1_n45_linear_level2,45,linear,2,43,0.010182410038397378,0.91659652905679012,false,c57df6f020d57a13709f359dd73a8b94f484cfd26b826b8476ad6742921afea2
2,t14_1_n45_linear_level2,45,linear,2,44,0.0055578645518141491,0.50030585469944622,false,c57df6f020d57a13709f359dd73a8b94f484cfd26b826b8476ad6742921afea2
3,t14_1_n45_linear_level3,45,linear,3,0,0.012736352539131565,0.50030585469944788,false,4d53419d0cba7cf9300770d9c4c1d6f12a22f410636fd3e3b038664f3711d1a1
3,t14_1_n45_linear_level3,45,linear,3,1,0.023333919482562703,0.91659652905679045,false,4d53419d0cba7cf9300770d9c4c1d6f12a22f410636fd3e3b038664f3711d1a1
3,t14_1_n45_linear_level3,45,linear,3,2,0.024658497609110801,0.96862823826731659,false,4d53419d0cba7cf9300770d9c4c1d6f12a22f410636fd3e3b038664f3711d1a1
3,t14_1_n45_linear_level3,45,linear,3,3,0.025050861654311758,0.98404097345853192,false,4d53419d0cba7cf9300770d9c4c1d6f12a22f410636fd3e3b038664f3711d1a1
3,t14_1_n45_linear_level3,45,linear,3,4,0.025216296815919505,0.99053955142040961,false,4d53419d0cba7cf9300770d9c4c1d6f12a22f410636fd3e3b038664f3711d1a1
3,t14_1_n45_linear_level3,45,linear,3,5,0.025300912757814861,0.99386341129324896,false,4d53419d0cba7cf9300770d9c4c1d6f12a22f410636fd3e3b038664f3711d1a1
3,t14_1_n45_linear_level3,45,linear,3,6,0.025349797487773593,0.99578368764620095,false,4d53419d0cba7cf9300770d9c4c1d6f12a22f410636fd3e3b038664f3711d1a1
3,t14_1_n45_linear_level3,45,linear,3,7,0.025380501412336706,0.99698979066305604,false,4d53419d0cba7cf9300770d9c4c1d6f12a22f410636fd3e3b038664f3711d1a1
3,t14_1_n45_linear_level3,45,linear,3,8,0.025400990806864594,0.99779464935474615,false,4d53419d0cba7cf9300770d9c4c1d6f12a22f410636fd3e3b038664f3711d1a1
3,t14_1_n45_linear_level3,45,linear,3,9,0.025415300961083322,0.99835677684888424,false,4d53419d0cba7cf9300770d9c4c1d6f12a22f410636fd3e3b038664f3711d1a1
3,t14_1_n45_linear_level3,45,linear,3,10,0.025425651475961472,0.99876336289279133,false,4d53419d0cba7cf9300770d9c4c1d6f12a22f410636fd3e3b038664f3711d1a1
3,t14_1_n45_linear_level3,45,linear,3,11,0.025433344044416328,0.99906554022525884,false,4d53419d0cba7cf9300770d9c4c1d6f12a22f410636fd3e3b038664f3711d1a1
3,t14_1_n45_linear_level3,45,linear,3,12,0.025439182071268898,0.99929486797080136,false,4d53419d0cba7cf9300770d9c4c1d6f12a22f410636fd3e3b038664f3711d1a1
3,t14_1_n45_linear_level3,45,linear,3,13,0.025443682365614867,0.99947164728043825,false,4d53419d0cba7cf9300770d9c4c1d6f12a22f410636fd3e3b038664f3711d1a1
3,t14_1_n45_linear_level3,45,linear,3,14,0.025447188763368839,0.99960938462084448,false,4d53419d0cba7cf9300770d9c4c1d6f12a22f410636fd3e3b038664f3711d1a1
3,t14_1_n45_linear_level3,45,linear,3,15,0.025449936312978833,0.99971731309971901,false,4d53419d0cba7cf9300770d9c4c1d6f12a22f410636fd3e3b038664f3711d1a1
3,t14_1_n45_linear_level3,45,linear,3,16,0.025452089112462901,0.99980187876972249,false,4d53419d0cba7cf9300770d9c4c1d6f12a22f410636fd3e3b038664f3711d1a1
3,t14_1_n45_linear_level3,45,linear,3,17,0.025453763417222143,0.99986764834315622,false,4d53419d0cba7cf9300770d9c4c1d6f12a22f410636fd3e3b038664f3711d1a1
3,t14_1_n45_linear_level3,45,linear,3,18,0.02545504216116173,0.99991787960659462,false,4d53419d0cba7cf9300770d9c4c1d6f12a22f410636fd3e3b038664f3711d1a1
3,t14_1_n45_linear_level3,45,linear,3,19,0.025455984275581201,0.99995488748293981,false,4d53419d0cba7cf9300770d9c4c1d6f12a22f410636fd3e3b038664f3711d1a1
3,t14_1_n45_linear_level3,45,linear,3,20,0.025456630734753724,0.99998028151218366,false,4d53419d0cba7cf9300770d9c4c1d6f12a22f410636fd3e3b038664f3711d1a1
3,t14_1_n45_linear_level3,45,linear,3,21,0.025457008454880178,0.99999511900903537,false,4d53419d0cba7cf9300770d9c4c1d6f12a22f410636fd3e3b038664f3711d1a1
3,t14_1_n45_linear_level3,45,linear,3,22,0.025457132710914928,1.0000000000000002,true,4d53419d0cba7cf9300770d9c4c1d6f12a22f410636fd3e3b038664f3711d1a1
3,t14_1_n45_linear_level3,45,linear,3,23,0.025457008454880178,0.99999511900903537,false,4d53419d0cba7cf9300770d9c4c1d6f12a22f410636fd3e3b038664f3711d1a1
3,t14_1_n45_linear_level3,45,linear,3,24,0.025456630734753724,0.99998028151218366,false,4d53419d0cba7cf9300770d9c4c1d6f12a22f410636fd3e3b038664f3711d1a1
3,t14_1_n45_linear_level3,45,linear,3,25,0.025455984275581201,0.99995488748293981,false,4d53419d0cba7cf9300770d9c4c1d6f12a22f410636fd3e3b038664f3711d1a1
3,t14_1_n45_linear_level3,45,linear,3,26,0.025455042161161723,0.99991787960659428,false,4d53419d0cba7cf9300770d9c4c1d6f12a22f410636fd3e3b038664f3711d1a1
3,t14_1_n45_linear_level3,45,linear,3,27,0.025453763417222133,0.99986764834315578,false,4d53419d0cba7cf9300770d9c4c1d6f12a22f410636fd3e3b038664f3711d1a1
3,t14_1_n45_linear_level3,45,linear,3,28,0.025452089112462897,0.99980187876972237,false,4d53419d0cba7cf9300770d9c4c1d6f12a22f410636fd3e3b038664f3711d1a1
3,t14_1_n45_linear_level3,45,linear,3,29,0.02544993631297883,0.99971731309971879,false,4d53419d0cba7cf9300770d9c4c1d6f12a22f410636fd3e3b038664f3711d1a1
3,t14_1_n45_linear_level3,45,linear,3,30,0.025447188763368829,0.99960938462084414,false,4d53419d0cba7cf9300770d9c4c1d6f12a22f410636fd3e3b038664f3711d1a1
3,t14_1_n45_linear_level3,45,linear,3,31,0.025443682365614867,0.99947164728043825,false,4d53419d0cba7cf9300770d9c4c1d6f12a22f410636fd3e3b038664f3711d1a1
3,t14_1_n45_linear_level3,45,linear,3,32,0.025439182071268898,0.99929486797080136,false,4d53419d0cba7cf9300770d9c4c1d6f12a22f410636fd3e3b038664f3711d1a1
3,t14_1_n45_linear_level3,45,linear,3,33,0.025433344044416325,0.99906554022525873,false,4d53419d0cba7cf9300770d9c4c1d6f12a22f410636fd3e3b038664f3711d1a1
3,t14_1_n45_linear_level3,45,linear,3,34,0.025425651475961472,0.99876336289279133,false,4d53419d0cba7cf9300770d9c4c1d6f12a22f410636fd3e3b038664f3711d1a1
3,t14_1_n45_linear_level3,45,linear,3,35,0.025415300961083333,0.99835677684888469,false,4d53419d0cba7cf9300770d9c4c1d6f12a22f410636fd3e3b038664f3711d1a1
3,t14_1_n45_linear_level3,45,linear,3,36,0.025400990806864601,0.99779464935474638,false,4d53419d0cba7cf9300770d9c4c1d6f12a22f410636fd3e3b038664f3711d1a1
3,t14_1_n45_linear_level3,45,linear,3,37,0.02538050141233671,0.99698979066305615,false,4d53419d0cba7cf9300770d9c4c1d6f12a22f410636fd3e3b038664f3711d1a1
3,t14_1_n45_linear_level3,45,linear,3,38,0.025349797487773593,0.99578368764620095,false,4d53419d0cba7cf9300770d9c4c1d6f12a22f410636fd3e3b038664f3711d1a1
3,t14_1_n45_linear_level3,45,linear,3,39,0.025300912757814861,0.99386341129324896,false,4d53419d0cba7cf9300770d9c4c1d6f12a22f410636fd3e3b038664f3711d1a1
3,t14_1_n45_linear_level3,45,linear,3,40,0.025216296815919505,0.99053955142040961,false,4d53419d0cba7cf9300770d9c4c1d6f12a22f410636fd3e3b038664f3711d1a1
3,t14_1_n45_linear_level3,45,linear,3,41,0.025050861654311758,0.98404097345853192,false,4d53419d0cba7cf9300770d9c4c1d6f12a22f410636fd3e3b038664f3711d1a1
3,t14_1_n45_linear_level3,45,linear,3,42,0.024658497609110801,0.96862823826731659,false,4d53419d0cba7cf9300770d9c4c1d6f12a22f410636fd3e3b038664f3711d1a1
3,t14_1_n45_linear_level3,45,linear,3,43,0.0233339194825627,0.91659652905679034,false,4d53419d0cba7cf9300770d9c4c1d6f12a22f410636fd3e3b038664f3711d1a1
3,t14_1_n45_linear_level3,45,linear,3,44,0.012736352539131565,0.50030585469944788,false,4d53419d0cba7cf9300770d9c4c1d6f12a22f410636fd3e3b038664f3711d1a1
4,t14_1_n45_linear_level4,45,linear,4,0,0.032695436591721048,0.50030585469944799,false,06b8757f6e8c7fb4bb6f8e40bbd2abbbff6c7afa2cfbcc705c7b6f8c5b0e41c3
4,t14_1_n45_linear_level4,45,linear,4,1,0.059900405750740363,0.91659652905679034,false,06b8757f6e8c7fb4bb6f8e40bbd2abbbff6c7afa2cfbcc705c7b6f8c5b0e41c3
4,t14_1_n45_linear_level4,45,linear,4,2,0.063300724642218462,0.96862823826731659,false,06b8757f6e8c7fb4bb6f8e40bbd2abbbff6c7afa2cfbcc705c7b6f8c5b0e41c3
4,t14_1_n45_linear_level4,45,linear,4,3,0.064307960718742285,0.98404097345853203,false,06b8757f6e8c7fb4bb6f8e40bbd2abbbff6c7afa2cfbcc705c7b6f8c5b0e41c3
4,t14_1_n45_linear_level4,45,linear,4,4,0.064732648620538999,0.99053955142040939,false,06b8757f6e8c7fb4bb6f8e40bbd2abbbff6c7afa2cfbcc705c7b6f8c5b0e41c3
4,t14_1_n45_linear_level4,45,linear,4,5,0.064949865846144872,0.99386341129324896,false,06b8757f6e8c7fb4bb6f8e40bbd2abbbff6c7afa2cfbcc705c7b6f8c5b0e41c3
4,t14_1_n45_linear_level4,45,linear,4,6,0.065075357629114788,0.99578368764620084,false,06b8757f6e8c7fb4bb6f8e40bbd2abbbff6c7afa2cfbcc705c7b6f8c5b0e41c3
4,t14_1_n45_linear_level4,45,linear,4,7,0.065154177543653588,0.99698979066305604,false,06b8757f6e8c7fb4bb6f8e40bbd2abbbff6c7afa2cfbcc705c7b6f8c5b0e41c3
4,t14_1_n45_linear_level4,45,linear,4,8,0.065206775781456061,0.99779464935474615,false,06b8757f6e8c7fb4bb6f8e40bbd2abbbff6c7afa2cfbcc705c7b6f8c5b0e41c3
4,t14_1_n45_linear_level4,45,linear,4,9,0.065243511317665412,0.99835677684888446,false,06b8757f6e8c7fb4bb6f8e40bbd2abbbff6c7afa2cfbcc705c7b6f8c5b0e41c3
4,t14_1_n45_linear_level4,45,linear,4,10,0.06527008208051531,0.99876336289279133,false,06b8757f6e8c7fb4bb6f8e40bbd2abbbff6c7afa2cfbcc705c7b6f8c5b0e41c3
4,t14_1_n45_linear_level4,45,linear,4,11,0.065289829640373623,0.99906554022525862,false,06b8757f6e8c7fb4bb6f8e40bbd2abbbff6c7afa2cfbcc705c7b6f8c5b0e41c3
4,t14_1_n45_linear_level4,45,linear,4,12,0.065304816414349348,0.99929486797080136,false,06b8757f6e8c7fb4bb6f8e40bbd2abbbff6c7afa2cfbcc705c7b6f8c5b0e41c3
4,t14_1_n45_linear_level4,45,linear,4,13,0.065316369100880331,0.99947164728043814,false,06b8757f6e8c7fb4bb6f8e40bbd2abbbff6c7afa2cfbcc705c7b6f8c5b0e41c3
4,t14_1_n45_linear_level4,45,linear,4,14,0.065325370359684817,0.99960938462084392,false,06b8757f6e8c7fb4bb6f8e40bbd2abbbff6c7afa2cfbcc705c7b6f8c5b0e41c3
4,t14_1_n45_linear_level4,45,linear,4,15,0.065332423582637036,0.99971731309971879,false,06b8757f6e8c7fb4bb6f8e40bbd2abbbff6c7afa2cfbcc705c7b6f8c5b0e41c3
4,t14_1_n45_linear_level4,45,linear,4,16,0.065337950025063138,0.99980187876972237,false,06b8757f6e8c7fb4bb6f8e40bbd2abbbff6c7afa2cfbcc705c7b6f8c5b0e41c3
4,t14_1_n45_linear_level4,45,linear,4,17,0.065342248125710295,0.99986764834315589,false,06b8757f6e8c7fb4bb6f8e40bbd2abbbff6c7afa2cfbcc705c7b6f8c5b0e41c3
4,t14_1_n45_linear_level4,45,linear,4,18,0.065345530783854799,0.99991787960659428,false,06b8757f6e8c7fb4bb6f8e40bbd2abbbff6c7afa2cfbcc705c7b6f8c5b0e41c3
4,t14_1_n45_linear_level4,45,linear,4,19,0.065347949281785778,0.99995488748293981,false,06b8757f6e8c7fb4bb6f8e40bbd2abbbff6c7afa2cfbcc705c7b6f8c5b0e41c3
4,t14_1_n45_linear_level4,45,linear,4,20,0.065349608804386103,0.99998028151218354,false,06b8757f6e8c7fb4bb6f8e40bbd2abbbff6c7afa2cfbcc705c7b6f8c5b0e41c3
4,t14_1_n45_linear_level4,45,linear,4,21,0.065350578448120908,0.99999511900903526,false,06b8757f6e8c7fb4bb6f8e40bbd2abbbff6c7afa2cfbcc705c7b6f8c5b0e41c3
4,t14_1_n45_linear_level4,45,linear,4,22,0.065350897425260776,1,true,06b8757f6e8c7fb4bb6f8e40bbd2abbbff6c7afa2cfbcc705c7b6f8c5b0e41c3
4,t14_1_n45_linear_level4,45,linear,4,23,0.065350578448120908,0.99999511900903526,false,06b8757f6e8c7fb4bb6f8e40bbd2abbbff6c7afa2cfbcc705c7b6f8c5b0e41c3
4,t14_1_n45_linear_level4,45,linear,4,24,0.065349608804386103,0.99998028151218354,false,06b8757f6e8c7fb4bb6f8e40bbd2abbbff6c7afa2cfbcc705c7b6f8c5b0e41c3
4,t14_1_n45_linear_level4,45,linear,4,25,0.065347949281785764,0.99995488748293959,false,06b8757f6e8c7fb4bb6f8e40bbd2abbbff6c7afa2cfbcc705c7b6f8c5b0e41c3
4,t14_1_n45_linear_level4,45,linear,4,26,0.065345530783854799,0.99991787960659428,false,06b8757f6e8c7fb4bb6f8e40bbd2abbbff6c7afa2cfbcc705c7b6f8c5b0e41c3
4,t14_1_n45_linear_level4,45,linear,4,27,0.065342248125710295,0.99986764834315589,false,06b8757f6e8c7fb4bb6f8e40bbd2abbbff6c7afa2cfbcc705c7b6f8c5b0e41c3
4,t14_1_n45_linear_level4,45,linear,4,28,0.065337950025063138,0.99980187876972237,false,06b8757f6e8c7fb4bb6f8e40bbd2abbbff6c7afa2cfbcc705c7b6f8c5b0e41c3
4,t14_1_n45_linear_level4,45,linear,4,29,0.065332423582637036,0.99971731309971879,false,06b8757f6e8c7fb4bb6f8e40bbd2abbbff6c7afa2cfbcc705c7b6f8c5b0e41c3
4,t14_1_n45_linear_level4,45,linear,4,30,0.065325370359684845,0.99960938462084437,false,06b8757f6e8c7fb4bb6f8e40bbd2abbbff6c7afa2cfbcc705c7b6f8c5b0e41c3
4,t14_1_n45_linear_level4,45,linear,4,31,0.065316369100880331,0.99947164728043814,false,06b8757f6e8c7fb4bb6f8e40bbd2abbbff6c7afa2cfbcc705c7b6f8c5b0e41c3
4,t14_1_n45_linear_level4,45,linear,4,32,0.065304816414349348,0.99929486797080136,false,06b8757f6e8c7fb4bb6f8e40bbd2abbbff6c7afa2cfbcc705c7b6f8c5b0e41c3
4,t14_1_n45_linear_level4,45,linear,4,33,0.065289829640373651,0.99906554022525906,false,06b8757f6e8c7fb4bb6f8e40bbd2abbbff6c7afa2cfbcc705c7b6f8c5b0e41c3
4,t14_1_n45_linear_level4,45,linear,4,34,0.065270082080515324,0.99876336289279155,false,06b8757f6e8c7fb4bb6f8e40bbd2abbbff6c7afa2cfbcc705c7b6f8c5b0e41c3
4,t14_1_n45_linear_level4,45,linear,4,35,0.065243511317665412,0.99835677684888446,false,06b8757f6e8c7fb4bb6f8e40bbd2abbbff6c7afa2cfbcc705c7b6f8c5b0e41c3
4,t14_1_n45_linear_level4,45,linear,4,36,0.065206775781456061,0.99779464935474615,false,06b8757f6e8c7fb4bb6f8e40bbd2abbbff6c7afa2cfbcc705c7b6f8c5b0e41c3
4,t14_1_n45_linear_level4,45,linear,4,37,0.065154177543653588,0.99698979066305604,false,06b8757f6e8c7fb4bb6f8e40bbd2abbbff6c7afa2cfbcc705c7b6f8c5b0e41c3
4,t14_1_n45_linear_level4,45,linear,4,38,0.065075357629114788,0.99578368764620084,false,06b8757f6e8c7fb4bb6f8e40bbd2abbbff6c7afa2cfbcc705c7b6f8c5b0e41c3
4,t14_1_n45_linear_level4,45,linear,4,39,0.064949865846144872,0.99386341129324896,false,06b8757f6e8c7fb4bb6f8e40bbd2abbbff6c7afa2cfbcc705c7b6f8c5b0e41c3
4,t14_1_n45_linear_level4,45,linear,4,40,0.064732648620539013,0.99053955142040961,false,06b8757f6e8c7fb4bb6f8e40bbd2abbbff6c7afa2cfbcc705c7b6f8c5b0e41c3
4,t14_1_n45_linear_level4,45,linear,4,41,0.064307960718742285,0.98404097345853203,false,06b8757f6e8c7fb4bb6f8e40bbd2abbbff6c7afa2cfbcc705c7b6f8c5b0e41c3
4,t14_1_n45_linear_level4,45,linear,4,42,0.063300724642218462,0.96862823826731659,false,06b8757f6e8c7fb4bb6f8e40bbd2abbbff6c7afa2cfbcc705c7b6f8c5b0e41c3
4,t14_1_n45_linear_level4,45,linear,4,43,0.059900405750740363,0.91659652905679034,false,06b8757f6e8c7fb4bb6f8e40bbd2abbbff6c7afa2cfbcc705c7b6f8c5b0e41c3
4,t14_1_n45_linear_level4,45,linear,4,44,0.032695436591721048,0.50030585469944799,false,06b8757f6e8c7fb4bb6f8e40bbd2abbbff6c7afa2cfbcc705c7b6f8c5b0e41c3
5,t14_1_n45_compact_level1,45,compact,1,0,0.0010166902164944127,0.32679191713577499,false,067e41ff14040805e741d36659ae96314bd0918761b2dceb59971a6152c15d82
5,t14_1_n45_compact_level1,45,compact,1,1,0.0018176753103980765,0.5842503348399406,false,067e41ff14040805e741d36659ae96314bd0918761b2dceb59971a6152c15d82
5,t14_1_n45_compact_level1,45,compact,1,2,0.0019991873890866352,0.64259325898300945,false,067e41ff14040805e741d36659ae96314bd0918761b2dceb59971a6152c15d82
5,t14_1_n45_compact_level1,45,compact,1,3,0.0020635856652366485,0.66329261831771935,false,067e41ff14040805e741d36659ae96314bd0918761b2dceb59971a6152c15d82
5,t14_1_n45_compact_level1,45,compact,1,4,0.0020808340108938446,0.66883670623485392,false,067e41ff14040805e741d36659ae96314bd0918761b2dceb59971a6152c15d82
5,t14_1_n45_compact_level1,45,compact,1,5,0.0020635856652366489,0.66329261831771946,false,067e41ff14040805e741d36659ae96314bd0918761b2dceb59971a6152c15d82
5,t14_1_n45_compact_level1,45,compact,1,6,0.0019991873890866357,0.64259325898300956,false,067e41ff14040805e741d36659ae96314bd0918761b2dceb59971a6152c15d82
5,t14_1_n45_compact_level1,45,compact,1,7,0.0018176753103980765,0.5842503348399406,false,067e41ff14040805e741d36659ae96314bd0918761b2dceb59971a6152c15d82
5,t14_1_n45_compact_level1,45,compact,1,8,0.0010166902164944127,0.32679191713577499,false,067e41ff14040805e741d36659ae96314bd0918761b2dceb59971a6152c15d82
5,t14_1_n45_compact_level1,45,compact,1,9,0.001817675310398077,0.58425033483994071,false,067e41ff14040805e741d36659ae96314bd0918761b2dceb59971a6152c15d82
5,t14_1_n45_compact_level1,45,compact,1,10,0.0026824343692210574,0.86220744125106863,false,067e41ff14040805e741d36659ae96314bd0918761b2dceb59971a6152c15d82
5,t14_1_n45_compact_level1,45,compact,1,11,0.0028763502219194708,0.9245372760800451,false,067e41ff14040805e741d36659ae96314bd0918761b2dceb59971a6152c15d82
5,t14_1_n45_compact_level1,45,compact,1,12,0.0029370319648063859,0.94404204043346918,false,067e41ff14040805e741d36659ae96314bd0918761b2dceb59971a6152c15d82
5,t14_1_n45_compact_level1,45,compact,1,13,0.0029370319648063855,0.94404204043346895,false,067e41ff14040805e741d36659ae96314bd0918761b2dceb59971a6152c15d82
5,t14_1_n45_compact_level1,45,compact,1,14,0.0028763502219194704,0.92453727608004499,false,067e41ff14040805e741d36659ae96314bd0918761b2dceb59971a6152c15d82
5,t14_1_n45_compact_level1,45,compact,1,15,0.0026824343692210574,0.86220744125106863,false,067e41ff14040805e741d36659ae96314bd0918761b2dceb59971a6152c15d82
5,t14_1_n45_compact_level1,45,compact,1,16,0.0018176753103980765,0.5842503348399406,false,067e41ff14040805e741d36659ae96314bd0918761b2dceb59971a6152c15d82
5,t14_1_n45_compact_level1,45,compact,1,17,0.001999187389086637,0.64259325898301001,false,067e41ff14040805e741d36659ae96314bd0918761b2dceb59971a6152c15d82
5,t14_1_n45_compact_level1,45,compact,1,18,0.0028763502219194717,0.92453727608004543,false,067e41ff14040805e741d36659ae96314bd0918761b2dceb59971a6152c15d82
5,t14_1_n45_compact_level1,45,compact,1,19,0.0030674013252503774,0.98594630246340775,false,067e41ff14040805e741d36659ae96314bd0918761b2dceb59971a6152c15d82
5,t14_1_n45_compact_level1,45,compact,1,20,0.0031111241226691655,0.99999999999999989,true,067e41ff14040805e741d36659ae96314bd0918761b2dceb59971a6152c15d82
5,t14_1_n45_compact_level1,45,compact,1,21,0.0030674013252503774,0.98594630246340775,false,067e41ff14040805e741d36659ae96314bd0918761b2dceb59971a6152c15d82
5,t14_1_n45_compact_level1,45,compact,1,22,0.0028763502219194708,0.9245372760800451,false,067e41ff14040805e741d36659ae96314bd0918761b2dceb59971a6152c15d82
5,t14_1_n45_compact_level1,45,compact,1,23,0.0019991873890866365,0.64259325898300979,false,067e41ff14040805e741d36659ae96314bd0918761b2dceb59971a6152c15d82
5,t14_1_n45_compact_level1,45,compact,1,24,0.0020635856652366485,0.66329261831771935,false,067e41ff14040805e741d36659ae96314bd0918761b2dceb59971a6152c15d82
5,t14_1_n45_compact_level1,45,compact,1,25,0.0029370319648063868,0.9440420404334694,false,067e41ff14040805e741d36659ae96314bd0918761b2dceb59971a6152c15d82
5,t14_1_n45_compact_level1,45,compact,1,26,0.0031111241226691655,0.99999999999999989,false,067e41ff14040805e741d36659ae96314bd0918761b2dceb59971a6152c15d82
5,t14_1_n45_compact_level1,45,compact,1,27,0.0031111241226691655,0.99999999999999989,false,067e41ff14040805e741d36659ae96314bd0918761b2dceb59971a6152c15d82
5,t14_1_n45_compact_level1,45,compact,1,28,0.0029370319648063864,0.94404204043346929,false,067e41ff14040805e741d36659ae96314bd0918761b2dceb59971a6152c15d82
5,t14_1_n45_compact_level1,45,compact,1,29,0.0020635856652366489,0.66329261831771946,false,067e41ff14040805e741d36659ae96314bd0918761b2dceb59971a6152c15d82
5,t14_1_n45_compact_level1,45,compact,1,30,0.0020808340108938459,0.66883670623485436,false,067e41ff14040805e741d36659ae96314bd0918761b2dceb59971a6152c15d82
5,t14_1_n45_compact_level1,45,compact,1,31,0.0029370319648063872,0.94404204043346951,false,067e41ff14040805e741d36659ae96314bd0918761b2dceb59971a6152c15d82
5,t14_1_n45_compact_level1,45,compact,1,32,0.0030674013252503778,0.98594630246340786,false,067e41ff14040805e741d36659ae96314bd0918761b2dceb59971a6152c15d82
5,t14_1_n45_compact_level1,45,compact,1,33,0.0029370319648063868,0.9440420404334694,false,067e41ff14040805e741d36659ae96314bd0918761b2dceb59971a6152c15d82
5,t14_1_n45_compact_level1,45,compact,1,34,0.0020808340108938463,0.66883670623485447,false,067e41ff14040805e741d36659ae96314bd0918761b2dceb59971a6152c15d82
5,t14_1_n45_compact_level1,45,compact,1,35,0.0020635856652366489,0.66329261831771946,false,067e41ff14040805e741d36659ae96314bd0918761b2dceb59971a6152c15d82
5,t14_1_n45_compact_level1,45,compact,1,36,0.0028763502219194704,0.92453727608004499,false,067e41ff14040805e741d36659ae96314bd0918761b2dceb59971a6152c15d82
5,t14_1_n45_compact_level1,45,compact,1,37,0.0028763502219194704,0.92453727608004499,false,067e41ff14040805e741d36659ae96314bd0918761b2dceb59971a6152c15d82
5,t14_1_n45_compact_level1,45,compact,1,38,0.0020635856652366489,0.66329261831771946,false,067e41ff14040805e741d36659ae96314bd0918761b2dceb59971a6152c15d82
5,t14_1_n45_compact_level1,45,compact,1,39,0.0019991873890866352,0.64259325898300945,false,067e41ff14040805e741d36659ae96314bd0918761b2dceb59971a6152c15d82
5,t14_1_n45_compact_level1,45,compact,1,40,0.0026824343692210565,0.86220744125106841,false,067e41ff14040805e741d36659ae96314bd0918761b2dceb59971a6152c15d82
5,t14_1_n45_compact_level1,45,compact,1,41,0.0019991873890866352,0.64259325898300945,false,067e41ff14040805e741d36659ae96314bd0918761b2dceb59971a6152c15d82
5,t14_1_n45_compact_level1,45,compact,1,42,0.0018176753103980781,0.58425033483994104,false,067e41ff14040805e741d36659ae96314bd0918761b2dceb59971a6152c15d82
5,t14_1_n45_compact_level1,45,compact,1,43,0.0018176753103980776,0.58425033483994093,false,067e41ff14040805e741d36659ae96314bd0918761b2dceb59971a6152c15d82
5,t14_1_n45_compact_level1,45,compact,1,44,0.0010166902164944135,0.32679191713577527,false,067e41ff14040805e741d36659ae96314bd0918761b2dceb59971a6152c15d82
6,t14_1_n45_compact_level2,45,compact,2,0,0.0036303097295541649,0.32679191713577532,false,4e5d8fe79669e836acc798fd04435732233d9e52fb960586427f0ea10ddee9b2
6,t14_1_n45_compact_level2,45,compact,2,1,0.0064903982131953421,0.58425033483994093,false,4e5d8fe79669e836acc798fd04435732233d9e52fb960586427f0ea10ddee9b2
6,t14_1_n45_compact_level2,45,compact,2,2,0.0071385258872933011,0.64259325898300967,false,4e5d8fe79669e836acc798fd04435732233d9e52fb960586427f0ea10ddee9b2
6,t14_1_n45_compact_level2,45,compact,2,3,0.0073684736970401205,0.66329261831771968,false,4e5d8fe79669e836acc798fd04435732233d9e52fb960586427f0ea10ddee9b2
6,t14_1_n45_compact_level2,45,compact,2,4,0.0074300626019416895,0.66883670623485414,false,4e5d8fe79669e836acc798fd04435732233d9e52fb960586427f0ea10ddee9b2
6,t14_1_n45_compact_level2,45,compact,2,5,0.0073684736970401196,0.66329261831771968,false,4e5d8fe79669e836acc798fd04435732233d9e52fb960586427f0ea10ddee9b2
6,t14_1_n45_compact_level2,45,compact,2,6,0.0071385258872933011,0.64259325898300967,false,4e5d8fe79669e836acc798fd04435732233d9e52fb960586427f0ea10ddee9b2
6,t14_1_n45_compact_level2,45,compact,2,7,0.0064903982131953421,0.58425033483994093,false,4e5d8fe79669e836acc798fd04435732233d9e52fb960586427f0ea10ddee9b2
6,t14_1_n45_compact_level2,45,compact,2,8,0.0036303097295541649,0.32679191713577532,false,4e5d8fe79669e836acc798fd04435732233d9e52fb960586427f0ea10ddee9b2
6,t14_1_n45_compact_level2,45,compact,2,9,0.0064903982131953447,0.58425033483994127,false,4e5d8fe79669e836acc798fd04435732233d9e52fb960586427f0ea10ddee9b2
6,t14_1_n45_compact_level2,45,compact,2,10,0.0095782052698912771,0.86220744125106896,false,4e5d8fe79669e836acc798fd04435732233d9e52fb960586427f0ea10ddee9b2
6,t14_1_n45_compact_level2,45,compact,2,11,0.010270623270325248,0.92453727608004543,false,4e5d8fe79669e836acc798fd04435732233d9e52fb960586427f0ea10ddee9b2
6,t14_1_n45_compact_level2,45,compact,2,12,0.010487300403669022,0.94404204043346929,false,4e5d8fe79669e836acc798fd04435732233d9e52fb960586427f0ea10ddee9b2
6,t14_1_n45_compact_level2,45,compact,2,13,0.010487300403669022,0.94404204043346929,false,4e5d8fe79669e836acc798fd04435732233d9e52fb960586427f0ea10ddee9b2
6,t14_1_n45_compact_level2,45,compact,2,14,0.010270623270325246,0.92453727608004532,false,4e5d8fe79669e836acc798fd04435732233d9e52fb960586427f0ea10ddee9b2
6,t14_1_n45_compact_level2,45,compact,2,15,0.0095782052698912771,0.86220744125106896,false,4e5d8fe79669e836acc798fd04435732233d9e52fb960586427f0ea10ddee9b2
6,t14_1_n45_compact_level2,45,compact,2,16,0.0064903982131953447,0.58425033483994127,false,4e5d8fe79669e836acc798fd04435732233d9e52fb960586427f0ea10ddee9b2
6,t14_1_n45_compact_level2,45,compact,2,17,0.0071385258872933028,0.6425932589830099,false,4e5d8fe79669e836acc798fd04435732233d9e52fb960586427f0ea10ddee9b2
6,t14_1_n45_compact_level2,45,compact,2,18,0.010270623270325244,0.9245372760800451,false,4e5d8fe79669e836acc798fd04435732233d9e52fb960586427f0ea10ddee9b2
6,t14_1_n45_compact_level2,45,compact,2,19,0.010952812070819183,0.98594630246340764,false,4e5d8fe79669e836acc798fd04435732233d9e52fb960586427f0ea10ddee9b2
6,t14_1_n45_compact_level2,45,compact,2,20,0.011108933664494051,1,false,4e5d8fe79669e836acc798fd04435732233d9e52fb960586427f0ea10ddee9b2
6,t14_1_n45_compact_level2,45,compact,2,21,0.010952812070819187,0.98594630246340798,false,4e5d8fe79669e836acc798fd04435732233d9e52fb960586427f0ea10ddee9b2
6,t14_1_n45_compact_level2,45,compact,2,22,0.010270623270325246,0.92453727608004532,false,4e5d8fe79669e836acc798fd04435732233d9e52fb960586427f0ea10ddee9b2
6,t14_1_n45_compact_level2,45,compact,2,23,0.0071385258872933028,0.6425932589830099,false,4e5d8fe79669e836acc798fd04435732233d9e52fb960586427f0ea10ddee9b2
6,t14_1_n45_compact_level2,45,compact,2,24,0.0073684736970401196,0.66329261831771968,false,4e5d8fe79669e836acc798fd04435732233d9e52fb960586427f0ea10ddee9b2
6,t14_1_n45_compact_level2,45,compact,2,25,0.010487300403669023,0.9440420404334694,false,4e5d8fe79669e836acc798fd04435732233d9e52fb960586427f0ea10ddee9b2
6,t14_1_n45_compact_level2,45,compact,2,26,0.011108933664494055,1.0000000000000002,false,4e5d8fe79669e836acc798fd04435732233d9e52fb960586427f0ea10ddee9b2
6,t14_1_n45_compact_level2,45,compact,2,27,0.011108933664494057,1.0000000000000004,true,4e5d8fe79669e836acc798fd04435732233d9e52fb960586427f0ea10ddee9b2
6,t14_1_n45_compact_level2,45,compact,2,28,0.010487300403669022,0.94404204043346929,false,4e5d8fe79669e836acc798fd04435732233d9e52fb960586427f0ea10ddee9b2
6,t14_1_n45_compact_level2,45,compact,2,29,0.0073684736970401196,0.66329261831771968,false,4e5d8fe79669e836acc798fd04435732233d9e52fb960586427f0ea10ddee9b2
6,t14_1_n45_compact_level2,45,compact,2,30,0.0074300626019416964,0.66883670623485481,false,4e5d8fe79669e836acc798fd04435732233d9e52fb960586427f0ea10ddee9b2
6,t14_1_n45_compact_level2,45,compact,2,31,0.010487300403669029,0.94404204043346995,false,4e5d8fe79669e836acc798fd04435732233d9e52fb960586427f0ea10ddee9b2
6,t14_1_n45_compact_level2,45,compact,2,32,0.010952812070819195,0.98594630246340875,false,4e5d8fe79669e836acc798fd04435732233d9e52fb960586427f0ea10ddee9b2
6,t14_1_n45_compact_level2,45,compact,2,33,0.010487300403669029,0.94404204043346995,false,4e5d8fe79669e836acc798fd04435732233d9e52fb960586427f0ea10ddee9b2
6,t14_1_n45_compact_level2,45,compact,2,34,0.0074300626019416956,0.66883670623485469,false,4e5d8fe79669e836acc798fd04435732233d9e52fb960586427f0ea10ddee9b2
6,t14_1_n45_compact_level2,45,compact,2,35,0.0073684736970401205,0.66329261831771968,false,4e5d8fe79669e836acc798fd04435732233d9e52fb960586427f0ea10ddee9b2
6,t14_1_n45_compact_level2,45,compact,2,36,0.010270623270325248,0.92453727608004543,false,4e5d8fe79669e836acc798fd04435732233d9e52fb960586427f0ea10ddee9b2
6,t14_1_n45_compact_level2,45,compact,2,37,0.010270623270325248,0.92453727608004543,false,4e5d8fe79669e836acc798fd04435732233d9e52fb960586427f0ea10ddee9b2
6,t14_1_n45_compact_level2,45,compact,2,38,0.0073684736970401205,0.66329261831771968,false,4e5d8fe79669e836acc798fd04435732233d9e52fb960586427f0ea10ddee9b2
6,t14_1_n45_compact_level2,45,compact,2,39,0.0071385258872933002,0.64259325898300967,false,4e5d8fe79669e836acc798fd04435732233d9e52fb960586427f0ea10ddee9b2
6,t14_1_n45_compact_level2,45,compact,2,40,0.0095782052698912736,0.86220744125106863,false,4e5d8fe79669e836acc798fd04435732233d9e52fb960586427f0ea10ddee9b2
6,t14_1_n45_compact_level2,45,compact,2,41,0.0071385258872933002,0.64259325898300967,false,4e5d8fe79669e836acc798fd04435732233d9e52fb960586427f0ea10ddee9b2
6,t14_1_n45_compact_level2,45,compact,2,42,0.0064903982131953412,0.58425033483994093,false,4e5d8fe79669e836acc798fd04435732233d9e52fb960586427f0ea10ddee9b2
6,t14_1_n45_compact_level2,45,compact,2,43,0.0064903982131953412,0.58425033483994093,false,4e5d8fe79669e836acc798fd04435732233d9e52fb960586427f0ea10ddee9b2
6,t14_1_n45_compact_level2,45,compact,2,44,0.0036303097295541627,0.3267919171357751,false,4e5d8fe79669e836acc798fd04435732233d9e52fb960586427f0ea10ddee9b2
7,t14_1_n45_compact_level3,45,compact,3,0,0.0083191852033797416,0.32679191713577521,false,5a232d618bc0a67da42ac7478159db4ae24372f2528b7e84922717b0bfbbaf97
7,t14_1_n45_compact_level3,45,compact,3,1,0.014873338310416854,0.58425033483994082,false,5a232d618bc0a67da42ac7478159db4ae24372f2528b7e84922717b0bfbbaf97
7,t14_1_n45_compact_level3,45,compact,3,2,0.016358581873069804,0.6425932589830099,false,5a232d618bc0a67da42ac7478159db4ae24372f2528b7e84922717b0bfbbaf97
7,t14_1_n45_compact_level3,45,compact,3,3,0.016885528210684422,0.66329261831771946,false,5a232d618bc0a67da42ac7478159db4ae24372f2528b7e84922717b0bfbbaf97
7,t14_1_n45_compact_level3,45,compact,3,4,0.017026664792551896,0.66883670623485403,false,5a232d618bc0a67da42ac7478159db4ae24372f2528b7e84922717b0bfbbaf97
7,t14_1_n45_compact_level3,45,compact,3,5,0.016885528210684422,0.66329261831771946,false,5a232d618bc0a67da42ac7478159db4ae24372f2528b7e84922717b0bfbbaf97
7,t14_1_n45_compact_level3,45,compact,3,6,0.016358581873069804,0.6425932589830099,false,5a232d618bc0a67da42ac7478159db4ae24372f2528b7e84922717b0bfbbaf97
7,t14_1_n45_compact_level3,45,compact,3,7,0.014873338310416852,0.58425033483994082,false,5a232d618bc0a67da42ac7478159db4ae24372f2528b7e84922717b0bfbbaf97
7,t14_1_n45_compact_level3,45,compact,3,8,0.0083191852033797416,0.32679191713577521,false,5a232d618bc0a67da42ac7478159db4ae24372f2528b7e84922717b0bfbbaf97
7,t14_1_n45_compact_level3,45,compact,3,9,0.014873338310416852,0.58425033483994082,false,5a232d618bc0a67da42ac7478159db4ae24372f2528b7e84922717b0bfbbaf97
7,t14_1_n45_compact_level3,45,compact,3,10,0.021949329256266834,0.86220744125106863,false,5a232d618bc0a67da42ac7478159db4ae24372f2528b7e84922717b0bfbbaf97
7,t14_1_n45_compact_level3,45,compact,3,11,0.023536068133357502,0.92453727608004532,false,5a232d618bc0a67da42ac7478159db4ae24372f2528b7e84922717b0bfbbaf97
7,t14_1_n45_compact_level3,45,compact,3,12,0.024032603507997737,0.94404204043346929,false,5a232d618bc0a67da42ac7478159db4ae24372f2528b7e84922717b0bfbbaf97
7,t14_1_n45_compact_level3,45,compact,3,13,0.024032603507997741,0.9440420404334694,false,5a232d618bc0a67da42ac7478159db4ae24372f2528b7e84922717b0bfbbaf97
7,t14_1_n45_compact_level3,45,compact,3,14,0.023536068133357509,0.92453727608004566,false,5a232d618bc0a67da42ac7478159db4ae24372f2528b7e84922717b0bfbbaf97
7,t14_1_n45_compact_level3,45,compact,3,15,0.021949329256266841,0.86220744125106885,false,5a232d618bc0a67da42ac7478159db4ae24372f2528b7e84922717b0bfbbaf97
7,t14_1_n45_compact_level3,45,compact,3,16,0.014873338310416857,0.58425033483994093,false,5a232d618bc0a67da42ac7478159db4ae24372f2528b7e84922717b0bfbbaf97
7,t14_1_n45_compact_level3,45,compact,3,17,0.016358581873069798,0.64259325898300956,false,5a232d618bc0a67da42ac7478159db4ae24372f2528b7e84922717b0bfbbaf97
7,t14_1_n45_compact_level3,45,compact,3,18,0.023536068133357502,0.92453727608004532,false,5a232d618bc0a67da42ac7478159db4ae24372f2528b7e84922717b0bfbbaf97
7,t14_1_n45_compact_level3,45,compact,3,19,0.025099365867646817,0.98594630246340709,false,5a232d618bc0a67da42ac7478159db4ae24372f2528b7e84922717b0bfbbaf97
7,t14_1_n45_compact_level3,45,compact,3,20,0.025457132710914911,0.99999999999999956,false,5a232d618bc0a67da42ac7478159db4ae24372f2528b7e84922717b0bfbbaf97
7,t14_1_n45_compact_level3,45,compact,3,21,0.025099365867646824,0.98594630246340742,false,5a232d618bc0a67da42ac7478159db4ae24372f2528b7e84922717b0bfbbaf97
7,t14_1_n45_compact_level3,45,compact,3,22,0.023536068133357499,0.92453727608004521,false,5a232d618bc0a67da42ac7478159db4ae24372f2528b7e84922717b0bfbbaf97
7,t14_1_n45_compact_level3,45,compact,3,23,0.016358581873069798,0.64259325898300956,false,5a232d618bc0a67da42ac7478159db4ae24372f2528b7e84922717b0bfbbaf97
7,t14_1_n45_compact_level3,45,compact,3,24,0.016885528210684432,0.66329261831771991,false,5a232d618bc0a67da42ac7478159db4ae24372f2528b7e84922717b0bfbbaf97
7,t14_1_n45_compact_level3,45,compact,3,25,0.024032603507997741,0.9440420404334694,false,5a232d618bc0a67da42ac7478159db4ae24372f2528b7e84922717b0bfbbaf97
7,t14_1_n45_compact_level3,45,compact,3,26,0.025457132710914918,0.99999999999999989,true,5a232d618bc0a67da42ac7478159db4ae24372f2528b7e84922717b0bfbbaf97
7,t14_1_n45_compact_level3,45,compact,3,27,0.025457132710914918,0.99999999999999989,false,5a232d618bc0a67da42ac7478159db4ae24372f2528b7e84922717b0bfbbaf97
7,t14_1_n45_compact_level3,45,compact,3,28,0.024032603507997744,0.94404204043346951,false,5a232d618bc0a67da42ac7478159db4ae24372f2528b7e84922717b0bfbbaf97
7,t14_1_n45_compact_level3,45,compact,3,29,0.016885528210684432,0.66329261831771991,false,5a232d618bc0a67da42ac7478159db4ae24372f2528b7e84922717b0bfbbaf97
7,t14_1_n45_compact_level3,45,compact,3,30,0.017026664792551906,0.66883670623485447,false,5a232d618bc0a67da42ac7478159db4ae24372f2528b7e84922717b0bfbbaf97
7,t14_1_n45_compact_level3,45,compact,3,31,0.024032603507997751,0.94404204043346984,false,5a232d618bc0a67da42ac7478159db4ae24372f2528b7e84922717b0bfbbaf97
7,t14_1_n45_compact_level3,45,compact,3,32,0.025099365867646842,0.98594630246340809,false,5a232d618bc0a67da42ac7478159db4ae24372f2528b7e84922717b0bfbbaf97
7,t14_1_n45_compact_level3,45,compact,3,33,0.024032603507997748,0.94404204043346973,false,5a232d618bc0a67da42ac7478159db4ae24372f2528b7e84922717b0bfbbaf97
7,t14_1_n45_compact_level3,45,compact,3,34,0.017026664792551906,0.66883670623485447,false,5a232d618bc0a67da42ac7478159db4ae24372f2528b7e84922717b0bfbbaf97
7,t14_1_n45_compact_level3,45,compact,3,35,0.016885528210684422,0.66329261831771946,false,5a232d618bc0a67da42ac7478159db4ae24372f2528b7e84922717b0bfbbaf97
7,t14_1_n45_compact_level3,45,compact,3,36,0.023536068133357495,0.9245372760800451,false,5a232d618bc0a67da42ac7478159db4ae24372f2528b7e84922717b0bfbbaf97
7,t14_1_n45_compact_level3,45,compact,3,37,0.023536068133357499,0.92453727608004521,false,5a232d618bc0a67da42ac7478159db4ae24372f2528b7e84922717b0bfbbaf97
7,t14_1_n45_compact_level3,45,compact,3,38,0.016885528210684422,0.66329261831771946,false,5a232d618bc0a67da42ac7478159db4ae24372f2528b7e84922717b0bfbbaf97
7,t14_1_n45_compact_level3,45,compact,3,39,0.016358581873069798,0.64259325898300956,false,5a232d618bc0a67da42ac7478159db4ae24372f2528b7e84922717b0bfbbaf97
7,t14_1_n45_compact_level3,45,compact,3,40,0.021949329256266831,0.86220744125106852,false,5a232d618bc0a67da42ac7478159db4ae24372f2528b7e84922717b0bfbbaf97
7,t14_1_n45_compact_level3,45,compact,3,41,0.016358581873069798,0.64259325898300956,false,5a232d618bc0a67da42ac7478159db4ae24372f2528b7e84922717b0bfbbaf97
7,t14_1_n45_compact_level3,45,compact,3,42,0.014873338310416854,0.58425033483994082,false,5a232d618bc0a67da42ac7478159db4ae24372f2528b7e84922717b0bfbbaf97
7,t14_1_n45_compact_level3,45,compact,3,43,0.014873338310416854,0.58425033483994082,false,5a232d618bc0a67da42ac7478159db4ae24372f2528b7e84922717b0bfbbaf97
7,t14_1_n45_compact_level3,45,compact,3,44,0.0083191852033797399,0.32679191713577516,false,5a232d618bc0a67da42ac7478159db4ae24372f2528b7e84922717b0bfbbaf97
8,t14_1_n45_compact_level4,45,compact,4,0,0.021356145056144363,0.32679191713577527,false,5d94d6b252893a1f2972000e51666610e14364c77efb56ea39fc052f3bd71ab8
8,t14_1_n45_compact_level4,45,compact,4,1,0.038181283702799218,0.58425033483994071,false,5d94d6b252893a1f2972000e51666610e14364c77efb56ea39fc052f3bd71ab8
8,t14_1_n45_compact_level4,45,compact,4,2,0.041994046153962697,0.64259325898300979,false,5d94d6b252893a1f2972000e51666610e14364c77efb56ea39fc052f3bd71ab8
8,t14_1_n45_compact_level4,45,compact,4,3,0.043346767862613919,0.66329261831771946,false,5d94d6b252893a1f2972000e51666610e14364c77efb56ea39fc052f3bd71ab8
8,t14_1_n45_compact_level4,45,compact,4,4,0.043709078983403211,0.66883670623485403,false,5d94d6b252893a1f2972000e51666610e14364c77efb56ea39fc052f3bd71ab8
8,t14_1_n45_compact_level4,45,compact,4,5,0.043346767862613926,0.66329261831771957,false,5d94d6b252893a1f2972000e51666610e14364c77efb56ea39fc052f3bd71ab8
8,t14_1_n45_compact_level4,45,compact,4,6,0.041994046153962683,0.64259325898300956,false,5d94d6b252893a1f2972000e51666610e14364c77efb56ea39fc052f3bd71ab8
8,t14_1_n45_compact_level4,45,compact,4,7,0.038181283702799218,0.58425033483994071,false,5d94d6b252893a1f2972000e51666610e14364c77efb56ea39fc052f3bd71ab8
8,t14_1_n45_compact_level4,45,compact,4,8,0.021356145056144363,0.32679191713577527,false,5d94d6b252893a1f2972000e51666610e14364c77efb56ea39fc052f3bd71ab8
8,t14_1_n45_compact_level4,45,compact,4,9,0.038181283702799218,0.58425033483994071,false,5d94d6b252893a1f2972000e51666610e14364c77efb56ea39fc052f3bd71ab8
8,t14_1_n45_compact_level4,45,compact,4,10,0.056346030052495125,0.86220744125106852,false,5d94d6b252893a1f2972000e51666610e14364c77efb56ea39fc052f3bd71ab8
8,t14_1_n45_compact_level4,45,compact,4,11,0.060419340694937033,0.92453727608004532,false,5d94d6b252893a1f2972000e51666610e14364c77efb56ea39fc052f3bd71ab8
8,t14_1_n45_compact_level4,45,compact,4,12,0.061693994549501509,0.94404204043346907,false,5d94d6b252893a1f2972000e51666610e14364c77efb56ea39fc052f3bd71ab8
8,t14_1_n45_compact_level4,45,compact,4,13,0.061693994549501502,0.94404204043346895,false,5d94d6b252893a1f2972000e51666610e14364c77efb56ea39fc052f3bd71ab8
8,t14_1_n45_compact_level4,45,compact,4,14,0.060419340694937033,0.92453727608004532,false,5d94d6b252893a1f2972000e51666610e14364c77efb56ea39fc052f3bd71ab8
8,t14_1_n45_compact_level4,45,compact,4,15,0.056346030052495125,0.86220744125106852,false,5d94d6b252893a1f2972000e51666610e14364c77efb56ea39fc052f3bd71ab8
8,t14_1_n45_compact_level4,45,compact,4,16,0.038181283702799218,0.58425033483994071,false,5d94d6b252893a1f2972000e51666610e14364c77efb56ea39fc052f3bd71ab8
8,t14_1_n45_compact_level4,45,compact,4,17,0.041994046153962676,0.64259325898300945,false,5d94d6b252893a1f2972000e51666610e14364c77efb56ea39fc052f3bd71ab8
8,t14_1_n45_compact_level4,45,compact,4,18,0.060419340694937033,0.92453727608004532,false,5d94d6b252893a1f2972000e51666610e14364c77efb56ea39fc052f3bd71ab8
8,t14_1_n45_compact_level4,45,compact,4,19,0.06443247567910125,0.98594630246340731,false,5d94d6b252893a1f2972000e51666610e14364c77efb56ea39fc052f3bd71ab8
8,t14_1_n45_compact_level4,45,compact,4,20,0.065350897425260734,0.99999999999999956,false,5d94d6b252893a1f2972000e51666610e14364c77efb56ea39fc052f3bd71ab8
8,t14_1_n45_compact_level4,45,compact,4,21,0.06443247567910125,0.98594630246340731,false,5d94d6b252893a1f2972000e51666610e14364c77efb56ea39fc052f3bd71ab8
8,t14_1_n45_compact_level4,45,compact,4,22,0.06041934069493702,0.9245372760800451,false,5d94d6b252893a1f2972000e51666610e14364c77efb56ea39fc052f3bd71ab8
8,t14_1_n45_compact_level4,45,compact,4,23,0.041994046153962683,0.64259325898300956,false,5d94d6b252893a1f2972000e51666610e14364c77efb56ea39fc052f3bd71ab8
8,t14_1_n45_compact_level4,45,compact,4,24,0.043346767862613933,0.66329261831771957,false,5d94d6b252893a1f2972000e51666610e14364c77efb56ea39fc052f3bd71ab8
8,t14_1_n45_compact_level4,45,compact,4,25,0.06169399454950153,0.9440420404334694,false,5d94d6b252893a1f2972000e51666610e14364c77efb56ea39fc052f3bd71ab8
8,t14_1_n45_compact_level4,45,compact,4,26,0.065350897425260762,1,true,5d94d6b252893a1f2972000e51666610e14364c77efb56ea39fc052f3bd71ab8
8,t14_1_n45_compact_level4,45,compact,4,27,0.065350897425260748,0.99999999999999978,false,5d94d6b252893a1f2972000e51666610e14364c77efb56ea39fc052f3bd71ab8
8,t14_1_n45_compact_level4,45,compact,4,28,0.06169399454950153,0.9440420404334694,false,5d94d6b252893a1f2972000e51666610e14364c77efb56ea39fc052f3bd71ab8
8,t14_1_n45_compact_level4,45,compact,4,29,0.043346767862613933,0.66329261831771957,false,5d94d6b252893a1f2972000e51666610e14364c77efb56ea39fc052f3bd71ab8
8,t14_1_n45_compact_level4,45,compact,4,30,0.043709078983403246,0.66883670623485458,false,5d94d6b252893a1f2972000e51666610e14364c77efb56ea39fc052f3bd71ab8
8,t14_1_n45_compact_level4,45,compact,4,31,0.061693994549501543,0.94404204043346962,false,5d94d6b252893a1f2972000e51666610e14364c77efb56ea39fc052f3bd71ab8
8,t14_1_n45_compact_level4,45,compact,4,32,0.064432475679101306,0.98594630246340809,false,5d94d6b252893a1f2972000e51666610e14364c77efb56ea39fc052f3bd71ab8
8,t14_1_n45_compact_level4,45,compact,4,33,0.061693994549501543,0.94404204043346962,false,5d94d6b252893a1f2972000e51666610e14364c77efb56ea39fc052f3bd71ab8
8,t14_1_n45_compact_level4,45,compact,4,34,0.043709078983403246,0.66883670623485458,false,5d94d6b252893a1f2972000e51666610e14364c77efb56ea39fc052f3bd71ab8
8,t14_1_n45_compact_level4,45,compact,4,35,0.043346767862613933,0.66329261831771957,false,5d94d6b252893a1f2972000e51666610e14364c77efb56ea39fc052f3bd71ab8
8,t14_1_n45_compact_level4,45,compact,4,36,0.06041934069493702,0.9245372760800451,false,5d94d6b252893a1f2972000e51666610e14364c77efb56ea39fc052f3bd71ab8
8,t14_1_n45_compact_level4,45,compact,4,37,0.06041934069493702,0.9245372760800451,false,5d94d6b252893a1f2972000e51666610e14364c77efb56ea39fc052f3bd71ab8
8,t14_1_n45_compact_level4,45,compact,4,38,0.043346767862613933,0.66329261831771957,false,5d94d6b252893a1f2972000e51666610e14364c77efb56ea39fc052f3bd71ab8
8,t14_1_n45_compact_level4,45,compact,4,39,0.041994046153962676,0.64259325898300945,false,5d94d6b252893a1f2972000e51666610e14364c77efb56ea39fc052f3bd71ab8
8,t14_1_n45_compact_level4,45,compact,4,40,0.056346030052495104,0.86220744125106819,false,5d94d6b252893a1f2972000e51666610e14364c77efb56ea39fc052f3bd71ab8
8,t14_1_n45_compact_level4,45,compact,4,41,0.041994046153962683,0.64259325898300956,false,5d94d6b252893a1f2972000e51666610e14364c77efb56ea39fc052f3bd71ab8
8,t14_1_n45_compact_level4,45,compact,4,42,0.038181283702799204,0.58425033483994049,false,5d94d6b252893a1f2972000e51666610e14364c77efb56ea39fc052f3bd71ab8
8,t14_1_n45_compact_level4,45,compact,4,43,0.038181283702799211,0.5842503348399406,false,5d94d6b252893a1f2972000e51666610e14364c77efb56ea39fc052f3bd71ab8
8,t14_1_n45_compact_level4,45,compact,4,44,0.021356145056144346,0.32679191713577499,false,5d94d6b252893a1f2972000e51666610e14364c77efb56ea39fc052f3bd71ab8
9,t14_1_n45_irregular_level1,45,irregular,1,0,0.00043204595612501839,0.13887133366904944,false,0d45516ef6e6b806f0d68b5ce5885b9357c6ff041033b326913fe2d1fa5735c9
9,t14_1_n45_irregular_level1,45,irregular,1,1,0.001283769179803259,0.41263836773630841,false,0d45516ef6e6b806f0d68b5ce5885b9357c6ff041033b326913fe2d1fa5735c9
9,t14_1_n45_irregular_level1,45,irregular,1,2,0.0017578881482348001,0.56503311308795778,false,0d45516ef6e6b806f0d68b5ce5885b9357c6ff041033b326913fe2d1fa5735c9
9,t14_1_n45_irregular_level1,45,irregular,1,3,0.001589576108814141,0.51093304096474823,false,0d45516ef6e6b806f0d68b5ce5885b9357c6ff041033b326913fe2d1fa5735c9
9,t14_1_n45_irregular_level1,45,irregular,1,4,0.0014815933420508076,0.47622443966642058,false,0d45516ef6e6b806f0d68b5ce5885b9357c6ff041033b326913fe2d1fa5735c9
9,t14_1_n45_irregular_level1,45,irregular,1,5,0.0017754656817352398,0.57068301094075036,false,0d45516ef6e6b806f0d68b5ce5885b9357c6ff041033b326913fe2d1fa5735c9
9,t14_1_n45_irregular_level1,45,irregular,1,6,0.0021420573672309403,0.68851555989774471,false,0d45516ef6e6b806f0d68b5ce5885b9357c6ff041033b326913fe2d1fa5735c9
9,t14_1_n45_irregular_level1,45,irregular,1,7,0.0013156623378487392,0.42288969709121621,false,0d45516ef6e6b806f0d68b5ce5885b9357c6ff041033b326913fe2d1fa5735c9
9,t14_1_n45_irregular_level1,45,irregular,1,8,0.00067936366869128333,0.21836598023881748,false,0d45516ef6e6b806f0d68b5ce5885b9357c6ff041033b326913fe2d1fa5735c9
9,t14_1_n45_irregular_level1,45,irregular,1,9,0.0015429412310661397,0.4959433215227636,false,0d45516ef6e6b806f0d68b5ce5885b9357c6ff041033b326913fe2d1fa5735c9
9,t14_1_n45_irregular_level1,45,irregular,1,10,0.0020467053097426072,0.657866812458338,false,0d45516ef6e6b806f0d68b5ce5885b9357c6ff041033b326913fe2d1fa5735c9
9,t14_1_n45_irregular_level1,45,irregular,1,11,0.002579490370857437,0.82911843730760015,false,0d45516ef6e6b806f0d68b5ce5885b9357c6ff041033b326913fe2d1fa5735c9
9,t14_1_n45_irregular_level1,45,irregular,1,12,0.0023233316742352138,0.74678205774764428,false,0d45516ef6e6b806f0d68b5ce5885b9357c6ff041033b326913fe2d1fa5735c9
9,t14_1_n45_irregular_level1,45,irregular,1,13,0.0020180876357085912,0.64866831284673665,false,0d45516ef6e6b806f0d68b5ce5885b9357c6ff041033b326913fe2d1fa5735c9
9,t14_1_n45_irregular_level1,45,irregular,1,14,0.0023849318709585022,0.76658203817093862,false,0d45516ef6e6b806f0d68b5ce5885b9357c6ff041033b326913fe2d1fa5735c9
9,t14_1_n45_irregular_level1,45,irregular,1,15,0.0023989783722199913,0.77109696612226641,false,0d45516ef6e6b806f0d68b5ce5885b9357c6ff041033b326913fe2d1fa5735c9
9,t14_1_n45_irregular_level1,45,irregular,1,16,0.0010856993301294026,0.34897332517801799,false,0d45516ef6e6b806f0d68b5ce5885b9357c6ff041033b326913fe2d1fa5735c9
9,t14_1_n45_irregular_level1,45,irregular,1,17,0.0012716295878936639,0.40873637237034405,false,0d45516ef6e6b806f0d68b5ce5885b9357c6ff041033b326913fe2d1fa5735c9
9,t14_1_n45_irregular_level1,45,irregular,1,18,0.00191652686089039,0.61602391461197004,false,0d45516ef6e6b806f0d68b5ce5885b9357c6ff041033b326913fe2d1fa5735c9
9,t14_1_n45_irregular_level1,45,irregular,1,19,0.0024174032477027544,0.77701922275886615,false,0d45516ef6e6b806f0d68b5ce5885b9357c6ff041033b326913fe2d1fa5735c9
9,t14_1_n45_irregular_level1,45,irregular,1,20,0.0026081302831897522,0.83832408491375987,false,0d45516ef6e6b806f0d68b5ce5885b9357c6ff041033b326913fe2d1fa5735c9
9,t14_1_n45_irregular_level1,45,irregular,1,21,0.0023537026005471164,0.75654410037738229,false,0d45516ef6e6b806f0d68b5ce5885b9357c6ff041033b326913fe2d1fa5735c9
9,t14_1_n45_irregular_level1,45,irregular,1,22,0.0023604056441735438,0.75869864110354157,false,0d45516ef6e6b806f0d68b5ce5885b9357c6ff041033b326913fe2d1fa5735c9
9,t14_1_n45_irregular_level1,45,irregular,1,23,0.0011618864782497213,0.37346194894110801,false,0d45516ef6e6b806f0d68b5ce5885b9357c6ff041033b326913fe2d1fa5735c9
9,t14_1_n45_irregular_level1,45,irregular,1,24,0.0013153512136777797,0.42278969331165228,false,0d45516ef6e6b806f0d68b5ce5885b9357c6ff041033b326913fe2d1fa5735c9
9,t14_1_n45_irregular_level1,45,irregular,1,25,0.0020931274038753071,0.67278813745287802,false,0d45516ef6e6b806f0d68b5ce5885b9357c6ff041033b326913fe2d1fa5735c9
9,t14_1_n45_irregular_level1,45,irregular,1,26,0.0026006081255792999,0.83590625865101387,false,0d45516ef6e6b806f0d68b5ce5885b9357c6ff041033b326913fe2d1fa5735c9
9,t14_1_n45_irregular_level1,45,irregular,1,27,0.002334830431581785,0.75047807143696821,false,0d45516ef6e6b806f0d68b5ce5885b9357c6ff041033b326913fe2d1fa5735c9
9,t14_1_n45_irregular_level1,45,irregular,1,28,0.0031111241226691655,1,true,0d45516ef6e6b806f0d68b5ce5885b9357c6ff041033b326913fe2d1fa5735c9
9,t14_1_n45_irregular_level1,45,irregular,1,29,0.001843893390169718,0.59267753952155522,false,0d45516ef6e6b806f0d68b5ce5885b9357c6ff041033b326913fe2d1fa5735c9
9,t14_1_n45_irregular_level1,45,irregular,1,30,0.0017915905420346333,0.57586598007460776,false,0d45516ef6e6b806f0d68b5ce5885b9357c6ff041033b326913fe2d1fa5735c9
9,t14_1_n45_irregular_level1,45,irregular,1,31,0.0021212579867483151,0.68183007270323814,false,0d45516ef6e6b806f0d68b5ce5885b9357c6ff041033b326913fe2d1fa5735c9
9,t14_1_n45_irregular_level1,45,irregular,1,32,0.002252321365244708,0.72395741103133682,false,0d45516ef6e6b806f0d68b5ce5885b9357c6ff041033b326913fe2d1fa5735c9
9,t14_1_n45_irregular_level1,45,irregular,1,33,0.0025966760307646183,0.83464237631792704,false,0d45516ef6e6b806f0d68b5ce5885b9357c6ff041033b326913fe2d1fa5735c9
9,t14_1_n45_irregular_level1,45,irregular,1,34,0.0027754489938130004,0.89210487411599149,false,0d45516ef6e6b806f0d68b5ce5885b9357c6ff041033b326913fe2d1fa5735c9
9,t14_1_n45_irregular_level1,45,irregular,1,35,0.0017029680097974183,0.54738028527655458,false,0d45516ef6e6b806f0d68b5ce5885b9357c6ff041033b326913fe2d1fa5735c9
9,t14_1_n45_irregular_level1,45,irregular,1,36,0.002181767982991406,0.70127963300916929,false,0d45516ef6e6b806f0d68b5ce5885b9357c6ff041033b326913fe2d1fa5735c9
9,t14_1_n45_irregular_level1,45,irregular,1,37,0.0021784006939142564,0.70019729461816327,false,0d45516ef6e6b806f0d68b5ce5885b9357c6ff041033b326913fe2d1fa5735c9
9,t14_1_n45_irregular_level1,45,irregular,1,38,0.0014253964112838004,0.45816121603688775,false,0d45516ef6e6b806f0d68b5ce5885b9357c6ff041033b326913fe2d1fa5735c9
9,t14_1_n45_irregular_level1,45,irregular,1,39,0.001252708165080274,0.4026545119021232,false,0d45516ef6e6b806f0d68b5ce5885b9357c6ff041033b326913fe2d1fa5735c9
9,t14_1_n45_irregular_level1,45,irregular,1,40,0.0019923878474842577,0.64040770118001711,false,0d45516ef6e6b806f0d68b5ce5885b9357c6ff041033b326913fe2d1fa5735c9
9,t14_1_n45_irregular_level1,45,irregular,1,41,0.0017843013046687781,0.57352302072022454,false,0d45516ef6e6b806f0d68b5ce5885b9357c6ff041033b326913fe2d1fa5735c9
9,t14_1_n45_irregular_level1,45,irregular,1,42,0.0014409376598953391,0.4631565964841986,false,0d45516ef6e6b806f0d68b5ce5885b9357c6ff041033b326913fe2d1fa5735c9
9,t14_1_n45_irregular_level1,45,irregular,1,43,0.0012132838621620819,0.38998246753368171,false,0d45516ef6e6b806f0d68b5ce5885b9357c6ff041033b326913fe2d1fa5735c9
9,t14_1_n45_irregular_level1,45,irregular,1,44,0.00097572081127674556,0.31362323481958454,false,0d45516ef6e6b806f0d68b5ce5885b9357c6ff041033b326913fe2d1fa5735c9
10,t14_1_n45_irregular_level2,45,irregular,2,0,0.001542712433629291,0.1388713336690495,false,ddb465714fdfd2453935b7db01aea94b0f5d883795a13eeb59df29b65dc3e859
10,t14_1_n45_irregular_level2,45,irregular,2,1,0.0045839722546077537,0.4126383677363083,false,ddb465714fdfd2453935b7db01aea94b0f5d883795a13eeb59df29b65dc3e859
10,t14_1_n45_irregular_level2,45,irregular,2,2,0.0062769153715366904,0.56503311308795767,false,ddb465714fdfd2453935b7db01aea94b0f5d883795a13eeb59df29b65dc3e859
10,t14_1_n45_irregular_level2,45,irregular,2,3,0.005675921259075613,0.51093304096474823,false,ddb465714fdfd2453935b7db01aea94b0f5d883795a13eeb59df29b65dc3e859
10,t14_1_n45_irregular_level2,45,irregular,2,4,0.0052903457096651176,0.47622443966642053,false,ddb465714fdfd2453935b7db01aea94b0f5d883795a13eeb59df29b65dc3e859
10,t14_1_n45_irregular_level2,45,irregular,2,5,0.0063396797119945336,0.57068301094075058,false,ddb465714fdfd2453935b7db01aea94b0f5d883795a13eeb59df29b65dc3e859
10,t14_1_n45_irregular_level2,45,irregular,2,6,0.0076486736818760226,0.68851555989774404,false,ddb465714fdfd2453935b7db01aea94b0f5d883795a13eeb59df29b65dc3e859
10,t14_1_n45_irregular_level2,45,irregular,2,7,0.0046978535923843014,0.42288969709121577,false,ddb465714fdfd2453935b7db01aea94b0f5d883795a13eeb59df29b65dc3e859
10,t14_1_n45_irregular_level2,45,irregular,2,8,0.0024258131890552426,0.2183659802388174,false,ddb465714fdfd2453935b7db01aea94b0f5d883795a13eeb59df29b65dc3e859
10,t14_1_n45_irregular_level2,45,irregular,2,9,0.0055094014601452272,0.49594332152276349,false,ddb465714fdfd2453935b7db01aea94b0f5d883795a13eeb59df29b65dc3e859
10,t14_1_n45_irregular_level2,45,irregular,2,10,0.007308198779671829,0.657866812458338,false,ddb465714fdfd2453935b7db01aea94b0f5d883795a13eeb59df29b65dc3e859
10,t14_1_n45_irregular_level2,45,irregular,2,11,0.0092106217200591031,0.82911843730760004,false,ddb465714fdfd2453935b7db01aea94b0f5d883795a13eeb59df29b65dc3e859
10,t14_1_n45_irregular_level2,45,irregular,2,12,0.0082959523413529482,0.74678205774764406,false,ddb465714fdfd2453935b7db01aea94b0f5d883795a13eeb59df29b65dc3e859
10,t14_1_n45_irregular_level2,45,irregular,2,13,0.0072060132576736748,0.64866831284673665,false,ddb465714fdfd2453935b7db01aea94b0f5d883795a13eeb59df29b65dc3e859
10,t14_1_n45_irregular_level2,45,irregular,2,14,0.0085159090104336074,0.76658203817093862,false,ddb465714fdfd2453935b7db01aea94b0f5d883795a13eeb59df29b65dc3e859
10,t14_1_n45_irregular_level2,45,irregular,2,15,0.0085660650455448763,0.77109696612226619,false,ddb465714fdfd2453935b7db01aea94b0f5d883795a13eeb59df29b65dc3e859
10,t14_1_n45_irregular_level2,45,irregular,2,16,0.0038767215200805152,0.34897332517801799,false,ddb465714fdfd2453935b7db01aea94b0f5d883795a13eeb59df29b65dc3e859
10,t14_1_n45_irregular_level2,45,irregular,2,17,0.0045406252469280929,0.40873637237034399,false,ddb465714fdfd2453935b7db01aea94b0f5d883795a13eeb59df29b65dc3e859
10,t14_1_n45_irregular_level2,45,irregular,2,18,0.0068433688031663241,0.61602391461196981,false,ddb465714fdfd2453935b7db01aea94b0f5d883795a13eeb59df29b65dc3e859
10,t14_1_n45_irregular_level2,45,irregular,2,19,0.0086318550016649745,0.77701922275886615,false,ddb465714fdfd2453935b7db01aea94b0f5d883795a13eeb59df29b65dc3e859
10,t14_1_n45_irregular_level2,45,irregular,2,20,0.0093128866486546415,0.83832408491375987,false,ddb465714fdfd2453935b7db01aea94b0f5d883795a13eeb59df29b65dc3e859
10,t14_1_n45_irregular_level2,45,irregular,2,21,0.0084043982253566712,0.75654410037738218,false,ddb465714fdfd2453935b7db01aea94b0f5d883795a13eeb59df29b65dc3e859
10,t14_1_n45_irregular_level2,45,irregular,2,22,0.0084283328753610252,0.75869864110354135,false,ddb465714fdfd2453935b7db01aea94b0f5d883795a13eeb59df29b65dc3e859
10,t14_1_n45_irregular_level2,45,irregular,2,23,0.0041487640169994358,0.37346194894110807,false,ddb465714fdfd2453935b7db01aea94b0f5d883795a13eeb59df29b65dc3e859
10,t14_1_n45_irregular_level2,45,irregular,2,24,0.0046967426570309317,0.42278969331165228,false,ddb465714fdfd2453935b7db01aea94b0f5d883795a13eeb59df29b65dc3e859
10,t14_1_n45_irregular_level2,45,irregular,2,25,0.0074739587892225295,0.67278813745287791,false,ddb465714fdfd2453935b7db01aea94b0f5d883795a13eeb59df29b65dc3e859
10,t14_1_n45_irregular_level2,45,irregular,2,26,0.0092860271770895241,0.83590625865101387,false,ddb465714fdfd2453935b7db01aea94b0f5d883795a13eeb59df29b65dc3e859
10,t14_1_n45_irregular_level2,45,irregular,2,27,0.0083370111122507123,0.75047807143696821,false,ddb465714fdfd2453935b7db01aea94b0f5d883795a13eeb59df29b65dc3e859
10,t14_1_n45_irregular_level2,45,irregular,2,28,0.011108933664494055,0.99999999999999989,true,ddb465714fdfd2453935b7db01aea94b0f5d883795a13eeb59df29b65dc3e859
10,t14_1_n45_irregular_level2,45,irregular,2,29,0.0065840154709805076,0.59267753952155489,false,ddb465714fdfd2453935b7db01aea94b0f5d883795a13eeb59df29b65dc3e859
10,t14_1_n45_irregular_level2,45,irregular,2,30,0.0063972569722876771,0.5758659800746081,false,ddb465714fdfd2453935b7db01aea94b0f5d883795a13eeb59df29b65dc3e859
10,t14_1_n45_irregular_level2,45,irregular,2,31,0.0075744050481174295,0.68183007270323792,false,ddb465714fdfd2453935b7db01aea94b0f5d883795a13eeb59df29b65dc3e859
10,t14_1_n45_irregular_level2,45,irregular,2,32,0.0080423948550659759,0.7239574110313366,false,ddb465714fdfd2453935b7db01aea94b0f5d883795a13eeb59df29b65dc3e859
10,t14_1_n45_irregular_level2,45,irregular,2,33,0.0092719867920915376,0.83464237631792715,false,ddb465714fdfd2453935b7db01aea94b0f5d883795a13eeb59df29b65dc3e859
10,t14_1_n45_irregular_level2,45,irregular,2,34,0.0099103338683263695,0.89210487411599138,false,ddb465714fdfd2453935b7db01aea94b0f5d883795a13eeb59df29b65dc3e859
10,t14_1_n45_irregular_level2,45,irregular,2,35,0.0060808112783890776,0.54738028527655458,false,ddb465714fdfd2453935b7db01aea94b0f5d883795a13eeb59df29b65dc3e859
10,t14_1_n45_irregular_level2,45,irregular,2,36,0.007790468923359598,0.70127963300916929,false,ddb465714fdfd2453935b7db01aea94b0f5d883795a13eeb59df29b65dc3e859
10,t14_1_n45_irregular_level2,45,irregular,2,37,0.007778445297971376,0.70019729461816316,false,ddb465714fdfd2453935b7db01aea94b0f5d883795a13eeb59df29b65dc3e859
10,t14_1_n45_irregular_level2,45,irregular,2,38,0.005089682556597714,0.45816121603688753,false,ddb465714fdfd2453935b7db01aea94b0f5d883795a13eeb59df29b65dc3e859
10,t14_1_n45_irregular_level2,45,irregular,2,39,0.0044730622624299197,0.40265451190212326,false,ddb465714fdfd2453935b7db01aea94b0f5d883795a13eeb59df29b65dc3e859
10,t14_1_n45_irregular_level2,45,irregular,2,40,0.0071142466706399406,0.640407701180017,false,ddb465714fdfd2453935b7db01aea94b0f5d883795a13eeb59df29b65dc3e859
10,t14_1_n45_irregular_level2,45,irregular,2,41,0.0063712291922412238,0.57352302072022443,false,ddb465714fdfd2453935b7db01aea94b0f5d883795a13eeb59df29b65dc3e859
10,t14_1_n45_irregular_level2,45,irregular,2,42,0.0051451759066158051,0.46315659648419877,false,ddb465714fdfd2453935b7db01aea94b0f5d883795a13eeb59df29b65dc3e859
10,t14_1_n45_irregular_level2,45,irregular,2,43,0.0043322893621473768,0.38998246753368165,false,ddb465714fdfd2453935b7db01aea94b0f5d883795a13eeb59df29b65dc3e859
10,t14_1_n45_irregular_level2,45,irregular,2,44,0.0034840197112548086,0.31362323481958465,false,ddb465714fdfd2453935b7db01aea94b0f5d883795a13eeb59df29b65dc3e859
11,t14_1_n45_irregular_level3,45,irregular,3,0,0.0035352659709547377,0.13887133366904944,false,09afcecd596a9513ee23c3a75422c8020f1bdf4bb6df510083e7f1dd00f49b7c
11,t14_1_n45_irregular_level3,45,irregular,3,1,0.010504589689078513,0.41263836773630841,false,09afcecd596a9513ee23c3a75422c8020f1bdf4bb6df510083e7f1dd00f49b7c
11,t14_1_n45_irregular_level3,45,irregular,3,2,0.014384122945941527,0.56503311308795756,false,09afcecd596a9513ee23c3a75422c8020f1bdf4bb6df510083e7f1dd00f49b7c
11,t14_1_n45_irregular_level3,45,irregular,3,3,0.01300689023023092,0.51093304096474823,false,09afcecd596a9513ee23c3a75422c8020f1bdf4bb6df510083e7f1dd00f49b7c
11,t14_1_n45_irregular_level3,45,irregular,3,4,0.012123308760769152,0.47622443966642025,false,09afcecd596a9513ee23c3a75422c8020f1bdf4bb6df510083e7f1dd00f49b7c
11,t14_1_n45_irregular_level3,45,irregular,3,5,0.014527953145383186,0.57068301094075025,false,09afcecd596a9513ee23c3a75422c8020f1bdf4bb6df510083e7f1dd00f49b7c
11,t14_1_n45_irregular_level3,45,irregular,3,6,0.017527631981846769,0.6885155598977446,false,09afcecd596a9513ee23c3a75422c8020f1bdf4bb6df510083e7f1dd00f49b7c
11,t14_1_n45_irregular_level3,45,irregular,3,7,0.010765559140929689,0.42288969709121582,false,09afcecd596a9513ee23c3a75422c8020f1bdf4bb6df510083e7f1dd00f49b7c
11,t14_1_n45_irregular_level3,45,irregular,3,8,0.0055589717384885952,0.21836598023881731,false,09afcecd596a9513ee23c3a75422c8020f1bdf4bb6df510083e7f1dd00f49b7c
11,t14_1_n45_irregular_level3,45,irregular,3,9,0.01262529495309692,0.49594332152276294,false,09afcecd596a9513ee23c3a75422c8020f1bdf4bb6df510083e7f1dd00f49b7c
11,t14_1_n45_irregular_level3,45,irregular,3,10,0.016747402750858471,0.65786681245833756,false,09afcecd596a9513ee23c3a75422c8020f1bdf4bb6df510083e7f1dd00f49b7c
11,t14_1_n45_irregular_level3,45,irregular,3,11,0.021106978091605957,0.82911843730760004,false,09afcecd596a9513ee23c3a75422c8020f1bdf4bb6df510083e7f1dd00f49b7c
11,t14_1_n45_irregular_level3,45,irregular,3,12,0.019010929950211902,0.74678205774764428,false,09afcecd596a9513ee23c3a75422c8020f1bdf4bb6df510083e7f1dd00f49b7c
11,t14_1_n45_irregular_level3,45,irregular,3,13,0.016513235325504645,0.64866831284673665,false,09afcecd596a9513ee23c3a75422c8020f1bdf4bb6df510083e7f1dd00f49b7c
11,t14_1_n45_irregular_level3,45,irregular,3,14,0.019514980679521222,0.76658203817093851,false,09afcecd596a9513ee23c3a75422c8020f1bdf4bb6df510083e7f1dd00f49b7c
11,t14_1_n45_irregular_level3,45,irregular,3,15,0.019629917799558399,0.77109696612226653,false,09afcecd596a9513ee23c3a75422c8020f1bdf4bb6df510083e7f1dd00f49b7c
11,t14_1_n45_irregular_level3,45,irregular,3,16,0.0088838602516260624,0.34897332517801777,false,09afcecd596a9513ee23c3a75422c8020f1bdf4bb6df510083e7f1dd00f49b7c
11,t14_1_n45_irregular_level3,45,irregular,3,17,0.010405256075209778,0.40873637237034383,false,09afcecd596a9513ee23c3a75422c8020f1bdf4bb6df510083e7f1dd00f49b7c
11,t14_1_n45_irregular_level3,45,irregular,3,18,0.015682202547374229,0.6160239146119697,false,09afcecd596a9513ee23c3a75422c8020f1bdf4bb6df510083e7f1dd00f49b7c
11,t14_1_n45_irregular_level3,45,irregular,3,19,0.019780681472704408,0.77701922275886603,false,09afcecd596a9513ee23c3a75422c8020f1bdf4bb6df510083e7f1dd00f49b7c
11,t14_1_n45_irregular_level3,45,irregular,3,20,0.021341327484405884,0.83832408491375976,false,09afcecd596a9513ee23c3a75422c8020f1bdf4bb6df510083e7f1dd00f49b7c
11,t14_1_n45_irregular_level3,45,irregular,3,21,0.019259443564966748,0.75654410037738218,false,09afcecd596a9513ee23c3a75422c8020f1bdf4bb6df510083e7f1dd00f49b7c
11,t14_1_n45_irregular_level3,45,irregular,3,22,0.019314291994163655,0.75869864110354135,false,09afcecd596a9513ee23c3a75422c8020f1bdf4bb6df510083e7f1dd00f49b7c
11,t14_1_n45_irregular_level3,45,irregular,3,23,0.0095072703966707153,0.37346194894110801,false,09afcecd596a9513ee23c3a75422c8020f1bdf4bb6df510083e7f1dd00f49b7c
11,t14_1_n45_irregular_level3,45,irregular,3,24,0.010763013331441742,0.42278969331165211,false,09afcecd596a9513ee23c3a75422c8020f1bdf4bb6df510083e7f1dd00f49b7c
11,t14_1_n45_irregular_level3,45,irregular,3,25,0.017127256901467169,0.67278813745287769,false,09afcecd596a9513ee23c3a75422c8020f1bdf4bb6df510083e7f1dd00f49b7c
11,t14_1_n45_irregular_level3,45,irregular,3,26,0.021279776560363221,0.83590625865101376,false,09afcecd596a9513ee23c3a75422c8020f1bdf4bb6df510083e7f1dd00f49b7c
11,t14_1_n45_irregular_level3,45,irregular,3,27,0.019105019861202381,0.75047807143696821,false,09afcecd596a9513ee23c3a75422c8020f1bdf4bb6df510083e7f1dd00f49b7c
11,t14_1_n45_irregular_level3,45,irregular,3,28,0.025457132710914911,1,true,09afcecd596a9513ee23c3a75422c8020f1bdf4bb6df510083e7f1dd00f49b7c
11,t14_1_n45_irregular_level3,45,irregular,3,29,0.015087870778378757,0.59267753952155555,false,09afcecd596a9513ee23c3a75422c8020f1bdf4bb6df510083e7f1dd00f49b7c
11,t14_1_n45_irregular_level3,45,irregular,3,30,0.01465989667846037,0.57586598007460765,false,09afcecd596a9513ee23c3a75422c8020f1bdf4bb6df510083e7f1dd00f49b7c
11,t14_1_n45_irregular_level3,45,irregular,3,31,0.017357438647099092,0.68183007270323803,false,09afcecd596a9513ee23c3a75422c8020f1bdf4bb6df510083e7f1dd00f49b7c
11,t14_1_n45_irregular_level3,45,irregular,3,32,0.018429879889675115,0.72395741103133682,false,09afcecd596a9513ee23c3a75422c8020f1bdf4bb6df510083e7f1dd00f49b7c
11,t14_1_n45_irregular_level3,45,irregular,3,33,0.021247601740078854,0.83464237631792704,false,09afcecd596a9513ee23c3a75422c8020f1bdf4bb6df510083e7f1dd00f49b7c
11,t14_1_n45_irregular_level3,45,irregular,3,34,0.022710432172424841,0.89210487411599171,false,09afcecd596a9513ee23c3a75422c8020f1bdf4bb6df510083e7f1dd00f49b7c
11,t14_1_n45_irregular_level3,45,irregular,3,35,0.013934732565623709,0.54738028527655447,false,09afcecd596a9513ee23c3a75422c8020f1bdf4bb6df510083e7f1dd00f49b7c
11,t14_1_n45_irregular_level3,45,irregular,3,36,0.01785256868497612,0.70127963300916896,false,09afcecd596a9513ee23c3a75422c8020f1bdf4bb6df510083e7f1dd00f49b7c
11,t14_1_n45_irregular_level3,45,irregular,3,37,0.017825015452918168,0.70019729461816327,false,09afcecd596a9513ee23c3a75422c8020f1bdf4bb6df510083e7f1dd00f49b7c
11,t14_1_n45_irregular_level3,45,irregular,3,38,0.011663470879645206,0.45816121603688764,false,09afcecd596a9513ee23c3a75422c8020f1bdf4bb6df510083e7f1dd00f49b7c
11,t14_1_n45_irregular_level3,45,irregular,3,39,0.010250429346141012,0.40265451190212298,false,09afcecd596a9513ee23c3a75422c8020f1bdf4bb6df510083e7f1dd00f49b7c
11,t14_1_n45_irregular_level3,45,irregular,3,40,0.016302943838031627,0.64040770118001678,false,09afcecd596a9513ee23c3a75422c8020f1bdf4bb6df510083e7f1dd00f49b7c
11,t14_1_n45_irregular_level3,45,irregular,3,41,0.014600251651239552,0.57352302072022432,false,09afcecd596a9513ee23c3a75422c8020f1bdf4bb6df510083e7f1dd00f49b7c
11,t14_1_n45_irregular_level3,45,irregular,3,42,0.011790638942633914,0.46315659648419877,false,09afcecd596a9513ee23c3a75422c8020f1bdf4bb6df510083e7f1dd00f49b7c
11,t14_1_n45_irregular_level3,45,irregular,3,43,0.0099278354309349989,0.38998246753368165,false,09afcecd596a9513ee23c3a75422c8020f1bdf4bb6df510083e7f1dd00f49b7c
11,t14_1_n45_irregular_level3,45,irregular,3,44,0.0079839483100286011,0.31362323481958482,false,09afcecd596a9513ee23c3a75422c8020f1bdf4bb6df510083e7f1dd00f49b7c
12,t14_1_n45_irregular_level4,45,irregular,4,0,0.0090753662819152078,0.13887133366904941,false,20c6930909c7b21657a5a107c07e64e38c15024152e54a28db393164e13bdbda
12,t14_1_n45_irregular_level4,45,irregular,4,1,0.026966287643662518,0.41263836773630846,false,20c6930909c7b21657a5a107c07e64e38c15024152e54a28db393164e13bdbda
12,t14_1_n45_irregular_level4,45,irregular,4,2,0.036925421015286883,0.56503311308795778,false,20c6930909c7b21657a5a107c07e64e38c15024152e54a28db393164e13bdbda
12,t14_1_n45_irregular_level4,45,irregular,4,3,0.033389932751263812,0.51093304096474823,false,20c6930909c7b21657a5a107c07e64e38c15024152e54a28db393164e13bdbda
12,t14_1_n45_irregular_level4,45,irregular,4,4,0.031121694508042527,0.47622443966642058,false,20c6930909c7b21657a5a107c07e64e38c15024152e54a28db393164e13bdbda
12,t14_1_n45_irregular_level4,45,irregular,4,5,0.037294646910327946,0.57068301094075058,false,20c6930909c7b21657a5a107c07e64e38c15024152e54a28db393164e13bdbda
12,t14_1_n45_irregular_level4,45,irregular,4,6,0.044995109730573475,0.68851555989774449,false,20c6930909c7b21657a5a107c07e64e38c15024152e54a28db393164e13bdbda
12,t14_1_n45_irregular_level4,45,irregular,4,7,0.027636221216807658,0.42288969709121621,false,20c6930909c7b21657a5a107c07e64e38c15024152e54a28db393164e13bdbda
12,t14_1_n45_irregular_level4,45,irregular,4,8,0.014270412775753478,0.21836598023881751,false,20c6930909c7b21657a5a107c07e64e38c15024152e54a28db393164e13bdbda
12,t14_1_n45_irregular_level4,45,irregular,4,9,0.032410341133577186,0.49594332152276283,false,20c6930909c7b21657a5a107c07e64e38c15024152e54a28db393164e13bdbda
12,t14_1_n45_irregular_level4,45,irregular,4,10,0.042992186580448066,0.65786681245833756,false,20c6930909c7b21657a5a107c07e64e38c15024152e54a28db393164e13bdbda
12,t14_1_n45_irregular_level4,45,irregular,4,11,0.05418363394988146,0.82911843730760015,false,20c6930909c7b21657a5a107c07e64e38c15024152e54a28db393164e13bdbda
12,t14_1_n45_irregular_level4,45,irregular,4,12,0.048802877654891441,0.74678205774764417,false,20c6930909c7b21657a5a107c07e64e38c15024152e54a28db393164e13bdbda
12,t14_1_n45_irregular_level4,45,irregular,4,13,0.042391056375864038,0.64866831284673665,false,20c6930909c7b21657a5a107c07e64e38c15024152e54a28db393164e13bdbda
12,t14_1_n45_irregular_level4,45,irregular,4,14,0.050096824144556344,0.76658203817093884,false,20c6930909c7b21657a5a107c07e64e38c15024152e54a28db393164e13bdbda
12,t14_1_n45_irregular_level4,45,irregular,4,15,0.050391878737986,0.77109696612226653,false,20c6930909c7b21657a5a107c07e64e38c15024152e54a28db393164e13bdbda
12,t14_1_n45_irregular_level4,45,irregular,4,16,0.022805719977860822,0.34897332517801805,false,20c6930909c7b21657a5a107c07e64e38c15024152e54a28db393164e13bdbda
12,t14_1_n45_irregular_level4,45,irregular,4,17,0.026711288744747531,0.40873637237034399,false,20c6930909c7b21657a5a107c07e64e38c15024152e54a28db393164e13bdbda
12,t14_1_n45_irregular_level4,45,irregular,4,18,0.040257715655314434,0.61602391461196992,false,20c6930909c7b21657a5a107c07e64e38c15024152e54a28db393164e13bdbda
12,t14_1_n45_irregular_level4,45,irregular,4,19,0.050778903523970492,0.77701922275886615,false,20c6930909c7b21657a5a107c07e64e38c15024152e54a28db393164e13bdbda
12,t14_1_n45_irregular_level4,45,irregular,4,20,0.054785231282324709,0.83832408491375998,false,20c6930909c7b21657a5a107c07e64e38c15024152e54a28db393164e13bdbda
12,t14_1_n45_irregular_level4,45,irregular,4,21,0.049440835901448488,0.7565441003773824,false,20c6930909c7b21657a5a107c07e64e38c15024152e54a28db393164e13bdbda
12,t14_1_n45_irregular_level4,45,irregular,4,22,0.049581637071442267,0.75869864110354157,false,20c6930909c7b21657a5a107c07e64e38c15024152e54a28db393164e13bdbda
12,t14_1_n45_irregular_level4,45,irregular,4,23,0.02440607351748832,0.37346194894110807,false,20c6930909c7b21657a5a107c07e64e38c15024152e54a28db393164e13bdbda
12,t14_1_n45_irregular_level4,45,irregular,4,24,0.027629685880067235,0.42278969331165223,false,20c6930909c7b21657a5a107c07e64e38c15024152e54a28db393164e13bdbda
12,t14_1_n45_irregular_level4,45,irregular,4,25,0.043967308559615254,0.67278813745287791,false,20c6930909c7b21657a5a107c07e64e38c15024152e54a28db393164e13bdbda
12,t14_1_n45_irregular_level4,45,irregular,4,26,0.054627224166235902,0.83590625865101409,false,20c6930909c7b21657a5a107c07e64e38c15024152e54a28db393164e13bdbda
12,t14_1_n45_irregular_level4,45,irregular,4,27,0.049044415466384821,0.75047807143696821,false,20c6930909c7b21657a5a107c07e64e38c15024152e54a28db393164e13bdbda
12,t14_1_n45_irregular_level4,45,irregular,4,28,0.065350897425260762,1.0000000000000002,true,20c6930909c7b21657a5a107c07e64e38c15024152e54a28db393164e13bdbda
12,t14_1_n45_irregular_level4,45,irregular,4,29,0.038732009091529088,0.59267753952155533,false,20c6930909c7b21657a5a107c07e64e38c15024152e54a28db393164e13bdbda
12,t14_1_n45_irregular_level4,45,irregular,4,30,0.03763335859455294,0.57586598007460776,false,20c6930909c7b21657a5a107c07e64e38c15024152e54a28db393164e13bdbda
12,t14_1_n45_irregular_level4,45,irregular,4,31,0.044558207142687399,0.68183007270323825,false,20c6930909c7b21657a5a107c07e64e38c15024152e54a28db393164e13bdbda
12,t14_1_n45_irregular_level4,45,irregular,4,32,0.047311266508566222,0.72395741103133671,false,20c6930909c7b21657a5a107c07e64e38c15024152e54a28db393164e13bdbda
12,t14_1_n45_irregular_level4,45,irregular,4,33,0.054544628321528725,0.83464237631792693,false,20c6930909c7b21657a5a107c07e64e38c15024152e54a28db393164e13bdbda
12,t14_1_n45_irregular_level4,45,irregular,4,34,0.058299854120929334,0.89210487411599182,false,20c6930909c7b21657a5a107c07e64e38c15024152e54a28db393164e13bdbda
12,t14_1_n45_irregular_level4,45,irregular,4,35,0.035771792875718071,0.54738028527655436,false,20c6930909c7b21657a5a107c07e64e38c15024152e54a28db393164e13bdbda
12,t14_1_n45_irregular_level4,45,irregular,4,36,0.045829253363206722,0.70127963300916929,false,20c6930909c7b21657a5a107c07e64e38c15024152e54a28db393164e13bdbda
12,t14_1_n45_irregular_level4,45,irregular,4,37,0.045758521578036671,0.70019729461816327,false,20c6930909c7b21657a5a107c07e64e38c15024152e54a28db393164e13bdbda
12,t14_1_n45_irregular_level4,45,irregular,4,38,0.029941246633459373,0.45816121603688764,false,20c6930909c7b21657a5a107c07e64e38c15024152e54a28db393164e13bdbda
12,t14_1_n45_irregular_level4,45,irregular,4,39,0.026313833705134071,0.40265451190212298,false,20c6930909c7b21657a5a107c07e64e38c15024152e54a28db393164e13bdbda
12,t14_1_n45_irregular_level4,45,irregular,4,40,0.041851217990162323,0.64040770118001689,false,20c6930909c7b21657a5a107c07e64e38c15024152e54a28db393164e13bdbda
12,t14_1_n45_irregular_level4,45,irregular,4,41,0.037480244098113069,0.57352302072022421,false,20c6930909c7b21657a5a107c07e64e38c15024152e54a28db393164e13bdbda
12,t14_1_n45_irregular_level4,45,irregular,4,42,0.030267699228671754,0.46315659648419871,false,20c6930909c7b21657a5a107c07e64e38c15024152e54a28db393164e13bdbda
12,t14_1_n45_irregular_level4,45,irregular,4,43,0.025485704233443707,0.3899824675336816,false,20c6930909c7b21657a5a107c07e64e38c15024152e54a28db393164e13bdbda
12,t14_1_n45_irregular_level4,45,irregular,4,44,0.020495559848873138,0.3136232348195846,false,20c6930909c7b21657a5a107c07e64e38c15024152e54a28db393164e13bdbda
13,t14_1_n105_linear_level1,105,linear,1,0,0.0015557375707186164,0.50005641349464525,false,0eebf3b4bd0decb9a372634699c1e48d7a87f1f837d549bd98429117a31c0304
13,t14_1_n105_linear_level1,105,linear,1,1,0.0028500152731056336,0.91607250650626126,false,0eebf3b4bd0decb9a372634699c1e48d7a87f1f837d549bd98429117a31c0304
13,t14_1_n105_linear_level1,105,linear,1,2,0.0030117989452816355,0.96807418364834874,false,0eebf3b4bd0decb9a372634699c1e48d7a87f1f837d549bd98429117a31c0304
13,t14_1_n105_linear_level1,105,linear,1,3,0.0030597339794684402,0.98348180876929037,false,0eebf3b4bd0decb9a372634699c1e48d7a87f1f837d549bd98429117a31c0304
13,t14_1_n105_linear_level1,105,linear,1,4,0.0030799558303322258,0.98998166221982908,false,0eebf3b4bd0decb9a372634699c1e48d7a87f1f837d549bd98429117a31c0304
13,t14_1_n105_linear_level1,105,linear,1,5,0.0030903087668773185,0.99330937790614848,false,0eebf3b4bd0decb9a372634699c1e48d7a87f1f837d549bd98429117a31c0304
13,t14_1_n105_linear_level1,105,linear,1,6,0.0030962994647072274,0.99523495129817674,false,0eebf3b4bd0decb9a372634699c1e48d7a87f1f837d549bd98429117a31c0304
13,t14_1_n105_linear_level1,105,linear,1,7,0.003100071497293343,0.99644738527296761,false,0eebf3b4bd0decb9a372634699c1e48d7a87f1f837d549bd98429117a31c0304
13,t14_1_n105_linear_level1,105,linear,1,8,0.0031025979675591529,0.99725946160492773,false,0eebf3b4bd0decb9a372634699c1e48d7a87f1f837d549bd98429117a31c0304
13,t14_1_n105_linear_level1,105,linear,1,9,0.0031043719214687323,0.99782965869113638,false,0eebf3b4bd0decb9a372634699c1e48d7a87f1f837d549bd98429117a31c0304
13,t14_1_n105_linear_level1,105,linear,1,10,0.0031056646907386032,0.99824518993286704,false,0eebf3b4bd0decb9a372634699c1e48d7a87f1f837d549bd98429117a31c0304
13,t14_1_n105_linear_level1,105,linear,1,11,0.0031066355433216424,0.99855724838658322,false,0eebf3b4bd0decb9a372634699c1e48d7a87f1f837d549bd98429117a31c0304
13,t14_1_n105_linear_level1,105,linear,1,12,0.0031073829382024104,0.99879748145067793,false,0eebf3b4bd0decb9a372634699c1e48d7a87f1f837d549bd98429117a31c0304
13,t14_1_n105_linear_level1,105,linear,1,13,0.003107970387978747,0.99898630380336273,false,0eebf3b4bd0decb9a372634699c1e48d7a87f1f837d549bd98429117a31c0304
13,t14_1_n105_linear_level1,105,linear,1,14,0.0031084403464181655,0.99913736124141028,false,0eebf3b4bd0decb9a372634699c1e48d7a87f1f837d549bd98429117a31c0304
13,t14_1_n105_linear_level1,105,linear,1,15,0.0031088220610318495,0.99926005471124091,false,0eebf3b4bd0decb9a372634699c1e48d7a87f1f837d549bd98429117a31c0304
13,t14_1_n105_linear_level1,105,linear,1,16,0.003109136211142686,0.99936103111026897,false,0eebf3b4bd0decb9a372634699c1e48d7a87f1f837d549bd98429117a31c0304
13,t14_1_n105_linear_level1,105,linear,1,17,0.0031093977515227389,0.99944509730941133,false,0eebf3b4bd0decb9a372634699c1e48d7a87f1f837d549bd98429117a31c0304
13,t14_1_n105_linear_level1,105,linear,1,18,0.0031096177131370618,0.9995157989611777,false,0eebf3b4bd0decb9a372634699c1e48d7a87f1f837d549bd98429117a31c0304
13,t14_1_n105_linear_level1,105,linear,1,19,0.0031098043761803042,0.99957579754557435,false,0eebf3b4bd0decb9a372634699c1e48d7a87f1f837d549bd98429117a31c0304
13,t14_1_n105_linear_level1,105,linear,1,20,0.0031099640535199938,0.99962712219010597,false,0eebf3b4bd0decb9a372634699c1e48d7a87f1f837d549bd98429117a31c0304
13,t14_1_n105_linear_level1,105,linear,1,21,0.0031101016256769752,0.9996713416270544,false,0eebf3b4bd0decb9a372634699c1e48d7a87f1f837d549bd98429117a31c0304
13,t14_1_n105_linear_level1,105,linear,1,22,0.0031102209134661364,0.99970968397035476,false,0eebf3b4bd0decb9a372634699c1e48d7a87f1f837d549bd98429117a31c0304
13,t14_1_n105_linear_level1,105,linear,1,23,0.0031103249422398758,0.99974312165063928,false,0eebf3b4bd0decb9a372634699c1e48d7a87f1f837d549bd98429117a31c0304
13,t14_1_n105_linear_level1,105,linear,1,24,0.0031104161323216046,0.999772432625751,false,0eebf3b4bd0decb9a372634699c1e48d7a87f1f837d549bd98429117a31c0304
13,t14_1_n105_linear_level1,105,linear,1,25,0.0031104964382797995,0.99979824514721538,false,0eebf3b4bd0decb9a372634699c1e48d7a87f1f837d549bd98429117a31c0304
13,t14_1_n105_linear_level1,105,linear,1,26,0.0031105674521633968,0.99982107094290762,false,0eebf3b4bd0decb9a372634699c1e48d7a87f1f837d549bd98429117a31c0304
13,t14_1_n105_linear_level1,105,linear,1,27,0.0031106304809715435,0.99984133011793941,false,0eebf3b4bd0decb9a372634699c1e48d7a87f1f837d549bd98429117a31c0304
13,t14_1_n105_linear_level1,105,linear,1,28,0.0031106866054503046,0.99985937005352155,false,0eebf3b4bd0decb9a372634699c1e48d7a87f1f837d549bd98429117a31c0304
13,t14_1_n105_linear_level1,105,linear,1,29,0.003110736725185176,0.99987547990092573,false,0eebf3b4bd0decb9a372634699c1e48d7a87f1f837d549bd98429117a31c0304
13,t14_1_n105_linear_level1,105,linear,1,30,0.0031107815935187463,0.99988990180497106,false,0eebf3b4bd0decb9a372634699c1e48d7a87f1f837d549bd98429117a31c0304
13,t14_1_n105_linear_level1,105,linear,1,31,0.003110821844832367,0.99990283967309634,false,0eebf3b4bd0decb9a372634699c1e48d7a87f1f837d549bd98429117a31c0304
13,t14_1_n105_linear_level1,105,linear,1,32,0.0031108580160387942,0.99991446608368018,false,0eebf3b4bd0decb9a372634699c1e48d7a87f1f837d549bd98429117a31c0304
13,t14_1_n105_linear_level1,105,linear,1,33,0.0031108905636448325,0.99992492777043862,false,0eebf3b4bd0decb9a372634699c1e48d7a87f1f837d549bd98429117a31c0304
13,t14_1_n105_linear_level1,105,linear,1,34,0.003110919877394272,0.99993435000763775,false,0eebf3b4bd0decb9a372634699c1e48d7a87f1f837d549bd98429117a31c0304
13,t14_1_n105_linear_level1,105,linear,1,35,0.0031109462912484146,0.9999428401395325,false,0eebf3b4bd0decb9a372634699c1e48d7a87f1f837d549bd98429117a31c0304
13,t14_1_n105_linear_level1,105,linear,1,36,0.0031109700922779069,0.99995049043844508,false,0eebf3b4bd0decb9a372634699c1e48d7a87f1f837d549bd98429117a31c0304
13,t14_1_n105_linear_level1,105,linear,1,37,0.0031109915279034926,0.99995738043213878,false,0eebf3b4bd0decb9a372634699c1e48d7a87f1f837d549bd98429117a31c0304
13,t14_1_n105_linear_level1,105,linear,1,38,0.0031110108118221299,0.99996357880863451,false,0eebf3b4bd0decb9a372634699c1e48d7a87f1f837d549bd98429117a31c0304
13,t14_1_n105_linear_level1,105,linear,1,39,0.0031110281288794124,0.99996914498233891,false,0eebf3b4bd0decb9a372634699c1e48d7a87f1f837d549bd98429117a31c0304
13,t14_1_n105_linear_level1,105,linear,1,40,0.0031110436390912647,0.99997413038672678,false,0eebf3b4bd0decb9a372634699c1e48d7a87f1f837d549bd98429117a31c0304
13,t14_1_n105_linear_level1,105,linear,1,41,0.0031110574809745765,0.99997857954489788,false,0eebf3b4bd0decb9a372634699c1e48d7a87f1f837d549bd98429117a31c0304
13,t14_1_n105_linear_level1,105,linear,1,42,0.0031110697743125327,0.99998253095842926,false,0eebf3b4bd0decb9a372634699c1e48d7a87f1f837d549bd98429117a31c0304
13,t14_1_n105_linear_level1,105,linear,1,43,0.0031110806224541624,0.99998601784651286,false,0eebf3b4bd0decb9a372634699c1e48d7a87f1f837d549bd98429117a31c0304
13,t14_1_n105_linear_level1,105,linear,1,44,0.0031110901142276022,0.99998906876093008,false,0eebf3b4bd0decb9a372634699c1e48d7a87f1f837d549bd98429117a31c0304
13,t14_1_n105_linear_level1,105,linear,1,45,0.0031110983255303358,0.99999170809719884,false,0eebf3b4bd0decb9a372634699c1e48d7a87f1f837d549bd98429117a31c0304
13,t14_1_n105_linear_level1,105,linear,1,46,0.003111105320646965,0.99999395651814038,false,0eebf3b4bd0decb9a372634699c1e48d7a87f1f837d549bd98429117a31c0304
13,t14_1_n105_linear_level1,105,linear,1,47,0.0031111111533350306,0.99999583130289205,false,0eebf3b4bd0decb9a372634699c1e48d7a87f1f837d549bd98429117a31c0304
13,t14_1_n105_linear_level1,105,linear,1,48,0.0031111158677111206,0.99999734663172635,false,0eebf3b4bd0decb9a372634699c1e48d7a87f1f837d549bd98429117a31c0304
13,t14_1_n105_linear_level1,105,linear,1,49,0.0031111194989628683,0.99999851381490656,false,0eebf3b4bd0decb9a372634699c1e48d7a87f1f837d549bd98429117a31c0304
13,t14_1_n105_linear_level1,105,linear,1,50,0.0031111220739068221,0.99999934147200165,false,0eebf3b4bd0decb9a372634699c1e48d7a87f1f837d549bd98429117a31c0304
13,t14_1_n105_linear_level1,105,linear,1,51,0.0031111236114075257,0.99999983566658945,false,0eebf3b4bd0decb9a372634699c1e48d7a87f1f837d549bd98429117a31c0304
13,t14_1_n105_linear_level1,105,linear,1,52,0.0031111241226691642,1.0000000000000002,true,0eebf3b4bd0decb9a372634699c1e48d7a87f1f837d549bd98429117a31c0304
13,t14_1_n105_linear_level1,105,linear,1,53,0.0031111236114075257,0.99999983566658945,false,0eebf3b4bd0decb9a372634699c1e48d7a87f1f837d549bd98429117a31c0304
13,t14_1_n105_linear_level1,105,linear,1,54,0.0031111220739068225,0.99999934147200176,false,0eebf3b4bd0decb9a372634699c1e48d7a87f1f837d549bd98429117a31c0304
13,t14_1_n105_linear_level1,105,linear,1,55,0.0031111194989628683,0.99999851381490656,false,0eebf3b4bd0decb9a372634699c1e48d7a87f1f837d549bd98429117a31c0304
13,t14_1_n105_linear_level1,105,linear,1,56,0.0031111158677111206,0.99999734663172635,false,0eebf3b4bd0decb9a372634699c1e48d7a87f1f837d549bd98429117a31c0304
13,t14_1_n105_linear_level1,105,linear,1,57,0.003111111153335031,0.99999583130289216,false,0eebf3b4bd0decb9a372634699c1e48d7a87f1f837d549bd98429117a31c0304
13,t14_1_n105_linear_level1,105,linear,1,58,0.003111105320646965,0.99999395651814038,false,0eebf3b4bd0decb9a372634699c1e48d7a87f1f837d549bd98429117a31c0304
13,t14_1_n105_linear_level1,105,linear,1,59,0.0031110983255303363,0.99999170809719895,false,0eebf3b4bd0decb9a372634699c1e48d7a87f1f837d549bd98429117a31c0304
13,t14_1_n105_linear_level1,105,linear,1,60,0.0031110901142276026,0.99998906876093019,false,0eebf3b4bd0decb9a372634699c1e48d7a87f1f837d549bd98429117a31c0304
13,t14_1_n105_linear_level1,105,linear,1,61,0.0031110806224541624,0.99998601784651286,false,0eebf3b4bd0decb9a372634699c1e48d7a87f1f837d549bd98429117a31c0304
13,t14_1_n105_linear_level1,105,linear,1,62,0.0031110697743125322,0.99998253095842915,false,0eebf3b4bd0decb9a372634699c1e48d7a87f1f837d549bd98429117a31c0304
13,t14_1_n105_linear_level1,105,linear,1,63,0.0031110574809745765,0.99997857954489788,false,0eebf3b4bd0decb9a372634699c1e48d7a87f1f837d549bd98429117a31c0304
13,t14_1_n105_linear_level1,105,linear,1,64,0.0031110436390912647,0.99997413038672678,false,0eebf3b4bd0decb9a372634699c1e48d7a87f1f837d549bd98429117a31c0304
13,t14_1_n105_linear_level1,105,linear,1,65,0.003111028128879412,0.9999691449823388,false,0eebf3b4bd0decb9a372634699c1e48d7a87f1f837d549bd98429117a31c0304
13,t14_1_n105_linear_level1,105,linear,1,66,0.0031110108118221299,0.99996357880863451,false,0eebf3b4bd0decb9a372634699c1e48d7a87f1f837d549bd98429117a31c0304
13,t14_1_n105_linear_level1,105,linear,1,67,0.0031109915279034926,0.99995738043213878,false,0eebf3b4bd0decb9a372634699c1e48d7a87f1f837d549bd98429117a31c0304
13,t14_1_n105_linear_level1,105,linear,1,68,0.0031109700922779069,0.99995049043844508,false,0eebf3b4bd0decb9a372634699c1e48d7a87f1f837d549bd98429117a31c0304
13,t14_1_n105_linear_level1,105,linear,1,69,0.0031109462912484141,0.99994284013953239,false,0eebf3b4bd0decb9a372634699c1e48d7a87f1f837d549bd98429117a31c0304
13,t14_1_n105_linear_level1,105,linear,1,70,0.003110919877394272,0.99993435000763775,false,0eebf3b4bd0decb9a372634699c1e48d7a87f1f837d549bd98429117a31c0304
13,t14_1_n105_linear_level1,105,linear,1,71,0.003110890563644832,0.99992492777043851,false,0eebf3b4bd0decb9a372634699c1e48d7a87f1f837d549bd98429117a31c0304
13,t14_1_n105_linear_level1,105,linear,1,72,0.0031108580160387938,0.99991446608367995,false,0eebf3b4bd0decb9a372634699c1e48d7a87f1f837d549bd98429117a31c0304
13,t14_1_n105_linear_level1,105,linear,1,73,0.003110821844832367,0.99990283967309634,false,0eebf3b4bd0decb9a372634699c1e48d7a87f1f837d549bd98429117a31c0304
13,t14_1_n105_linear_level1,105,linear,1,74,0.0031107815935187463,0.99988990180497106,false,0eebf3b4bd0decb9a372634699c1e48d7a87f1f837d549bd98429117a31c0304
13,t14_1_n105_linear_level1,105,linear,1,75,0.0031107367251851756,0.99987547990092551,false,0eebf3b4bd0decb9a372634699c1e48d7a87f1f837d549bd98429117a31c0304
13,t14_1_n105_linear_level1,105,linear,1,76,0.0031106866054503046,0.99985937005352155,false,0eebf3b4bd0decb9a372634699c1e48d7a87f1f837d549bd98429117a31c0304
13,t14_1_n105_linear_level1,105,linear,1,77,0.0031106304809715435,0.99984133011793941,false,0eebf3b4bd0decb9a372634699c1e48d7a87f1f837d549bd98429117a31c0304
13,t14_1_n105_linear_level1,105,linear,1,78,0.0031105674521633968,0.99982107094290762,false,0eebf3b4bd0decb9a372634699c1e48d7a87f1f837d549bd98429117a31c0304
13,t14_1_n105_linear_level1,105,linear,1,79,0.0031104964382797995,0.99979824514721538,false,0eebf3b4bd0decb9a372634699c1e48d7a87f1f837d549bd98429117a31c0304
13,t14_1_n105_linear_level1,105,linear,1,80,0.0031104161323216046,0.999772432625751,false,0eebf3b4bd0decb9a372634699c1e48d7a87f1f837d549bd98429117a31c0304
13,t14_1_n105_linear_level1,105,linear,1,81,0.0031103249422398758,0.99974312165063928,false,0eebf3b4bd0decb9a372634699c1e48d7a87f1f837d549bd98429117a31c0304
13,t14_1_n105_linear_level1,105,linear,1,82,0.0031102209134661364,0.99970968397035476,false,0eebf3b4bd0decb9a372634699c1e48d7a87f1f837d549bd98429117a31c0304
13,t14_1_n105_linear_level1,105,linear,1,83,0.0031101016256769747,0.99967134162705429,false,0eebf3b4bd0decb9a372634699c1e48d7a87f1f837d549bd98429117a31c0304
13,t14_1_n105_linear_level1,105,linear,1,84,0.0031099640535199929,0.99962712219010563,false,0eebf3b4bd0decb9a372634699c1e48d7a87f1f837d549bd98429117a31c0304
13,t14_1_n105_linear_level1,105,linear,1,85,0.0031098043761803038,0.99957579754557424,false,0eebf3b4bd0decb9a372634699c1e48d7a87f1f837d549bd98429117a31c0304
13,t14_1_n105_linear_level1,105,linear,1,86,0.0031096177131370618,0.9995157989611777,false,0eebf3b4bd0decb9a372634699c1e48d7a87f1f837d549bd98429117a31c0304
13,t14_1_n105_linear_level1,105,linear,1,87,0.0031093977515227384,0.99944509730941122,false,0eebf3b4bd0decb9a372634699c1e48d7a87f1f837d549bd98429117a31c0304
13,t14_1_n105_linear_level1,105,linear,1,88,0.003109136211142686,0.99936103111026897,false,0eebf3b4bd0decb9a372634699c1e48d7a87f1f837d549bd98429117a31c0304
13,t14_1_n105_linear_level1,105,linear,1,89,0.0031088220610318499,0.99926005471124102,false,0eebf3b4bd0decb9a372634699c1e48d7a87f1f837d549bd98429117a31c0304
13,t14_1_n105_linear_level1,105,linear,1,90,0.0031084403464181655,0.99913736124141028,false,0eebf3b4bd0decb9a372634699c1e48d7a87f1f837d549bd98429117a31c0304
13,t14_1_n105_linear_level1,105,linear,1,91,0.003107970387978747,0.99898630380336273,false,0eebf3b4bd0decb9a372634699c1e48d7a87f1f837d549bd98429117a31c0304
13,t14_1_n105_linear_level1,105,linear,1,92,0.0031073829382024104,0.99879748145067793,false,0eebf3b4bd0decb9a372634699c1e48d7a87f1f837d549bd98429117a31c0304
13,t14_1_n105_linear_level1,105,linear,1,93,0.0031066355433216424,0.99855724838658322,false,0eebf3b4bd0decb9a372634699c1e48d7a87f1f837d549bd98429117a31c0304
13,t14_1_n105_linear_level1,105,linear,1,94,0.0031056646907386032,0.99824518993286704,false,0eebf3b4bd0decb9a372634699c1e48d7a87f1f837d549bd98429117a31c0304
13,t14_1_n105_linear_level1,105,linear,1,95,0.0031043719214687328,0.99782965869113649,false,0eebf3b4bd0decb9a372634699c1e48d7a87f1f837d549bd98429117a31c0304
13,t14_1_n105_linear_level1,105,linear,1,96,0.0031025979675591525,0.99725946160492762,false,0eebf3b4bd0decb9a372634699c1e48d7a87f1f837d549bd98429117a31c0304
13,t14_1_n105_linear_level1,105,linear,1,97,0.003100071497293343,0.99644738527296761,false,0eebf3b4bd0decb9a372634699c1e48d7a87f1f837d549bd98429117a31c0304
13,t14_1_n105_linear_level1,105,linear,1,98,0.0030962994647072274,0.99523495129817674,false,0eebf3b4bd0decb9a372634699c1e48d7a87f1f837d549bd98429117a31c0304
13,t14_1_n105_linear_level1,105,linear,1,99,0.0030903087668773185,0.99330937790614848,false,0eebf3b4bd0decb9a372634699c1e48d7a87f1f837d549bd98429117a31c0304
13,t14_1_n105_linear_level1,105,linear,1,100,0.0030799558303322263,0.98998166221982931,false,0eebf3b4bd0decb9a372634699c1e48d7a87f1f837d549bd98429117a31c0304
13,t14_1_n105_linear_level1,105,linear,1,101,0.0030597339794684398,0.98348180876929014,false,0eebf3b4bd0decb9a372634699c1e48d7a87f1f837d549bd98429117a31c0304
13,t14_1_n105_linear_level1,105,linear,1,102,0.0030117989452816359,0.96807418364834885,false,0eebf3b4bd0decb9a372634699c1e48d7a87f1f837d549bd98429117a31c0304
13,t14_1_n105_linear_level1,105,linear,1,103,0.0028500152731056327,0.91607250650626104,false,0eebf3b4bd0decb9a372634699c1e48d7a87f1f837d549bd98429117a31c0304
13,t14_1_n105_linear_level1,105,linear,1,104,0.0015557375707186162,0.50005641349464514,false,0eebf3b4bd0decb9a372634699c1e48d7a87f1f837d549bd98429117a31c0304
14,t14_1_n105_linear_level2,105,linear,2,0,0.0055550935260167637,0.50005641349464025,false,34a78a7b04fee3c4debe34815c0fa6dc87724ae35b8dfe85caad1d40eac139a4
14,t14_1_n105_linear_level2,105,linear,2,1,0.01017658870664475,0.91607250650625272,false,34a78a7b04fee3c4debe34815c0fa6dc87724ae35b8dfe85caad1d40eac139a4
14,t14_1_n105_linear_level2,105,linear,2,2,0.010754271888458724,0.96807418364834807,false,34a78a7b04fee3c4debe34815c0fa6dc87724ae35b8dfe85caad1d40eac139a4
14,t14_1_n105_linear_level2,105,linear,2,3,0.010925434173854663,0.98348180876929026,false,34a78a7b04fee3c4debe34815c0fa6dc87724ae35b8dfe85caad1d40eac139a4
14,t14_1_n105_linear_level2,105,linear,2,4,0.010997640614665689,0.9899816622198343,false,34a78a7b04fee3c4debe34815c0fa6dc87724ae35b8dfe85caad1d40eac139a4
14,t14_1_n105_linear_level2,105,linear,2,5,0.011034607987479392,0.99330937790616125,false,34a78a7b04fee3c4debe34815c0fa6dc87724ae35b8dfe85caad1d40eac139a4
14,t14_1_n105_linear_level2,105,linear,2,6,0.011055999054557406,0.99523495129817674,false,34a78a7b04fee3c4debe34815c0fa6dc87724ae35b8dfe85caad1d40eac139a4
14,t14_1_n105_linear_level2,105,linear,2,7,0.011069467903155846,0.99644738527295951,false,34a78a7b04fee3c4debe34815c0fa6dc87724ae35b8dfe85caad1d40eac139a4
14,t14_1_n105_linear_level2,105,linear,2,8,0.011078489205258252,0.99725946160493351,false,34a78a7b04fee3c4debe34815c0fa6dc87724ae35b8dfe85caad1d40eac139a4
14,t14_1_n105_linear_level2,105,linear,2,9,0.011084823486864634,0.99782965869114237,false,34a78a7b04fee3c4debe34815c0fa6dc87724ae35b8dfe85caad1d40eac139a4
14,t14_1_n105_linear_level2,105,linear,2,10,0.011089439595864392,0.99824518993285927,false,34a78a7b04fee3c4debe34815c0fa6dc87724ae35b8dfe85caad1d40eac139a4
14,t14_1_n105_linear_level2,105,linear,2,11,0.011092906232526321,0.9985572483865891,false,34a78a7b04fee3c4debe34815c0fa6dc87724ae35b8dfe85caad1d40eac139a4
14,t14_1_n105_linear_level2,105,linear,2,12,0.011095574965699366,0.9987974814506837,false,34a78a7b04fee3c4debe34815c0fa6dc87724ae35b8dfe85caad1d40eac139a4
14,t14_1_n105_linear_level2,105,linear,2,13,0.011097672580689555,0.99898630380335407,false,34a78a7b04fee3c4debe34815c0fa6dc87724ae35b8dfe85caad1d40eac139a4
14,t14_1_n105_linear_level2,105,linear,2,14,0.011099350667748354,0.99913736124140162,false,34a78a7b04fee3c4debe34815c0fa6dc87724ae35b8dfe85caad1d40eac139a4
14,t14_1_n105_linear_level2,105,linear,2,15,0.011100713661365929,0.99926005471124668,false,34a78a7b04fee3c4debe34815c0fa6dc87724ae35b8dfe85caad1d40eac139a4
14,t14_1_n105_linear_level2,105,linear,2,16,0.011101835401484413,0.99936103111027486,false,34a78a7b04fee3c4debe34815c0fa6dc87724ae35b8dfe85caad1d40eac139a4
14,t14_1_n105_linear_level2,105,linear,2,17,0.011102769287313959,0.99944509730940356,false,34a78a7b04fee3c4debe34815c0fa6dc87724ae35b8dfe85caad1d40eac139a4
14,t14_1_n105_linear_level2,105,linear,2,18,0.011103554707273556,0.9995157989611837,false,34a78a7b04fee3c4debe34815c0fa6dc87724ae35b8dfe85caad1d40eac139a4
14,t14_1_n105_linear_level2,105,linear,2,19,0.01110422122756758,0.99957579754558024,false,34a78a7b04fee3c4debe34815c0fa6dc87724ae35b8dfe85caad1d40eac139a4
14,t14_1_n105_linear_level2,105,linear,2,20,0.011104791389638879,0.99962712219009786,false,34a78a7b04fee3c4debe34815c0fa6dc87724ae35b8dfe85caad1d40eac139a4
14,t14_1_n105_linear_level2,105,linear,2,21,0.011105282620430732,0.99967134162705629,false,34a78a7b04fee3c4debe34815c0fa6dc87724ae35b8dfe85caad1d40eac139a4
14,t14_1_n105_linear_level2,105,linear,2,22,0.011105708562979042,0.99970968397036075,false,34a78a7b04fee3c4debe34815c0fa6dc87724ae35b8dfe85caad1d40eac139a4
14,t14_1_n105_linear_level2,105,linear,2,23,0.011106080019951108,0.99974312165063528,false,34a78a7b04fee3c4debe34815c0fa6dc87724ae35b8dfe85caad1d40eac139a4
14,t14_1_n105_linear_level2,105,linear,2,24,0.011106405633629333,0.9997724326257531,false,34a78a7b04fee3c4debe34815c0fa6dc87724ae35b8dfe85caad1d40eac139a4
14,t14_1_n105_linear_level2,105,linear,2,25,0.011106692383218037,0.99979824514722138,false,34a78a7b04fee3c4debe34815c0fa6dc87724ae35b8dfe85caad1d40eac139a4
14,t14_1_n105_linear_level2,105,linear,2,26,0.011106945953468108,0.9998210709429034,false,34a78a7b04fee3c4debe34815c0fa6dc87724ae35b8dfe85caad1d40eac139a4
14,t14_1_n105_linear_level2,105,linear,2,27,0.011107171011299632,0.99984133011793508,false,34a78a7b04fee3c4debe34815c0fa6dc87724ae35b8dfe85caad1d40eac139a4
14,t14_1_n105_linear_level2,105,linear,2,28,0.011107371415747443,0.99985937005352776,false,34a78a7b04fee3c4debe34815c0fa6dc87724ae35b8dfe85caad1d40eac139a4
14,t14_1_n105_linear_level2,105,linear,2,29,0.011107550378973555,0.99987547990092773,false,34a78a7b04fee3c4debe34815c0fa6dc87724ae35b8dfe85caad1d40eac139a4
14,t14_1_n105_linear_level2,105,linear,2,30,0.01110771059094888,0.99988990180497039,false,34a78a7b04fee3c4debe34815c0fa6dc87724ae35b8dfe85caad1d40eac139a4
14,t14_1_n105_linear_level2,105,linear,2,31,0.011107854316867718,0.99990283967310234,false,34a78a7b04fee3c4debe34815c0fa6dc87724ae35b8dfe85caad1d40eac139a4
14,t14_1_n105_linear_level2,105,linear,2,32,0.011107983473891572,0.99991446608367918,false,34a78a7b04fee3c4debe34815c0fa6dc87724ae35b8dfe85caad1d40eac139a4
14,t14_1_n105_linear_level2,105,linear,2,33,0.011108099692075785,0.99992492777043718,false,34a78a7b04fee3c4debe34815c0fa6dc87724ae35b8dfe85caad1d40eac139a4
14,t14_1_n105_linear_level2,105,linear,2,34,0.011108204363083803,0.99993435000763642,false,34a78a7b04fee3c4debe34815c0fa6dc87724ae35b8dfe85caad1d40eac139a4
14,t14_1_n105_linear_level2,105,linear,2,35,0.011108298679395827,0.99994284013953139,false,34a78a7b04fee3c4debe34815c0fa6dc87724ae35b8dfe85caad1d40eac139a4
14,t14_1_n105_linear_level2,105,linear,2,36,0.011108383666059015,0.99995049043844886,false,34a78a7b04fee3c4debe34815c0fa6dc87724ae35b8dfe85caad1d40eac139a4
14,t14_1_n105_linear_level2,105,linear,2,37,0.011108460206541854,0.99995738043213778,false,34a78a7b04fee3c4debe34815c0fa6dc87724ae35b8dfe85caad1d40eac139a4
14,t14_1_n105_linear_level2,105,linear,2,38,0.011108529063895194,0.9999635788086354,false,34a78a7b04fee3c4debe34815c0fa6dc87724ae35b8dfe85caad1d40eac139a4
14,t14_1_n105_linear_level2,105,linear,2,39,0.01110859089814964,0.99996914498233969,false,34a78a7b04fee3c4debe34815c0fa6dc87724ae35b8dfe85caad1d40eac139a4
14,t14_1_n105_linear_level2,105,linear,2,40,0.011108646280676253,0.99997413038672556,false,34a78a7b04fee3c4debe34815c0fa6dc87724ae35b8dfe85caad1d40eac139a4
14,t14_1_n105_linear_level2,105,linear,2,41,0.011108695706079299,0.9999785795449021,false,34a78a7b04fee3c4debe34815c0fa6dc87724ae35b8dfe85caad1d40eac139a4
14,t14_1_n105_linear_level2,105,linear,2,42,0.011108739602070081,0.99998253095843181,false,34a78a7b04fee3c4debe34815c0fa6dc87724ae35b8dfe85caad1d40eac139a4
14,t14_1_n105_linear_level2,105,linear,2,43,0.011108778337678454,0.99998601784651153,false,34a78a7b04fee3c4debe34815c0fa6dc87724ae35b8dfe85caad1d40eac139a4
14,t14_1_n105_linear_level2,105,linear,2,44,0.011108812230084329,0.99998906876092852,false,34a78a7b04fee3c4debe34815c0fa6dc87724ae35b8dfe85caad1d40eac139a4
14,t14_1_n105_linear_level2,105,linear,2,45,0.011108841550295873,0.99999170809719873,false,34a78a7b04fee3c4debe34815c0fa6dc87724ae35b8dfe85caad1d40eac139a4
14,t14_1_n105_linear_level2,105,linear,2,46,0.011108866527854991,0.99999395651814282,false,34a78a7b04fee3c4debe34815c0fa6dc87724ae35b8dfe85caad1d40eac139a4
14,t14_1_n105_linear_level2,105,linear,2,47,0.011108887354714422,0.9999958313028936,false,34a78a7b04fee3c4debe34815c0fa6dc87724ae35b8dfe85caad1d40eac139a4
14,t14_1_n105_linear_level2,105,linear,2,48,0.011108904188401894,0.99999734663172535,false,34a78a7b04fee3c4debe34815c0fa6dc87724ae35b8dfe85caad1d40eac139a4
14,t14_1_n105_linear_level2,105,linear,2,49,0.011108917154562435,0.99999851381490723,false,34a78a7b04fee3c4debe34815c0fa6dc87724ae35b8dfe85caad1d40eac139a4
14,t14_1_n105_linear_level2,105,linear,2,50,0.011108926348950207,0.99999934147200276,false,34a78a7b04fee3c4debe34815c0fa6dc87724ae35b8dfe85caad1d40eac139a4
14,t14_1_n105_linear_level2,105,linear,2,51,0.011108931838925095,0.99999983566659012,false,34a78a7b04fee3c4debe34815c0fa6dc87724ae35b8dfe85caad1d40eac139a4
14,t14_1_n105_linear_level2,105,linear,2,52,0.011108933664494051,1.0000000000000007,true,34a78a7b04fee3c4debe34815c0fa6dc87724ae35b8dfe85caad1d40eac139a4
14,t14_1_n105_linear_level2,105,linear,2,53,0.011108931838925092,0.99999983566658979,false,34a78a7b04fee3c4debe34815c0fa6dc87724ae35b8dfe85caad1d40eac139a4
14,t14_1_n105_linear_level2,105,linear,2,54,0.011108926348950207,0.99999934147200276,false,34a78a7b04fee3c4debe34815c0fa6dc87724ae35b8dfe85caad1d40eac139a4
14,t14_1_n105_linear_level2,105,linear,2,55,0.011108917154562433,0.99999851381490701,false,34a78a7b04fee3c4debe34815c0fa6dc87724ae35b8dfe85caad1d40eac139a4
14,t14_1_n105_linear_level2,105,linear,2,56,0.011108904188401894,0.99999734663172535,false,34a78a7b04fee3c4debe34815c0fa6dc87724ae35b8dfe85caad1d40eac139a4
14,t14_1_n105_linear_level2,105,linear,2,57,0.011108887354714422,0.9999958313028936,false,34a78a7b04fee3c4debe34815c0fa6dc87724ae35b8dfe85caad1d40eac139a4
14,t14_1_n105_linear_level2,105,linear,2,58,0.011108866527854989,0.99999395651814271,false,34a78a7b04fee3c4debe34815c0fa6dc87724ae35b8dfe85caad1d40eac139a4
14,t14_1_n105_linear_level2,105,linear,2,59,0.011108841550295873,0.99999170809719873,false,34a78a7b04fee3c4debe34815c0fa6dc87724ae35b8dfe85caad1d40eac139a4
14,t14_1_n105_linear_level2,105,linear,2,60,0.011108812230084331,0.99998906876092875,false,34a78a7b04fee3c4debe34815c0fa6dc87724ae35b8dfe85caad1d40eac139a4
14,t14_1_n105_linear_level2,105,linear,2,61,0.011108778337678454,0.99998601784651153,false,34a78a7b04fee3c4debe34815c0fa6dc87724ae35b8dfe85caad1d40eac139a4
14,t14_1_n105_linear_level2,105,linear,2,62,0.011108739602070081,0.99998253095843181,false,34a78a7b04fee3c4debe34815c0fa6dc87724ae35b8dfe85caad1d40eac139a4
14,t14_1_n105_linear_level2,105,linear,2,63,0.011108695706079299,0.9999785795449021,false,34a78a7b04fee3c4debe34815c0fa6dc87724ae35b8dfe85caad1d40eac139a4
14,t14_1_n105_linear_level2,105,linear,2,64,0.011108646280676256,0.99997413038672589,false,34a78a7b04fee3c4debe34815c0fa6dc87724ae35b8dfe85caad1d40eac139a4
14,t14_1_n105_linear_level2,105,linear,2,65,0.01110859089814964,0.99996914498233969,false,34a78a7b04fee3c4debe34815c0fa6dc87724ae35b8dfe85caad1d40eac139a4
14,t14_1_n105_linear_level2,105,linear,2,66,0.011108529063895194,0.9999635788086354,false,34a78a7b04fee3c4debe34815c0fa6dc87724ae35b8dfe85caad1d40eac139a4
14,t14_1_n105_linear_level2,105,linear,2,67,0.011108460206541854,0.99995738043213778,false,34a78a7b04fee3c4debe34815c0fa6dc87724ae35b8dfe85caad1d40eac139a4
14,t14_1_n105_linear_level2,105,linear,2,68,0.011108383666059015,0.99995049043844886,false,34a78a7b04fee3c4debe34815c0fa6dc87724ae35b8dfe85caad1d40eac139a4
14,t14_1_n105_linear_level2,105,linear,2,69,0.011108298679395827,0.99994284013953139,false,34a78a7b04fee3c4debe34815c0fa6dc87724ae35b8dfe85caad1d40eac139a4
14,t14_1_n105_linear_level2,105,linear,2,70,0.011108204363083803,0.99993435000763642,false,34a78a7b04fee3c4debe34815c0fa6dc87724ae35b8dfe85caad1d40eac139a4
14,t14_1_n105_linear_level2,105,linear,2,71,0.011108099692075785,0.99992492777043718,false,34a78a7b04fee3c4debe34815c0fa6dc87724ae35b8dfe85caad1d40eac139a4
14,t14_1_n105_linear_level2,105,linear,2,72,0.011107983473891572,0.99991446608367918,false,34a78a7b04fee3c4debe34815c0fa6dc87724ae35b8dfe85caad1d40eac139a4
14,t14_1_n105_linear_level2,105,linear,2,73,0.011107854316867716,0.99990283967310223,false,34a78a7b04fee3c4debe34815c0fa6dc87724ae35b8dfe85caad1d40eac139a4
14,t14_1_n105_linear_level2,105,linear,2,74,0.011107710590948878,0.99988990180497017,false,34a78a7b04fee3c4debe34815c0fa6dc87724ae35b8dfe85caad1d40eac139a4
14,t14_1_n105_linear_level2,105,linear,2,75,0.011107550378973555,0.99987547990092773,false,34a78a7b04fee3c4debe34815c0fa6dc87724ae35b8dfe85caad1d40eac139a4
14,t14_1_n105_linear_level2,105,linear,2,76,0.011107371415747441,0.99985937005352765,false,34a78a7b04fee3c4debe34815c0fa6dc87724ae35b8dfe85caad1d40eac139a4
14,t14_1_n105_linear_level2,105,linear,2,77,0.011107171011299634,0.99984133011793519,false,34a78a7b04fee3c4debe34815c0fa6dc87724ae35b8dfe85caad1d40eac139a4
14,t14_1_n105_linear_level2,105,linear,2,78,0.011106945953468108,0.9998210709429034,false,34a78a7b04fee3c4debe34815c0fa6dc87724ae35b8dfe85caad1d40eac139a4
14,t14_1_n105_linear_level2,105,linear,2,79,0.011106692383218035,0.99979824514722115,false,34a78a7b04fee3c4debe34815c0fa6dc87724ae35b8dfe85caad1d40eac139a4
14,t14_1_n105_linear_level2,105,linear,2,80,0.011106405633629333,0.9997724326257531,false,34a78a7b04fee3c4debe34815c0fa6dc87724ae35b8dfe85caad1d40eac139a4
14,t14_1_n105_linear_level2,105,linear,2,81,0.011106080019951108,0.99974312165063528,false,34a78a7b04fee3c4debe34815c0fa6dc87724ae35b8dfe85caad1d40eac139a4
14,t14_1_n105_linear_level2,105,linear,2,82,0.011105708562979041,0.99970968397036053,false,34a78a7b04fee3c4debe34815c0fa6dc87724ae35b8dfe85caad1d40eac139a4
14,t14_1_n105_linear_level2,105,linear,2,83,0.011105282620430729,0.99967134162705595,false,34a78a7b04fee3c4debe34815c0fa6dc87724ae35b8dfe85caad1d40eac139a4
14,t14_1_n105_linear_level2,105,linear,2,84,0.011104791389638879,0.99962712219009786,false,34a78a7b04fee3c4debe34815c0fa6dc87724ae35b8dfe85caad1d40eac139a4
14,t14_1_n105_linear_level2,105,linear,2,85,0.011104221227567579,0.99957579754558012,false,34a78a7b04fee3c4debe34815c0fa6dc87724ae35b8dfe85caad1d40eac139a4
14,t14_1_n105_linear_level2,105,linear,2,86,0.011103554707273556,0.9995157989611837,false,34a78a7b04fee3c4debe34815c0fa6dc87724ae35b8dfe85caad1d40eac139a4
14,t14_1_n105_linear_level2,105,linear,2,87,0.011102769287313958,0.99944509730940334,false,34a78a7b04fee3c4debe34815c0fa6dc87724ae35b8dfe85caad1d40eac139a4
14,t14_1_n105_linear_level2,105,linear,2,88,0.011101835401484413,0.99936103111027486,false,34a78a7b04fee3c4debe34815c0fa6dc87724ae35b8dfe85caad1d40eac139a4
14,t14_1_n105_linear_level2,105,linear,2,89,0.011100713661365929,0.99926005471124668,false,34a78a7b04fee3c4debe34815c0fa6dc87724ae35b8dfe85caad1d40eac139a4
14,t14_1_n105_linear_level2,105,linear,2,90,0.011099350667748351,0.99913736124140129,false,34a78a7b04fee3c4debe34815c0fa6dc87724ae35b8dfe85caad1d40eac139a4
14,t14_1_n105_linear_level2,105,linear,2,91,0.011097672580689555,0.99898630380335407,false,34a78a7b04fee3c4debe34815c0fa6dc87724ae35b8dfe85caad1d40eac139a4
14,t14_1_n105_linear_level2,105,linear,2,92,0.011095574965699365,0.99879748145068359,false,34a78a7b04fee3c4debe34815c0fa6dc87724ae35b8dfe85caad1d40eac139a4
14,t14_1_n105_linear_level2,105,linear,2,93,0.011092906232526319,0.99855724838658888,false,34a78a7b04fee3c4debe34815c0fa6dc87724ae35b8dfe85caad1d40eac139a4
14,t14_1_n105_linear_level2,105,linear,2,94,0.01108943959586439,0.99824518993285916,false,34a78a7b04fee3c4debe34815c0fa6dc87724ae35b8dfe85caad1d40eac139a4
14,t14_1_n105_linear_level2,105,linear,2,95,0.011084823486864633,0.99782965869114226,false,34a78a7b04fee3c4debe34815c0fa6dc87724ae35b8dfe85caad1d40eac139a4
14,t14_1_n105_linear_level2,105,linear,2,96,0.011078489205258252,0.99725946160493351,false,34a78a7b04fee3c4debe34815c0fa6dc87724ae35b8dfe85caad1d40eac139a4
14,t14_1_n105_linear_level2,105,linear,2,97,0.011069467903155845,0.99644738527295929,false,34a78a7b04fee3c4debe34815c0fa6dc87724ae35b8dfe85caad1d40eac139a4
14,t14_1_n105_linear_level2,105,linear,2,98,0.011055999054557404,0.99523495129817652,false,34a78a7b04fee3c4debe34815c0fa6dc87724ae35b8dfe85caad1d40eac139a4
14,t14_1_n105_linear_level2,105,linear,2,99,0.01103460798747939,0.99330937790616114,false,34a78a7b04fee3c4debe34815c0fa6dc87724ae35b8dfe85caad1d40eac139a4
14,t14_1_n105_linear_level2,105,linear,2,100,0.010997640614665688,0.98998166221983419,false,34a78a7b04fee3c4debe34815c0fa6dc87724ae35b8dfe85caad1d40eac139a4
14,t14_1_n105_linear_level2,105,linear,2,101,0.010925434173854661,0.98348180876929014,false,34a78a7b04fee3c4debe34815c0fa6dc87724ae35b8dfe85caad1d40eac139a4
14,t14_1_n105_linear_level2,105,linear,2,102,0.010754271888458724,0.96807418364834807,false,34a78a7b04fee3c4debe34815c0fa6dc87724ae35b8dfe85caad1d40eac139a4
14,t14_1_n105_linear_level2,105,linear,2,103,0.010176588706644746,0.91607250650625238,false,34a78a7b04fee3c4debe34815c0fa6dc87724ae35b8dfe85caad1d40eac139a4
14,t14_1_n105_linear_level2,105,linear,2,104,0.0055550935260167628,0.50005641349464025,false,34a78a7b04fee3c4debe34815c0fa6dc87724ae35b8dfe85caad1d40eac139a4
15,t14_1_n105_linear_level3,105,linear,3,0,0.012730002481277326,0.50005641349464536,false,e6c4b0f34284d10e7c2b6f3683b8eec339d4f230be930f0e42447233598ac9f9
15,t14_1_n105_linear_level3,105,linear,3,1,0.023320579370950167,0.91607250650625416,false,e6c4b0f34284d10e7c2b6f3683b8eec339d4f230be930f0e42447233598ac9f9
15,t14_1_n105_linear_level3,105,linear,3,2,0.024644392967146659,0.96807418364835029,false,e6c4b0f34284d10e7c2b6f3683b8eec339d4f230be930f0e42447233598ac9f9
15,t14_1_n105_linear_level3,105,linear,3,3,0.025036626924610689,0.98348180876929947,false,e6c4b0f34284d10e7c2b6f3683b8eec339d4f230be930f0e42447233598ac9f9
15,t14_1_n105_linear_level3,105,linear,3,4,0.025202094556502158,0.98998166221982276,false,e6c4b0f34284d10e7c2b6f3683b8eec339d4f230be930f0e42447233598ac9f9
15,t14_1_n105_linear_level3,105,linear,3,5,0.025286808656353167,0.99330937790614926,false,e6c4b0f34284d10e7c2b6f3683b8eec339d4f230be930f0e42447233598ac9f9
15,t14_1_n105_linear_level3,105,linear,3,6,0.025335828233738634,0.99523495129817741,false,e6c4b0f34284d10e7c2b6f3683b8eec339d4f230be930f0e42447233598ac9f9
15,t14_1_n105_linear_level3,105,linear,3,7,0.025366693326337911,0.99644738527296062,false,e6c4b0f34284d10e7c2b6f3683b8eec339d4f230be930f0e42447233598ac9f9
15,t14_1_n105_linear_level3,105,linear,3,8,0.025387366461292207,0.9972594616049284,false,e6c4b0f34284d10e7c2b6f3683b8eec339d4f230be930f0e42447233598ac9f9
15,t14_1_n105_linear_level3,105,linear,3,9,0.025401882044187214,0.9978296586911376,false,e6c4b0f34284d10e7c2b6f3683b8eec339d4f230be930f0e42447233598ac9f9
15,t14_1_n105_linear_level3,105,linear,3,10,0.025412460278153488,0.99824518993286848,false,e6c4b0f34284d10e7c2b6f3683b8eec339d4f230be930f0e42447233598ac9f9
15,t14_1_n105_linear_level3,105,linear,3,11,0.025420404391623297,0.99855724838658444,false,e6c4b0f34284d10e7c2b6f3683b8eec339d4f230be930f0e42447233598ac9f9
15,t14_1_n105_linear_level3,105,linear,3,12,0.025426520036617495,0.9987974814506787,false,e6c4b0f34284d10e7c2b6f3683b8eec339d4f230be930f0e42447233598ac9f9
15,t14_1_n105_linear_level3,105,linear,3,13,0.025431326912308372,0.9989863038033554,false,e6c4b0f34284d10e7c2b6f3683b8eec339d4f230be930f0e42447233598ac9f9
15,t14_1_n105_linear_level3,105,linear,3,14,0.025435172401555736,0.99913736124140362,false,e6c4b0f34284d10e7c2b6f3683b8eec339d4f230be930f0e42447233598ac9f9
15,t14_1_n105_linear_level3,105,linear,3,15,0.02543829582550038,0.99926005471125001,false,e6c4b0f34284d10e7c2b6f3683b8eec339d4f230be930f0e42447233598ac9f9
15,t14_1_n105_linear_level3,105,linear,3,16,0.025440866395090907,0.99936103111027019,false,e6c4b0f34284d10e7c2b6f3683b8eec339d4f230be930f0e42447233598ac9f9
15,t14_1_n105_linear_level3,105,linear,3,17,0.02544300647947877,0.99944509730940445,false,e6c4b0f34284d10e7c2b6f3683b8eec339d4f230be930f0e42447233598ac9f9
15,t14_1_n105_linear_level3,105,linear,3,18,0.025444806340810866,0.9995157989611787,false,e6c4b0f34284d10e7c2b6f3683b8eec339d4f230be930f0e42447233598ac9f9
15,t14_1_n105_linear_level3,105,linear,3,19,0.025446333732736328,0.99957579754557568,false,e6c4b0f34284d10e7c2b6f3683b8eec339d4f230be930f0e42447233598ac9f9
15,t14_1_n105_linear_level3,105,linear,3,20,0.025447640311023506,0.99962712219010719,false,e6c4b0f34284d10e7c2b6f3683b8eec339d4f230be930f0e42447233598ac9f9
15,t14_1_n105_linear_level3,105,linear,3,21,0.025448766011098207,0.99967134162705173,false,e6c4b0f34284d10e7c2b6f3683b8eec339d4f230be930f0e42447233598ac9f9
15,t14_1_n105_linear_level3,105,linear,3,22,0.025449742097220153,0.99970968397035609,false,e6c4b0f34284d10e7c2b6f3683b8eec339d4f230be930f0e42447233598ac9f9
15,t14_1_n105_linear_level3,105,linear,3,23,0.025450593324684696,0.99974312165064039,false,e6c4b0f34284d10e7c2b6f3683b8eec339d4f230be930f0e42447233598ac9f9
15,t14_1_n105_linear_level3,105,linear,3,24,0.025451339498067906,0.99977243262574844,false,e6c4b0f34284d10e7c2b6f3683b8eec339d4f230be930f0e42447233598ac9f9
15,t14_1_n105_linear_level3,105,linear,3,25,0.025451996610852526,0.9997982451472166,false,e6c4b0f34284d10e7c2b6f3683b8eec339d4f230be930f0e42447233598ac9f9
15,t14_1_n105_linear_level3,105,linear,3,26,0.025452577690162598,0.99982107094290507,false,e6c4b0f34284d10e7c2b6f3683b8eec339d4f230be930f0e42447233598ac9f9
15,t14_1_n105_linear_level3,105,linear,3,27,0.0254530934306701,0.99984133011794085,false,e6c4b0f34284d10e7c2b6f3683b8eec339d4f230be930f0e42447233598ac9f9
15,t14_1_n105_linear_level3,105,linear,3,28,0.025453552675704417,0.99985937005352721,false,e6c4b0f34284d10e7c2b6f3683b8eec339d4f230be930f0e42447233598ac9f9
15,t14_1_n105_linear_level3,105,linear,3,29,0.025453962786227524,0.99987547990092296,false,e6c4b0f34284d10e7c2b6f3683b8eec339d4f230be930f0e42447233598ac9f9
15,t14_1_n105_linear_level3,105,linear,3,30,0.025454329926552745,0.99988990180496817,false,e6c4b0f34284d10e7c2b6f3683b8eec339d4f230be930f0e42447233598ac9f9
15,t14_1_n105_linear_level3,105,linear,3,31,0.025454659287578708,0.99990283967309745,false,e6c4b0f34284d10e7c2b6f3683b8eec339d4f230be930f0e42447233598ac9f9
15,t14_1_n105_linear_level3,105,linear,3,32,0.025454955262655794,0.9999144660836774,false,e6c4b0f34284d10e7c2b6f3683b8eec339d4f230be930f0e42447233598ac9f9
15,t14_1_n105_linear_level3,105,linear,3,33,0.025455221587204091,0.99992492777044006,false,e6c4b0f34284d10e7c2b6f3683b8eec339d4f230be930f0e42447233598ac9f9
15,t14_1_n105_linear_level3,105,linear,3,34,0.025455461450346901,0.99993435000763908,false,e6c4b0f34284d10e7c2b6f3683b8eec339d4f230be930f0e42447233598ac9f9
15,t14_1_n105_linear_level3,105,linear,3,35,0.025455677584761173,0.99994284013952961,false,e6c4b0f34284d10e7c2b6f3683b8eec339d4f230be930f0e42447233598ac9f9
15,t14_1_n105_linear_level3,105,linear,3,36,0.025455872339435914,0.99995049043844408,false,e6c4b0f34284d10e7c2b6f3683b8eec339d4f230be930f0e42447233598ac9f9
15,t14_1_n105_linear_level3,105,linear,3,37,0.025456047738919765,0.99995738043213822,false,e6c4b0f34284d10e7c2b6f3683b8eec339d4f230be930f0e42447233598ac9f9
15,t14_1_n105_linear_level3,105,linear,3,38,0.02545620553181286,0.99996357880863596,false,e6c4b0f34284d10e7c2b6f3683b8eec339d4f230be930f0e42447233598ac9f9
15,t14_1_n105_linear_level3,105,linear,3,39,0.025456347230635536,0.99996914498234002,false,e6c4b0f34284d10e7c2b6f3683b8eec339d4f230be930f0e42447233598ac9f9
15,t14_1_n105_linear_level3,105,linear,3,40,0.025456474144736608,0.999974130386726,false,e6c4b0f34284d10e7c2b6f3683b8eec339d4f230be930f0e42447233598ac9f9
15,t14_1_n105_linear_level3,105,linear,3,41,0.025456587407546624,0.99997857954489722,false,e6c4b0f34284d10e7c2b6f3683b8eec339d4f230be930f0e42447233598ac9f9
15,t14_1_n105_linear_level3,105,linear,3,42,0.025456687999205332,0.99998253095843026,false,e6c4b0f34284d10e7c2b6f3683b8eec339d4f230be930f0e42447233598ac9f9
15,t14_1_n105_linear_level3,105,linear,3,43,0.025456776765377977,0.99998601784651209,false,e6c4b0f34284d10e7c2b6f3683b8eec339d4f230be930f0e42447233598ac9f9
15,t14_1_n105_linear_level3,105,linear,3,44,0.025456854432911166,0.99998906876092852,false,e6c4b0f34284d10e7c2b6f3683b8eec339d4f230be930f0e42447233598ac9f9
15,t14_1_n105_linear_level3,105,linear,3,45,0.02545692162284487,0.99999170809719884,false,e6c4b0f34284d10e7c2b6f3683b8eec339d4f230be930f0e42447233598ac9f9
15,t14_1_n105_linear_level3,105,linear,3,46,0.025456978861195169,0.99999395651814049,false,e6c4b0f34284d10e7c2b6f3683b8eec339d4f230be930f0e42447233598ac9f9
15,t14_1_n105_linear_level3,105,linear,3,47,0.025457026587839379,0.99999583130289138,false,e6c4b0f34284d10e7c2b6f3683b8eec339d4f230be930f0e42447233598ac9f9
15,t14_1_n105_linear_level3,105,linear,3,48,0.025457065163766619,0.9999973466317259,false,e6c4b0f34284d10e7c2b6f3683b8eec339d4f230be930f0e42447233598ac9f9
15,t14_1_n105_linear_level3,105,linear,3,49,0.025457094876903737,0.99999851381490612,false,e6c4b0f34284d10e7c2b6f3683b8eec339d4f230be930f0e42447233598ac9f9
15,t14_1_n105_linear_level3,105,linear,3,50,0.025457115946680237,0.99999934147200087,false,e6c4b0f34284d10e7c2b6f3683b8eec339d4f230be930f0e42447233598ac9f9
15,t14_1_n105_linear_level3,105,linear,3,51,0.025457128527457459,0.99999983566658934,false,e6c4b0f34284d10e7c2b6f3683b8eec339d4f230be930f0e42447233598ac9f9
15,t14_1_n105_linear_level3,105,linear,3,52,0.0254571327109149,0.99999999999999989,true,e6c4b0f34284d10e7c2b6f3683b8eec339d4f230be930f0e42447233598ac9f9
15,t14_1_n105_linear_level3,105,linear,3,53,0.025457128527457452,0.99999983566658901,false,e6c4b0f34284d10e7c2b6f3683b8eec339d4f230be930f0e42447233598ac9f9
15,t14_1_n105_linear_level3,105,linear,3,54,0.025457115946680237,0.99999934147200087,false,e6c4b0f34284d10e7c2b6f3683b8eec339d4f230be930f0e42447233598ac9f9
15,t14_1_n105_linear_level3,105,linear,3,55,0.025457094876903737,0.99999851381490612,false,e6c4b0f34284d10e7c2b6f3683b8eec339d4f230be930f0e42447233598ac9f9
15,t14_1_n105_linear_level3,105,linear,3,56,0.025457065163766619,0.9999973466317259,false,e6c4b0f34284d10e7c2b6f3683b8eec339d4f230be930f0e42447233598ac9f9
15,t14_1_n105_linear_level3,105,linear,3,57,0.025457026587839379,0.99999583130289138,false,e6c4b0f34284d10e7c2b6f3683b8eec339d4f230be930f0e42447233598ac9f9
15,t14_1_n105_linear_level3,105,linear,3,58,0.025456978861195169,0.99999395651814049,false,e6c4b0f34284d10e7c2b6f3683b8eec339d4f230be930f0e42447233598ac9f9
15,t14_1_n105_linear_level3,105,linear,3,59,0.025456921622844877,0.99999170809719917,false,e6c4b0f34284d10e7c2b6f3683b8eec339d4f230be930f0e42447233598ac9f9
15,t14_1_n105_linear_level3,105,linear,3,60,0.025456854432911166,0.99998906876092852,false,e6c4b0f34284d10e7c2b6f3683b8eec339d4f230be930f0e42447233598ac9f9
15,t14_1_n105_linear_level3,105,linear,3,61,0.025456776765377977,0.99998601784651209,false,e6c4b0f34284d10e7c2b6f3683b8eec339d4f230be930f0e42447233598ac9f9
15,t14_1_n105_linear_level3,105,linear,3,62,0.025456687999205342,0.9999825309584307,false,e6c4b0f34284d10e7c2b6f3683b8eec339d4f230be930f0e42447233598ac9f9
15,t14_1_n105_linear_level3,105,linear,3,63,0.025456587407546628,0.99997857954489733,false,e6c4b0f34284d10e7c2b6f3683b8eec339d4f230be930f0e42447233598ac9f9
15,t14_1_n105_linear_level3,105,linear,3,64,0.025456474144736615,0.99997413038672633,false,e6c4b0f34284d10e7c2b6f3683b8eec339d4f230be930f0e42447233598ac9f9
15,t14_1_n105_linear_level3,105,linear,3,65,0.025456347230635543,0.99996914498234024,false,e6c4b0f34284d10e7c2b6f3683b8eec339d4f230be930f0e42447233598ac9f9
15,t14_1_n105_linear_level3,105,linear,3,66,0.02545620553181286,0.99996357880863596,false,e6c4b0f34284d10e7c2b6f3683b8eec339d4f230be930f0e42447233598ac9f9
15,t14_1_n105_linear_level3,105,linear,3,67,0.025456047738919765,0.99995738043213822,false,e6c4b0f34284d10e7c2b6f3683b8eec339d4f230be930f0e42447233598ac9f9
15,t14_1_n105_linear_level3,105,linear,3,68,0.025455872339435921,0.99995049043844431,false,e6c4b0f34284d10e7c2b6f3683b8eec339d4f230be930f0e42447233598ac9f9
15,t14_1_n105_linear_level3,105,linear,3,69,0.025455677584761173,0.99994284013952961,false,e6c4b0f34284d10e7c2b6f3683b8eec339d4f230be930f0e42447233598ac9f9
15,t14_1_n105_linear_level3,105,linear,3,70,0.025455461450346901,0.99993435000763908,false,e6c4b0f34284d10e7c2b6f3683b8eec339d4f230be930f0e42447233598ac9f9
15,t14_1_n105_linear_level3,105,linear,3,71,0.025455221587204088,0.99992492777043984,false,e6c4b0f34284d10e7c2b6f3683b8eec339d4f230be930f0e42447233598ac9f9
15,t14_1_n105_linear_level3,105,linear,3,72,0.025454955262655801,0.99991446608367762,false,e6c4b0f34284d10e7c2b6f3683b8eec339d4f230be930f0e42447233598ac9f9
15,t14_1_n105_linear_level3,105,linear,3,73,0.025454659287578701,0.99990283967309712,false,e6c4b0f34284d10e7c2b6f3683b8eec339d4f230be930f0e42447233598ac9f9
15,t14_1_n105_linear_level3,105,linear,3,74,0.025454329926552745,0.99988990180496817,false,e6c4b0f34284d10e7c2b6f3683b8eec339d4f230be930f0e42447233598ac9f9
15,t14_1_n105_linear_level3,105,linear,3,75,0.025453962786227524,0.99987547990092296,false,e6c4b0f34284d10e7c2b6f3683b8eec339d4f230be930f0e42447233598ac9f9
15,t14_1_n105_linear_level3,105,linear,3,76,0.025453552675704413,0.9998593700535271,false,e6c4b0f34284d10e7c2b6f3683b8eec339d4f230be930f0e42447233598ac9f9
15,t14_1_n105_linear_level3,105,linear,3,77,0.0254530934306701,0.99984133011794085,false,e6c4b0f34284d10e7c2b6f3683b8eec339d4f230be930f0e42447233598ac9f9
15,t14_1_n105_linear_level3,105,linear,3,78,0.025452577690162598,0.99982107094290507,false,e6c4b0f34284d10e7c2b6f3683b8eec339d4f230be930f0e42447233598ac9f9
15,t14_1_n105_linear_level3,105,linear,3,79,0.025451996610852526,0.9997982451472166,false,e6c4b0f34284d10e7c2b6f3683b8eec339d4f230be930f0e42447233598ac9f9
15,t14_1_n105_linear_level3,105,linear,3,80,0.02545133949806791,0.99977243262574855,false,e6c4b0f34284d10e7c2b6f3683b8eec339d4f230be930f0e42447233598ac9f9
15,t14_1_n105_linear_level3,105,linear,3,81,0.025450593324684703,0.99974312165064072,false,e6c4b0f34284d10e7c2b6f3683b8eec339d4f230be930f0e42447233598ac9f9
15,t14_1_n105_linear_level3,105,linear,3,82,0.025449742097220146,0.99970968397035587,false,e6c4b0f34284d10e7c2b6f3683b8eec339d4f230be930f0e42447233598ac9f9
15,t14_1_n105_linear_level3,105,linear,3,83,0.025448766011098207,0.99967134162705173,false,e6c4b0f34284d10e7c2b6f3683b8eec339d4f230be930f0e42447233598ac9f9
15,t14_1_n105_linear_level3,105,linear,3,84,0.025447640311023506,0.99962712219010719,false,e6c4b0f34284d10e7c2b6f3683b8eec339d4f230be930f0e42447233598ac9f9
15,t14_1_n105_linear_level3,105,linear,3,85,0.025446333732736328,0.99957579754557568,false,e6c4b0f34284d10e7c2b6f3683b8eec339d4f230be930f0e42447233598ac9f9
15,t14_1_n105_linear_level3,105,linear,3,86,0.025444806340810866,0.9995157989611787,false,e6c4b0f34284d10e7c2b6f3683b8eec339d4f230be930f0e42447233598ac9f9
15,t14_1_n105_linear_level3,105,linear,3,87,0.025443006479478766,0.99944509730940434,false,e6c4b0f34284d10e7c2b6f3683b8eec339d4f230be930f0e42447233598ac9f9
15,t14_1_n105_linear_level3,105,linear,3,88,0.025440866395090911,0.99936103111027041,false,e6c4b0f34284d10e7c2b6f3683b8eec339d4f230be930f0e42447233598ac9f9
15,t14_1_n105_linear_level3,105,linear,3,89,0.02543829582550038,0.99926005471125001,false,e6c4b0f34284d10e7c2b6f3683b8eec339d4f230be930f0e42447233598ac9f9
15,t14_1_n105_linear_level3,105,linear,3,90,0.025435172401555729,0.99913736124140329,false,e6c4b0f34284d10e7c2b6f3683b8eec339d4f230be930f0e42447233598ac9f9
15,t14_1_n105_linear_level3,105,linear,3,91,0.025431326912308372,0.9989863038033554,false,e6c4b0f34284d10e7c2b6f3683b8eec339d4f230be930f0e42447233598ac9f9
15,t14_1_n105_linear_level3,105,linear,3,92,0.025426520036617495,0.9987974814506787,false,e6c4b0f34284d10e7c2b6f3683b8eec339d4f230be930f0e42447233598ac9f9
15,t14_1_n105_linear_level3,105,linear,3,93,0.025420404391623297,0.99855724838658444,false,e6c4b0f34284d10e7c2b6f3683b8eec339d4f230be930f0e42447233598ac9f9
15,t14_1_n105_linear_level3,105,linear,3,94,0.025412460278153488,0.99824518993286848,false,e6c4b0f34284d10e7c2b6f3683b8eec339d4f230be930f0e42447233598ac9f9
15,t14_1_n105_linear_level3,105,linear,3,95,0.02540188204418722,0.99782965869113793,false,e6c4b0f34284d10e7c2b6f3683b8eec339d4f230be930f0e42447233598ac9f9
15,t14_1_n105_linear_level3,105,linear,3,96,0.025387366461292207,0.9972594616049284,false,e6c4b0f34284d10e7c2b6f3683b8eec339d4f230be930f0e42447233598ac9f9
15,t14_1_n105_linear_level3,105,linear,3,97,0.025366693326337914,0.99644738527296073,false,e6c4b0f34284d10e7c2b6f3683b8eec339d4f230be930f0e42447233598ac9f9
15,t14_1_n105_linear_level3,105,linear,3,98,0.025335828233738634,0.99523495129817741,false,e6c4b0f34284d10e7c2b6f3683b8eec339d4f230be930f0e42447233598ac9f9
15,t14_1_n105_linear_level3,105,linear,3,99,0.025286808656353174,0.99330937790614959,false,e6c4b0f34284d10e7c2b6f3683b8eec339d4f230be930f0e42447233598ac9f9
15,t14_1_n105_linear_level3,105,linear,3,100,0.025202094556502165,0.98998166221982298,false,e6c4b0f34284d10e7c2b6f3683b8eec339d4f230be930f0e42447233598ac9f9
15,t14_1_n105_linear_level3,105,linear,3,101,0.025036626924610689,0.98348180876929947,false,e6c4b0f34284d10e7c2b6f3683b8eec339d4f230be930f0e42447233598ac9f9
15,t14_1_n105_linear_level3,105,linear,3,102,0.024644392967146662,0.96807418364835041,false,e6c4b0f34284d10e7c2b6f3683b8eec339d4f230be930f0e42447233598ac9f9
15,t14_1_n105_linear_level3,105,linear,3,103,0.023320579370950174,0.91607250650625438,false,e6c4b0f34284d10e7c2b6f3683b8eec339d4f230be930f0e42447233598ac9f9
15,t14_1_n105_linear_level3,105,linear,3,104,0.012730002481277328,0.50005641349464547,false,e6c4b0f34284d10e7c2b6f3683b8eec339d4f230be930f0e42447233598ac9f9
16,t14_1_n105_linear_level4,105,linear,4,0,0.032679135385132167,0.50005641349464236,false,0f5baa343f24fc7dbf19c937bfd439ce4893b088d4dcd5d3d980d9f28ac711ef
16,t14_1_n105_linear_level4,105,linear,4,1,0.059866160406791893,0.91607250650625616,false,0f5baa343f24fc7dbf19c937bfd439ce4893b088d4dcd5d3d980d9f28ac711ef
16,t14_1_n105_linear_level4,105,linear,4,2,0.063264516675646518,0.96807418364835185,false,0f5baa343f24fc7dbf19c937bfd439ce4893b088d4dcd5d3d980d9f28ac711ef
16,t14_1_n105_linear_level4,105,linear,4,3,0.064271418804492025,0.98348180876929314,false,0f5baa343f24fc7dbf19c937bfd439ce4893b088d4dcd5d3d980d9f28ac711ef
16,t14_1_n105_linear_level4,105,linear,4,4,0.064696190060616915,0.98998166221982431,false,0f5baa343f24fc7dbf19c937bfd439ce4893b088d4dcd5d3d980d9f28ac711ef
16,t14_1_n105_linear_level4,105,linear,4,5,0.064913659267094498,0.99330937790615126,false,0f5baa343f24fc7dbf19c937bfd439ce4893b088d4dcd5d3d980d9f28ac711ef
16,t14_1_n105_linear_level4,105,linear,4,6,0.06503949721632174,0.9952349512981794,false,0f5baa343f24fc7dbf19c937bfd439ce4893b088d4dcd5d3d980d9f28ac711ef
16,t14_1_n105_linear_level4,105,linear,4,7,0.065118730864642704,0.99644738527296273,false,0f5baa343f24fc7dbf19c937bfd439ce4893b088d4dcd5d3d980d9f28ac711ef
16,t14_1_n105_linear_level4,105,linear,4,8,0.065171800781714612,0.99725946160493051,false,0f5baa343f24fc7dbf19c937bfd439ce4893b088d4dcd5d3d980d9f28ac711ef
16,t14_1_n105_linear_level4,105,linear,4,9,0.065209063673007592,0.99782965869113871,false,0f5baa343f24fc7dbf19c937bfd439ce4893b088d4dcd5d3d980d9f28ac711ef
16,t14_1_n105_linear_level4,105,linear,4,10,0.065236219012562033,0.99824518993285583,false,0f5baa343f24fc7dbf19c937bfd439ce4893b088d4dcd5d3d980d9f28ac711ef
16,t14_1_n105_linear_level4,105,linear,4,11,0.065256612312562037,0.99855724838657978,false,0f5baa343f24fc7dbf19c937bfd439ce4893b088d4dcd5d3d980d9f28ac711ef
16,t14_1_n105_linear_level4,105,linear,4,12,0.065272311758892212,0.99879748145068015,false,0f5baa343f24fc7dbf19c937bfd439ce4893b088d4dcd5d3d980d9f28ac711ef
16,t14_1_n105_linear_level4,105,linear,4,13,0.06528465146909361,0.99898630380335718,false,0f5baa343f24fc7dbf19c937bfd439ce4893b088d4dcd5d3d980d9f28ac711ef
16,t14_1_n105_linear_level4,105,linear,4,14,0.065294523208232785,0.99913736124140484,false,0f5baa343f24fc7dbf19c937bfd439ce4893b088d4dcd5d3d980d9f28ac711ef
16,t14_1_n105_linear_level4,105,linear,4,15,0.065302541336594994,0.99926005471124402,false,0f5baa343f24fc7dbf19c937bfd439ce4893b088d4dcd5d3d980d9f28ac711ef
16,t14_1_n105_linear_level4,105,linear,4,16,0.065309140234890248,0.99936103111027208,false,0f5baa343f24fc7dbf19c937bfd439ce4893b088d4dcd5d3d980d9f28ac711ef
16,t14_1_n105_linear_level4,105,linear,4,17,0.065314634036446814,0.99944509730940656,false,0f5baa343f24fc7dbf19c937bfd439ce4893b088d4dcd5d3d980d9f28ac711ef
16,t14_1_n105_linear_level4,105,linear,4,18,0.065319254452839703,0.9995157989611807,false,0f5baa343f24fc7dbf19c937bfd439ce4893b088d4dcd5d3d980d9f28ac711ef
16,t14_1_n105_linear_level4,105,linear,4,19,0.065323175414174275,0.99957579754557746,false,0f5baa343f24fc7dbf19c937bfd439ce4893b088d4dcd5d3d980d9f28ac711ef
16,t14_1_n105_linear_level4,105,linear,4,20,0.065326529525753907,0.99962712219010075,false,0f5baa343f24fc7dbf19c937bfd439ce4893b088d4dcd5d3d980d9f28ac711ef
16,t14_1_n105_linear_level4,105,linear,4,21,0.065329419305642386,0.99967134162705318,false,0f5baa343f24fc7dbf19c937bfd439ce4893b088d4dcd5d3d980d9f28ac711ef
16,t14_1_n105_linear_level4,105,linear,4,22,0.065331925012186737,0.99970968397035787,false,0f5baa343f24fc7dbf19c937bfd439ce4893b088d4dcd5d3d980d9f28ac711ef
16,t14_1_n105_linear_level4,105,linear,4,23,0.065334110194600878,0.99974312165063817,false,0f5baa343f24fc7dbf19c937bfd439ce4893b088d4dcd5d3d980d9f28ac711ef
16,t14_1_n105_linear_level4,105,linear,4,24,0.065336025693128838,0.99977243262574989,false,0f5baa343f24fc7dbf19c937bfd439ce4893b088d4dcd5d3d980d9f28ac711ef
16,t14_1_n105_linear_level4,105,linear,4,25,0.065337712564571604,0.99979824514721827,false,0f5baa343f24fc7dbf19c937bfd439ce4893b088d4dcd5d3d980d9f28ac711ef
16,t14_1_n105_linear_level4,105,linear,4,26,0.065339204250804292,0.99982107094290673,false,0f5baa343f24fc7dbf19c937bfd439ce4893b088d4dcd5d3d980d9f28ac711ef
16,t14_1_n105_linear_level4,105,linear,4,27,0.065340528206073709,0.99984133011793852,false,0f5baa343f24fc7dbf19c937bfd439ce4893b088d4dcd5d3d980d9f28ac711ef
16,t14_1_n105_linear_level4,105,linear,4,28,0.065341707132053756,0.99985937005352454,false,0f5baa343f24fc7dbf19c937bfd439ce4893b088d4dcd5d3d980d9f28ac711ef
16,t14_1_n105_linear_level4,105,linear,4,29,0.065342759925038726,0.99987547990092451,false,0f5baa343f24fc7dbf19c937bfd439ce4893b088d4dcd5d3d980d9f28ac711ef
16,t14_1_n105_linear_level4,105,linear,4,30,0.065343702409410662,0.99988990180496973,false,0f5baa343f24fc7dbf19c937bfd439ce4893b088d4dcd5d3d980d9f28ac711ef
16,t14_1_n105_linear_level4,105,linear,4,31,0.065344547910703488,0.99990283967309612,false,0f5baa343f24fc7dbf19c937bfd439ce4893b088d4dcd5d3d980d9f28ac711ef
16,t14_1_n105_linear_level4,105,linear,4,32,0.065345307707068728,0.99991446608367618,false,0f5baa343f24fc7dbf19c937bfd439ce4893b088d4dcd5d3d980d9f28ac711ef
16,t14_1_n105_linear_level4,105,linear,4,33,0.065345991387687138,0.99992492777043707,false,0f5baa343f24fc7dbf19c937bfd439ce4893b088d4dcd5d3d980d9f28ac711ef
16,t14_1_n105_linear_level4,105,linear,4,34,0.065346607139343871,0.99993435000763642,false,0f5baa343f24fc7dbf19c937bfd439ce4893b088d4dcd5d3d980d9f28ac711ef
16,t14_1_n105_linear_level4,105,linear,4,35,0.065347161977082471,0.9999428401395315,false,0f5baa343f24fc7dbf19c937bfd439ce4893b088d4dcd5d3d980d9f28ac711ef
16,t14_1_n105_linear_level4,105,linear,4,36,0.065347661930982098,0.99995049043844586,false,0f5baa343f24fc7dbf19c937bfd439ce4893b088d4dcd5d3d980d9f28ac711ef
16,t14_1_n105_linear_level4,105,linear,4,37,0.065348112198253122,0.99995738043213789,false,0f5baa343f24fc7dbf19c937bfd439ce4893b088d4dcd5d3d980d9f28ac711ef
16,t14_1_n105_linear_level4,105,linear,4,38,0.065348517267719827,0.99996357880863562,false,0f5baa343f24fc7dbf19c937bfd439ce4893b088d4dcd5d3d980d9f28ac711ef
16,t14_1_n105_linear_level4,105,linear,4,39,0.065348881022166627,0.99996914498233991,false,0f5baa343f24fc7dbf19c937bfd439ce4893b088d4dcd5d3d980d9f28ac711ef
16,t14_1_n105_linear_level4,105,linear,4,40,0.065349206822817266,0.99997413038672567,false,0f5baa343f24fc7dbf19c937bfd439ce4893b088d4dcd5d3d980d9f28ac711ef
16,t14_1_n105_linear_level4,105,linear,4,41,0.065349497579296575,0.99997857954489733,false,0f5baa343f24fc7dbf19c937bfd439ce4893b088d4dcd5d3d980d9f28ac711ef
16,t14_1_n105_linear_level4,105,linear,4,42,0.065349755807716944,0.99998253095842871,false,0f5baa343f24fc7dbf19c937bfd439ce4893b088d4dcd5d3d980d9f28ac711ef
16,t14_1_n105_linear_level4,105,linear,4,43,0.065349983678982398,0.99998601784651175,false,0f5baa343f24fc7dbf19c937bfd439ce4893b088d4dcd5d3d980d9f28ac711ef
16,t14_1_n105_linear_level4,105,linear,4,44,0.065350183058977537,0.99998906876092908,false,0f5baa343f24fc7dbf19c937bfd439ce4893b088d4dcd5d3d980d9f28ac711ef
16,t14_1_n105_linear_level4,105,linear,4,45,0.065350355541971383,0.99999170809719906,false,0f5baa343f24fc7dbf19c937bfd439ce4893b088d4dcd5d3d980d9f28ac711ef
16,t14_1_n105_linear_level4,105,linear,4,46,0.065350502478297698,0.99999395651814049,false,0f5baa343f24fc7dbf19c937bfd439ce4893b088d4dcd5d3d980d9f28ac711ef
16,t14_1_n105_linear_level4,105,linear,4,47,0.065350624997163625,0.99999583130289105,false,0f5baa343f24fc7dbf19c937bfd439ce4893b088d4dcd5d3d980d9f28ac711ef
16,t14_1_n105_linear_level4,105,linear,4,48,0.06535072402526286,0.99999734663172568,false,0f5baa343f24fc7dbf19c937bfd439ce4893b088d4dcd5d3d980d9f28ac711ef
16,t14_1_n105_linear_level4,105,linear,4,49,0.065350800301731155,0.99999851381490601,false,0f5baa343f24fc7dbf19c937bfd439ce4893b088d4dcd5d3d980d9f28ac711ef
16,t14_1_n105_linear_level4,105,linear,4,50,0.065350854389865057,0.99999934147200076,false,0f5baa343f24fc7dbf19c937bfd439ce4893b088d4dcd5d3d980d9f28ac711ef
16,t14_1_n105_linear_level4,105,linear,4,51,0.065350886685924897,0.9999998356665889,false,0f5baa343f24fc7dbf19c937bfd439ce4893b088d4dcd5d3d980d9f28ac711ef
16,t14_1_n105_linear_level4,105,linear,4,52,0.065350897425260762,0.99999999999999956,true,0f5baa343f24fc7dbf19c937bfd439ce4893b088d4dcd5d3d980d9f28ac711ef
16,t14_1_n105_linear_level4,105,linear,4,53,0.065350886685924897,0.9999998356665889,false,0f5baa343f24fc7dbf19c937bfd439ce4893b088d4dcd5d3d980d9f28ac711ef
16,t14_1_n105_linear_level4,105,linear,4,54,0.065350854389865071,0.99999934147200087,false,0f5baa343f24fc7dbf19c937bfd439ce4893b088d4dcd5d3d980d9f28ac711ef
16,t14_1_n105_linear_level4,105,linear,4,55,0.065350800301731155,0.99999851381490601,false,0f5baa343f24fc7dbf19c937bfd439ce4893b088d4dcd5d3d980d9f28ac711ef
16,t14_1_n105_linear_level4,105,linear,4,56,0.065350724025262846,0.99999734663172546,false,0f5baa343f24fc7dbf19c937bfd439ce4893b088d4dcd5d3d980d9f28ac711ef
16,t14_1_n105_linear_level4,105,linear,4,57,0.065350624997163639,0.99999583130289127,false,0f5baa343f24fc7dbf19c937bfd439ce4893b088d4dcd5d3d980d9f28ac711ef
16,t14_1_n105_linear_level4,105,linear,4,58,0.065350502478297698,0.99999395651814049,false,0f5baa343f24fc7dbf19c937bfd439ce4893b088d4dcd5d3d980d9f28ac711ef
16,t14_1_n105_linear_level4,105,linear,4,59,0.065350355541971369,0.99999170809719884,false,0f5baa343f24fc7dbf19c937bfd439ce4893b088d4dcd5d3d980d9f28ac711ef
16,t14_1_n105_linear_level4,105,linear,4,60,0.065350183058977537,0.99998906876092908,false,0f5baa343f24fc7dbf19c937bfd439ce4893b088d4dcd5d3d980d9f28ac711ef
16,t14_1_n105_linear_level4,105,linear,4,61,0.065349983678982385,0.99998601784651164,false,0f5baa343f24fc7dbf19c937bfd439ce4893b088d4dcd5d3d980d9f28ac711ef
16,t14_1_n105_linear_level4,105,linear,4,62,0.065349755807716944,0.99998253095842871,false,0f5baa343f24fc7dbf19c937bfd439ce4893b088d4dcd5d3d980d9f28ac711ef
16,t14_1_n105_linear_level4,105,linear,4,63,0.065349497579296575,0.99997857954489733,false,0f5baa343f24fc7dbf19c937bfd439ce4893b088d4dcd5d3d980d9f28ac711ef
16,t14_1_n105_linear_level4,105,linear,4,64,0.065349206822817252,0.99997413038672545,false,0f5baa343f24fc7dbf19c937bfd439ce4893b088d4dcd5d3d980d9f28ac711ef
16,t14_1_n105_linear_level4,105,linear,4,65,0.065348881022166613,0.99996914498233969,false,0f5baa343f24fc7dbf19c937bfd439ce4893b088d4dcd5d3d980d9f28ac711ef
16,t14_1_n105_linear_level4,105,linear,4,66,0.065348517267719827,0.99996357880863562,false,0f5baa343f24fc7dbf19c937bfd439ce4893b088d4dcd5d3d980d9f28ac711ef
16,t14_1_n105_linear_level4,105,linear,4,67,0.065348112198253122,0.99995738043213789,false,0f5baa343f24fc7dbf19c937bfd439ce4893b088d4dcd5d3d980d9f28ac711ef
16,t14_1_n105_linear_level4,105,linear,4,68,0.065347661930982098,0.99995049043844586,false,0f5baa343f24fc7dbf19c937bfd439ce4893b088d4dcd5d3d980d9f28ac711ef
16,t14_1_n105_linear_level4,105,linear,4,69,0.065347161977082457,0.99994284013953127,false,0f5baa343f24fc7dbf19c937bfd439ce4893b088d4dcd5d3d980d9f28ac711ef
16,t14_1_n105_linear_level4,105,linear,4,70,0.065346607139343871,0.99993435000763642,false,0f5baa343f24fc7dbf19c937bfd439ce4893b088d4dcd5d3d980d9f28ac711ef
16,t14_1_n105_linear_level4,105,linear,4,71,0.065345991387687138,0.99992492777043707,false,0f5baa343f24fc7dbf19c937bfd439ce4893b088d4dcd5d3d980d9f28ac711ef
16,t14_1_n105_linear_level4,105,linear,4,72,0.065345307707068728,0.99991446608367618,false,0f5baa343f24fc7dbf19c937bfd439ce4893b088d4dcd5d3d980d9f28ac711ef
16,t14_1_n105_linear_level4,105,linear,4,73,0.065344547910703488,0.99990283967309612,false,0f5baa343f24fc7dbf19c937bfd439ce4893b088d4dcd5d3d980d9f28ac711ef
16,t14_1_n105_linear_level4,105,linear,4,74,0.065343702409410676,0.99988990180496995,false,0f5baa343f24fc7dbf19c937bfd439ce4893b088d4dcd5d3d980d9f28ac711ef
16,t14_1_n105_linear_level4,105,linear,4,75,0.06534275992503874,0.99987547990092474,false,0f5baa343f24fc7dbf19c937bfd439ce4893b088d4dcd5d3d980d9f28ac711ef
16,t14_1_n105_linear_level4,105,linear,4,76,0.06534170713205377,0.99985937005352477,false,0f5baa343f24fc7dbf19c937bfd439ce4893b088d4dcd5d3d980d9f28ac711ef
16,t14_1_n105_linear_level4,105,linear,4,77,0.065340528206073722,0.99984133011793863,false,0f5baa343f24fc7dbf19c937bfd439ce4893b088d4dcd5d3d980d9f28ac711ef
16,t14_1_n105_linear_level4,105,linear,4,78,0.065339204250804292,0.99982107094290673,false,0f5baa343f24fc7dbf19c937bfd439ce4893b088d4dcd5d3d980d9f28ac711ef
16,t14_1_n105_linear_level4,105,linear,4,79,0.065337712564571618,0.99979824514721849,false,0f5baa343f24fc7dbf19c937bfd439ce4893b088d4dcd5d3d980d9f28ac711ef
16,t14_1_n105_linear_level4,105,linear,4,80,0.065336025693128838,0.99977243262574989,false,0f5baa343f24fc7dbf19c937bfd439ce4893b088d4dcd5d3d980d9f28ac711ef
16,t14_1_n105_linear_level4,105,linear,4,81,0.065334110194600878,0.99974312165063817,false,0f5baa343f24fc7dbf19c937bfd439ce4893b088d4dcd5d3d980d9f28ac711ef
16,t14_1_n105_linear_level4,105,linear,4,82,0.065331925012186723,0.99970968397035764,false,0f5baa343f24fc7dbf19c937bfd439ce4893b088d4dcd5d3d980d9f28ac711ef
16,t14_1_n105_linear_level4,105,linear,4,83,0.065329419305642386,0.99967134162705318,false,0f5baa343f24fc7dbf19c937bfd439ce4893b088d4dcd5d3d980d9f28ac711ef
16,t14_1_n105_linear_level4,105,linear,4,84,0.065326529525753893,0.99962712219010053,false,0f5baa343f24fc7dbf19c937bfd439ce4893b088d4dcd5d3d980d9f28ac711ef
16,t14_1_n105_linear_level4,105,linear,4,85,0.065323175414174262,0.99957579754557724,false,0f5baa343f24fc7dbf19c937bfd439ce4893b088d4dcd5d3d980d9f28ac711ef
16,t14_1_n105_linear_level4,105,linear,4,86,0.065319254452839717,0.99951579896118092,false,0f5baa343f24fc7dbf19c937bfd439ce4893b088d4dcd5d3d980d9f28ac711ef
16,t14_1_n105_linear_level4,105,linear,4,87,0.065314634036446814,0.99944509730940656,false,0f5baa343f24fc7dbf19c937bfd439ce4893b088d4dcd5d3d980d9f28ac711ef
16,t14_1_n105_linear_level4,105,linear,4,88,0.065309140234890248,0.99936103111027208,false,0f5baa343f24fc7dbf19c937bfd439ce4893b088d4dcd5d3d980d9f28ac711ef
16,t14_1_n105_linear_level4,105,linear,4,89,0.065302541336594994,0.99926005471124402,false,0f5baa343f24fc7dbf19c937bfd439ce4893b088d4dcd5d3d980d9f28ac711ef
16,t14_1_n105_linear_level4,105,linear,4,90,0.065294523208232799,0.99913736124140506,false,0f5baa343f24fc7dbf19c937bfd439ce4893b088d4dcd5d3d980d9f28ac711ef
16,t14_1_n105_linear_level4,105,linear,4,91,0.06528465146909361,0.99898630380335718,false,0f5baa343f24fc7dbf19c937bfd439ce4893b088d4dcd5d3d980d9f28ac711ef
16,t14_1_n105_linear_level4,105,linear,4,92,0.065272311758892226,0.99879748145068037,false,0f5baa343f24fc7dbf19c937bfd439ce4893b088d4dcd5d3d980d9f28ac711ef
16,t14_1_n105_linear_level4,105,linear,4,93,0.065256612312562037,0.99855724838657978,false,0f5baa343f24fc7dbf19c937bfd439ce4893b088d4dcd5d3d980d9f28ac711ef
16,t14_1_n105_linear_level4,105,linear,4,94,0.065236219012562033,0.99824518993285583,false,0f5baa343f24fc7dbf19c937bfd439ce4893b088d4dcd5d3d980d9f28ac711ef
16,t14_1_n105_linear_level4,105,linear,4,95,0.065209063673007592,0.99782965869113871,false,0f5baa343f24fc7dbf19c937bfd439ce4893b088d4dcd5d3d980d9f28ac711ef
16,t14_1_n105_linear_level4,105,linear,4,96,0.065171800781714612,0.99725946160493051,false,0f5baa343f24fc7dbf19c937bfd439ce4893b088d4dcd5d3d980d9f28ac711ef
16,t14_1_n105_linear_level4,105,linear,4,97,0.06511873086464269,0.9964473852729625,false,0f5baa343f24fc7dbf19c937bfd439ce4893b088d4dcd5d3d980d9f28ac711ef
16,t14_1_n105_linear_level4,105,linear,4,98,0.065039497216321754,0.99523495129817963,false,0f5baa343f24fc7dbf19c937bfd439ce4893b088d4dcd5d3d980d9f28ac711ef
16,t14_1_n105_linear_level4,105,linear,4,99,0.064913659267094512,0.99330937790615148,false,0f5baa343f24fc7dbf19c937bfd439ce4893b088d4dcd5d3d980d9f28ac711ef
16,t14_1_n105_linear_level4,105,linear,4,100,0.064696190060616915,0.98998166221982431,false,0f5baa343f24fc7dbf19c937bfd439ce4893b088d4dcd5d3d980d9f28ac711ef
16,t14_1_n105_linear_level4,105,linear,4,101,0.064271418804492025,0.98348180876929314,false,0f5baa343f24fc7dbf19c937bfd439ce4893b088d4dcd5d3d980d9f28ac711ef
16,t14_1_n105_linear_level4,105,linear,4,102,0.063264516675646518,0.96807418364835185,false,0f5baa343f24fc7dbf19c937bfd439ce4893b088d4dcd5d3d980d9f28ac711ef
16,t14_1_n105_linear_level4,105,linear,4,103,0.059866160406791893,0.91607250650625616,false,0f5baa343f24fc7dbf19c937bfd439ce4893b088d4dcd5d3d980d9f28ac711ef
16,t14_1_n105_linear_level4,105,linear,4,104,0.03267913538513216,0.50005641349464225,false,0f5baa343f24fc7dbf19c937bfd439ce4893b088d4dcd5d3d980d9f28ac711ef
17,t14_1_n105_compact_level1,105,compact,1,0,0.00095345819147734647,0.30646742266886301,false,0a2cb70c1ee6895fd0f95e46bdea5ceab661a93648b85a2cc07087cbcea83e92
17,t14_1_n105_compact_level1,105,compact,1,1,0.001694993800750901,0.54481715737419512,false,0a2cb70c1ee6895fd0f95e46bdea5ceab661a93648b85a2cc07087cbcea83e92
17,t14_1_n105_compact_level1,105,compact,1,2,0.0018705048505586936,0.60123118744420545,false,0a2cb70c1ee6895fd0f95e46bdea5ceab661a93648b85a2cc07087cbcea83e92
17,t14_1_n105_compact_level1,105,compact,1,3,0.0019427892545010369,0.62446536296797961,false,0a2cb70c1ee6895fd0f95e46bdea5ceab661a93648b85a2cc07087cbcea83e92
17,t14_1_n105_compact_level1,105,compact,1,4,0.0019792089340049863,0.63617163956381773,false,0a2cb70c1ee6895fd0f95e46bdea5ceab661a93648b85a2cc07087cbcea83e92
17,t14_1_n105_compact_level1,105,compact,1,5,0.0019982651473348253,0.64229682537398392,false,0a2cb70c1ee6895fd0f95e46bdea5ceab661a93648b85a2cc07087cbcea83e92
17,t14_1_n105_compact_level1,105,compact,1,6,0.0020066126988811843,0.64497995572083655,false,0a2cb70c1ee6895fd0f95e46bdea5ceab661a93648b85a2cc07087cbcea83e92
17,t14_1_n105_compact_level1,105,compact,1,7,0.0020066126988811843,0.64497995572083655,false,0a2cb70c1ee6895fd0f95e46bdea5ceab661a93648b85a2cc07087cbcea83e92
17,t14_1_n105_compact_level1,105,compact,1,8,0.0019982651473348253,0.64229682537398392,false,0a2cb70c1ee6895fd0f95e46bdea5ceab661a93648b85a2cc07087cbcea83e92
17,t14_1_n105_compact_level1,105,compact,1,9,0.0019792089340049859,0.6361716395638175,false,0a2cb70c1ee6895fd0f95e46bdea5ceab661a93648b85a2cc07087cbcea83e92
17,t14_1_n105_compact_level1,105,compact,1,10,0.0019427892545010367,0.6244653629679795,false,0a2cb70c1ee6895fd0f95e46bdea5ceab661a93648b85a2cc07087cbcea83e92
17,t14_1_n105_compact_level1,105,compact,1,11,0.0018705048505586932,0.60123118744420523,false,0a2cb70c1ee6895fd0f95e46bdea5ceab661a93648b85a2cc07087cbcea83e92
17,t14_1_n105_compact_level1,105,compact,1,12,0.0016949938007509006,0.544817157374195,false,0a2cb70c1ee6895fd0f95e46bdea5ceab661a93648b85a2cc07087cbcea83e92
17,t14_1_n105_compact_level1,105,compact,1,13,0.00095345819147734647,0.30646742266886301,false,0a2cb70c1ee6895fd0f95e46bdea5ceab661a93648b85a2cc07087cbcea83e92
17,t14_1_n105_compact_level1,105,compact,1,14,0.0016949938007509017,0.54481715737419534,false,0a2cb70c1ee6895fd0f95e46bdea5ceab661a93648b85a2cc07087cbcea83e92
17,t14_1_n105_compact_level1,105,compact,1,15,0.0024981362517826605,0.80296900839796903,false,0a2cb70c1ee6895fd0f95e46bdea5ceab661a93648b85a2cc07087cbcea83e92
17,t14_1_n105_compact_level1,105,compact,1,16,0.0026900949460748921,0.86466975922739664,false,0a2cb70c1ee6895fd0f95e46bdea5ceab661a93648b85a2cc07087cbcea83e92
17,t14_1_n105_compact_level1,105,compact,1,17,0.0027678763961360578,0.88967083504253763,false,0a2cb70c1ee6895fd0f95e46bdea5ceab661a93648b85a2cc07087cbcea83e92
17,t14_1_n105_compact_level1,105,compact,1,18,0.0028057205818583378,0.90183498672216,false,0a2cb70c1ee6895fd0f95e46bdea5ceab661a93648b85a2cc07087cbcea83e92
17,t14_1_n105_compact_level1,105,compact,1,19,0.0028239124706594012,0.90768235509570339,false,0a2cb70c1ee6895fd0f95e46bdea5ceab661a93648b85a2cc07087cbcea83e92
17,t14_1_n105_compact_level1,105,compact,1,20,0.0028293855168653233,0.90944154116161535,false,0a2cb70c1ee6895fd0f95e46bdea5ceab661a93648b85a2cc07087cbcea83e92
17,t14_1_n105_compact_level1,105,compact,1,21,0.0028239124706594017,0.9076823550957035,false,0a2cb70c1ee6895fd0f95e46bdea5ceab661a93648b85a2cc07087cbcea83e92
17,t14_1_n105_compact_level1,105,compact,1,22,0.0028057205818583378,0.90183498672216,false,0a2cb70c1ee6895fd0f95e46bdea5ceab661a93648b85a2cc07087cbcea83e92
17,t14_1_n105_compact_level1,105,compact,1,23,0.0027678763961360583,0.88967083504253774,false,0a2cb70c1ee6895fd0f95e46bdea5ceab661a93648b85a2cc07087cbcea83e92
17,t14_1_n105_compact_level1,105,compact,1,24,0.0026900949460748921,0.86466975922739664,false,0a2cb70c1ee6895fd0f95e46bdea5ceab661a93648b85a2cc07087cbcea83e92
17,t14_1_n105_compact_level1,105,compact,1,25,0.0024981362517826605,0.80296900839796903,false,0a2cb70c1ee6895fd0f95e46bdea5ceab661a93648b85a2cc07087cbcea83e92
17,t14_1_n105_compact_level1,105,compact,1,26,0.0016949938007509017,0.54481715737419534,false,0a2cb70c1ee6895fd0f95e46bdea5ceab661a93648b85a2cc07087cbcea83e92
17,t14_1_n105_compact_level1,105,compact,1,27,0.0018705048505586943,0.60123118744420567,false,0a2cb70c1ee6895fd0f95e46bdea5ceab661a93648b85a2cc07087cbcea83e92
17,t14_1_n105_compact_level1,105,compact,1,28,0.0026900949460748913,0.86466975922739631,false,0a2cb70c1ee6895fd0f95e46bdea5ceab661a93648b85a2cc07087cbcea83e92
17,t14_1_n105_compact_level1,105,compact,1,29,0.002888425930891511,0.92841873773053085,false,0a2cb70c1ee6895fd0f95e46bdea5ceab661a93648b85a2cc07087cbcea83e92
17,t14_1_n105_compact_level1,105,compact,1,30,0.0029681584274755487,0.95404693301951593,false,0a2cb70c1ee6895fd0f95e46bdea5ceab661a93648b85a2cc07087cbcea83e92
17,t14_1_n105_compact_level1,105,compact,1,31,0.0030054104933008334,0.9660207612425199,false,0a2cb70c1ee6895fd0f95e46bdea5ceab661a93648b85a2cc07087cbcea83e92
17,t14_1_n105_compact_level1,105,compact,1,32,0.0030208431600772172,0.97098124053164048,false,0a2cb70c1ee6895fd0f95e46bdea5ceab661a93648b85a2cc07087cbcea83e92
17,t14_1_n105_compact_level1,105,compact,1,33,0.0030208431600772167,0.97098124053164037,false,0a2cb70c1ee6895fd0f95e46bdea5ceab661a93648b85a2cc07087cbcea83e92
17,t14_1_n105_compact_level1,105,compact,1,34,0.0030054104933008338,0.96602076124252012,false,0a2cb70c1ee6895fd0f95e46bdea5ceab661a93648b85a2cc07087cbcea83e92
17,t14_1_n105_compact_level1,105,compact,1,35,0.0029681584274755487,0.95404693301951593,false,0a2cb70c1ee6895fd0f95e46bdea5ceab661a93648b85a2cc07087cbcea83e92
17,t14_1_n105_compact_level1,105,compact,1,36,0.0028884259308915115,0.92841873773053096,false,0a2cb70c1ee6895fd0f95e46bdea5ceab661a93648b85a2cc07087cbcea83e92
17,t14_1_n105_compact_level1,105,compact,1,37,0.0026900949460748913,0.86466975922739631,false,0a2cb70c1ee6895fd0f95e46bdea5ceab661a93648b85a2cc07087cbcea83e92
17,t14_1_n105_compact_level1,105,compact,1,38,0.0018705048505586943,0.60123118744420567,false,0a2cb70c1ee6895fd0f95e46bdea5ceab661a93648b85a2cc07087cbcea83e92
17,t14_1_n105_compact_level1,105,compact,1,39,0.0019427892545010345,0.62446536296797883,false,0a2cb70c1ee6895fd0f95e46bdea5ceab661a93648b85a2cc07087cbcea83e92
17,t14_1_n105_compact_level1,105,compact,1,40,0.0027678763961360561,0.88967083504253708,false,0a2cb70c1ee6895fd0f95e46bdea5ceab661a93648b85a2cc07087cbcea83e92
17,t14_1_n105_compact_level1,105,compact,1,41,0.0029681584274755483,0.95404693301951582,false,0a2cb70c1ee6895fd0f95e46bdea5ceab661a93648b85a2cc07087cbcea83e92
17,t14_1_n105_compact_level1,105,compact,1,42,0.0030474096635503922,0.97952043807750455,false,0a2cb70c1ee6895fd0f95e46bdea5ceab661a93648b85a2cc07087cbcea83e92
17,t14_1_n105_compact_level1,105,compact,1,43,0.0030819826813479022,0.99063314732159879,false,0a2cb70c1ee6895fd0f95e46bdea5ceab661a93648b85a2cc07087cbcea83e92
17,t14_1_n105_compact_level1,105,compact,1,44,0.0030919696990024401,0.99384324671357338,false,0a2cb70c1ee6895fd0f95e46bdea5ceab661a93648b85a2cc07087cbcea83e92
17,t14_1_n105_compact_level1,105,compact,1,45,0.0030819826813479022,0.99063314732159879,false,0a2cb70c1ee6895fd0f95e46bdea5ceab661a93648b85a2cc07087cbcea83e92
17,t14_1_n105_compact_level1,105,compact,1,46,0.0030474096635503922,0.97952043807750455,false,0a2cb70c1ee6895fd0f95e46bdea5ceab661a93648b85a2cc07087cbcea83e92
17,t14_1_n105_compact_level1,105,compact,1,47,0.0029681584274755487,0.95404693301951593,false,0a2cb70c1ee6895fd0f95e46bdea5ceab661a93648b85a2cc07087cbcea83e92
17,t14_1_n105_compact_level1,105,compact,1,48,0.0027678763961360561,0.88967083504253708,false,0a2cb70c1ee6895fd0f95e46bdea5ceab661a93648b85a2cc07087cbcea83e92
17,t14_1_n105_compact_level1,105,compact,1,49,0.0019427892545010345,0.62446536296797883,false,0a2cb70c1ee6895fd0f95e46bdea5ceab661a93648b85a2cc07087cbcea83e92
17,t14_1_n105_compact_level1,105,compact,1,50,0.0019792089340049876,0.63617163956381806,false,0a2cb70c1ee6895fd0f95e46bdea5ceab661a93648b85a2cc07087cbcea83e92
17,t14_1_n105_compact_level1,105,compact,1,51,0.0028057205818583382,0.90183498672216011,false,0a2cb70c1ee6895fd0f95e46bdea5ceab661a93648b85a2cc07087cbcea83e92
17,t14_1_n105_compact_level1,105,compact,1,52,0.0030054104933008355,0.96602076124252068,false,0a2cb70c1ee6895fd0f95e46bdea5ceab661a93648b85a2cc07087cbcea83e92
17,t14_1_n105_compact_level1,105,compact,1,53,0.0030819826813479039,0.99063314732159935,false,0a2cb70c1ee6895fd0f95e46bdea5ceab661a93648b85a2cc07087cbcea83e92
17,t14_1_n105_compact_level1,105,compact,1,54,0.0031111241226691646,1,true,0a2cb70c1ee6895fd0f95e46bdea5ceab661a93648b85a2cc07087cbcea83e92
17,t14_1_n105_compact_level1,105,compact,1,55,0.0031111241226691646,1,false,0a2cb70c1ee6895fd0f95e46bdea5ceab661a93648b85a2cc07087cbcea83e92
17,t14_1_n105_compact_level1,105,compact,1,56,0.0030819826813479039,0.99063314732159935,false,0a2cb70c1ee6895fd0f95e46bdea5ceab661a93648b85a2cc07087cbcea83e92
17,t14_1_n105_compact_level1,105,compact,1,57,0.0030054104933008355,0.96602076124252068,false,0a2cb70c1ee6895fd0f95e46bdea5ceab661a93648b85a2cc07087cbcea83e92
17,t14_1_n105_compact_level1,105,compact,1,58,0.0028057205818583387,0.90183498672216034,false,0a2cb70c1ee6895fd0f95e46bdea5ceab661a93648b85a2cc07087cbcea83e92
17,t14_1_n105_compact_level1,105,compact,1,59,0.0019792089340049876,0.63617163956381806,false,0a2cb70c1ee6895fd0f95e46bdea5ceab661a93648b85a2cc07087cbcea83e92
17,t14_1_n105_compact_level1,105,compact,1,60,0.0019982651473348261,0.64229682537398414,false,0a2cb70c1ee6895fd0f95e46bdea5ceab661a93648b85a2cc07087cbcea83e92
17,t14_1_n105_compact_level1,105,compact,1,61,0.0028239124706594008,0.90768235509570327,false,0a2cb70c1ee6895fd0f95e46bdea5ceab661a93648b85a2cc07087cbcea83e92
17,t14_1_n105_compact_level1,105,compact,1,62,0.0030208431600772163,0.97098124053164026,false,0a2cb70c1ee6895fd0f95e46bdea5ceab661a93648b85a2cc07087cbcea83e92
17,t14_1_n105_compact_level1,105,compact,1,63,0.003091969699002441,0.99384324671357371,false,0a2cb70c1ee6895fd0f95e46bdea5ceab661a93648b85a2cc07087cbcea83e92
17,t14_1_n105_compact_level1,105,compact,1,64,0.0031111241226691637,0.99999999999999967,false,0a2cb70c1ee6895fd0f95e46bdea5ceab661a93648b85a2cc07087cbcea83e92
17,t14_1_n105_compact_level1,105,compact,1,65,0.003091969699002441,0.99384324671357371,false,0a2cb70c1ee6895fd0f95e46bdea5ceab661a93648b85a2cc07087cbcea83e92
17,t14_1_n105_compact_level1,105,compact,1,66,0.0030208431600772167,0.97098124053164037,false,0a2cb70c1ee6895fd0f95e46bdea5ceab661a93648b85a2cc07087cbcea83e92
17,t14_1_n105_compact_level1,105,compact,1,67,0.0028239124706594008,0.90768235509570327,false,0a2cb70c1ee6895fd0f95e46bdea5ceab661a93648b85a2cc07087cbcea83e92
17,t14_1_n105_compact_level1,105,compact,1,68,0.0019982651473348257,0.64229682537398403,false,0a2cb70c1ee6895fd0f95e46bdea5ceab661a93648b85a2cc07087cbcea83e92
17,t14_1_n105_compact_level1,105,compact,1,69,0.0020066126988811843,0.64497995572083655,false,0a2cb70c1ee6895fd0f95e46bdea5ceab661a93648b85a2cc07087cbcea83e92
17,t14_1_n105_compact_level1,105,compact,1,70,0.0028293855168653233,0.90944154116161535,false,0a2cb70c1ee6895fd0f95e46bdea5ceab661a93648b85a2cc07087cbcea83e92
17,t14_1_n105_compact_level1,105,compact,1,71,0.0030208431600772167,0.97098124053164037,false,0a2cb70c1ee6895fd0f95e46bdea5ceab661a93648b85a2cc07087cbcea83e92
17,t14_1_n105_compact_level1,105,compact,1,72,0.003081982681347903,0.99063314732159902,false,0a2cb70c1ee6895fd0f95e46bdea5ceab661a93648b85a2cc07087cbcea83e92
17,t14_1_n105_compact_level1,105,compact,1,73,0.0030819826813479022,0.99063314732159879,false,0a2cb70c1ee6895fd0f95e46bdea5ceab661a93648b85a2cc07087cbcea83e92
17,t14_1_n105_compact_level1,105,compact,1,74,0.0030208431600772172,0.97098124053164048,false,0a2cb70c1ee6895fd0f95e46bdea5ceab661a93648b85a2cc07087cbcea83e92
17,t14_1_n105_compact_level1,105,compact,1,75,0.0028293855168653238,0.90944154116161546,false,0a2cb70c1ee6895fd0f95e46bdea5ceab661a93648b85a2cc07087cbcea83e92
17,t14_1_n105_compact_level1,105,compact,1,76,0.0020066126988811839,0.64497995572083644,false,0a2cb70c1ee6895fd0f95e46bdea5ceab661a93648b85a2cc07087cbcea83e92
17,t14_1_n105_compact_level1,105,compact,1,77,0.0020066126988811861,0.64497995572083711,false,0a2cb70c1ee6895fd0f95e46bdea5ceab661a93648b85a2cc07087cbcea83e92
17,t14_1_n105_compact_level1,105,compact,1,78,0.0028239124706594017,0.9076823550957035,false,0a2cb70c1ee6895fd0f95e46bdea5ceab661a93648b85a2cc07087cbcea83e92
17,t14_1_n105_compact_level1,105,compact,1,79,0.0030054104933008342,0.96602076124252023,false,0a2cb70c1ee6895fd0f95e46bdea5ceab661a93648b85a2cc07087cbcea83e92
17,t14_1_n105_compact_level1,105,compact,1,80,0.0030474096635503931,0.97952043807750488,false,0a2cb70c1ee6895fd0f95e46bdea5ceab661a93648b85a2cc07087cbcea83e92
17,t14_1_n105_compact_level1,105,compact,1,81,0.0030054104933008351,0.96602076124252045,false,0a2cb70c1ee6895fd0f95e46bdea5ceab661a93648b85a2cc07087cbcea83e92
17,t14_1_n105_compact_level1,105,compact,1,82,0.0028239124706594017,0.9076823550957035,false,0a2cb70c1ee6895fd0f95e46bdea5ceab661a93648b85a2cc07087cbcea83e92
17,t14_1_n105_compact_level1,105,compact,1,83,0.0020066126988811856,0.64497995572083699,false,0a2cb70c1ee6895fd0f95e46bdea5ceab661a93648b85a2cc07087cbcea83e92
17,t14_1_n105_compact_level1,105,compact,1,84,0.0019982651473348261,0.64229682537398414,false,0a2cb70c1ee6895fd0f95e46bdea5ceab661a93648b85a2cc07087cbcea83e92
17,t14_1_n105_compact_level1,105,compact,1,85,0.0028057205818583369,0.90183498672215978,false,0a2cb70c1ee6895fd0f95e46bdea5ceab661a93648b85a2cc07087cbcea83e92
17,t14_1_n105_compact_level1,105,compact,1,86,0.00296815842747555,0.95404693301951637,false,0a2cb70c1ee6895fd0f95e46bdea5ceab661a93648b85a2cc07087cbcea83e92
17,t14_1_n105_compact_level1,105,compact,1,87,0.00296815842747555,0.95404693301951637,false,0a2cb70c1ee6895fd0f95e46bdea5ceab661a93648b85a2cc07087cbcea83e92
17,t14_1_n105_compact_level1,105,compact,1,88,0.0028057205818583374,0.90183498672215989,false,0a2cb70c1ee6895fd0f95e46bdea5ceab661a93648b85a2cc07087cbcea83e92
17,t14_1_n105_compact_level1,105,compact,1,89,0.0019982651473348261,0.64229682537398414,false,0a2cb70c1ee6895fd0f95e46bdea5ceab661a93648b85a2cc07087cbcea83e92
17,t14_1_n105_compact_level1,105,compact,1,90,0.0019792089340049863,0.63617163956381773,false,0a2cb70c1ee6895fd0f95e46bdea5ceab661a93648b85a2cc07087cbcea83e92
17,t14_1_n105_compact_level1,105,compact,1,91,0.0027678763961360561,0.88967083504253708,false,0a2cb70c1ee6895fd0f95e46bdea5ceab661a93648b85a2cc07087cbcea83e92
17,t14_1_n105_compact_level1,105,compact,1,92,0.0028884259308915106,0.92841873773053074,false,0a2cb70c1ee6895fd0f95e46bdea5ceab661a93648b85a2cc07087cbcea83e92
17,t14_1_n105_compact_level1,105,compact,1,93,0.0027678763961360565,0.88967083504253719,false,0a2cb70c1ee6895fd0f95e46bdea5ceab661a93648b85a2cc07087cbcea83e92
17,t14_1_n105_compact_level1,105,compact,1,94,0.0019792089340049859,0.6361716395638175,false,0a2cb70c1ee6895fd0f95e46bdea5ceab661a93648b85a2cc07087cbcea83e92
17,t14_1_n105_compact_level1,105,compact,1,95,0.0019427892545010367,0.6244653629679795,false,0a2cb70c1ee6895fd0f95e46bdea5ceab661a93648b85a2cc07087cbcea83e92
17,t14_1_n105_compact_level1,105,compact,1,96,0.0026900949460748921,0.86466975922739664,false,0a2cb70c1ee6895fd0f95e46bdea5ceab661a93648b85a2cc07087cbcea83e92
17,t14_1_n105_compact_level1,105,compact,1,97,0.0026900949460748921,0.86466975922739664,false,0a2cb70c1ee6895fd0f95e46bdea5ceab661a93648b85a2cc07087cbcea83e92
17,t14_1_n105_compact_level1,105,compact,1,98,0.0019427892545010369,0.62446536296797961,false,0a2cb70c1ee6895fd0f95e46bdea5ceab661a93648b85a2cc07087cbcea83e92
17,t14_1_n105_compact_level1,105,compact,1,99,0.0018705048505586936,0.60123118744420545,false,0a2cb70c1ee6895fd0f95e46bdea5ceab661a93648b85a2cc07087cbcea83e92
17,t14_1_n105_compact_level1,105,compact,1,100,0.0024981362517826592,0.80296900839796859,false,0a2cb70c1ee6895fd0f95e46bdea5ceab661a93648b85a2cc07087cbcea83e92
17,t14_1_n105_compact_level1,105,compact,1,101,0.0018705048505586936,0.60123118744420545,false,0a2cb70c1ee6895fd0f95e46bdea5ceab661a93648b85a2cc07087cbcea83e92
17,t14_1_n105_compact_level1,105,compact,1,102,0.0016949938007508993,0.54481715737419456,false,0a2cb70c1ee6895fd0f95e46bdea5ceab661a93648b85a2cc07087cbcea83e92
17,t14_1_n105_compact_level1,105,compact,1,103,0.0016949938007508989,0.54481715737419445,false,0a2cb70c1ee6895fd0f95e46bdea5ceab661a93648b85a2cc07087cbcea83e92
17,t14_1_n105_compact_level1,105,compact,1,104,0.00095345819147734561,0.30646742266886273,false,0a2cb70c1ee6895fd0f95e46bdea5ceab661a93648b85a2cc07087cbcea83e92
18,t14_1_n105_compact_level2,105,compact,2,0,0.0034045262687568559,0.30646742266886251,false,858f9853e76e18ae981110d73162d50ef326906e9c172676e167b78b879b28a2
18,t14_1_n105_compact_level2,105,compact,2,1,0.0060523376605481453,0.54481715737419445,false,858f9853e76e18ae981110d73162d50ef326906e9c172676e167b78b879b28a2
18,t14_1_n105_compact_level2,105,compact,2,2,0.006679037378342665,0.60123118744420501,false,858f9853e76e18ae981110d73162d50ef326906e9c172676e167b78b879b28a2
18,t14_1_n105_compact_level2,105,compact,2,3,0.0069371442929854815,0.62446536296797894,false,858f9853e76e18ae981110d73162d50ef326906e9c172676e167b78b879b28a2
18,t14_1_n105_compact_level2,105,compact,2,4,0.0070671885431468689,0.63617163956381728,false,858f9853e76e18ae981110d73162d50ef326906e9c172676e167b78b879b28a2
18,t14_1_n105_compact_level2,105,compact,2,5,0.007135232825994705,0.64229682537398347,false,858f9853e76e18ae981110d73162d50ef326906e9c172676e167b78b879b28a2
18,t14_1_n105_compact_level2,105,compact,2,6,0.0071650395430310808,0.644979955720836,false,858f9853e76e18ae981110d73162d50ef326906e9c172676e167b78b879b28a2
18,t14_1_n105_compact_level2,105,compact,2,7,0.0071650395430310808,0.644979955720836,false,858f9853e76e18ae981110d73162d50ef326906e9c172676e167b78b879b28a2
18,t14_1_n105_compact_level2,105,compact,2,8,0.0071352328259947058,0.64229682537398347,false,858f9853e76e18ae981110d73162d50ef326906e9c172676e167b78b879b28a2
18,t14_1_n105_compact_level2,105,compact,2,9,0.0070671885431468672,0.63617163956381717,false,858f9853e76e18ae981110d73162d50ef326906e9c172676e167b78b879b28a2
18,t14_1_n105_compact_level2,105,compact,2,10,0.0069371442929854815,0.62446536296797894,false,858f9853e76e18ae981110d73162d50ef326906e9c172676e167b78b879b28a2
18,t14_1_n105_compact_level2,105,compact,2,11,0.006679037378342665,0.60123118744420501,false,858f9853e76e18ae981110d73162d50ef326906e9c172676e167b78b879b28a2
18,t14_1_n105_compact_level2,105,compact,2,12,0.0060523376605481445,0.54481715737419434,false,858f9853e76e18ae981110d73162d50ef326906e9c172676e167b78b879b28a2
18,t14_1_n105_compact_level2,105,compact,2,13,0.0034045262687568559,0.30646742266886251,false,858f9853e76e18ae981110d73162d50ef326906e9c172676e167b78b879b28a2
18,t14_1_n105_compact_level2,105,compact,2,14,0.0060523376605481479,0.54481715737419467,false,858f9853e76e18ae981110d73162d50ef326906e9c172676e167b78b879b28a2
18,t14_1_n105_compact_level2,105,compact,2,15,0.0089201294489376064,0.80296900839796881,false,858f9853e76e18ae981110d73162d50ef326906e9c172676e167b78b879b28a2
18,t14_1_n105_compact_level2,105,compact,2,16,0.0096055589969511936,0.86466975922739631,false,858f9853e76e18ae981110d73162d50ef326906e9c172676e167b78b879b28a2
18,t14_1_n105_compact_level2,105,compact,2,17,0.0098832942897225801,0.88967083504253719,false,858f9853e76e18ae981110d73162d50ef326906e9c172676e167b78b879b28a2
18,t14_1_n105_compact_level2,105,compact,2,18,0.010018425043816349,0.90183498672215956,false,858f9853e76e18ae981110d73162d50ef326906e9c172676e167b78b879b28a2
18,t14_1_n105_compact_level2,105,compact,2,19,0.010083383071189901,0.90768235509570272,false,858f9853e76e18ae981110d73162d50ef326906e9c172676e167b78b879b28a2
18,t14_1_n105_compact_level2,105,compact,2,20,0.01010292575249962,0.9094415411616148,false,858f9853e76e18ae981110d73162d50ef326906e9c172676e167b78b879b28a2
18,t14_1_n105_compact_level2,105,compact,2,21,0.010083383071189901,0.90768235509570272,false,858f9853e76e18ae981110d73162d50ef326906e9c172676e167b78b879b28a2
18,t14_1_n105_compact_level2,105,compact,2,22,0.010018425043816349,0.90183498672215956,false,858f9853e76e18ae981110d73162d50ef326906e9c172676e167b78b879b28a2
18,t14_1_n105_compact_level2,105,compact,2,23,0.0098832942897225783,0.88967083504253708,false,858f9853e76e18ae981110d73162d50ef326906e9c172676e167b78b879b28a2
18,t14_1_n105_compact_level2,105,compact,2,24,0.0096055589969511936,0.86466975922739631,false,858f9853e76e18ae981110d73162d50ef326906e9c172676e167b78b879b28a2
18,t14_1_n105_compact_level2,105,compact,2,25,0.0089201294489376064,0.80296900839796881,false,858f9853e76e18ae981110d73162d50ef326906e9c172676e167b78b879b28a2
18,t14_1_n105_compact_level2,105,compact,2,26,0.0060523376605481479,0.54481715737419467,false,858f9853e76e18ae981110d73162d50ef326906e9c172676e167b78b879b28a2
18,t14_1_n105_compact_level2,105,compact,2,27,0.0066790373783426685,0.60123118744420534,false,858f9853e76e18ae981110d73162d50ef326906e9c172676e167b78b879b28a2
18,t14_1_n105_compact_level2,105,compact,2,28,0.0096055589969511954,0.86466975922739653,false,858f9853e76e18ae981110d73162d50ef326906e9c172676e167b78b879b28a2
18,t14_1_n105_compact_level2,105,compact,2,29,0.010313742170321768,0.92841873773053041,false,858f9853e76e18ae981110d73162d50ef326906e9c172676e167b78b879b28a2
18,t14_1_n105_compact_level2,105,compact,2,30,0.010598444091727803,0.9540469330195156,false,858f9853e76e18ae981110d73162d50ef326906e9c172676e167b78b879b28a2
18,t14_1_n105_compact_level2,105,compact,2,31,0.0107314605551672,0.96602076124251945,false,858f9853e76e18ae981110d73162d50ef326906e9c172676e167b78b879b28a2
18,t14_1_n105_compact_level2,105,compact,2,32,0.010786566190534138,0.97098124053164014,false,858f9853e76e18ae981110d73162d50ef326906e9c172676e167b78b879b28a2
18,t14_1_n105_compact_level2,105,compact,2,33,0.010786566190534136,0.97098124053163992,false,858f9853e76e18ae981110d73162d50ef326906e9c172676e167b78b879b28a2
18,t14_1_n105_compact_level2,105,compact,2,34,0.010731460555167202,0.96602076124251968,false,858f9853e76e18ae981110d73162d50ef326906e9c172676e167b78b879b28a2
18,t14_1_n105_compact_level2,105,compact,2,35,0.010598444091727804,0.95404693301951571,false,858f9853e76e18ae981110d73162d50ef326906e9c172676e167b78b879b28a2
18,t14_1_n105_compact_level2,105,compact,2,36,0.010313742170321768,0.92841873773053041,false,858f9853e76e18ae981110d73162d50ef326906e9c172676e167b78b879b28a2
18,t14_1_n105_compact_level2,105,compact,2,37,0.0096055589969511954,0.86466975922739653,false,858f9853e76e18ae981110d73162d50ef326906e9c172676e167b78b879b28a2
18,t14_1_n105_compact_level2,105,compact,2,38,0.0066790373783426685,0.60123118744420534,false,858f9853e76e18ae981110d73162d50ef326906e9c172676e167b78b879b28a2
18,t14_1_n105_compact_level2,105,compact,2,39,0.0069371442929854815,0.62446536296797894,false,858f9853e76e18ae981110d73162d50ef326906e9c172676e167b78b879b28a2
18,t14_1_n105_compact_level2,105,compact,2,40,0.0098832942897225783,0.88967083504253708,false,858f9853e76e18ae981110d73162d50ef326906e9c172676e167b78b879b28a2
18,t14_1_n105_compact_level2,105,compact,2,41,0.010598444091727803,0.9540469330195156,false,858f9853e76e18ae981110d73162d50ef326906e9c172676e167b78b879b28a2
18,t14_1_n105_compact_level2,105,compact,2,42,0.010881427569619153,0.97952043807750422,false,858f9853e76e18ae981110d73162d50ef326906e9c172676e167b78b879b28a2
18,t14_1_n105_compact_level2,105,compact,2,43,0.011004877919444602,0.99063314732159813,false,858f9853e76e18ae981110d73162d50ef326906e9c172676e167b78b879b28a2
18,t14_1_n105_compact_level2,105,compact,2,44,0.011040538700646483,0.99384324671357294,false,858f9853e76e18ae981110d73162d50ef326906e9c172676e167b78b879b28a2
18,t14_1_n105_compact_level2,105,compact,2,45,0.011004877919444602,0.99063314732159813,false,858f9853e76e18ae981110d73162d50ef326906e9c172676e167b78b879b28a2
18,t14_1_n105_compact_level2,105,compact,2,46,0.010881427569619151,0.97952043807750411,false,858f9853e76e18ae981110d73162d50ef326906e9c172676e167b78b879b28a2
18,t14_1_n105_compact_level2,105,compact,2,47,0.010598444091727803,0.9540469330195156,false,858f9853e76e18ae981110d73162d50ef326906e9c172676e167b78b879b28a2
18,t14_1_n105_compact_level2,105,compact,2,48,0.0098832942897225783,0.88967083504253708,false,858f9853e76e18ae981110d73162d50ef326906e9c172676e167b78b879b28a2
18,t14_1_n105_compact_level2,105,compact,2,49,0.0069371442929854815,0.62446536296797894,false,858f9853e76e18ae981110d73162d50ef326906e9c172676e167b78b879b28a2
18,t14_1_n105_compact_level2,105,compact,2,50,0.0070671885431468785,0.63617163956381817,false,858f9853e76e18ae981110d73162d50ef326906e9c172676e167b78b879b28a2
18,t14_1_n105_compact_level2,105,compact,2,51,0.010018425043816351,0.90183498672215978,false,858f9853e76e18ae981110d73162d50ef326906e9c172676e167b78b879b28a2
18,t14_1_n105_compact_level2,105,compact,2,52,0.010731460555167209,0.96602076124252023,false,858f9853e76e18ae981110d73162d50ef326906e9c172676e167b78b879b28a2
18,t14_1_n105_compact_level2,105,compact,2,53,0.011004877919444612,0.99063314732159902,false,858f9853e76e18ae981110d73162d50ef326906e9c172676e167b78b879b28a2
18,t14_1_n105_compact_level2,105,compact,2,54,0.011108933664494051,0.99999999999999956,true,858f9853e76e18ae981110d73162d50ef326906e9c172676e167b78b879b28a2
18,t14_1_n105_compact_level2,105,compact,2,55,0.01110893366449405,0.99999999999999933,false,858f9853e76e18ae981110d73162d50ef326906e9c172676e167b78b879b28a2
18,t14_1_n105_compact_level2,105,compact,2,56,0.011004877919444612,0.99063314732159902,false,858f9853e76e18ae981110d73162d50ef326906e9c172676e167b78b879b28a2
18,t14_1_n105_compact_level2,105,compact,2,57,0.010731460555167209,0.96602076124252023,false,858f9853e76e18ae981110d73162d50ef326906e9c172676e167b78b879b28a2
18,t14_1_n105_compact_level2,105,compact,2,58,0.010018425043816351,0.90183498672215978,false,858f9853e76e18ae981110d73162d50ef326906e9c172676e167b78b879b28a2
18,t14_1_n105_compact_level2,105,compact,2,59,0.0070671885431468785,0.63617163956381817,false,858f9853e76e18ae981110d73162d50ef326906e9c172676e167b78b879b28a2
18,t14_1_n105_compact_level2,105,compact,2,60,0.007135232825994705,0.64229682537398347,false,858f9853e76e18ae981110d73162d50ef326906e9c172676e167b78b879b28a2
18,t14_1_n105_compact_level2,105,compact,2,61,0.010083383071189901,0.90768235509570272,false,858f9853e76e18ae981110d73162d50ef326906e9c172676e167b78b879b28a2
18,t14_1_n105_compact_level2,105,compact,2,62,0.010786566190534138,0.97098124053164014,false,858f9853e76e18ae981110d73162d50ef326906e9c172676e167b78b879b28a2
18,t14_1_n105_compact_level2,105,compact,2,63,0.011040538700646484,0.99384324671357305,false,858f9853e76e18ae981110d73162d50ef326906e9c172676e167b78b879b28a2
18,t14_1_n105_compact_level2,105,compact,2,64,0.011108933664494045,0.99999999999999889,false,858f9853e76e18ae981110d73162d50ef326906e9c172676e167b78b879b28a2
18,t14_1_n105_compact_level2,105,compact,2,65,0.011040538700646484,0.99384324671357305,false,858f9853e76e18ae981110d73162d50ef326906e9c172676e167b78b879b28a2
18,t14_1_n105_compact_level2,105,compact,2,66,0.01078656619053414,0.97098124053164026,false,858f9853e76e18ae981110d73162d50ef326906e9c172676e167b78b879b28a2
18,t14_1_n105_compact_level2,105,compact,2,67,0.010083383071189901,0.90768235509570272,false,858f9853e76e18ae981110d73162d50ef326906e9c172676e167b78b879b28a2
18,t14_1_n105_compact_level2,105,compact,2,68,0.007135232825994705,0.64229682537398347,false,858f9853e76e18ae981110d73162d50ef326906e9c172676e167b78b879b28a2
18,t14_1_n105_compact_level2,105,compact,2,69,0.0071650395430310826,0.64497995572083611,false,858f9853e76e18ae981110d73162d50ef326906e9c172676e167b78b879b28a2
18,t14_1_n105_compact_level2,105,compact,2,70,0.010102925752499624,0.90944154116161513,false,858f9853e76e18ae981110d73162d50ef326906e9c172676e167b78b879b28a2
18,t14_1_n105_compact_level2,105,compact,2,71,0.01078656619053414,0.97098124053164026,false,858f9853e76e18ae981110d73162d50ef326906e9c172676e167b78b879b28a2
18,t14_1_n105_compact_level2,105,compact,2,72,0.011004877919444605,0.99063314732159846,false,858f9853e76e18ae981110d73162d50ef326906e9c172676e167b78b879b28a2
18,t14_1_n105_compact_level2,105,compact,2,73,0.011004877919444607,0.99063314732159857,false,858f9853e76e18ae981110d73162d50ef326906e9c172676e167b78b879b28a2
18,t14_1_n105_compact_level2,105,compact,2,74,0.010786566190534138,0.97098124053164014,false,858f9853e76e18ae981110d73162d50ef326906e9c172676e167b78b879b28a2
18,t14_1_n105_compact_level2,105,compact,2,75,0.010102925752499622,0.90944154116161502,false,858f9853e76e18ae981110d73162d50ef326906e9c172676e167b78b879b28a2
18,t14_1_n105_compact_level2,105,compact,2,76,0.0071650395430310826,0.64497995572083611,false,858f9853e76e18ae981110d73162d50ef326906e9c172676e167b78b879b28a2
18,t14_1_n105_compact_level2,105,compact,2,77,0.0071650395430310921,0.64497995572083699,false,858f9853e76e18ae981110d73162d50ef326906e9c172676e167b78b879b28a2
18,t14_1_n105_compact_level2,105,compact,2,78,0.010083383071189908,0.90768235509570339,false,858f9853e76e18ae981110d73162d50ef326906e9c172676e167b78b879b28a2
18,t14_1_n105_compact_level2,105,compact,2,79,0.010731460555167207,0.96602076124252012,false,858f9853e76e18ae981110d73162d50ef326906e9c172676e167b78b879b28a2
18,t14_1_n105_compact_level2,105,compact,2,80,0.010881427569619156,0.97952043807750455,false,858f9853e76e18ae981110d73162d50ef326906e9c172676e167b78b879b28a2
18,t14_1_n105_compact_level2,105,compact,2,81,0.010731460555167206,0.96602076124252001,false,858f9853e76e18ae981110d73162d50ef326906e9c172676e167b78b879b28a2
18,t14_1_n105_compact_level2,105,compact,2,82,0.010083383071189909,0.9076823550957035,false,858f9853e76e18ae981110d73162d50ef326906e9c172676e167b78b879b28a2
18,t14_1_n105_compact_level2,105,compact,2,83,0.0071650395430310921,0.64497995572083699,false,858f9853e76e18ae981110d73162d50ef326906e9c172676e167b78b879b28a2
18,t14_1_n105_compact_level2,105,compact,2,84,0.0071352328259947102,0.64229682537398392,false,858f9853e76e18ae981110d73162d50ef326906e9c172676e167b78b879b28a2
18,t14_1_n105_compact_level2,105,compact,2,85,0.010018425043816347,0.90183498672215945,false,858f9853e76e18ae981110d73162d50ef326906e9c172676e167b78b879b28a2
18,t14_1_n105_compact_level2,105,compact,2,86,0.010598444091727803,0.9540469330195156,false,858f9853e76e18ae981110d73162d50ef326906e9c172676e167b78b879b28a2
18,t14_1_n105_compact_level2,105,compact,2,87,0.010598444091727801,0.95404693301951538,false,858f9853e76e18ae981110d73162d50ef326906e9c172676e167b78b879b28a2
18,t14_1_n105_compact_level2,105,compact,2,88,0.010018425043816347,0.90183498672215945,false,858f9853e76e18ae981110d73162d50ef326906e9c172676e167b78b879b28a2
18,t14_1_n105_compact_level2,105,compact,2,89,0.0071352328259947102,0.64229682537398392,false,858f9853e76e18ae981110d73162d50ef326906e9c172676e167b78b879b28a2
18,t14_1_n105_compact_level2,105,compact,2,90,0.0070671885431468663,0.63617163956381706,false,858f9853e76e18ae981110d73162d50ef326906e9c172676e167b78b879b28a2
18,t14_1_n105_compact_level2,105,compact,2,91,0.0098832942897225731,0.88967083504253652,false,858f9853e76e18ae981110d73162d50ef326906e9c172676e167b78b879b28a2
18,t14_1_n105_compact_level2,105,compact,2,92,0.010313742170321763,0.92841873773052996,false,858f9853e76e18ae981110d73162d50ef326906e9c172676e167b78b879b28a2
18,t14_1_n105_compact_level2,105,compact,2,93,0.0098832942897225731,0.88967083504253652,false,858f9853e76e18ae981110d73162d50ef326906e9c172676e167b78b879b28a2
18,t14_1_n105_compact_level2,105,compact,2,94,0.0070671885431468646,0.63617163956381684,false,858f9853e76e18ae981110d73162d50ef326906e9c172676e167b78b879b28a2
18,t14_1_n105_compact_level2,105,compact,2,95,0.0069371442929854858,0.62446536296797939,false,858f9853e76e18ae981110d73162d50ef326906e9c172676e167b78b879b28a2
18,t14_1_n105_compact_level2,105,compact,2,96,0.0096055589969511867,0.86466975922739575,false,858f9853e76e18ae981110d73162d50ef326906e9c172676e167b78b879b28a2
18,t14_1_n105_compact_level2,105,compact,2,97,0.0096055589969511867,0.86466975922739575,false,858f9853e76e18ae981110d73162d50ef326906e9c172676e167b78b879b28a2
18,t14_1_n105_compact_level2,105,compact,2,98,0.0069371442929854841,0.62446536296797917,false,858f9853e76e18ae981110d73162d50ef326906e9c172676e167b78b879b28a2
18,t14_1_n105_compact_level2,105,compact,2,99,0.0066790373783426615,0.60123118744420467,false,858f9853e76e18ae981110d73162d50ef326906e9c172676e167b78b879b28a2
18,t14_1_n105_compact_level2,105,compact,2,100,0.008920129448937596,0.80296900839796781,false,858f9853e76e18ae981110d73162d50ef326906e9c172676e167b78b879b28a2
18,t14_1_n105_compact_level2,105,compact,2,101,0.0066790373783426615,0.60123118744420467,false,858f9853e76e18ae981110d73162d50ef326906e9c172676e167b78b879b28a2
18,t14_1_n105_compact_level2,105,compact,2,102,0.0060523376605481401,0.54481715737419401,false,858f9853e76e18ae981110d73162d50ef326906e9c172676e167b78b879b28a2
18,t14_1_n105_compact_level2,105,compact,2,103,0.0060523376605481401,0.54481715737419401,false,858f9853e76e18ae981110d73162d50ef326906e9c172676e167b78b879b28a2
18,t14_1_n105_compact_level2,105,compact,2,104,0.0034045262687568581,0.30646742266886273,false,858f9853e76e18ae981110d73162d50ef326906e9c172676e167b78b879b28a2
19,t14_1_n105_compact_level3,105,compact,3,0,0.0078017818504533031,0.30646742266886351,false,398fc538345848d39aec77a73045e754445437e643dfdbbfa5f8d18178829f5d
19,t14_1_n105_compact_level3,105,compact,3,1,0.013869482678458301,0.54481715737419578,false,398fc538345848d39aec77a73045e754445437e643dfdbbfa5f8d18178829f5d
19,t14_1_n105_compact_level3,105,compact,3,2,0.015305622128708098,0.60123118744420612,false,398fc538345848d39aec77a73045e754445437e643dfdbbfa5f8d18178829f5d
19,t14_1_n105_compact_level3,105,compact,3,3,0.015897097618445512,0.6244653629679805,false,398fc538345848d39aec77a73045e754445437e643dfdbbfa5f8d18178829f5d
19,t14_1_n105_compact_level3,105,compact,3,4,0.016195105855296439,0.63617163956381861,false,398fc538345848d39aec77a73045e754445437e643dfdbbfa5f8d18178829f5d
19,t14_1_n105_compact_level3,105,compact,3,5,0.016351035523344853,0.6422968253739848,false,398fc538345848d39aec77a73045e754445437e643dfdbbfa5f8d18178829f5d
19,t14_1_n105_compact_level3,105,compact,3,6,0.016419340328665363,0.64497995572083744,false,398fc538345848d39aec77a73045e754445437e643dfdbbfa5f8d18178829f5d
19,t14_1_n105_compact_level3,105,compact,3,7,0.016419340328665363,0.64497995572083744,false,398fc538345848d39aec77a73045e754445437e643dfdbbfa5f8d18178829f5d
19,t14_1_n105_compact_level3,105,compact,3,8,0.016351035523344857,0.64229682537398491,false,398fc538345848d39aec77a73045e754445437e643dfdbbfa5f8d18178829f5d
19,t14_1_n105_compact_level3,105,compact,3,9,0.016195105855296443,0.63617163956381872,false,398fc538345848d39aec77a73045e754445437e643dfdbbfa5f8d18178829f5d
19,t14_1_n105_compact_level3,105,compact,3,10,0.015897097618445512,0.6244653629679805,false,398fc538345848d39aec77a73045e754445437e643dfdbbfa5f8d18178829f5d
19,t14_1_n105_compact_level3,105,compact,3,11,0.015305622128708099,0.60123118744420623,false,398fc538345848d39aec77a73045e754445437e643dfdbbfa5f8d18178829f5d
19,t14_1_n105_compact_level3,105,compact,3,12,0.013869482678458301,0.54481715737419578,false,398fc538345848d39aec77a73045e754445437e643dfdbbfa5f8d18178829f5d
19,t14_1_n105_compact_level3,105,compact,3,13,0.0078017818504533031,0.30646742266886351,false,398fc538345848d39aec77a73045e754445437e643dfdbbfa5f8d18178829f5d
19,t14_1_n105_compact_level3,105,compact,3,14,0.013869482678458301,0.54481715737419578,false,398fc538345848d39aec77a73045e754445437e643dfdbbfa5f8d18178829f5d
19,t14_1_n105_compact_level3,105,compact,3,15,0.020441288609538852,0.80296900839797014,false,398fc538345848d39aec77a73045e754445437e643dfdbbfa5f8d18178829f5d
19,t14_1_n105_compact_level3,105,compact,3,16,0.02201201281176669,0.86466975922739797,false,398fc538345848d39aec77a73045e754445437e643dfdbbfa5f8d18178829f5d
19,t14_1_n105_compact_level3,105,compact,3,17,0.022648468516708375,0.88967083504253885,false,398fc538345848d39aec77a73045e754445437e643dfdbbfa5f8d18178829f5d
19,t14_1_n105_compact_level3,105,compact,3,18,0.022958132940332221,0.90183498672216122,false,398fc538345848d39aec77a73045e754445437e643dfdbbfa5f8d18178829f5d
19,t14_1_n105_compact_level3,105,compact,3,19,0.023106990173027121,0.90768235509570461,false,398fc538345848d39aec77a73045e754445437e643dfdbbfa5f8d18178829f5d
19,t14_1_n105_compact_level3,105,compact,3,20,0.023151774006170245,0.90944154116161702,false,398fc538345848d39aec77a73045e754445437e643dfdbbfa5f8d18178829f5d
19,t14_1_n105_compact_level3,105,compact,3,21,0.023106990173027121,0.90768235509570461,false,398fc538345848d39aec77a73045e754445437e643dfdbbfa5f8d18178829f5d
19,t14_1_n105_compact_level3,105,compact,3,22,0.022958132940332221,0.90183498672216122,false,398fc538345848d39aec77a73045e754445437e643dfdbbfa5f8d18178829f5d
19,t14_1_n105_compact_level3,105,compact,3,23,0.022648468516708375,0.88967083504253885,false,398fc538345848d39aec77a73045e754445437e643dfdbbfa5f8d18178829f5d
19,t14_1_n105_compact_level3,105,compact,3,24,0.022012012811766693,0.86466975922739808,false,398fc538345848d39aec77a73045e754445437e643dfdbbfa5f8d18178829f5d
19,t14_1_n105_compact_level3,105,compact,3,25,0.020441288609538852,0.80296900839797014,false,398fc538345848d39aec77a73045e754445437e643dfdbbfa5f8d18178829f5d
19,t14_1_n105_compact_level3,105,compact,3,26,0.013869482678458301,0.54481715737419578,false,398fc538345848d39aec77a73045e754445437e643dfdbbfa5f8d18178829f5d
19,t14_1_n105_compact_level3,105,compact,3,27,0.015305622128708098,0.60123118744420612,false,398fc538345848d39aec77a73045e754445437e643dfdbbfa5f8d18178829f5d
19,t14_1_n105_compact_level3,105,compact,3,28,0.022012012811766679,0.86466975922739764,false,398fc538345848d39aec77a73045e754445437e643dfdbbfa5f8d18178829f5d
19,t14_1_n105_compact_level3,105,compact,3,29,0.023634879017706237,0.92841873773053218,false,398fc538345848d39aec77a73045e754445437e643dfdbbfa5f8d18178829f5d
19,t14_1_n105_compact_level3,105,compact,3,30,0.024287299386319173,0.95404693301951726,false,398fc538345848d39aec77a73045e754445437e643dfdbbfa5f8d18178829f5d
19,t14_1_n105_compact_level3,105,compact,3,31,0.024592118720449887,0.96602076124252134,false,398fc538345848d39aec77a73045e754445437e643dfdbbfa5f8d18178829f5d
19,t14_1_n105_compact_level3,105,compact,3,32,0.02471839830002277,0.97098124053164181,false,398fc538345848d39aec77a73045e754445437e643dfdbbfa5f8d18178829f5d
19,t14_1_n105_compact_level3,105,compact,3,33,0.024718398300022766,0.97098124053164159,false,398fc538345848d39aec77a73045e754445437e643dfdbbfa5f8d18178829f5d
19,t14_1_n105_compact_level3,105,compact,3,34,0.024592118720449887,0.96602076124252134,false,398fc538345848d39aec77a73045e754445437e643dfdbbfa5f8d18178829f5d
19,t14_1_n105_compact_level3,105,compact,3,35,0.024287299386319176,0.95404693301951737,false,398fc538345848d39aec77a73045e754445437e643dfdbbfa5f8d18178829f5d
19,t14_1_n105_compact_level3,105,compact,3,36,0.02363487901770624,0.9284187377305323,false,398fc538345848d39aec77a73045e754445437e643dfdbbfa5f8d18178829f5d
19,t14_1_n105_compact_level3,105,compact,3,37,0.022012012811766679,0.86466975922739764,false,398fc538345848d39aec77a73045e754445437e643dfdbbfa5f8d18178829f5d
19,t14_1_n105_compact_level3,105,compact,3,38,0.015305622128708098,0.60123118744420612,false,398fc538345848d39aec77a73045e754445437e643dfdbbfa5f8d18178829f5d
19,t14_1_n105_compact_level3,105,compact,3,39,0.015897097618445495,0.62446536296797983,false,398fc538345848d39aec77a73045e754445437e643dfdbbfa5f8d18178829f5d
19,t14_1_n105_compact_level3,105,compact,3,40,0.022648468516708362,0.8896708350425383,false,398fc538345848d39aec77a73045e754445437e643dfdbbfa5f8d18178829f5d
19,t14_1_n105_compact_level3,105,compact,3,41,0.024287299386319169,0.95404693301951715,false,398fc538345848d39aec77a73045e754445437e643dfdbbfa5f8d18178829f5d
19,t14_1_n105_compact_level3,105,compact,3,42,0.02493578178519255,0.97952043807750588,false,398fc538345848d39aec77a73045e754445437e643dfdbbfa5f8d18178829f5d
19,t14_1_n105_compact_level3,105,compact,3,43,0.025218679499197261,0.99063314732159979,false,398fc538345848d39aec77a73045e754445437e643dfdbbfa5f8d18178829f5d
19,t14_1_n105_compact_level3,105,compact,3,44,0.025300399425433991,0.9938432467135746,false,398fc538345848d39aec77a73045e754445437e643dfdbbfa5f8d18178829f5d
19,t14_1_n105_compact_level3,105,compact,3,45,0.025218679499197268,0.99063314732160013,false,398fc538345848d39aec77a73045e754445437e643dfdbbfa5f8d18178829f5d
19,t14_1_n105_compact_level3,105,compact,3,46,0.02493578178519255,0.97952043807750588,false,398fc538345848d39aec77a73045e754445437e643dfdbbfa5f8d18178829f5d
19,t14_1_n105_compact_level3,105,compact,3,47,0.024287299386319169,0.95404693301951715,false,398fc538345848d39aec77a73045e754445437e643dfdbbfa5f8d18178829f5d
19,t14_1_n105_compact_level3,105,compact,3,48,0.022648468516708365,0.88967083504253852,false,398fc538345848d39aec77a73045e754445437e643dfdbbfa5f8d18178829f5d
19,t14_1_n105_compact_level3,105,compact,3,49,0.015897097618445495,0.62446536296797983,false,398fc538345848d39aec77a73045e754445437e643dfdbbfa5f8d18178829f5d
19,t14_1_n105_compact_level3,105,compact,3,50,0.016195105855296453,0.63617163956381917,false,398fc538345848d39aec77a73045e754445437e643dfdbbfa5f8d18178829f5d
19,t14_1_n105_compact_level3,105,compact,3,51,0.022958132940332221,0.90183498672216122,false,398fc538345848d39aec77a73045e754445437e643dfdbbfa5f8d18178829f5d
19,t14_1_n105_compact_level3,105,compact,3,52,0.02459211872044989,0.96602076124252145,false,398fc538345848d39aec77a73045e754445437e643dfdbbfa5f8d18178829f5d
19,t14_1_n105_compact_level3,105,compact,3,53,0.025218679499197278,0.99063314732160046,false,398fc538345848d39aec77a73045e754445437e643dfdbbfa5f8d18178829f5d
19,t14_1_n105_compact_level3,105,compact,3,54,0.025457132710914918,1.0000000000000013,true,398fc538345848d39aec77a73045e754445437e643dfdbbfa5f8d18178829f5d
19,t14_1_n105_compact_level3,105,compact,3,55,0.025457132710914918,1.0000000000000013,false,398fc538345848d39aec77a73045e754445437e643dfdbbfa5f8d18178829f5d
19,t14_1_n105_compact_level3,105,compact,3,56,0.025218679499197278,0.99063314732160046,false,398fc538345848d39aec77a73045e754445437e643dfdbbfa5f8d18178829f5d
19,t14_1_n105_compact_level3,105,compact,3,57,0.02459211872044989,0.96602076124252145,false,398fc538345848d39aec77a73045e754445437e643dfdbbfa5f8d18178829f5d
19,t14_1_n105_compact_level3,105,compact,3,58,0.022958132940332221,0.90183498672216122,false,398fc538345848d39aec77a73045e754445437e643dfdbbfa5f8d18178829f5d
19,t14_1_n105_compact_level3,105,compact,3,59,0.016195105855296453,0.63617163956381917,false,398fc538345848d39aec77a73045e754445437e643dfdbbfa5f8d18178829f5d
19,t14_1_n105_compact_level3,105,compact,3,60,0.016351035523344853,0.6422968253739848,false,398fc538345848d39aec77a73045e754445437e643dfdbbfa5f8d18178829f5d
19,t14_1_n105_compact_level3,105,compact,3,61,0.023106990173027104,0.90768235509570394,false,398fc538345848d39aec77a73045e754445437e643dfdbbfa5f8d18178829f5d
19,t14_1_n105_compact_level3,105,compact,3,62,0.024718398300022763,0.97098124053164148,false,398fc538345848d39aec77a73045e754445437e643dfdbbfa5f8d18178829f5d
19,t14_1_n105_compact_level3,105,compact,3,63,0.025300399425433991,0.9938432467135746,false,398fc538345848d39aec77a73045e754445437e643dfdbbfa5f8d18178829f5d
19,t14_1_n105_compact_level3,105,compact,3,64,0.0254571327109149,1.0000000000000007,false,398fc538345848d39aec77a73045e754445437e643dfdbbfa5f8d18178829f5d
19,t14_1_n105_compact_level3,105,compact,3,65,0.025300399425433991,0.9938432467135746,false,398fc538345848d39aec77a73045e754445437e643dfdbbfa5f8d18178829f5d
19,t14_1_n105_compact_level3,105,compact,3,66,0.024718398300022759,0.97098124053164137,false,398fc538345848d39aec77a73045e754445437e643dfdbbfa5f8d18178829f5d
19,t14_1_n105_compact_level3,105,compact,3,67,0.023106990173027104,0.90768235509570394,false,398fc538345848d39aec77a73045e754445437e643dfdbbfa5f8d18178829f5d
19,t14_1_n105_compact_level3,105,compact,3,68,0.016351035523344853,0.6422968253739848,false,398fc538345848d39aec77a73045e754445437e643dfdbbfa5f8d18178829f5d
19,t14_1_n105_compact_level3,105,compact,3,69,0.016419340328665356,0.64497995572083711,false,398fc538345848d39aec77a73045e754445437e643dfdbbfa5f8d18178829f5d
19,t14_1_n105_compact_level3,105,compact,3,70,0.023151774006170231,0.90944154116161646,false,398fc538345848d39aec77a73045e754445437e643dfdbbfa5f8d18178829f5d
19,t14_1_n105_compact_level3,105,compact,3,71,0.024718398300022766,0.97098124053164159,false,398fc538345848d39aec77a73045e754445437e643dfdbbfa5f8d18178829f5d
19,t14_1_n105_compact_level3,105,compact,3,72,0.025218679499197268,0.99063314732160013,false,398fc538345848d39aec77a73045e754445437e643dfdbbfa5f8d18178829f5d
19,t14_1_n105_compact_level3,105,compact,3,73,0.025218679499197268,0.99063314732160013,false,398fc538345848d39aec77a73045e754445437e643dfdbbfa5f8d18178829f5d
19,t14_1_n105_compact_level3,105,compact,3,74,0.02471839830002277,0.97098124053164181,false,398fc538345848d39aec77a73045e754445437e643dfdbbfa5f8d18178829f5d
19,t14_1_n105_compact_level3,105,compact,3,75,0.023151774006170231,0.90944154116161646,false,398fc538345848d39aec77a73045e754445437e643dfdbbfa5f8d18178829f5d
19,t14_1_n105_compact_level3,105,compact,3,76,0.01641934032866536,0.64497995572083733,false,398fc538345848d39aec77a73045e754445437e643dfdbbfa5f8d18178829f5d
19,t14_1_n105_compact_level3,105,compact,3,77,0.01641934032866537,0.64497995572083766,false,398fc538345848d39aec77a73045e754445437e643dfdbbfa5f8d18178829f5d
19,t14_1_n105_compact_level3,105,compact,3,78,0.023106990173027125,0.90768235509570483,false,398fc538345848d39aec77a73045e754445437e643dfdbbfa5f8d18178829f5d
19,t14_1_n105_compact_level3,105,compact,3,79,0.024592118720449894,0.96602076124252167,false,398fc538345848d39aec77a73045e754445437e643dfdbbfa5f8d18178829f5d
19,t14_1_n105_compact_level3,105,compact,3,80,0.024935781785192561,0.97952043807750622,false,398fc538345848d39aec77a73045e754445437e643dfdbbfa5f8d18178829f5d
19,t14_1_n105_compact_level3,105,compact,3,81,0.024592118720449894,0.96602076124252167,false,398fc538345848d39aec77a73045e754445437e643dfdbbfa5f8d18178829f5d
19,t14_1_n105_compact_level3,105,compact,3,82,0.023106990173027125,0.90768235509570483,false,398fc538345848d39aec77a73045e754445437e643dfdbbfa5f8d18178829f5d
19,t14_1_n105_compact_level3,105,compact,3,83,0.01641934032866537,0.64497995572083766,false,398fc538345848d39aec77a73045e754445437e643dfdbbfa5f8d18178829f5d
19,t14_1_n105_compact_level3,105,compact,3,84,0.016351035523344857,0.64229682537398491,false,398fc538345848d39aec77a73045e754445437e643dfdbbfa5f8d18178829f5d
19,t14_1_n105_compact_level3,105,compact,3,85,0.022958132940332217,0.90183498672216111,false,398fc538345848d39aec77a73045e754445437e643dfdbbfa5f8d18178829f5d
19,t14_1_n105_compact_level3,105,compact,3,86,0.024287299386319183,0.95404693301951771,false,398fc538345848d39aec77a73045e754445437e643dfdbbfa5f8d18178829f5d
19,t14_1_n105_compact_level3,105,compact,3,87,0.02428729938631918,0.95404693301951748,false,398fc538345848d39aec77a73045e754445437e643dfdbbfa5f8d18178829f5d
19,t14_1_n105_compact_level3,105,compact,3,88,0.022958132940332217,0.90183498672216111,false,398fc538345848d39aec77a73045e754445437e643dfdbbfa5f8d18178829f5d
19,t14_1_n105_compact_level3,105,compact,3,89,0.01635103552334486,0.64229682537398514,false,398fc538345848d39aec77a73045e754445437e643dfdbbfa5f8d18178829f5d
19,t14_1_n105_compact_level3,105,compact,3,90,0.016195105855296439,0.63617163956381861,false,398fc538345848d39aec77a73045e754445437e643dfdbbfa5f8d18178829f5d
19,t14_1_n105_compact_level3,105,compact,3,91,0.022648468516708362,0.8896708350425383,false,398fc538345848d39aec77a73045e754445437e643dfdbbfa5f8d18178829f5d
19,t14_1_n105_compact_level3,105,compact,3,92,0.023634879017706226,0.92841873773053174,false,398fc538345848d39aec77a73045e754445437e643dfdbbfa5f8d18178829f5d
19,t14_1_n105_compact_level3,105,compact,3,93,0.022648468516708362,0.8896708350425383,false,398fc538345848d39aec77a73045e754445437e643dfdbbfa5f8d18178829f5d
19,t14_1_n105_compact_level3,105,compact,3,94,0.016195105855296439,0.63617163956381861,false,398fc538345848d39aec77a73045e754445437e643dfdbbfa5f8d18178829f5d
19,t14_1_n105_compact_level3,105,compact,3,95,0.015897097618445492,0.62446536296797972,false,398fc538345848d39aec77a73045e754445437e643dfdbbfa5f8d18178829f5d
19,t14_1_n105_compact_level3,105,compact,3,96,0.022012012811766658,0.86466975922739675,false,398fc538345848d39aec77a73045e754445437e643dfdbbfa5f8d18178829f5d
19,t14_1_n105_compact_level3,105,compact,3,97,0.022012012811766658,0.86466975922739675,false,398fc538345848d39aec77a73045e754445437e643dfdbbfa5f8d18178829f5d
19,t14_1_n105_compact_level3,105,compact,3,98,0.015897097618445492,0.62446536296797972,false,398fc538345848d39aec77a73045e754445437e643dfdbbfa5f8d18178829f5d
19,t14_1_n105_compact_level3,105,compact,3,99,0.015305622128708085,0.60123118744420567,false,398fc538345848d39aec77a73045e754445437e643dfdbbfa5f8d18178829f5d
19,t14_1_n105_compact_level3,105,compact,3,100,0.020441288609538831,0.80296900839796925,false,398fc538345848d39aec77a73045e754445437e643dfdbbfa5f8d18178829f5d
19,t14_1_n105_compact_level3,105,compact,3,101,0.015305622128708085,0.60123118744420567,false,398fc538345848d39aec77a73045e754445437e643dfdbbfa5f8d18178829f5d
19,t14_1_n105_compact_level3,105,compact,3,102,0.013869482678458295,0.54481715737419556,false,398fc538345848d39aec77a73045e754445437e643dfdbbfa5f8d18178829f5d
19,t14_1_n105_compact_level3,105,compact,3,103,0.013869482678458295,0.54481715737419556,false,398fc538345848d39aec77a73045e754445437e643dfdbbfa5f8d18178829f5d
19,t14_1_n105_compact_level3,105,compact,3,104,0.0078017818504533161,0.30646742266886406,false,398fc538345848d39aec77a73045e754445437e643dfdbbfa5f8d18178829f5d
20,t14_1_n105_compact_level4,105,compact,4,0,0.020027921103016877,0.30646742266886257,false,9e24c4389a45f0f0549756bc5a74fb226c61e19e187a86126e75b7c71096c186
20,t14_1_n105_compact_level4,105,compact,4,1,0.03560429016708317,0.54481715737419489,false,9e24c4389a45f0f0549756bc5a74fb226c61e19e187a86126e75b7c71096c186
20,t14_1_n105_compact_level4,105,compact,4,2,0.039290997659534005,0.60123118744420545,false,9e24c4389a45f0f0549756bc5a74fb226c61e19e187a86126e75b7c71096c186
20,t14_1_n105_compact_level4,105,compact,4,3,0.040809371880948679,0.62446536296797972,false,9e24c4389a45f0f0549756bc5a74fb226c61e19e187a86126e75b7c71096c186
20,t14_1_n105_compact_level4,105,compact,4,4,0.041574387561995031,0.63617163956381784,false,9e24c4389a45f0f0549756bc5a74fb226c61e19e187a86126e75b7c71096c186
20,t14_1_n105_compact_level4,105,compact,4,5,0.041974673951585856,0.64229682537398392,false,9e24c4389a45f0f0549756bc5a74fb226c61e19e187a86126e75b7c71096c186
20,t14_1_n105_compact_level4,105,compact,4,6,0.042150018927661626,0.64497995572083655,false,9e24c4389a45f0f0549756bc5a74fb226c61e19e187a86126e75b7c71096c186
20,t14_1_n105_compact_level4,105,compact,4,7,0.042150018927661626,0.64497995572083655,false,9e24c4389a45f0f0549756bc5a74fb226c61e19e187a86126e75b7c71096c186
20,t14_1_n105_compact_level4,105,compact,4,8,0.041974673951585856,0.64229682537398392,false,9e24c4389a45f0f0549756bc5a74fb226c61e19e187a86126e75b7c71096c186
20,t14_1_n105_compact_level4,105,compact,4,9,0.041574387561995024,0.63617163956381773,false,9e24c4389a45f0f0549756bc5a74fb226c61e19e187a86126e75b7c71096c186
20,t14_1_n105_compact_level4,105,compact,4,10,0.040809371880948672,0.62446536296797961,false,9e24c4389a45f0f0549756bc5a74fb226c61e19e187a86126e75b7c71096c186
20,t14_1_n105_compact_level4,105,compact,4,11,0.039290997659534005,0.60123118744420545,false,9e24c4389a45f0f0549756bc5a74fb226c61e19e187a86126e75b7c71096c186
20,t14_1_n105_compact_level4,105,compact,4,12,0.03560429016708317,0.54481715737419489,false,9e24c4389a45f0f0549756bc5a74fb226c61e19e187a86126e75b7c71096c186
20,t14_1_n105_compact_level4,105,compact,4,13,0.020027921103016877,0.30646742266886257,false,9e24c4389a45f0f0549756bc5a74fb226c61e19e187a86126e75b7c71096c186
20,t14_1_n105_compact_level4,105,compact,4,14,0.035604290167083164,0.54481715737419478,false,9e24c4389a45f0f0549756bc5a74fb226c61e19e187a86126e75b7c71096c186
20,t14_1_n105_compact_level4,105,compact,4,15,0.052474745303479044,0.80296900839796925,false,9e24c4389a45f0f0549756bc5a74fb226c61e19e187a86126e75b7c71096c186
20,t14_1_n105_compact_level4,105,compact,4,16,0.056506944741994525,0.86466975922739653,false,9e24c4389a45f0f0549756bc5a74fb226c61e19e187a86126e75b7c71096c186
20,t14_1_n105_compact_level4,105,compact,4,17,0.058140787483110981,0.88967083504253774,false,9e24c4389a45f0f0549756bc5a74fb226c61e19e187a86126e75b7c71096c186
20,t14_1_n105_compact_level4,105,compact,4,18,0.05893572571179128,0.90183498672215978,false,9e24c4389a45f0f0549756bc5a74fb226c61e19e187a86126e75b7c71096c186
20,t14_1_n105_compact_level4,105,compact,4,19,0.059317856482578438,0.90768235509570339,false,9e24c4389a45f0f0549756bc5a74fb226c61e19e187a86126e75b7c71096c186
20,t14_1_n105_compact_level4,105,compact,4,20,0.059432820870723803,0.90944154116161535,false,9e24c4389a45f0f0549756bc5a74fb226c61e19e187a86126e75b7c71096c186
20,t14_1_n105_compact_level4,105,compact,4,21,0.059317856482578438,0.90768235509570339,false,9e24c4389a45f0f0549756bc5a74fb226c61e19e187a86126e75b7c71096c186
20,t14_1_n105_compact_level4,105,compact,4,22,0.05893572571179128,0.90183498672215978,false,9e24c4389a45f0f0549756bc5a74fb226c61e19e187a86126e75b7c71096c186
20,t14_1_n105_compact_level4,105,compact,4,23,0.058140787483110995,0.88967083504253786,false,9e24c4389a45f0f0549756bc5a74fb226c61e19e187a86126e75b7c71096c186
20,t14_1_n105_compact_level4,105,compact,4,24,0.056506944741994525,0.86466975922739653,false,9e24c4389a45f0f0549756bc5a74fb226c61e19e187a86126e75b7c71096c186
20,t14_1_n105_compact_level4,105,compact,4,25,0.052474745303479044,0.80296900839796925,false,9e24c4389a45f0f0549756bc5a74fb226c61e19e187a86126e75b7c71096c186
20,t14_1_n105_compact_level4,105,compact,4,26,0.035604290167083164,0.54481715737419478,false,9e24c4389a45f0f0549756bc5a74fb226c61e19e187a86126e75b7c71096c186
20,t14_1_n105_compact_level4,105,compact,4,27,0.039290997659534033,0.60123118744420589,false,9e24c4389a45f0f0549756bc5a74fb226c61e19e187a86126e75b7c71096c186
20,t14_1_n105_compact_level4,105,compact,4,28,0.056506944741994518,0.86466975922739642,false,9e24c4389a45f0f0549756bc5a74fb226c61e19e187a86126e75b7c71096c186
20,t14_1_n105_compact_level4,105,compact,4,29,0.060672997697118008,0.92841873773053085,false,9e24c4389a45f0f0549756bc5a74fb226c61e19e187a86126e75b7c71096c186
20,t14_1_n105_compact_level4,105,compact,4,30,0.062347823258643034,0.95404693301951604,false,9e24c4389a45f0f0549756bc5a74fb226c61e19e187a86126e75b7c71096c186
20,t14_1_n105_compact_level4,105,compact,4,31,0.063130323678632264,0.96602076124252012,false,9e24c4389a45f0f0549756bc5a74fb226c61e19e187a86126e75b7c71096c186
20,t14_1_n105_compact_level4,105,compact,4,32,0.063454495451835694,0.97098124053164037,false,9e24c4389a45f0f0549756bc5a74fb226c61e19e187a86126e75b7c71096c186
20,t14_1_n105_compact_level4,105,compact,4,33,0.063454495451835694,0.97098124053164037,false,9e24c4389a45f0f0549756bc5a74fb226c61e19e187a86126e75b7c71096c186
20,t14_1_n105_compact_level4,105,compact,4,34,0.06313032367863225,0.9660207612425199,false,9e24c4389a45f0f0549756bc5a74fb226c61e19e187a86126e75b7c71096c186
20,t14_1_n105_compact_level4,105,compact,4,35,0.06234782325864302,0.95404693301951593,false,9e24c4389a45f0f0549756bc5a74fb226c61e19e187a86126e75b7c71096c186
20,t14_1_n105_compact_level4,105,compact,4,36,0.060672997697118008,0.92841873773053085,false,9e24c4389a45f0f0549756bc5a74fb226c61e19e187a86126e75b7c71096c186
20,t14_1_n105_compact_level4,105,compact,4,37,0.056506944741994518,0.86466975922739642,false,9e24c4389a45f0f0549756bc5a74fb226c61e19e187a86126e75b7c71096c186
20,t14_1_n105_compact_level4,105,compact,4,38,0.039290997659534047,0.60123118744420612,false,9e24c4389a45f0f0549756bc5a74fb226c61e19e187a86126e75b7c71096c186
20,t14_1_n105_compact_level4,105,compact,4,39,0.040809371880948631,0.62446536296797894,false,9e24c4389a45f0f0549756bc5a74fb226c61e19e187a86126e75b7c71096c186
20,t14_1_n105_compact_level4,105,compact,4,40,0.058140787483110939,0.88967083504253708,false,9e24c4389a45f0f0549756bc5a74fb226c61e19e187a86126e75b7c71096c186
20,t14_1_n105_compact_level4,105,compact,4,41,0.06234782325864302,0.95404693301951593,false,9e24c4389a45f0f0549756bc5a74fb226c61e19e187a86126e75b7c71096c186
20,t14_1_n105_compact_level4,105,compact,4,42,0.064012539674749486,0.97952043807750433,false,9e24c4389a45f0f0549756bc5a74fb226c61e19e187a86126e75b7c71096c186
20,t14_1_n105_compact_level4,105,compact,4,43,0.064738765196677039,0.99063314732159868,false,9e24c4389a45f0f0549756bc5a74fb226c61e19e187a86126e75b7c71096c186
20,t14_1_n105_compact_level4,105,compact,4,44,0.064948548072766857,0.99384324671357316,false,9e24c4389a45f0f0549756bc5a74fb226c61e19e187a86126e75b7c71096c186
20,t14_1_n105_compact_level4,105,compact,4,45,0.064738765196677053,0.99063314732159879,false,9e24c4389a45f0f0549756bc5a74fb226c61e19e187a86126e75b7c71096c186
20,t14_1_n105_compact_level4,105,compact,4,46,0.064012539674749486,0.97952043807750433,false,9e24c4389a45f0f0549756bc5a74fb226c61e19e187a86126e75b7c71096c186
20,t14_1_n105_compact_level4,105,compact,4,47,0.062347823258643034,0.95404693301951604,false,9e24c4389a45f0f0549756bc5a74fb226c61e19e187a86126e75b7c71096c186
20,t14_1_n105_compact_level4,105,compact,4,48,0.058140787483110939,0.88967083504253708,false,9e24c4389a45f0f0549756bc5a74fb226c61e19e187a86126e75b7c71096c186
20,t14_1_n105_compact_level4,105,compact,4,49,0.040809371880948637,0.62446536296797905,false,9e24c4389a45f0f0549756bc5a74fb226c61e19e187a86126e75b7c71096c186
20,t14_1_n105_compact_level4,105,compact,4,50,0.041574387561995038,0.63617163956381795,false,9e24c4389a45f0f0549756bc5a74fb226c61e19e187a86126e75b7c71096c186
20,t14_1_n105_compact_level4,105,compact,4,51,0.058935725711791301,0.90183498672216011,false,9e24c4389a45f0f0549756bc5a74fb226c61e19e187a86126e75b7c71096c186
20,t14_1_n105_compact_level4,105,compact,4,52,0.063130323678632277,0.96602076124252034,false,9e24c4389a45f0f0549756bc5a74fb226c61e19e187a86126e75b7c71096c186
20,t14_1_n105_compact_level4,105,compact,4,53,0.064738765196677067,0.99063314732159902,false,9e24c4389a45f0f0549756bc5a74fb226c61e19e187a86126e75b7c71096c186
20,t14_1_n105_compact_level4,105,compact,4,54,0.065350897425260762,0.99999999999999978,false,9e24c4389a45f0f0549756bc5a74fb226c61e19e187a86126e75b7c71096c186
20,t14_1_n105_compact_level4,105,compact,4,55,0.065350897425260776,1,true,9e24c4389a45f0f0549756bc5a74fb226c61e19e187a86126e75b7c71096c186
20,t14_1_n105_compact_level4,105,compact,4,56,0.064738765196677067,0.99063314732159902,false,9e24c4389a45f0f0549756bc5a74fb226c61e19e187a86126e75b7c71096c186
20,t14_1_n105_compact_level4,105,compact,4,57,0.063130323678632291,0.96602076124252056,false,9e24c4389a45f0f0549756bc5a74fb226c61e19e187a86126e75b7c71096c186
20,t14_1_n105_compact_level4,105,compact,4,58,0.058935725711791287,0.90183498672215989,false,9e24c4389a45f0f0549756bc5a74fb226c61e19e187a86126e75b7c71096c186
20,t14_1_n105_compact_level4,105,compact,4,59,0.041574387561995031,0.63617163956381784,false,9e24c4389a45f0f0549756bc5a74fb226c61e19e187a86126e75b7c71096c186
20,t14_1_n105_compact_level4,105,compact,4,60,0.041974673951585842,0.64229682537398369,false,9e24c4389a45f0f0549756bc5a74fb226c61e19e187a86126e75b7c71096c186
20,t14_1_n105_compact_level4,105,compact,4,61,0.059317856482578424,0.90768235509570316,false,9e24c4389a45f0f0549756bc5a74fb226c61e19e187a86126e75b7c71096c186
20,t14_1_n105_compact_level4,105,compact,4,62,0.063454495451835694,0.97098124053164037,false,9e24c4389a45f0f0549756bc5a74fb226c61e19e187a86126e75b7c71096c186
20,t14_1_n105_compact_level4,105,compact,4,63,0.064948548072766857,0.99384324671357316,false,9e24c4389a45f0f0549756bc5a74fb226c61e19e187a86126e75b7c71096c186
20,t14_1_n105_compact_level4,105,compact,4,64,0.065350897425260734,0.99999999999999933,false,9e24c4389a45f0f0549756bc5a74fb226c61e19e187a86126e75b7c71096c186
20,t14_1_n105_compact_level4,105,compact,4,65,0.064948548072766857,0.99384324671357316,false,9e24c4389a45f0f0549756bc5a74fb226c61e19e187a86126e75b7c71096c186
20,t14_1_n105_compact_level4,105,compact,4,66,0.06345449545183568,0.97098124053164014,false,9e24c4389a45f0f0549756bc5a74fb226c61e19e187a86126e75b7c71096c186
20,t14_1_n105_compact_level4,105,compact,4,67,0.059317856482578424,0.90768235509570316,false,9e24c4389a45f0f0549756bc5a74fb226c61e19e187a86126e75b7c71096c186
20,t14_1_n105_compact_level4,105,compact,4,68,0.041974673951585856,0.64229682537398392,false,9e24c4389a45f0f0549756bc5a74fb226c61e19e187a86126e75b7c71096c186
20,t14_1_n105_compact_level4,105,compact,4,69,0.042150018927661626,0.64497995572083655,false,9e24c4389a45f0f0549756bc5a74fb226c61e19e187a86126e75b7c71096c186
20,t14_1_n105_compact_level4,105,compact,4,70,0.059432820870723796,0.90944154116161524,false,9e24c4389a45f0f0549756bc5a74fb226c61e19e187a86126e75b7c71096c186
20,t14_1_n105_compact_level4,105,compact,4,71,0.063454495451835694,0.97098124053164037,false,9e24c4389a45f0f0549756bc5a74fb226c61e19e187a86126e75b7c71096c186
20,t14_1_n105_compact_level4,105,compact,4,72,0.064738765196677053,0.99063314732159879,false,9e24c4389a45f0f0549756bc5a74fb226c61e19e187a86126e75b7c71096c186
20,t14_1_n105_compact_level4,105,compact,4,73,0.064738765196677053,0.99063314732159879,false,9e24c4389a45f0f0549756bc5a74fb226c61e19e187a86126e75b7c71096c186
20,t14_1_n105_compact_level4,105,compact,4,74,0.063454495451835694,0.97098124053164037,false,9e24c4389a45f0f0549756bc5a74fb226c61e19e187a86126e75b7c71096c186
20,t14_1_n105_compact_level4,105,compact,4,75,0.059432820870723803,0.90944154116161535,false,9e24c4389a45f0f0549756bc5a74fb226c61e19e187a86126e75b7c71096c186
20,t14_1_n105_compact_level4,105,compact,4,76,0.042150018927661626,0.64497995572083655,false,9e24c4389a45f0f0549756bc5a74fb226c61e19e187a86126e75b7c71096c186
20,t14_1_n105_compact_level4,105,compact,4,77,0.042150018927661667,0.64497995572083722,false,9e24c4389a45f0f0549756bc5a74fb226c61e19e187a86126e75b7c71096c186
20,t14_1_n105_compact_level4,105,compact,4,78,0.059317856482578438,0.90768235509570339,false,9e24c4389a45f0f0549756bc5a74fb226c61e19e187a86126e75b7c71096c186
20,t14_1_n105_compact_level4,105,compact,4,79,0.063130323678632291,0.96602076124252056,false,9e24c4389a45f0f0549756bc5a74fb226c61e19e187a86126e75b7c71096c186
20,t14_1_n105_compact_level4,105,compact,4,80,0.064012539674749541,0.97952043807750522,false,9e24c4389a45f0f0549756bc5a74fb226c61e19e187a86126e75b7c71096c186
20,t14_1_n105_compact_level4,105,compact,4,81,0.063130323678632291,0.96602076124252056,false,9e24c4389a45f0f0549756bc5a74fb226c61e19e187a86126e75b7c71096c186
20,t14_1_n105_compact_level4,105,compact,4,82,0.059317856482578438,0.90768235509570339,false,9e24c4389a45f0f0549756bc5a74fb226c61e19e187a86126e75b7c71096c186
20,t14_1_n105_compact_level4,105,compact,4,83,0.04215001892766166,0.64497995572083711,false,9e24c4389a45f0f0549756bc5a74fb226c61e19e187a86126e75b7c71096c186
20,t14_1_n105_compact_level4,105,compact,4,84,0.041974673951585856,0.64229682537398392,false,9e24c4389a45f0f0549756bc5a74fb226c61e19e187a86126e75b7c71096c186
20,t14_1_n105_compact_level4,105,compact,4,85,0.05893572571179128,0.90183498672215978,false,9e24c4389a45f0f0549756bc5a74fb226c61e19e187a86126e75b7c71096c186
20,t14_1_n105_compact_level4,105,compact,4,86,0.06234782325864302,0.95404693301951593,false,9e24c4389a45f0f0549756bc5a74fb226c61e19e187a86126e75b7c71096c186
20,t14_1_n105_compact_level4,105,compact,4,87,0.06234782325864302,0.95404693301951593,false,9e24c4389a45f0f0549756bc5a74fb226c61e19e187a86126e75b7c71096c186
20,t14_1_n105_compact_level4,105,compact,4,88,0.058935725711791266,0.90183498672215956,false,9e24c4389a45f0f0549756bc5a74fb226c61e19e187a86126e75b7c71096c186
20,t14_1_n105_compact_level4,105,compact,4,89,0.041974673951585863,0.64229682537398403,false,9e24c4389a45f0f0549756bc5a74fb226c61e19e187a86126e75b7c71096c186
20,t14_1_n105_compact_level4,105,compact,4,90,0.041574387561994997,0.63617163956381728,false,9e24c4389a45f0f0549756bc5a74fb226c61e19e187a86126e75b7c71096c186
20,t14_1_n105_compact_level4,105,compact,4,91,0.058140787483110912,0.88967083504253663,false,9e24c4389a45f0f0549756bc5a74fb226c61e19e187a86126e75b7c71096c186
20,t14_1_n105_compact_level4,105,compact,4,92,0.060672997697117974,0.9284187377305303,false,9e24c4389a45f0f0549756bc5a74fb226c61e19e187a86126e75b7c71096c186
20,t14_1_n105_compact_level4,105,compact,4,93,0.058140787483110912,0.88967083504253663,false,9e24c4389a45f0f0549756bc5a74fb226c61e19e187a86126e75b7c71096c186
20,t14_1_n105_compact_level4,105,compact,4,94,0.04157438756199499,0.63617163956381717,false,9e24c4389a45f0f0549756bc5a74fb226c61e19e187a86126e75b7c71096c186
20,t14_1_n105_compact_level4,105,compact,4,95,0.040809371880948658,0.62446536296797939,false,9e24c4389a45f0f0549756bc5a74fb226c61e19e187a86126e75b7c71096c186
20,t14_1_n105_compact_level4,105,compact,4,96,0.056506944741994497,0.86466975922739608,false,9e24c4389a45f0f0549756bc5a74fb226c61e19e187a86126e75b7c71096c186
20,t14_1_n105_compact_level4,105,compact,4,97,0.056506944741994504,0.8646697592273962,false,9e24c4389a45f0f0549756bc5a74fb226c61e19e187a86126e75b7c71096c186
20,t14_1_n105_compact_level4,105,compact,4,98,0.040809371880948651,0.62446536296797928,false,9e24c4389a45f0f0549756bc5a74fb226c61e19e187a86126e75b7c71096c186
20,t14_1_n105_compact_level4,105,compact,4,99,0.039290997659534005,0.60123118744420545,false,9e24c4389a45f0f0549756bc5a74fb226c61e19e187a86126e75b7c71096c186
20,t14_1_n105_compact_level4,105,compact,4,100,0.052474745303479009,0.8029690083979687,false,9e24c4389a45f0f0549756bc5a74fb226c61e19e187a86126e75b7c71096c186
20,t14_1_n105_compact_level4,105,compact,4,101,0.039290997659533998,0.60123118744420534,false,9e24c4389a45f0f0549756bc5a74fb226c61e19e187a86126e75b7c71096c186
20,t14_1_n105_compact_level4,105,compact,4,102,0.03560429016708315,0.54481715737419456,false,9e24c4389a45f0f0549756bc5a74fb226c61e19e187a86126e75b7c71096c186
20,t14_1_n105_compact_level4,105,compact,4,103,0.03560429016708315,0.54481715737419456,false,9e24c4389a45f0f0549756bc5a74fb226c61e19e187a86126e75b7c71096c186
20,t14_1_n105_compact_level4,105,compact,4,104,0.020027921103016915,0.30646742266886318,false,9e24c4389a45f0f0549756bc5a74fb226c61e19e187a86126e75b7c71096c186
21,t14_1_n105_irregular_level1,105,irregular,1,0,0.00046564843406975007,0.14967208497944806,false,649be7b199b9dcfaf7d5af3c7eecec766125caee061a93540a19b2fd7b8b8071
21,t14_1_n105_irregular_level1,105,irregular,1,1,0.0015190922111414167,0.488277597178644,false,649be7b199b9dcfaf7d5af3c7eecec766125caee061a93540a19b2fd7b8b8071
21,t14_1_n105_irregular_level1,105,irregular,1,2,0.0016700254269658252,0.53679164222256737,false,649be7b199b9dcfaf7d5af3c7eecec766125caee061a93540a19b2fd7b8b8071
21,t14_1_n105_irregular_level1,105,irregular,1,3,0.0012622707453308398,0.40572818555624979,false,649be7b199b9dcfaf7d5af3c7eecec766125caee061a93540a19b2fd7b8b8071
21,t14_1_n105_irregular_level1,105,irregular,1,4,0.0014918617182189068,0.47952497534523808,false,649be7b199b9dcfaf7d5af3c7eecec766125caee061a93540a19b2fd7b8b8071
21,t14_1_n105_irregular_level1,105,irregular,1,5,0.002150903684172663,0.69135900702261655,false,649be7b199b9dcfaf7d5af3c7eecec766125caee061a93540a19b2fd7b8b8071
21,t14_1_n105_irregular_level1,105,irregular,1,6,0.0016723956567973746,0.53755349862497792,false,649be7b199b9dcfaf7d5af3c7eecec766125caee061a93540a19b2fd7b8b8071
21,t14_1_n105_irregular_level1,105,irregular,1,7,0.0013540398252050653,0.43522526643629289,false,649be7b199b9dcfaf7d5af3c7eecec766125caee061a93540a19b2fd7b8b8071
21,t14_1_n105_irregular_level1,105,irregular,1,8,0.0013787238917725745,0.44315939750732575,false,649be7b199b9dcfaf7d5af3c7eecec766125caee061a93540a19b2fd7b8b8071
21,t14_1_n105_irregular_level1,105,irregular,1,9,0.0018711356237192532,0.60143393511215071,false,649be7b199b9dcfaf7d5af3c7eecec766125caee061a93540a19b2fd7b8b8071
21,t14_1_n105_irregular_level1,105,irregular,1,10,0.0017913275095580551,0.57578143427501682,false,649be7b199b9dcfaf7d5af3c7eecec766125caee061a93540a19b2fd7b8b8071
21,t14_1_n105_irregular_level1,105,irregular,1,11,0.0013270999111415346,0.42656604455979064,false,649be7b199b9dcfaf7d5af3c7eecec766125caee061a93540a19b2fd7b8b8071
21,t14_1_n105_irregular_level1,105,irregular,1,12,0.0015102268585848123,0.48542803148886415,false,649be7b199b9dcfaf7d5af3c7eecec766125caee061a93540a19b2fd7b8b8071
21,t14_1_n105_irregular_level1,105,irregular,1,13,0.00096719222248958445,0.31088191417441402,false,649be7b199b9dcfaf7d5af3c7eecec766125caee061a93540a19b2fd7b8b8071
21,t14_1_n105_irregular_level1,105,irregular,1,14,0.0013208400587368689,0.42455395755912956,false,649be7b199b9dcfaf7d5af3c7eecec766125caee061a93540a19b2fd7b8b8071
21,t14_1_n105_irregular_level1,105,irregular,1,15,0.0020328929414334795,0.6534271412126671,false,649be7b199b9dcfaf7d5af3c7eecec766125caee061a93540a19b2fd7b8b8071
21,t14_1_n105_irregular_level1,105,irregular,1,16,0.0024271655192162202,0.78015708262190842,false,649be7b199b9dcfaf7d5af3c7eecec766125caee061a93540a19b2fd7b8b8071
21,t14_1_n105_irregular_level1,105,irregular,1,17,0.0023749797192763617,0.76338314565179288,false,649be7b199b9dcfaf7d5af3c7eecec766125caee061a93540a19b2fd7b8b8071
21,t14_1_n105_irregular_level1,105,irregular,1,18,0.002367598573415093,0.76101064440457944,false,649be7b199b9dcfaf7d5af3c7eecec766125caee061a93540a19b2fd7b8b8071
21,t14_1_n105_irregular_level1,105,irregular,1,19,0.0021455878080541557,0.68965033970208978,false,649be7b199b9dcfaf7d5af3c7eecec766125caee061a93540a19b2fd7b8b8071
21,t14_1_n105_irregular_level1,105,irregular,1,20,0.0020225558473385493,0.65010451772117439,false,649be7b199b9dcfaf7d5af3c7eecec766125caee061a93540a19b2fd7b8b8071
21,t14_1_n105_irregular_level1,105,irregular,1,21,0.0027191390891309624,0.87400533759421273,false,649be7b199b9dcfaf7d5af3c7eecec766125caee061a93540a19b2fd7b8b8071
21,t14_1_n105_irregular_level1,105,irregular,1,22,0.0021845049930473972,0.70215938256208754,false,649be7b199b9dcfaf7d5af3c7eecec766125caee061a93540a19b2fd7b8b8071
21,t14_1_n105_irregular_level1,105,irregular,1,23,0.0023828610944328786,0.76591643421430622,false,649be7b199b9dcfaf7d5af3c7eecec766125caee061a93540a19b2fd7b8b8071
21,t14_1_n105_irregular_level1,105,irregular,1,24,0.0022513953703822581,0.72365977107036494,false,649be7b199b9dcfaf7d5af3c7eecec766125caee061a93540a19b2fd7b8b8071
21,t14_1_n105_irregular_level1,105,irregular,1,25,0.0018295797513717003,0.58807674629259932,false,649be7b199b9dcfaf7d5af3c7eecec766125caee061a93540a19b2fd7b8b8071
21,t14_1_n105_irregular_level1,105,irregular,1,26,0.0014803645613913838,0.47582947610631376,false,649be7b199b9dcfaf7d5af3c7eecec766125caee061a93540a19b2fd7b8b8071
21,t14_1_n105_irregular_level1,105,irregular,1,27,0.0010963553482506206,0.35239845953494486,false,649be7b199b9dcfaf7d5af3c7eecec766125caee061a93540a19b2fd7b8b8071
21,t14_1_n105_irregular_level1,105,irregular,1,28,0.0021079688628713872,0.67755858646451927,false,649be7b199b9dcfaf7d5af3c7eecec766125caee061a93540a19b2fd7b8b8071
21,t14_1_n105_irregular_level1,105,irregular,1,29,0.0027926090521302217,0.89762058407824763,false,649be7b199b9dcfaf7d5af3c7eecec766125caee061a93540a19b2fd7b8b8071
21,t14_1_n105_irregular_level1,105,irregular,1,30,0.0020942021073043007,0.67313357639604432,false,649be7b199b9dcfaf7d5af3c7eecec766125caee061a93540a19b2fd7b8b8071
21,t14_1_n105_irregular_level1,105,irregular,1,31,0.0022108313140049704,0.71062137890795707,false,649be7b199b9dcfaf7d5af3c7eecec766125caee061a93540a19b2fd7b8b8071
21,t14_1_n105_irregular_level1,105,irregular,1,32,0.0022571596178499785,0.72551255715039287,false,649be7b199b9dcfaf7d5af3c7eecec766125caee061a93540a19b2fd7b8b8071
21,t14_1_n105_irregular_level1,105,irregular,1,33,0.002657137736565454,0.85407641476090745,false,649be7b199b9dcfaf7d5af3c7eecec766125caee061a93540a19b2fd7b8b8071
21,t14_1_n105_irregular_level1,105,irregular,1,34,0.0029231718230098395,0.93958701348820717,false,649be7b199b9dcfaf7d5af3c7eecec766125caee061a93540a19b2fd7b8b8071
21,t14_1_n105_irregular_level1,105,irregular,1,35,0.0020524672369483859,0.6597188527430039,false,649be7b199b9dcfaf7d5af3c7eecec766125caee061a93540a19b2fd7b8b8071
21,t14_1_n105_irregular_level1,105,irregular,1,36,0.002473854281252184,0.7951641219411586,false,649be7b199b9dcfaf7d5af3c7eecec766125caee061a93540a19b2fd7b8b8071
21,t14_1_n105_irregular_level1,105,irregular,1,37,0.0021309423704690086,0.68494289730902247,false,649be7b199b9dcfaf7d5af3c7eecec766125caee061a93540a19b2fd7b8b8071
21,t14_1_n105_irregular_level1,105,irregular,1,38,0.0012520653420705359,0.40244789108456913,false,649be7b199b9dcfaf7d5af3c7eecec766125caee061a93540a19b2fd7b8b8071
21,t14_1_n105_irregular_level1,105,irregular,1,39,0.0010244785622618841,0.32929530351972602,false,649be7b199b9dcfaf7d5af3c7eecec766125caee061a93540a19b2fd7b8b8071
21,t14_1_n105_irregular_level1,105,irregular,1,40,0.0024013123474418909,0.7718471693060267,false,649be7b199b9dcfaf7d5af3c7eecec766125caee061a93540a19b2fd7b8b8071
21,t14_1_n105_irregular_level1,105,irregular,1,41,0.0022934578832267097,0.73717980793998505,false,649be7b199b9dcfaf7d5af3c7eecec766125caee061a93540a19b2fd7b8b8071
21,t14_1_n105_irregular_level1,105,irregular,1,42,0.0024511434259654168,0.78786423470063194,false,649be7b199b9dcfaf7d5af3c7eecec766125caee061a93540a19b2fd7b8b8071
21,t14_1_n105_irregular_level1,105,irregular,1,43,0.0024129110073939607,0.77557529441281892,false,649be7b199b9dcfaf7d5af3c7eecec766125caee061a93540a19b2fd7b8b8071
21,t14_1_n105_irregular_level1,105,irregular,1,44,0.002220787721894922,0.71382163948817778,false,649be7b199b9dcfaf7d5af3c7eecec766125caee061a93540a19b2fd7b8b8071
21,t14_1_n105_irregular_level1,105,irregular,1,45,0.0026564949434974704,0.85386980356744846,false,649be7b199b9dcfaf7d5af3c7eecec766125caee061a93540a19b2fd7b8b8071
21,t14_1_n105_irregular_level1,105,irregular,1,46,0.0024964300661205257,0.80242059387162368,false,649be7b199b9dcfaf7d5af3c7eecec766125caee061a93540a19b2fd7b8b8071
21,t14_1_n105_irregular_level1,105,irregular,1,47,0.0023613523260104363,0.75900293042134626,false,649be7b199b9dcfaf7d5af3c7eecec766125caee061a93540a19b2fd7b8b8071
21,t14_1_n105_irregular_level1,105,irregular,1,48,0.0021360352976542763,0.68657990277214698,false,649be7b199b9dcfaf7d5af3c7eecec766125caee061a93540a19b2fd7b8b8071
21,t14_1_n105_irregular_level1,105,irregular,1,49,0.001434937413808985,0.46122795402257738,false,649be7b199b9dcfaf7d5af3c7eecec766125caee061a93540a19b2fd7b8b8071
21,t14_1_n105_irregular_level1,105,irregular,1,50,0.0020489502891305167,0.65858840995795298,false,649be7b199b9dcfaf7d5af3c7eecec766125caee061a93540a19b2fd7b8b8071
21,t14_1_n105_irregular_level1,105,irregular,1,51,0.0023827866290631276,0.76589249901699008,false,649be7b199b9dcfaf7d5af3c7eecec766125caee061a93540a19b2fd7b8b8071
21,t14_1_n105_irregular_level1,105,irregular,1,52,0.0023204325728096073,0.74585020761524934,false,649be7b199b9dcfaf7d5af3c7eecec766125caee061a93540a19b2fd7b8b8071
21,t14_1_n105_irregular_level1,105,irregular,1,53,0.0026987966509866681,0.86746672410847314,false,649be7b199b9dcfaf7d5af3c7eecec766125caee061a93540a19b2fd7b8b8071
21,t14_1_n105_irregular_level1,105,irregular,1,54,0.0023251567387034188,0.74736868315898897,false,649be7b199b9dcfaf7d5af3c7eecec766125caee061a93540a19b2fd7b8b8071
21,t14_1_n105_irregular_level1,105,irregular,1,55,0.0023114874453233716,0.74297500009104389,false,649be7b199b9dcfaf7d5af3c7eecec766125caee061a93540a19b2fd7b8b8071
21,t14_1_n105_irregular_level1,105,irregular,1,56,0.0024468891936948794,0.78649680861835547,false,649be7b199b9dcfaf7d5af3c7eecec766125caee061a93540a19b2fd7b8b8071
21,t14_1_n105_irregular_level1,105,irregular,1,57,0.0026674760185487817,0.85739942007207381,false,649be7b199b9dcfaf7d5af3c7eecec766125caee061a93540a19b2fd7b8b8071
21,t14_1_n105_irregular_level1,105,irregular,1,58,0.0030689530530305428,0.98644507002104376,false,649be7b199b9dcfaf7d5af3c7eecec766125caee061a93540a19b2fd7b8b8071
21,t14_1_n105_irregular_level1,105,irregular,1,59,0.0012166018599198472,0.39104896235257658,false,649be7b199b9dcfaf7d5af3c7eecec766125caee061a93540a19b2fd7b8b8071
21,t14_1_n105_irregular_level1,105,irregular,1,60,0.0020372043702483263,0.65481295182158228,false,649be7b199b9dcfaf7d5af3c7eecec766125caee061a93540a19b2fd7b8b8071
21,t14_1_n105_irregular_level1,105,irregular,1,61,0.001970296878268702,0.63330706220049515,false,649be7b199b9dcfaf7d5af3c7eecec766125caee061a93540a19b2fd7b8b8071
21,t14_1_n105_irregular_level1,105,irregular,1,62,0.0025944025327212629,0.83391161214597098,false,649be7b199b9dcfaf7d5af3c7eecec766125caee061a93540a19b2fd7b8b8071
21,t14_1_n105_irregular_level1,105,irregular,1,63,0.0026484906197838621,0.85129699599114994,false,649be7b199b9dcfaf7d5af3c7eecec766125caee061a93540a19b2fd7b8b8071
21,t14_1_n105_irregular_level1,105,irregular,1,64,0.0024112378122398415,0.77503748393398675,false,649be7b199b9dcfaf7d5af3c7eecec766125caee061a93540a19b2fd7b8b8071
21,t14_1_n105_irregular_level1,105,irregular,1,65,0.0023085187296432007,0.74202077404183564,false,649be7b199b9dcfaf7d5af3c7eecec766125caee061a93540a19b2fd7b8b8071
21,t14_1_n105_irregular_level1,105,irregular,1,66,0.0024192606880688514,0.77761625466529616,false,649be7b199b9dcfaf7d5af3c7eecec766125caee061a93540a19b2fd7b8b8071
21,t14_1_n105_irregular_level1,105,irregular,1,67,0.002922222397242985,0.93928184219660338,false,649be7b199b9dcfaf7d5af3c7eecec766125caee061a93540a19b2fd7b8b8071
21,t14_1_n105_irregular_level1,105,irregular,1,68,0.0017584212296416447,0.56520445996639335,false,649be7b199b9dcfaf7d5af3c7eecec766125caee061a93540a19b2fd7b8b8071
21,t14_1_n105_irregular_level1,105,irregular,1,69,0.0018829572498096658,0.60523372760653382,false,649be7b199b9dcfaf7d5af3c7eecec766125caee061a93540a19b2fd7b8b8071
21,t14_1_n105_irregular_level1,105,irregular,1,70,0.0023559761788026507,0.7572748903317168,false,649be7b199b9dcfaf7d5af3c7eecec766125caee061a93540a19b2fd7b8b8071
21,t14_1_n105_irregular_level1,105,irregular,1,71,0.0024715607711330175,0.79442692534316528,false,649be7b199b9dcfaf7d5af3c7eecec766125caee061a93540a19b2fd7b8b8071
21,t14_1_n105_irregular_level1,105,irregular,1,72,0.0023302124591049098,0.74899372934877373,false,649be7b199b9dcfaf7d5af3c7eecec766125caee061a93540a19b2fd7b8b8071
21,t14_1_n105_irregular_level1,105,irregular,1,73,0.0021478420383920097,0.69037491070889356,false,649be7b199b9dcfaf7d5af3c7eecec766125caee061a93540a19b2fd7b8b8071
21,t14_1_n105_irregular_level1,105,irregular,1,74,0.0028174293240207631,0.90559849524858282,false,649be7b199b9dcfaf7d5af3c7eecec766125caee061a93540a19b2fd7b8b8071
21,t14_1_n105_irregular_level1,105,irregular,1,75,0.0025487712787247117,0.81924448470349454,false,649be7b199b9dcfaf7d5af3c7eecec766125caee061a93540a19b2fd7b8b8071
21,t14_1_n105_irregular_level1,105,irregular,1,76,0.0012147156788656062,0.39044269240645091,false,649be7b199b9dcfaf7d5af3c7eecec766125caee061a93540a19b2fd7b8b8071
21,t14_1_n105_irregular_level1,105,irregular,1,77,0.0014555914417939244,0.46786672096679666,false,649be7b199b9dcfaf7d5af3c7eecec766125caee061a93540a19b2fd7b8b8071
21,t14_1_n105_irregular_level1,105,irregular,1,78,0.0018810958808407917,0.60463543294020683,false,649be7b199b9dcfaf7d5af3c7eecec766125caee061a93540a19b2fd7b8b8071
21,t14_1_n105_irregular_level1,105,irregular,1,79,0.0024422429790956009,0.78500338874306863,false,649be7b199b9dcfaf7d5af3c7eecec766125caee061a93540a19b2fd7b8b8071
21,t14_1_n105_irregular_level1,105,irregular,1,80,0.0031111241226691646,0.99999999999999989,true,649be7b199b9dcfaf7d5af3c7eecec766125caee061a93540a19b2fd7b8b8071
21,t14_1_n105_irregular_level1,105,irregular,1,81,0.0021915294296219506,0.70441722773238147,false,649be7b199b9dcfaf7d5af3c7eecec766125caee061a93540a19b2fd7b8b8071
21,t14_1_n105_irregular_level1,105,irregular,1,82,0.0023943085431013885,0.76959595589751328,false,649be7b199b9dcfaf7d5af3c7eecec766125caee061a93540a19b2fd7b8b8071
21,t14_1_n105_irregular_level1,105,irregular,1,83,0.0013588711105618936,0.4367781730920014,false,649be7b199b9dcfaf7d5af3c7eecec766125caee061a93540a19b2fd7b8b8071
21,t14_1_n105_irregular_level1,105,irregular,1,84,0.0017314783952304025,0.55654429941062389,false,649be7b199b9dcfaf7d5af3c7eecec766125caee061a93540a19b2fd7b8b8071
21,t14_1_n105_irregular_level1,105,irregular,1,85,0.0019032097265020355,0.61174342503223289,false,649be7b199b9dcfaf7d5af3c7eecec766125caee061a93540a19b2fd7b8b8071
21,t14_1_n105_irregular_level1,105,irregular,1,86,0.0030515016834660796,0.98083572469235558,false,649be7b199b9dcfaf7d5af3c7eecec766125caee061a93540a19b2fd7b8b8071
21,t14_1_n105_irregular_level1,105,irregular,1,87,0.0023879808295027023,0.76756205646142861,false,649be7b199b9dcfaf7d5af3c7eecec766125caee061a93540a19b2fd7b8b8071
21,t14_1_n105_irregular_level1,105,irregular,1,88,0.0024488687653199501,0.78713309683670285,false,649be7b199b9dcfaf7d5af3c7eecec766125caee061a93540a19b2fd7b8b8071
21,t14_1_n105_irregular_level1,105,irregular,1,89,0.0015456723040894577,0.49682116275173233,false,649be7b199b9dcfaf7d5af3c7eecec766125caee061a93540a19b2fd7b8b8071
21,t14_1_n105_irregular_level1,105,irregular,1,90,0.0016458460549871236,0.52901973373376143,false,649be7b199b9dcfaf7d5af3c7eecec766125caee061a93540a19b2fd7b8b8071
21,t14_1_n105_irregular_level1,105,irregular,1,91,0.0021765670952039861,0.69960792606905609,false,649be7b199b9dcfaf7d5af3c7eecec766125caee061a93540a19b2fd7b8b8071
21,t14_1_n105_irregular_level1,105,irregular,1,92,0.0026015142145783474,0.83619750032550877,false,649be7b199b9dcfaf7d5af3c7eecec766125caee061a93540a19b2fd7b8b8071
21,t14_1_n105_irregular_level1,105,irregular,1,93,0.0023201761466669956,0.74576778527126664,false,649be7b199b9dcfaf7d5af3c7eecec766125caee061a93540a19b2fd7b8b8071
21,t14_1_n105_irregular_level1,105,irregular,1,94,0.0020016890563057297,0.6433973629404397,false,649be7b199b9dcfaf7d5af3c7eecec766125caee061a93540a19b2fd7b8b8071
21,t14_1_n105_irregular_level1,105,irregular,1,95,0.0012689677353726926,0.40788078049550514,false,649be7b199b9dcfaf7d5af3c7eecec766125caee061a93540a19b2fd7b8b8071
21,t14_1_n105_irregular_level1,105,irregular,1,96,0.0022985241469644577,0.73880824304510762,false,649be7b199b9dcfaf7d5af3c7eecec766125caee061a93540a19b2fd7b8b8071
21,t14_1_n105_irregular_level1,105,irregular,1,97,0.002152967527977162,0.69202238261392157,false,649be7b199b9dcfaf7d5af3c7eecec766125caee061a93540a19b2fd7b8b8071
21,t14_1_n105_irregular_level1,105,irregular,1,98,0.001234878175071911,0.39692346765401848,false,649be7b199b9dcfaf7d5af3c7eecec766125caee061a93540a19b2fd7b8b8071
21,t14_1_n105_irregular_level1,105,irregular,1,99,0.0011766539396873921,0.37820861312273546,false,649be7b199b9dcfaf7d5af3c7eecec766125caee061a93540a19b2fd7b8b8071
21,t14_1_n105_irregular_level1,105,irregular,1,100,0.0016596945764878373,0.53347102559955561,false,649be7b199b9dcfaf7d5af3c7eecec766125caee061a93540a19b2fd7b8b8071
21,t14_1_n105_irregular_level1,105,irregular,1,101,0.0013450848803600556,0.43234690334567888,false,649be7b199b9dcfaf7d5af3c7eecec766125caee061a93540a19b2fd7b8b8071
21,t14_1_n105_irregular_level1,105,irregular,1,102,0.0012667348658449149,0.40716307543465335,false,649be7b199b9dcfaf7d5af3c7eecec766125caee061a93540a19b2fd7b8b8071
21,t14_1_n105_irregular_level1,105,irregular,1,103,0.00090339015289527609,0.2903741918596997,false,649be7b199b9dcfaf7d5af3c7eecec766125caee061a93540a19b2fd7b8b8071
21,t14_1_n105_irregular_level1,105,irregular,1,104,0.00095673378138407331,0.30752028644979001,false,649be7b199b9dcfaf7d5af3c7eecec766125caee061a93540a19b2fd7b8b8071
22,t14_1_n105_irregular_level2,105,irregular,2,0,0.0016626972634632073,0.14967208497944828,false,4db37850c5c021f11011ae1fa3f687987d386225c50c0efb1c3d37f8b7a901d7
22,t14_1_n105_irregular_level2,105,irregular,2,1,0.0054242434369161097,0.48827759717864461,false,4db37850c5c021f11011ae1fa3f687987d386225c50c0efb1c3d37f8b7a901d7
22,t14_1_n105_irregular_level2,105,irregular,2,2,0.0059631827451053282,0.5367916422225677,false,4db37850c5c021f11011ae1fa3f687987d386225c50c0efb1c3d37f8b7a901d7
22,t14_1_n105_irregular_level2,105,irregular,2,3,0.0045072074991599131,0.4057281855562499,false,4db37850c5c021f11011ae1fa3f687987d386225c50c0efb1c3d37f8b7a901d7
22,t14_1_n105_irregular_level2,105,irregular,2,4,0.0053270111415783918,0.47952497534523786,false,4db37850c5c021f11011ae1fa3f687987d386225c50c0efb1c3d37f8b7a901d7
22,t14_1_n105_irregular_level2,105,irregular,2,5,0.0076802613473647184,0.6913590070226161,false,4db37850c5c021f11011ae1fa3f687987d386225c50c0efb1c3d37f8b7a901d7
22,t14_1_n105_irregular_level2,105,irregular,2,6,0.0059716461573415779,0.53755349862497837,false,4db37850c5c021f11011ae1fa3f687987d386225c50c0efb1c3d37f8b7a901d7
22,t14_1_n105_irregular_level2,105,irregular,2,7,0.0048348886139525302,0.43522526643629322,false,4db37850c5c021f11011ae1fa3f687987d386225c50c0efb1c3d37f8b7a901d7
22,t14_1_n105_irregular_level2,105,irregular,2,8,0.0049230283497060335,0.44315939750732591,false,4db37850c5c021f11011ae1fa3f687987d386225c50c0efb1c3d37f8b7a901d7
22,t14_1_n105_irregular_level2,105,irregular,2,9,0.0066812896887364984,0.60143393511215049,false,4db37850c5c021f11011ae1fa3f687987d386225c50c0efb1c3d37f8b7a901d7
22,t14_1_n105_irregular_level2,105,irregular,2,10,0.0063963177586084038,0.57578143427501693,false,4db37850c5c021f11011ae1fa3f687987d386225c50c0efb1c3d37f8b7a901d7
22,t14_1_n105_irregular_level2,105,irregular,2,11,0.0047386938925403329,0.42656604455979114,false,4db37850c5c021f11011ae1fa3f687987d386225c50c0efb1c3d37f8b7a901d7
22,t14_1_n105_irregular_level2,105,irregular,2,12,0.0053925878006957232,0.48542803148886438,false,4db37850c5c021f11011ae1fa3f687987d386225c50c0efb1c3d37f8b7a901d7
22,t14_1_n105_irregular_level2,105,irregular,2,13,0.0034535665620544897,0.3108819141744133,false,4db37850c5c021f11011ae1fa3f687987d386225c50c0efb1c3d37f8b7a901d7
22,t14_1_n105_irregular_level2,105,irregular,2,14,0.0047163417515227986,0.42455395755913011,false,4db37850c5c021f11011ae1fa3f687987d386225c50c0efb1c3d37f8b7a901d7
22,t14_1_n105_irregular_level2,105,irregular,2,15,0.0072588787663115106,0.65342714121266765,false,4db37850c5c021f11011ae1fa3f687987d386225c50c0efb1c3d37f8b7a901d7
22,t14_1_n105_irregular_level2,105,irregular,2,16,0.0086667132787319849,0.78015708262190853,false,4db37850c5c021f11011ae1fa3f687987d386225c50c0efb1c3d37f8b7a901d7
22,t14_1_n105_irregular_level2,105,irregular,2,17,0.0084803727256385648,0.76338314565179277,false,4db37850c5c021f11011ae1fa3f687987d386225c50c0efb1c3d37f8b7a901d7
22,t14_1_n105_irregular_level2,105,irregular,2,18,0.0084540167666643431,0.76101064440457944,false,4db37850c5c021f11011ae1fa3f687987d386225c50c0efb1c3d37f8b7a901d7
22,t14_1_n105_irregular_level2,105,irregular,2,19,0.0076612798754463057,0.68965033970209011,false,4db37850c5c021f11011ae1fa3f687987d386225c50c0efb1c3d37f8b7a901d7
22,t14_1_n105_irregular_level2,105,irregular,2,20,0.0072219679623524262,0.65010451772117472,false,4db37850c5c021f11011ae1fa3f687987d386225c50c0efb1c3d37f8b7a901d7
22,t14_1_n105_irregular_level2,105,irregular,2,21,0.0097092673177478408,0.87400533759421306,false,4db37850c5c021f11011ae1fa3f687987d386225c50c0efb1c3d37f8b7a901d7
22,t14_1_n105_irregular_level2,105,irregular,2,22,0.0078002420027843333,0.70215938256208776,false,4db37850c5c021f11011ae1fa3f687987d386225c50c0efb1c3d37f8b7a901d7
22,t14_1_n105_irregular_level2,105,irregular,2,23,0.0085085148602325519,0.76591643421430655,false,4db37850c5c021f11011ae1fa3f687987d386225c50c0efb1c3d37f8b7a901d7
22,t14_1_n105_irregular_level2,105,irregular,2,24,0.0080390883924836409,0.7236597710703655,false,4db37850c5c021f11011ae1fa3f687987d386225c50c0efb1c3d37f8b7a901d7
22,t14_1_n105_irregular_level2,105,irregular,2,25,0.0065329055641959888,0.58807674629259987,false,4db37850c5c021f11011ae1fa3f687987d386225c50c0efb1c3d37f8b7a901d7
22,t14_1_n105_irregular_level2,105,irregular,2,26,0.0052859580856759927,0.47582947610631349,false,4db37850c5c021f11011ae1fa3f687987d386225c50c0efb1c3d37f8b7a901d7
22,t14_1_n105_irregular_level2,105,irregular,2,27,0.0039147711104435944,0.35239845953494497,false,4db37850c5c021f11011ae1fa3f687987d386225c50c0efb1c3d37f8b7a901d7
22,t14_1_n105_irregular_level2,105,irregular,2,28,0.0075269533908427048,0.67755858646451961,false,4db37850c5c021f11011ae1fa3f687987d386225c50c0efb1c3d37f8b7a901d7
22,t14_1_n105_irregular_level2,105,irregular,2,29,0.0099716075244096619,0.89762058407824807,false,4db37850c5c021f11011ae1fa3f687987d386225c50c0efb1c3d37f8b7a901d7
22,t14_1_n105_irregular_level2,105,irregular,2,30,0.0074777962475272965,0.67313357639604454,false,4db37850c5c021f11011ae1fa3f687987d386225c50c0efb1c3d37f8b7a901d7
22,t14_1_n105_irregular_level2,105,irregular,2,31,0.0078942457588597886,0.71062137890795729,false,4db37850c5c021f11011ae1fa3f687987d386225c50c0efb1c3d37f8b7a901d7
22,t14_1_n105_irregular_level2,105,irregular,2,32,0.0080596708701411637,0.72551255715039298,false,4db37850c5c021f11011ae1fa3f687987d386225c50c0efb1c3d37f8b7a901d7
22,t14_1_n105_irregular_level2,105,irregular,2,33,0.0094878782359878299,0.85407641476090768,false,4db37850c5c021f11011ae1fa3f687987d386225c50c0efb1c3d37f8b7a901d7
22,t14_1_n105_irregular_level2,105,irregular,2,34,0.010437809804860579,0.93958701348820794,false,4db37850c5c021f11011ae1fa3f687987d386225c50c0efb1c3d37f8b7a901d7
22,t14_1_n105_irregular_level2,105,irregular,2,35,0.0073287729723381535,0.65971885274300435,false,4db37850c5c021f11011ae1fa3f687987d386225c50c0efb1c3d37f8b7a901d7
22,t14_1_n105_irregular_level2,105,irregular,2,36,0.0088334254830299951,0.79516412194115915,false,4db37850c5c021f11011ae1fa3f687987d386225c50c0efb1c3d37f8b7a901d7
22,t14_1_n105_irregular_level2,105,irregular,2,37,0.0076089852101722949,0.68494289730902291,false,4db37850c5c021f11011ae1fa3f687987d386225c50c0efb1c3d37f8b7a901d7
22,t14_1_n105_irregular_level2,105,irregular,2,38,0.0044707669254740075,0.40244789108456935,false,4db37850c5c021f11011ae1fa3f687987d386225c50c0efb1c3d37f8b7a901d7
22,t14_1_n105_irregular_level2,105,irregular,2,39,0.0036581196828300716,0.32929530351972613,false,4db37850c5c021f11011ae1fa3f687987d386225c50c0efb1c3d37f8b7a901d7
22,t14_1_n105_irregular_level2,105,irregular,2,40,0.0085743990029481642,0.77184716930602726,false,4db37850c5c021f11011ae1fa3f687987d386225c50c0efb1c3d37f8b7a901d7
22,t14_1_n105_irregular_level2,105,irregular,2,41,0.0081892815852097622,0.73717980793998539,false,4db37850c5c021f11011ae1fa3f687987d386225c50c0efb1c3d37f8b7a901d7
22,t14_1_n105_irregular_level2,105,irregular,2,42,0.0087523315199166934,0.78786423470063216,false,4db37850c5c021f11011ae1fa3f687987d386225c50c0efb1c3d37f8b7a901d7
22,t14_1_n105_irregular_level2,105,irregular,2,43,0.0086158144974524502,0.77557529441281914,false,4db37850c5c021f11011ae1fa3f687987d386225c50c0efb1c3d37f8b7a901d7
22,t14_1_n105_irregular_level2,105,irregular,2,44,0.007929797241354555,0.71382163948817789,false,4db37850c5c021f11011ae1fa3f687987d386225c50c0efb1c3d37f8b7a901d7
22,t14_1_n105_irregular_level2,105,irregular,2,45,0.0094855830059453541,0.8538698035674489,false,4db37850c5c021f11011ae1fa3f687987d386225c50c0efb1c3d37f8b7a901d7
22,t14_1_n105_irregular_level2,105,irregular,2,46,0.0089140371483437935,0.80242059387162412,false,4db37850c5c021f11011ae1fa3f687987d386225c50c0efb1c3d37f8b7a901d7
22,t14_1_n105_irregular_level2,105,irregular,2,47,0.0084317132052073324,0.75900293042134659,false,4db37850c5c021f11011ae1fa3f687987d386225c50c0efb1c3d37f8b7a901d7
22,t14_1_n105_irregular_level2,105,irregular,2,48,0.007627170595270555,0.68657990277214698,false,4db37850c5c021f11011ae1fa3f687987d386225c50c0efb1c3d37f8b7a901d7
22,t14_1_n105_irregular_level2,105,irregular,2,49,0.0051237507454471205,0.4612279540225771,false,4db37850c5c021f11011ae1fa3f687987d386225c50c0efb1c3d37f8b7a901d7
22,t14_1_n105_irregular_level2,105,irregular,2,50,0.0073162149584275228,0.65858840995795398,false,4db37850c5c021f11011ae1fa3f687987d386225c50c0efb1c3d37f8b7a901d7
22,t14_1_n105_irregular_level2,105,irregular,2,51,0.00850824896571333,0.7658924990169913,false,4db37850c5c021f11011ae1fa3f687987d386225c50c0efb1c3d37f8b7a901d7
22,t14_1_n105_irregular_level2,105,irregular,2,52,0.008285600480046923,0.74585020761524967,false,4db37850c5c021f11011ae1fa3f687987d386225c50c0efb1c3d37f8b7a901d7
22,t14_1_n105_irregular_level2,105,irregular,2,53,0.0096366302942769971,0.86746672410847381,false,4db37850c5c021f11011ae1fa3f687987d386225c50c0efb1c3d37f8b7a901d7
22,t14_1_n105_irregular_level2,105,irregular,2,54,0.0083024691241334863,0.74736868315898952,false,4db37850c5c021f11011ae1fa3f687987d386225c50c0efb1c3d37f8b7a901d7
22,t14_1_n105_irregular_level2,105,irregular,2,55,0.0082536599903888681,0.742975000091044,false,4db37850c5c021f11011ae1fa3f687987d386225c50c0efb1c3d37f8b7a901d7
22,t14_1_n105_irregular_level2,105,irregular,2,56,0.0087371408742775835,0.78649680861835547,false,4db37850c5c021f11011ae1fa3f687987d386225c50c0efb1c3d37f8b7a901d7
22,t14_1_n105_irregular_level2,105,irregular,2,57,0.0095247932815563409,0.85739942007207426,false,4db37850c5c021f11011ae1fa3f687987d386225c50c0efb1c3d37f8b7a901d7
22,t14_1_n105_irregular_level2,105,irregular,2,58,0.010958352846530971,0.98644507002104453,false,4db37850c5c021f11011ae1fa3f687987d386225c50c0efb1c3d37f8b7a901d7
22,t14_1_n105_irregular_level2,105,irregular,2,59,0.0043441369823440058,0.39104896235257675,false,4db37850c5c021f11011ae1fa3f687987d386225c50c0efb1c3d37f8b7a901d7
22,t14_1_n105_irregular_level2,105,irregular,2,60,0.0072742736444375011,0.65481295182158272,false,4db37850c5c021f11011ae1fa3f687987d386225c50c0efb1c3d37f8b7a901d7
22,t14_1_n105_irregular_level2,105,irregular,2,61,0.0070353661432409134,0.63330706220049571,false,4db37850c5c021f11011ae1fa3f687987d386225c50c0efb1c3d37f8b7a901d7
22,t14_1_n105_irregular_level2,105,irregular,2,62,0.0092638687813808868,0.83391161214597143,false,4db37850c5c021f11011ae1fa3f687987d386225c50c0efb1c3d37f8b7a901d7
22,t14_1_n105_irregular_level2,105,irregular,2,63,0.0094570018572487455,0.85129699599115027,false,4db37850c5c021f11011ae1fa3f687987d386225c50c0efb1c3d37f8b7a901d7
22,t14_1_n105_irregular_level2,105,irregular,2,64,0.0086098399965190333,0.77503748393398686,false,4db37850c5c021f11011ae1fa3f687987d386225c50c0efb1c3d37f8b7a901d7
22,t14_1_n105_irregular_level2,105,irregular,2,65,0.0082430595565072852,0.74202077404183608,false,4db37850c5c021f11011ae1fa3f687987d386225c50c0efb1c3d37f8b7a901d7
22,t14_1_n105_irregular_level2,105,irregular,2,66,0.0086384873895090884,0.77761625466529627,false,4db37850c5c021f11011ae1fa3f687987d386225c50c0efb1c3d37f8b7a901d7
22,t14_1_n105_irregular_level2,105,irregular,2,67,0.01043441967722584,0.93928184219660382,false,4db37850c5c021f11011ae1fa3f687987d386225c50c0efb1c3d37f8b7a901d7
22,t14_1_n105_irregular_level2,105,irregular,2,68,0.0062788188526428498,0.56520445996639368,false,4db37850c5c021f11011ae1fa3f687987d386225c50c0efb1c3d37f8b7a901d7
22,t14_1_n105_irregular_level2,105,irregular,2,69,0.0067235013314954481,0.60523372760653404,false,4db37850c5c021f11011ae1fa3f687987d386225c50c0efb1c3d37f8b7a901d7
22,t14_1_n105_irregular_level2,105,irregular,2,70,0.0084125165224820525,0.75727489033171713,false,4db37850c5c021f11011ae1fa3f687987d386225c50c0efb1c3d37f8b7a901d7
22,t14_1_n105_irregular_level2,105,irregular,2,71,0.0088252360149251967,0.79442692534316584,false,4db37850c5c021f11011ae1fa3f687987d386225c50c0efb1c3d37f8b7a901d7
22,t14_1_n105_irregular_level2,105,irregular,2,72,0.0083205216544575376,0.74899372934877373,false,4db37850c5c021f11011ae1fa3f687987d386225c50c0efb1c3d37f8b7a901d7
22,t14_1_n105_irregular_level2,105,irregular,2,73,0.0076693290866961033,0.69037491070889379,false,4db37850c5c021f11011ae1fa3f687987d386225c50c0efb1c3d37f8b7a901d7
22,t14_1_n105_irregular_level2,105,irregular,2,74,0.010060233610382141,0.90559849524858316,false,4db37850c5c021f11011ae1fa3f687987d386225c50c0efb1c3d37f8b7a901d7
22,t14_1_n105_irregular_level2,105,irregular,2,75,0.0091009326355737351,0.81924448470349487,false,4db37850c5c021f11011ae1fa3f687987d386225c50c0efb1c3d37f8b7a901d7
22,t14_1_n105_irregular_level2,105,irregular,2,76,0.0043374019697297195,0.39044269240645108,false,4db37850c5c021f11011ae1fa3f687987d386225c50c0efb1c3d37f8b7a901d7
22,t14_1_n105_irregular_level2,105,irregular,2,77,0.0051975003670444919,0.46786672096679671,false,4db37850c5c021f11011ae1fa3f687987d386225c50c0efb1c3d37f8b7a901d7
22,t14_1_n105_irregular_level2,105,irregular,2,78,0.0067168549157354002,0.60463543294020705,false,4db37850c5c021f11011ae1fa3f687987d386225c50c0efb1c3d37f8b7a901d7
22,t14_1_n105_irregular_level2,105,irregular,2,79,0.0087205505719497849,0.78500338874306863,false,4db37850c5c021f11011ae1fa3f687987d386225c50c0efb1c3d37f8b7a901d7
22,t14_1_n105_irregular_level2,105,irregular,2,80,0.011108933664494051,1.0000000000000002,true,4db37850c5c021f11011ae1fa3f687987d386225c50c0efb1c3d37f8b7a901d7
22,t14_1_n105_irregular_level2,105,irregular,2,81,0.0078253242550058288,0.70441722773238191,false,4db37850c5c021f11011ae1fa3f687987d386225c50c0efb1c3d37f8b7a901d7
22,t14_1_n105_irregular_level2,105,irregular,2,82,0.0085493904225283687,0.76959595589751373,false,4db37850c5c021f11011ae1fa3f687987d386225c50c0efb1c3d37f8b7a901d7
22,t14_1_n105_irregular_level2,105,irregular,2,83,0.004852139750977944,0.43677817309200145,false,4db37850c5c021f11011ae1fa3f687987d386225c50c0efb1c3d37f8b7a901d7
22,t14_1_n105_irregular_level2,105,irregular,2,84,0.0061826137035049409,0.55654429941062433,false,4db37850c5c021f11011ae1fa3f687987d386225c50c0efb1c3d37f8b7a901d7
22,t14_1_n105_irregular_level2,105,irregular,2,85,0.0067958171283734646,0.611743425032233,false,4db37850c5c021f11011ae1fa3f687987d386225c50c0efb1c3d37f8b7a901d7
22,t14_1_n105_irregular_level2,105,irregular,2,86,0.010896039001373335,0.98083572469235636,false,4db37850c5c021f11011ae1fa3f687987d386225c50c0efb1c3d37f8b7a901d7
22,t14_1_n105_irregular_level2,105,irregular,2,87,0.0085267959686126504,0.76756205646142894,false,4db37850c5c021f11011ae1fa3f687987d386225c50c0efb1c3d37f8b7a901d7
22,t14_1_n105_irregular_level2,105,irregular,2,88,0.008744209357886704,0.78713309683670296,false,4db37850c5c021f11011ae1fa3f687987d386225c50c0efb1c3d37f8b7a901d7
22,t14_1_n105_irregular_level2,105,irregular,2,89,0.0055191533401257979,0.49682116275173244,false,4db37850c5c021f11011ae1fa3f687987d386225c50c0efb1c3d37f8b7a901d7
22,t14_1_n105_irregular_level2,105,irregular,2,90,0.0058768451292566665,0.52901973373376199,false,4db37850c5c021f11011ae1fa3f687987d386225c50c0efb1c3d37f8b7a901d7
22,t14_1_n105_irregular_level2,105,irregular,2,91,0.0077718980418554047,0.69960792606905642,false,4db37850c5c021f11011ae1fa3f687987d386225c50c0efb1c3d37f8b7a901d7
22,t14_1_n105_irregular_level2,105,irregular,2,92,0.009289262561531824,0.83619750032550932,false,4db37850c5c021f11011ae1fa3f687987d386225c50c0efb1c3d37f8b7a901d7
22,t14_1_n105_irregular_level2,105,irregular,2,93,0.0082846848556951437,0.74576778527126664,false,4db37850c5c021f11011ae1fa3f687987d386225c50c0efb1c3d37f8b7a901d7
22,t14_1_n105_irregular_level2,105,irregular,2,94,0.0071474586248157475,0.64339736294043981,false,4db37850c5c021f11011ae1fa3f687987d386225c50c0efb1c3d37f8b7a901d7
22,t14_1_n105_irregular_level2,105,irregular,2,95,0.004531120533546624,0.40788078049550502,false,4db37850c5c021f11011ae1fa3f687987d386225c50c0efb1c3d37f8b7a901d7
22,t14_1_n105_irregular_level2,105,irregular,2,96,0.0082073717627695001,0.73880824304510784,false,4db37850c5c021f11011ae1fa3f687987d386225c50c0efb1c3d37f8b7a901d7
22,t14_1_n105_irregular_level2,105,irregular,2,97,0.0076876307428031801,0.69202238261392202,false,4db37850c5c021f11011ae1fa3f687987d386225c50c0efb1c3d37f8b7a901d7
22,t14_1_n105_irregular_level2,105,irregular,2,98,0.0044093964720494433,0.3969234676540187,false,4db37850c5c021f11011ae1fa3f687987d386225c50c0efb1c3d37f8b7a901d7
22,t14_1_n105_irregular_level2,105,irregular,2,99,0.0042014943945207607,0.37820861312273535,false,4db37850c5c021f11011ae1fa3f687987d386225c50c0efb1c3d37f8b7a901d7
22,t14_1_n105_irregular_level2,105,irregular,2,100,0.0059262942353150733,0.53347102559955584,false,4db37850c5c021f11011ae1fa3f687987d386225c50c0efb1c3d37f8b7a901d7
22,t14_1_n105_irregular_level2,105,irregular,2,101,0.0048029130693165688,0.43234690334567905,false,4db37850c5c021f11011ae1fa3f687987d386225c50c0efb1c3d37f8b7a901d7
22,t14_1_n105_irregular_level2,105,irregular,2,102,0.0045231475956349588,0.40716307543465408,false,4db37850c5c021f11011ae1fa3f687987d386225c50c0efb1c3d37f8b7a901d7
22,t14_1_n105_irregular_level2,105,irregular,2,103,0.0032257476352504756,0.29037419185970004,false,4db37850c5c021f11011ae1fa3f687987d386225c50c0efb1c3d37f8b7a901d7
22,t14_1_n105_irregular_level2,105,irregular,2,104,0.0034162224626569371,0.30752028644979107,false,4db37850c5c021f11011ae1fa3f687987d386225c50c0efb1c3d37f8b7a901d7
23,t14_1_n105_irregular_level3,105,irregular,3,0,0.003810222130441146,0.14967208497944817,false,0ca0f315a4b0e9f02bcb8b049cf01a9de0f2258b7333740cbb62661380854d3d
23,t14_1_n105_irregular_level3,105,irregular,3,1,0.012430147591143404,0.48827759717864455,false,0ca0f315a4b0e9f02bcb8b049cf01a9de0f2258b7333740cbb62661380854d3d
23,t14_1_n105_irregular_level3,105,irregular,3,2,0.013665176074169861,0.5367916422225677,false,0ca0f315a4b0e9f02bcb8b049cf01a9de0f2258b7333740cbb62661380854d3d
23,t14_1_n105_irregular_level3,105,irregular,3,3,0.010328676264264159,0.40572818555624979,false,0ca0f315a4b0e9f02bcb8b049cf01a9de0f2258b7333740cbb62661380854d3d
23,t14_1_n105_irregular_level3,105,irregular,3,4,0.012207330935561925,0.47952497534523808,false,0ca0f315a4b0e9f02bcb8b049cf01a9de0f2258b7333740cbb62661380854d3d
23,t14_1_n105_irregular_level3,105,irregular,3,5,0.017600017992661098,0.69135900702261643,false,0ca0f315a4b0e9f02bcb8b049cf01a9de0f2258b7333740cbb62661380854d3d
23,t14_1_n105_irregular_level3,105,irregular,3,6,0.013684570753712686,0.53755349862497825,false,0ca0f315a4b0e9f02bcb8b049cf01a9de0f2258b7333740cbb62661380854d3d
23,t14_1_n105_irregular_level3,105,irregular,3,7,0.01107958736681201,0.43522526643629295,false,0ca0f315a4b0e9f02bcb8b049cf01a9de0f2258b7333740cbb62661380854d3d
23,t14_1_n105_irregular_level3,105,irregular,3,8,0.011281567594433091,0.44315939750732597,false,0ca0f315a4b0e9f02bcb8b049cf01a9de0f2258b7333740cbb62661380854d3d
23,t14_1_n105_irregular_level3,105,irregular,3,9,0.015310783502997811,0.60143393511215093,false,0ca0f315a4b0e9f02bcb8b049cf01a9de0f2258b7333740cbb62661380854d3d
23,t14_1_n105_irregular_level3,105,irregular,3,10,0.014657744384820051,0.5757814342750176,false,0ca0f315a4b0e9f02bcb8b049cf01a9de0f2258b7333740cbb62661380854d3d
23,t14_1_n105_irregular_level3,105,irregular,3,11,0.010859148406328636,0.4265660445597908,false,0ca0f315a4b0e9f02bcb8b049cf01a9de0f2258b7333740cbb62661380854d3d
23,t14_1_n105_irregular_level3,105,irregular,3,12,0.0123576058192102,0.48542803148886438,false,0ca0f315a4b0e9f02bcb8b049cf01a9de0f2258b7333740cbb62661380854d3d
23,t14_1_n105_irregular_level3,105,irregular,3,13,0.0079141621465613175,0.31088191417441408,false,0ca0f315a4b0e9f02bcb8b049cf01a9de0f2258b7333740cbb62661380854d3d
23,t14_1_n105_irregular_level3,105,irregular,3,14,0.010807926440526902,0.42455395755912978,false,0ca0f315a4b0e9f02bcb8b049cf01a9de0f2258b7333740cbb62661380854d3d
23,t14_1_n105_irregular_level3,105,irregular,3,15,0.016634381450764613,0.65342714121266754,false,0ca0f315a4b0e9f02bcb8b049cf01a9de0f2258b7333740cbb62661380854d3d
23,t14_1_n105_irregular_level3,105,irregular,3,16,0.01986056238766613,0.78015708262190853,false,0ca0f315a4b0e9f02bcb8b049cf01a9de0f2258b7333740cbb62661380854d3d
23,t14_1_n105_irregular_level3,105,irregular,3,17,0.019433546048133382,0.7633831456517931,false,0ca0f315a4b0e9f02bcb8b049cf01a9de0f2258b7333740cbb62661380854d3d
23,t14_1_n105_irregular_level3,105,irregular,3,18,0.019373148969026255,0.76101064440457955,false,0ca0f315a4b0e9f02bcb8b049cf01a9de0f2258b7333740cbb62661380854d3d
23,t14_1_n105_irregular_level3,105,irregular,3,19,0.017556520221923659,0.68965033970209022,false,0ca0f315a4b0e9f02bcb8b049cf01a9de0f2258b7333740cbb62661380854d3d
23,t14_1_n105_irregular_level3,105,irregular,3,20,0.016549796983593275,0.65010451772117461,false,0ca0f315a4b0e9f02bcb8b049cf01a9de0f2258b7333740cbb62661380854d3d
23,t14_1_n105_irregular_level3,105,irregular,3,21,0.022249669869183877,0.87400533759421339,false,0ca0f315a4b0e9f02bcb8b049cf01a9de0f2258b7333740cbb62661380854d3d
23,t14_1_n105_irregular_level3,105,irregular,3,22,0.017874964586097133,0.70215938256208754,false,0ca0f315a4b0e9f02bcb8b049cf01a9de0f2258b7333740cbb62661380854d3d
23,t14_1_n105_irregular_level3,105,irregular,3,23,0.01949803631126433,0.76591643421430655,false,0ca0f315a4b0e9f02bcb8b049cf01a9de0f2258b7333740cbb62661380854d3d
23,t14_1_n105_irregular_level3,105,irregular,3,24,0.01842230282968859,0.72365977107036528,false,0ca0f315a4b0e9f02bcb8b049cf01a9de0f2258b7333740cbb62661380854d3d
23,t14_1_n105_irregular_level3,105,irregular,3,25,0.014970747774573754,0.58807674629259998,false,0ca0f315a4b0e9f02bcb8b049cf01a9de0f2258b7333740cbb62661380854d3d
23,t14_1_n105_irregular_level3,105,irregular,3,26,0.012113254121003546,0.47582947610631388,false,0ca0f315a4b0e9f02bcb8b049cf01a9de0f2258b7333740cbb62661380854d3d
23,t14_1_n105_irregular_level3,105,irregular,3,27,0.0089710543515030706,0.35239845953494497,false,0ca0f315a4b0e9f02bcb8b049cf01a9de0f2258b7333740cbb62661380854d3d
23,t14_1_n105_irregular_level3,105,irregular,3,28,0.017248698855047196,0.67755858646451994,false,0ca0f315a4b0e9f02bcb8b049cf01a9de0f2258b7333740cbb62661380854d3d
23,t14_1_n105_irregular_level3,105,irregular,3,29,0.022850846332928915,0.89762058407824807,false,0ca0f315a4b0e9f02bcb8b049cf01a9de0f2258b7333740cbb62661380854d3d
23,t14_1_n105_irregular_level3,105,irregular,3,30,0.017136050786486886,0.67313357639604465,false,0ca0f315a4b0e9f02bcb8b049cf01a9de0f2258b7333740cbb62661380854d3d
23,t14_1_n105_irregular_level3,105,irregular,3,31,0.018090382750073221,0.71062137890795751,false,0ca0f315a4b0e9f02bcb8b049cf01a9de0f2258b7333740cbb62661380854d3d
23,t14_1_n105_irregular_level3,105,irregular,3,32,0.018469469450812789,0.72551255715039287,false,0ca0f315a4b0e9f02bcb8b049cf01a9de0f2258b7333740cbb62661380854d3d
23,t14_1_n105_irregular_level3,105,irregular,3,33,0.021742336635830837,0.8540764147609079,false,0ca0f315a4b0e9f02bcb8b049cf01a9de0f2258b7333740cbb62661380854d3d
23,t14_1_n105_irregular_level3,105,irregular,3,34,0.023919191295821495,0.93958701348820761,false,0ca0f315a4b0e9f02bcb8b049cf01a9de0f2258b7333740cbb62661380854d3d
23,t14_1_n105_irregular_level3,105,irregular,3,35,0.016794550386171184,0.65971885274300412,false,0ca0f315a4b0e9f02bcb8b049cf01a9de0f2258b7333740cbb62661380854d3d
23,t14_1_n105_irregular_level3,105,irregular,3,36,0.020242598579214201,0.79516412194115871,false,0ca0f315a4b0e9f02bcb8b049cf01a9de0f2258b7333740cbb62661380854d3d
23,t14_1_n105_irregular_level3,105,irregular,3,37,0.017436682236194361,0.68494289730902302,false,0ca0f315a4b0e9f02bcb8b049cf01a9de0f2258b7333740cbb62661380854d3d
23,t14_1_n105_irregular_level3,105,irregular,3,38,0.010245169372567711,0.40244789108456941,false,0ca0f315a4b0e9f02bcb8b049cf01a9de0f2258b7333740cbb62661380854d3d
23,t14_1_n105_irregular_level3,105,irregular,3,39,0.0083829142427826759,0.32929530351972625,false,0ca0f315a4b0e9f02bcb8b049cf01a9de0f2258b7333740cbb62661380854d3d
23,t14_1_n105_irregular_level3,105,irregular,3,40,0.019649015821567542,0.77184716930602726,false,0ca0f315a4b0e9f02bcb8b049cf01a9de0f2258b7333740cbb62661380854d3d
23,t14_1_n105_irregular_level3,105,irregular,3,41,0.018766484202534978,0.73717980793998572,false,0ca0f315a4b0e9f02bcb8b049cf01a9de0f2258b7333740cbb62661380854d3d
23,t14_1_n105_irregular_level3,105,irregular,3,42,0.020056764380957406,0.78786423470063227,false,0ca0f315a4b0e9f02bcb8b049cf01a9de0f2258b7333740cbb62661380854d3d
23,t14_1_n105_irregular_level3,105,irregular,3,43,0.019743923197174038,0.77557529441281914,false,0ca0f315a4b0e9f02bcb8b049cf01a9de0f2258b7333740cbb62661380854d3d
23,t14_1_n105_irregular_level3,105,irregular,3,44,0.018171852208373404,0.71382163948817801,false,0ca0f315a4b0e9f02bcb8b049cf01a9de0f2258b7333740cbb62661380854d3d
23,t14_1_n105_irregular_level3,105,irregular,3,45,0.02173707690725938,0.85386980356744846,false,0ca0f315a4b0e9f02bcb8b049cf01a9de0f2258b7333740cbb62661380854d3d
23,t14_1_n105_irregular_level3,105,irregular,3,46,0.020427327548161085,0.80242059387162401,false,0ca0f315a4b0e9f02bcb8b049cf01a9de0f2258b7333740cbb62661380854d3d
23,t14_1_n105_irregular_level3,105,irregular,3,47,0.019322038327709533,0.75900293042134659,false,0ca0f315a4b0e9f02bcb8b049cf01a9de0f2258b7333740cbb62661380854d3d
23,t14_1_n105_irregular_level3,105,irregular,3,48,0.017478355701517602,0.68657990277214709,false,0ca0f315a4b0e9f02bcb8b049cf01a9de0f2258b7333740cbb62661380854d3d
23,t14_1_n105_irregular_level3,105,irregular,3,49,0.011741541235536512,0.46122795402257738,false,0ca0f315a4b0e9f02bcb8b049cf01a9de0f2258b7333740cbb62661380854d3d
23,t14_1_n105_irregular_level3,105,irregular,3,50,0.016765772554170052,0.65858840995795342,false,0ca0f315a4b0e9f02bcb8b049cf01a9de0f2258b7333740cbb62661380854d3d
23,t14_1_n105_irregular_level3,105,irregular,3,51,0.019497426989769789,0.76589249901699041,false,0ca0f315a4b0e9f02bcb8b049cf01a9de0f2258b7333740cbb62661380854d3d
23,t14_1_n105_irregular_level3,105,irregular,3,52,0.018987207717724858,0.74585020761525012,false,0ca0f315a4b0e9f02bcb8b049cf01a9de0f2258b7333740cbb62661380854d3d
23,t14_1_n105_irregular_level3,105,irregular,3,53,0.022083215517932023,0.8674667241084737,false,0ca0f315a4b0e9f02bcb8b049cf01a9de0f2258b7333740cbb62661380854d3d
23,t14_1_n105_irregular_level3,105,irregular,3,54,0.01902586375116011,0.74736868315898952,false,0ca0f315a4b0e9f02bcb8b049cf01a9de0f2258b7333740cbb62661380854d3d
23,t14_1_n105_irregular_level3,105,irregular,3,55,0.018914013178209725,0.74297500009104411,false,0ca0f315a4b0e9f02bcb8b049cf01a9de0f2258b7333740cbb62661380854d3d
23,t14_1_n105_irregular_level3,105,irregular,3,56,0.020021953633708525,0.78649680861835569,false,0ca0f315a4b0e9f02bcb8b049cf01a9de0f2258b7333740cbb62661380854d3d
23,t14_1_n105_irregular_level3,105,irregular,3,57,0.021826930823036269,0.85739942007207415,false,0ca0f315a4b0e9f02bcb8b049cf01a9de0f2258b7333740cbb62661380854d3d
23,t14_1_n105_irregular_level3,105,irregular,3,58,0.025112063059553453,0.98644507002104354,false,0ca0f315a4b0e9f02bcb8b049cf01a9de0f2258b7333740cbb62661380854d3d
23,t14_1_n105_irregular_level3,105,irregular,3,59,0.0099549853310751148,0.3910489623525768,false,0ca0f315a4b0e9f02bcb8b049cf01a9de0f2258b7333740cbb62661380854d3d
23,t14_1_n105_irregular_level3,105,irregular,3,60,0.016669660215347961,0.65481295182158272,false,0ca0f315a4b0e9f02bcb8b049cf01a9de0f2258b7333740cbb62661380854d3d
23,t14_1_n105_irregular_level3,105,irregular,3,61,0.016122181929197659,0.6333070622004956,false,0ca0f315a4b0e9f02bcb8b049cf01a9de0f2258b7333740cbb62661380854d3d
23,t14_1_n105_irregular_level3,105,irregular,3,62,0.021228998579573,0.83391161214597165,false,0ca0f315a4b0e9f02bcb8b049cf01a9de0f2258b7333740cbb62661380854d3d
23,t14_1_n105_irregular_level3,105,irregular,3,63,0.021671580603349914,0.8512969959911505,false,0ca0f315a4b0e9f02bcb8b049cf01a9de0f2258b7333740cbb62661380854d3d
23,t14_1_n105_irregular_level3,105,irregular,3,64,0.019730232084441083,0.77503748393398686,false,0ca0f315a4b0e9f02bcb8b049cf01a9de0f2258b7333740cbb62661380854d3d
23,t14_1_n105_irregular_level3,105,irregular,3,65,0.018889721319038828,0.7420207740418362,false,0ca0f315a4b0e9f02bcb8b049cf01a9de0f2258b7333740cbb62661380854d3d
23,t14_1_n105_irregular_level3,105,irregular,3,66,0.019795880193179051,0.77761625466529627,false,0ca0f315a4b0e9f02bcb8b049cf01a9de0f2258b7333740cbb62661380854d3d
23,t14_1_n105_irregular_level3,105,irregular,3,67,0.023911422509751565,0.93928184219660338,false,0ca0f315a4b0e9f02bcb8b049cf01a9de0f2258b7333740cbb62661380854d3d
23,t14_1_n105_irregular_level3,105,irregular,3,68,0.014388484946165471,0.56520445996639346,false,0ca0f315a4b0e9f02bcb8b049cf01a9de0f2258b7333740cbb62661380854d3d
23,t14_1_n105_irregular_level3,105,irregular,3,69,0.015407515324801245,0.60523372760653349,false,0ca0f315a4b0e9f02bcb8b049cf01a9de0f2258b7333740cbb62661380854d3d
23,t14_1_n105_irregular_level3,105,irregular,3,70,0.019278047381818042,0.75727489033171658,false,0ca0f315a4b0e9f02bcb8b049cf01a9de0f2258b7333740cbb62661380854d3d
23,t14_1_n105_irregular_level3,105,irregular,3,71,0.020223831667585061,0.79442692534316584,false,0ca0f315a4b0e9f02bcb8b049cf01a9de0f2258b7333740cbb62661380854d3d
23,t14_1_n105_irregular_level3,105,irregular,3,72,0.019067232767674816,0.74899372934877384,false,0ca0f315a4b0e9f02bcb8b049cf01a9de0f2258b7333740cbb62661380854d3d
23,t14_1_n105_irregular_level3,105,irregular,3,73,0.017574965722202344,0.69037491070889401,false,0ca0f315a4b0e9f02bcb8b049cf01a9de0f2258b7333740cbb62661380854d3d
23,t14_1_n105_irregular_level3,105,irregular,3,74,0.02305394107634802,0.90559849524858294,false,0ca0f315a4b0e9f02bcb8b049cf01a9de0f2258b7333740cbb62661380854d3d
23,t14_1_n105_irregular_level3,105,irregular,3,75,0.020855615569781959,0.81924448470349454,false,0ca0f315a4b0e9f02bcb8b049cf01a9de0f2258b7333740cbb62661380854d3d
23,t14_1_n105_irregular_level3,105,irregular,3,76,0.0099395514365979536,0.39044269240645108,false,0ca0f315a4b0e9f02bcb8b049cf01a9de0f2258b7333740cbb62661380854d3d
23,t14_1_n105_irregular_level3,105,irregular,3,77,0.011910545206672332,0.46786672096679649,false,0ca0f315a4b0e9f02bcb8b049cf01a9de0f2258b7333740cbb62661380854d3d
23,t14_1_n105_irregular_level3,105,irregular,3,78,0.015392284458080342,0.60463543294020705,false,0ca0f315a4b0e9f02bcb8b049cf01a9de0f2258b7333740cbb62661380854d3d
23,t14_1_n105_irregular_level3,105,irregular,3,79,0.01998393544575023,0.78500338874306885,false,0ca0f315a4b0e9f02bcb8b049cf01a9de0f2258b7333740cbb62661380854d3d
23,t14_1_n105_irregular_level3,105,irregular,3,80,0.025457132710914911,1.0000000000000002,true,0ca0f315a4b0e9f02bcb8b049cf01a9de0f2258b7333740cbb62661380854d3d
23,t14_1_n105_irregular_level3,105,irregular,3,81,0.017932442850238012,0.7044172277323818,false,0ca0f315a4b0e9f02bcb8b049cf01a9de0f2258b7333740cbb62661380854d3d
23,t14_1_n105_irregular_level3,105,irregular,3,82,0.019591706383066426,0.76959595589751384,false,0ca0f315a4b0e9f02bcb8b049cf01a9de0f2258b7333740cbb62661380854d3d
23,t14_1_n105_irregular_level3,105,irregular,3,83,0.011119119917634044,0.43677817309200145,false,0ca0f315a4b0e9f02bcb8b049cf01a9de0f2258b7333740cbb62661380854d3d
23,t14_1_n105_irregular_level3,105,irregular,3,84,0.014168022089599417,0.556544299410624,false,0ca0f315a4b0e9f02bcb8b049cf01a9de0f2258b7333740cbb62661380854d3d
23,t14_1_n105_irregular_level3,105,irregular,3,85,0.015573233556075178,0.61174342503223289,false,0ca0f315a4b0e9f02bcb8b049cf01a9de0f2258b7333740cbb62661380854d3d
23,t14_1_n105_irregular_level3,105,irregular,3,86,0.024969265211099698,0.98083572469235569,false,0ca0f315a4b0e9f02bcb8b049cf01a9de0f2258b7333740cbb62661380854d3d
23,t14_1_n105_irregular_level3,105,irregular,3,87,0.019539929135201351,0.76756205646142872,false,0ca0f315a4b0e9f02bcb8b049cf01a9de0f2258b7333740cbb62661380854d3d
23,t14_1_n105_irregular_level3,105,irregular,3,88,0.020038151707325386,0.78713309683670307,false,0ca0f315a4b0e9f02bcb8b049cf01a9de0f2258b7333740cbb62661380854d3d
23,t14_1_n105_irregular_level3,105,irregular,3,89,0.01264764227376191,0.49682116275173255,false,0ca0f315a4b0e9f02bcb8b049cf01a9de0f2258b7333740cbb62661380854d3d
23,t14_1_n105_irregular_level3,105,irregular,3,90,0.013467325568353236,0.52901973373376154,false,0ca0f315a4b0e9f02bcb8b049cf01a9de0f2258b7333740cbb62661380854d3d
23,t14_1_n105_irregular_level3,105,irregular,3,91,0.017810011819547913,0.69960792606905642,false,0ca0f315a4b0e9f02bcb8b049cf01a9de0f2258b7333740cbb62661380854d3d
23,t14_1_n105_irregular_level3,105,irregular,3,92,0.02128719073832179,0.83619750032550888,false,0ca0f315a4b0e9f02bcb8b049cf01a9de0f2258b7333740cbb62661380854d3d
23,t14_1_n105_irregular_level3,105,irregular,3,93,0.018985109481175731,0.74576778527126686,false,0ca0f315a4b0e9f02bcb8b049cf01a9de0f2258b7333740cbb62661380854d3d
23,t14_1_n105_irregular_level3,105,irregular,3,94,0.016379052054227471,0.64339736294044025,false,0ca0f315a4b0e9f02bcb8b049cf01a9de0f2258b7333740cbb62661380854d3d
23,t14_1_n105_irregular_level3,105,irregular,3,95,0.010383475159305633,0.40788078049550536,false,0ca0f315a4b0e9f02bcb8b049cf01a9de0f2258b7333740cbb62661380854d3d
23,t14_1_n105_irregular_level3,105,irregular,3,96,0.018807939491117184,0.73880824304510784,false,0ca0f315a4b0e9f02bcb8b049cf01a9de0f2258b7333740cbb62661380854d3d
23,t14_1_n105_irregular_level3,105,irregular,3,97,0.017616905633126144,0.6920223826139219,false,0ca0f315a4b0e9f02bcb8b049cf01a9de0f2258b7333740cbb62661380854d3d
23,t14_1_n105_irregular_level3,105,irregular,3,98,0.010104533392144899,0.39692346765401887,false,0ca0f315a4b0e9f02bcb8b049cf01a9de0f2258b7333740cbb62661380854d3d
23,t14_1_n105_irregular_level3,105,irregular,3,99,0.0096281068566765552,0.37820861312273568,false,0ca0f315a4b0e9f02bcb8b049cf01a9de0f2258b7333740cbb62661380854d3d
23,t14_1_n105_irregular_level3,105,irregular,3,100,0.013580642696115775,0.53347102559955573,false,0ca0f315a4b0e9f02bcb8b049cf01a9de0f2258b7333740cbb62661380854d3d
23,t14_1_n105_irregular_level3,105,irregular,3,101,0.011006312495624063,0.43234690334567949,false,0ca0f315a4b0e9f02bcb8b049cf01a9de0f2258b7333740cbb62661380854d3d
23,t14_1_n105_irregular_level3,105,irregular,3,102,0.010365204446324234,0.40716307543465358,false,0ca0f315a4b0e9f02bcb8b049cf01a9de0f2258b7333740cbb62661380854d3d
23,t14_1_n105_irregular_level3,105,irregular,3,103,0.0073920943379970488,0.29037419185969993,false,0ca0f315a4b0e9f02bcb8b049cf01a9de0f2258b7333740cbb62661380854d3d
23,t14_1_n105_irregular_level3,105,irregular,3,104,0.007828584743450882,0.3075202864497904,false,0ca0f315a4b0e9f02bcb8b049cf01a9de0f2258b7333740cbb62661380854d3d
24,t14_1_n105_irregular_level4,105,irregular,4,0,0.0097812050729168213,0.14967208497944792,false,3936d0a243fbe978c851341f2cb04a7edcdf754149f5bc7a23a128ba1e13f17f
24,t14_1_n105_irregular_level4,105,irregular,4,1,0.03190937916827441,0.48827759717864438,false,3936d0a243fbe978c851341f2cb04a7edcdf754149f5bc7a23a128ba1e13f17f
24,t14_1_n105_irregular_level4,105,irregular,4,2,0.035079815549624291,0.53679164222256714,false,3936d0a243fbe978c851341f2cb04a7edcdf754149f5bc7a23a128ba1e13f17f
24,t14_1_n105_irregular_level4,105,irregular,4,3,0.026514701036823629,0.40572818555624918,false,3936d0a243fbe978c851341f2cb04a7edcdf754149f5bc7a23a128ba1e13f17f
24,t14_1_n105_irregular_level4,105,irregular,4,4,0.031337387476637328,0.47952497534523736,false,3936d0a243fbe978c851341f2cb04a7edcdf754149f5bc7a23a128ba1e13f17f
24,t14_1_n105_irregular_level4,105,irregular,4,5,0.045180931551965148,0.69135900702261599,false,3936d0a243fbe978c851341f2cb04a7edcdf754149f5bc7a23a128ba1e13f17f
24,t14_1_n105_irregular_level4,105,irregular,4,6,0.035129603549231003,0.53755349862497781,false,3936d0a243fbe978c851341f2cb04a7edcdf754149f5bc7a23a128ba1e13f17f
24,t14_1_n105_irregular_level4,105,irregular,4,7,0.028442361743759966,0.43522526643629256,false,3936d0a243fbe978c851341f2cb04a7edcdf754149f5bc7a23a128ba1e13f17f
24,t14_1_n105_irregular_level4,105,irregular,4,8,0.028960864329541636,0.44315939750732586,false,3936d0a243fbe978c851341f2cb04a7edcdf754149f5bc7a23a128ba1e13f17f
24,t14_1_n105_irregular_level4,105,irregular,4,9,0.039304247401585113,0.60143393511215038,false,3936d0a243fbe978c851341f2cb04a7edcdf754149f5bc7a23a128ba1e13f17f
24,t14_1_n105_irregular_level4,105,irregular,4,10,0.037627833450676176,0.57578143427501682,false,3936d0a243fbe978c851341f2cb04a7edcdf754149f5bc7a23a128ba1e13f17f
24,t14_1_n105_irregular_level4,105,irregular,4,11,0.027876473823126077,0.42656604455979008,false,3936d0a243fbe978c851341f2cb04a7edcdf754149f5bc7a23a128ba1e13f17f
24,t14_1_n105_irregular_level4,105,irregular,4,12,0.031723157493174996,0.48542803148886349,false,3936d0a243fbe978c851341f2cb04a7edcdf754149f5bc7a23a128ba1e13f17f
24,t14_1_n105_irregular_level4,105,irregular,4,13,0.020316412084580814,0.31088191417441319,false,3936d0a243fbe978c851341f2cb04a7edcdf754149f5bc7a23a128ba1e13f17f
24,t14_1_n105_irregular_level4,105,irregular,4,14,0.0277449821319352,0.42455395755912939,false,3936d0a243fbe978c851341f2cb04a7edcdf754149f5bc7a23a128ba1e13f17f
24,t14_1_n105_irregular_level4,105,irregular,4,15,0.042702050080270421,0.6534271412126671,false,3936d0a243fbe978c851341f2cb04a7edcdf754149f5bc7a23a128ba1e13f17f
24,t14_1_n105_irregular_level4,105,irregular,4,16,0.050983965482015017,0.78015708262190764,false,3936d0a243fbe978c851341f2cb04a7edcdf754149f5bc7a23a128ba1e13f17f
24,t14_1_n105_irregular_level4,105,irregular,4,17,0.049887773647663197,0.76338314565179199,false,3936d0a243fbe978c851341f2cb04a7edcdf754149f5bc7a23a128ba1e13f17f
24,t14_1_n105_irregular_level4,105,irregular,4,18,0.049732728562015265,0.76101064440457877,false,3936d0a243fbe978c851341f2cb04a7edcdf754149f5bc7a23a128ba1e13f17f
24,t14_1_n105_irregular_level4,105,irregular,4,19,0.045069268609167518,0.68965033970208933,false,3936d0a243fbe978c851341f2cb04a7edcdf754149f5bc7a23a128ba1e13f17f
24,t14_1_n105_irregular_level4,105,irregular,4,20,0.042484913653295098,0.65010451772117406,false,3936d0a243fbe978c851341f2cb04a7edcdf754149f5bc7a23a128ba1e13f17f
24,t14_1_n105_irregular_level4,105,irregular,4,21,0.057117033166249803,0.87400533759421206,false,3936d0a243fbe978c851341f2cb04a7edcdf754149f5bc7a23a128ba1e13f17f
24,t14_1_n105_irregular_level4,105,irregular,4,22,0.045886745785999432,0.70215938256208721,false,3936d0a243fbe978c851341f2cb04a7edcdf754149f5bc7a23a128ba1e13f17f
24,t14_1_n105_irregular_level4,105,irregular,4,23,0.050053326328660608,0.76591643421430555,false,3936d0a243fbe978c851341f2cb04a7edcdf754149f5bc7a23a128ba1e13f17f
24,t14_1_n105_irregular_level4,105,irregular,4,24,0.047291815470007117,0.7236597710703645,false,3936d0a243fbe978c851341f2cb04a7edcdf754149f5bc7a23a128ba1e13f17f
24,t14_1_n105_irregular_level4,105,irregular,4,25,0.038431343125148794,0.58807674629259943,false,3936d0a243fbe978c851341f2cb04a7edcdf754149f5bc7a23a128ba1e13f17f
24,t14_1_n105_irregular_level4,105,irregular,4,26,0.031095883284939257,0.47582947610631304,false,3936d0a243fbe978c851341f2cb04a7edcdf754149f5bc7a23a128ba1e13f17f
24,t14_1_n105_irregular_level4,105,irregular,4,27,0.023029555581888097,0.3523984595349447,false,3936d0a243fbe978c851341f2cb04a7edcdf754149f5bc7a23a128ba1e13f17f
24,t14_1_n105_irregular_level4,105,irregular,4,28,0.044279061683647494,0.67755858646451905,false,3936d0a243fbe978c851341f2cb04a7edcdf754149f5bc7a23a128ba1e13f17f
24,t14_1_n105_irregular_level4,105,irregular,4,29,0.058660310716900199,0.89762058407824663,false,3936d0a243fbe978c851341f2cb04a7edcdf754149f5bc7a23a128ba1e13f17f
24,t14_1_n105_irregular_level4,105,irregular,4,30,0.043989883304556832,0.67313357639604388,false,3936d0a243fbe978c851341f2cb04a7edcdf754149f5bc7a23a128ba1e13f17f
24,t14_1_n105_irregular_level4,105,irregular,4,31,0.046439744841211272,0.71062137890795662,false,3936d0a243fbe978c851341f2cb04a7edcdf754149f5bc7a23a128ba1e13f17f
24,t14_1_n105_irregular_level4,105,irregular,4,32,0.047412896703073956,0.7255125571503922,false,3936d0a243fbe978c851341f2cb04a7edcdf754149f5bc7a23a128ba1e13f17f
24,t14_1_n105_irregular_level4,105,irregular,4,33,0.055814660174374545,0.85407641476090701,false,3936d0a243fbe978c851341f2cb04a7edcdf754149f5bc7a23a128ba1e13f17f
24,t14_1_n105_irregular_level4,105,irregular,4,34,0.061402854540574925,0.93958701348820639,false,3936d0a243fbe978c851341f2cb04a7edcdf754149f5bc7a23a128ba1e13f17f
24,t14_1_n105_irregular_level4,105,irregular,4,35,0.043113219075118753,0.65971885274300324,false,3936d0a243fbe978c851341f2cb04a7edcdf754149f5bc7a23a128ba1e13f17f
24,t14_1_n105_irregular_level4,105,irregular,4,36,0.051964688969224196,0.79516412194115793,false,3936d0a243fbe978c851341f2cb04a7edcdf754149f5bc7a23a128ba1e13f17f
24,t14_1_n105_irregular_level4,105,irregular,4,37,0.044761633024202885,0.68494289730902258,false,3936d0a243fbe978c851341f2cb04a7edcdf754149f5bc7a23a128ba1e13f17f
24,t14_1_n105_irregular_level4,105,irregular,4,38,0.026300330849280219,0.40244789108456919,false,3936d0a243fbe978c851341f2cb04a7edcdf754149f5bc7a23a128ba1e13f17f
24,t14_1_n105_irregular_level4,105,irregular,4,39,0.021519743602937735,0.32929530351972591,false,3936d0a243fbe978c851341f2cb04a7edcdf754149f5bc7a23a128ba1e13f17f
24,t14_1_n105_irregular_level4,105,irregular,4,40,0.050440905189296038,0.77184716930602626,false,3936d0a243fbe978c851341f2cb04a7edcdf754149f5bc7a23a128ba1e13f17f
24,t14_1_n105_irregular_level4,105,irregular,4,41,0.048175362012659387,0.73717980793998439,false,3936d0a243fbe978c851341f2cb04a7edcdf754149f5bc7a23a128ba1e13f17f
24,t14_1_n105_irregular_level4,105,irregular,4,42,0.051487634786952577,0.78786423470063138,false,3936d0a243fbe978c851341f2cb04a7edcdf754149f5bc7a23a128ba1e13f17f
24,t14_1_n105_irregular_level4,105,irregular,4,43,0.050684541510738562,0.77557529441281847,false,3936d0a243fbe978c851341f2cb04a7edcdf754149f5bc7a23a128ba1e13f17f
24,t14_1_n105_irregular_level4,105,irregular,4,44,0.046648884742123371,0.71382163948817712,false,3936d0a243fbe978c851341f2cb04a7edcdf754149f5bc7a23a128ba1e13f17f
24,t14_1_n105_irregular_level4,105,irregular,4,45,0.055801157947463875,0.85386980356744768,false,3936d0a243fbe978c851341f2cb04a7edcdf754149f5bc7a23a128ba1e13f17f
24,t14_1_n105_irregular_level4,105,irregular,4,46,0.052438905922021301,0.8024205938716229,false,3936d0a243fbe978c851341f2cb04a7edcdf754149f5bc7a23a128ba1e13f17f
24,t14_1_n105_irregular_level4,105,irregular,4,47,0.049601522651437746,0.75900293042134581,false,3936d0a243fbe978c851341f2cb04a7edcdf754149f5bc7a23a128ba1e13f17f
24,t14_1_n105_irregular_level4,105,irregular,4,48,0.044868612800308093,0.68657990277214653,false,3936d0a243fbe978c851341f2cb04a7edcdf754149f5bc7a23a128ba1e13f17f
24,t14_1_n105_irregular_level4,105,irregular,4,49,0.030141660712992333,0.46122795402257688,false,3936d0a243fbe978c851341f2cb04a7edcdf754149f5bc7a23a128ba1e13f17f
24,t14_1_n105_irregular_level4,105,irregular,4,50,0.043039343624627836,0.65858840995795342,false,3936d0a243fbe978c851341f2cb04a7edcdf754149f5bc7a23a128ba1e13f17f
24,t14_1_n105_irregular_level4,105,irregular,4,51,0.050051762142035994,0.76589249901699008,false,3936d0a243fbe978c851341f2cb04a7edcdf754149f5bc7a23a128ba1e13f17f
24,t14_1_n105_irregular_level4,105,irregular,4,52,0.048741980412473622,0.74585020761524901,false,3936d0a243fbe978c851341f2cb04a7edcdf754149f5bc7a23a128ba1e13f17f
24,t14_1_n105_irregular_level4,105,irregular,4,53,0.056689728907039841,0.86746672410847292,false,3936d0a243fbe978c851341f2cb04a7edcdf754149f5bc7a23a128ba1e13f17f
24,t14_1_n105_irregular_level4,105,irregular,4,54,0.048841214151975322,0.74736868315898874,false,3936d0a243fbe978c851341f2cb04a7edcdf754149f5bc7a23a128ba1e13f17f
24,t14_1_n105_irregular_level4,105,irregular,4,55,0.048554083020482926,0.74297500009104345,false,3936d0a243fbe978c851341f2cb04a7edcdf754149f5bc7a23a128ba1e13f17f
24,t14_1_n105_irregular_level4,105,irregular,4,56,0.0513982722653131,0.78649680861835491,false,3936d0a243fbe978c851341f2cb04a7edcdf754149f5bc7a23a128ba1e13f17f
24,t14_1_n105_irregular_level4,105,irregular,4,57,0.056031821553608155,0.85739942007207304,false,3936d0a243fbe978c851341f2cb04a7edcdf754149f5bc7a23a128ba1e13f17f
24,t14_1_n105_irregular_level4,105,irregular,4,58,0.064465070586599379,0.98644507002104265,false,3936d0a243fbe978c851341f2cb04a7edcdf754149f5bc7a23a128ba1e13f17f
24,t14_1_n105_irregular_level4,105,irregular,4,59,0.025555400626957905,0.39104896235257647,false,3936d0a243fbe978c851341f2cb04a7edcdf754149f5bc7a23a128ba1e13f17f
24,t14_1_n105_irregular_level4,105,irregular,4,60,0.042792614047224481,0.65481295182158239,false,3936d0a243fbe978c851341f2cb04a7edcdf754149f5bc7a23a128ba1e13f17f
24,t14_1_n105_irregular_level4,105,irregular,4,61,0.041387184860557813,0.63330706220049482,false,3936d0a243fbe978c851341f2cb04a7edcdf754149f5bc7a23a128ba1e13f17f
24,t14_1_n105_irregular_level4,105,irregular,4,62,0.054496872227085207,0.83391161214597054,false,3936d0a243fbe978c851341f2cb04a7edcdf754149f5bc7a23a128ba1e13f17f
24,t14_1_n105_irregular_level4,105,irregular,4,63,0.055633022663450271,0.85129699599114939,false,3936d0a243fbe978c851341f2cb04a7edcdf754149f5bc7a23a128ba1e13f17f
24,t14_1_n105_irregular_level4,105,irregular,4,64,0.050649395113302159,0.77503748393398619,false,3936d0a243fbe978c851341f2cb04a7edcdf754149f5bc7a23a128ba1e13f17f
24,t14_1_n105_irregular_level4,105,irregular,4,65,0.048491723491820606,0.7420207740418352,false,3936d0a243fbe978c851341f2cb04a7edcdf754149f5bc7a23a128ba1e13f17f
24,t14_1_n105_irregular_level4,105,irregular,4,66,0.050817920094847202,0.77761625466529527,false,3936d0a243fbe978c851341f2cb04a7edcdf754149f5bc7a23a128ba1e13f17f
24,t14_1_n105_irregular_level4,105,irregular,4,67,0.06138291132280016,0.93928184219660205,false,3936d0a243fbe978c851341f2cb04a7edcdf754149f5bc7a23a128ba1e13f17f
24,t14_1_n105_irregular_level4,105,irregular,4,68,0.03693661868756367,0.56520445996639279,false,3936d0a243fbe978c851341f2cb04a7edcdf754149f5bc7a23a128ba1e13f17f
24,t14_1_n105_irregular_level4,105,irregular,4,69,0.039552567251122772,0.60523372760653282,false,3936d0a243fbe978c851341f2cb04a7edcdf754149f5bc7a23a128ba1e13f17f
24,t14_1_n105_irregular_level4,105,irregular,4,70,0.049488593680793613,0.75727489033171613,false,3936d0a243fbe978c851341f2cb04a7edcdf754149f5bc7a23a128ba1e13f17f
24,t14_1_n105_irregular_level4,105,irregular,4,71,0.051916512509966511,0.79442692534316506,false,3936d0a243fbe978c851341f2cb04a7edcdf754149f5bc7a23a128ba1e13f17f
24,t14_1_n105_irregular_level4,105,irregular,4,72,0.048947412378835244,0.74899372934877329,false,3936d0a243fbe978c851341f2cb04a7edcdf754149f5bc7a23a128ba1e13f17f
24,t14_1_n105_irregular_level4,105,irregular,4,73,0.045116619974710476,0.69037491070889323,false,3936d0a243fbe978c851341f2cb04a7edcdf754149f5bc7a23a128ba1e13f17f
24,t14_1_n105_irregular_level4,105,irregular,4,74,0.05918167437146063,0.90559849524858205,false,3936d0a243fbe978c851341f2cb04a7edcdf754149f5bc7a23a128ba1e13f17f
24,t14_1_n105_irregular_level4,105,irregular,4,75,0.053538362286068668,0.81924448470349365,false,3936d0a243fbe978c851341f2cb04a7edcdf754149f5bc7a23a128ba1e13f17f
24,t14_1_n105_irregular_level4,105,irregular,4,76,0.025515780341896617,0.39044269240645063,false,3936d0a243fbe978c851341f2cb04a7edcdf754149f5bc7a23a128ba1e13f17f
24,t14_1_n105_irregular_level4,105,irregular,4,77,0.030575510090594227,0.46786672096679627,false,3936d0a243fbe978c851341f2cb04a7edcdf754149f5bc7a23a128ba1e13f17f
24,t14_1_n105_irregular_level4,105,irregular,4,78,0.039513468157753598,0.6046354329402065,false,3936d0a243fbe978c851341f2cb04a7edcdf754149f5bc7a23a128ba1e13f17f
24,t14_1_n105_irregular_level4,105,irregular,4,79,0.051300675936230368,0.78500338874306785,false,3936d0a243fbe978c851341f2cb04a7edcdf754149f5bc7a23a128ba1e13f17f
24,t14_1_n105_irregular_level4,105,irregular,4,80,0.065350897425260776,0.99999999999999933,true,3936d0a243fbe978c851341f2cb04a7edcdf754149f5bc7a23a128ba1e13f17f
24,t14_1_n105_irregular_level4,105,irregular,4,81,0.046034297994125423,0.70441722773238102,false,3936d0a243fbe978c851341f2cb04a7edcdf754149f5bc7a23a128ba1e13f17f
24,t14_1_n105_irregular_level4,105,irregular,4,82,0.050293786372753918,0.76959595589751295,false,3936d0a243fbe978c851341f2cb04a7edcdf754149f5bc7a23a128ba1e13f17f
24,t14_1_n105_irregular_level4,105,irregular,4,83,0.028543845587328167,0.4367781730920009,false,3936d0a243fbe978c851341f2cb04a7edcdf754149f5bc7a23a128ba1e13f17f
24,t14_1_n105_irregular_level4,105,irregular,4,84,0.036370669423397305,0.55654429941062356,false,3936d0a243fbe978c851341f2cb04a7edcdf754149f5bc7a23a128ba1e13f17f
24,t14_1_n105_irregular_level4,105,irregular,4,85,0.039977981819859142,0.61174342503223222,false,3936d0a243fbe978c851341f2cb04a7edcdf754149f5bc7a23a128ba1e13f17f
24,t14_1_n105_irregular_level4,105,irregular,4,86,0.064098494835401462,0.98083572469235514,false,3936d0a243fbe978c851341f2cb04a7edcdf754149f5bc7a23a128ba1e13f17f
24,t14_1_n105_irregular_level4,105,irregular,4,87,0.050160869219333028,0.76756205646142794,false,3936d0a243fbe978c851341f2cb04a7edcdf754149f5bc7a23a128ba1e13f17f
24,t14_1_n105_irregular_level4,105,irregular,4,88,0.051439854271403185,0.78713309683670174,false,3936d0a243fbe978c851341f2cb04a7edcdf754149f5bc7a23a128ba1e13f17f
24,t14_1_n105_irregular_level4,105,irregular,4,89,0.032467708845687233,0.49682116275173177,false,3936d0a243fbe978c851341f2cb04a7edcdf754149f5bc7a23a128ba1e13f17f
24,t14_1_n105_irregular_level4,105,irregular,4,90,0.034571914355173795,0.52901973373376088,false,3936d0a243fbe978c851341f2cb04a7edcdf754149f5bc7a23a128ba1e13f17f
24,t14_1_n105_irregular_level4,105,irregular,4,91,0.045720005814438303,0.69960792606905553,false,3936d0a243fbe978c851341f2cb04a7edcdf754149f5bc7a23a128ba1e13f17f
24,t14_1_n105_irregular_level4,105,irregular,4,92,0.054646257071031767,0.83619750032550788,false,3936d0a243fbe978c851341f2cb04a7edcdf754149f5bc7a23a128ba1e13f17f
24,t14_1_n105_irregular_level4,105,irregular,4,93,0.04873659403832642,0.74576778527126575,false,3936d0a243fbe978c851341f2cb04a7edcdf754149f5bc7a23a128ba1e13f17f
24,t14_1_n105_irregular_level4,105,irregular,4,94,0.04204659506920394,0.64339736294043903,false,3936d0a243fbe978c851341f2cb04a7edcdf754149f5bc7a23a128ba1e13f17f
24,t14_1_n105_irregular_level4,105,irregular,4,95,0.026655375047897042,0.40788078049550458,false,3936d0a243fbe978c851341f2cb04a7edcdf754149f5bc7a23a128ba1e13f17f
24,t14_1_n105_irregular_level4,105,irregular,4,96,0.048281781708177957,0.73880824304510706,false,3936d0a243fbe978c851341f2cb04a7edcdf754149f5bc7a23a128ba1e13f17f
24,t14_1_n105_irregular_level4,105,irregular,4,97,0.045224283742186969,0.69202238261392135,false,3936d0a243fbe978c851341f2cb04a7edcdf754149f5bc7a23a128ba1e13f17f
24,t14_1_n105_irregular_level4,105,irregular,4,98,0.025939304820336573,0.3969234676540182,false,3936d0a243fbe978c851341f2cb04a7edcdf754149f5bc7a23a128ba1e13f17f
24,t14_1_n105_irregular_level4,105,irregular,4,99,0.024716272281533992,0.37820861312273474,false,3936d0a243fbe978c851341f2cb04a7edcdf754149f5bc7a23a128ba1e13f17f
24,t14_1_n105_irregular_level4,105,irregular,4,100,0.034862810273305227,0.53347102559955528,false,3936d0a243fbe978c851341f2cb04a7edcdf754149f5bc7a23a128ba1e13f17f
24,t14_1_n105_irregular_level4,105,irregular,4,101,0.028254258132672596,0.4323469033456786,false,3936d0a243fbe978c851341f2cb04a7edcdf754149f5bc7a23a128ba1e13f17f
24,t14_1_n105_irregular_level4,105,irregular,4,102,0.02660847237808377,0.40716307543465347,false,3936d0a243fbe978c851341f2cb04a7edcdf754149f5bc7a23a128ba1e13f17f
24,t14_1_n105_irregular_level4,105,irregular,4,103,0.018976214027166243,0.29037419185969976,false,3936d0a243fbe978c851341f2cb04a7edcdf754149f5bc7a23a128ba1e13f17f
24,t14_1_n105_irregular_level4,105,irregular,4,104,0.020096726695967095,0.30752028644979068,false,3936d0a243fbe978c851341f2cb04a7edcdf754149f5bc7a23a128ba1e13f17f
