scale_order,case_id,particle_count,family,target_level,triangular_rows,radius,k,ka,energy_density,f0,f1,geometry_factor,lambda_target,distance_ratio,minimum_distance,overlap_margin,cluster_diameter,k_cluster_diameter,coordinates_xyz,coordinate_sha256,lambda_min,lambda_mean,lambda_median,lambda_std,lambda_p10,lambda_p90,lambda_max,lambda_mean_over_max,fraction_ge_0_9_max,first_argmax,local_coupling_serialized,local_coupling_sha256,rho_l1,provenance,model_e_response_consulted
1,t14_1_n45_linear_level1,45,linear,1,9,1,0.10000000000000001,0.10000000000000001,1,0,0.80000000000000004,2.4021394720167319,0.0031111241226691642,8.5164177438405186,8.5164177438405062,6.5164177438405062,374.72238072898284,37.472238072898286,-187.36119036449142:0:0;-178.8447726206509:0:0;-170.32835487681038:0:0;-161.81193713296986:0:0;-153.29551938912934:0:0;-144.77910164528882:0:0;-136.2626839014483:0:0;-127.74626615760778:0:0;-119.22984841376726:0:0;-110.71343066992674:0:0;-102.19701292608622:0:0;-93.68059518224571:0:0;-85.16417743840519:0:0;-76.64775969456467:0:0;-68.131341950724149:0:0;-59.614924206883629:0:0;-51.098506463043108:0:0;-42.582088719202595:0:0;-34.065670975362075:0:0;-25.549253231521554:0:0;-17.032835487681037:0:0;-8.5164177438405186:0:0;0:0:0;8.5164177438405186:0:0;17.032835487681037:0:0;25.549253231521554:0:0;34.065670975362075:0:0;42.582088719202595:0:0;51.098506463043108:0:0;59.614924206883629:0:0;68.131341950724149:0:0;76.64775969456467:0:0;85.16417743840519:0:0;93.68059518224571:0:0;102.19701292608622:0:0;110.71343066992674:0:0;119.22984841376726:0:0;127.74626615760778:0:0;136.2626839014483:0:0;144.77910164528882:0:0;153.29551938912934:0:0;161.81193713296986:0:0;170.32835487681038:0:0;178.8447726206509:0:0;187.36119036449142:0:0,e5965f2c3df7df8549bc72dbb70b57b04b0ed4992e951ec6640f21ad14cde195,0.0015565136132680659,0.0030196348494616913,0.0031082169023223085,0.00032037478905944051,0.0030135226779719822,0.0031110311744152767,0.0031111241226691655,0.97059285660098271,0.9555555555555556,22,0.0015565136132680659;0.0028516455723034072;0.0030135226779719822;0.0030614736102216843;0.0030816914928819281;0.0030920324335126904;0.0030980066515965505;0.0031017589877867127;0.0031042630030777701;0.0031060118514847999;0.0031072767911339456;0.0031082169023223085;0.0031089303694034568;0.0031094803517780559;0.0031099088697403858;0.0031102446486345357;0.003110507742930437;0.0031107123602368836;0.0031108686359322766;0.003110983772029105;0.003111062776006058;0.003111108937300433;0.0031111241226691655;0.003111108937300433;0.0031110627760060584;0.003110983772029105;0.0031108686359322766;0.0031107123602368836;0.0031105077429304374;0.0031102446486345361;0.0031099088697403867;0.0031094803517780563;0.0031089303694034568;0.0031082169023223089;0.0031072767911339452;0.0031060118514847999;0.0031042630030777701;0.0031017589877867131;0.0030980066515965505;0.0030920324335126908;0.0030816914928819285;0.0030614736102216843;0.0030135226779719822;0.0028516455723034068;0.0015565136132680659,482f5077b88e5c561e9273886fa427eda1d951dd444823293c443e2a82f52e3d,0.0019644978225521765,pre_registered_large_n_uniform_dilation,false
2,t14_1_n45_linear_level2,45,linear,2,9,1,0.10000000000000001,0.10000000000000001,1,0,0.80000000000000004,2.4021394720167319,0.011108933664494051,5.571925201209786,5.5719252012097797,3.5719252012097797,245.16470885323059,24.516470885323059,-122.5823544266153:0:0;-117.0104292254055:0:0;-111.43850402419572:0:0;-105.86657882298593:0:0;-100.29465362177615:0:0;-94.722728420566355:0:0;-89.150803219356575:0:0;-83.578878018146796:0:0;-78.006952816937002:0:0;-72.435027615727222:0:0;-66.863102414517428:0:0;-61.291177213307648:0:0;-55.719252012097861:0:0;-50.147326810888075:0:0;-44.575401609678288:0:0;-39.003476408468501:0:0;-33.431551207258714:0:0;-27.859626006048931:0:0;-22.287700804839144:0:0;-16.715775603629357:0:0;-11.143850402419572:0:0;-5.571925201209786:0:0;0:0:0;5.571925201209786:0:0;11.143850402419572:0:0;16.715775603629357:0:0;22.287700804839144:0:0;27.859626006048931:0:0;33.431551207258714:0:0;39.003476408468501:0:0;44.575401609678288:0:0;50.147326810888075:0:0;55.719252012097861:0:0;61.291177213307648:0:0;66.863102414517428:0:0;72.435027615727222:0:0;78.006952816937002:0:0;83.578878018146796:0:0;89.150803219356575:0:0;94.722728420566355:0:0;100.29465362177615:0:0;105.86657882298593:0:0;111.43850402419572:0:0;117.0104292254055:0:0;122.5823544266153:0:0,b57486e07c385547de981a75d2a6385ef88b37c8d6373dde5a55d14c44e6901f,0.0055578645518141491,0.010782251659212113,0.011098552812844331,0.0011439666625657409,0.010760426844467357,0.011108601772886405,0.011108933664494058,0.97059285660098293,0.9555555555555556,22,0.0055578645518141491;0.010182410038397378;0.010760426844467359;0.010931645897294983;0.011003838168787026;0.011040762707624474;0.011062094930246945;0.011075493448653703;0.011084434570468978;0.011090679207512348;0.011095195944903021;0.011098552812844333;0.011101100399556979;0.011103064229180986;0.011104594344158683;0.011105793314471009;0.011106732748889382;0.011107463378717793;0.01110802139449121;0.0111084325125346;0.011108714613120945;0.011108879441889215;0.011108933664494058;0.011108879441889215;0.011108714613120942;0.011108432512534598;0.011108021394491211;0.011107463378717795;0.011106732748889382;0.011105793314471007;0.01110459434415868;0.011103064229180984;0.011101100399556975;0.011098552812844331;0.011095195944903019;0.01109067920751235;0.01108443457046898;0.011075493448653703;0.011062094930246945;0.011040762707624474;0.011003838168787026;0.010931645897294983;0.010760426844467357;0.010182410038397378;0.0055578645518141491,c57df6f020d57a13709f359dd73a8b94f484cfd26b826b8476ad6742921afea2,0.0064001876246442555,pre_registered_large_n_uniform_dilation,false
3,t14_1_n45_linear_level3,45,linear,3,9,1,0.10000000000000001,0.10000000000000001,1,0,0.80000000000000004,2.4021394720167319,0.025457132710914911,4.2262927164077695,4.2262927164077695,2.2262927164077695,185.95687952194186,18.595687952194186,-92.978439760970929:0:0;-88.752147044563159:0:0;-84.52585432815539:0:0;-80.29956161174762:0:0;-76.073268895339851:0:0;-71.846976178932081:0:0;-67.620683462524312:0:0;-63.394390746116542:0:0;-59.168098029708773:0:0;-54.941805313301003:0:0;-50.715512596893234:0:0;-46.489219880485464:0:0;-42.262927164077695:0:0;-38.036634447669925:0:0;-33.810341731262156:0:0;-29.584049014854386:0:0;-25.357756298446617:0:0;-21.131463582038847:0:0;-16.905170865631078:0:0;-12.678878149223308:0:0;-8.452585432815539:0:0;-4.2262927164077695:0:0;0:0:0;4.2262927164077695:0:0;8.452585432815539:0:0;12.678878149223308:0:0;16.905170865631078:0:0;21.131463582038847:0:0;25.357756298446617:0:0;29.584049014854386:0:0;33.810341731262156:0:0;38.036634447669925:0:0;42.262927164077695:0:0;46.489219880485464:0:0;50.715512596893234:0:0;54.941805313301003:0:0;59.168098029708773:0:0;63.394390746116542:0:0;67.620683462524312:0:0;71.846976178932081:0:0;76.073268895339851:0:0;80.29956161174762:0:0;84.52585432815539:0:0;88.752147044563159:0:0;92.978439760970929:0:0,2bc5843375f7490473b6b44eb85940d33c1434d81255781648004678086fefed,0.012736352539131565,0.024708511158757242,0.025433344044416325,0.0026215037397223236,0.024658497609110801,0.025456372151084716,0.025457132710914928,0.97059285660098282,0.9555555555555556,22,0.012736352539131565;0.023333919482562703;0.024658497609110801;0.025050861654311758;0.025216296815919505;0.025300912757814861;0.025349797487773593;0.025380501412336706;0.025400990806864594;0.025415300961083322;0.025425651475961472;0.025433344044416328;0.025439182071268898;0.025443682365614867;0.025447188763368839;0.025449936312978833;0.025452089112462901;0.025453763417222143;0.02545504216116173;0.025455984275581201;0.025456630734753724;0.025457008454880178;0.025457132710914928;0.025457008454880178;0.025456630734753724;0.025455984275581201;0.025455042161161723;0.025453763417222133;0.025452089112462897;0.02544993631297883;0.025447188763368829;0.025443682365614867;0.025439182071268898;0.025433344044416325;0.025425651475961472;0.025415300961083333;0.025400990806864601;0.02538050141233671;0.025349797487773593;0.025300912757814861;0.025216296815919505;0.025050861654311758;0.024658497609110801;0.0233339194825627;0.012736352539131565,4d53419d0cba7cf9300770d9c4c1d6f12a22f410636fd3e3b038664f3711d1a1,0.01404571146679723,pre_registered_large_n_uniform_dilation,false
4,t14_1_n45_linear_level4,45,linear,4,9,1,0.10000000000000001,0.10000000000000001,1,0,0.80000000000000004,2.4021394720167319,0.065350897425260762,3.0865895648047825,3.0865895648047825,1.0865895648047825,135.80994085141043,13.580994085141043,-67.904970425705216:0:0;-64.818380860900433:0:0;-61.731791296095651:0:0;-58.645201731290868:0:0;-55.558612166486085:0:0;-52.472022601681303:0:0;-49.38543303687652:0:0;-46.298843472071738:0:0;-43.212253907266955:0:0;-40.125664342462173:0:0;-37.03907477765739:0:0;-33.952485212852608:0:0;-30.865895648047825:0:0;-27.779306083243043:0:0;-24.69271651843826:0:0;-21.606126953633478:0:0;-18.519537388828695:0:0;-15.432947824023913:0:0;-12.34635825921913:0:0;-9.2597686944143476:0:0;-6.1731791296095651:0:0;-3.0865895648047825:0:0;0:0:0;3.0865895648047825:0:0;6.1731791296095651:0:0;9.2597686944143476:0:0;12.34635825921913:0:0;15.432947824023913:0:0;18.519537388828695:0:0;21.606126953633478:0:0;24.69271651843826:0:0;27.779306083243043:0:0;30.865895648047825:0:0;33.952485212852608:0:0;37.03907477765739:0:0;40.125664342462173:0:0;43.212253907266955:0:0;46.298843472071738:0:0;49.38543303687652:0:0;52.472022601681303:0:0;55.558612166486085:0:0;58.645201731290868:0:0;61.731791296095651:0:0;64.818380860900433:0:0;67.904970425705216:0:0,b483c71e618e815fcb620e1cb669f025e2f718ad6bd2dd7f005062ff7acd50dd,0.032695436591721048,0.063429114213421678,0.065289829640373623,0.0067296511331410638,0.063300724642218462,0.065348944995345978,0.065350897425260776,0.97059285660098293,0.9555555555555556,22,0.032695436591721048;0.059900405750740363;0.063300724642218462;0.064307960718742285;0.064732648620538999;0.064949865846144872;0.065075357629114788;0.065154177543653588;0.065206775781456061;0.065243511317665412;0.06527008208051531;0.065289829640373623;0.065304816414349348;0.065316369100880331;0.065325370359684817;0.065332423582637036;0.065337950025063138;0.065342248125710295;0.065345530783854799;0.065347949281785778;0.065349608804386103;0.065350578448120908;0.065350897425260776;0.065350578448120908;0.065349608804386103;0.065347949281785764;0.065345530783854799;0.065342248125710295;0.065337950025063138;0.065332423582637036;0.065325370359684845;0.065316369100880331;0.065304816414349348;0.065289829640373651;0.065270082080515324;0.065243511317665412;0.065206775781456061;0.065154177543653588;0.065075357629114788;0.064949865846144872;0.064732648620539013;0.064307960718742285;0.063300724642218462;0.059900405750740363;0.032695436591721048,06b8757f6e8c7fb4bb6f8e40bbd2abbbff6c7afa2cfbcc705c7b6f8c5b0e41c3,0.034782142965849201,pre_registered_large_n_uniform_dilation,false
5,t14_1_n45_compact_level1,45,compact,1,9,1,0.10000000000000001,0.10000000000000001,1,0,0.80000000000000004,8.8057310393961092,0.0031111241226691642,13.131450120481357,13.131450120481356,11.131450120481356,105.05160096385089,10.50516009638509,-52.525800481925444:-30.325785047640231:0;-39.394350361444083:-30.325785047640231:0;-26.262900240962722:-30.325785047640231:0;-13.131450120481361:-30.325785047640231:0;3.8876902054600503e-16:-30.325785047640231:0;13.131450120481361:-30.325785047640231:0;26.262900240962722:-30.325785047640231:0;39.394350361444083:-30.325785047640231:0;52.525800481925444:-30.325785047640231:0;-45.960075421684763:-18.953615654775145:0;-32.828625301203402:-18.953615654775145:0;-19.697175180722041:-18.953615654775145:0;-6.5657250602406805:-18.953615654775145:0;6.5657250602406805:-18.953615654775145:0;19.697175180722041:-18.953615654775145:0;32.828625301203402:-18.953615654775145:0;45.960075421684763:-18.953615654775145:0;-39.394350361444083:-7.5814462619100622:0;-26.262900240962722:-7.5814462619100622:0;-13.131450120481361:-7.5814462619100622:0;3.8876902054600503e-16:-7.5814462619100622:0;13.131450120481361:-7.5814462619100622:0;26.262900240962722:-7.5814462619100622:0;39.394350361444083:-7.5814462619100622:0;-32.828625301203402:3.7907231309550262:0;-19.697175180722041:3.7907231309550262:0;-6.5657250602406805:3.7907231309550262:0;6.5657250602406805:3.7907231309550262:0;19.697175180722041:3.7907231309550262:0;32.828625301203402:3.7907231309550262:0;-26.262900240962722:15.162892523820107:0;-13.131450120481361:15.162892523820107:0;3.8876902054600503e-16:15.162892523820107:0;13.131450120481361:15.162892523820107:0;26.262900240962722:15.162892523820107:0;-19.697175180722041:26.535061916685191:0;-6.5657250602406805:26.535061916685191:0;6.5657250602406805:26.535061916685191:0;19.697175180722041:26.535061916685191:0;-13.131450120481361:37.907231309550284:0;3.8876902054600503e-16:37.907231309550284:0;13.131450120481361:37.907231309550284:0;-6.5657250602406805:49.279400702415366:0;6.5657250602406805:49.279400702415366:0;3.8876902054600503e-16:60.651570095280448:0,64da48a6abd35b90219eef07391a5d009ec646d5432ee8e4f4f606fe20523740,0.0010166902164944127,0.0023564096764948864,0.0020808340108938459,0.00059297458556199865,0.0018176753103980765,0.0030674013252503774,0.0031111241226691655,0.75741422829289839,0.40000000000000002,20,0.0010166902164944127;0.0018176753103980765;0.0019991873890866352;0.0020635856652366485;0.0020808340108938446;0.0020635856652366489;0.0019991873890866357;0.0018176753103980765;0.0010166902164944127;0.001817675310398077;0.0026824343692210574;0.0028763502219194708;0.0029370319648063859;0.0029370319648063855;0.0028763502219194704;0.0026824343692210574;0.0018176753103980765;0.001999187389086637;0.0028763502219194717;0.0030674013252503774;0.0031111241226691655;0.0030674013252503774;0.0028763502219194708;0.0019991873890866365;0.0020635856652366485;0.0029370319648063868;0.0031111241226691655;0.0031111241226691655;0.0029370319648063864;0.0020635856652366489;0.0020808340108938459;0.0029370319648063872;0.0030674013252503778;0.0029370319648063868;0.0020808340108938463;0.0020635856652366489;0.0028763502219194704;0.0028763502219194704;0.0020635856652366489;0.0019991873890866352;0.0026824343692210565;0.0019991873890866352;0.0018176753103980781;0.0018176753103980776;0.0010166902164944135,067e41ff14040805e741d36659ae96314bd0918761b2dceb59971a6152c15d82,0.001877742531234733,pre_registered_large_n_uniform_dilation,false
6,t14_1_n45_compact_level2,45,compact,2,9,1,0.10000000000000001,0.10000000000000001,1,0,0.80000000000000004,8.8057310393961092,0.011108933664494051,8.5913420472660089,8.5913420472660071,6.5913420472660071,68.730736378128086,6.8730736378128086,-34.365368189064043:-19.84085457475673:0;-25.774026141798036:-19.84085457475673:0;-17.182684094532021:-19.84085457475673:0;-8.5913420472660107:-19.84085457475673:0;2.5435482008813208e-16:-19.84085457475673:0;8.5913420472660107:-19.84085457475673:0;17.182684094532021:-19.84085457475673:0;25.774026141798036:-19.84085457475673:0;34.365368189064043:-19.84085457475673:0;-30.069697165431037:-12.400534109222956:0;-21.478355118165027:-12.400534109222956:0;-12.887013070899018:-12.400534109222956:0;-4.2956710236330053:-12.400534109222956:0;4.2956710236330053:-12.400534109222956:0;12.887013070899018:-12.400534109222956:0;21.478355118165027:-12.400534109222956:0;30.069697165431037:-12.400534109222956:0;-25.774026141798036:-4.960213643689185:0;-17.182684094532021:-4.960213643689185:0;-8.5913420472660107:-4.960213643689185:0;2.5435482008813208e-16:-4.960213643689185:0;8.5913420472660107:-4.960213643689185:0;17.182684094532021:-4.960213643689185:0;25.774026141798036:-4.960213643689185:0;-21.478355118165027:2.4801068218445894:0;-12.887013070899018:2.4801068218445894:0;-4.2956710236330053:2.4801068218445894:0;4.2956710236330053:2.4801068218445894:0;12.887013070899018:2.4801068218445894:0;21.478355118165027:2.4801068218445894:0;-17.182684094532021:9.9204272873783594:0;-8.5913420472660107:9.9204272873783594:0;2.5435482008813208e-16:9.9204272873783594:0;8.5913420472660107:9.9204272873783594:0;17.182684094532021:9.9204272873783594:0;-12.887013070899018:17.360747752912129:0;-4.2956710236330053:17.360747752912129:0;4.2956710236330053:17.360747752912129:0;12.887013070899018:17.360747752912129:0;-8.5913420472660107:24.801068218445906:0;2.5435482008813208e-16:24.801068218445906:0;8.5913420472660107:24.801068218445906:0;-4.2956710236330053:32.241388683979679:0;4.2956710236330053:32.241388683979679:0;2.5435482008813208e-16:39.681709149513452:0,75d1d50288b8152e23126f30fb3a0a3bfb1abed5fca81c41c0d3099629b716b2,0.0036303097295541627,0.008414064418649763,0.0074300626019416956,0.0021173425025831365,0.0064903982131953412,0.010952812070819185,0.011108933664494057,0.75741422829289817,0.40000000000000002,27,0.0036303097295541649;0.0064903982131953421;0.0071385258872933011;0.0073684736970401205;0.0074300626019416895;0.0073684736970401196;0.0071385258872933011;0.0064903982131953421;0.0036303097295541649;0.0064903982131953447;0.0095782052698912771;0.010270623270325248;0.010487300403669022;0.010487300403669022;0.010270623270325246;0.0095782052698912771;0.0064903982131953447;0.0071385258872933028;0.010270623270325244;0.010952812070819183;0.011108933664494051;0.010952812070819187;0.010270623270325246;0.0071385258872933028;0.0073684736970401196;0.010487300403669023;0.011108933664494055;0.011108933664494057;0.010487300403669022;0.0073684736970401196;0.0074300626019416964;0.010487300403669029;0.010952812070819195;0.010487300403669029;0.0074300626019416956;0.0073684736970401205;0.010270623270325248;0.010270623270325248;0.0073684736970401205;0.0071385258872933002;0.0095782052698912736;0.0071385258872933002;0.0064903982131953412;0.0064903982131953412;0.0036303097295541627,4e5d8fe79669e836acc798fd04435732233d9e52fb960586427f0ea10ddee9b2,0.0062319700340504134,pre_registered_large_n_uniform_dilation,false
7,t14_1_n45_compact_level3,45,compact,3,9,1,0.10000000000000001,0.10000000000000001,1,0,0.80000000000000004,8.8057310393961092,0.025457132710914911,6.5165135940167609,6.5165135940167591,4.5165135940167591,52.132108752134101,5.2132108752134103,-26.066054376067051:-15.049243510733735:0;-19.54954078205029:-15.049243510733735:0;-13.033027188033525:-15.049243510733735:0;-6.5165135940167627:-15.049243510733735:0;1.92927558196273e-16:-15.049243510733735:0;6.5165135940167627:-15.049243510733735:0;13.033027188033525:-15.049243510733735:0;19.54954078205029:-15.049243510733735:0;26.066054376067051:-15.049243510733735:0;-22.807797579058668:-9.4057771942085857:0;-16.291283985041904:-9.4057771942085857:0;-9.7747703910251449:-9.4057771942085857:0;-3.2582567970083813:-9.4057771942085857:0;3.2582567970083813:-9.4057771942085857:0;9.7747703910251449:-9.4057771942085857:0;16.291283985041904:-9.4057771942085857:0;22.807797579058668:-9.4057771942085857:0;-19.54954078205029:-3.762310877683436:0;-13.033027188033525:-3.762310877683436:0;-6.5165135940167627:-3.762310877683436:0;1.92927558196273e-16:-3.762310877683436:0;6.5165135940167627:-3.762310877683436:0;13.033027188033525:-3.762310877683436:0;19.54954078205029:-3.762310877683436:0;-16.291283985041904:1.8811554388417155:0;-9.7747703910251449:1.8811554388417155:0;-3.2582567970083813:1.8811554388417155:0;3.2582567970083813:1.8811554388417155:0;9.7747703910251449:1.8811554388417155:0;16.291283985041904:1.8811554388417155:0;-13.033027188033525:7.5246217553668631:0;-6.5165135940167627:7.5246217553668631:0;1.92927558196273e-16:7.5246217553668631:0;6.5165135940167627:7.5246217553668631:0;13.033027188033525:7.5246217553668631:0;-9.7747703910251449:13.168088071892011:0;-3.2582567970083813:13.168088071892011:0;3.2582567970083813:13.168088071892011:0;9.7747703910251449:13.168088071892011:0;-6.5165135940167627:18.811554388417164:0;1.92927558196273e-16:18.811554388417164:0;6.5165135940167627:18.811554388417164:0;-3.2582567970083813:24.455020704942314:0;3.2582567970083813:24.455020704942314:0;1.92927558196273e-16:30.098487021467463:0,1b3d395c00ef72cc0f379119945517c4ca8b3d6ab840e9680cc4bb518dd0fe22,0.0083191852033797399,0.019281594526787522,0.017026664792551906,0.0048520830811149248,0.014873338310416852,0.025099365867646821,0.025457132710914918,0.75741422829289839,0.40000000000000002,26,0.0083191852033797416;0.014873338310416854;0.016358581873069804;0.016885528210684422;0.017026664792551896;0.016885528210684422;0.016358581873069804;0.014873338310416852;0.0083191852033797416;0.014873338310416852;0.021949329256266834;0.023536068133357502;0.024032603507997737;0.024032603507997741;0.023536068133357509;0.021949329256266841;0.014873338310416857;0.016358581873069798;0.023536068133357502;0.025099365867646817;0.025457132710914911;0.025099365867646824;0.023536068133357499;0.016358581873069798;0.016885528210684432;0.024032603507997741;0.025457132710914918;0.025457132710914918;0.024032603507997744;0.016885528210684432;0.017026664792551906;0.024032603507997751;0.025099365867646842;0.024032603507997748;0.017026664792551906;0.016885528210684422;0.023536068133357495;0.023536068133357499;0.016885528210684422;0.016358581873069798;0.021949329256266831;0.016358581873069798;0.014873338310416854;0.014873338310416854;0.0083191852033797399,5a232d618bc0a67da42ac7478159db4ae24372f2528b7e84922717b0bfbbaf97,0.013455922354334056,pre_registered_large_n_uniform_dilation,false
8,t14_1_n45_compact_level4,45,compact,4,9,1,0.10000000000000001,0.10000000000000001,1,0,0.80000000000000004,8.8057310393961092,0.065350897425260762,4.759207231461434,4.7592072314614331,2.7592072314614331,38.073657851691479,3.8073657851691483,-19.036828925845739:-10.990918304853894:0;-14.277621694384306:-10.990918304853894:0;-9.5184144629228697:-10.990918304853894:0;-4.7592072314614349:-10.990918304853894:0;1.4090083859549415e-16:-10.990918304853894:0;4.7592072314614349:-10.990918304853894:0;9.5184144629228697:-10.990918304853894:0;14.277621694384306:-10.990918304853894:0;19.036828925845739:-10.990918304853894:0;-16.657225310115024:-6.8693239405336843:0;-11.898018078653587:-6.8693239405336843:0;-7.1388108471921532:-6.8693239405336843:0;-2.3796036157307174:-6.8693239405336843:0;2.3796036157307174:-6.8693239405336843:0;7.1388108471921532:-6.8693239405336843:0;11.898018078653587:-6.8693239405336843:0;16.657225310115024:-6.8693239405336843:0;-14.277621694384306:-2.7477295762134748:0;-9.5184144629228697:-2.7477295762134748:0;-4.7592072314614349:-2.7477295762134748:0;1.4090083859549415e-16:-2.7477295762134748:0;4.7592072314614349:-2.7477295762134748:0;9.5184144629228697:-2.7477295762134748:0;14.277621694384306:-2.7477295762134748:0;-11.898018078653587:1.3738647881067356:0;-7.1388108471921532:1.3738647881067356:0;-2.3796036157307174:1.3738647881067356:0;2.3796036157307174:1.3738647881067356:0;7.1388108471921532:1.3738647881067356:0;11.898018078653587:1.3738647881067356:0;-9.5184144629228697:5.4954591524269434:0;-4.7592072314614349:5.4954591524269434:0;1.4090083859549415e-16:5.4954591524269434:0;4.7592072314614349:5.4954591524269434:0;9.5184144629228697:5.4954591524269434:0;-7.1388108471921532:9.617053516747152:0;-2.3796036157307174:9.617053516747152:0;2.3796036157307174:9.617053516747152:0;7.1388108471921532:9.617053516747152:0;-4.7592072314614349:13.738647881067363:0;1.4090083859549415e-16:13.738647881067363:0;4.7592072314614349:13.738647881067363:0;-2.3796036157307174:17.860242245387575:0;2.3796036157307174:17.860242245387575:0;1.4090083859549415e-16:21.981836609707784:0,68509ab51a4d7e058bcd229640a1986e68579be5e6b25856dbb52386c8360776,0.021356145056144346,0.049497699541602241,0.043709078983403246,0.012455761901136295,0.038181283702799211,0.06443247567910125,0.065350897425260762,0.75741422829289839,0.40000000000000002,26,0.021356145056144363;0.038181283702799218;0.041994046153962697;0.043346767862613919;0.043709078983403211;0.043346767862613926;0.041994046153962683;0.038181283702799218;0.021356145056144363;0.038181283702799218;0.056346030052495125;0.060419340694937033;0.061693994549501509;0.061693994549501502;0.060419340694937033;0.056346030052495125;0.038181283702799218;0.041994046153962676;0.060419340694937033;0.06443247567910125;0.065350897425260734;0.06443247567910125;0.06041934069493702;0.041994046153962683;0.043346767862613933;0.06169399454950153;0.065350897425260762;0.065350897425260748;0.06169399454950153;0.043346767862613933;0.043709078983403246;0.061693994549501543;0.064432475679101306;0.061693994549501543;0.043709078983403246;0.043346767862613933;0.06041934069493702;0.06041934069493702;0.043346767862613933;0.041994046153962676;0.056346030052495104;0.041994046153962683;0.038181283702799204;0.038181283702799211;0.021356145056144346,5d94d6b252893a1f2972000e51666610e14364c77efb56ea39fc052f3bd71ab8,0.03218733051435755,pre_registered_large_n_uniform_dilation,false
9,t14_1_n45_irregular_level1,45,irregular,1,9,1,0.10000000000000001,0.10000000000000001,1,0,0.80000000000000004,3.2599124985010284,0.0031111241226691642,9.4288674517217412,9.4288674517217412,7.4288674517217412,118.47527156267741,11.847527156267741,-60.282366503549348:-35.911852235302071:0;-42.752911732799042:-33.243853068074792:0;-29.076831714739807:-31.666542797171452:0;-15.777263124218114:-34.689560389917823:0;2.0219366213986323:-35.586454787108067:0;12.474335220868412:-32.361565664947904:0;31.037389978270227:-32.190524056357845:0;43.025853099555526:-35.453910945064059:0;58.188501975464867:-34.890434750492517:0;-49.72128497268465:-19.099841860602432:0;-38.539751419587866:-20.369290000569155:0;-19.717973084198835:-23.220125266841109:0;-8.9027264410261076:-21.309015770629923:0;8.0149455985151281:-18.888329915577433:0;22.464748836272893:-21.344283439492131:0;35.048056577257547:-23.212187277402919:0;53.302946411642942:-20.33580900143464:0;-45.897689722216278:-6.4612833939046297:0;-27.67721152502051:-9.6123683136210545:0;-15.034838536012824:-10.123620557308266:0;-0.65200516479323378:-6.8574638156776073:0;16.321550873555221:-7.0813528091346418:0;27.107846278673595:-10.297116980949241:0;45.923433457442243:-9.3494290278465062:0;-37.830971497879013:6.3070633886218461:0;-21.603747867989217:4.6835866061624909:0;-6.374701478784826:2.0465360032684399:0;5.561536501565028:4.2635558383051428:0;24.147834668170997:6.4016032294033893:0;34.612562668598002:3.7033551715654349:0;-27.996542110929092:14.82665736134431:0;-14.633083038997725:17.869439659132826:0;-1.0222607193242086:18.71530529290024:0;16.555313996004585:15.482136936616874:0;27.076863242607484:15.363987567974917:0;-20.009429996864384:31.277781096489026:0;-8.266794405548664:30.662228720751905:0;7.2148681795165794:27.541015022778247:0;23.202095582340778:28.859085091580543:0;-16.558134530424724:44.337662031150813:0;2.2239849866123618:42.383848058615591:0;12.908404272446328:39.999064689071453:0;-6.4387533462029536:55.143674121239059:0;7.6883698475457498:56.967882449410318:0;-1.3561059405337239:66.720747789045376:0,04fb75e7df1b001aa99ca200cab082dfa0f132788619ac893cfca3a9cf7a6045,0.00043204595612501839,0.0018646972142847054,0.00191652686089039,0.00057961263663586097,0.0011824454318146655,0.0025898017668017459,0.0031111241226691655,0.59936445502049029,0.022222222222222223,28,0.00043204595612501839;0.001283769179803259;0.0017578881482348001;0.001589576108814141;0.0014815933420508076;0.0017754656817352398;0.0021420573672309403;0.0013156623378487392;0.00067936366869128333;0.0015429412310661397;0.0020467053097426072;0.002579490370857437;0.0023233316742352138;0.0020180876357085912;0.0023849318709585022;0.0023989783722199913;0.0010856993301294026;0.0012716295878936639;0.00191652686089039;0.0024174032477027544;0.0026081302831897522;0.0023537026005471164;0.0023604056441735438;0.0011618864782497213;0.0013153512136777797;0.0020931274038753071;0.0026006081255792999;0.002334830431581785;0.0031111241226691655;0.001843893390169718;0.0017915905420346333;0.0021212579867483151;0.002252321365244708;0.0025966760307646183;0.0027754489938130004;0.0017029680097974183;0.002181767982991406;0.0021784006939142564;0.0014253964112838004;0.001252708165080274;0.0019923878474842577;0.0017843013046687781;0.0014409376598953391;0.0012132838621620819;0.00097572081127674556,0d45516ef6e6b806f0d68b5ce5885b9357c6ff041033b326913fe2d1fa5735c9,0.0014486909958741228,pre_registered_large_n_uniform_dilation,false
10,t14_1_n45_irregular_level2,45,irregular,2,9,1,0.10000000000000001,0.10000000000000001,1,0,0.80000000000000004,3.2599124985010284,0.011108933664494051,6.1689017323172415,6.1689017323172415,4.1689017323172415,77.513265694099715,7.7513265694099722,-39.440155146525328:-23.495577660774352:0;-27.971388143961089:-21.75002075600273:0;-19.023718220007577:-20.718054603927847:0;-10.32238350115332:-22.69588476860083:0;1.3228660165441248:-23.282684130121417:0;8.1614200801464509:-21.172778121357641:0;20.306427021475901:-21.060872966159302:0;28.149961920591885:-23.19596640490364:0;38.070229799639762:-22.827308208083068:0;-32.530494523499158:-12.496203615561535:0;-25.214898874409133:-13.326748839558467:0;-12.900620243069319:-15.191927526469035:0;-5.8246703377258617:-13.941570922964939:0;5.2438335823757818:-12.357820462892205:0;14.697717273228813:-13.964645039199242:0;22.930433378222585:-15.186734041986714:0;34.873821287662018:-13.304843664348597:0;-30.028880890147338:-4.2273393412029048:0;-18.108007032300836:-6.2889584401507648:0;-9.8366470803429706:-6.623448755968834:0;-0.42657888777917968:-4.4865431217947309:0;10.678487524988295:-4.6330240439898631:0;17.735495882632552:-6.7369599908896545:0;30.045723906940708:-6.1169285941682903:0;-24.751174709311975:4.1264398362922474:0;-14.134401435778782:3.0642689247835109:0;-4.1706925245088833:1.3389603322408505:0;3.638673715005424:2.7894608903372755:0;15.79888781753834:4.1882931808807067:0;22.645508476976584:2.4229457302514463:0;-18.316931276350275:9.7004431072121431:0;-9.5737957682215082:11.691204466834847:0;-0.66882114470359255:12.244617907014511:0;10.831428664357736:10.129295152073492:0;17.715225017033969:10.051995110618943:0;-13.091307943648888:20.463704572911077:0;-5.4086074059496303:20.060975174448348:0;4.7203773983409958:18.018899528889659:0;15.180131480706729:18.881255986055173:0;-10.833274018506529:29.008221985443011:0;1.4550575566798643:27.729925682996075:0;8.4454127587937009:26.169664672338236:0;-4.2125989016954337:36.078130120572631:0;5.0301691389839158:37.271631033952033:0;-0.88724168926954117:43.6525106249304:0,4330664d98bcda6a24fac413445885c97b0300320e45f3b9c79c454b7d3053dc,0.001542712433629291,0.0066582999716782547,0.0068433688031663241,0.0020696308079042789,0.0042221741550586122,0.0092474407632785645,0.011108933664494055,0.59936445502049007,0.022222222222222223,28,0.001542712433629291;0.0045839722546077537;0.0062769153715366904;0.005675921259075613;0.0052903457096651176;0.0063396797119945336;0.0076486736818760226;0.0046978535923843014;0.0024258131890552426;0.0055094014601452272;0.007308198779671829;0.0092106217200591031;0.0082959523413529482;0.0072060132576736748;0.0085159090104336074;0.0085660650455448763;0.0038767215200805152;0.0045406252469280929;0.0068433688031663241;0.0086318550016649745;0.0093128866486546415;0.0084043982253566712;0.0084283328753610252;0.0041487640169994358;0.0046967426570309317;0.0074739587892225295;0.0092860271770895241;0.0083370111122507123;0.011108933664494055;0.0065840154709805076;0.0063972569722876771;0.0075744050481174295;0.0080423948550659759;0.0092719867920915376;0.0099103338683263695;0.0060808112783890776;0.007790468923359598;0.007778445297971376;0.005089682556597714;0.0044730622624299197;0.0071142466706399406;0.0063712291922412238;0.0051451759066158051;0.0043322893621473768;0.0034840197112548086,ddb465714fdfd2453935b7db01aea94b0f5d883795a13eeb59df29b65dc3e859,0.0050019926209900201,pre_registered_large_n_uniform_dilation,false
11,t14_1_n45_irregular_level3,45,irregular,3,9,1,0.10000000000000001,0.10000000000000001,1,0,0.80000000000000004,3.2599124985010284,0.025457132710914911,4.6790980707829544,4.6790980707829544,2.6790980707829544,58.793637458885172,5.8793637458885177,-29.915268854212432:-17.821342740560077:0;-21.216234911942159:-16.497341759514988:0;-14.429447425955265:-15.714597757289964:0;-7.8295046382568083:-17.214777482860242:0;1.0033908942801149:-17.659863477024114:0;6.1904187501975061:-16.059504521163177:0;15.402379163039726:-15.974624712970391:0;21.351682719344943:-17.594088277746174:0;28.876183563852145:-17.314461865724613:0;-24.674306833113398:-9.478342299306064:0;-19.125444008964102:-10.108308981210438:0;-9.7850914004711758:-11.523042814603897:0;-4.4179993332398579:-10.574650146813889:0;3.9774359624277418:-9.3733789896634718:0;11.148185450547809:-10.592151812011659:0;17.392682075023963:-11.519103568320469:0;26.451714906250238:-10.091693955147091:0;-22.77683852617962:-3.2064273697771042:0;-13.734882552381974:-4.7701608132911542:0;-7.4610746570145903:-5.023870964522887:0;-0.32355912566863554:-3.4030328535949317:0;8.0996087383424449:-3.5141383031855984:0;13.452333684302781:-5.1099689805680688:0;22.789613916484697:-4.6396765625473311:0;-18.773710274105841:3.1298953225413531:0;-10.720911656503462:2.3242410783108483:0;-3.1634608868907859:1.0155983964895612:0;2.7599258180588833:2.1157998030872878:0;11.983420828425402:3.1768109451098163:0;17.176567179117296:1.8377988796026281:0;-13.893351120968543:7.3577642501441556:0;-7.2617025287462553:8.8677522579610404:0;-0.50729933198431609:9.2875151059773167:0;8.2156142481105654:7.6830475603401673:0;13.436958278398917:7.6244156529867713:0;-9.9297275919069481:15.521673831593533:0;-4.1024165365161398:15.216204489859232:0;3.5803956257296665:13.667294711726434:0;11.514095540459438:14.32139014234609:0;-8.2170139450764434:22.002671045619749:0;1.1036578797603038:21.033086179105482:0;6.4058265573625057:19.849631716434928:0;-3.1952467796081003:27.365180443750734:0;3.8153719633154957:28.270448198627669:0;-0.67297082312573708:33.110330997803011:0,7352174c4638c9a3fc30f839f00229ed9f60b61b199b3a48d18ec05d23df9f79,0.0035352659709547377,0.01525810047366181,0.015682202547374229,0.0047427473896808842,0.0096754964103764295,0.021191352280689694,0.025457132710914911,0.59936445502049018,0.022222222222222223,28,0.0035352659709547377;0.010504589689078513;0.014384122945941527;0.01300689023023092;0.012123308760769152;0.014527953145383186;0.017527631981846769;0.010765559140929689;0.0055589717384885952;0.01262529495309692;0.016747402750858471;0.021106978091605957;0.019010929950211902;0.016513235325504645;0.019514980679521222;0.019629917799558399;0.0088838602516260624;0.010405256075209778;0.015682202547374229;0.019780681472704408;0.021341327484405884;0.019259443564966748;0.019314291994163655;0.0095072703966707153;0.010763013331441742;0.017127256901467169;0.021279776560363221;0.019105019861202381;0.025457132710914911;0.015087870778378757;0.01465989667846037;0.017357438647099092;0.018429879889675115;0.021247601740078854;0.022710432172424841;0.013934732565623709;0.01785256868497612;0.017825015452918168;0.011663470879645206;0.010250429346141012;0.016302943838031627;0.014600251651239552;0.011790638942633914;0.0099278354309349989;0.0079839483100286011,09afcecd596a9513ee23c3a75422c8020f1bdf4bb6df510083e7f1dd00f49b7c,0.011014305851467468,pre_registered_large_n_uniform_dilation,false
12,t14_1_n45_irregular_level4,45,irregular,4,9,1,0.10000000000000001,0.10000000000000001,1,0,0.80000000000000004,3.2599124985010284,0.065350897425260762,3.4172870283941283,3.4172870283941279,1.4172870283941279,42.938774011790755,4.2938774011790759,-21.848026833367271:-13.015466325904834:0;-15.494858893566814:-12.048508311846925:0;-10.538262453507626:-11.476846661483332:0;-5.7181243552327645:-12.572473348272:0;0.73280675796104144:-12.897533129316853:0;4.5210502911809991:-11.728742516701452:0;11.248823966507791:-11.666752222178463:0;15.593780529373541:-12.84949550927079:0;21.089151376937867:-12.645275872036775:0;-18.02039354590956:-6.9223204344332379:0;-13.967890977154706:-7.3824041808788605:0;-7.146348592964161:-8.415627144867047:0;-3.2265987129455902:-7.7229872573426146:0;2.9048419407029606:-6.8456625505691111:0;8.1418574592762223:-7.7357692534775291:0;12.702402459800776:-8.4127501940054987:0;19.318488490834955:-7.370269724155837:0;-16.634614976197135:-2.3417510153604706:0;-10.031000691318688:-3.4837929070989095:0;-5.4490487819653186:-3.6690851141996337:0;-0.23630502852036991:-2.4853379544240046:0;5.9153895596750958:-2.5664816291079915:0;9.8246466959186929:-3.7319651028108654:0;16.643945230641854:-3.388496307042399:0;-13.711009178270199:2.2858573434777996:0;-7.8298064674242465:1.69746364953693:0;-2.3103712916611627:0.7417222665309342:0;2.0156574097632682:1.5452326735607815:0;8.7518551509893534:2.3201212434873626:0;12.544567206242814:1.34220017983347:0;-10.146735086205704:5.3735980630541453:0;-5.3034412786712686:6.4763880354130485:0;-0.37049606579691297:6.7829535559104146:0;6.000111896705854:5.6111623157520878:0;9.8134175713402527:5.5683416581343597:0;-7.2519807839019936:11.335948475812485:0;-2.9961190390182071:11.112854964351621:0;2.6148713583764964:9.9816392443784032:0;8.4090926795895911:10.459344946754159:0;-6.0011341377901024:16.069217019347061:0;0.80603477406037016:15.361099827284864:0;4.6783691364166167:14.496787192071704:0;-2.3335854917539232:19.985620037334723:0;2.7864816940148027:20.646764494913228:0;-0.49149097316750312:24.181477479845867:0,e86ced1f0a4c06683a79f4c8aaee1564d1ad8a93b71528a39c6f6adbb32e4bb4,0.0090753662819152078,0.039169005020391369,0.040257715655314434,0.012175086711319564,0.024837925803870474,0.054400230572869822,0.065350897425260762,0.59936445502049018,0.022222222222222223,28,0.0090753662819152078;0.026966287643662518;0.036925421015286883;0.033389932751263812;0.031121694508042527;0.037294646910327946;0.044995109730573475;0.027636221216807658;0.014270412775753478;0.032410341133577186;0.042992186580448066;0.05418363394988146;0.048802877654891441;0.042391056375864038;0.050096824144556344;0.050391878737986;0.022805719977860822;0.026711288744747531;0.040257715655314434;0.050778903523970492;0.054785231282324709;0.049440835901448488;0.049581637071442267;0.02440607351748832;0.027629685880067235;0.043967308559615254;0.054627224166235902;0.049044415466384821;0.065350897425260762;0.038732009091529088;0.03763335859455294;0.044558207142687399;0.047311266508566222;0.054544628321528725;0.058299854120929334;0.035771792875718071;0.045829253363206722;0.045758521578036671;0.029941246633459373;0.026313833705134071;0.041851217990162323;0.037480244098113069;0.030267699228671754;0.025485704233443707;0.020495559848873138,20c6930909c7b21657a5a107c07e64e38c15024152e54a28db393164e13bdbda,0.026714826180697728,pre_registered_large_n_uniform_dilation,false
13,t14_1_n105_linear_level1,105,linear,1,14,1,0.10000000000000001,0.10000000000000001,1,0,0.80000000000000004,2.4037510274289429,0.0031111241226691642,8.5183218257629569,8.5183218257629392,6.5183218257629392,885.90546987934749,88.590546987934758,-442.95273493967375:0:0;-434.43441311391081:0:0;-425.91609128814787:0:0;-417.39776946238487:0:0;-408.87944763662193:0:0;-400.36112581085899:0:0;-391.842803985096:0:0;-383.32448215933306:0:0;-374.80616033357012:0:0;-366.28783850780712:0:0;-357.76951668204418:0:0;-349.25119485628124:0:0;-340.73287303051825:0:0;-332.21455120475531:0:0;-323.69622937899237:0:0;-315.17790755322943:0:0;-306.65958572746644:0:0;-298.1412639017035:0:0;-289.62294207594056:0:0;-281.10462025017756:0:0;-272.58629842441462:0:0;-264.06797659865168:0:0;-255.54965477288872:0:0;-247.03133294712575:0:0;-238.51301112136281:0:0;-229.99468929559984:0:0;-221.47636746983687:0:0;-212.95804564407393:0:0;-204.43972381831097:0:0;-195.921401992548:0:0;-187.40308016678506:0:0;-178.88475834102209:0:0;-170.36643651525912:0:0;-161.84811468949619:0:0;-153.32979286373322:0:0;-144.81147103797028:0:0;-136.29314921220731:0:0;-127.77482738644436:0:0;-119.2565055606814:0:0;-110.73818373491844:0:0;-102.21986190915548:0:0;-93.70154008339253:0:0;-85.183218257629562:0:0;-76.664896431866609:0:0;-68.146574606103655:0:0;-59.628252780340702:0:0;-51.109930954577742:0:0;-42.591609128814781:0:0;-34.073287303051828:0:0;-25.554965477288871:0:0;-17.036643651525914:0:0;-8.5183218257629569:0:0;0:0:0;8.5183218257629569:0:0;17.036643651525914:0:0;25.554965477288871:0:0;34.073287303051828:0:0;42.591609128814781:0:0;51.109930954577742:0:0;59.628252780340702:0:0;68.146574606103655:0:0;76.664896431866609:0:0;85.183218257629562:0:0;93.70154008339253:0:0;102.21986190915548:0:0;110.73818373491844:0:0;119.2565055606814:0:0;127.77482738644436:0:0;136.29314921220731:0:0;144.81147103797028:0:0;153.32979286373322:0:0;161.84811468949619:0:0;170.36643651525912:0:0;178.88475834102209:0:0;187.40308016678506:0:0;195.921401992548:0:0;204.43972381831097:0:0;212.95804564407393:0:0;221.47636746983687:0:0;229.99468929559984:0:0;238.51301112136281:0:0;247.03133294712575:0:0;255.54965477288872:0:0;264.06797659865168:0:0;272.58629842441462:0:0;281.10462025017756:0:0;289.62294207594056:0:0;298.1412639017035:0:0;306.65958572746644:0:0;315.17790755322943:0:0;323.69622937899237:0:0;332.21455120475531:0:0;340.73287303051825:0:0;349.25119485628124:0:0;357.76951668204418:0:0;366.28783850780712:0:0;374.80616033357012:0:0;383.32448215933306:0:0;391.842803985096:0:0;400.36112581085899:0:0;408.87944763662193:0:0;417.39776946238487:0:0;425.91609128814787:0:0;434.43441311391081:0:0;442.95273493967375:0:0,893b54bf36070d26f1c5addca1e4bf5b4766a5f29da672f536635e687b009db4,0.0015557375707186162,0.0030711586075660401,0.0031105674521633968,0.00021461037984484954,0.0030903087668773185,0.0031111088202598045,0.0031111241226691642,0.98715399529966807,0.98095238095238091,52,0.0015557375707186164;0.0028500152731056336;0.0030117989452816355;0.0030597339794684402;0.0030799558303322258;0.0030903087668773185;0.0030962994647072274;0.003100071497293343;0.0031025979675591529;0.0031043719214687323;0.0031056646907386032;0.0031066355433216424;0.0031073829382024104;0.003107970387978747;0.0031084403464181655;0.0031088220610318495;0.003109136211142686;0.0031093977515227389;0.0031096177131370618;0.0031098043761803042;0.0031099640535199938;0.0031101016256769752;0.0031102209134661364;0.0031103249422398758;0.0031104161323216046;0.0031104964382797995;0.0031105674521633968;0.0031106304809715435;0.0031106866054503046;0.003110736725185176;0.0031107815935187463;0.003110821844832367;0.0031108580160387942;0.0031108905636448325;0.003110919877394272;0.0031109462912484146;0.0031109700922779069;0.0031109915279034926;0.0031110108118221299;0.0031110281288794124;0.0031110436390912647;0.0031110574809745765;0.0031110697743125327;0.0031110806224541624;0.0031110901142276022;0.0031110983255303358;0.003111105320646965;0.0031111111533350306;0.0031111158677111206;0.0031111194989628683;0.0031111220739068221;0.0031111236114075257;0.0031111241226691642;0.0031111236114075257;0.0031111220739068225;0.0031111194989628683;0.0031111158677111206;0.003111111153335031;0.003111105320646965;0.0031110983255303363;0.0031110901142276026;0.0031110806224541624;0.0031110697743125322;0.0031110574809745765;0.0031110436390912647;0.003111028128879412;0.0031110108118221299;0.0031109915279034926;0.0031109700922779069;0.0031109462912484141;0.003110919877394272;0.003110890563644832;0.0031108580160387938;0.003110821844832367;0.0031107815935187463;0.0031107367251851756;0.0031106866054503046;0.0031106304809715435;0.0031105674521633968;0.0031104964382797995;0.0031104161323216046;0.0031103249422398758;0.0031102209134661364;0.0031101016256769747;0.0031099640535199929;0.0031098043761803038;0.0031096177131370618;0.0031093977515227384;0.003109136211142686;0.0031088220610318499;0.0031084403464181655;0.003107970387978747;0.0031073829382024104;0.0031066355433216424;0.0031056646907386032;0.0031043719214687328;0.0031025979675591525;0.003100071497293343;0.0030962994647072274;0.0030903087668773185;0.0030799558303322263;0.0030597339794684398;0.0030117989452816359;0.0028500152731056327;0.0015557375707186162,0eebf3b4bd0decb9a372634699c1e48d7a87f1f837d549bd98429117a31c0304,0.0019671875493920596,pre_registered_large_n_uniform_dilation,false
14,t14_1_n105_linear_level2,105,linear,2,14,1,0.10000000000000001,0.10000000000000001,1,0,0.80000000000000004,2.4037510274289429,0.011108933664494051,5.5731709599745525,5.5731709599745045,3.5731709599745045,579.60977983735347,57.960977983735347,-289.80488991867674:0:0;-284.23171895870217:0:0;-278.65854799872761:0:0;-273.08537703875305:0:0;-267.51220607877849:0:0;-261.93903511880399:0:0;-256.36586415882942:0:0;-250.79269319885486:0:0;-245.2195222388803:0:0;-239.64635127890577:0:0;-234.07318031893121:0:0;-228.50000935895665:0:0;-222.92683839898211:0:0;-217.35366743900755:0:0;-211.78049647903299:0:0;-206.20732551905843:0:0;-200.6341545590839:0:0;-195.06098359910933:0:0;-189.48781263913477:0:0;-183.91464167916024:0:0;-178.34147071918568:0:0;-172.76829975921112:0:0;-167.19512879923658:0:0;-161.62195783926202:0:0;-156.04878687928746:0:0;-150.47561591931293:0:0;-144.90244495933837:0:0;-139.32927399936381:0:0;-133.75610303938925:0:0;-128.18293207941471:0:0;-122.60976111944015:0:0;-117.0365901594656:0:0;-111.46341919949106:0:0;-105.8902482395165:0:0;-100.31707727954195:0:0;-94.743906319567387:0:0;-89.17073535959284:0:0;-83.597564399618292:0:0;-78.024393439643731:0:0;-72.451222479669184:0:0;-66.878051519694623:0:0;-61.304880559720075:0:0;-55.731709599745528:0:0;-50.158538639770974:0:0;-44.58536767979642:0:0;-39.012196719821866:0:0;-33.439025759847311:0:0;-27.865854799872764:0:0;-22.29268383989821:0:0;-16.719512879923656:0:0;-11.146341919949105:0:0;-5.5731709599745525:0:0;0:0:0;5.5731709599745525:0:0;11.146341919949105:0:0;16.719512879923656:0:0;22.29268383989821:0:0;27.865854799872764:0:0;33.439025759847311:0:0;39.012196719821866:0:0;44.58536767979642:0:0;50.158538639770974:0:0;55.731709599745528:0:0;61.304880559720075:0:0;66.878051519694623:0:0;72.451222479669184:0:0;78.024393439643731:0:0;83.597564399618292:0:0;89.17073535959284:0:0;94.743906319567387:0:0;100.31707727954195:0:0;105.8902482395165:0:0;111.46341919949106:0:0;117.0365901594656:0:0;122.60976111944015:0:0;128.18293207941471:0:0;133.75610303938925:0:0;139.32927399936381:0:0;144.90244495933837:0:0;150.47561591931293:0:0;156.04878687928746:0:0;161.62195783926202:0:0;167.19512879923658:0:0;172.76829975921112:0:0;178.34147071918568:0:0;183.91464167916024:0:0;189.48781263913477:0:0;195.06098359910933:0:0;200.6341545590839:0:0;206.20732551905843:0:0;211.78049647903299:0:0;217.35366743900755:0:0;222.92683839898211:0:0;228.50000935895665:0:0;234.07318031893121:0:0;239.64635127890577:0:0;245.2195222388803:0:0;250.79269319885486:0:0;256.36586415882942:0:0;261.93903511880399:0:0;267.51220607877849:0:0;273.08537703875305:0:0;278.65854799872761:0:0;284.23171895870217:0:0;289.80488991867674:0:0,f98d3bad0833fe611bf6e2001f79f92e90e1a275259d33b213783397d4036848,0.0055550935260167628,0.010966228250424285,0.011106945953468108,0.00076631223294393129,0.01103460798747939,0.01110887902397065,0.011108933664494051,0.98715399529966807,0.98095238095238091,52,0.0055550935260167637;0.01017658870664475;0.010754271888458724;0.010925434173854663;0.010997640614665689;0.011034607987479392;0.011055999054557406;0.011069467903155846;0.011078489205258252;0.011084823486864634;0.011089439595864392;0.011092906232526321;0.011095574965699366;0.011097672580689555;0.011099350667748354;0.011100713661365929;0.011101835401484413;0.011102769287313959;0.011103554707273556;0.01110422122756758;0.011104791389638879;0.011105282620430732;0.011105708562979042;0.011106080019951108;0.011106405633629333;0.011106692383218037;0.011106945953468108;0.011107171011299632;0.011107371415747443;0.011107550378973555;0.01110771059094888;0.011107854316867718;0.011107983473891572;0.011108099692075785;0.011108204363083803;0.011108298679395827;0.011108383666059015;0.011108460206541854;0.011108529063895194;0.01110859089814964;0.011108646280676253;0.011108695706079299;0.011108739602070081;0.011108778337678454;0.011108812230084329;0.011108841550295873;0.011108866527854991;0.011108887354714422;0.011108904188401894;0.011108917154562435;0.011108926348950207;0.011108931838925095;0.011108933664494051;0.011108931838925092;0.011108926348950207;0.011108917154562433;0.011108904188401894;0.011108887354714422;0.011108866527854989;0.011108841550295873;0.011108812230084331;0.011108778337678454;0.011108739602070081;0.011108695706079299;0.011108646280676256;0.01110859089814964;0.011108529063895194;0.011108460206541854;0.011108383666059015;0.011108298679395827;0.011108204363083803;0.011108099692075785;0.011107983473891572;0.011107854316867716;0.011107710590948878;0.011107550378973555;0.011107371415747441;0.011107171011299634;0.011106945953468108;0.011106692383218035;0.011106405633629333;0.011106080019951108;0.011105708562979041;0.011105282620430729;0.011104791389638879;0.011104221227567579;0.011103554707273556;0.011102769287313958;0.011101835401484413;0.011100713661365929;0.011099350667748351;0.011097672580689555;0.011095574965699365;0.011092906232526319;0.01108943959586439;0.011084823486864633;0.011078489205258252;0.011069467903155845;0.011055999054557404;0.01103460798747939;0.010997640614665688;0.010925434173854661;0.010754271888458724;0.010176588706644746;0.0055550935260167628,34a78a7b04fee3c4debe34815c0fa6dc87724ae35b8dfe85caad1d40eac139a4,0.006412217059839671,pre_registered_large_n_uniform_dilation,false
15,t14_1_n105_linear_level3,105,linear,3,14,1,0.10000000000000001,0.10000000000000001,1,0,0.80000000000000004,2.4037510274289429,0.025457132710914911,4.2272376216252328,4.2272376216252212,2.2272376216252212,439.6327126490242,43.963271264902424,-219.8163563245121:0:0;-215.58911870288688:0:0;-211.36188108126163:0:0;-207.13464345963641:0:0;-202.90740583801119:0:0;-198.68016821638594:0:0;-194.45293059476072:0:0;-190.22569297313547:0:0;-185.99845535151024:0:0;-181.771217729885:0:0;-177.54398010825977:0:0;-173.31674248663455:0:0;-169.0895048650093:0:0;-164.86226724338408:0:0;-160.63502962175883:0:0;-156.40779200013361:0:0;-152.18055437850839:0:0;-147.95331675688314:0:0;-143.72607913525792:0:0;-139.49884151363267:0:0;-135.27160389200745:0:0;-131.04436627038223:0:0;-126.81712864875698:0:0;-122.58989102713176:0:0;-118.36265340550652:0:0;-114.13541578388129:0:0;-109.90817816225605:0:0;-105.68094054063081:0:0;-101.45370291900559:0:0;-97.226465297380358:0:0;-92.999227675755122:0:0;-88.771990054129887:0:0;-84.544752432504652:0:0;-80.317514810879416:0:0;-76.090277189254195:0:0;-71.86303956762896:0:0;-67.635801946003724:0:0;-63.408564324378489:0:0;-59.18132670275326:0:0;-54.954089081128025:0:0;-50.726851459502797:0:0;-46.499613837877561:0:0;-42.272376216252326:0:0;-38.045138594627097:0:0;-33.817900973001862:0:0;-29.59066335137663:0:0;-25.363425729751398:0:0;-21.136188108126163:0:0;-16.908950486500931:0:0;-12.681712864875699:0:0;-8.4544752432504655:0:0;-4.2272376216252328:0:0;0:0:0;4.2272376216252328:0:0;8.4544752432504655:0:0;12.681712864875699:0:0;16.908950486500931:0:0;21.136188108126163:0:0;25.363425729751398:0:0;29.59066335137663:0:0;33.817900973001862:0:0;38.045138594627097:0:0;42.272376216252326:0:0;46.499613837877561:0:0;50.726851459502797:0:0;54.954089081128025:0:0;59.18132670275326:0:0;63.408564324378489:0:0;67.635801946003724:0:0;71.86303956762896:0:0;76.090277189254195:0:0;80.317514810879416:0:0;84.544752432504652:0:0;88.771990054129887:0:0;92.999227675755122:0:0;97.226465297380358:0:0;101.45370291900559:0:0;105.68094054063081:0:0;109.90817816225605:0:0;114.13541578388129:0:0;118.36265340550652:0:0;122.58989102713176:0:0;126.81712864875698:0:0;131.04436627038223:0:0;135.27160389200745:0:0;139.49884151363267:0:0;143.72607913525792:0:0;147.95331675688314:0:0;152.18055437850839:0:0;156.40779200013361:0:0;160.63502962175883:0:0;164.86226724338408:0:0;169.0895048650093:0:0;173.31674248663455:0:0;177.54398010825977:0:0;181.771217729885:0:0;185.99845535151024:0:0;190.22569297313547:0:0;194.45293059476072:0:0;198.68016821638594:0:0;202.90740583801119:0:0;207.13464345963641:0:0;211.36188108126163:0:0;215.58911870288688:0:0;219.8163563245121:0:0,02b5b0362f0c94d1957b10a71cda39db654e43449d4baa47bf47a926c34cf504,0.012730002481277326,0.025130110264453515,0.025452577690162598,0.001756074237296243,0.025286808656353171,0.025457007497181695,0.0254571327109149,0.98715399529966819,0.98095238095238091,52,0.012730002481277326;0.023320579370950167;0.024644392967146659;0.025036626924610689;0.025202094556502158;0.025286808656353167;0.025335828233738634;0.025366693326337911;0.025387366461292207;0.025401882044187214;0.025412460278153488;0.025420404391623297;0.025426520036617495;0.025431326912308372;0.025435172401555736;0.02543829582550038;0.025440866395090907;0.02544300647947877;0.025444806340810866;0.025446333732736328;0.025447640311023506;0.025448766011098207;0.025449742097220153;0.025450593324684696;0.025451339498067906;0.025451996610852526;0.025452577690162598;0.0254530934306701;0.025453552675704417;0.025453962786227524;0.025454329926552745;0.025454659287578708;0.025454955262655794;0.025455221587204091;0.025455461450346901;0.025455677584761173;0.025455872339435914;0.025456047738919765;0.02545620553181286;0.025456347230635536;0.025456474144736608;0.025456587407546624;0.025456687999205332;0.025456776765377977;0.025456854432911166;0.02545692162284487;0.025456978861195169;0.025457026587839379;0.025457065163766619;0.025457094876903737;0.025457115946680237;0.025457128527457459;0.0254571327109149;0.025457128527457452;0.025457115946680237;0.025457094876903737;0.025457065163766619;0.025457026587839379;0.025456978861195169;0.025456921622844877;0.025456854432911166;0.025456776765377977;0.025456687999205342;0.025456587407546628;0.025456474144736615;0.025456347230635543;0.02545620553181286;0.025456047738919765;0.025455872339435921;0.025455677584761173;0.025455461450346901;0.025455221587204088;0.025454955262655801;0.025454659287578701;0.025454329926552745;0.025453962786227524;0.025453552675704413;0.0254530934306701;0.025452577690162598;0.025451996610852526;0.02545133949806791;0.025450593324684703;0.025449742097220146;0.025448766011098207;0.025447640311023506;0.025446333732736328;0.025444806340810866;0.025443006479478766;0.025440866395090911;0.02543829582550038;0.025435172401555729;0.025431326912308372;0.025426520036617495;0.025420404391623297;0.025412460278153488;0.02540188204418722;0.025387366461292207;0.025366693326337914;0.025335828233738634;0.025286808656353174;0.025202094556502165;0.025036626924610689;0.024644392967146662;0.023320579370950174;0.012730002481277328,e6c4b0f34284d10e7c2b6f3683b8eec339d4f230be930f0e42447233598ac9f9,0.014077652629051227,pre_registered_large_n_uniform_dilation,false
16,t14_1_n105_linear_level4,105,linear,4,14,1,0.10000000000000001,0.10000000000000001,1,0,0.80000000000000004,2.4037510274289429,0.065350897425260762,3.0872796577017145,3.0872796577017141,1.0872796577017141,321.07708440097832,32.107708440097831,-160.53854220048916:0:0;-157.45126254278745:0:0;-154.36398288508573:0:0;-151.27670322738402:0:0;-148.1894235696823:0:0;-145.10214391198059:0:0;-142.01486425427888:0:0;-138.92758459657716:0:0;-135.84030493887545:0:0;-132.75302528117373:0:0;-129.66574562347202:0:0;-126.57846596577029:0:0;-123.49118630806858:0:0;-120.40390665036686:0:0;-117.31662699266515:0:0;-114.22934733496344:0:0;-111.14206767726172:0:0;-108.05478801956001:0:0;-104.96750836185829:0:0;-101.88022870415658:0:0;-98.792949046454865:0:0;-95.705669388753151:0:0;-92.618389731051437:0:0;-89.531110073349723:0:0;-86.443830415648009:0:0;-83.356550757946295:0:0;-80.26927110024458:0:0;-77.181991442542866:0:0;-74.094711784841152:0:0;-71.007432127139438:0:0;-67.920152469437724:0:0;-64.83287281173601:0:0;-61.745593154034289:0:0;-58.658313496332575:0:0;-55.571033838630861:0:0;-52.483754180929147:0:0;-49.396474523227432:0:0;-46.309194865525718:0:0;-43.221915207824004:0:0;-40.13463555012229:0:0;-37.047355892420576:0:0;-33.960076234718862:0:0;-30.872796577017144:0:0;-27.78551691931543:0:0;-24.698237261613716:0:0;-21.610957603912002:0:0;-18.523677946210288:0:0;-15.436398288508572:0:0;-12.349118630806858:0:0;-9.261838973105144:0:0;-6.1745593154034291:0:0;-3.0872796577017145:0:0;0:0:0;3.0872796577017145:0:0;6.1745593154034291:0:0;9.261838973105144:0:0;12.349118630806858:0:0;15.436398288508572:0:0;18.523677946210288:0:0;21.610957603912002:0:0;24.698237261613716:0:0;27.78551691931543:0:0;30.872796577017144:0:0;33.960076234718862:0:0;37.047355892420576:0:0;40.13463555012229:0:0;43.221915207824004:0:0;46.309194865525718:0:0;49.396474523227432:0:0;52.483754180929147:0:0;55.571033838630861:0:0;58.658313496332575:0:0;61.745593154034289:0:0;64.83287281173601:0:0;67.920152469437724:0:0;71.007432127139438:0:0;74.094711784841152:0:0;77.181991442542866:0:0;80.26927110024458:0:0;83.356550757946295:0:0;86.443830415648009:0:0;89.531110073349723:0:0;92.618389731051437:0:0;95.705669388753151:0:0;98.792949046454865:0:0;101.88022870415658:0:0;104.96750836185829:0:0;108.05478801956001:0:0;111.14206767726172:0:0;114.22934733496344:0:0;117.31662699266515:0:0;120.40390665036686:0:0;123.49118630806858:0:0;126.57846596577029:0:0;129.66574562347202:0:0;132.75302528117373:0:0;135.84030493887545:0:0;138.92758459657716:0:0;142.01486425427888:0:0;145.10214391198059:0:0;148.1894235696823:0:0;151.27670322738402:0:0;154.36398288508573:0:0;157.45126254278745:0:0;160.53854220048916:0:0,30b6e23c450434957e779e3de9353b895bb8b9c2a23fde751febeadf7e265516,0.03267913538513216,0.064511399489764948,0.065339204250804292,0.0045080107275194395,0.064913659267094498,0.065350575989617257,0.065350897425260762,0.98715399529966796,0.98095238095238091,52,0.032679135385132167;0.059866160406791893;0.063264516675646518;0.064271418804492025;0.064696190060616915;0.064913659267094498;0.06503949721632174;0.065118730864642704;0.065171800781714612;0.065209063673007592;0.065236219012562033;0.065256612312562037;0.065272311758892212;0.06528465146909361;0.065294523208232785;0.065302541336594994;0.065309140234890248;0.065314634036446814;0.065319254452839703;0.065323175414174275;0.065326529525753907;0.065329419305642386;0.065331925012186737;0.065334110194600878;0.065336025693128838;0.065337712564571604;0.065339204250804292;0.065340528206073709;0.065341707132053756;0.065342759925038726;0.065343702409410662;0.065344547910703488;0.065345307707068728;0.065345991387687138;0.065346607139343871;0.065347161977082471;0.065347661930982098;0.065348112198253122;0.065348517267719827;0.065348881022166627;0.065349206822817266;0.065349497579296575;0.065349755807716944;0.065349983678982398;0.065350183058977537;0.065350355541971383;0.065350502478297698;0.065350624997163625;0.06535072402526286;0.065350800301731155;0.065350854389865057;0.065350886685924897;0.065350897425260762;0.065350886685924897;0.065350854389865071;0.065350800301731155;0.065350724025262846;0.065350624997163639;0.065350502478297698;0.065350355541971369;0.065350183058977537;0.065349983678982385;0.065349755807716944;0.065349497579296575;0.065349206822817252;0.065348881022166613;0.065348517267719827;0.065348112198253122;0.065347661930982098;0.065347161977082457;0.065346607139343871;0.065345991387687138;0.065345307707068728;0.065344547910703488;0.065343702409410676;0.06534275992503874;0.06534170713205377;0.065340528206073722;0.065339204250804292;0.065337712564571618;0.065336025693128838;0.065334110194600878;0.065331925012186723;0.065329419305642386;0.065326529525753893;0.065323175414174262;0.065319254452839717;0.065314634036446814;0.065309140234890248;0.065302541336594994;0.065294523208232799;0.06528465146909361;0.065272311758892226;0.065256612312562037;0.065236219012562033;0.065209063673007592;0.065171800781714612;0.06511873086464269;0.065039497216321754;0.064913659267094512;0.064696190060616915;0.064271418804492025;0.063264516675646518;0.059866160406791893;0.03267913538513216,0f5baa343f24fc7dbf19c937bfd439ce4893b088d4dcd5d3d980d9f28ac711ef,0.034878249743195859,pre_registered_large_n_uniform_dilation,false
17,t14_1_n105_compact_level1,105,compact,1,14,1,0.10000000000000001,0.10000000000000001,1,0,0.80000000000000004,9.592079526340676,0.0031111241226691642,13.511237866452998,13.511237866453001,11.511237866453001,175.64609226388913,17.564609226388914,-87.823046131944565:-50.704659325331122:0;-74.311808265491564:-50.704659325331122:0;-60.800570399038548:-50.704659325331122:0;-47.28933253258554:-50.704659325331122:0;-33.778094666132532:-50.704659325331122:0;-20.266856799679516:-50.704659325331122:0;-6.755618933226506:-50.704659325331122:0;6.755618933226506:-50.704659325331122:0;20.266856799679516:-50.704659325331122:0;33.778094666132532:-50.704659325331122:0;47.28933253258554:-50.704659325331122:0;60.800570399038548:-50.704659325331122:0;74.311808265491564:-50.704659325331122:0;87.823046131944565:-50.704659325331122:0;-81.067427198718065:-39.003584096408552:0;-67.556189332265063:-39.003584096408552:0;-54.044951465812048:-39.003584096408552:0;-40.533713599359032:-39.003584096408552:0;-27.022475732906024:-39.003584096408552:0;-13.511237866453012:-39.003584096408552:0;-5.4287478102846568e-16:-39.003584096408552:0;13.511237866453012:-39.003584096408552:0;27.022475732906024:-39.003584096408552:0;40.533713599359032:-39.003584096408552:0;54.044951465812048:-39.003584096408552:0;67.556189332265063:-39.003584096408552:0;81.067427198718065:-39.003584096408552:0;-74.311808265491564:-27.302508867485994:0;-60.800570399038548:-27.302508867485994:0;-47.28933253258554:-27.302508867485994:0;-33.778094666132532:-27.302508867485994:0;-20.266856799679516:-27.302508867485994:0;-6.755618933226506:-27.302508867485994:0;6.755618933226506:-27.302508867485994:0;20.266856799679516:-27.302508867485994:0;33.778094666132532:-27.302508867485994:0;47.28933253258554:-27.302508867485994:0;60.800570399038548:-27.302508867485994:0;74.311808265491564:-27.302508867485994:0;-67.556189332265063:-15.601433638563417:0;-54.044951465812048:-15.601433638563417:0;-40.533713599359032:-15.601433638563417:0;-27.022475732906024:-15.601433638563417:0;-13.511237866453012:-15.601433638563417:0;-5.4287478102846568e-16:-15.601433638563417:0;13.511237866453012:-15.601433638563417:0;27.022475732906024:-15.601433638563417:0;40.533713599359032:-15.601433638563417:0;54.044951465812048:-15.601433638563417:0;67.556189332265063:-15.601433638563417:0;-60.800570399038548:-3.9003584096408557:0;-47.28933253258554:-3.9003584096408557:0;-33.778094666132532:-3.9003584096408557:0;-20.266856799679516:-3.9003584096408557:0;-6.755618933226506:-3.9003584096408557:0;6.755618933226506:-3.9003584096408557:0;20.266856799679516:-3.9003584096408557:0;33.778094666132532:-3.9003584096408557:0;47.28933253258554:-3.9003584096408557:0;60.800570399038548:-3.9003584096408557:0;-54.044951465812048:7.8007168192817069:0;-40.533713599359032:7.8007168192817069:0;-27.022475732906024:7.8007168192817069:0;-13.511237866453012:7.8007168192817069:0;-5.4287478102846568e-16:7.8007168192817069:0;13.511237866453012:7.8007168192817069:0;27.022475732906024:7.8007168192817069:0;40.533713599359032:7.8007168192817069:0;54.044951465812048:7.8007168192817069:0;-47.28933253258554:19.50179204820428:0;-33.778094666132532:19.50179204820428:0;-20.266856799679516:19.50179204820428:0;-6.755618933226506:19.50179204820428:0;6.755618933226506:19.50179204820428:0;20.266856799679516:19.50179204820428:0;33.778094666132532:19.50179204820428:0;47.28933253258554:19.50179204820428:0;-40.533713599359032:31.202867277126842:0;-27.022475732906024:31.202867277126842:0;-13.511237866453012:31.202867277126842:0;-5.4287478102846568e-16:31.202867277126842:0;13.511237866453012:31.202867277126842:0;27.022475732906024:31.202867277126842:0;40.533713599359032:31.202867277126842:0;-33.778094666132532:42.903942506049404:0;-20.266856799679516:42.903942506049404:0;-6.755618933226506:42.903942506049404:0;6.755618933226506:42.903942506049404:0;20.266856799679516:42.903942506049404:0;33.778094666132532:42.903942506049404:0;-27.022475732906024:54.605017734971973:0;-13.511237866453012:54.605017734971973:0;-5.4287478102846568e-16:54.605017734971973:0;13.511237866453012:54.605017734971973:0;27.022475732906024:54.605017734971973:0;-20.266856799679516:66.306092963894542:0;-6.755618933226506:66.306092963894542:0;6.755618933226506:66.306092963894542:0;20.266856799679516:66.306092963894542:0;-13.511237866453012:78.007168192817105:0;-5.4287478102846568e-16:78.007168192817105:0;13.511237866453012:78.007168192817105:0;-6.755618933226506:89.708243421739681:0;6.755618933226506:89.708243421739681:0;-5.4287478102846568e-16:101.40931865066224:0,2e87858ad55c0cecbbcdcc0b9e2b55379aeea0a2e1f31ce28c47c7c8dad567bd,0.00095345819147734561,0.0025066473446332138,0.0027678763961360578,0.00055284381581807056,0.0018705048505586936,0.0030819826813479022,0.0031111241226691646,0.80570470537274974,0.48571428571428571,54,0.00095345819147734647;0.001694993800750901;0.0018705048505586936;0.0019427892545010369;0.0019792089340049863;0.0019982651473348253;0.0020066126988811843;0.0020066126988811843;0.0019982651473348253;0.0019792089340049859;0.0019427892545010367;0.0018705048505586932;0.0016949938007509006;0.00095345819147734647;0.0016949938007509017;0.0024981362517826605;0.0026900949460748921;0.0027678763961360578;0.0028057205818583378;0.0028239124706594012;0.0028293855168653233;0.0028239124706594017;0.0028057205818583378;0.0027678763961360583;0.0026900949460748921;0.0024981362517826605;0.0016949938007509017;0.0018705048505586943;0.0026900949460748913;0.002888425930891511;0.0029681584274755487;0.0030054104933008334;0.0030208431600772172;0.0030208431600772167;0.0030054104933008338;0.0029681584274755487;0.0028884259308915115;0.0026900949460748913;0.0018705048505586943;0.0019427892545010345;0.0027678763961360561;0.0029681584274755483;0.0030474096635503922;0.0030819826813479022;0.0030919696990024401;0.0030819826813479022;0.0030474096635503922;0.0029681584274755487;0.0027678763961360561;0.0019427892545010345;0.0019792089340049876;0.0028057205818583382;0.0030054104933008355;0.0030819826813479039;0.0031111241226691646;0.0031111241226691646;0.0030819826813479039;0.0030054104933008355;0.0028057205818583387;0.0019792089340049876;0.0019982651473348261;0.0028239124706594008;0.0030208431600772163;0.003091969699002441;0.0031111241226691637;0.003091969699002441;0.0030208431600772167;0.0028239124706594008;0.0019982651473348257;0.0020066126988811843;0.0028293855168653233;0.0030208431600772167;0.003081982681347903;0.0030819826813479022;0.0030208431600772172;0.0028293855168653238;0.0020066126988811839;0.0020066126988811861;0.0028239124706594017;0.0030054104933008342;0.0030474096635503931;0.0030054104933008351;0.0028239124706594017;0.0020066126988811856;0.0019982651473348261;0.0028057205818583369;0.00296815842747555;0.00296815842747555;0.0028057205818583374;0.0019982651473348261;0.0019792089340049863;0.0027678763961360561;0.0028884259308915106;0.0027678763961360565;0.0019792089340049859;0.0019427892545010367;0.0026900949460748921;0.0026900949460748921;0.0019427892545010369;0.0018705048505586936;0.0024981362517826592;0.0018705048505586936;0.0016949938007508993;0.0016949938007508989;0.00095345819147734561,0a2cb70c1ee6895fd0f95e46bdea5ceab661a93648b85a2cc07087cbcea83e92,0.0018153329199019545,pre_registered_large_n_uniform_dilation,false
18,t14_1_n105_compact_level2,105,compact,2,14,1,0.10000000000000001,0.10000000000000001,1,0,0.80000000000000004,9.592079526340676,0.011108933664494051,8.8398208063570056,8.8398208063570038,6.8398208063570038,114.91767048264119,11.491767048264119,-57.458835241320593:-33.173873993898802:0;-48.619014434963582:-33.173873993898802:0;-39.779193628606563:-33.173873993898802:0;-30.939372822249553:-33.173873993898802:0;-22.099552015892538:-33.173873993898802:0;-13.259731209535522:-33.173873993898802:0;-4.4199104031785081:-33.173873993898802:0;4.4199104031785081:-33.173873993898802:0;13.259731209535522:-33.173873993898802:0;22.099552015892538:-33.173873993898802:0;30.939372822249553:-33.173873993898802:0;39.779193628606563:-33.173873993898802:0;48.619014434963582:-33.173873993898802:0;57.458835241320593:-33.173873993898802:0;-53.038924838142087:-25.518364610691382:0;-44.199104031785076:-25.518364610691382:0;-35.359283225428065:-25.518364610691382:0;-26.519462419071044:-25.518364610691382:0;-17.679641612714033:-25.518364610691382:0;-8.8398208063570163:-25.518364610691382:0;-3.5517957954815853e-16:-25.518364610691382:0;8.8398208063570163:-25.518364610691382:0;17.679641612714033:-25.518364610691382:0;26.519462419071044:-25.518364610691382:0;35.359283225428065:-25.518364610691382:0;44.199104031785076:-25.518364610691382:0;53.038924838142087:-25.518364610691382:0;-48.619014434963582:-17.862855227483973:0;-39.779193628606563:-17.862855227483973:0;-30.939372822249553:-17.862855227483973:0;-22.099552015892538:-17.862855227483973:0;-13.259731209535522:-17.862855227483973:0;-4.4199104031785081:-17.862855227483973:0;4.4199104031785081:-17.862855227483973:0;13.259731209535522:-17.862855227483973:0;22.099552015892538:-17.862855227483973:0;30.939372822249553:-17.862855227483973:0;39.779193628606563:-17.862855227483973:0;48.619014434963582:-17.862855227483973:0;-44.199104031785076:-10.207345844276551:0;-35.359283225428065:-10.207345844276551:0;-26.519462419071044:-10.207345844276551:0;-17.679641612714033:-10.207345844276551:0;-8.8398208063570163:-10.207345844276551:0;-3.5517957954815853e-16:-10.207345844276551:0;8.8398208063570163:-10.207345844276551:0;17.679641612714033:-10.207345844276551:0;26.519462419071044:-10.207345844276551:0;35.359283225428065:-10.207345844276551:0;44.199104031785076:-10.207345844276551:0;-39.779193628606563:-2.5518364610691386:0;-30.939372822249553:-2.5518364610691386:0;-22.099552015892538:-2.5518364610691386:0;-13.259731209535522:-2.5518364610691386:0;-4.4199104031785081:-2.5518364610691386:0;4.4199104031785081:-2.5518364610691386:0;13.259731209535522:-2.5518364610691386:0;22.099552015892538:-2.5518364610691386:0;30.939372822249553:-2.5518364610691386:0;39.779193628606563:-2.5518364610691386:0;-35.359283225428065:5.1036729221382746:0;-26.519462419071044:5.1036729221382746:0;-17.679641612714033:5.1036729221382746:0;-8.8398208063570163:5.1036729221382746:0;-3.5517957954815853e-16:5.1036729221382746:0;8.8398208063570163:5.1036729221382746:0;17.679641612714033:5.1036729221382746:0;26.519462419071044:5.1036729221382746:0;35.359283225428065:5.1036729221382746:0;-30.939372822249553:12.759182305345695:0;-22.099552015892538:12.759182305345695:0;-13.259731209535522:12.759182305345695:0;-4.4199104031785081:12.759182305345695:0;4.4199104031785081:12.759182305345695:0;13.259731209535522:12.759182305345695:0;22.099552015892538:12.759182305345695:0;30.939372822249553:12.759182305345695:0;-26.519462419071044:20.414691688553106:0;-17.679641612714033:20.414691688553106:0;-8.8398208063570163:20.414691688553106:0;-3.5517957954815853e-16:20.414691688553106:0;8.8398208063570163:20.414691688553106:0;17.679641612714033:20.414691688553106:0;26.519462419071044:20.414691688553106:0;-22.099552015892538:28.070201071760518:0;-13.259731209535522:28.070201071760518:0;-4.4199104031785081:28.070201071760518:0;4.4199104031785081:28.070201071760518:0;13.259731209535522:28.070201071760518:0;22.099552015892538:28.070201071760518:0;-17.679641612714033:35.725710454967938:0;-8.8398208063570163:35.725710454967938:0;-3.5517957954815853e-16:35.725710454967938:0;8.8398208063570163:35.725710454967938:0;17.679641612714033:35.725710454967938:0;-13.259731209535522:43.381219838175355:0;-4.4199104031785081:43.381219838175355:0;4.4199104031785081:43.381219838175355:0;13.259731209535522:43.381219838175355:0;-8.8398208063570163:51.036729221382771:0;-3.5517957954815853e-16:51.036729221382771:0;8.8398208063570163:51.036729221382771:0;-4.4199104031785081:58.692238604590194:0;4.4199104031785081:58.692238604590194:0;-3.5517957954815853e-16:66.347747987797604:0,4a3187aa6e673067ac0b54014b0dd59a274d69cc3eb802cf98e1c389a1c538ad,0.0034045262687568559,0.0089505201251566004,0.0098832942897225783,0.0019740470114961721,0.0066790373783426633,0.011004877919444602,0.011108933664494051,0.80570470537274974,0.48571428571428571,54,0.0034045262687568559;0.0060523376605481453;0.006679037378342665;0.0069371442929854815;0.0070671885431468689;0.007135232825994705;0.0071650395430310808;0.0071650395430310808;0.0071352328259947058;0.0070671885431468672;0.0069371442929854815;0.006679037378342665;0.0060523376605481445;0.0034045262687568559;0.0060523376605481479;0.0089201294489376064;0.0096055589969511936;0.0098832942897225801;0.010018425043816349;0.010083383071189901;0.01010292575249962;0.010083383071189901;0.010018425043816349;0.0098832942897225783;0.0096055589969511936;0.0089201294489376064;0.0060523376605481479;0.0066790373783426685;0.0096055589969511954;0.010313742170321768;0.010598444091727803;0.0107314605551672;0.010786566190534138;0.010786566190534136;0.010731460555167202;0.010598444091727804;0.010313742170321768;0.0096055589969511954;0.0066790373783426685;0.0069371442929854815;0.0098832942897225783;0.010598444091727803;0.010881427569619153;0.011004877919444602;0.011040538700646483;0.011004877919444602;0.010881427569619151;0.010598444091727803;0.0098832942897225783;0.0069371442929854815;0.0070671885431468785;0.010018425043816351;0.010731460555167209;0.011004877919444612;0.011108933664494051;0.01110893366449405;0.011004877919444612;0.010731460555167209;0.010018425043816351;0.0070671885431468785;0.007135232825994705;0.010083383071189901;0.010786566190534138;0.011040538700646484;0.011108933664494045;0.011040538700646484;0.01078656619053414;0.010083383071189901;0.007135232825994705;0.0071650395430310826;0.010102925752499624;0.01078656619053414;0.011004877919444605;0.011004877919444607;0.010786566190534138;0.010102925752499622;0.0071650395430310826;0.0071650395430310921;0.010083383071189908;0.010731460555167207;0.010881427569619156;0.010731460555167206;0.010083383071189909;0.0071650395430310921;0.0071352328259947102;0.010018425043816347;0.010598444091727803;0.010598444091727801;0.010018425043816347;0.0071352328259947102;0.0070671885431468663;0.0098832942897225731;0.010313742170321763;0.0098832942897225731;0.0070671885431468646;0.0069371442929854858;0.0096055589969511867;0.0096055589969511867;0.0069371442929854841;0.0066790373783426615;0.008920129448937596;0.0066790373783426615;0.0060523376605481401;0.0060523376605481401;0.0034045262687568581,858f9853e76e18ae981110d73162d50ef326906e9c172676e167b78b879b28a2,0.0062416995966300482,pre_registered_large_n_uniform_dilation,false
19,t14_1_n105_compact_level3,105,compact,3,14,1,0.10000000000000001,0.10000000000000001,1,0,0.80000000000000004,9.592079526340676,0.025457132710914911,6.704984173180371,6.7049841731803674,4.7049841731803674,87.164794251344901,8.7164794251344908,-43.58239712567245:-25.162308712436161:0;-36.87741295249208:-25.162308712436161:0;-30.172428779311698:-25.162308712436161:0;-23.467444606131323:-25.162308712436161:0;-16.762460432950945:-25.162308712436161:0;-10.057476259770567:-25.162308712436161:0;-3.352492086590189:-25.162308712436161:0;3.352492086590189:-25.162308712436161:0;10.057476259770567:-25.162308712436161:0;16.762460432950945:-25.162308712436161:0;23.467444606131323:-25.162308712436161:0;30.172428779311698:-25.162308712436161:0;36.87741295249208:-25.162308712436161:0;43.58239712567245:-25.162308712436161:0;-40.229905039082269:-19.355622086489355:0;-33.52492086590189:-19.355622086489355:0;-26.819936692721512:-19.355622086489355:0;-20.114952519541134:-19.355622086489355:0;-13.409968346360756:-19.355622086489355:0;-6.7049841731803781:-19.355622086489355:0;-2.6940291117605752e-16:-19.355622086489355:0;6.7049841731803781:-19.355622086489355:0;13.409968346360756:-19.355622086489355:0;20.114952519541134:-19.355622086489355:0;26.819936692721512:-19.355622086489355:0;33.52492086590189:-19.355622086489355:0;40.229905039082269:-19.355622086489355:0;-36.87741295249208:-13.548935460542552:0;-30.172428779311698:-13.548935460542552:0;-23.467444606131323:-13.548935460542552:0;-16.762460432950945:-13.548935460542552:0;-10.057476259770567:-13.548935460542552:0;-3.352492086590189:-13.548935460542552:0;3.352492086590189:-13.548935460542552:0;10.057476259770567:-13.548935460542552:0;16.762460432950945:-13.548935460542552:0;23.467444606131323:-13.548935460542552:0;30.172428779311698:-13.548935460542552:0;36.87741295249208:-13.548935460542552:0;-33.52492086590189:-7.742248834595741:0;-26.819936692721512:-7.742248834595741:0;-20.114952519541134:-7.742248834595741:0;-13.409968346360756:-7.742248834595741:0;-6.7049841731803781:-7.742248834595741:0;-2.6940291117605752e-16:-7.742248834595741:0;6.7049841731803781:-7.742248834595741:0;13.409968346360756:-7.742248834595741:0;20.114952519541134:-7.742248834595741:0;26.819936692721512:-7.742248834595741:0;33.52492086590189:-7.742248834595741:0;-30.172428779311698:-1.9355622086489359:0;-23.467444606131323:-1.9355622086489359:0;-16.762460432950945:-1.9355622086489359:0;-10.057476259770567:-1.9355622086489359:0;-3.352492086590189:-1.9355622086489359:0;3.352492086590189:-1.9355622086489359:0;10.057476259770567:-1.9355622086489359:0;16.762460432950945:-1.9355622086489359:0;23.467444606131323:-1.9355622086489359:0;30.172428779311698:-1.9355622086489359:0;-26.819936692721512:3.8711244172978696:0;-20.114952519541134:3.8711244172978696:0;-13.409968346360756:3.8711244172978696:0;-6.7049841731803781:3.8711244172978696:0;-2.6940291117605752e-16:3.8711244172978696:0;6.7049841731803781:3.8711244172978696:0;13.409968346360756:3.8711244172978696:0;20.114952519541134:3.8711244172978696:0;26.819936692721512:3.8711244172978696:0;-23.467444606131323:9.6778110432446809:0;-16.762460432950945:9.6778110432446809:0;-10.057476259770567:9.6778110432446809:0;-3.352492086590189:9.6778110432446809:0;3.352492086590189:9.6778110432446809:0;10.057476259770567:9.6778110432446809:0;16.762460432950945:9.6778110432446809:0;23.467444606131323:9.6778110432446809:0;-20.114952519541134:15.484497669191484:0;-13.409968346360756:15.484497669191484:0;-6.7049841731803781:15.484497669191484:0;-2.6940291117605752e-16:15.484497669191484:0;6.7049841731803781:15.484497669191484:0;13.409968346360756:15.484497669191484:0;20.114952519541134:15.484497669191484:0;-16.762460432950945:21.29118429513829:0;-10.057476259770567:21.29118429513829:0;-3.352492086590189:21.29118429513829:0;3.352492086590189:21.29118429513829:0;10.057476259770567:21.29118429513829:0;16.762460432950945:21.29118429513829:0;-13.409968346360756:27.097870921085097:0;-6.7049841731803781:27.097870921085097:0;-2.6940291117605752e-16:27.097870921085097:0;6.7049841731803781:27.097870921085097:0;13.409968346360756:27.097870921085097:0;-10.057476259770567:32.904557547031906:0;-3.352492086590189:32.904557547031906:0;3.352492086590189:32.904557547031906:0;10.057476259770567:32.904557547031906:0;-6.7049841731803781:38.711244172978716:0;-2.6940291117605752e-16:38.711244172978716:0;6.7049841731803781:38.711244172978716:0;-3.352492086590189:44.517930798925526:0;3.352492086590189:44.517930798925526:0;-2.6940291117605752e-16:50.324617424872322:0,57e2c46fa1bbcad0bc6100ae59fa4904f5d456a6ecc9f40640e4b1fcb23f5d73,0.0078017818504533031,0.020510931610482692,0.022648468516708375,0.0045237084194553762,0.015305622128708091,0.025218679499197264,0.025457132710914918,0.80570470537274963,0.48571428571428571,54,0.0078017818504533031;0.013869482678458301;0.015305622128708098;0.015897097618445512;0.016195105855296439;0.016351035523344853;0.016419340328665363;0.016419340328665363;0.016351035523344857;0.016195105855296443;0.015897097618445512;0.015305622128708099;0.013869482678458301;0.0078017818504533031;0.013869482678458301;0.020441288609538852;0.02201201281176669;0.022648468516708375;0.022958132940332221;0.023106990173027121;0.023151774006170245;0.023106990173027121;0.022958132940332221;0.022648468516708375;0.022012012811766693;0.020441288609538852;0.013869482678458301;0.015305622128708098;0.022012012811766679;0.023634879017706237;0.024287299386319173;0.024592118720449887;0.02471839830002277;0.024718398300022766;0.024592118720449887;0.024287299386319176;0.02363487901770624;0.022012012811766679;0.015305622128708098;0.015897097618445495;0.022648468516708362;0.024287299386319169;0.02493578178519255;0.025218679499197261;0.025300399425433991;0.025218679499197268;0.02493578178519255;0.024287299386319169;0.022648468516708365;0.015897097618445495;0.016195105855296453;0.022958132940332221;0.02459211872044989;0.025218679499197278;0.025457132710914918;0.025457132710914918;0.025218679499197278;0.02459211872044989;0.022958132940332221;0.016195105855296453;0.016351035523344853;0.023106990173027104;0.024718398300022763;0.025300399425433991;0.0254571327109149;0.025300399425433991;0.024718398300022759;0.023106990173027104;0.016351035523344853;0.016419340328665356;0.023151774006170231;0.024718398300022766;0.025218679499197268;0.025218679499197268;0.02471839830002277;0.023151774006170231;0.01641934032866536;0.01641934032866537;0.023106990173027125;0.024592118720449894;0.024935781785192561;0.024592118720449894;0.023106990173027125;0.01641934032866537;0.016351035523344857;0.022958132940332217;0.024287299386319183;0.02428729938631918;0.022958132940332217;0.01635103552334486;0.016195105855296439;0.022648468516708362;0.023634879017706226;0.022648468516708362;0.016195105855296439;0.015897097618445492;0.022012012811766658;0.022012012811766658;0.015897097618445492;0.015305622128708085;0.020441288609538831;0.015305622128708085;0.013869482678458295;0.013869482678458295;0.0078017818504533161,398fc538345848d39aec77a73045e754445437e643dfdbbfa5f8d18178829f5d,0.013928934367563608,pre_registered_large_n_uniform_dilation,false
20,t14_1_n105_compact_level4,105,compact,4,14,1,0.10000000000000001,0.10000000000000001,1,0,0.80000000000000004,9.592079526340676,0.065350897425260762,4.8968530032889861,4.8968530032889861,2.8968530032889861,63.659089042756882,6.3659089042756882,-31.829544521378441:-18.376796097601019:0;-26.932691518089449:-18.376796097601019:0;-22.03583851480046:-18.376796097601019:0;-17.138985511511468:-18.376796097601019:0;-12.242132508222479:-18.376796097601019:0;-7.3452795049334867:-18.376796097601019:0;-2.4484265016444957:-18.376796097601019:0;2.4484265016444957:-18.376796097601019:0;7.3452795049334867:-18.376796097601019:0;12.242132508222479:-18.376796097601019:0;17.138985511511468:-18.376796097601019:0;22.03583851480046:-18.376796097601019:0;26.932691518089449:-18.376796097601019:0;31.829544521378441:-18.376796097601019:0;-29.381118019733947:-14.13599699815463:0;-24.484265016444958:-14.13599699815463:0;-19.587412013155966:-14.13599699815463:0;-14.690559009866973:-14.13599699815463:0;-9.7937060065779828:-14.13599699815463:0;-4.8968530032889914:-14.13599699815463:0;-1.9675310494603679e-16:-14.13599699815463:0;4.8968530032889914:-14.13599699815463:0;9.7937060065779828:-14.13599699815463:0;14.690559009866973:-14.13599699815463:0;19.587412013155966:-14.13599699815463:0;24.484265016444958:-14.13599699815463:0;29.381118019733947:-14.13599699815463:0;-26.932691518089449:-9.8951978987082434:0;-22.03583851480046:-9.8951978987082434:0;-17.138985511511468:-9.8951978987082434:0;-12.242132508222479:-9.8951978987082434:0;-7.3452795049334867:-9.8951978987082434:0;-2.4484265016444957:-9.8951978987082434:0;2.4484265016444957:-9.8951978987082434:0;7.3452795049334867:-9.8951978987082434:0;12.242132508222479:-9.8951978987082434:0;17.138985511511468:-9.8951978987082434:0;22.03583851480046:-9.8951978987082434:0;26.932691518089449:-9.8951978987082434:0;-24.484265016444958:-5.654398799261851:0;-19.587412013155966:-5.654398799261851:0;-14.690559009866973:-5.654398799261851:0;-9.7937060065779828:-5.654398799261851:0;-4.8968530032889914:-5.654398799261851:0;-1.9675310494603679e-16:-5.654398799261851:0;4.8968530032889914:-5.654398799261851:0;9.7937060065779828:-5.654398799261851:0;14.690559009866973:-5.654398799261851:0;19.587412013155966:-5.654398799261851:0;24.484265016444958:-5.654398799261851:0;-22.03583851480046:-1.4135996998154634:0;-17.138985511511468:-1.4135996998154634:0;-12.242132508222479:-1.4135996998154634:0;-7.3452795049334867:-1.4135996998154634:0;-2.4484265016444957:-1.4135996998154634:0;2.4484265016444957:-1.4135996998154634:0;7.3452795049334867:-1.4135996998154634:0;12.242132508222479:-1.4135996998154634:0;17.138985511511468:-1.4135996998154634:0;22.03583851480046:-1.4135996998154634:0;-19.587412013155966:2.827199399630925:0;-14.690559009866973:2.827199399630925:0;-9.7937060065779828:2.827199399630925:0;-4.8968530032889914:2.827199399630925:0;-1.9675310494603679e-16:2.827199399630925:0;4.8968530032889914:2.827199399630925:0;9.7937060065779828:2.827199399630925:0;14.690559009866973:2.827199399630925:0;19.587412013155966:2.827199399630925:0;-17.138985511511468:7.0679984990773175:0;-12.242132508222479:7.0679984990773175:0;-7.3452795049334867:7.0679984990773175:0;-2.4484265016444957:7.0679984990773175:0;2.4484265016444957:7.0679984990773175:0;7.3452795049334867:7.0679984990773175:0;12.242132508222479:7.0679984990773175:0;17.138985511511468:7.0679984990773175:0;-14.690559009866973:11.308797598523704:0;-9.7937060065779828:11.308797598523704:0;-4.8968530032889914:11.308797598523704:0;-1.9675310494603679e-16:11.308797598523704:0;4.8968530032889914:11.308797598523704:0;9.7937060065779828:11.308797598523704:0;14.690559009866973:11.308797598523704:0;-12.242132508222479:15.549596697970092:0;-7.3452795049334867:15.549596697970092:0;-2.4484265016444957:15.549596697970092:0;2.4484265016444957:15.549596697970092:0;7.3452795049334867:15.549596697970092:0;12.242132508222479:15.549596697970092:0;-9.7937060065779828:19.790395797416483:0;-4.8968530032889914:19.790395797416483:0;-1.9675310494603679e-16:19.790395797416483:0;4.8968530032889914:19.790395797416483:0;9.7937060065779828:19.790395797416483:0;-7.3452795049334867:24.031194896862875:0;-2.4484265016444957:24.031194896862875:0;2.4484265016444957:24.031194896862875:0;7.3452795049334867:24.031194896862875:0;-4.8968530032889914:28.271993996309263:0;-1.9675310494603679e-16:28.271993996309263:0;4.8968530032889914:28.271993996309263:0;-2.4484265016444957:32.512793095755654:0;2.4484265016444957:32.512793095755654:0;-1.9675310494603679e-16:36.753592195202039:0,60a37dc5b39150a78b0240eadedd627abcf5e77f0e9861269f24f51f85a7f7ad,0.020027921103016877,0.052653525555864507,0.058140787483110981,0.011612792699739678,0.039290997659534005,0.064738765196677053,0.065350897425260776,0.80570470537274952,0.48571428571428571,55,0.020027921103016877;0.03560429016708317;0.039290997659534005;0.040809371880948679;0.041574387561995031;0.041974673951585856;0.042150018927661626;0.042150018927661626;0.041974673951585856;0.041574387561995024;0.040809371880948672;0.039290997659534005;0.03560429016708317;0.020027921103016877;0.035604290167083164;0.052474745303479044;0.056506944741994525;0.058140787483110981;0.05893572571179128;0.059317856482578438;0.059432820870723803;0.059317856482578438;0.05893572571179128;0.058140787483110995;0.056506944741994525;0.052474745303479044;0.035604290167083164;0.039290997659534033;0.056506944741994518;0.060672997697118008;0.062347823258643034;0.063130323678632264;0.063454495451835694;0.063454495451835694;0.06313032367863225;0.06234782325864302;0.060672997697118008;0.056506944741994518;0.039290997659534047;0.040809371880948631;0.058140787483110939;0.06234782325864302;0.064012539674749486;0.064738765196677039;0.064948548072766857;0.064738765196677053;0.064012539674749486;0.062347823258643034;0.058140787483110939;0.040809371880948637;0.041574387561995038;0.058935725711791301;0.063130323678632277;0.064738765196677067;0.065350897425260762;0.065350897425260776;0.064738765196677067;0.063130323678632291;0.058935725711791287;0.041574387561995031;0.041974673951585842;0.059317856482578424;0.063454495451835694;0.064948548072766857;0.065350897425260734;0.064948548072766857;0.06345449545183568;0.059317856482578424;0.041974673951585856;0.042150018927661626;0.059432820870723796;0.063454495451835694;0.064738765196677053;0.064738765196677053;0.063454495451835694;0.059432820870723803;0.042150018927661626;0.042150018927661667;0.059317856482578438;0.063130323678632291;0.064012539674749541;0.063130323678632291;0.059317856482578438;0.04215001892766166;0.041974673951585856;0.05893572571179128;0.06234782325864302;0.06234782325864302;0.058935725711791266;0.041974673951585863;0.041574387561994997;0.058140787483110912;0.060672997697117974;0.058140787483110912;0.04157438756199499;0.040809371880948658;0.056506944741994497;0.056506944741994504;0.040809371880948651;0.039290997659534005;0.052474745303479009;0.039290997659533998;0.03560429016708315;0.03560429016708315;0.020027921103016915,9e24c4389a45f0f0549756bc5a74fb226c61e19e187a86126e75b7c71096c186,0.03431817111572006,pre_registered_large_n_uniform_dilation,false
21,t14_1_n105_irregular_level1,105,irregular,1,14,1,0.10000000000000001,0.10000000000000001,1,0,0.80000000000000004,3.1191454733134432,0.0031111241226691642,9.2911490323122532,9.2911490323122603,7.2911490323122603,197.29067684554704,19.729067684554707,-99.22216758289315:-58.405715091092105:0;-81.260723111901356:-55.671966693465606:0;-67.247614601812927:-54.055785744607554:0;-53.62029613407617:-57.153301516606724:0;-35.382459188203931:-58.072298662961593:0;-24.672475364502084:-54.767936510783493:0;-5.6519592333673687:-54.592679813122501:0;6.6319433444127025:-57.936488457226169:0;22.168255190929688:-57.359126154069422:0;38.858640037102717:-54.145269276337871:0;50.315727359042448:-55.446001248496074:0;69.601342960761258:-58.367091493500716:0;80.6831167273684:-56.408885288966665:0;98.017701909316088:-53.928544905545849:0;-89.294368885195084:-43.479148268267103:0;-76.400962546726106:-45.393084069497448:0;-57.696205646272247:-42.445821341875259:0;-47.053746218170026:-41.195250632759766:0;-28.384248983154752:-44.423989777761911:0;-15.43032181352444:-44.947841141409576:0;-0.69304296993204118:-41.601194385103:0;16.698803396377617:-41.83060081994288:0;27.750912460831714:-45.125613149717722:0;47.030184333250169:-44.154570708974767:0;58.527824939669131:-41.078119029430979:0;75.154946544898365:-42.74160420107161:0;90.759292181607805:-45.443641348861888:0;-84.15658581284265:-30.206112245462126:0;-65.11225347012595:-28.015375568606757:0;-54.389636404058614:-30.78011829983453:0;-36.197299775919362:-32.348571187943776:0;-22.504516332285021:-29.23080363648296:0;-8.5582737082831155:-28.36409278839745:0;9.4524765582281045:-31.676938205224172:0;20.233315153219646:-31.797999205232362:0;39.3593005406101:-28.45790557579484:0;51.391317501482256:-29.088627407157098:0;67.254504718478515:-32.286759194564262:0;83.635715714275733:-30.936207071906566:0;-76.877963269383329:-15.076181541964461:0;-57.632983823947164:-17.078144616874024:0;-46.685261477926552:-19.521697746597411:0;-29.079949941977691:-16.969743715064023:0;-14.604682907273647:-15.100580240302609:0;-1.4144953568338465:-18.07324254089923:0;17.111488721383857:-19.273324029049846:0;27.764018396716825:-16.030549342654918:0;46.595003555634086:-15.560346296757604:0;59.261677377868175:-18.908953518518771:0;74.330519241804467:-18.625457507558522:0;-65.762352012954636:-2.3747852924290753:0;-54.558025808026855:-3.3976183749772826:0;-35.258172209129292:-6.4521991730585269:0;-23.948075884770837:-4.7418460219732665:0;-7.0196289292328871:-2.0722287240866919:0;8.2550564039625431:-4.3834549863901158:0;20.749961089043122:-6.5328652433428669:0;39.669932886108349:-3.7378532229076673:0;50.341492152261033:-2.2175397169914701:0;68.745826586634394:-5.3547414239598057:0;-60.105376061230146:6.7969351317544362:0;-45.834193269086938:10.117395030767796:0;-28.068358728563148:10.184228585286915:0;-17.192079021378586:6.8487258987288868:0;2.0150038774745784:7.5326418536377746:0;13.812381332244243:10.714209851518547:0;29.997213881647003:9.3141917560696346:0;46.060981922914642:6.4477375497575897:0;57.945093910332226:8.492932487023868:0;-50.135095163302736:23.864931363091731:0;-39.297816946128577:21.278169717579434:0;-21.437229534205553:19.454268751061448:0;-7.2896821477986666:22.451551054037779:0;6.2077381397274802:23.600828603927884:0;24.534097650772583:20.344868782791146:0;35.222036658228546:19.928437363796487:0;54.191868660415068:23.278126890138189:0;-45.702949113925122:35.906489462477225:0;-30.303114118671264:32.6327664163273:0;-13.487516682937605:33.707121906177726:0;-2.1088714517555931:36.739030769353732:0;17.186172104254545:34.982258173130539:0;28.330205515678298:32.345760823219315:0;45.548498273543473:34.695951946739953:0;-36.824313773075595:49.769345921801836:0;-24.050364312947991:46.944797594571135:0;-5.2779161959501248:45.473022167902855:0;5.3678127151621062:48.628835309883101:0;23.964006887157542:49.390305457009518:0;37.040484324063364:46.063101855143756:0;-30.703641117063007:59.016387086539538:0;-13.199114513420525:62.346424105964239:0;-2.2033672730867497:61.609493382145637:0;17.059965621426556:58.445323529195953:0;28.641326229608275:59.894440447444147:0;-22.231969537214862:75.698319239350042:0;-6.4920512267696244:73.610428785155221:0;5.6333986095030104:71.242362787977129:0;24.722281691559832:73.863253678010366:0;-16.927584146659417:88.607287638002362:0;1.1713310480669701:85.586171359753138:0;14.995993812738591:84.487999142258715:0;-8.6199577482535812:100.72216404728306:0;9.4870965788734676:101.08471463164923:0;-2.2219759405432149:110.70069505898492:0,a7ebaaa5983a4b4ea155b47d9fe2d7588c1a3998181efc9940e8ce9b4aa490e8,0.00046564843406975007,0.002029994889370518,0.002150903684172663,0.00055318789277189505,0.0012561475033746575,0.0026568806193382607,0.0031111241226691646,0.65249562837399744,0.057142857142857141,80,0.00046564843406975007;0.0015190922111414167;0.0016700254269658252;0.0012622707453308398;0.0014918617182189068;0.002150903684172663;0.0016723956567973746;0.0013540398252050653;0.0013787238917725745;0.0018711356237192532;0.0017913275095580551;0.0013270999111415346;0.0015102268585848123;0.00096719222248958445;0.0013208400587368689;0.0020328929414334795;0.0024271655192162202;0.0023749797192763617;0.002367598573415093;0.0021455878080541557;0.0020225558473385493;0.0027191390891309624;0.0021845049930473972;0.0023828610944328786;0.0022513953703822581;0.0018295797513717003;0.0014803645613913838;0.0010963553482506206;0.0021079688628713872;0.0027926090521302217;0.0020942021073043007;0.0022108313140049704;0.0022571596178499785;0.002657137736565454;0.0029231718230098395;0.0020524672369483859;0.002473854281252184;0.0021309423704690086;0.0012520653420705359;0.0010244785622618841;0.0024013123474418909;0.0022934578832267097;0.0024511434259654168;0.0024129110073939607;0.002220787721894922;0.0026564949434974704;0.0024964300661205257;0.0023613523260104363;0.0021360352976542763;0.001434937413808985;0.0020489502891305167;0.0023827866290631276;0.0023204325728096073;0.0026987966509866681;0.0023251567387034188;0.0023114874453233716;0.0024468891936948794;0.0026674760185487817;0.0030689530530305428;0.0012166018599198472;0.0020372043702483263;0.001970296878268702;0.0025944025327212629;0.0026484906197838621;0.0024112378122398415;0.0023085187296432007;0.0024192606880688514;0.002922222397242985;0.0017584212296416447;0.0018829572498096658;0.0023559761788026507;0.0024715607711330175;0.0023302124591049098;0.0021478420383920097;0.0028174293240207631;0.0025487712787247117;0.0012147156788656062;0.0014555914417939244;0.0018810958808407917;0.0024422429790956009;0.0031111241226691646;0.0021915294296219506;0.0023943085431013885;0.0013588711105618936;0.0017314783952304025;0.0019032097265020355;0.0030515016834660796;0.0023879808295027023;0.0024488687653199501;0.0015456723040894577;0.0016458460549871236;0.0021765670952039861;0.0026015142145783474;0.0023201761466669956;0.0020016890563057297;0.0012689677353726926;0.0022985241469644577;0.002152967527977162;0.001234878175071911;0.0011766539396873921;0.0016596945764878373;0.0013450848803600556;0.0012667348658449149;0.00090339015289527609;0.00095673378138407331,649be7b199b9dcfaf7d5af3c7eecec766125caee061a93540a19b2fd7b8b8071,0.0014153362887229502,pre_registered_large_n_uniform_dilation,false
22,t14_1_n105_irregular_level2,105,irregular,2,14,1,0.10000000000000001,0.10000000000000001,1,0,0.80000000000000004,3.1191454733134432,0.011108933664494051,6.0787985040751211,6.0787985040751238,4.0787985040751238,129.07878962072968,12.907878962072969,-64.916789277232994:-38.212342982600056:0;-53.165390026012396:-36.423769189173981:0;-43.997216880546368:-35.366371627250679:0;-35.081449538084748:-37.392942740865855:0;-23.149218598878317:-37.994202978871215:0;-16.142137621081815:-35.83230119065032:0;-3.6978334125738161:-35.717638284279346:0;4.3389947939618869:-37.905348212620929:0;14.503734255465131:-37.527604933233974:0;25.423533957580695:-35.424916846677242:0;32.919412565431735:-36.275929734217826:0;45.537159935771854:-38.18707322678793:0;52.787487054697188:-36.905903276182826:0;64.128759281234977:-35.283123428405133:0;-58.421458327051575:-28.446533419325306:0;-49.985858070275519:-29.698739152432506:0;-37.748141521962765:-27.770472132123235:0;-30.78523884692861:-26.952277597800975:0;-18.570591178554906:-29.064702510632596:0;-10.095394749480944:-29.407435887809594:0;-0.45342815557380317:-27.217869104933282:0;10.925307596802451:-27.367959851307074:0;18.156226379208306:-29.523744453565218:0;30.769823320785839:-28.888433221805464:0;38.292234195439434:-26.875643436340564:0;49.170643484692754:-27.963990113135143:0;59.379894523893235:-29.731816602067834:0;-55.060028223426819:-19.762557816376379:0;-42.600142093798638:-18.329253196272063:0;-35.58479572982376:-20.138105246787223:0;-23.682333688135639:-21.164276394918943:0;-14.72373543249293:-19.124455414546897:0;-5.5993097553866074:-18.557403848751843:0;6.1843481535095304:-20.724855871532139:0;13.23778635539365:-20.804060867942415:0;25.751094554142643:-18.618781513636037:0;33.623124853989637:-19.031435633340564:0;44.001724787021011:-21.123835470811219:0;54.7192453595448:-20.240227405292551:0;-50.297939091605329:-9.8636960278798966:0;-37.706778207518219:-11.173494213513486:0;-30.54415515749724:-12.772205746170281:0;-19.025758341740971:-11.102572173895849:0;-9.5552147856498717:-9.8796590449882764:0;-0.92544336865544086:-11.824543911557916:0;11.195309824468513:-12.609705523923392:0;18.164801028390645:-10.488097761077675:0;30.485103287690368:-10.180464166774986:0;38.772362227830499:-12.371313597731874:0;48.631256220605501:-12.185834372143823:0;-43.025473560972934:-1.5537196995671125:0;-35.694965661807892:-2.2229153168679834:0;-23.067902983355687:-4.2213959268955961:0;-15.66819425213693:-3.1023855504502822:0;-4.592640768734281:-1.3557699725051979:0;5.4009277372418758:-2.8679057370924057:0;13.57580553159006:-4.2741722611970632:0;25.954327914253991:-2.445516318901285:0;32.936269359562388:-1.4508406944603929:0;44.9774324319757:-3.5033766054633237:0;-39.324357925722616:4.4469418117730966:0;-29.987337896600003:6.6193756621792854:0;-18.363917795060004:6.6631019773874414:0;-11.248036585534042:4.4808262792070286:0;1.3183302208908516:4.9282830220872604:0;9.0368460013030223:7.0098458857191881:0;19.625884617286914:6.0938743654372685:0;30.135715941644229:4.2184768789981657:0;37.910978389823562:5.5565598095334297:0;-32.801232702270383:15.613796373871574:0;-25.710868487284859:13.921389679451588:0;-14.025455664401642:12.72808985955929:0;-4.7693249544393286:14.689082532936853:0;4.0614556053541602:15.44100531737856:0;16.05160304497171:13.310771088950833:0;23.044261049296139:13.038317953388047:0;35.455404815951454:15.229875489601048:0;-29.901470500512428:23.492069029569322:0;-19.826021962705916:21.350213088341359:0;-8.8243010580065295:22.053117596904858:0;-1.3797437304725175:24.036764936740902:0;11.244171944158422:22.887384317316691:0;18.535232866239777:21.16243769436387:0;29.800419970142077:22.700066488850283:0;-24.092561931670652:32.561938731807729:0;-15.735117163611609:30.713958456543015:0;-3.4531131687800514:29.751039206098145:0;3.5119285881223621:31.815751777158475:0;15.678617220613695:32.31394888659586:0;24.233993009506083:30.137102921964775:0;-20.088069521107798:38.611879358509697:0;-8.635611944255853:40.790579106172224:0;-1.4415682750311607:40.30843708412776:0;11.16160048003151:38.23825707712777:0;18.738785744774724:39.186351841751822:0;-14.545419807116437:49.526148827541192:0;-4.2474694086189917:48.160132059809548:0;3.6856899960610705:46.610808505625322:0;16.174723754977549:48.325544494281964:0;-11.074988984727417:57.971930669806184:0;0.76635143812715734:55.995344453290826:0;9.8112326515237331:55.276857685970015:0;-5.6396669650916449:65.898172336759941:0;6.2069985414193791:66.135373563673014:0;-1.4537431243962708:72.426695254199871:0,aace8272a03d403bf873c1bfc37652479fad1e4722a0f447c88c486734750bb5,0.0016626972634632073,0.0072485306519791013,0.0076802613473647184,0.00197527561180423,0.0044853431549483694,0.0094869601439708396,0.011108933664494051,0.65249562837399755,0.057142857142857141,80,0.0016626972634632073;0.0054242434369161097;0.0059631827451053282;0.0045072074991599131;0.0053270111415783918;0.0076802613473647184;0.0059716461573415779;0.0048348886139525302;0.0049230283497060335;0.0066812896887364984;0.0063963177586084038;0.0047386938925403329;0.0053925878006957232;0.0034535665620544897;0.0047163417515227986;0.0072588787663115106;0.0086667132787319849;0.0084803727256385648;0.0084540167666643431;0.0076612798754463057;0.0072219679623524262;0.0097092673177478408;0.0078002420027843333;0.0085085148602325519;0.0080390883924836409;0.0065329055641959888;0.0052859580856759927;0.0039147711104435944;0.0075269533908427048;0.0099716075244096619;0.0074777962475272965;0.0078942457588597886;0.0080596708701411637;0.0094878782359878299;0.010437809804860579;0.0073287729723381535;0.0088334254830299951;0.0076089852101722949;0.0044707669254740075;0.0036581196828300716;0.0085743990029481642;0.0081892815852097622;0.0087523315199166934;0.0086158144974524502;0.007929797241354555;0.0094855830059453541;0.0089140371483437935;0.0084317132052073324;0.007627170595270555;0.0051237507454471205;0.0073162149584275228;0.00850824896571333;0.008285600480046923;0.0096366302942769971;0.0083024691241334863;0.0082536599903888681;0.0087371408742775835;0.0095247932815563409;0.010958352846530971;0.0043441369823440058;0.0072742736444375011;0.0070353661432409134;0.0092638687813808868;0.0094570018572487455;0.0086098399965190333;0.0082430595565072852;0.0086384873895090884;0.01043441967722584;0.0062788188526428498;0.0067235013314954481;0.0084125165224820525;0.0088252360149251967;0.0083205216544575376;0.0076693290866961033;0.010060233610382141;0.0091009326355737351;0.0043374019697297195;0.0051975003670444919;0.0067168549157354002;0.0087205505719497849;0.011108933664494051;0.0078253242550058288;0.0085493904225283687;0.004852139750977944;0.0061826137035049409;0.0067958171283734646;0.010896039001373335;0.0085267959686126504;0.008744209357886704;0.0055191533401257979;0.0058768451292566665;0.0077718980418554047;0.009289262561531824;0.0082846848556951437;0.0071474586248157475;0.004531120533546624;0.0082073717627695001;0.0076876307428031801;0.0044093964720494433;0.0042014943945207607;0.0059262942353150733;0.0048029130693165688;0.0045231475956349588;0.0032257476352504756;0.0034162224626569371,4db37850c5c021f11011ae1fa3f687987d386225c50c0efb1c3d37f8b7a901d7,0.0050104479658462037,pre_registered_large_n_uniform_dilation,false
23,t14_1_n105_irregular_level3,105,irregular,3,14,1,0.10000000000000001,0.10000000000000001,1,0,0.80000000000000004,3.1191454733134432,0.025457132710914911,4.6107549750856496,4.610754975085654,2.610754975085654,97.905971224878499,9.790597122487851,-49.239238465616673:-28.983976093069906:0;-40.325828599265627:-27.627346898860118:0;-33.371789916363802:-26.825313229539955:0;-26.609200466589687:-28.362462855111847:0;-17.558630172158182:-28.818517391521617:0;-12.243775031369333:-27.178719754043801:0;-2.804798315429073:-27.091748197797394:0;3.2911177792319979:-28.751121251433421:0;11.001049768449374:-28.464603824746057:0;19.283693249676027:-26.869719646623452:0;24.969300292024563:-27.515211005229808:0;34.539833255597628:-28.964809040197231:0;40.039190046610337:-27.993044518026824:0;48.641519488399574:-26.762169658201518:0;-44.312544568245357:-21.576631533216137:0;-37.914160771564184:-22.526426761645617:0;-28.631880330619385:-21.063840569452481:0;-23.350534332980416:-20.443241857850964:0;-14.085751585515224:-22.045511396774458:0;-7.6573341813218914:-22.305473891482478:0;-0.34392423482276802:-20.644692417863745:0;8.2868212069421521:-20.758535910964124:0;13.771456818414965:-22.393693676665901:0;23.338841691118919:-21.911811538180746:0;29.044573398083038:-20.385115018973476:0;37.295822344370336:-21.210623522222019:0;45.039516265025135:-22.551515932699235:0;-41.762907405029559:-14.989855595836859:0;-32.312111837012182:-13.902697269478628:0;-26.990987419421771:-15.274707476021177:0;-17.962996766714426:-16.053055980806427:0;-11.167920165753316:-14.505856361139898:0;-4.2470638390772635:-14.075749025559205:0;4.6908141464699291:-15.719756503450466:0;10.040831137326661:-15.779833314847568:0;19.532147224458633:-14.122303846143275:0;25.503064478042923:-14.435301066587702:0;33.375209153272422:-16.02238163094901:0;41.504424370262967:-15.35216690325491:0;-38.150873523395255:-7.4815912228035533:0;-28.600506349768832:-8.4750701967685043:0;-23.16767289749896:-9.6876892937796235:0;-14.430994853695418:-8.4212759894443057:0;-7.2476088953124895:-7.4936991353294413:0;-0.70194671090472549:-8.9688899264854847:0;8.4916172885462604:-9.564433241177273:0;13.777960670508529:-7.9551985311990769:0;23.122882187243039:-7.7218591427518835:0;29.408749429340055:-9.3836135020510412:0;36.886698319331359:-9.242927927166166:0;-32.634724796961372:-1.1784928929401335:0;-27.074551064714527:-1.6860762615461233:0;-17.49695246091775:-3.2019193034103628:0;-11.884290053407561:-2.3531524530354293:0;-3.4835076798526963:-1.0283484707725434:0;4.0965915250969331:-2.1753000426829212:0;10.297217921207906:-3.2419500341187657:0;19.68629927039478:-1.8549186202615904:0;24.982086132408948:-1.1004593992637641:0;34.115281204548353:-2.657303265178121:0;-29.82743692302417:3.3729953491308904:0;-22.745328259134258:5.0207815320566578:0;-13.928990289590036:5.0539478436646199:0;-8.5316104180668493:3.3986966413672417:0;0.99995050349231651:3.7380915731103439:0;6.8544273398202211:5.316952317221272:0;14.886189282133556:4.6221899819760122:0;22.857872672133389:3.1997052121542424:0;28.755391728161715:4.2146381014261403:0;-24.879661131973311:11.84302938525448:0;-19.501635843341408:10.559342719059831:0;-10.638276534274135:9.6542274931399774:0;-3.6175222367939046:11.141636019482927:0;3.0806049297278655:11.71196775805276:0;12.175104759285613:10.096189893358545:0;17.479020107178336:9.8895348036345396:0;26.892844702655015:11.551826259175712:0;-22.680198032586524:17.81868145169296:0;-15.037993007898192:16.194088544013393:0;-6.6932124790090528:16.727240030725223:0;-1.046532512198693:18.231832070555633:0;8.5286790962871244:17.360029459278998:0;14.058932385255778:16.051661330576401:0;22.603551432879723:17.217949308251665:0;-18.274153965547665:24.69815719429894:0;-11.935050931041889:23.296468317405772:0;-2.619178561653742:22.566096234564391:0;2.6637899247648096:24.132176069708841:0;11.89219585152329:24.510057455211552:0;18.381429119564412:22.858924693582864:0;-15.236755490780382:29.287023534388798:0;-6.5500922111819166:30.93956238627187:0;-1.0934262900094021:30.573858748398518:0;8.4660488267086809:29.003631875407223:0;14.213326785196626:29.722759619140209:0;-11.032668165495533:37.565472346275996:0;-3.2216959805766416:36.529351704401329:0;2.7955875613527299:35.354193277833417:0;12.268491540540976:36.654816663418053:0;-8.4003542025810276:43.971578852620247:0;0.58127583989501597:42.472342658926003:0;7.4417978699918406:41.927372064040043:0;-4.2776746917487802:49.983615306063875:0;4.7079944146878896:50.163531902469018:0;-1.1026608858334728:54.935485235848091:0,8775451534ed24b4b10039ef1a09583dbb07f4c11e7fb1063fc91fbc127995a8,0.003810222130441146,0.01661066780480867,0.017600017992661098,0.0045265238688977361,0.01027857212924629,0.021740232744402253,0.025457132710914911,0.65249562837399744,0.057142857142857141,80,0.003810222130441146;0.012430147591143404;0.013665176074169861;0.010328676264264159;0.012207330935561925;0.017600017992661098;0.013684570753712686;0.01107958736681201;0.011281567594433091;0.015310783502997811;0.014657744384820051;0.010859148406328636;0.0123576058192102;0.0079141621465613175;0.010807926440526902;0.016634381450764613;0.01986056238766613;0.019433546048133382;0.019373148969026255;0.017556520221923659;0.016549796983593275;0.022249669869183877;0.017874964586097133;0.01949803631126433;0.01842230282968859;0.014970747774573754;0.012113254121003546;0.0089710543515030706;0.017248698855047196;0.022850846332928915;0.017136050786486886;0.018090382750073221;0.018469469450812789;0.021742336635830837;0.023919191295821495;0.016794550386171184;0.020242598579214201;0.017436682236194361;0.010245169372567711;0.0083829142427826759;0.019649015821567542;0.018766484202534978;0.020056764380957406;0.019743923197174038;0.018171852208373404;0.02173707690725938;0.020427327548161085;0.019322038327709533;0.017478355701517602;0.011741541235536512;0.016765772554170052;0.019497426989769789;0.018987207717724858;0.022083215517932023;0.01902586375116011;0.018914013178209725;0.020021953633708525;0.021826930823036269;0.025112063059553453;0.0099549853310751148;0.016669660215347961;0.016122181929197659;0.021228998579573;0.021671580603349914;0.019730232084441083;0.018889721319038828;0.019795880193179051;0.023911422509751565;0.014388484946165471;0.015407515324801245;0.019278047381818042;0.020223831667585061;0.019067232767674816;0.017574965722202344;0.02305394107634802;0.020855615569781959;0.0099395514365979536;0.011910545206672332;0.015392284458080342;0.01998393544575023;0.025457132710914911;0.017932442850238012;0.019591706383066426;0.011119119917634044;0.014168022089599417;0.015573233556075178;0.024969265211099698;0.019539929135201351;0.020038151707325386;0.01264764227376191;0.013467325568353236;0.017810011819547913;0.02128719073832179;0.018985109481175731;0.016379052054227471;0.010383475159305633;0.018807939491117184;0.017616905633126144;0.010104533392144899;0.0096281068566765552;0.013580642696115775;0.011006312495624063;0.010365204446324234;0.0073920943379970488;0.007828584743450882,0ca0f315a4b0e9f02bcb8b049cf01a9de0f2258b7333740cbb62661380854d3d,0.011355412623795245,pre_registered_large_n_uniform_dilation,false
24,t14_1_n105_irregular_level4,105,irregular,4,14,1,0.10000000000000001,0.10000000000000001,1,0,0.80000000000000004,3.1191454733134432,0.065350897425260762,3.3673739958238111,3.3673739958238129,1.3673739958238129,71.503695884946907,7.1503695884946907,-35.960907070366517:-21.167875525541152:0;-29.45117390079761:-20.177088139257933:0;-24.372428846399771:-19.59133866082383:0;-19.433504965028522:-20.713965585223548:0;-12.823599380904968:-21.047036024854794:0;-8.9419997102717605:-19.849442148647235:0;-2.0484291535641286:-19.78592418717173:0;2.4036029862492039:-20.997814582644526:0;8.0343998146099356:-20.788562228704492:0;14.083465190252486:-19.623770012075994:0;18.235836202880748:-20.095191900084618:0;25.225486271438527:-21.153877246350696:0;29.241833084894882:-20.444168185751572:0;35.524374799281375:-19.545222998361297:0;-32.362793311332105:-15.758067460757747:0;-27.689859848446371:-16.45173168079398:0;-20.910729326941947:-15.383560689957354:0;-17.053602398381344:-14.930318655934524:0;-10.287250972345777:-16.100504625222854:0;-5.5923830563208714:-16.290363108117621:0;-0.25117828449651625:-15.07744410087721:0;6.0521164952557323:-15.160587451658467:0;10.057711985460609:-16.35479268898866:0;17.045062907916193:-16.002859569368322:0;21.212131572592195:-14.887866865120838:0;27.238268568579571:-15.490760725712278:0;32.893722757955032:-16.470055062244359:0;-30.500716074829338:-10.947545512031342:0;-23.598513852513793:-10.153560861512357:0;-19.712335539166265:-11.155581466918832:0;-13.118920551222248:-11.72403295238375:0;-8.1562703194600967:-10.594066212930894:0;-3.1017593447473875:-10.279945799880624:0;3.4258436332917217:-11.480614250037876:0;7.3331230679122648:-11.524490164837893:0;14.264918652508193:-10.313946195274033:0;18.625660353071446:-10.542537544540021:0;24.374926018666322:-11.701630545704841:0;30.311938086335495:-11.212152432499893:0;-27.862738339995587:-5.4640326513087718:0;-20.887815958560306:-6.1896004336794137:0;-16.920053154058763:-7.0752128846075273:0;-10.539392586850377:-6.1503128949035988:0;-5.2931482713464426:-5.472875426516671:0;-0.51265294155231456:-6.550251937708385:0;6.2016852759362706:-6.9851952565609761:0;10.062461945614833:-5.8099224119099784:0;16.887341141864393:-5.6395075898029079:0;21.478100357353831:-6.8531371249197459:0;26.939472902701134:-6.7503901888941424:0;-23.834127867554454:-0.86068905057702882:0;-19.77336460006314:-1.2313925569208488:0;-12.778554280465835:-2.338458637965263:0;-8.6794569438010107:-1.7185785020843189:0;-2.5441111572342026:-0.75103403191801998:0;2.9918648567672737:-1.5886875005126084:0;7.520370100899215:-2.3676942929392721:0;14.377500560176964:-1.3547032449110425:0;18.245174089334871:-0.80369882688720751:0;24.915423050924311:-1.9407090514525309:0;-21.783880514015127:2.4634006552228529:0;-16.611602073879972:3.6668288081055449:0;-10.17276345038842:3.6910511699203727:0;-6.2308934696240605:2.4821710873111789:0;0.73029413637587715:2.7300414845978813:0;5.0059958737984411:3.8831313020951583:0;10.871834863581423:3.3757253276670212:0;16.69379666712042:2.3368416200667781:0;21.000933441131334:3.078077846521651:0;-18.170370009557718:8.6493230282622822:0;-14.242635266835784:7.7118077792657065:0;-7.7694555350410761:7.0507747182039244:0;-2.6419860468226024:8.1370742114188772:0;2.2498590768379647:8.5536047526926211:0;8.891847730877851:7.3735532439919345:0;12.765457739445479:7.2226267733810499:0;19.640658940842204:8.4366485661494846:0;-16.564035496951888:13.01352270604758:0;-10.982701721909654:11.827033304489577:0;-4.8882557785278609:12.216409981821007:0;-0.76431438807840379:13.315259115341558:0;6.228752636552735:12.678555265632061:0;10.267664098172146:11.723014397083535:0;16.508058163930372:12.574789828414641:0;-13.346168076980209:18.037812186995708:0;-8.7165291500393938:17.014116349808468:0;-1.9128654258553801:16.480703498263466:0;1.9454464553983069:17.624459030870469:0;8.6852307875934009:17.900437250906776:0;13.424514370805396:16.694564990245624:0;-11.127863982714986:21.389200249780966:0;-4.7837307125114252:22.596099420738586:0;-0.79856233419980616:22.329014978601208:0;6.1830118539109584:21.182230738660891:0;10.380423004310284:21.70743150881826:0;-8.0574916875414164:27.435202131368619:0;-2.3529021442399141:26.678491847513161:0;2.041702260912881:25.820238058712661:0;8.9600509254636052:26.770122706811247:0;-6.1350330803373812:32.113775723004913:0;0.4245233499155443:31.018838126120333:0;5.4349703606017465:30.620829596145587:0;-3.1241153775084087:36.504548020527579:0;3.438390903478719:36.63594655968776:0;-0.8053066392014705:40.121048598493658:0,455b4572637aa94a77c46e13afe95f073b164b6e11a3170dea12e1da612064f6,0.0097812050729168213,0.04264117488030017,0.045180931551965148,0.011620020228063582,0.026386078924297583,0.055809259283610274,0.065350897425260776,0.65249562837399722,0.057142857142857141,80,0.0097812050729168213;0.03190937916827441;0.035079815549624291;0.026514701036823629;0.031337387476637328;0.045180931551965148;0.035129603549231003;0.028442361743759966;0.028960864329541636;0.039304247401585113;0.037627833450676176;0.027876473823126077;0.031723157493174996;0.020316412084580814;0.0277449821319352;0.042702050080270421;0.050983965482015017;0.049887773647663197;0.049732728562015265;0.045069268609167518;0.042484913653295098;0.057117033166249803;0.045886745785999432;0.050053326328660608;0.047291815470007117;0.038431343125148794;0.031095883284939257;0.023029555581888097;0.044279061683647494;0.058660310716900199;0.043989883304556832;0.046439744841211272;0.047412896703073956;0.055814660174374545;0.061402854540574925;0.043113219075118753;0.051964688969224196;0.044761633024202885;0.026300330849280219;0.021519743602937735;0.050440905189296038;0.048175362012659387;0.051487634786952577;0.050684541510738562;0.046648884742123371;0.055801157947463875;0.052438905922021301;0.049601522651437746;0.044868612800308093;0.030141660712992333;0.043039343624627836;0.050051762142035994;0.048741980412473622;0.056689728907039841;0.048841214151975322;0.048554083020482926;0.0513982722653131;0.056031821553608155;0.064465070586599379;0.025555400626957905;0.042792614047224481;0.041387184860557813;0.054496872227085207;0.055633022663450271;0.050649395113302159;0.048491723491820606;0.050817920094847202;0.06138291132280016;0.03693661868756367;0.039552567251122772;0.049488593680793613;0.051916512509966511;0.048947412378835244;0.045116619974710476;0.05918167437146063;0.053538362286068668;0.025515780341896617;0.030575510090594227;0.039513468157753598;0.051300675936230368;0.065350897425260776;0.046034297994125423;0.050293786372753918;0.028543845587328167;0.036370669423397305;0.039977981819859142;0.064098494835401462;0.050160869219333028;0.051439854271403185;0.032467708845687233;0.034571914355173795;0.045720005814438303;0.054646257071031767;0.04873659403832642;0.04204659506920394;0.026655375047897042;0.048281781708177957;0.045224283742186969;0.025939304820336573;0.024716272281533992;0.034862810273305227;0.028254258132672596;0.02660847237808377;0.018976214027166243;0.020096726695967095,3936d0a243fbe978c851341f2cb04a7edcdf754149f5bc7a23a128ba1e13f17f,0.02837410445739896,pre_registered_large_n_uniform_dilation,false
