scale_order,case_id,particle_index,position_x,position_y,position_z,model_a_x,model_a_y,model_a_z,model_e_total_x,model_e_total_y,model_e_total_z,model_e_interaction_x,model_e_interaction_y,model_e_interaction_z,model_e_external_scattered_x,model_e_external_scattered_y,model_e_external_scattered_z,model_e_scattered_scattered_x,model_e_scattered_scattered_y,model_e_scattered_scattered_z
1,t14_n15_linear_level1,0,-59.484552675949438,0,0,0.0029372403412087516,0,0,0.002943234579173554,1.3409390316939734e-20,0,0.002943234579173554,1.3409390316939734e-20,0,0.0029402584846306102,1.3566291069443269e-20,0,2.976094542943724e-06,-1.5690075250353527e-22,0
1,t14_n15_linear_level1,1,-50.986759436528089,0,0,0.00030360890359253795,0,0,0.00030694569622933052,3.351062024652554e-19,0,0.00030694569622933052,3.351062024652554e-19,0,0.00030630663768065666,3.3444898473159269e-19,0,6.3905854867383687e-07,6.5721773366270424e-22,0
1,t14_n15_linear_level1,2,-42.488966197106741,0,0,6.1654357619697395e-05,0,0,6.243220221947218e-05,3.6862065769082694e-19,0,6.243220221947218e-05,3.6862065769082694e-19,0,6.2254660900636034e-05,3.6808116381394887e-19,0,1.7754131883614654e-07,5.3949387687805192e-22,0
1,t14_n15_linear_level1,3,-33.991172957685393,0,0,-8.5256482457341732e-06,0,0,-8.4987545518994514e-06,3.6527422131236294e-19,0,-8.4987545518994514e-06,3.6527422131236294e-19,0,-8.5118226114578691e-06,3.6451080396933808e-19,0,1.3068059558418176e-08,7.6341734302484211e-22,0
1,t14_n15_linear_level1,4,-25.493379718264045,0,0,-3.0164498418971569e-05,0,0,-3.0396997890100892e-05,3.3511210386133705e-19,0,-3.0396997890100892e-05,3.3511210386133705e-19,0,-3.0344039900639541e-05,3.3436360417858814e-19,0,-5.2957989461351963e-08,7.4849968274892993e-22,0
1,t14_n15_linear_level1,5,-16.995586478842696,0,0,-2.9176095647364012e-05,0,0,-2.9434657759902256e-05,3.3301952949281631e-19,0,-2.9434657759902256e-05,3.3301952949281631e-19,0,-2.9371591226620593e-05,3.3230203290549339e-19,0,-6.3066533281663169e-08,7.1749658732290499e-22,0
1,t14_n15_linear_level1,6,-8.4977932394213482,0,0,-1.6895932774898581e-05,0,0,-1.7053630128392747e-05,3.8370425123785192e-19,0,-1.7053630128392747e-05,3.8370425123785192e-19,0,-1.7014215219388071e-05,3.8319489774819569e-19,0,-3.9414909004677528e-08,5.0935348965622183e-22,0
1,t14_n15_linear_level1,7,0,0,0,1.0672615135404184e-19,0,0,2.0512707137386346e-18,3.6711054868522555e-19,0,2.0512707137386346e-18,3.6711054868522555e-19,0,2.0467189410203364e-18,3.6650669662775541e-19,0,4.551772718298243e-21,6.0385205747015653e-22,0
1,t14_n15_linear_level1,8,8.4977932394213482,0,0,1.6895932774898337e-05,0,0,1.7053630128393011e-05,3.3846430247542598e-19,0,1.7053630128393011e-05,3.3846430247542598e-19,0,1.7014215219388331e-05,3.3784636774056759e-19,0,3.9414909004677958e-08,6.179347348584041e-22,0
1,t14_n15_linear_level1,9,16.995586478842696,0,0,2.9176095647363639e-05,0,0,2.9434657759899329e-05,3.7699921008935241e-19,0,2.9434657759899329e-05,3.7699921008935241e-19,0,2.9371591226617672e-05,3.7621468759248467e-19,0,6.3066533281656777e-08,7.8452249686773606e-22,0
1,t14_n15_linear_level1,10,25.493379718264045,0,0,3.0164498418971485e-05,0,0,3.0396997890099066e-05,3.5940871711967947e-19,0,3.0396997890099066e-05,3.5940871711967947e-19,0,3.0344039900637718e-05,3.5858305353049295e-19,0,5.2957989461347847e-08,8.2566358918653091e-22,0
1,t14_n15_linear_level1,11,33.991172957685393,0,0,8.5256482457340597e-06,0,0,8.4987545519010963e-06,3.7532211657514779e-19,0,8.4987545519010963e-06,3.7532211657514779e-19,0,8.5118226114595123e-06,3.7464428252430163e-19,0,-1.3068059558415229e-08,6.7783405084615115e-22,0
1,t14_n15_linear_level1,12,42.488966197106741,0,0,-6.1654357619697191e-05,0,0,-6.243220221947134e-05,3.7532906225246625e-19,0,-6.243220221947134e-05,3.7532906225246625e-19,0,-6.2254660900635194e-05,3.7475972049986128e-19,0,-1.7754131883614365e-07,5.6934175260497062e-22,0
1,t14_n15_linear_level1,13,50.986759436528089,0,0,-0.00030360890359253795,0,0,-0.00030694569622933236,3.7531997850991126e-19,0,-0.00030694569622933236,3.7531997850991126e-19,0,-0.0003063066376806585,3.7467376125312587e-19,0,-6.3905854867383994e-07,6.4621725678537145e-22,0
1,t14_n15_linear_level1,14,59.484552675949438,0,0,-0.002937240341208752,0,0,-0.0029432345791735532,3.8875482640265788e-19,0,-0.0029432345791735532,3.8875482640265788e-19,0,-0.0029402584846306094,3.8826461534760622e-19,0,-2.9760945429437231e-06,4.9021105505164386e-22,0
2,t14_n15_linear_level2,0,-38.91817993281618,0,0,0.014699460275733838,0,0,0.014831134353345116,5.3587541386252028e-20,0,0.014831134353345116,5.3587541386252028e-20,0,0.014776812606068893,5.3614082785013898e-20,0,5.4321747276222283e-05,-2.6541398761871854e-23,0
2,t14_n15_linear_level2,1,-33.358439942413867,0,0,0.0013732583464306941,0,0,0.0014258673051413986,1.6888581009728581e-18,0,0.0014258673051413986,1.6888581009728581e-18,0,0.0014162123274345777,1.6796033961058318e-18,0,9.6549777068208496e-06,9.2547048670263127e-21,0
2,t14_n15_linear_level2,2,-27.79869995201156,0,0,0.00038275953852463725,0,0,0.00039749635490314643,1.8362646426698708e-18,0,0.00039749635490314643,1.8362646426698708e-18,0,0.00039451955162239546,1.8255333139242137e-18,0,2.9768032807509693e-06,1.0731328745657088e-20,0
2,t14_n15_linear_level2,3,-22.238959961609247,0,0,0.00013135369335956314,0,0,0.00013663444816443263,1.822894871849849e-18,0,0.00013663444816443263,1.822894871849849e-18,0,0.00013549183413489468,1.8107634702609204e-18,0,1.1426140295379435e-06,1.2131401588928649e-20,0
2,t14_n15_linear_level2,4,-16.679219971206933,0,0,3.5435882764411132e-05,0,0,3.7212913895142826e-05,1.7961221809929443e-18,0,3.7212913895142826e-05,1.7961221809929443e-18,0,3.680648009148962e-05,1.7871435124871703e-18,0,4.0643380365320386e-07,8.9786685057741675e-21,0
2,t14_n15_linear_level2,5,-11.119479980804623,0,0,-7.6144332085227401e-07,0,0,-3.8003855722979825e-07,1.8296244934989995e-18,0,-3.8003855722979825e-07,1.8296244934989995e-18,0,-4.7792605101440439e-07,1.8160037783533707e-18,0,9.7887493784606152e-08,1.3620715145628621e-20,0
2,t14_n15_linear_level2,6,-5.5597399904023117,0,0,-7.1019414609443119e-06,0,0,-7.1266697497549522e-06,1.829608916779201e-18,0,-7.1266697497549522e-06,1.829608916779201e-18,0,-7.128316025727553e-06,1.8184394747222017e-18,0,1.6462759726008569e-09,1.1169442056999296e-20,0
2,t14_n15_linear_level2,7,0,0,0,5.634886681609233e-19,0,0,-1.0965183179037526e-18,1.8270962608178214e-18,0,-1.0965183179037526e-18,1.8270962608178214e-18,0,-1.0847376533777949e-18,1.8139148432463393e-18,0,-1.1780664525957634e-20,1.318141757148192e-20,0
2,t14_n15_linear_level2,8,5.5597399904023117,0,0,7.1019414609452699e-06,0,0,7.1266697497515666e-06,1.8765184188568326e-18,0,7.1266697497515666e-06,1.8765184188568326e-18,0,7.1283160257241937e-06,1.8656773122480799e-18,0,-1.6462759726274388e-09,1.0841106608752785e-20,0
2,t14_n15_linear_level2,9,11.119479980804623,0,0,7.614433208527331e-07,0,0,3.8003855723547184e-07,1.8564086898509136e-18,0,3.8003855723547184e-07,1.8564086898509136e-18,0,4.7792605102003007e-07,1.8445895008044231e-18,0,-9.7887493784558282e-08,1.1819189046490434e-20,0
2,t14_n15_linear_level2,10,16.679219971206933,0,0,-3.5435882764411146e-05,0,0,-3.7212913895143558e-05,1.8362801688494095e-18,0,-3.7212913895143558e-05,1.8362801688494095e-18,0,-3.6806480091490359e-05,1.8232627521876733e-18,0,-4.064338036532002e-07,1.3017416661736261e-20,0
2,t14_n15_linear_level2,11,22.238959961609247,0,0,-0.00013135369335956373,0,0,-0.00013663444816441645,1.8095415428390907e-18,0,-0.00013663444816441645,1.8095415428390907e-18,0,-0.00013549183413487861,1.8000911493001419e-18,0,-1.1426140295378289e-06,9.4503935389487867e-21,0
2,t14_n15_linear_level2,12,27.79869995201156,0,0,-0.00038275953852463579,0,0,-0.00039749635490314025,1.7827365662838381e-18,0,-0.00039749635490314025,1.7827365662838381e-18,0,-0.00039451955162238928,1.7691949994055536e-18,0,-2.9768032807509888e-06,1.354156687828447e-20,0
2,t14_n15_linear_level2,13,33.358439942413867,0,0,-0.0013732583464306936,0,0,-0.0014258673051414116,1.8364085554257499e-18,0,-0.0014258673051414116,1.8364085554257499e-18,0,-0.0014162123274345908,1.8272075921179715e-18,0,-9.6549777068209394e-06,9.200963307778249e-21,0
2,t14_n15_linear_level2,14,38.91817993281618,0,0,-0.01469946027573384,0,0,-0.014831134353345118,1.7971312266793889e-18,0,-0.014831134353345118,1.7971312266793889e-18,0,-0.014776812606068895,1.7912677547252843e-18,0,-5.4321747276222283e-05,5.8634719541046837e-21,0
3,t14_n15_linear_level3,0,-29.519351830171008,0,0,0.043120701713717964,0,0,0.044069537374164691,2.6819396526078377e-20,0,0.044069537374164691,2.6819396526078377e-20,0,0.043673243019406942,1.3392766833226222e-20,0,0.00039629435475775019,1.3426629692852155e-20,0
3,t14_n15_linear_level3,1,-25.302301568718008,0,0,0.0038075364918222507,0,0,0.004128899738358045,4.9321233711011359e-18,0,0.004128899738358045,4.9321233711011359e-18,0,0.0040620973980600465,4.8690171765442289e-18,0,6.6802340297998617e-05,6.3106194556906932e-20,0
3,t14_n15_linear_level3,2,-21.085251307265004,0,0,0.0011099358030154868,0,0,0.0012046175323920751,5.28092258714579e-18,0,0.0012046175323920751,5.28092258714579e-18,0,0.0011838479051993844,5.1991009746318871e-18,0,2.0769627192690725e-05,8.1821612513902822e-20,0
3,t14_n15_linear_level3,3,-16.868201045812004,0,0,0.00048913398619894986,0,0,0.00052972094898153183,5.3616988075500531e-18,0,0.00052972094898153183,5.3616988075500531e-18,0,0.0005202563220508211,5.2964786691647947e-18,0,9.4646269307106869e-06,6.5220138385258296e-20,0
3,t14_n15_linear_level3,4,-12.651150784359004,0,0,0.00025123532173097887,0,0,0.00027186437679459452,5.4285121507617648e-18,0,0.00027186437679459452,5.4285121507617648e-18,0,0.00026685533240922648,5.3536398820896148e-18,0,5.0090443853680343e-06,7.487226867215033e-20,0
3,t14_n15_linear_level3,5,-8.434100522906002,0,0,0.00013085833299242777,0,0,0.00014161885337931295,5.4418196573493473e-18,0,0.00014161885337931295,5.4418196573493473e-18,0,0.00013893851971063915,5.3613670892749578e-18,0,2.6803336686738064e-06,8.0452568074389254e-20,0
3,t14_n15_linear_level3,6,-4.217050261453001,0,0,5.6654629154911779e-05,0,0,6.133668215251771e-05,5.4552955744242228e-18,0,6.133668215251771e-05,5.4552955744242228e-18,0,6.0153300177824104e-05,5.3727814809833048e-18,0,1.1833819746936061e-06,8.2514093440918348e-20,0
3,t14_n15_linear_level3,7,0,0,0,2.7105054312137611e-20,0,0,-2.833658576941207e-17,5.4485300682825873e-18,0,-2.833658576941207e-17,5.4485300682825873e-18,0,-2.7849964860234899e-17,5.3683170403670898e-18,0,-4.8662090917717241e-19,8.021302791549754e-20,0
3,t14_n15_linear_level3,8,4.217050261453001,0,0,-5.6654629154911115e-05,0,0,-6.1336682152530179e-05,5.4486588829953187e-18,0,-6.1336682152530179e-05,5.4486588829953187e-18,0,-6.0153300177836369e-05,5.3699727035552593e-18,0,-1.183381974693807e-06,7.8686179440059537e-20,0
3,t14_n15_linear_level3,9,8.434100522906002,0,0,-0.00013085833299242918,0,0,-0.00014161885337926703,5.4822923393894823e-18,0,-0.00014161885337926703,5.4822923393894823e-18,0,-0.00013893851971059402,5.4093233371312054e-18,0,-2.6803336686730017e-06,7.2969002258276897e-20,0
3,t14_n15_linear_level3,10,12.651150784359004,0,0,-0.00025123532173097464,0,0,-0.00027186437679457961,5.4286066440646216e-18,0,-0.00027186437679457961,5.4286066440646216e-18,0,-0.00026685533240921179,5.3559590694899396e-18,0,-5.0090443853678412e-06,7.2647574574681995e-20,0
3,t14_n15_linear_level3,11,16.868201045812004,0,0,-0.00048913398619894954,0,0,-0.00052972094898155948,5.4958932490581864e-18,0,-0.00052972094898155948,5.4958932490581864e-18,0,-0.00052025632205084831,5.4241962371149885e-18,0,-9.4646269307111867e-06,7.1697011943197688e-20,0
3,t14_n15_linear_level3,12,21.085251307265004,0,0,-0.0011099358030154881,0,0,-0.001204617532392117,5.4690847014568154e-18,0,-0.001204617532392117,5.4690847014568154e-18,0,-0.0011838479051994256,5.3959107106930953e-18,0,-2.0769627192691399e-05,7.317399076371968e-20,0
3,t14_n15_linear_level3,13,25.302301568718008,0,0,-0.0038075364918222498,0,0,-0.004128899738358058,5.4696318002294063e-18,0,-0.004128899738358058,5.4696318002294063e-18,0,-0.0040620973980600595,5.3921802461690331e-18,0,-6.6802340297998847e-05,7.7451554060373534e-20,0
3,t14_n15_linear_level3,14,29.519351830171008,0,0,-0.043120701713717957,0,0,-0.04406953737416467,5.3459711543093099e-18,0,-0.04406953737416467,5.3459711543093099e-18,0,-0.043673243019406921,5.3070976449770241e-18,0,-0.00039629435475774992,3.8873509332285519e-20,0
4,t14_n15_linear_level4,0,-21.558876640293679,0,0,0.14864834267507016,0,0,0.15858939439165926,1.3375827462075621e-19,0,0.15858939439165926,1.3375827462075621e-19,0,0.15408940344968042,1.2066023883162023e-19,0,0.0044999909419788367,1.3098035789135979e-20,0
4,t14_n15_linear_level4,1,-18.479037120251725,0,0,0.012404490644557176,0,0,0.014951248300756977,1.7968162158454502e-17,0,0.014951248300756977,1.7968162158454502e-17,0,0.014232800351123379,1.7334423852843249e-17,0,0.0007184479496335982,6.3373830561125262e-19,0
4,t14_n15_linear_level4,2,-15.399197600209771,0,0,0.0034483399957765141,0,0,0.0042124746920397284,1.9319025495740798e-17,0,0.0042124746920397284,1.9319025495740798e-17,0,0.0040024273042035688,1.8587809920245251e-17,0,0.00021004738783615958,7.3121557549554618e-19,0
4,t14_n15_linear_level4,3,-12.319358080167817,0,0,0.0015071691822677771,0,0,0.0018336861333833178,1.9454606452235417e-17,0,0.0018336861333833178,1.9454606452235417e-17,0,0.0017409945753542311,1.8764835567900941e-17,0,9.26915580290866e-05,6.8977088433447683e-19,0
4,t14_n15_linear_level4,4,-9.2395185601258625,0,0,0.00079506593119179226,0,0,0.00096323841841045141,1.9482625674839582e-17,0,0.00096323841841045141,1.9482625674839582e-17,0,0.00091414152194576237,1.8764820876780667e-17,0,4.9096896464689041e-05,7.1780479805891352e-19,0
4,t14_n15_linear_level4,5,-6.1596790400839083,0,0,0.00043199705095435818,0,0,0.00052201229320032641,1.9751350102445302e-17,0,0.00052201229320032641,1.9751350102445302e-17,0,0.0004952569041071687,1.9025512644761657e-17,0,2.6755389093157681e-05,7.2583745768364571e-19,0
4,t14_n15_linear_level4,6,-3.0798395200419542,0,0,0.00019398084240177893,0,0,0.00023409137971017405,1.9744645157535319e-17,0,0.00023409137971017405,1.9744645157535319e-17,0,0.00022205370719411145,1.9038158278367511e-17,0,1.203767251606259e-05,7.0648687916780996e-19,0
4,t14_n15_linear_level4,7,0,0,0,-5.6514038240806919e-18,0,0,-3.6386438019335433e-17,1.9818972996620759e-17,0,-3.6386438019335433e-17,1.9818972996620759e-17,0,-3.4719327363780446e-17,1.9102148511674828e-17,0,-1.6671106555549881e-18,7.1682448494592977e-19,0
4,t14_n15_linear_level4,8,3.0798395200419542,0,0,-0.00019398084240177904,0,0,-0.00023409137971016063,1.976503377209873e-17,0,-0.00023409137971016063,1.976503377209873e-17,0,-0.00022205370719409861,1.9026233983955223e-17,0,-1.2037672516062016e-05,7.3879978814350795e-19,0
4,t14_n15_linear_level4,9,6.1596790400839083,0,0,-0.000431997050954361,0,0,-0.00052201229320033063,1.9751449874743104e-17,0,-0.00052201229320033063,1.9751449874743104e-17,0,-0.00049525690410717261,1.8975471088934283e-17,0,-2.6755389093157999e-05,7.759787858088228e-19,0
4,t14_n15_linear_level4,10,9.2395185601258625,0,0,-0.0007950659311917954,0,0,-0.00096323841841047656,1.9885790562003954e-17,0,-0.00096323841841047656,1.9885790562003954e-17,0,-0.00091414152194578655,1.9121855051941316e-17,0,-4.909689646469001e-05,7.6393551006263858e-19,0
4,t14_n15_linear_level4,11,12.319358080167817,0,0,-0.0015071691822677773,0,0,-0.0018336861333831135,1.9913739679678516e-17,0,-0.0018336861333831135,1.9913739679678516e-17,0,-0.0017409945753540381,1.9178634449066764e-17,0,-9.2691558029075514e-05,7.351052306117524e-19,0
4,t14_n15_linear_level4,12,15.399197600209771,0,0,-0.0034483399957765167,0,0,-0.0042124746920399131,1.9729976813585327e-17,0,-0.0042124746920399131,1.9729976813585327e-17,0,-0.004002427304203744,1.9009090027088676e-17,0,-0.00021004738783616915,7.208867864966512e-19,0
4,t14_n15_linear_level4,13,18.479037120251725,0,0,-0.012404490644557176,0,0,-0.014951248300757126,1.9419193169715644e-17,0,-0.014951248300757126,1.9419193169715644e-17,0,-0.014232800351123519,1.8723636153428083e-17,0,-0.00071844794963360611,6.9555701628756034e-19,0
4,t14_n15_linear_level4,14,21.558876640293679,0,0,-0.14864834267507016,0,0,-0.15858939439165923,1.9436966412698937e-17,0,-0.15858939439165923,1.9436966412698937e-17,0,-0.15408940344968039,1.8904739977651697e-17,0,-0.0044999909419788358,5.3222643504724111e-19,0
5,t14_n15_compact_level1,0,-24.475928816682746,-14.1311840909779,0,0.0013047597044759662,0.0007533033666069762,0,0.0013062720695039773,0.00075417653096301125,0,0.0013062720695039773,0.00075417653096301125,0,0.0013053131203687833,0.00075362288142166787,0,9.5894913519391197e-07,5.5364954134336441e-07,0
5,t14_n15_compact_level1,1,-12.237964408341373,-14.1311840909779,0,0.00027889948670857924,0.0015295220068330857,0,0.00028046814836387227,0.0015330950679498978,0,0.00028046814836387227,0.0015330950679498978,0,0.00027987860585901937,0.0015307768888731205,0,5.8954250485287891e-07,2.318179076777453e-06,0
5,t14_n15_compact_level1,2,3.6231652961823384e-16,-14.1311840909779,0,-6.7762635780344027e-20,0.0016548568483610356,0,-3.2172988894574563e-19,0.0016594740431467453,0,-3.2172988894574563e-19,0.0016594740431467453,0,-3.2087781737831123e-19,0.0016566536117935773,0,-8.5207156743440729e-22,2.8204313531680474e-06,0
5,t14_n15_compact_level1,3,12.237964408341373,-14.1311840909779,0,-0.00027889948670857924,0.0015295220068330859,0,-0.00028046814836387324,0.0015330950679498976,0,-0.00028046814836387324,0.0015330950679498976,0,-0.00027987860585902035,0.0015307768888731203,0,-5.8954250485288007e-07,2.3181790767774526e-06,0
5,t14_n15_compact_level1,4,24.475928816682746,-14.1311840909779,0,-0.0013047597044759662,0.0007533033666069762,0,-0.001306272069503977,0.00075417653096301082,0,-0.001306272069503977,0.00075417653096301082,0,-0.0013053131203687831,0.00075362288142166744,0,-9.5894913519391197e-07,5.5364954134336377e-07,0
5,t14_n15_compact_level1,5,-18.356946612512061,-3.5327960227444755,0,0.0014640546569190962,-0.00052322696282447348,0,0.0014679333494431773,-0.00052365499253945159,0,0.0014679333494431773,-0.00052365499253945159,0,0.0014656309762197401,-0.00052300646178687611,0,2.3023732234372707e-06,-6.4853075257542228e-07,0
5,t14_n15_compact_level1,6,-6.1189822041706865,-3.5327960227444755,0,0.00025162727755098738,0.00014527707642951392,0,0.00025331247396278677,0.00014625002503150587,0,0.00025331247396278677,0.00014625002503150587,0,0.00025258159429161493,0.00014582805145660959,0,7.3087967117183092e-07,4.2197357489628432e-07,0
5,t14_n15_compact_level1,7,6.1189822041706865,-3.5327960227444755,0,-0.00025162727755098738,0.00014527707642951387,0,-0.00025331247396278813,0.00014625002503150541,0,-0.00025331247396278813,0.00014625002503150541,0,-0.00025258159429161628,0.00014582805145660913,0,-7.3087967117183399e-07,4.2197357489628331e-07,0
5,t14_n15_compact_level1,8,18.356946612512061,-3.5327960227444755,0,-0.0014640546569190964,-0.00052322696282447359,0,-0.001467933349443178,-0.00052365499253945234,0,-0.001467933349443178,-0.00052365499253945234,0,-0.0014656309762197408,-0.00052300646178687687,0,-2.302373223437272e-06,-6.4853075257542302e-07,0
5,t14_n15_compact_level1,9,-12.237964408341373,7.06559204548895,0,0.0014331480703073081,-0.00082742842418051749,0,0.0014371466782859544,-0.00082973702157337242,0,0.0014371466782859544,-0.00082973702157337242,0,0.0014347041130844808,-0.00082832680589678843,0,2.4425652014736481e-06,-1.410215676584023e-06,0
5,t14_n15_compact_level1,10,3.6231652961823384e-16,7.06559204548895,0,0,-0.00029055415285903071,0,-1.4343172524766465e-18,-0.00029250005006301082,0,-1.4343172524766465e-18,-0.00029250005006301082,0,-1.4310434187150276e-18,-0.00029165610291321826,0,-3.2738337616188797e-21,-8.4394714979256504e-07,0
5,t14_n15_compact_level1,11,12.237964408341373,7.06559204548895,0,-0.0014331480703073081,-0.00082742842418051781,0,-0.0014371466782859557,-0.00082973702157337198,0,-0.0014371466782859557,-0.00082973702157337198,0,-0.0014347041130844821,-0.00082832680589678799,0,-2.4425652014736502e-06,-1.410215676584023e-06,0
5,t14_n15_compact_level1,12,-6.1189822041706865,17.663980113722378,0,0.001185155170210518,-0.0010062950440086109,0,0.0011874652010793044,-0.0010094400754104449,0,0.0011874652010793044,-0.0010094400754104449,0,0.0011857523703607199,-0.001007770427086243,0,1.7128307185843898e-06,-1.6696483242020307e-06,0
5,t14_n15_compact_level1,13,6.1189822041706865,17.663980113722378,0,-0.001185155170210518,-0.0010062950440086111,0,-0.0011874652010793068,-0.0010094400754104443,0,-0.0011874652010793068,-0.0010094400754104443,0,-0.0011857523703607223,-0.0010077704270862423,0,-1.7128307185843932e-06,-1.6696483242020295e-06,0
5,t14_n15_compact_level1,14,3.6231652961823384e-16,28.2623681819558,0,0,-0.0015066067332139522,0,-4.2895130595891687e-19,-0.0015083530619260221,0,-4.2895130595891687e-19,-0.0015083530619260221,0,-4.2858071622232875e-19,-0.0015072457628433353,0,-3.7058973658810535e-22,-1.1072990826867282e-06,0
6,t14_n15_compact_level2,0,-16.013545683022247,-9.2454249107732629,0,0.0062717639388566362,0.0036210045983926672,0,0.0063170802784169883,0.0036471679992365232,0,0.0063170802784169883,0.0036471679992365232,0,0.0062992390538323343,0.0036368673634199007,0,1.7841224584654141e-05,1.0300635816622637e-05,0
6,t14_n15_compact_level2,1,-8.0067728415111237,-9.2454249107732629,0,0.0012137222094558821,0.0070142342101955956,0,0.0012386675278321898,0.0070878884394882415,0,0.0012386675278321898,0.0070878884394882415,0,0.0012320058846350659,0.0070520263570731908,0,6.6616431971237784e-06,3.5862082415050936e-05,0
6,t14_n15_compact_level2,2,2.3704809497570764e-16,-9.2454249107732629,0,2.1684043449710089e-19,0.0074378984476937459,0,1.2870246300024922e-18,0.0075253115130493606,0,1.2870246300024922e-18,0.0075253115130493606,0,1.2792989511091572e-18,0.0074839091747579663,0,7.7256788933350023e-21,4.1402338291394166e-05,0
6,t14_n15_compact_level2,3,8.0067728415111237,-9.2454249107732629,0,-0.0012137222094558817,0.0070142342101955947,0,-0.0012386675278321913,0.0070878884394882423,0,-0.0012386675278321913,0.0070878884394882423,0,-0.0012320058846350674,0.0070520263570731916,0,-6.6616431971237911e-06,3.5862082415050949e-05,0
6,t14_n15_compact_level2,4,16.013545683022247,-9.2454249107732629,0,-0.0062717639388566362,0.0036210045983926672,0,-0.0063170802784169909,0.0036471679992365245,0,-0.0063170802784169909,0.0036471679992365245,0,-0.0062992390538323369,0.0036368673634199016,0,-1.7841224584654148e-05,1.030063581662264e-05,0
6,t14_n15_compact_level2,5,-12.010159262266686,-2.3113562276933162,0,0.0066813661188511991,-0.0024560028385716293,0,0.0067576252117029492,-0.002471226673798582,0,0.0067576252117029492,-0.002471226673798582,0,0.0067232369157003424,-0.0024590647848307134,0,3.4388296002607147e-05,-1.2161888967868509e-05,0
6,t14_n15_compact_level2,6,-4.0033864207555618,-2.3113562276933162,0,0.00098326514646000654,0.00056768839699345547,0,0.0010068885235996132,0.00058132736014417704,0,0.0010068885235996132,0.00058132736014417704,0,0.00099920506903015266,0.00057689131558019279,0,7.6834545694605209e-06,4.4360445639842594e-06,0
6,t14_n15_compact_level2,7,4.0033864207555618,-2.3113562276933162,0,-0.00098326514646000633,0.00056768839699345667,0,-0.001006888523599619,0.00058132736014417335,0,-0.001006888523599619,0.00058132736014417335,0,-0.00099920506903015851,0.0005768913155801891,0,-7.6834545694605632e-06,4.4360445639842306e-06,0
6,t14_n15_compact_level2,8,12.010159262266686,-2.3113562276933162,0,-0.0066813661188511982,-0.0024560028385716276,0,-0.0067576252117029561,-0.0024712266737985807,0,-0.0067576252117029561,-0.0024712266737985807,0,-0.0067232369157003485,-0.0024590647848307121,0,-3.4388296002607194e-05,-1.2161888967868504e-05,0
6,t14_n15_compact_level2,9,-8.0067728415111237,4.6227124553866314,0,0.0064414090064716214,-0.0037189492238468738,0,0.0065171109416922541,-0.0037626557565246816,0,0.0065171109416922541,-0.0037626557565246816,0,0.0064812554649558299,-0.0037419545873789845,0,3.5855476736424502e-05,-2.070116914569709e-05,0
6,t14_n15_compact_level2,10,2.3704809497570764e-16,4.6227124553866314,0,0,-0.0011353767939869237,0,-4.4511606564826368e-18,-0.0011626547202883664,0,-4.4511606564826368e-18,-0.0011626547202883664,0,-4.4185872660492798e-18,-0.0011537826311603979,0,-3.2573390433356978e-20,-8.8720891279686069e-06,0
6,t14_n15_compact_level2,11,8.0067728415111237,4.6227124553866314,0,-0.0064414090064716205,-0.0037189492238468729,0,-0.0065171109416922593,-0.0037626557565246812,0,-0.0065171109416922593,-0.0037626557565246812,0,-0.0064812554649558351,-0.003741954587378984,0,-3.5855476736424529e-05,-2.0701169145697086e-05,0
6,t14_n15_compact_level2,12,-4.0033864207555618,11.556781138466581,0,0.0054676439093953215,-0.0045582313716239584,0,0.0055189576838707618,-0.0046166617656896603,0,0.0055189576838707618,-0.0046166617656896603,0,0.005491231031065278,-0.0045929615722424778,0,2.7726652805483402e-05,-2.3700193447182416e-05,0
6,t14_n15_compact_level2,13,4.0033864207555618,11.556781138466581,0,-0.0054676439093953224,-0.0045582313716239576,0,-0.0055189576838707661,-0.0046166617656896603,0,-0.0055189576838707661,-0.0046166617656896603,0,-0.0054912310310652824,-0.0045929615722424778,0,-2.7726652805483422e-05,-2.3700193447182416e-05,0
6,t14_n15_compact_level2,14,2.3704809497570764e-16,18.490849821546526,0,0,-0.0072420091967853413,0,-2.0109256854715593e-18,-0.0072943359984730567,0,-2.0109256854715593e-18,-0.0072943359984730567,0,-2.0065601963721848e-18,-0.007273734726839811,0,-4.3654890993743758e-21,-2.0601271633245304e-05,0
7,t14_n15_compact_level3,0,-12.146238335957142,-7.0126339729062064,0,0.0175341663828926,0.010123355681178732,0,0.017834635953615469,0.010296831868718865,0,0.017834635953615469,0.010296831868718865,0,0.017718925377342345,0.01023002633635949,0,0.00011571057627312385,6.6805532359374745e-05,0
7,t14_n15_compact_level3,1,-6.0731191679785708,-7.0126339729062064,0,0.0030130253780172988,0.019676554634297065,0,0.0031544463672735267,0.020148167006979037,0,0.0031544463672735267,0.020148167006979037,0,0.0031182375319364691,0.019927174220191024,0,3.6208835337057571e-05,0.0002209927867880126,0
7,t14_n15_compact_level3,2,1.7980044617552483e-16,-7.0126339729062064,0,0,0.020761498239841622,0,-1.078686573232479e-17,0.021311150288439655,0,-1.078686573232479e-17,0.021311150288439655,0,-1.0653786839597299e-17,0.021060075160427977,0,-1.3307889272749103e-19,0.00025107512801167734,0
7,t14_n15_compact_level3,3,6.0731191679785708,-7.0126339729062064,0,-0.0030130253780172988,0.019676554634297069,0,-0.0031544463672735302,0.020148167006979027,0,-0.0031544463672735302,0.020148167006979027,0,-0.0031182375319364726,0.019927174220191014,0,-3.6208835337057612e-05,0.0002209927867880126,0
7,t14_n15_compact_level3,4,12.146238335957142,-7.0126339729062064,0,-0.0175341663828926,0.01012335568117873,0,-0.017834635953615448,0.010296831868718872,0,-0.017834635953615448,0.010296831868718872,0,-0.017718925377342324,0.010230026336359497,0,-0.00011571057627312373,6.6805532359374812e-05,0
7,t14_n15_compact_level3,5,-9.1096787519678557,-1.753158493226552,0,0.01854690886126233,-0.0072289207975383372,0,0.019026047651372068,-0.0073422528145551062,0,0.019026047651372068,-0.0073422528145551062,0,0.018816557866292001,-0.0072631141924044389,0,0.0002094897850800655,-7.9138622150666814e-05,0
7,t14_n15_compact_level3,6,-3.0365595839892854,-1.753158493226552,0,0.0024688519527008555,0.0014253923394811625,0,0.0026030531810794836,0.0015028734548111393,0,0.0026030531810794836,0.0015028734548111393,0,0.002561243509803671,0.0014787346298453196,0,4.1809671275812421e-05,2.4138824965819868e-05,0
7,t14_n15_compact_level3,7,3.0365595839892854,-1.753158493226552,0,-0.0024688519527008555,0.0014253923394811608,0,-0.0026030531810794927,0.001502873454811158,0,-0.0026030531810794927,0.001502873454811158,0,-0.0025612435098036801,0.0014787346298453378,0,-4.1809671275812557e-05,2.4138824965820166e-05,0
7,t14_n15_compact_level3,8,9.1096787519678557,-1.753158493226552,0,-0.01854690886126233,-0.0072289207975383407,0,-0.019026047651372072,-0.0073422528145550775,0,-0.019026047651372072,-0.0073422528145550775,0,-0.018816557866292005,-0.0072631141924044112,0,-0.00020948978508006556,-7.9138622150666475e-05,0
7,t14_n15_compact_level3,9,-6.0731191679785708,3.5063169864531032,0,0.017979984896328734,-0.010380749119920814,0,0.018455997533656784,-0.010655575144219841,0,0.018455997533656784,-0.010655575144219841,0,0.018238560094540241,-0.010530037580214003,0,0.00021743743911654205,-0.00012553756400583878,0
7,t14_n15_compact_level3,10,1.7980044617552483e-16,3.5063169864531032,0,0,-0.0028507846789623567,0,5.0568752345827526e-18,-0.0030057469096223194,0,5.0568752345827526e-18,-0.0030057469096223194,0,4.9685382628658457e-18,-0.002957469259690679,0,8.8336971716906806e-20,-4.8277649931640365e-05,0
7,t14_n15_compact_level3,11,6.0731191679785708,3.5063169864531032,0,-0.017979984896328734,-0.010380749119920816,0,-0.018455997533656808,-0.010655575144219836,0,-0.018455997533656808,-0.010655575144219836,0,-0.018238560094540265,-0.010530037580213997,0,-0.00021743743911654235,-0.00012553756400583872,0
7,t14_n15_compact_level3,12,-3.0365595839892854,8.7657924661327602,0,0.015533883483245033,-0.012447633836758697,0,0.015871601284098535,-0.012805914192423886,0,0.015871601284098535,-0.012805914192423886,0,0.015698320334355528,-0.01266406002778654,0,0.00017328094974300795,-0.0001418541646373453,0
7,t14_n15_compact_level3,13,3.0365595839892854,8.7657924661327602,0,-0.015533883483245033,-0.012447633836758697,0,-0.015871601284098549,-0.012805914192423898,0,-0.015871601284098549,-0.012805914192423898,0,-0.015698320334355541,-0.012664060027786552,0,-0.00017328094974300808,-0.00014185416463734541,0
7,t14_n15_compact_level3,14,1.7980044617552483e-16,14.025267945812413,0,0,-0.020246711362357481,0,-3.9686576328183192e-18,-0.020593663737437755,0,-3.9686576328183192e-18,-0.020593663737437755,0,-3.9511855473625088e-18,-0.020460052672719005,0,-1.7472085455810294e-20,-0.00013361106471874968,0
8,t14_n15_compact_level4,0,-8.8707657076964015,-5.1215389692566182,0,0.05836581738281018,0.033697520377437999,0,0.0609650321468337,0.035198177721128654,0,0.0609650321468337,0.035198177721128654,0,0.059940491973477589,0.034606659176245919,0,0.0010245401733561083,0.0005915185448827358,0
8,t14_n15_compact_level4,1,-4.4353828538482007,-5.1215389692566182,0,0.0091417064565699601,0.065925063352476027,0,0.010240273350538603,0.069992361906358505,0,0.010240273350538603,0.069992361906358505,0,0.0099437598518128945,0.068103686191045273,0,0.00029651349872570801,0.0018886757153132299,0
8,t14_n15_compact_level4,2,1.3131371112986418e-16,-5.1215389692566182,0,-3.4694469519536142e-18,0.069384580721071468,0,-2.4713067911832297e-17,0.074074366639010278,0,-2.4713067911832297e-17,0.074074366639010278,0,-2.3970049623980012e-17,0.071942875617103427,0,-7.4301828785228525e-19,0.0021314910219068501,0
8,t14_n15_compact_level4,3,4.4353828538482007,-5.1215389692566182,0,-0.0091417064565699618,0.065925063352476027,0,-0.010240273350538618,0.069992361906358491,0,-0.010240273350538618,0.069992361906358491,0,-0.0099437598518129101,0.06810368619104526,0,-0.00029651349872570839,0.001888675715313229,0
8,t14_n15_compact_level4,4,8.8707657076964015,-5.1215389692566182,0,-0.05836581738281018,0.033697520377438006,0,-0.060965032146833735,0.03519817772112864,0,-0.060965032146833735,0.03519817772112864,0,-0.059940491973477623,0.034606659176245905,0,-0.0010245401733561088,0.00059151854488273558,0
8,t14_n15_compact_level4,5,-6.6530742807723016,-1.2803847423141548,0,0.061663632837627678,-0.02504558165090821,0,0.065735300157049939,-0.026127844089916006,0,0.065735300157049939,-0.026127844089916006,0,0.063951402258715082,-0.02544029445472086,0,0.0017838978983348549,-0.00068754963519514591,0
8,t14_n15_compact_level4,6,-2.2176914269241004,-1.2803847423141548,0,0.00763680450609985,0.0044091111373452362,0,0.0086972749387445678,0.0050213740271003639,0,0.0086972749387445678,0.0050213740271003639,0,0.0083538916737050956,0.0048231216065946119,0,0.00034338326503947247,0.00019825242050575223,0
8,t14_n15_compact_level4,7,2.2176914269241004,-1.2803847423141548,0,-0.0076368045060998466,0.0044091111373452396,0,-0.008697274938744632,0.0050213740271003544,0,-0.008697274938744632,0.0050213740271003544,0,-0.0083538916737051563,0.0048231216065946023,0,-0.00034338326503947507,0.00019825242050575185,0
8,t14_n15_compact_level4,8,6.6530742807723016,-1.2803847423141548,0,-0.061663632837627672,-0.02504558165090822,0,-0.065735300157049939,-0.026127844089916051,0,-0.065735300157049939,-0.026127844089916051,0,-0.063951402258715082,-0.025440294454720905,0,-0.0017838978983348549,-0.00068754963519514721,0
8,t14_n15_compact_level4,9,-4.4353828538482007,2.5607694846283091,0,0.060088809535379852,-0.034692290360535727,0,0.064150283278625375,-0.037037183319505104,0,0.064150283278625375,-0.037037183319505104,0,0.062304357905715591,-0.035971437808551679,0,0.0018459253729097833,-0.0010657455109534236,0
8,t14_n15_compact_level4,10,1.3131371112986418e-16,2.5607694846283091,0,0,-0.0088182222746905556,0,-9.1367647639578988e-17,-0.010042748054200728,0,-9.1367647639578988e-17,-0.010042748054200728,0,-8.7757437727515263e-17,-0.0096462432131892237,0,-3.6102099120637312e-18,-0.00039650484101150447,0
8,t14_n15_compact_level4,11,4.4353828538482007,2.5607694846283091,0,-0.060088809535379852,-0.034692290360535706,0,-0.064150283278625458,-0.037037183319505104,0,-0.064150283278625458,-0.037037183319505104,0,-0.062304357905715674,-0.035971437808551679,0,-0.0018459253729097859,-0.0010657455109534236,0
8,t14_n15_compact_level4,12,-2.2176914269241004,6.401923711570773,0,0.052521926381057765,-0.040879481701567785,0,0.055495026806511354,-0.043864517816442454,0,0.055495026806511354,-0.043864517816442454,0,0.054007642406902208,-0.042663391736324371,0,0.0014873843996091474,-0.0012011260801180819,0
8,t14_n15_compact_level4,13,2.2176914269241004,6.401923711570773,0,-0.052521926381057765,-0.040879481701567785,0,-0.055495026806511506,-0.043864517816442419,0,-0.055495026806511506,-0.043864517816442419,0,-0.054007642406902354,-0.042663391736324337,0,-0.0014873843996091518,-0.0012011260801180813,0
8,t14_n15_compact_level4,14,1.3131371112986418e-16,10.243077938513236,0,0,-0.067395040754876012,0,-3.3964086387243042e-17,-0.07039635544225728,0,-3.3964086387243042e-17,-0.07039635544225728,0,-3.3386655040755029e-17,-0.069213318352491809,0,-5.7743134648801628e-19,-0.0011830370897654707,0
9,t14_n15_irregular_level1,0,-27.61341357027835,-16.923616351880391,0,0.00050479378652110369,0.00037561807337607055,0,0.00050487497223475212,0.00037561907122019716,0,0.00050487497223475212,0.00037561907122019716,0,0.00050467716180881876,0.00037548366861930339,0,1.9781042593332147e-07,1.3540260089375072e-07,0
9,t14_n15_irregular_level1,1,-12.032910326654212,-14.552249402787774,0,0.00069182594587888625,0.00092641842268399363,0,0.00069383353815095211,0.00092800999889058075,0,0.00069383353815095211,0.00092800999889058075,0,0.00069302146788632381,0.00092694357496734896,0,8.1207026462825773e-07,1.0664239232317954e-06,0
9,t14_n15_irregular_level1,2,0.12264224860223719,-13.150306894397975,0,0.0006748883805826174,0.0021414346401411803,0,0.00067712769618293218,0.0021480555177641109,0,0.00067712769618293218,0.0021480555177641109,0,0.00067591825639734993,0.0021440216111409879,0,1.209439785582214e-06,4.0339066231227931e-06,0
9,t14_n15_irregular_level1,3,11.943544511300267,-15.837220778788097,0,-0.00067576220922510035,0.001459604701916565,0,-0.00067785984834174186,0.0014624656871013884,0,-0.00067785984834174186,0.0014624656871013884,0,-0.00067695902668370742,0.001460650710018442,0,-9.0082165803448803e-07,1.8149770829464577e-06,0
9,t14_n15_irregular_level1,4,27.763802071919525,-16.634397088454509,0,-0.00063693988805763198,0.00040249166289298377,0,-0.00063725383668103322,0.00040266875682444975,0,-0.00063725383668103322,0.00040266875682444975,0,-0.00063697973138866076,0.00040249988722291163,0,-2.7410529237240479e-07,1.688696015381135e-07,0
9,t14_n15_irregular_level1,5,-21.387754689458955,-2.5209183730864106,0,0.00083720712626230158,-0.00021264083515748196,0,0.00083853818610188802,-0.00021238159913588867,0,0.00083853818610188802,-0.00021238159913588867,0,0.00083775081297594628,-0.00021227742045887919,0,7.8737312594174848e-07,-1.0417867700948624e-07,0
9,t14_n15_irregular_level1,6,-4.8885686827231485,-2.3688934315075789,0,0.0011229837315831972,0.00021493944939681938,0,0.0011271198477268709,0.00021589335777453891,0,0.0011271198477268709,0.00021589335777453891,0,0.0011247498824358351,0.00021540078033008603,0,2.3699652910358301e-06,4.9257744445288266e-07,0
9,t14_n15_irregular_level1,7,5.766998817238469,-5.269451986787244,0,-0.0011706588309012488,-0.00094626423286916616,0,-0.001175291048087447,-0.00094896242471650938,0,-0.001175291048087447,-0.00094896242471650938,0,-0.0011726644278571194,-0.0009470772702174792,0,-2.6266202303275162e-06,-1.8851544990301887e-06,0
9,t14_n15_irregular_level1,8,19.243841256584222,-4.768623935256743,0,-0.001261702340087018,0.00014318524839170506,0,-0.0012643389328491433,0.00014355431888022846,0,-0.0012643389328491433,0.00014355431888022846,0,-0.001262668572109763,0.00014333199401937317,0,-1.67036073938028e-06,2.2232486085528119e-07,0
9,t14_n15_irregular_level1,9,-11.732991226927769,9.2663467445044727,0,0.0023239807044519957,0.00032795219159061399,0,0.0023303306200618177,0.00032834506556017942,0,0.0023303306200618177,0.00032834506556017942,0,0.0023262890386618138,0.0003279619348547008,0,4.0415814000039208e-06,3.8313070547864088e-07,0
9,t14_n15_irregular_level1,10,-1.7946376345838437,8.1380377856105071,0,-0.0015286864162114423,-0.00047282531236409885,0,-0.0015331977708764708,-0.00047506307068740646,0,-0.0015331977708764708,-0.00047506307068740646,0,-0.0015302400728466798,-0.00047395538399768285,0,-2.9576980297910149e-06,-1.1076866897236119e-06,0
9,t14_n15_irregular_level1,11,14.934506667988872,5.6041627339287343,0,-0.00055475646271468048,-0.0011718084771821674,0,-0.00055608983704295086,-0.0011737629861154572,0,-0.00055608983704295086,-0.0011737629861154572,0,-0.0005552827340622817,-0.0011724972568840522,0,-8.0710298066919158e-07,-1.2657292314048727e-06,0
9,t14_n15_irregular_level1,12,-7.9203921658158185,18.549929846671262,0,0.00050666015591128359,-0.0018512776892438037,0,0.00050728476381675159,-0.0018558460598861134,0,0.00050728476381675159,-0.0018558460598861134,0,0.0005065462850946139,-0.0018532155898488523,0,7.3847872213765196e-07,-2.6304700372611298e-06,0
9,t14_n15_irregular_level1,13,7.1163472840877704,20.701480154977055,0,-0.0010954976402729566,7.7548418014571074e-06,0,-0.0010967565220900519,7.0663364897326667e-06,0,-0.0010967565220900519,7.0663364897326667e-06,0,-0.0010957430989397459,7.2977475812508219e-06,0,-1.0134231503061057e-06,-2.3141109151815546e-07,0
9,t14_n15_irregular_level1,14,0.47898543872074373,29.765720977254691,0,0.00026166395627869325,-0.0013445826853746715,0,0.00026168574036885287,-0.0013456469812344481,0,0.00026168574036885287,-0.0013456469812344481,0,0.00026154135784622949,-0.0013447220792775841,0,1.4438252262337979e-07,-9.2490195686402075e-07,0
10,t14_n15_irregular_level2,0,-18.066266779238379,-11.072393027555343,0,0.0025807472459549465,0.0018638141134960724,0,0.0025927491450777702,0.001871586645057369,0,0.0025927491450777702,0.001871586645057369,0,0.0025888942283332243,0.0018688412352661095,0,3.8549167445457568e-06,2.7454097912594268e-06,0
10,t14_n15_irregular_level2,1,-7.8726147905876633,-9.5209098027544652,0,0.0033116229600095724,0.0041186035853166374,0,0.0033508667760945377,0.0041540189798791758,0,0.0033508667760945377,0.0041540189798791758,0,0.0033379532169061097,0.0041384012243427292,0,1.2913559188427813e-05,1.561775553644657e-05,0
10,t14_n15_irregular_level2,2,0.08023953923750099,-8.6036792219983642,0,0.0033628896411087828,0.010181716105924693,0,0.0034096285407315087,0.010313807130047399,0,0.0034096285407315087,0.010313807130047399,0,0.0033872374482637299,0.010248091643714052,0,2.2391092467778941e-05,6.5715486333347946e-05,0
10,t14_n15_irregular_level2,3,7.8141465879143688,-10.361611211271878,0,-0.0033352572922715068,0.0067423183252307891,0,-0.0033772165135149382,0.0068057783407777213,0,-0.0033772165135149382,0.0068057783407777213,0,-0.0033624253319668855,0.0067767931157742345,0,-1.4791181548052736e-05,2.898522500348715e-05,0
10,t14_n15_irregular_level2,4,18.164659496396091,-10.883169324464509,0,-0.0031415438663264265,0.0020015655159247346,0,-0.0031582018679172322,0.0020119229062595264,0,-0.0031582018679172322,0.0020119229062595264,0,-0.0031530017662904195,0.0020086158313947652,0,-5.2001016268129527e-06,3.3070748647610184e-06,0
10,t14_n15_irregular_level2,5,-13.993086405100229,-1.6493282781192775,0,0.0037282659285311727,-0.00087835215848863888,0,0.0037588315433634226,-0.0008778508386263177,0,0.0037588315433634226,-0.0008778508386263177,0,0.003747778936363271,-0.00087547928703165568,0,1.1052607000151653e-05,-2.3715515946620323e-06,0
10,t14_n15_irregular_level2,6,-3.19837986585503,-1.549864908816124,0,0.0054452530632301188,0.0010035460013311168,0,0.005523547881640712,0.001019809833876838,0,0.005523547881640712,0.001019809833876838,0,0.0054855068216694697,0.0010128418863066628,0,3.8041059971242731e-05,6.9679475701750853e-06,0
10,t14_n15_irregular_level2,7,3.7730988558374068,-3.4475754014039639,0,-0.0058038618528801723,-0.0049657039956375673,0,-0.0058931027677276322,-0.005028291204879568,0,-0.0058931027677276322,-0.005028291204879568,0,-0.0058494298102750005,-0.0049913649894779161,0,-4.3672957452632068e-05,-3.6926215401651768e-05,0
10,t14_n15_irregular_level2,8,12.590416216159975,-3.1199051853892708,0,-0.0058545399139982206,0.00096870558096084631,0,-0.005911214112561871,0.00097908400067962657,0,-0.005911214112561871,0.00097908400067962657,0,-0.0058855174586000085,0.00097451754670864759,0,-2.5696653961862597e-05,4.5664539709789794e-06,0
10,t14_n15_irregular_level2,9,-7.676390645606217,6.0625714357653511,0,0.011186579779221184,0.0019826848017790387,0,0.011319816171272758,0.0019999843561344299,0,0.011319816171272758,0.0019999843561344299,0,0.011251425567573791,0.0019877505985735253,0,6.8390603698968068e-05,1.2233757560904569e-05,0
10,t14_n15_irregular_level2,10,-1.1741540826140684,5.324367496983812,0,-0.0077543019014474695,-0.0021565667497817059,0,-0.0078520390693713679,-0.0021932171687466021,0,-0.0078520390693713679,-0.0021932171687466021,0,-0.0077984854124713929,-0.0021782892542918475,0,-5.3553656899975205e-05,-1.4927914454754444e-05,0
10,t14_n15_irregular_level2,11,9.7710042618784279,3.6665622222961485,0,-0.00217844962968456,-0.0054702151601865442,0,-0.0022016514813218519,-0.0055165824389678368,0,-0.0022016514813218519,-0.0055165824389678368,0,-0.0021928497355573531,-0.005494445159239884,0,-8.8017457644989553e-06,-2.2137279727953103e-05,0
10,t14_n15_irregular_level2,12,-5.1819713451811324,12.136419877723263,0,0.0020836900577714361,-0.0090548542757378607,0,0.0020977159554540076,-0.009155147336105807,0,0.0020977159554540076,-0.009155147336105807,0,0.0020882116755291586,-0.0091097375901372929,0,9.5042799248489602e-06,-4.5409745968513731e-05,0
10,t14_n15_irregular_level2,13,4.6559194212199735,13.544086545224426,0,-0.0050025509144676428,0.00024870675536626391,0,-0.0050368862286089026,0.00024082839818585831,0,-0.0050368862286089026,0.00024082839818585831,0,-0.0050193228097802425,0.00024019171835685171,0,-1.7563418828659662e-05,6.3667982900661085e-07,0
10,t14_n15_irregular_level2,14,0.31337953553897624,19.474428783780194,0,0.0013714566952487818,-0.0065859684454978758,0,0.0013771567428355498,-0.0066257712238994891,0,0.0013771567428355498,-0.0066257712238994891,0,0.0013734670694810324,-0.006608297665216408,0,3.6896733545173738e-06,-1.7473558683080864e-05,0
11,t14_n15_irregular_level3,0,-13.70322266443865,-8.3983851749124483,0,0.0069551974511390946,0.0050478621626741009,0,0.0070345876594262013,0.0051005571139446093,0,0.0070345876594262013,0.0051005571139446093,0,0.007010385579535993,0.005083046504205456,0,2.4202079890208543e-05,1.7510609739153448e-05,0
11,t14_n15_irregular_level3,1,-5.9713605884947372,-7.2215886430456671,0,0.0092270375736272659,0.01125482248629533,0,0.0094729009323140014,0.011476922806808445,0,0.0094729009323140014,0.011476922806808445,0,0.0093928688803447281,0.011384109326138838,0,8.0032051969273417e-05,9.2813480669606555e-05,0
11,t14_n15_irregular_level3,2,0.060861509801627724,-6.5258713132663111,0,0.0098976711629581628,0.029118559245780645,0,0.010219451041548026,0.029987269650233971,0,0.010219451041548026,0.029987269650233971,0,0.010067154894785534,0.02956652370257393,0,0.0001522961467624919,0.00042074594766004195,0
11,t14_n15_irregular_level3,3,5.927012588445141,-7.8592587680357608,0,-0.0093808069243583488,0.018901530016048891,0,-0.0096496272900962379,0.019312723719438037,0,-0.0096496272900962379,0.019312723719438037,0,-0.0095560681506830399,0.019132702785170791,0,-9.3559139413197895e-05,0.00018002093426724544,0
11,t14_n15_irregular_level3,4,13.777853318809409,-8.254859422274766,0,-0.0085379540148721369,0.0054726567884205166,0,-0.0086478755536393212,0.0055418493481314609,0,-0.0086478755536393212,0.0055418493481314609,0,-0.0086148503962920689,0.0055206116398192019,0,-3.3025157347252818e-05,2.1237708312259079e-05,0
11,t14_n15_irregular_level3,5,-10.613724523993852,-1.251011784448832,0,0.009957796164817366,-0.0025420094300243499,0,0.010145077968371137,-0.0025452526536171851,0,0.010145077968371137,-0.0025452526536171851,0,0.010081207655397084,-0.0025298031162928579,0,6.3870312974054154e-05,-1.5449537324327163e-05,0
11,t14_n15_irregular_level3,6,-2.425963925078082,-1.1755690428370056,0,0.015719590785338716,0.0028157590593521002,0,0.016227700403247256,0.0029156846162222794,0,0.016227700403247256,0.0029156846162222794,0,0.015987658397499615,0.0028736698552190337,0,0.00024004200574764172,4.2014761003245454e-05,0
11,t14_n15_irregular_level3,7,2.8618869846368096,-2.6149781775707619,0,-0.016843567224299513,-0.014978760935881952,0,-0.017434024653752961,-0.015421620083908218,0,-0.017434024653752961,-0.015421620083908218,0,-0.017150529553324675,-0.01517149222138375,0,-0.00028349510042828514,-0.00025012786252446738,0
11,t14_n15_irregular_level3,8,9.5498023446807867,-2.3664410566801259,0,-0.016260993409386588,0.0028694020609347981,0,-0.016620799672124785,0.0029387180625891104,0,-0.016620799672124785,0.0029387180625891104,0,-0.016463910960681435,0.0029077802985178649,0,-0.00015688871144335049,3.0937764071245481e-05,0
11,t14_n15_irregular_level3,9,-5.8225250164489442,4.5984467803181861,0,0.032208464903968566,0.0064048181598034522,0,0.033097313701180513,0.0065490890200139507,0,0.033097313701180513,0.0065490890200139507,0,0.03265484211478429,0.006456601103924404,0,0.00044247158639622032,9.2487916089546327e-05,0
11,t14_n15_irregular_level3,10,-0.89059322731304014,4.0385207552849431,0,-0.02295630877329783,-0.005906648304051642,0,-0.023624986898843091,-0.0061261176930524257,0,-0.023624986898843091,-0.0061261176930524257,0,-0.023272726041155205,-0.0060380198167393883,0,-0.00035226085768788444,-8.8097876313037468e-05,0
11,t14_n15_irregular_level3,11,7.4112847270455129,2.7810791880303039,0,-0.0054784053781161343,-0.015621306692832926,0,-0.0056104017257365456,-0.015927828437108708,0,-0.0056104017257365456,-0.015927828437108708,0,-0.0055647514738192761,-0.015787634029185812,0,-4.5650251917269155e-05,-0.00014019440792289547,0
11,t14_n15_irregular_level3,12,-3.9305135948375103,9.2054471444361248,0,0.0055451113096999967,-0.025893192742457723,0,0.0056281736062625968,-0.026561777226693666,0,0.0056281736062625968,-0.026561777226693666,0,0.0055765836076582722,-0.026265845069835935,0,5.1589998604324208e-05,-0.00029593215685773085,0
11,t14_n15_irregular_level3,13,3.5315043952512304,10.273159141484911,0,-0.014146937624907733,0.0015359996397820222,0,-0.014378389864031055,0.0015108327056517008,0,-0.014378389864031055,0.0015108327056517008,0,-0.014267372274816103,0.0014965311559543334,0,-0.00011101758921495241,1.4301549697367503e-05,0
11,t14_n15_irregular_level3,14,0.23769767193430053,14.771310373517208,0,0.0040941039976891179,-0.018479491513843274,0,0.0041409007705551963,-0.01875108786137299,0,0.0041409007705551963,-0.01875108786137299,0,0.0041138692280857196,-0.018636653633056711,0,2.7031542469476568e-05,-0.00011443422831628085,0
12,t14_n15_irregular_level4,0,-10.00787851632845,-6.1335950397986716,0,0.022257653578206221,0.016269585942234398,0,0.022899990575925872,0.016702203042985968,0,0.022899990575925872,0.016702203042985968,0,0.022701434896429021,0.01655721187287798,0,0.00019855567949684971,0.0001449911701079865,0
12,t14_n15_irregular_level4,1,-4.3610654814748253,-5.2741448930881027,0,0.030689199910863101,0.036987340586597736,0,0.032759881419213759,0.038838216703144697,0,0.032759881419213759,0.038838216703144697,0,0.03206009756772888,0.038076814957708455,0,0.00069978385148487484,0.00076140174543624407,0
12,t14_n15_irregular_level4,2,0.044449003809570287,-4.76604145722954,0,0.034239591635229744,0.098853633555138015,0,0.037342963349110546,0.1067510206711203,0,0.037342963349110546,0.1067510206711203,0,0.035845124057613045,0.10291512487574173,0,0.0014978392914975008,0.0038358957953785805,0
12,t14_n15_irregular_level4,3,4.3286767939516881,-5.7398546973193447,0,-0.031378506489738264,0.063246090915452038,0,-0.033724998515115102,0.066806045805257078,0,-0.033724998515115102,0.066806045805257078,0,-0.032883895362238603,0.065258373233971961,0,-0.00084110315287650101,0.0015476725712851185,0
12,t14_n15_irregular_level4,4,10.062383543417802,-6.0287738359449161,0,-0.027595931332177883,0.01777640113241347,0,-0.028500699342586647,0.018349315303352123,0,-0.028500699342586647,0.018349315303352123,0,-0.028224099939141621,0.018169710584510671,0,-0.00027659940344502667,0.00017960471884145244,0
12,t14_n15_irregular_level4,5,-7.7515244583714713,-0.91365179329311152,0,0.032088912062848182,-0.008748759405355272,0,0.033602859869469752,-0.0088055426658648194,0,0.033602859869469752,-0.0088055426658648194,0,0.033093818836357779,-0.0086780981392264277,0,0.00050904103311197573,-0.00012744452663839096,0
12,t14_n15_irregular_level4,6,-1.7717549252252007,-0.85855367429740415,0,0.053696072160043171,0.0094449030653232843,0,0.05821097364362892,0.0102781603029859,0,0.05821097364362892,0.0102781603029859,0,0.056083294884214915,0.0099200995988055502,0,0.0021276787594140078,0.00035806070418035058,0
12,t14_n15_irregular_level4,7,2.0901227376268445,-1.9097977581502152,0,-0.057715511716127182,-0.05258645403056264,0,-0.063172871432351729,-0.056904000800917301,0,-0.063172871432351729,-0.056904000800917301,0,-0.060533827413422434,-0.054527039552694639,0,-0.0026390440189292992,-0.0023769612482226615,0
12,t14_n15_irregular_level4,8,6.9745098697503396,-1.7282835717737204,0,-0.054009963709668464,0.009877916178008735,0,-0.057065021321364359,0.010518776329980203,0,-0.057065021321364359,0.010518776329980203,0,-0.055739149069859002,0.010217913047184893,0,-0.0013258722515053594,0.00030086328279530953,0
12,t14_n15_irregular_level4,9,-4.2523663556985198,3.3583849484293071,0,0.10981642567144817,0.023413412184282171,0,0.11797538535650104,0.024994533317434734,0,0.11797538535650104,0.024994533317434734,0,0.11393095136037573,0.024043534673830191,0,0.0040444339961253099,0.00095099864360454129,0
12,t14_n15_irregular_level4,10,-0.65042720567796541,2.9494540148901831,0,-0.079674142107003548,-0.019454116765913042,0,-0.085955968961911031,-0.021236000165596416,0,-0.085955968961911031,-0.021236000165596416,0,-0.082708914505439615,-0.020498380237584966,0,-0.0032470544564714206,-0.00073761992801145188,0
12,t14_n15_irregular_level4,11,5.4126856882121865,2.0311063564868963,0,-0.016900066641729262,-0.052995436656150655,0,-0.017899560243129053,-0.055690832224851702,0,-0.017899560243129053,-0.055690832224851702,0,-0.017574930514334043,-0.05446461136326352,0,-0.00032462972879500915,-0.0012262208615881852,0
12,t14_n15_irregular_level4,12,-2.8705731145997269,6.7230168381543507,0,0.01788720833088819,-0.087755805821084235,0,0.018491059820358154,-0.093868960310495284,0,0.018491059820358154,-0.093868960310495284,0,0.018146991621248797,-0.091126062376544872,0,0.00034406819910935715,-0.0027428979339504129,0
12,t14_n15_irregular_level4,13,2.5791646120786504,7.5027992454431711,0,-0.047674832875779727,0.0072324973552775479,0,-0.049719162348591424,0.0072158746410186346,0,-0.049719162348591424,0.0072158746410186346,0,-0.048766963269968377,0.0070210619363541525,0,-0.00095219907862304615,0.00019481270466448176,0
12,t14_n15_irregular_level4,14,0.17359780852908027,10.787935317491117,0,0.014273891522697549,-0.06156120823566151,0,0.014755168498058234,-0.063948832339311451,0,0.014755168498058234,-0.063948832339311451,0,0.014487690585768234,-0.062932791176858197,0,0.00026747791229000148,-0.0010160411624532601,0
13,t14_n28_linear_level1,0,-114.92151077034511,0,0,0.0029185308278495809,0,0,0.0029244558817778112,-2.6819735296200047e-20,0,0.0029244558817778112,-2.6819735296200047e-20,0,0.0029215058568326751,-2.655709177658179e-20,0,2.9500249451362515e-06,-2.6264351961825649e-22,0
13,t14_n28_linear_level1,1,-106.40880626883806,0,0,0.00029910535931721777,0,0,0.00030238013891097543,3.4851593787265034e-19,0,0.00030238013891097543,3.4851593787265034e-19,0,0.00030175374304413011,3.4801462845897878e-19,0,6.2639586684531472e-07,5.0130941367155953e-22,0
13,t14_n28_linear_level1,2,-97.896101767331018,0,0,5.6619903613848095e-05,0,0,5.7352728986361255e-05,3.6191755089264298e-19,0,5.7352728986361255e-05,3.6191755089264298e-19,0,5.718667619720285e-05,3.6121945719272728e-19,0,1.6605278915840338e-07,6.9809369991571474e-22,0
13,t14_n28_linear_level1,3,-89.383397265823973,0,0,-1.2001854399175825e-05,0,0,-1.1995527953482869e-05,3.4852173718139152e-19,0,-1.1995527953482869e-05,3.4852173718139152e-19,0,-1.2003677333375026e-05,3.478752611647805e-19,0,8.1493798921578061e-09,6.464760166110141e-22,0
13,t14_n28_linear_level1,4,-80.870692764316928,0,0,-2.9015727743333944e-05,0,0,-2.922630157206622e-05,3.5019262747703779e-19,0,-2.922630157206622e-05,3.5019262747703779e-19,0,-2.917984847679368e-05,3.4944478796903108e-19,0,-4.645309527253831e-08,7.4783950800672303e-22,0
13,t14_n28_linear_level1,5,-72.357988262809883,0,0,-2.2457630278150006e-05,0,0,-2.2654313472945261e-05,3.9878222988278856e-19,0,-2.2654313472945261e-05,3.9878222988278856e-19,0,-2.2607352913218271e-05,3.9792600063133056e-19,0,-4.696055972698858e-08,8.5622925145802193e-22,0
13,t14_n28_linear_level1,6,-63.845283761302838,0,0,-7.6989798143554846e-06,0,0,-7.7889302772553928e-06,3.8286326750694974e-19,0,-7.7889302772553928e-06,3.8286326750694974e-19,0,-7.7659005894397922e-06,3.8204266667504781e-19,0,-2.3029687815600462e-08,8.2060083190193597e-22,0
13,t14_n28_linear_level1,7,-55.332579259795793,0,0,4.8214666811907078e-06,0,0,4.8372257376453753e-06,3.3846298854628703e-19,0,4.8372257376453753e-06,3.3846298854628703e-19,0,4.834555094516753e-06,3.3785549170799838e-19,0,2.6706431286225655e-09,6.0749683828863739e-22,0
13,t14_n28_linear_level1,8,-46.819874758288748,0,0,9.8024893644127894e-06,0,0,9.8706586031505678e-06,3.6694752849809793e-19,0,9.8706586031505678e-06,3.6694752849809793e-19,0,9.8543200023313357e-06,3.6621971573846247e-19,0,1.6338600819232317e-08,7.2781275963547319e-22,0
13,t14_n28_linear_level1,9,-38.307170256781703,0,0,7.1842230079580839e-06,0,0,7.2431638327641182e-06,3.778903886968086e-19,0,7.2431638327641182e-06,3.778903886968086e-19,0,7.2283574108375585e-06,3.7707303148197101e-19,0,1.480642192655966e-08,8.1735721483758903e-22,0
13,t14_n28_linear_level1,10,-29.794465755274658,0,0,6.888026111311995e-07,0,0,7.0252782140496366e-07,3.7783804797538962e-19,0,7.0252782140496366e-07,3.7783804797538962e-19,0,6.9866012386521203e-07,3.771297843587769e-19,0,3.8676975397515828e-09,7.0826361661269792e-22,0
13,t14_n28_linear_level1,11,-21.281761253767613,0,0,-4.8186485510068071e-06,0,0,-4.8476489093720519e-06,3.8077095463485529e-19,0,-4.8476489093720519e-06,3.8077095463485529e-19,0,-4.8408056296381219e-06,3.8020682606626478e-19,0,-6.8432797339295991e-09,5.6412856859052294e-22,0
13,t14_n28_linear_level1,12,-12.769056752260568,0,0,-6.0087535515911432e-06,0,0,-6.0497820136301264e-06,3.4579423562220033e-19,0,-6.0497820136301264e-06,3.4579423562220033e-19,0,-6.0397640155768597e-06,3.4506828259108485e-19,0,-1.0017998053266347e-08,7.2595303111546982e-22,0
13,t14_n28_linear_level1,13,-4.2563522507535225,0,0,-2.6391296313568921e-06,0,0,-2.6577011812043331e-06,3.7197411314141959e-19,0,-2.6577011812043331e-06,3.7197411314141959e-19,0,-2.6531337552839244e-06,3.7142169756033615e-19,0,-4.5674259204086614e-09,5.5241558108343331e-22,0
13,t14_n28_linear_level1,14,4.2563522507535225,0,0,2.6391296313570399e-06,0,0,2.6577011812044877e-06,3.6307258808923681e-19,0,2.6577011812044877e-06,3.6307258808923681e-19,0,2.653133755284079e-06,3.6224419019816534e-19,0,4.567425920408668e-09,8.2839789107148787e-22,0
13,t14_n28_linear_level1,15,12.769056752260568,0,0,6.0087535515908459e-06,0,0,6.0497820136301806e-06,3.6443443867865647e-19,0,6.0497820136301806e-06,3.6443443867865647e-19,0,6.0397640155769139e-06,3.6384390112357877e-19,0,1.0017998053266802e-08,5.9053755507767298e-22,0
13,t14_n28_linear_level1,16,21.281761253767613,0,0,4.8186485510071485e-06,0,0,4.847648909374133e-06,3.6359601804369817e-19,0,4.847648909374133e-06,3.6359601804369817e-19,0,4.8408056296401988e-06,3.627602770396008e-19,0,6.8432797339344265e-09,8.3574100409736621e-22,0
13,t14_n28_linear_level1,17,29.794465755274658,0,0,-6.8880261113125657e-07,0,0,-7.0252782140388856e-07,3.5228663513338467e-19,0,-7.0252782140388856e-07,3.5228663513338467e-19,0,-6.9866012386413947e-07,3.5169242134608643e-19,0,-3.8676975397491103e-09,5.9421378729824331e-22,0
13,t14_n28_linear_level1,18,38.307170256781703,0,0,-7.1842230079578798e-06,0,0,-7.2431638327669532e-06,3.3720719703040928e-19,0,-7.2431638327669532e-06,3.3720719703040928e-19,0,-7.2283574108403884e-06,3.3652022816527191e-19,0,-1.480642192656466e-08,6.8696886513738026e-22,0
13,t14_n28_linear_level1,19,46.819874758288748,0,0,-9.8024893644130418e-06,0,0,-9.8706586031511624e-06,3.4684183581122889e-19,0,-9.8706586031511624e-06,3.4684183581122889e-19,0,-9.8543200023319287e-06,3.4618211551377303e-19,0,-1.6338600819234424e-08,6.5972029745588148e-22,0
13,t14_n28_linear_level1,20,55.332579259795793,0,0,-4.8214666811904131e-06,0,0,-4.837225737645449e-06,3.485178339309373e-19,0,-4.837225737645449e-06,3.485178339309373e-19,0,-4.8345550945168267e-06,3.4797408688886141e-19,0,-2.6706431286224054e-09,5.4374704207591006e-22,0
13,t14_n28_linear_level1,21,63.845283761302838,0,0,7.69897981435551e-06,0,0,7.7889302772532549e-06,3.5019120472871128e-19,0,7.7889302772532549e-06,3.5019120472871128e-19,0,7.7659005894376593e-06,3.4954021797808777e-19,0,2.3029687815595407e-08,6.5098675062350772e-22,0
13,t14_n28_linear_level1,22,72.357988262809883,0,0,2.2457630278149904e-05,0,0,2.2654313472943275e-05,3.4411873150832352e-19,0,2.2654313472943275e-05,3.4411873150832352e-19,0,2.2607352913216292e-05,3.4352947306670306e-19,0,4.6960559726983399e-08,5.8925844162046938e-22,0
13,t14_n28_linear_level1,23,80.870692764316928,0,0,2.9015727743333913e-05,0,0,2.9226301572065562e-05,3.5856973760775972e-19,0,2.9226301572065562e-05,3.5856973760775972e-19,0,2.9179848476793026e-05,3.5783216077729357e-19,0,4.6453095272536424e-08,7.375768304661454e-22,0
13,t14_n28_linear_level1,24,89.383397265823973,0,0,1.2001854399175862e-05,0,0,1.1995527953482532e-05,3.3176012371346903e-19,0,1.1995527953482532e-05,3.3176012371346903e-19,0,1.2003677333374691e-05,3.3117257394777475e-19,0,-8.1493798921591047e-09,5.8754976569427231e-22,0
13,t14_n28_linear_level1,25,97.896101767331018,0,0,-5.6619903613848292e-05,0,0,-5.7352728986361709e-05,3.5522266448536461e-19,0,-5.7352728986361709e-05,3.5522266448536461e-19,0,-5.7186676197203304e-05,3.5464108072519722e-19,0,-1.660527891584037e-07,5.8158376016738765e-22,0
13,t14_n28_linear_level1,26,106.40880626883806,0,0,-0.00029910535931721794,0,0,-0.0003023801389109757,3.7533036183640989e-19,0,-0.0003023801389109757,3.7533036183640989e-19,0,-0.00030175374304413038,3.7465553590722347e-19,0,-6.2639586684531419e-07,6.7482592918642235e-22,0
13,t14_n28_linear_level1,27,114.92151077034511,0,0,-0.00291853082784958,0,0,-0.0029244558817778077,3.7536193944990608e-19,0,-0.0029244558817778077,3.7536193944990608e-19,0,-0.0029215058568326717,3.7502868688727635e-19,0,-2.9500249451362477e-06,3.3325256262974779e-22,0
14,t14_n28_linear_level2,0,-75.188193120929057,0,0,0.014609929261302619,0,0,0.014740210306062209,-1.1742488638394805e-23,0,0.014740210306062209,-1.1742488638394805e-23,0,0.014686490371412501,-4.2066451694737539e-22,0,5.3719934649706444e-05,4.0892202830898057e-22,0
14,t14_n28_linear_level2,1,-69.61869733419357,0,0,0.0013747585269255353,0,0,0.0014270589789293589,1.6619934029549246e-18,0,0.0014270589789293589,1.6619934029549246e-18,0,0.0014174389445292112,1.653671737075069e-18,0,9.6200344001478111e-06,8.3216658798555822e-21,0
14,t14_n28_linear_level2,2,-64.049201547458082,0,0,0.00038770108530762935,0,0,0.00040245454682963307,1.8363005956075849e-18,0,0.00040245454682963307,1.8363005956075849e-18,0,0.00039946114362245902,1.826486646956247e-18,0,2.9934032071740389e-06,9.8139486513380738e-21,0
14,t14_n28_linear_level2,3,-58.479705760722595,0,0,0.00013143906052209635,0,0,0.00013662794819291807,1.8363402728078396e-18,0,0.00013662794819291807,1.8363402728078396e-18,0,0.00013550371886426578,1.8263819417208935e-18,0,1.1242293286522806e-06,9.9583310869461757e-21,0
14,t14_n28_linear_level2,4,-52.910209973987115,0,0,2.6650642717437875e-05,0,0,2.8075980532265776e-05,1.8095250612743675e-18,0,2.8075980532265776e-05,1.8095250612743675e-18,0,2.7755740166526452e-05,1.7954904262054013e-18,0,3.2024036573932293e-07,1.4034635068966085e-20,0
14,t14_n28_linear_level2,5,-47.340714187251628,0,0,-2.0458325828301863e-05,0,0,-2.0744334874539797e-05,1.8564316155063523e-18,0,-2.0744334874539797e-05,1.8564316155063523e-18,0,-2.0678199583861313e-05,1.844284828431744e-18,0,-6.6135290678482956e-08,1.2146787074608268e-20,0
14,t14_n28_linear_level2,6,-41.77121840051614,0,0,-3.7143724907476744e-05,0,0,-3.8113271224321274e-05,1.839662657846762e-18,0,-3.8113271224321274e-05,1.839662657846762e-18,0,-3.7886415212611665e-05,1.8255071593927187e-18,0,-2.2685601170961198e-07,1.4155498454043524e-20,0
14,t14_n28_linear_level2,7,-36.201722613780653,0,0,-3.6167148323330825e-05,0,0,-3.7231082230478093e-05,1.8379909973429465e-18,0,-3.7231082230478093e-05,1.8379909973429465e-18,0,-3.6979137945331549e-05,1.8280455270617801e-18,0,-2.5194428514654501e-07,9.9454702811664529e-21,0
14,t14_n28_linear_level2,8,-30.632226827045169,0,0,-2.6027165476344419e-05,0,0,-2.6868185930570952e-05,1.807001179629825e-18,0,-2.6868185930570952e-05,1.807001179629825e-18,0,-2.6666733699220162e-05,1.7986430327350968e-18,0,-2.0145223135078828e-07,8.3581468947283914e-21,0
14,t14_n28_linear_level2,9,-25.062731040309686,0,0,-1.3181829338326906e-05,0,0,-1.3682566341380245e-05,1.7910798006519428e-18,0,-1.3682566341380245e-05,1.7910798006519428e-18,0,-1.3560962994021536e-05,1.7781597803172958e-18,0,-1.2160334735870868e-07,1.2920020334647224e-20,0
14,t14_n28_linear_level2,10,-19.493235253574198,0,0,-2.2851727586998248e-06,0,0,-2.4721470557426638e-06,1.7726514071727698e-18,0,-2.4721470557426638e-06,1.7726514071727698e-18,0,-2.4254313050174261e-06,1.7606347284748606e-18,0,-4.6715750725237629e-08,1.2016678697909033e-20,0
14,t14_n28_linear_level2,11,-13.923739466838715,0,0,4.0004791197039769e-06,0,0,4.0156724680852793e-06,1.8195609395358917e-18,0,4.0156724680852793e-06,1.8195609395358917e-18,0,4.0134045009489397e-06,1.8078749337591584e-18,0,2.2679671363395633e-09,1.1686005776733279e-20,0
14,t14_n28_linear_level2,12,-8.3542436801032274,0,0,5.078788932973692e-06,0,0,5.1600059691897715e-06,1.7726545475791996e-18,0,5.1600059691897715e-06,1.7726545475791996e-18,0,5.1412189516725101e-06,1.7583812743239387e-18,0,1.878701751726161e-08,1.4273273255260647e-20,0
14,t14_n28_linear_level2,13,-2.7847478933677428,0,0,2.1844407639655646e-06,0,0,2.2248701683367556e-06,1.8317051781635493e-18,0,2.2248701683367556e-06,1.8317051781635493e-18,0,2.2153626754679135e-06,1.819663602511496e-18,0,9.5074928688419827e-09,1.2041575652053275e-20,0
14,t14_n28_linear_level2,14,2.7847478933677428,0,0,-2.184440763965338e-06,0,0,-2.2248701683293792e-06,1.7898274577674162e-18,0,-2.2248701683293792e-06,1.7898274577674162e-18,0,-2.215362675460593e-06,1.7785469831398172e-18,0,-9.5074928687862406e-09,1.1280474627599018e-20,0
14,t14_n28_linear_level2,15,8.3542436801032274,0,0,-5.0787889329725061e-06,0,0,-5.1600059691904042e-06,1.811181839279818e-18,0,-5.1600059691904042e-06,1.811181839279818e-18,0,-5.1412189516731369e-06,1.7988154200795262e-18,0,-1.8787017517267636e-08,1.2366419200291754e-20,0
14,t14_n28_linear_level2,16,13.923739466838715,0,0,-4.0004791197051111e-06,0,0,-4.0156724680842357e-06,1.8028075895352016e-18,0,-4.0156724680842357e-06,1.8028075895352016e-18,0,-4.0134045009478911e-06,1.7909098151999113e-18,0,-2.2679671363446769e-09,1.189777433529038e-20,0
14,t14_n28_linear_level2,17,19.493235253574198,0,0,2.285172758698251e-06,0,0,2.4721470557395662e-06,1.8296185131220722e-18,0,2.4721470557395662e-06,1.8296185131220722e-18,0,2.4254313050143488e-06,1.8229139000328469e-18,0,4.6715750725217472e-08,6.7046130892252279e-21,0
14,t14_n28_linear_level2,18,25.062731040309686,0,0,1.3181829338325599e-05,0,0,1.3682566341385396e-05,1.7910829302007665e-18,0,1.3682566341385396e-05,1.7910829302007665e-18,0,1.3560962994026642e-05,1.7798752647737687e-18,0,1.2160334735875487e-07,1.1207665426997939e-20,0
14,t14_n28_linear_level2,19,30.632226827045169,0,0,2.6027165476344009e-05,0,0,2.6868185930571274e-05,1.8798669331235266e-18,0,2.6868185930571274e-05,1.8798669331235266e-18,0,2.6666733699220474e-05,1.8679901215637254e-18,0,2.0145223135079911e-07,1.1876811559801072e-20,0
14,t14_n28_linear_level2,20,36.201722613780653,0,0,3.616714832333048e-05,0,0,3.7231082230480376e-05,1.7659534189788386e-18,0,3.7231082230480376e-05,1.7659534189788386e-18,0,3.6979137945333812e-05,1.7564038722551912e-18,0,2.519442851465647e-07,9.5495467236472289e-21,0
14,t14_n28_linear_level2,21,41.77121840051614,0,0,3.7143724907477178e-05,0,0,3.8113271224312479e-05,1.8095088512688048e-18,0,3.8113271224312479e-05,1.8095088512688048e-18,0,3.7886415212602923e-05,1.7971308950609062e-18,0,2.268560117095575e-07,1.2377956207898585e-20,0
14,t14_n28_linear_level2,22,47.340714187251628,0,0,2.0458325828303235e-05,0,0,2.0744334874546458e-05,1.8028064439260062e-18,0,2.0744334874546458e-05,1.8028064439260062e-18,0,2.0678199583867937e-05,1.7898104702992477e-18,0,6.6135290678519709e-08,1.2995973626758672e-20,0
14,t14_n28_linear_level2,23,52.910209973987115,0,0,-2.6650642717438147e-05,0,0,-2.8075980532257993e-05,1.8095212185360266e-18,0,-2.8075980532257993e-05,1.8095212185360266e-18,0,-2.7755740166518714e-05,1.8011447634279057e-18,0,-3.2024036573927825e-07,8.3764551081208965e-21,0
14,t14_n28_linear_level2,24,58.479705760722595,0,0,-0.00013143906052209728,0,0,-0.00013662794819291322,1.7424715946698139e-18,0,-0.00013662794819291322,1.7424715946698139e-18,0,-0.00013550371886426099,1.732120026050943e-18,0,-1.1242293286522406e-06,1.0351568618870907e-20,0
14,t14_n28_linear_level2,25,64.049201547458082,0,0,-0.00038770108530762994,0,0,-0.00040245454682963692,1.9167011893558319e-18,0,-0.00040245454682963692,1.9167011893558319e-18,0,-0.00039946114362246282,1.9073003865789753e-18,0,-2.9934032071740732e-06,9.400802776856624e-21,0
14,t14_n28_linear_level2,26,69.61869733419357,0,0,-0.0013747585269255364,0,0,-0.0014270589789293774,1.8095748223785227e-18,0,-0.0014270589789293774,1.8095748223785227e-18,0,-0.0014174389445292294,1.7983291860023767e-18,0,-9.6200344001479348e-06,1.1245636376146193e-20,0
14,t14_n28_linear_level2,27,75.188193120929057,0,0,-0.014609929261302616,0,0,-0.014740210306062202,1.8507290914619761e-18,0,-0.014740210306062202,1.8507290914619761e-18,0,-0.014686490371412494,1.8423905970999e-18,0,-5.3719934649706404e-05,8.3384943620759051e-21,0
15,t14_n28_linear_level3,0,-57.030075148505048,0,0,0.042831040460414423,0,0,0.043769656034864379,2.6638561433735074e-20,0,0.043769656034864379,2.6638561433735074e-20,0,0.043377561787778143,3.0153398423646814e-20,0,0.00039209424708623331,-3.5148369899117394e-21,0
15,t14_n28_linear_level3,1,-52.805625137504677,0,0,0.0037783931925699592,0,0,0.0040957436568604781,4.9051279878804622e-18,0,0.0040957436568604781,4.9051279878804622e-18,0,0.004029803358935072,4.8447023482178675e-18,0,6.5940297925405763e-05,6.0425639662594904e-20,0
15,t14_n28_linear_level3,2,-48.581175126504299,0,0,0.0010856933422555249,0,0,0.0011779338014141134,5.1739396623874101e-18,0,0.0011779338014141134,5.1739396623874101e-18,0,0.001157746424359349,5.1061467599188998e-18,0,2.0187377054764329e-05,6.7792902468510627e-20,0
15,t14_n28_linear_level3,3,-44.356725115503927,0,0,0.00045463612415926546,0,0,0.00049240983416886145,5.3615112770019498e-18,0,0.00049240983416886145,5.3615112770019498e-18,0,0.00048366636065437588,5.2882756388687282e-18,0,8.7434735144855689e-06,7.3235638133221491e-20,0
15,t14_n28_linear_level3,4,-40.132275104503556,0,0,0.00020510910828332353,0,0,0.00022229731485365198,5.388397526898819e-18,0,0.00022229731485365198,5.388397526898819e-18,0,0.00021819144868320901,5.3106663068049652e-18,0,4.1058661704429743e-06,7.7731220093853358e-20,0
15,t14_n28_linear_level3,5,-35.907825093503178,0,0,7.6615155640923283e-05,0,0,8.3555058485888179e-05,5.4016811289506559e-18,0,8.3555058485888179e-05,5.4016811289506559e-18,0,8.1885761688633938e-05,5.3278778896827389e-18,0,1.6692967972542359e-06,7.380323926791734e-20,0
15,t14_n28_linear_level3,6,-31.683375082502806,0,0,2.3055636081306393e-06,0,0,3.401820821120569e-06,5.3481106568212103e-18,0,3.401820821120569e-06,5.3481106568212103e-18,0,3.1726015580617159e-06,5.2770465153640169e-18,0,2.29219263058853e-07,7.1064141457193263e-20,0
15,t14_n28_linear_level3,7,-27.458925071502431,0,0,-4.103814374512619e-05,0,0,-4.3363873279320742e-05,5.3883183188667089e-18,0,-4.3363873279320742e-05,5.3883183188667089e-18,0,-4.2730573547076429e-05,5.3201090547825466e-18,0,-6.332997322443145e-07,6.8209264084162063e-20,0
15,t14_n28_linear_level3,8,-23.234475060502056,0,0,-6.3580234417847639e-05,0,0,-6.7737175595075473e-05,5.398463659711468e-18,0,-6.7737175595075473e-05,5.398463659711468e-18,0,-6.663635018254357e-05,5.3188060424240427e-18,0,-1.1008254125319e-06,7.9657617287424922e-20,0
15,t14_n28_linear_level3,9,-19.010025049501682,0,0,-7.0844538767477004e-05,0,0,-7.5674600020153037e-05,5.4017808893642033e-18,0,-7.5674600020153037e-05,5.4017808893642033e-18,0,-7.4401694042803217e-05,5.3260360560519248e-18,0,-1.2729059773498165e-06,7.574483331227892e-20,0
15,t14_n28_linear_level3,10,-14.785575038501308,0,0,-6.6525277086381852e-05,0,0,-7.1151102007316599e-05,5.39424837307805e-18,0,-7.1151102007316599e-05,5.39424837307805e-18,0,-6.9933566044972257e-05,5.3197241138934334e-18,0,-1.217535962344342e-06,7.4524259184616928e-20,0
15,t14_n28_linear_level3,11,-10.561125027500935,0,0,-5.3552093508522626e-05,0,0,-5.7316463115561353e-05,5.3509792631635016e-18,0,-5.7316463115561353e-05,5.3509792631635016e-18,0,-5.6326082995365926e-05,5.2785086285191492e-18,0,-9.9038012019542889e-07,7.2470634644352468e-20,0
15,t14_n28_linear_level3,12,-6.3366750165005605,0,0,-3.4526008778187027e-05,0,0,-3.6967659097093953e-05,5.3852367430379649e-18,0,-3.6967659097093953e-05,5.3852367430379649e-18,0,-3.6325397940323111e-05,5.3103606039181946e-18,0,-6.4226115677084466e-07,7.4876139119769979e-20,0
15,t14_n28_linear_level3,13,-2.112225005500187,0,0,-1.1906222245374738e-05,0,0,-1.2750531393731264e-05,5.4346330664454178e-18,0,-1.2750531393731264e-05,5.4346330664454178e-18,0,-1.2528460184758183e-05,5.3697616951876273e-18,0,-2.2207120897308086e-07,6.4871371257790428e-20,0
15,t14_n28_linear_level3,14,2.112225005500187,0,0,1.1906222245373545e-05,0,0,1.2750531393730163e-05,5.3872133883295525e-18,0,1.2750531393730163e-05,5.3872133883295525e-18,0,1.2528460184757037e-05,5.3145302635102822e-18,0,2.2207120897312655e-07,7.2683124819270143e-20,0
15,t14_n28_linear_level3,15,6.3366750165005605,0,0,3.4526008778189555e-05,0,0,3.6967659097121966e-05,5.4092841857126231e-18,0,3.6967659097121966e-05,5.4092841857126231e-18,0,3.632539794035065e-05,5.3318249645704985e-18,0,6.4226115677131995e-07,7.7459221142124347e-20,0
15,t14_n28_linear_level3,16,10.561125027500935,0,0,5.3552093508525208e-05,0,0,5.7316463115645433e-05,5.4168564659742818e-18,0,5.7316463115645433e-05,5.4168564659742818e-18,0,5.6326082995448529e-05,5.3323747862067363e-18,0,9.9038012019690738e-07,8.4481679767545646e-20,0
15,t14_n28_linear_level3,17,14.785575038501308,0,0,6.6525277086379548e-05,0,0,7.1151102007271388e-05,5.4092803716086388e-18,0,7.1151102007271388e-05,5.4092803716086388e-18,0,6.9933566044927804e-05,5.332524748465586e-18,0,1.2175359623435822e-06,7.6755623143052985e-20,0
15,t14_n28_linear_level3,18,19.010025049501682,0,0,7.0844538767476191e-05,0,0,7.5674600020124997e-05,5.3548702350244042e-18,0,7.5674600020124997e-05,5.3548702350244042e-18,0,7.4401694042775665e-05,5.2762919302691482e-18,0,1.2729059773493309e-06,7.8578304755255692e-20,0
15,t14_n28_linear_level3,19,23.234475060502056,0,0,6.35802344178481e-05,0,0,6.7737175595127149e-05,5.4419071332495138e-18,0,6.7737175595127149e-05,5.4419071332495138e-18,0,6.6636350182594338e-05,5.3640501238576375e-18,0,1.1008254125328159e-06,7.7857009391876455e-20,0
15,t14_n28_linear_level3,20,27.458925071502431,0,0,4.1038143745126373e-05,0,0,4.3363873279284814e-05,5.3749840265871936e-18,0,4.3363873279284814e-05,5.3749840265871936e-18,0,4.2730573547041165e-05,5.3009715610558463e-18,0,6.3329973224364577e-07,7.4012465531346966e-20,0
15,t14_n28_linear_level3,21,31.683375082502806,0,0,-2.3055636081352319e-06,0,0,-3.4018208211315711e-06,5.4017838559283401e-18,0,-3.4018208211315711e-06,5.4017838559283401e-18,0,-3.1726015580724902e-06,5.3268142782778836e-18,0,-2.2921926305908106e-07,7.4969577650456624e-20,0
15,t14_n28_linear_level3,22,35.907825093503178,0,0,-7.6615155640924611e-05,0,0,-8.3555058485911964e-05,5.4686801947821009e-18,0,-8.3555058485911964e-05,5.4686801947821009e-18,0,-8.1885761688657371e-05,5.3854596428398346e-18,0,-1.6692967972545982e-06,8.3220551942266672e-20,0
15,t14_n28_linear_level3,23,40.132275104503556,0,0,-0.00020510910828332445,0,0,-0.00022229731485360116,5.4017937017745636e-18,0,-0.00022229731485360116,5.4017937017745636e-18,0,-0.00021819144868315908,5.3301287711566725e-18,0,-4.1058661704420739e-06,7.1664930617891058e-20,0
15,t14_n28_linear_level3,24,44.356725115503927,0,0,-0.00045463612415926633,0,0,-0.0004924098341688132,5.3617056096079196e-18,0,-0.0004924098341688132,5.3617056096079196e-18,0,-0.00048366636065432845,5.2853462435241215e-18,0,-8.7434735144847625e-06,7.6359366083797825e-20,0
15,t14_n28_linear_level3,25,48.581175126504299,0,0,-0.0010856933422555234,0,0,-0.0011779338014140796,5.3619109497602238e-18,0,-0.0011779338014140796,5.3619109497602238e-18,0,-0.0011577464243593158,5.2918342849998483e-18,0,-2.0187377054763756e-05,7.0076664760375747e-20,0
15,t14_n28_linear_level3,26,52.805625137504677,0,0,-0.0037783931925699579,0,0,-0.0040957436568604937,5.4161564819844239e-18,0,-0.0040957436568604937,5.4161564819844239e-18,0,-0.0040298033589350876,5.3498665304544249e-18,0,-6.5940297925406048e-05,6.6289951529998702e-20,0
15,t14_n28_linear_level3,27,57.030075148505048,0,0,-0.042831040460414409,0,0,-0.043769656034864442,5.3725946863464038e-18,0,-0.043769656034864442,5.3725946863464038e-18,0,-0.043377561787778206,5.3255236183247323e-18,0,-0.00039209424708623402,4.7071068021671219e-20,0
16,t14_n28_linear_level4,0,-41.650791046727946,0,0,0.14754139236882088,0,0,0.15733245464748088,-7.9243516199357166e-20,0,0.15733245464748088,-7.9243516199357166e-20,0,0.15290147466418427,-4.0201641151659877e-20,0,0.0044309799832966028,-3.9041875047697289e-20,0
16,t14_n28_linear_level4,1,-38.565547265488838,0,0,0.012230771256137047,0,0,0.014730788934874518,1.775317557640166e-17,0,0.014730788934874518,1.775317557640166e-17,0,0.01402796793865819,1.7135112826214968e-17,0,0.00070282099621632823,6.1806275018669165e-19,0
16,t14_n28_linear_level4,2,-35.480303484249731,0,0,0.0033307476590197648,0,0,0.0040682786386077342,1.9023170047459997e-17,0,0.0040682786386077342,1.9023170047459997e-17,0,0.0038668666737318095,1.8364522202453093e-17,0,0.00020141196487592484,6.5864784500690377e-19,0
16,t14_n28_linear_level4,3,-32.395059703010624,0,0,0.0014072490964228527,0,0,0.0017137809207590754,1.9347313010219345e-17,0,0.0017137809207590754,1.9347313010219345e-17,0,0.0016276774644149795,1.8637446434357179e-17,0,8.6103456344095879e-05,7.0986657586216553e-19,0
16,t14_n28_linear_level4,4,-29.309815921771516,0,0,0.00071717963606835714,0,0,0.00087115045043845596,1.9506279239701816e-17,0,0.00087115045043845596,1.9506279239701816e-17,0,0.00082685497819713085,1.8799793696818183e-17,0,4.4295472241325128e-05,7.0648554288363235e-19,0
16,t14_n28_linear_level4,5,-26.224572140532409,0,0,0.00039015317216233014,0,0,0.00047400689590812266,1.958869958575189e-17,0,0.00047400689590812266,1.958869958575189e-17,0,0.00044955955138482277,1.8886303354064956e-17,0,2.4447344523299878e-05,7.0239623168693489e-19,0
16,t14_n28_linear_level4,6,-23.139328359293302,0,0,0.00020863680274702117,0,0,0.00025451296045493209,1.958928713171376e-17,0,0.00025451296045493209,1.958928713171376e-17,0,0.00024109929948633289,1.8826018337189092e-17,0,1.3413660968599198e-05,7.6326879452466742e-19,0
16,t14_n28_linear_level4,7,-20.054084578054194,0,0,9.9822869859176667e-05,0,0,0.00012323451182654345,1.9644178445904274e-17,0,0.00012323451182654345,1.9644178445904274e-17,0,0.00011646212821033109,1.8917309338322318e-17,0,6.7723836162123626e-06,7.2686910758195787e-19,0
16,t14_n28_linear_level4,8,-16.968840796815087,0,0,3.3842789227298375e-05,0,0,4.3634964602601099e-05,1.9669424953504088e-17,0,4.3634964602601099e-05,1.9669424953504088e-17,0,4.0926512230652175e-05,1.892145054365301e-17,0,2.7084523719489197e-06,7.4797440985107782e-19,0
16,t14_n28_linear_level4,9,-13.883597015575981,0,0,-3.8325616730664113e-06,0,0,-1.971863452801494e-06,1.9455903111193462e-17,0,-1.971863452801494e-06,1.9455903111193462e-17,0,-2.3119830543814594e-06,1.8796587617600028e-17,0,3.401196015799654e-07,6.5931549359343542e-19,0
16,t14_n28_linear_level4,10,-10.798353234336874,0,0,-2.156238966963417e-05,0,0,-2.3706088302717023e-05,1.9763286224388832e-17,0,-2.3706088302717023e-05,1.9763286224388832e-17,0,-2.2867708936405504e-05,1.8975107770345996e-17,0,-8.3837936631151881e-07,7.8817845404283699e-19,0
16,t14_n28_linear_level4,11,-7.7131094530977675,0,0,-2.5049254912885525e-05,0,0,-2.843272430550955e-05,1.9575664821048962e-17,0,-2.843272430550955e-05,1.9575664821048962e-17,0,-2.7262419821489724e-05,1.8905592178631105e-17,0,-1.1703044840198254e-06,6.7007264241785714e-19,0
16,t14_n28_linear_level4,12,-4.6278656718586602,0,0,-1.8822387724634154e-05,0,0,-2.1577628368300779e-05,1.9682272660587867e-17,0,-2.1577628368300779e-05,1.9682272660587867e-17,0,-2.0651115086447177e-05,1.88602471583257e-17,0,-9.2651328185360163e-07,8.2202550226216487e-19,0
16,t14_n28_linear_level4,13,-1.5426218906195535,0,0,-6.9008948702010099e-06,0,0,-7.9388625145258835e-06,1.9668218564686344e-17,0,-7.9388625145258835e-06,1.9668218564686344e-17,0,-7.5929875911689953e-06,1.894865771004273e-17,0,-3.4587492335688799e-07,7.1956085464361492e-19,0
16,t14_n28_linear_level4,14,1.5426218906195535,0,0,6.9008948702099486e-06,0,0,7.9388625145198577e-06,1.9653509202767884e-17,0,7.9388625145198577e-06,1.9653509202767884e-17,0,7.5929875911635929e-06,1.8906541090620175e-17,0,3.4587492335626436e-07,7.4696811214770808e-19,0
16,t14_n28_linear_level4,15,4.6278656718586602,0,0,1.8822387724641778e-05,0,0,2.1577628368315196e-05,1.9475444762006654e-17,0,2.1577628368315196e-05,1.9475444762006654e-17,0,2.0651115086460147e-05,1.8847938580376397e-17,0,9.2651328185504847e-07,6.2750618163025827e-19,0
16,t14_n28_linear_level4,16,7.7131094530977675,0,0,2.5049254912907382e-05,0,0,2.8432724305250883e-05,1.973616437129287e-17,0,2.8432724305250883e-05,1.973616437129287e-17,0,2.726241982124424e-05,1.8863660734074432e-17,0,1.1703044840066431e-06,8.7250363721843867e-19,0
16,t14_n28_linear_level4,17,10.798353234336874,0,0,2.1562389669620309e-05,0,0,2.3706088302565675e-05,1.9562398024302975e-17,0,2.3706088302565675e-05,1.9562398024302975e-17,0,2.2867708936262894e-05,1.8952456412854723e-17,0,8.3837936630278188e-07,6.0994161144825136e-19,0
16,t14_n28_linear_level4,18,13.883597015575981,0,0,3.8325616730757389e-06,0,0,1.9718634528574672e-06,1.9523319497179419e-17,0,1.9718634528574672e-06,1.9523319497179419e-17,0,2.3119830544348538e-06,1.8760773787949163e-17,0,-3.4011960157738672e-07,7.6254570923025632e-19,0
16,t14_n28_linear_level4,19,16.968840796815087,0,0,-3.3842789227305707e-05,0,0,-4.3634964602636728e-05,1.9562210580273054e-17,0,-4.3634964602636728e-05,1.9562210580273054e-17,0,-4.0926512230685996e-05,1.8861865709006078e-17,0,-2.7084523719507353e-06,7.0034487126697634e-19,0
16,t14_n28_linear_level4,20,20.054084578054194,0,0,-9.9822869859175447e-05,0,0,-0.00012323451182656502,1.9858630571839006e-17,0,-0.00012323451182656502,1.9858630571839006e-17,0,-0.00011646212821035088,1.908223689822117e-17,0,-6.7723836162141507e-06,7.7639367361783626e-19,0
16,t14_n28_linear_level4,21,23.139328359293302,0,0,-0.00020863680274701017,0,0,-0.00025451296045493594,1.9696739273595789e-17,0,-0.00025451296045493594,1.9696739273595789e-17,0,-0.00024109929948633701,1.8953415843463253e-17,0,-1.341366096859893e-05,7.4332343013253656e-19,0
16,t14_n28_linear_level4,22,26.224572140532409,0,0,-0.00039015317216231914,0,0,-0.00047400689590793092,1.9697765625256066e-17,0,-0.00047400689590793092,1.9697765625256066e-17,0,-0.00044955955138464149,1.89517300839672e-17,0,-2.4447344523289449e-05,7.4603554128886453e-19,0
16,t14_n28_linear_level4,23,29.309815921771516,0,0,-0.00071717963606834662,0,0,-0.00087115045043803345,1.975198452109916e-17,0,-0.00087115045043803345,1.975198452109916e-17,0,-0.00082685497819673089,1.9069925694828912e-17,0,-4.4295472241302556e-05,6.8205882627024888e-19,0
16,t14_n28_linear_level4,24,32.395059703010624,0,0,-0.0014072490964228315,0,0,-0.0017137809207588416,1.9832987752189511e-17,0,-0.0017137809207588416,1.9832987752189511e-17,0,-0.0016276774644147589,1.9097280791985868e-17,0,-8.6103456344082774e-05,7.3570696020364213e-19,0
16,t14_n28_linear_level4,25,35.480303484249731,0,0,-0.0033307476590197366,0,0,-0.00406827863860784,1.9459001743303296e-17,0,-0.00406827863860784,1.9459001743303296e-17,0,-0.0038668666737319097,1.8757937640868337e-17,0,-0.00020141196487593037,7.0106410243495954e-19,0
16,t14_n28_linear_level4,26,38.565547265488838,0,0,-0.012230771256137057,0,0,-0.014730788934874884,1.9471165074407267e-17,0,-0.014730788934874884,1.9471165074407267e-17,0,-0.014027967938658537,1.8800612600549113e-17,0,-0.00070282099621634666,6.7055247385815455e-19,0
16,t14_n28_linear_level4,27,41.650791046727946,0,0,-0.14754139236882086,0,0,-0.15733245464748108,1.9299642109586529e-17,0,-0.15733245464748108,1.9299642109586529e-17,0,-0.15290147466418447,1.8757133133213762e-17,0,-0.0044309799832966124,5.4250897637276717e-19,0
17,t14_n28_compact_level1,0,-38.626568867486071,-22.301059933514697,0,0.0010029701048019258,0.00057906505999653901,0,0.0010035382498846466,0.0005793930787129862,0,0.0010035382498846466,0.0005793930787129862,0,0.0010029205307372838,0.0005790364383969727,0,6.1771914736282363e-07,3.5664031601351232e-07,0
17,t14_n28_compact_level1,1,-25.751045911657378,-22.301059933514697,0,0.00011679173353971397,0.0012033687888457444,0,0.00011735081701007149,0.0012051690411102223,0,0.00011735081701007149,0.0012051690411102223,0,0.00011702855109773975,0.0012037027196898495,0,3.2226591233173895e-07,1.4663214203728305e-06,0
17,t14_n28_compact_level1,2,-12.875522955828689,-22.301059933514697,0,-2.3699479728436302e-05,0.0013363386575502628,0,-2.3643578566141536e-05,0.0013388583631104135,0,-2.3643578566141536e-05,0.0013388583631104135,0,-2.3792894922290135e-05,0.0013370053322398294,0,1.4931635614859735e-07,1.8530308705840265e-06,0
17,t14_n28_compact_level1,3,6.126300874136039e-16,-22.301059933514697,0,1.4674845811180753e-19,0.0013681792241071267,0,-2.1449314677161444e-19,0.0013708630871521724,0,-2.1449314677161444e-19,0.0013708630871521724,0,-2.1407017547635645e-19,0.0013689075857927484,0,-4.2297129525799752e-22,1.9555013594238613e-06,0
17,t14_n28_compact_level1,4,12.875522955828689,-22.301059933514697,0,2.3699479728436291e-05,0.0013363386575502628,0,2.3643578566140893e-05,0.001338858363110414,0,2.3643578566140893e-05,0.001338858363110414,0,2.3792894922289491e-05,0.0013370053322398299,0,-1.4931635614859767e-07,1.8530308705840269e-06,0
17,t14_n28_compact_level1,5,25.751045911657378,-22.301059933514697,0,-0.000116791733539714,0.0012033687888457444,0,-0.00011735081701007216,0.0012051690411102225,0,-0.00011735081701007216,0.0012051690411102225,0,-0.00011702855109774043,0.0012037027196898497,0,-3.2226591233173964e-07,1.4663214203728311e-06,0
17,t14_n28_compact_level1,6,38.626568867486071,-22.301059933514697,0,-0.0010029701048019262,0.00057906505999653901,0,-0.001003538249884646,0.00057939307871298664,0,-0.001003538249884646,0.00057939307871298664,0,-0.0010029205307372831,0.00057903643839697313,0,-6.1771914736282331e-07,3.5664031601351243e-07,0
17,t14_n28_compact_level1,7,-32.188807389571721,-11.150529966757349,0,0.0011005438080315842,-0.00050053978622545663,0,0.00110238241396102,-0.00050095573186953034,0,0.00110238241396102,-0.00050095573186953034,0,0.001100951409404698,-0.00050050166162619696,0,1.4310045563220209e-06,-4.540702433333609e-07,0
17,t14_n28_compact_level1,8,-19.313284433743036,-11.150529966757349,0,0.00016585961446140762,9.5759093056981733e-05,0,0.00016693717676567486,9.6381223943418806e-05,0,0.00016693717676567486,9.6381223943418806e-05,0,0.00016626491276245029,9.5993092140190606e-05,0,6.7226400322457276e-07,3.8813180322820306e-07,0
17,t14_n28_compact_level1,9,-6.4377614779143446,-11.150529966757349,0,1.6981906243679402e-05,0.00023043044275142054,0,1.7239029756741313e-05,0.00023185317020898944,0,1.7239029756741313e-05,0.00023185317020898944,0,1.7014148277159472e-05,0.00023105611047707111,0,2.2488147958184073e-07,7.9705973191832929e-07,0
17,t14_n28_compact_level1,10,6.4377614779143446,-11.150529966757349,0,-1.6981906243679613e-05,0.00023043044275142043,0,-1.7239029756742011e-05,0.00023185317020898974,0,-1.7239029756742011e-05,0.00023185317020898974,0,-1.701414827716017e-05,0.00023105611047707141,0,-2.2488147958184078e-07,7.9705973191832993e-07,0
17,t14_n28_compact_level1,11,19.313284433743036,-11.150529966757349,0,-0.0001658596144614077,9.5759093056981787e-05,0,-0.00016693717676567616,9.6381223943419253e-05,0,-0.00016693717676567616,9.6381223943419253e-05,0,-0.00016626491276245159,9.5993092140191053e-05,0,-6.7226400322457541e-07,3.8813180322820412e-07,0
17,t14_n28_compact_level1,12,32.188807389571721,-11.150529966757349,0,-0.001100543808031584,-0.00050053978622545696,0,-0.0011023824139610218,-0.00050095573186952958,0,-0.0011023824139610218,-0.00050095573186952958,0,-0.0011009514094046998,-0.0005005016616261962,0,-1.431004556322023e-06,-4.5407024333335947e-07,0
17,t14_n28_compact_level1,13,-25.751045911657378,6.1263008741360468e-16,0,0.0011454534856335024,-0.00068869368027643261,0,0.0011476635652397974,-0.00068990512122985958,0,0.0011476635652397974,-0.00068990512122985958,0,0.0011459841352538006,-0.00068910791755219275,0,1.6794299859968604e-06,-7.9720367766680452e-07,0
17,t14_n28_compact_level1,14,-12.875522955828689,6.1263008741360468e-16,0,0.00020804957034986572,-0.00010050845916399976,0,0.00020941025022731247,-0.00010099714739856041,0,0.00020941025022731247,-0.00010099714739856041,0,0.00020860753551134667,-0.00010079337060675975,0,8.0271471596580652e-07,-2.0377679180065874e-07,0
17,t14_n28_compact_level1,15,6.126300874136039e-16,6.1263008741360468e-16,0,1.8846483076408183e-19,-1.094366567852556e-18,0,-1.3465304539115461e-19,-8.4148098151288622e-19,0,-1.3465304539115461e-19,-8.4148098151288622e-19,0,-1.3465327246640483e-19,-8.4029256000918126e-19,0,2.2707525022358815e-25,-1.18842150370498e-21,0
17,t14_n28_compact_level1,16,12.875522955828689,6.1263008741360468e-16,0,-0.00020804957034986572,-0.0001005084591639997,0,-0.00020941025022731347,-0.00010099714739856095,0,-0.00020941025022731347,-0.00010099714739856095,0,-0.00020860753551134767,-0.0001007933706067603,0,-8.0271471596580864e-07,-2.0377679180065982e-07,0
17,t14_n28_compact_level1,17,25.751045911657378,6.1263008741360468e-16,0,-0.0011454534856335029,-0.00068869368027643261,0,-0.0011476635652397987,-0.00068990512122985958,0,-0.0011476635652397987,-0.00068990512122985958,0,-0.0011459841352538019,-0.00068910791755219275,0,-1.6794299859968625e-06,-7.9720367766680463e-07,0
17,t14_n28_compact_level1,18,-19.313284433743036,11.150529966757352,0,0.0011848779650068548,-0.00068408961205356183,0,0.0011872022585841424,-0.00068543154357608509,0,0.0011872022585841424,-0.00068543154357608509,0,0.0011855087447297465,-0.00068445379289637314,0,1.6935138543960693e-06,-9.777506797119294e-07,0
17,t14_n28_compact_level1,19,-6.4377614779143446,11.150529966757352,0,0.00019106766410618669,-0.00012992198358742027,0,0.00019217122047057023,-0.00013085602281042737,0,0.00019217122047057023,-0.00013085602281042737,0,0.00019159338723418625,-0.00013026273987030971,0,5.7783323638396582e-07,-5.9328294011766754e-07,0
17,t14_n28_compact_level1,20,6.4377614779143446,11.150529966757352,0,-0.00019106766410618682,-0.0001299219835874203,0,-0.00019217122047057142,-0.00013085602281042767,0,-0.00019217122047057142,-0.00013085602281042767,0,-0.00019159338723418744,-0.00013026273987031,0,-5.7783323638396815e-07,-5.9328294011766913e-07,0
17,t14_n28_compact_level1,21,19.313284433743036,11.150529966757352,0,-0.0011848779650068546,-0.00068408961205356183,0,-0.0011872022585841431,-0.00068543154357608509,0,-0.0011872022585841431,-0.00068543154357608509,0,-0.0011855087447297471,-0.00068445379289637314,0,-1.6935138543960701e-06,-9.7775067971192982e-07,0
17,t14_n28_compact_level1,22,-12.875522955828689,22.301059933514697,0,0.0011691529653619389,-0.00064764497727383256,0,0.0011713071438059391,-0.00064895324188055646,0,0.0011713071438059391,-0.00064895324188055646,0,0.0011697770301760909,-0.00064789741468763919,0,1.5301136298482626e-06,-1.0558271929172252e-06,0
17,t14_n28_compact_level1,23,6.126300874136039e-16,22.301059933514697,0,1.6263032587282567e-19,-0.00019151818611396523,0,-1.0721144506657114e-19,-0.00019276244788683986,0,-1.0721144506657114e-19,-0.00019276244788683986,0,-1.0697576034169633e-19,-0.00019198618428038346,0,-2.3568472487480976e-22,-7.7626360645640972e-07,0
17,t14_n28_compact_level1,24,12.875522955828689,22.301059933514697,0,-0.0011691529653619389,-0.00064764497727383278,0,-0.0011713071438059404,-0.00064895324188055602,0,-0.0011713071438059404,-0.00064895324188055602,0,-0.0011697770301760922,-0.00064789741468763875,0,-1.5301136298482639e-06,-1.0558271929172241e-06,0
17,t14_n28_compact_level1,25,-6.4377614779143446,33.451589900272047,0,0.00098375207449186868,-0.00070282900262028753,0,0.0009850315969509478,-0.00070421330924069314,0,0.0009850315969509478,-0.00070421330924069314,0,0.00098392285830695755,-0.00070320105806365369,0,1.1087386439902819e-06,-1.0122511770394707e-06,0
17,t14_n28_compact_level1,26,6.4377614779143446,33.451589900272047,0,-0.0009837520744918689,-0.00070282900262028818,0,-0.0009850315969509478,-0.00070421330924069314,0,-0.0009850315969509478,-0.00070421330924069314,0,-0.00098392285830695755,-0.00070320105806365369,0,-1.1087386439902819e-06,-1.0122511770394705e-06,0
17,t14_n28_compact_level1,27,6.126300874136039e-16,44.602119867029408,0,-5.4210108624275222e-20,-0.0011581301199930756,0,-8.0427339576472769e-20,-0.0011587861574259705,0,-8.0427339576472769e-20,-0.0011587861574259705,0,-8.0374010751096222e-20,-0.0011580728767939434,0,-5.3328825376542426e-23,-7.1328063202702338e-07,0
18,t14_n28_compact_level2,0,-25.271699790052168,-14.590622676666026,0,0.005154943707669237,0.0029762081372802008,0,0.0051840573009855027,0.002993016878218424,0,0.0051840573009855027,0.002993016878218424,0,0.0051725888686299341,0.0029863955757107531,0,1.1468432355568901e-05,6.62130250767072e-06,0
18,t14_n28_compact_level2,1,-16.847799860034776,-14.590622676666026,0,0.0011560462097485247,0.0058922544881947082,0,0.0011771036838753629,0.0059438454863907,0,0.0011771036838753629,0.0059438454863907,0,0.0011712792791216502,0.0059187296820692632,0,5.8244047537126193e-06,2.5115804321436381e-05,0
18,t14_n28_compact_level2,2,-8.423899930017388,-14.590622676666026,0,0.00041358122263312607,0.0064543546113287296,0,0.00042246272290560167,0.0065224273225738122,0,0.00042246272290560167,0.0065224273225738122,0,0.00041979582991239021,0.0064906017218052487,0,2.6668929932114852e-06,3.1825600768563282e-05,0
18,t14_n28_compact_level2,3,4.0081747111900914e-16,-14.590622676666026,0,0,0.0065893868606925025,0,-5.8993794383444551e-19,0.006662065595012377,0,-5.8993794383444551e-19,0.006662065595012377,0,-5.8646443908680454e-19,0.0066283224519601636,0,-3.4735047476409786e-21,3.3743143052213201e-05,0
18,t14_n28_compact_level2,4,8.423899930017388,-14.590622676666026,0,-0.00041358122263312607,0.0064543546113287296,0,-0.00042246272290560676,0.0065224273225738139,0,-0.00042246272290560676,0.0065224273225738139,0,-0.00041979582991239525,0.0064906017218052505,0,-2.6668929932115115e-06,3.1825600768563282e-05,0
18,t14_n28_compact_level2,5,16.847799860034776,-14.590622676666026,0,-0.0011560462097485243,0.0058922544881947082,0,-0.001177103683875362,0.0059438454863907,0,-0.001177103683875362,0.0059438454863907,0,-0.0011712792791216495,0.0059187296820692632,0,-5.8244047537126184e-06,2.5115804321436374e-05,0
18,t14_n28_compact_level2,6,25.271699790052168,-14.590622676666026,0,-0.0051549437076692361,0.0029762081372802008,0,-0.0051840573009855019,0.0029930168782184258,0,-0.0051840573009855019,0.0029930168782184258,0,-0.0051725888686299333,0.0029863955757107549,0,-1.1468432355568899e-05,6.6213025076707183e-06,0
18,t14_n28_compact_level2,7,-21.059749825043468,-7.295311338333013,0,0.0056808651772137552,-0.0019449618585064181,0,0.0057360730293214987,-0.0019525210500710359,0,0.0057360730293214987,-0.0019525210500710359,0,0.0057114099023657999,-0.0019450072303889556,0,2.4663126955699203e-05,-7.513819682080192e-06,0
18,t14_n28_compact_level2,8,-12.635849895026084,-7.295311338333013,0,0.0012857649669554233,0.00074233674978630793,0,0.0013142213746596011,0.00075876606443448533,0,0.0013142213746596011,0.00075876606443448533,0,0.0013046349954530948,0.00075323136581905499,0,9.5863792065063067e-06,5.5346986154302812e-06,0
18,t14_n28_compact_level2,9,-4.211949965008694,-7.295311338333013,0,0.00032853548504711328,0.0012030281305613229,0,0.00033672251708833316,0.0012301044928045399,0,0.00033672251708833316,0.0012301044928045399,0,0.00033387636808557335,0.0012205907388337526,0,2.846149002759821e-06,9.5137539707873137e-06,0
18,t14_n28_compact_level2,10,4.211949965008694,-7.295311338333013,0,-0.0003285354850471135,0.0012030281305613225,0,-0.00033672251708833853,0.0012301044928045431,0,-0.00033672251708833853,0.0012301044928045431,0,-0.00033387636808557866,0.0012205907388337558,0,-2.8461490027598667e-06,9.5137539707873273e-06,0
18,t14_n28_compact_level2,11,12.635849895026084,-7.295311338333013,0,-0.0012857649669554231,0.00074233674978630847,0,-0.0013142213746596067,0.00075876606443448912,0,-0.0013142213746596067,0.00075876606443448912,0,-0.0013046349954531004,0.00075323136581905879,0,-9.5863792065063406e-06,5.5346986154303049e-06,0
18,t14_n28_compact_level2,12,21.059749825043468,-7.295311338333013,0,-0.0056808651772137552,-0.0019449618585064177,0,-0.0057360730293214987,-0.0019525210500710333,0,-0.0057360730293214987,-0.0019525210500710333,0,-0.0057114099023657999,-0.001945007230388953,0,-2.4663126955699193e-05,-7.5138196820801835e-06,0
18,t14_n28_compact_level2,13,-16.847799860034776,4.0081747111900958e-16,0,0.0057964256697604797,-0.0028690054603358558,0,0.0058598191171394427,-0.0028953502110987137,0,0.0058598191171394427,-0.0028953502110987137,0,0.0058309238918865594,-0.0028817470077957281,0,2.8895225252883119e-05,-1.3603203302985795e-05,0
18,t14_n28_compact_level2,14,-8.423899930017388,4.0081747111900958e-16,0,0.0012061206650569626,-0.00031699398918522468,0,0.0012336629986222627,-0.00032344199257753313,0,0.0012336629986222627,-0.00032344199257753313,0,0.0012240007714968261,-0.00032114995293148525,0,9.6622271254367357e-06,-2.2920396460478949e-06,0
18,t14_n28_compact_level2,15,4.0081747111900914e-16,4.0081747111900958e-16,0,2.1684043449710089e-19,-3.584643432780199e-18,0,-7.3066864812116829e-19,-3.8998156259229196e-18,0,-7.3066864812116829e-19,-3.8998156259229196e-18,0,-7.1860186520288607e-19,-3.8732386237208098e-18,0,-1.2066782918282238e-20,-2.6577002202109501e-20,0
18,t14_n28_compact_level2,16,8.423899930017388,4.0081747111900958e-16,0,-0.0012061206650569624,-0.00031699398918522408,0,-0.0012336629986222669,-0.00032344199257753459,0,-0.0012336629986222669,-0.00032344199257753459,0,-0.00122400077149683,-0.00032114995293148671,0,-9.6622271254367679e-06,-2.2920396460479034e-06,0
18,t14_n28_compact_level2,17,16.847799860034776,4.0081747111900958e-16,0,-0.0057964256697604806,-0.0028690054603358554,0,-0.0058598191171394497,-0.002895350211098712,0,-0.0058598191171394497,-0.002895350211098712,0,-0.0058309238918865663,-0.0028817470077957263,0,-2.8895225252883146e-05,-1.3603203302985783e-05,0
18,t14_n28_compact_level2,18,-12.635849895026084,7.2953113383330148,0,0.005706576416723101,-0.0032946934303462491,0,0.0057695180469590091,-0.0033310327975061838,0,0.0057695180469590091,-0.0033310327975061838,0,0.0057402956278722597,-0.003314161225980077,0,2.9222419086749013e-05,-1.687157152610658e-05,0
18,t14_n28_compact_level2,19,-4.211949965008694,7.2953113383330148,0,0.00087758518000985561,-0.00088603414137609373,0,0.00089694048153393332,-0.00090666250022699896,0,0.00089694048153393332,-0.00090666250022699896,0,0.00089012440341125639,-0.00089944078590225955,0,6.81607812267693e-06,-7.2217143247393587e-06,0
18,t14_n28_compact_level2,20,4.211949965008694,7.2953113383330148,0,-0.00087758518000985561,-0.00088603414137609373,0,-0.00089694048153393722,-0.00090666250022700394,0,-0.00089694048153393722,-0.00090666250022700394,0,-0.00089012440341126029,-0.00089944078590226454,0,-6.8160781226769656e-06,-7.2217143247393917e-06,0
18,t14_n28_compact_level2,21,12.635849895026084,7.2953113383330148,0,-0.0057065764167231019,-0.0032946934303462478,0,-0.0057695180469590083,-0.0033310327975061885,0,-0.0057695180469590083,-0.0033310327975061885,0,-0.0057402956278722588,-0.0033141612259800818,0,-2.9222419086749003e-05,-1.6871571526106601e-05,0
18,t14_n28_compact_level2,22,-8.423899930017388,14.590622676666026,0,0.0053828444471273546,-0.003585349150992883,0,0.0054373563942338348,-0.0036270771114751106,0,0.0054373563942338348,-0.0036270771114751106,0,0.0054111280619741631,-0.0036088547140095332,0,2.6228332259671606e-05,-1.8222397465577557e-05,0
18,t14_n28_compact_level2,23,4.0081747111900914e-16,14.590622676666026,0,0,-0.0014846734995726172,0,-6.70321085135419e-18,-0.0015175321288689746,0,-6.70321085135419e-18,-0.0015175321288689746,0,-6.6573616203839282e-18,-0.0015064627316381139,0,-4.5849230970261919e-20,-1.1069397230860579e-05,0
18,t14_n28_compact_level2,24,8.423899930017388,14.590622676666026,0,-0.0053828444471273555,-0.003585349150992883,0,-0.0054373563942338417,-0.0036270771114751145,0,-0.0054373563942338417,-0.0036270771114751145,0,-0.00541112806197417,-0.0036088547140095371,0,-2.6228332259671633e-05,-1.8222397465577574e-05,0
18,t14_n28_compact_level2,25,-4.211949965008694,21.885934014999037,0,0.0045248189674652233,-0.0039472926296882944,0,0.0045589693454461235,-0.0039913244363196697,0,0.0045589693454461235,-0.0039913244363196697,0,0.0045401306232441367,-0.0039737224516803137,0,1.8838722201986506e-05,-1.7601984639356201e-05,0
18,t14_n28_compact_level2,26,4.211949965008694,21.885934014999037,0,-0.0045248189674652233,-0.0039472926296882944,0,-0.0045589693454461313,-0.0039913244363196671,0,-0.0045589693454461313,-0.0039913244363196671,0,-0.0045401306232441454,-0.0039737224516803119,0,-1.8838722201985882e-05,-1.7601984639355618e-05,0
18,t14_n28_compact_level2,27,4.0081747111900914e-16,29.181245353332059,0,0,-0.005952416274560393,0,-1.7160952880772819e-18,-0.0059860337564368385,0,-1.7160952880772819e-18,-0.0059860337564368385,0,-1.7124400895511111e-18,-0.0059727911514214967,0,-3.6551985261708272e-21,-1.3242605015341416e-05,0
19,t14_n28_compact_level3,0,-19.168527375556192,-11.066954440246077,0,0.014744906555203786,0.0085129757688227805,0,0.01496420199002914,0.0086395860471512667,0,0.01496420199002914,0.0086395860471512667,0,0.014882500748972077,0.0085924158136338451,0,8.1701241057062951e-05,4.7170233517421841e-05,0
19,t14_n28_compact_level3,1,-12.779018250370795,-11.066954440246077,0,0.0030984768711604846,0.016598901460693087,0,0.0032283237979240202,0.01695338973422356,0,0.0032283237979240202,0.01695338973422356,0,0.0031949844068712638,0.016789947478483343,0,3.33393910527564e-05,0.00016344225574021576,0
19,t14_n28_compact_level3,2,-6.3895091251853975,-11.066954440246077,0,0.001074591345916157,0.017931714177287641,0,0.0011257205275756695,0.018379260492973278,0,0.0011257205275756695,0.018379260492973278,0,0.0011123515014498,0.018179326303106272,0,1.3369026125869445e-05,0.0001999341898670052,0
19,t14_n28_compact_level3,3,3.0401914915000145e-16,-11.066954440246077,0,-5.7090020644939843e-19,0.018221072148966441,0,-8.3172258003011364e-18,0.01869293751655449,0,-8.3172258003011364e-18,0.01869293751655449,0,-8.2205201742260598e-18,0.018483349924133276,0,-9.6705626075076948e-20,0.00020958759242121409,0
19,t14_n28_compact_level3,4,6.3895091251853975,-11.066954440246077,0,-0.0010745913459161555,0.017931714177287641,0,-0.0011257205275756737,0.018379260492973278,0,-0.0011257205275756737,0.018379260492973278,0,-0.0011123515014498041,0.018179326303106272,0,-1.3369026125869504e-05,0.0001999341898670052,0
19,t14_n28_compact_level3,5,12.779018250370795,-11.066954440246077,0,-0.0030984768711604859,0.016598901460693084,0,-0.0032283237979240167,0.016953389734223556,0,-0.0032283237979240167,0.016953389734223556,0,-0.0031949844068712603,0.016789947478483339,0,-3.3339391052756414e-05,0.00016344225574021573,0
19,t14_n28_compact_level3,6,19.168527375556192,-11.066954440246077,0,-0.014744906555203788,0.008512975768822784,0,-0.014964201990029137,0.0086395860471512598,0,-0.014964201990029137,0.0086395860471512598,0,-0.014882500748972073,0.0085924158136338382,0,-8.1701241057062911e-05,4.7170233517421787e-05,0
19,t14_n28_compact_level3,7,-15.973772812963492,-5.5334772201230384,0,0.015924308775455077,-0.0056160910468830427,0,0.016296228089057899,-0.0056808844464677211,0,0.016296228089057899,-0.0056808844464677211,0,0.016138013248008662,-0.0056280360781960038,0,0.00015821484104923771,-5.2848368271717266e-05,0
19,t14_n28_compact_level3,8,-9.5842636877780958,-5.5334772201230384,0,0.0032707616842157796,0.0018883751388370958,0,0.0034353701182200319,0.001983411862520339,0,0.0034353701182200319,0.001983411862520339,0,0.003384145912070998,0.0019538375533111694,0,5.1224206149033753e-05,2.9574309209169627e-05,0
19,t14_n28_compact_level3,9,-3.1947545625926987,-5.5334772201230384,0,0.00079684039548267444,0.0030079752204005385,0,0.00084123130248517505,0.0031622368382022972,0,0.00084123130248517505,0.0031622368382022972,0,0.00082749539029712983,0.0031117835253439388,0,1.3735912188045269e-05,5.045331285835836e-05,0
19,t14_n28_compact_level3,10,3.1947545625926987,-5.5334772201230384,0,-0.00079684039548267248,0.0030079752204005381,0,-0.00084123130248518827,0.0031622368382022959,0,-0.00084123130248518827,0.0031622368382022959,0,-0.00082749539029714284,0.0031117835253439375,0,-1.3735912188045464e-05,5.0453312858358347e-05,0
19,t14_n28_compact_level3,11,9.5842636877780958,-5.5334772201230384,0,-0.0032707616842157796,0.0018883751388370929,0,-0.0034353701182200515,0.0019834118625203421,0,-0.0034353701182200515,0.0019834118625203421,0,-0.0033841459120710175,0.0019538375533111724,0,-5.1224206149034058e-05,2.9574309209169664e-05,0
19,t14_n28_compact_level3,12,15.973772812963492,-5.5334772201230384,0,-0.015924308775455077,-0.0056160910468830427,0,-0.016296228089057913,-0.0056808844464677228,0,-0.016296228089057913,-0.0056808844464677228,0,-0.016138013248008676,-0.0056280360781960055,0,-0.00015821484104923785,-5.2848368271717246e-05,0
19,t14_n28_compact_level3,13,-12.779018250370795,3.0401914915000185e-16,0,0.016066615683890752,-0.008035233684393522,0,0.016479766753474397,-0.0082147276720445118,0,0.016479766753474397,-0.0082147276720445118,0,0.016299934152901575,-0.0081263384933598706,0,0.00017983260057282256,-8.838917868464199e-05,0
19,t14_n28_compact_level3,14,-6.3895091251853975,3.0401914915000185e-16,0,0.0030034031525622991,-0.000813903584950642,0,0.0031591930859087691,-0.00085259074069032241,0,0.0031591930859087691,-0.00085259074069032241,0,0.003108631279174324,-0.00083925973316014259,0,5.0561806734445156e-05,-1.3331007530179803e-05,0
19,t14_n28_compact_level3,15,3.0401914915000145e-16,3.0401914915000185e-16,0,-2.3987973066241786e-18,-7.03376159399971e-18,0,-1.851793763404521e-17,-1.1011599727696927e-17,0,-1.851793763404521e-17,-1.1011599727696927e-17,0,-1.8175439288649977e-17,-1.0819159206599702e-17,0,-3.4249834539523302e-19,-1.9244052109722496e-19,0
19,t14_n28_compact_level3,16,6.3895091251853975,3.0401914915000185e-16,0,-0.0030034031525622987,-0.0008139035849506419,0,-0.0031591930859087808,-0.00085259074069032013,0,-0.0031591930859087808,-0.00085259074069032013,0,-0.0031086312791743353,-0.00083925973316014031,0,-5.0561806734445366e-05,-1.3331007530179774e-05,0
19,t14_n28_compact_level3,17,12.779018250370795,3.0401914915000185e-16,0,-0.016066615683890749,-0.0080352336843935255,0,-0.016479766753474418,-0.0082147276720444928,0,-0.016479766753474418,-0.0082147276720444928,0,-0.016299934152901596,-0.0081263384933598515,0,-0.00017983260057282278,-8.8389178684641787e-05,0
19,t14_n28_compact_level3,18,-9.5842636877780958,5.5334772201230402,0,0.01577991136519406,-0.0091105360744832015,0,0.016188558760691411,-0.009346468758277238,0,0.016188558760691411,-0.009346468758277238,0,0.01600705058133662,-0.0092416749620666313,0,0.00018150817935479044,-0.00010479379621060698,0
19,t14_n28_compact_level3,19,-3.1947545625926987,5.5334772201230402,0,0.0022065627570796234,-0.0021940716354498799,0,0.002317961783423575,-0.0023096460975119788,0,0.002317961783423575,-0.0023096460975119788,0,0.0022811358888771755,-0.0022725237921838001,0,3.6825894546399629e-05,-3.7122305328178615e-05,0
19,t14_n28_compact_level3,20,3.1947545625926987,5.5334772201230402,0,-0.0022065627570796243,-0.0021940716354498747,0,-0.0023179617834235867,-0.0023096460975119719,0,-0.0023179617834235867,-0.0023096460975119719,0,-0.0022811358888771868,-0.0022725237921837932,0,-3.6825894546399832e-05,-3.7122305328178493e-05,0
19,t14_n28_compact_level3,21,9.5842636877780958,5.5334772201230402,0,-0.015779911365194056,-0.009110536074483205,0,-0.016188558760691411,-0.009346468758277238,0,-0.016188558760691411,-0.009346468758277238,0,-0.01600705058133662,-0.0092416749620666313,0,-0.00018150817935479052,-0.00010479379621060694,0
19,t14_n28_compact_level3,22,-6.3895091251853975,11.066954440246077,0,0.014992024337974589,-0.0098964804928941535,0,0.01535404622589872,-0.010164532820928818,0,0.01535404622589872,-0.010164532820928818,0,0.015187582651451767,-0.010052987809746455,0,0.00016646357444695289,-0.0001115450111823637,0
19,t14_n28_compact_level3,23,3.0401914915000145e-16,11.066954440246077,0,4.3368086899420177e-19,-0.0037767502776742245,0,4.0238532828864231e-18,-0.0039668237250407154,0,4.0238532828864231e-18,-0.0039668237250407154,0,3.9783632017969619e-18,-0.0039076751066223752,0,4.549008108946104e-20,-5.9148618418339741e-05,0
19,t14_n28_compact_level3,24,6.3895091251853975,11.066954440246077,0,-0.014992024337974589,-0.00989648049289415,0,-0.01535404622589873,-0.010164532820928818,0,-0.01535404622589873,-0.010164532820928818,0,-0.015187582651451778,-0.010052987809746455,0,-0.000166463574446953,-0.0001115450111823637,0
19,t14_n28_compact_level3,25,-3.1947545625926987,16.600431660369118,0,0.012825831904294586,-0.010982810413810037,0,0.013067904291133879,-0.011272505287755846,0,0.013067904291133879,-0.011272505287755846,0,0.012943028841137398,-0.011161911400287347,0,0.00012487544999648139,-0.00011059388746849855,0
19,t14_n28_compact_level3,26,3.1947545625926987,16.600431660369118,0,-0.012825831904294583,-0.010982810413810037,0,-0.013067904291133872,-0.01127250528775584,0,-0.013067904291133872,-0.01127250528775584,0,-0.012943028841137391,-0.011161911400287342,0,-0.00012487544999648133,-0.00011059388746849853,0
19,t14_n28_compact_level3,27,3.0401914915000145e-16,22.133908880492161,0,-8.6736173798840355e-19,-0.017025951537645533,0,2.8974939707015065e-18,-0.017279172094302485,0,2.8974939707015065e-18,-0.017279172094302485,0,2.8888828103505641e-18,-0.017184831627267642,0,8.6111603509424984e-21,-9.4340467034843384e-05,0
20,t14_n28_compact_level4,0,-13.999356064564184,-8.0825319923575503,0,0.04890631892095236,0.028236076394085537,0,0.050867735571091359,0.029368500825036326,0,0.050867735571091359,0.029368500825036326,0,0.050114576316496288,0.028933664126653203,0,0.00075315925459507071,0.00043483669838312224,0
20,t14_n28_compact_level4,1,-9.3329040430427881,-8.0825319923575503,0,0.0091741804987957691,0.055164281349330359,0,0.010165170085561474,0.058253639850511525,0,0.010165170085561474,0.058253639850511525,0,0.0099018497814641008,0.056839447044146632,0,0.00026332030409737331,0.0014141928063648901,0
20,t14_n28_compact_level4,2,-4.666452021521394,-8.0825319923575503,0,0.0029262807668074277,0.059151771848162817,0,0.0032879572185402274,0.062946872519550182,0,0.0032879572185402274,0.062946872519550182,0,0.0031941299675370466,0.061256233803311862,0,9.3827251003180949e-05,0.0016906387162383216,0
20,t14_n28_compact_level4,3,2.2203439189721386e-16,-8.0825319923575503,0,-1.0842021724855044e-19,0.059951879868049673,0,-1.6713516325571855e-17,0.063920848557877566,0,-1.6713516325571855e-17,0.063920848557877566,0,-1.6114886279884442e-17,0.062162204881539444,0,-5.9863004568741332e-19,0.0017586436763381221,0
20,t14_n28_compact_level4,4,4.666452021521394,-8.0825319923575503,0,-0.0029262807668074299,0.05915177184816281,0,-0.0032879572185402404,0.062946872519550182,0,-0.0032879572185402404,0.062946872519550182,0,-0.0031941299675370591,0.061256233803311862,0,-9.3827251003181328e-05,0.0016906387162383216,0
20,t14_n28_compact_level4,5,9.3329040430427881,-8.0825319923575503,0,-0.0091741804987957708,0.055164281349330352,0,-0.010165170085561451,0.058253639850511581,0,-0.010165170085561451,0.058253639850511581,0,-0.0099018497814640782,0.056839447044146688,0,-0.0002633203040973726,0.0014141928063648912,0
20,t14_n28_compact_level4,6,13.999356064564184,-8.0825319923575503,0,-0.04890631892095236,0.028236076394085544,0,-0.05086773557109138,0.029368500825036357,0,-0.05086773557109138,0.029368500825036357,0,-0.050114576316496309,0.028933664126653234,0,-0.00075315925459507104,0.00043483669838312273,0
20,t14_n28_compact_level4,7,-11.666130053803485,-4.0412659961787751,0,0.052360759279430048,-0.019637067303804271,0,0.055531717016233204,-0.020323524397369917,0,0.055531717016233204,-0.020323524397369917,0,0.054175329968023316,-0.019844470066868042,0,0.0013563870482098867,-0.0004790543305018766,0
20,t14_n28_compact_level4,8,-6.999678032282092,-4.0412659961787751,0,0.0095887444798684243,0.0055360642066425922,0,0.010830120847626802,0.0062527731867335467,0,0.010830120847626802,0.0062527731867335467,0,0.010437803977910028,0.0060262689363949342,0,0.00039231686971677487,0.00022650425033861232,0
20,t14_n28_compact_level4,9,-2.333226010760697,-4.0412659961787751,0,0.0021793081037116131,0.0089833174741073257,0,0.0024949028742123681,0.01016375587289544,0,0.0024949028742123681,0.01016375587289544,0,0.0023981192574772368,0.0097721170466293361,0,9.6783616735131469e-05,0.00039163882626610397,0
20,t14_n28_compact_level4,10,2.333226010760697,-4.0412659961787751,0,-0.0021793081037116148,0.0089833174741073291,0,-0.0024949028742124466,0.010163755872895459,0,-0.0024949028742124466,0.010163755872895459,0,-0.0023981192574773122,0.0097721170466293535,0,-9.6783616735134409e-05,0.00039163882626610472,0
20,t14_n28_compact_level4,11,6.999678032282092,-4.0412659961787751,0,-0.0095887444798684243,0.005536064206642613,0,-0.010830120847626823,0.0062527731867335328,0,-0.010830120847626823,0.0062527731867335328,0,-0.010437803977910047,0.0060262689363949212,0,-0.00039231686971677546,0.00022650425033861197,0
20,t14_n28_compact_level4,12,11.666130053803485,-4.0412659961787751,0,-0.052360759279430048,-0.019637067303804247,0,-0.055531717016233252,-0.020323524397369969,0,-0.055531717016233252,-0.020323524397369969,0,-0.054175329968023364,-0.01984447006686809,0,-0.0013563870482098883,-0.00047905433050187811,0
20,t14_n28_compact_level4,13,-9.3329040430427881,2.2203439189721413e-16,0,0.052690077482773906,-0.027041652441420386,0,0.056157569299981114,-0.028625981781962916,0,0.056157569299981114,-0.028625981781962916,0,0.054646519597595623,-0.027861919206779766,0,0.0015110497023854872,-0.00076406257518314973,0
20,t14_n28_compact_level4,14,-4.666452021521394,2.2203439189721413e-16,0,0.0088694351946933935,-0.0026043225565661517,0,0.010049522220896919,-0.0029212286674050437,0,0.010049522220896919,-0.0029212286674050437,0,0.0096619612398745856,-0.0028092263250347502,0,0.00038756098102233347,-0.00011200234237029364,0
20,t14_n28_compact_level4,15,2.2203439189721386e-16,2.2203439189721413e-16,0,8.6736173798840355e-19,-2.1629833341085813e-17,0,-2.54894760301782e-17,-3.5187917538035952e-18,0,-2.54894760301782e-17,-3.5187917538035952e-18,0,-2.446317065895466e-17,-3.4035190516718542e-18,0,-1.0263053712235396e-18,-1.1527270213174108e-19,0
20,t14_n28_compact_level4,16,4.666452021521394,2.2203439189721413e-16,0,-0.0088694351946933935,-0.0026043225565661491,0,-0.010049522220896986,-0.0029212286674049786,0,-0.010049522220896986,-0.0029212286674049786,0,-0.0096619612398746498,-0.0028092263250346873,0,-0.00038756098102233597,-0.00011200234237029116,0
20,t14_n28_compact_level4,17,9.3329040430427881,2.2203439189721413e-16,0,-0.052690077482773906,-0.027041652441420372,0,-0.056157569299981225,-0.02862598178196283,0,-0.056157569299981225,-0.02862598178196283,0,-0.054646519597595734,-0.027861919206779683,0,-0.0015110497023854898,-0.00076406257518314734,0
20,t14_n28_compact_level4,18,-6.999678032282092,4.041265996178776,0,0.051919850970363883,-0.029975939934024795,0,0.055357078682579962,-0.031960424278938783,0,0.055357078682579962,-0.031960424278938783,0,0.053834048582666279,-0.031081102440769719,0,0.0015230300999136814,-0.00087932183816906526,0
20,t14_n28_compact_level4,19,-2.333226010760697,4.041265996178776,0,0.0066901270909818129,-0.0063789949175411332,0,0.0075546193466845407,-0.007242527205490382,0,0.0075546193466845407,-0.007242527205490382,0,0.0072638419823973406,-0.0069628907215945716,0,0.00029077736428720043,-0.00027963648389581019,0
20,t14_n28_compact_level4,20,2.333226010760697,4.041265996178776,0,-0.0066901270909818129,-0.0063789949175411271,0,-0.0075546193466845954,-0.0072425272054904245,0,-0.0075546193466845954,-0.0072425272054904245,0,-0.0072638419823973926,-0.0069628907215946124,0,-0.00029077736428720255,-0.0002796364838958117,0
20,t14_n28_compact_level4,21,6.999678032282092,4.041265996178776,0,-0.051919850970363883,-0.029975939934024788,0,-0.055357078682580003,-0.031960424278938776,0,-0.055357078682580003,-0.031960424278938776,0,-0.05383404858266632,-0.031081102440769712,0,-0.0015230300999136829,-0.00087932183816906494,0
20,t14_n28_compact_level4,22,-4.666452021521394,8.0825319923575503,0,0.049763796715966452,-0.032110119406742507,0,0.05286961208144092,-0.034320890737587408,0,0.05286961208144092,-0.034320890737587408,0,0.051452389630058611,-0.033394314596532235,0,0.0014172224513823068,-0.00092657614105517625,0
20,t14_n28_compact_level4,23,2.2203439189721386e-16,8.0825319923575503,0,0,-0.011072128413285287,0,-3.1498563277476311e-17,-0.012505546373467191,0,-3.1498563277476311e-17,-0.012505546373467191,0,-3.041648658952542e-17,-0.012052537872789962,0,-1.0820766879508884e-18,-0.00045300850067722827,0
20,t14_n28_compact_level4,24,4.666452021521394,8.0825319923575503,0,-0.049763796715966452,-0.032110119406742507,0,-0.052869612081440948,-0.034320890737587435,0,-0.052869612081440948,-0.034320890737587435,0,-0.051452389630058638,-0.033394314596532255,0,-0.0014172224513823068,-0.00092657614105517679,0
20,t14_n28_compact_level4,25,-2.333226010760697,12.123797988536326,0,0.043186578780634276,-0.035527214045526043,0,0.045366546930671714,-0.037930115453141629,0,0.045366546930671714,-0.037930115453141629,0,0.044273480186559203,-0.036994976977278618,0,0.0010930667441125142,-0.00093513847586301378,0
20,t14_n28_compact_level4,26,2.333226010760697,12.123797988536326,0,-0.043186578780634276,-0.035527214045526043,0,-0.04536654693067179,-0.037930115453141643,0,-0.04536654693067179,-0.037930115453141643,0,-0.044273480186559272,-0.036994976977278632,0,-0.0010930667441125161,-0.0009351384758630141,0
20,t14_n28_compact_level4,27,2.2203439189721386e-16,16.165063984715104,0,0,-0.056472152788171061,0,-9.6145481809160878e-18,-0.058737001650072618,0,-9.6145481809160878e-18,-0.058737001650072618,0,-9.5046760679393429e-18,-0.057867328253306372,0,-1.0987211297674438e-19,-0.00086967339676624416,0
21,t14_n28_irregular_level1,0,-44.689280326749582,-26.84637688114492,0,0.00042821061527483997,0.00033223949100507114,0,0.00042814018251499322,0.00033217429780943561,0,0.00042814018251499322,0.00033217429780943561,0,0.00042799428897800917,0.0003320688121128528,0,1.4589353698403693e-07,1.0548569658279298e-07,0
21,t14_n28_irregular_level1,1,-27.52441794423585,-24.233869011331844,0,0.00035597863742177802,0.0011047376383774932,0,0.00035658531801554752,0.0011058254739967134,0,0.00035658531801554752,0.0011058254739967134,0,0.00035616480909502087,0.0011047553723796885,0,4.205089205266511e-07,1.0701016170249068e-06,0
21,t14_n28_irregular_level1,2,-14.132784575585166,-22.689364970067675,0,-0.00030015191755525418,0.00097065794946407495,0,-0.0003005968739146843,0.00097220980222345837,0,-0.0003005968739146843,0.00097220980222345837,0,-0.00030041525304394203,0.00097099262801979313,0,-1.8162087074226094e-07,1.2171742036652229e-06,0
21,t14_n28_irregular_level1,3,-1.1098316321756312,-25.649507292691002,0,-0.00029219459438141688,0.00085659998160470094,0,-0.00029243953919850694,0.0008574857559086375,0,-0.00029243953919850694,0.0008574857559086375,0,-0.00029229233834992494,0.00085670082484396966,0,-1.472008485819772e-07,7.8493106466784834e-07,0
21,t14_n28_irregular_level1,4,16.319165341659385,-26.527747323584975,0,0.0010874185055538054,0.00099554700889009856,0,0.0010890998668570523,0.00099676180688308236,0,0.0010890998668570523,0.00099676180688308236,0,0.0010883660888672101,0.00099577412748542028,0,7.3377798984215706e-07,9.8767939766209029e-07,0
21,t14_n28_irregular_level1,5,26.554166137374303,-23.369932165916186,0,-0.0011968933240013909,0.0019283914160781665,0,-0.0011988891556660784,0.0019324478836305399,0,-0.0011988891556660784,0.0019324478836305399,0,-0.0011971209532235497,0.0019296211273576837,0,-1.7682024425287339e-06,2.8267562728561838e-06,0
21,t14_n28_irregular_level1,6,44.731130822068302,-23.202448024992929,0,-0.00052208935576439569,0.00027231446321340823,0,-0.00052226186745294465,0.0002723664286932028,0,-0.00052226186745294465,0.0002723664286932028,0,-0.00052206939630756988,0.00027227034067434471,0,-1.9247114537471975e-07,9.6088018858087223e-08,0
21,t14_n28_irregular_level1,7,-36.529887761473908,-14.007117174185158,0,0.0006897544336760637,-0.00049238814592242601,0,0.00069031305896444196,-0.00049261360397337406,0,0.00069031305896444196,-0.00049261360397337406,0,0.00068972530006206122,-0.00049234705469096407,0,5.8775890238069346e-07,-2.6654928240994685e-07,0
21,t14_n28_irregular_level1,8,-21.682604448153814,-13.455360632858968,0,0.00022741284626841813,-0.00062660659711476891,0,0.00022820476245212794,-0.00062726766151084202,0,0.00022820476245212794,-0.00062726766151084202,0,0.00022768506084856833,-0.00062666220668053288,0,5.1970160355961452e-07,-6.0545483030914565e-07,0
21,t14_n28_irregular_level1,9,-5.7324307603728188,-10.384036880893978,0,0.0010832754962218363,0.0015201286828114237,0,0.0010861098945274302,0.0015247307492521226,0,0.0010861098945274302,0.0015247307492521226,0,0.0010840876516546259,0.0015217911133090598,0,2.0222428728042874e-06,2.939635943062801e-06,0
21,t14_n28_irregular_level1,10,5.2165398251025561,-11.627081967534407,0,-0.0012656589315764571,0.00064909097252353496,0,-0.0012684909732279957,0.00065084888989220841,0,-0.0012684909732279957,0.00065084888989220841,0,-0.0012668250965148507,0.0006497670472141718,0,-1.6658767131450488e-06,1.0818426780365787e-06,0
21,t14_n28_irregular_level1,11,23.646846936548602,-14.418623156962994,0,0.0012291199822464524,-0.001417931772517349,0,0.0012315137003747817,-0.0014210853823173229,0,0.0012315137003747817,-0.0014210853823173229,0,0.0012298478243665451,-0.0014190249926187746,0,1.6658760082365304e-06,-2.0603896985483855e-06,0
21,t14_n28_irregular_level1,12,34.237148956253542,-12.547262528273226,0,-0.0014055376978174205,-0.00066114752450757068,0,-0.001407947109162519,-0.00066208649197831311,0,-0.001407947109162519,-0.00066208649197831311,0,-0.0014063832143001375,-0.00066148748672599067,0,-1.5638948623814761e-06,-5.9900525232243018e-07,0
21,t14_n28_irregular_level1,13,-27.889469395134242,2.2139189262632479,0,0.0010920962829518138,3.2840290417120884e-05,0,0.0010932912841422528,3.28850552081366e-05,0,0.0010932912841422528,3.28850552081366e-05,0,0.0010922692806243108,3.2940270081716967e-05,0,1.0220035179421341e-06,-5.5214873580366366e-08,0
21,t14_n28_irregular_level1,14,-13.740205355024166,-0.19095360440936845,0,0.00059898407334784678,0.00019372309995012313,0,0.00060096328599009547,0.00019376343906616809,0,0.00060096328599009547,0.00019376343906616809,0,0.00059978920328479718,0.00019350585983424182,0,1.1740827052983336e-06,2.5757923192626692e-07,0
21,t14_n28_irregular_level1,15,-1.4186158637626272,-2.0200072025285287,0,-0.0010292979038497945,-0.0016507327362284591,0,-0.0010321076806366432,-0.0016551428558026101,0,-0.0010321076806366432,-0.0016551428558026101,0,-0.0010303822899850178,-0.0016523570414800791,0,-1.7253906516254175e-06,-2.7858143225310826e-06,0
21,t14_n28_irregular_level1,16,16.456593371952934,0.79654573153254171,0,0.0010246163393583675,0.00017165249278888506,0,0.0010256808314763829,0.00017160234663168757,0,0.0010256808314763829,0.00017160234663168757,0,0.0010248602865555202,0.00017145406964016422,0,8.2054492086263351e-07,1.482769915233578e-07,0
21,t14_n28_irregular_level1,17,26.627064449036276,1.9916541848776039,0,-0.0015892703243912665,-5.5395313820124896e-05,0,-0.0015912585648319669,-5.5875861354440332e-05,0,-0.0015912585648319669,-5.5875861354440332e-05,0,-0.0015894155577929792,-5.5750368414774131e-05,0,-1.8430070389877206e-06,-1.254929396662018e-07,0
21,t14_n28_irregular_level1,18,-19.916131446936401,11.296951253585762,0,0.00086616793822931861,-0.00054106535684191146,0,0.00086774272924097307,-0.00054213667890398254,0,0.00086774272924097307,-0.00054213667890398254,0,0.00086648551807874587,-0.00054136954454283008,0,1.257211162227212e-06,-7.6713436115249034e-07,0
21,t14_n28_irregular_level1,19,-7.5367051965078833,10.796332465357086,0,-0.00038901589253238322,-0.00045810200777503121,0,-0.00038939513004357954,-0.00045943124825507703,0,-0.00038939513004357954,-0.00045943124825507703,0,-0.00038908863067624056,-0.00045861413636793185,0,-3.0649936733897992e-07,-8.1711188714516377e-07,0
21,t14_n28_irregular_level1,20,6.5469818728443148,13.994556923733098,0,-0.0004619471224085851,0.0008608178614780066,0,-0.00046300502832800097,0.00086224728244674331,0,-0.00046300502832800097,0.00086224728244674331,0,-0.00046230023784171119,0.0008614917525426953,0,-7.0479048628980641e-07,7.5552990404796384e-07,0
21,t14_n28_irregular_level1,21,23.167507573750971,13.775324562435587,0,-0.00052955668468801932,-0.00082606736926779721,0,-0.00053004739388781935,-0.00082666547344974434,0,-0.00053004739388781935,-0.00082666547344974434,0,-0.0005294589718205327,-0.0008260255200690091,0,-5.8842206728667783e-07,-6.3995338073524396e-07,0
21,t14_n28_irregular_level1,22,-16.347535549804974,23.017287632694366,0,0.00043972396825705341,-0.00087077478582478398,0,0.00044011854025019211,-0.00087162776358685405,0,0.00044011854025019211,-0.00087162776358685405,0,0.00043964090536332526,-0.00087089998163952158,0,4.7763488686682854e-07,-7.2778194733249155e-07,0
21,t14_n28_irregular_level1,23,2.076709173918962,23.945264772275319,0,0.0011365170088773382,-0.00027128939904614256,0,0.0011387447042360162,-0.00027194420741958301,0,0.0011387447042360162,-0.00027194420741958301,0,0.0011371903335018576,-0.00027126340108710715,0,1.5543707341585214e-06,-6.8080633247583315e-07,0
21,t14_n28_irregular_level1,24,13.064434523710133,26.885277185592464,0,-0.0019489581619157954,0.00065431766653324859,0,-0.0019522951047104868,0.00065549528362571761,0,-0.0019522951047104868,0.00065549528362571761,0,-0.0019497291135895224,0.00065489411867043594,0,-2.5659911209643665e-06,6.0116495528162098e-07,0
21,t14_n28_irregular_level1,25,-6.8151322310011597,37.686409908823002,0,0.00068296031537732195,-2.3457543133890784e-05,0,0.00068350975779568656,-2.3683316000198234e-05,0,0.00068350975779568656,-2.3683316000198234e-05,0,0.00068302233671315045,-2.3499686456814267e-05,0,4.8742108253609278e-07,-1.8362954338396853e-07,0
21,t14_n28_irregular_level1,26,8.0971676041192833,35.104206908993831,0,7.0137960325147917e-05,-0.0018863353395913245,0,7.0601516274406469e-05,-0.0018894512266778157,0,7.0601516274406469e-05,-0.0018894512266778157,0,7.0578341366520745e-05,-0.0018871229507835159,0,2.3174907885723716e-08,-2.3282758942997864e-06,0
21,t14_n28_irregular_level1,27,-1.6764241014213526,49.66595836121224,0,-8.180249250522241e-05,-0.0007617651235437775,0,-8.1744715789948874e-05,-0.00076183274009398603,0,-8.1744715789948874e-05,-0.00076183274009398603,0,-8.1724457217069603e-05,-0.00076150977409031838,0,-2.0258572879275113e-08,-3.2296600366770066e-07,0
22,t14_n28_irregular_level2,0,-29.238270686831594,-17.564427721199436,0,0.0021750081822353409,0.0016589627023164753,0,0.0021819085008095403,0.0016637100661223289,0,0.0021819085008095403,0.0016637100661223289,0,0.0021794690112348354,0.0016619066995308491,0,2.4394895747049539e-06,1.8033665914796409e-06,0
22,t14_n28_irregular_level2,1,-18.008040775482012,-15.855176381491672,0,0.002302839945327287,0.005441339420193661,0,0.0023254399369697257,0.0054781131994874419,0,0.0023254399369697257,0.0054781131994874419,0,0.0023170010605034256,0.0054595668583992943,0,8.4388764663001408e-06,1.8546341088147915e-05,0
22,t14_n28_irregular_level2,2,-9.246472038895158,-14.8446739320182,0,-0.00095055614799248087,0.0047916706791228617,0,-0.00095570614321367048,0.004836109064365773,0,-0.00095570614321367048,0.004836109064365773,0,-0.00095207484458722309,0.0048151091654735009,0,-3.6312986264473585e-06,2.0999898892271889e-05,0
22,t14_n28_irregular_level2,3,-0.7261150200025922,-16.781367516421291,0,-0.0013418712692081255,0.0042420015568056984,0,-0.0013509496155017749,0.0042760551301247582,0,-0.0013509496155017749,0.0042760551301247582,0,-0.0013468066240936746,0.0042619217444009611,0,-4.1429914081003405e-06,1.4133385723797144e-05,0
22,t14_n28_irregular_level2,4,10.676926774249136,-17.355962129794811,0,0.0047865630540035809,0.0049782333836966928,0,0.004825507611118553,0.0050182007438221857,0,0.004825507611118553,0.0050182007438221857,0,0.0048089132794593113,0.0050001267107357208,0,1.6594331659241338e-05,1.8074033086464534e-05,0
22,t14_n28_irregular_level2,5,17.373246821406525,-15.289939726126011,0,-0.0066702604611473485,0.0097852232322421621,0,-0.0067326773934473817,0.0098869644057061438,0,-0.0067326773934473817,0.0098869644057061438,0,-0.0066978382050833941,0.0098351353774087987,0,-3.4839188363987659e-05,5.1829028297345263e-05,0
22,t14_n28_irregular_level2,6,29.265651662796298,-15.180362068749092,0,-0.0025986888502843699,0.0014205135775797711,0,-0.0026102259210834264,0.0014262158343548144,0,-0.0026102259210834264,0.0014262158343548144,0,-0.0026070541201376452,0.0014244872011253231,0,-3.1718009457811509e-06,1.7286332294913767e-06,0
22,t14_n28_irregular_level2,7,-23.899931677580355,-9.1642532725203321,0,0.0036084353386599765,-0.001931421651427983,0,0.00363236312486374,-0.0019375859771445932,0,0.00363236312486374,-0.0019375859771445932,0,0.0036224592860505758,-0.0019330706080437426,0,9.9038388131641389e-06,-4.5153691008506262e-06,0
22,t14_n28_irregular_level2,8,-14.185993898656511,-8.8032627398786865,0,0.001625790988256291,-0.0028315492873001004,0,0.001649845155585548,-0.002849465074978642,0,0.001649845155585548,-0.002849465074978642,0,0.0016409714916729716,-0.0028361987789534957,0,8.8736639125764159e-06,-1.3266296025146197e-05,0
22,t14_n28_irregular_level2,9,-3.7504824655897742,-6.7938279364926029,0,0.005882601665977605,0.0079067316716212553,0,0.0059630447775298372,0.008023016992587657,0,0.0059630447775298372,0.008023016992587657,0,0.0059195543551438202,0.0079641959445941098,0,4.3490422386017037e-05,5.8821047993547861e-05,0
22,t14_n28_irregular_level2,10,3.4129572537262476,-7.6070987802697463,0,-0.006413760608837654,0.0034561577815101635,0,-0.0064919680519340967,0.0035021062380384423,0,-0.0064919680519340967,0.0035021062380384423,0,-0.0064554792576346489,0.0034819562615041643,0,-3.6488794299447864e-05,2.0149976534278184e-05,0
22,t14_n28_irregular_level2,11,15.471113129719315,-9.4334839073781325,0,0.0055663460791376008,-0.0068294055480057469,0,0.0056175268787914583,-0.0069016957902403725,0,0.0056175268787914583,-0.0069016957902403725,0,0.0055852688046245111,-0.0068606907597867327,0,3.225807416694721e-05,-4.1005030453640028e-05,0
22,t14_n28_irregular_level2,12,22.399891459633267,-8.2091332753192869,0,-0.0073181336147097719,-0.0027402416014722618,0,-0.0073854121941948625,-0.0027595359093464827,0,-0.0073854121941948625,-0.0027595359093464827,0,-0.0073565917311279334,-0.0027495980180283477,0,-2.8820463066928889e-05,-9.9378913181349622e-06,0
22,t14_n28_irregular_level2,13,-18.246878211617656,1.4484717670881442,0,0.0055371931542211759,0.00053844132469473406,0,0.0055818336281917872,0.00054386351134823861,0,0.0055818336281917872,0.00054386351134823861,0,0.0055623013508006103,0.00054197303356636731,0,1.9532277391176993e-05,1.89047778187128e-06,0
22,t14_n28_irregular_level2,14,-8.9896243690991131,-0.1249327161575564,0,0.0032951615817026622,0.00111158747150978,0,0.0033443121802494789,0.0011191163794485031,0,0.0033443121802494789,0.0011191163794485031,0,0.0033232546104038194,0.0011124388647537425,0,2.1057569845659448e-05,6.6775146947606823e-06,0
22,t14_n28_irregular_level2,15,-0.92813923880751703,-1.3216036809061396,0,-0.0049598175610907512,-0.0083269525675541585,0,-0.0050283235556582671,-0.0084424083202609152,0,-0.0050283235556582671,-0.0084424083202609152,0,-0.004992361771368135,-0.0083811260066797375,0,-3.5961784290132069e-05,-6.1282313581176895e-05,0
22,t14_n28_irregular_level2,16,10.766840013404067,0.52114555308800348,0,0.0047930754908530769,0.0010019062591193166,0,0.0048314187566328385,0.0010079731997444852,0,0.0048314187566328385,0.0010079731997444852,0,0.0048073069519685083,0.0010028440121428379,0,2.4111804664329891e-05,5.1291876016472528e-06,0
22,t14_n28_irregular_level2,17,17.420941045914095,1.3030535230426654,0,-0.0083078181780966657,8.5873539601712768e-05,0,-0.0083812207189543474,8.2176703928584727e-05,0,-0.0083812207189543474,8.2176703928584727e-05,0,-0.0083432269539611779,8.1883912749191172e-05,0,-3.7993764993170034e-05,2.9279117939355639e-07,0
22,t14_n28_irregular_level2,18,-13.030266722185083,7.3911084777655942,0,0.0043192244230848024,-0.0026403098992650031,0,0.0043644960197556457,-0.0026688348877295085,0,0.0043644960197556457,-0.0026688348877295085,0,0.0043425818205704283,-0.0026554842091214281,0,2.1914199185217749e-05,-1.3350678608080539e-05,0
22,t14_n28_irregular_level2,19,-4.9309414922586523,7.0635751737132066,0,-0.0017875327230685507,-0.0025010586026707883,0,-0.0018019345266710482,-0.0025349100116751188,0,-0.0018019345266710482,-0.0025349100116751188,0,-0.0017922899096867091,-0.0025201510240086791,0,-9.6446169843390458e-06,-1.4758987666439477e-05,0
22,t14_n28_irregular_level2,20,4.2834081636669898,9.1560356418060618,0,-0.0023148734606534336,0.0037897459080485653,0,-0.002341363007154435,0.0038256713145860136,0,-0.002341363007154435,0.0038256713145860136,0,-0.0023287179083591077,0.0038062224994326764,0,-1.264509879532744e-05,1.9448815153337399e-05,0
22,t14_n28_irregular_level2,21,15.157502036905598,9.012601353402605,0,-0.0026628700260169775,-0.0041900424969764059,0,-0.0026836594171368139,-0.0042200664130768329,0,-0.0026836594171368139,-0.0042200664130768329,0,-0.0026742444647944209,-0.00420581119413655,0,-9.4149523423928291e-06,-1.4255218940282748e-05,0
22,t14_n28_irregular_level2,22,-10.695488179112617,15.059219601675959,0,0.0019813716282319222,-0.0046252043978665894,0,0.0019956676087266086,-0.0046616805938393367,0,0.0019956676087266086,-0.0046616805938393367,0,0.0019889917280662079,-0.004646254037090289,0,6.6758806604007495e-06,-1.5426556749048069e-05,0
22,t14_n28_irregular_level2,23,1.3587013377909412,15.666355062347476,0,0.005651268286994803,-0.0020756676877386276,0,0.0057090669321326545,-0.0021029196458872803,0,0.0057090669321326545,-0.0021029196458872803,0,0.0056775592967195816,-0.0020901393011748771,0,3.1507635413073146e-05,-1.2780344712403083e-05,0
22,t14_n28_irregular_level2,24,8.5474966296555621,17.589878514385664,0,-0.0095071745338533714,0.0028706798232878182,0,-0.0095959619117045782,0.0028937788001475876,0,-0.0095959619117045782,0.0028937788001475876,0,-0.0095477234668608496,0.0028793694640868823,0,-4.8238444843728125e-05,1.4409336060705386e-05,0
22,t14_n28_irregular_level2,25,-4.458847389790928,24.656594290007078,0,0.0030423122688826134,-0.00058803594715810042,0,0.0030591332649469393,-0.00059930334453486063,0,0.0030591332649469393,-0.00059930334453486063,0,0.0030511309166180857,-0.00059688589756612409,0,8.0023483288538037e-06,-2.4174469687365363e-06,0
22,t14_n28_irregular_level2,26,5.2976278981197629,22.967170121048991,0,0.00070879039039977332,-0.0099457334716455299,0,0.00072099120210209876,-0.010037025935120864,0,0.00072099120210209876,-0.010037025935120864,0,0.00071710935523105926,-0.0099923045771271608,0,3.8818468710395066e-06,-4.4721357993703252e-05,0
22,t14_n28_irregular_level2,27,-1.0968120610782508,32.494296705351545,0,-0.00044262504300901354,-0.0038534451722693668,0,-0.00044301483144273246,-0.0038677306026798502,0,-0.00044301483144273246,-0.0038677306026798502,0,-0.00044242105270342791,-0.0038620516496540263,0,-5.9377873930453777e-07,-5.6789530258237136e-06,0
23,t14_n28_irregular_level3,0,-22.177162467522994,-13.322578869123804,0,0.0063110271066466883,0.0048007391604011559,0,0.0063717565429548114,0.0048432507962137055,0,0.0063717565429548114,0.0048432507962137055,0,0.0063538127766470881,0.0048296817211597211,0,1.7943766307723275e-05,1.3569075053984229e-05,0
23,t14_n28_irregular_level3,1,-13.659058371722079,-12.026115577414737,0,0.0066689699459263367,0.015470679277855089,0,0.0068253858743610755,0.015733970221732636,0,0.0068253858743610755,0.015733970221732636,0,0.0067694826573219107,0.01561021281237336,0,5.590321703916514e-05,0.00012375740935927619,0
23,t14_n28_irregular_level3,2,-7.0134282172283937,-11.259651745273795,0,-0.0028262238551985028,0.013335066456508581,0,-0.0028708535442658846,0.013632110116911842,0,-0.0028708535442658846,0.013632110116911842,0,-0.002841415963342604,0.013499448066103521,0,-2.943758092328065e-05,0.00013266205080832147,0
23,t14_n28_irregular_level3,3,-0.55075660736524956,-12.728629467354359,0,-0.0038884014360280536,0.011573422464432525,0,-0.0039544905073827536,0.011799665439377667,0,-0.0039544905073827536,0.011799665439377667,0,-0.0039248713060979325,0.011712152550008004,0,-2.9619201284820963e-05,8.7512889369662495e-05,0
23,t14_n28_irregular_level3,4,8.0984249124218071,-13.164458187535381,0,0.014017115761135611,0.013904195686227992,0,0.014307954438060539,0.014183562846225142,0,0.014307954438060539,0.014183562846225142,0,0.01418369286378024,0.014065621937263528,0,0.0001242615742802986,0.00011794090896161523,0
23,t14_n28_irregular_level3,5,13.177568587195463,-11.597384847307321,0,-0.019601889281126345,0.028388756621473603,0,-0.020057610101497033,0.029124718042514392,0,-0.020057610101497033,0.029124718042514392,0,-0.019817350532623151,0.028763729792324826,0,-0.00024025956887388316,0.00036098825018956624,0
23,t14_n28_irregular_level3,6,22.197930876126655,-11.514270440970254,0,-0.0074501681252574174,0.0041331751233942933,0,-0.0075410765298780102,0.0041797325762961213,0,-0.0075410765298780102,0.0041797325762961213,0,-0.0075180292221309923,0.0041668912031602653,0,-2.3047307747017693e-05,1.2841373135855758e-05,0
23,t14_n28_irregular_level3,7,-18.128044351648896,-6.9510654681005848,0,0.010158592759509172,-0.0054665212737694579,0,0.010328287439395728,-0.0055173765360036426,0,0.010328287439395728,-0.0055173765360036426,0,0.010263861756397525,-0.0054844573633521703,0,6.4425682998203249e-05,-3.2919172651472269e-05,0
23,t14_n28_irregular_level3,8,-10.760044423403194,-6.6772549620901493,0,0.0044552342194604669,-0.0085202137474330759,0,0.0046062811891348365,-0.0086638748995350214,0,0.0046062811891348365,-0.0086638748995350214,0,0.0045543292831295218,-0.0085679825629062477,0,5.1951906005314748e-05,-9.5892336628773938e-05,0
23,t14_n28_irregular_level3,9,-2.8447325035690714,-5.1531031892337973,0,0.017383112390468008,0.023036448553391844,0,0.017950602039002828,0.023840400618794513,0,0.017950602039002828,0.023840400618794513,0,0.017653120908497653,0.02344308229948015,0,0.00029748113050517616,0.00039731831931436317,0
23,t14_n28_irregular_level3,10,2.5887203905218445,-5.7699672926456431,0,-0.018693462657676786,0.009795944139261499,0,-0.019234262030464265,0.010100723762667217,0,-0.019234262030464265,0.010100723762667217,0,-0.01898836324500864,0.0099717648138908776,0,-0.00024589878545562424,0.00012895894877633816,0
23,t14_n28_irregular_level3,11,11.734804465906462,-7.1552762982973563,0,0.016652972014768789,-0.020359821875582509,0,0.017042011003398184,-0.020905679929693895,0,0.017042011003398184,-0.020905679929693895,0,0.016810238068959333,-0.020610269397506268,0,0.00023177293443884948,-0.00029541053218762596,0
23,t14_n28_irregular_level3,12,16.990267224624283,-6.2266091012796974,0,-0.02107038532189778,-0.0078736799340221337,0,-0.021549225460039494,-0.0080173009846671132,0,-0.021549225460039494,-0.0080173009846671132,0,-0.021351708556443562,-0.0079467486415255219,0,-0.00019751690359593371,-7.0552343141591772e-05,0
23,t14_n28_irregular_level3,13,-13.840216029137583,1.0986625731870501,0,0.015490922013369872,0.0019312853328681127,0,0.015795753777291886,0.0019764408812145366,0,0.015795753777291886,0.0019764408812145366,0,0.015669570357618155,0.0019586046991817764,0,0.00012618341967373295,1.7836182032760044e-05,0
23,t14_n28_irregular_level3,14,-6.8186098381428941,-0.094761183840565394,0,0.0093015394559300517,0.0033478743045741092,0,0.009620996711949565,0.0034055067690456119,0,0.009620996711949565,0.0034055067690456119,0,0.0094890893761541088,0.00336024266058371,0,0.00013190733579545609,4.5264108461902117e-05,0
23,t14_n28_irregular_level3,15,-0.7039915223436205,-1.002433415541649,0,-0.014541950483977464,-0.024667775237936253,0,-0.015018268777506396,-0.025488383292909759,0,-0.015018268777506396,-0.025488383292909759,0,-0.014774778933223464,-0.025064807291985545,0,-0.000243489844282932,-0.00042357600092421556,0
23,t14_n28_irregular_level3,16,8.1666239018243587,0.39528772832878561,0,0.014527273550433317,0.0030608321640889151,0,0.014830516787623505,0.0031119123072842745,0,0.014830516787623505,0.0031119123072842745,0,0.01465339923246858,0.0030751443587642988,0,0.00017711755515492387,3.6767948519975551e-05,0
23,t14_n28_irregular_level3,17,13.213744549070775,0.9883631625796041,0,-0.023849187206975778,0.00057174668943081098,0,-0.024369000551606429,0.00055680244275197117,0,-0.024369000551606429,0.00055680244275197117,0,-0.024112595880821153,0.00055095716597883834,0,-0.00025640467078527672,5.8452767731328716e-06,0
23,t14_n28_irregular_level3,18,-9.8834279628995247,5.6061391346348692,0,0.011965449172038112,-0.0073156392877262591,0,0.012263183095163376,-0.007502838224527077,0,0.012263183095163376,-0.007502838224527077,0,0.012126220883079186,-0.0074191338329275547,0,0.00013696221208418894,-8.3704391599521944e-05,0
23,t14_n28_irregular_level3,19,-3.74010801674812,5.3577058611592987,0,-0.0054747238886935648,-0.007040099312154091,0,-0.0055886896995471017,-0.0072584966331153264,0,-0.0055886896995471017,-0.0072584966331153264,0,-0.005518244619377762,-0.0071666871959909714,0,-7.0445080169339314e-05,-9.180943712435512e-05,0
23,t14_n28_irregular_level3,20,3.2489554453417355,6.9448324137109978,0,-0.0065601093666359748,0.011353520225296083,0,-0.0067352044436135858,0.011621025076736241,0,-0.0067352044436135858,0.011621025076736241,0,-0.0066544310798533285,0.011481256460181347,0,-8.0773363760257288e-05,0.00013976861655489459,0
23,t14_n28_irregular_level3,21,11.496931158300768,6.8360378289898973,0,-0.0070857169172755296,-0.0119036941750786,0,-0.0072202814422694158,-0.012118478433253916,0,-0.0072202814422694158,-0.012118478433253916,0,-0.0071652091326586363,-0.012022724903719365,0,-5.5072309610779218e-05,-9.5753529534550055e-05,0
23,t14_n28_irregular_level3,22,-8.1125036962080284,11.422384152524083,0,0.0051545772662274303,-0.013109796893485896,0,0.0052458687393329784,-0.013362937975172368,0,0.0052458687393329784,-0.013362937975172368,0,0.0052077922505650021,-0.013260905292218085,0,3.8076488767976585e-05,-0.0001020326829542844,0
23,t14_n28_irregular_level3,23,1.0305719047399589,11.882895032094359,0,0.016648231804345156,-0.0058328077782949248,0,0.017063250640617256,-0.0060058185879557193,0,0.017063250640617256,-0.0060058185879557193,0,0.016847725249041653,-0.0059277706989217848,0,0.00021552539157560399,-7.8047889033934883e-05,0
23,t14_n28_irregular_level3,24,6.4832569435048963,13.341883238437019,0,-0.0274123695668579,0.0089170733838333585,0,-0.028048974500289973,0.0091149963200011005,0,-0.028048974500289973,0.0091149963200011005,0,-0.027719936981120189,0.0089977520607142144,0,-0.00032903751916978503,0.00011724425928688561,0
23,t14_n28_irregular_level3,25,-3.3820257032444849,18.701971239070641,0,0.0085183200797401236,-0.0014559959005508907,0,0.008639682474606291,-0.0015254801852408325,0,0.008639682474606291,-0.0015254801852408325,0,0.0085859779135691525,-0.0015147459845387225,0,5.3704561037137923e-05,-1.0734200702109872e-05,0
23,t14_n28_irregular_level3,26,4.0182388297676628,17.420546811721803,0,0.0025470876821240508,-0.028949384405015273,0,0.0026487270097786571,-0.029614973585942977,0,0.0026487270097786571,-0.029614973585942977,0,0.0026098612007393503,-0.02930234922926489,0,3.8865809039306924e-05,-0.00031262435667808779,0
23,t14_n28_irregular_level3,27,-0.83192947816254759,24.646850869570684,0,-0.0013458371145220964,-0.011125329761988585,0,-0.0013523417543157394,-0.011243313687105513,0,-0.0013523417543157394,-0.011243313687105513,0,-0.001347176788283516,-0.011201796382671662,0,-5.1649660322233026e-06,-4.1517304433851808e-05,0
24,t14_n28_irregular_level4,0,-16.196653389266153,-9.7298828247462747,0,0.020542343953195534,0.015777717583793024,0,0.021087801129184444,0.0161679236548458,0,0.021087801129184444,0.0161679236548458,0,0.020923226486465642,0.016040421061719778,0,0.00016457464271880321,0.00012750259312602156,0
24,t14_n28_irregular_level4,1,-9.9756239958342299,-8.7830364191941879,0,0.021891495589420617,0.0516454754132522,0,0.023229725842088021,0.053985294385954771,0,0.023229725842088021,0.053985294385954771,0,0.022735807410309228,0.052894989579956281,0,0.00049391843177879239,0.001090304805998487,0
24,t14_n28_irregular_level4,2,-5.122119029938939,-8.2232646700907921,0,-0.010388572504239526,0.043837903308093826,0,-0.010899438867870714,0.046365018505988877,0,-0.010899438867870714,0.046365018505988877,0,-0.010593604569581106,0.04524383603124163,0,-0.00030583429828960753,0.0011211824747472436,0
24,t14_n28_irregular_level4,3,-0.40223423011877468,-9.2961035887728034,0,-0.013368649613701935,0.037367027402429365,0,-0.013961409474399201,0.039241001984071502,0,-0.013961409474399201,0.039241001984071502,0,-0.013693143183831592,0.038526353426865778,0,-0.00026826629056760933,0.00071464855720572407,0
24,t14_n28_irregular_level4,4,5.9145249757528804,-9.6144025022698223,0,0.048954575337440812,0.045734909562828184,0,0.051786197696303625,0.048214669397085519,0,0.051786197696303625,0.048214669397085519,0,0.05055275308371654,0.047185068897744237,0,0.0012334446125870856,0.0010296004993412791,0
24,t14_n28_irregular_level4,5,9.6239774241923204,-8.469921382811787,0,-0.066797041736646107,0.096605374623486312,0,-0.071094554531166185,0.10371293693404716,0,-0.071094554531166185,0.10371293693404716,0,-0.068856695872406823,0.10021690353655477,0,-0.0022378586587593562,0.0034960333974923996,0
24,t14_n28_irregular_level4,6,16.211821187044283,-8.4092204147295337,0,-0.024217184073939812,0.013572496042012891,0,-0.025017810487625677,0.013987097938274977,0,-0.025017810487625677,0.013987097938274977,0,-0.024806877538001416,0.013867537727068615,0,-0.00021093294962426143,0.00011956021120636186,0
24,t14_n28_irregular_level4,7,-13.239459800994794,-5.0765736255841638,0,0.03305103135492473,-0.018956955631397297,0,0.03449899818608361,-0.01947563524441967,0,0.03449899818608361,-0.01947563524441967,0,0.033949559557018977,-0.019169061296360795,0,0.00054943862906463021,-0.00030657394805887661,0
24,t14_n28_irregular_level4,8,-7.858386312233792,-4.8766015206458029,0,0.013948409357560329,-0.030313273552877242,0,0.015154570965862183,-0.031757288400191805,0,0.015154570965862183,-0.031757288400191805,0,0.014737931716030201,-0.030860953672287576,0,0.00041663924983198128,-0.00089633472790422869,0
24,t14_n28_irregular_level4,9,-2.0775943005766235,-3.7634673217264809,0,0.060028587727547447,0.078849721316279126,0,0.065416134646522073,0.086404524043340786,0,0.065416134646522073,0.086404524043340786,0,0.06260595058193566,0.082644794611936453,0,0.002810184064586406,0.003759729431404334,0
24,t14_n28_irregular_level4,10,1.8906209010467294,-4.2139818582851349,0,-0.064067291622019781,0.032722216231890887,0,-0.068987999121219307,0.035401665546060015,0,-0.068987999121219307,0.035401665546060015,0,-0.066741879043519858,0.034261194326310022,0,-0.002246120077699447,0.0011404712197499902,0
24,t14_n28_irregular_level4,11,8.5702830920518629,-5.2257149794374831,0,0.058988204675260773,-0.07145848538206144,0,0.062916362650462465,-0.077048200723229446,0,0.062916362650462465,-0.077048200723229446,0,0.060679543593052658,-0.074104102249586717,0,0.0022368190574098084,-0.0029440984736427227,0
24,t14_n28_irregular_level4,12,12.408506707349943,-4.5474812006074199,0,-0.070801268756939109,-0.027312210801229534,0,-0.075181498700863283,-0.028725421780030323,0,-0.075181498700863283,-0.028725421780030323,0,-0.073342271270414386,-0.028055998296658897,0,-0.0018392274304488989,-0.00066942348337142496,0
24,t14_n28_irregular_level4,13,-10.107928919436029,0.802386550386192,0,0.051012060721775394,0.0073543966484089793,0,0.053607947743893075,0.0078043401784647463,0,0.053607947743893075,0.0078043401784647463,0,0.052530940025799472,0.0076082088298466835,0,0.0010770077180936061,0.00019613134861806258,0
24,t14_n28_irregular_level4,14,-4.9798372675842026,-0.069206962417748499,0,0.030874835865313106,0.011687161905097746,0,0.033616636982240815,0.012216012064175016,0,0.033616636982240815,0.012216012064175016,0,0.032481764381638252,0.011821997153880822,0,0.0011348726006025656,0.00039401491029419412,0
24,t14_n28_irregular_level4,15,-0.5141463292736107,-0.73210748224092925,0,-0.05023557245213222,-0.085704436904851813,0,-0.054678859279064365,-0.09359413597140688,0,-0.054678859279064365,-0.09359413597140688,0,-0.052415591938825071,-0.089539277006972257,0,-0.0022632673402392966,-0.0040548589644346308,0
24,t14_n28_irregular_level4,16,5.9643327631318543,0.28869059935632208,0,0.051645400597005495,0.01079319815427209,0,0.054708768649655473,0.011312616758158926,0,0.054708768649655473,0.011312616758158926,0,0.053001390760954468,0.010970861601735203,0,0.0017073778887010025,0.00034175515642372159,0
24,t14_n28_irregular_level4,17,9.6503978247451787,0.72183155038268243,0,-0.080368830783526177,0.0025974486087887022,0,-0.08510111602630617,0.0025126838431184842,0,-0.08510111602630617,0.0025126838431184842,0,-0.082766829235838904,0.0024458734626506759,0,-0.0023342867904672594,6.6810380467808292e-05,0
24,t14_n28_irregular_level4,18,-7.2181667626455317,4.0943331929255216,0,0.039233285088056874,-0.024022160777517617,0,0.041744959139375204,-0.025605120778548412,0,0.041744959139375204,-0.025605120778548412,0,0.040594674632381637,-0.024899525568341248,0,0.0011502845069935662,-0.00070559521020716412,0
24,t14_n28_irregular_level4,19,-2.7315141544548966,3.9128948494612863,0,-0.019597847878463484,-0.023305846135601178,0,-0.020720165254026913,-0.025145254366778821,0,-0.020720165254026913,-0.025145254366778821,0,-0.020063132544693076,-0.024366368668914423,0,-0.00065703270933383743,-0.00077888569786439821,0
24,t14_n28_irregular_level4,20,2.3728105569155082,5.0720214371943095,0,-0.021983539731931182,0.040172627473161686,0,-0.023495407133712492,0.042747255073574422,0,-0.023495407133712492,0.042747255073574422,0,-0.022791586720029216,0.041431480982827777,0,-0.00070382041368327586,0.001315774090746642,0
24,t14_n28_irregular_level4,21,8.3965570114728063,4.9925654571095119,0,-0.022266321567814006,-0.039850358381026969,0,-0.023342458265170552,-0.041760418408302746,0,-0.023342458265170552,-0.041760418408302746,0,-0.022918317452795434,-0.040919285928675733,0,-0.00042414081237511893,-0.00084113247962701526,0
24,t14_n28_irregular_level4,22,-5.9248071379303795,8.3421130754850186,0,0.015996244442656567,-0.043506115288989983,0,0.0167169876688931,-0.045685490688405689,0,0.0167169876688931,-0.045685490688405689,0,0.016430842369990303,-0.044798119567465315,0,0.00028614529890279809,-0.0008873711209403714,0
24,t14_n28_irregular_level4,23,0.75265787308150911,8.6784381174875147,0,0.05764560168247692,-0.018741987847413204,0,0.061526087954045738,-0.02013074660282348,0,0.061526087954045738,-0.02013074660282348,0,0.059562486007793673,-0.019475544041547676,0,0.0019636019462520669,-0.00065520256127580298,0
24,t14_n28_irregular_level4,24,4.7349188924091568,9.743981390291907,0,-0.093295688425996767,0.032740092470444349,0,-0.099285539880576409,0.035046701169652597,0,-0.099285539880576409,0.035046701169652597,0,-0.096242269981912779,0.033747487854298215,0,-0.0030432698986636365,0.001299213315354385,0
24,t14_n28_irregular_level4,25,-2.4699957963178605,13.658615988354802,0,0.028410128312302531,-0.0032632114680400705,0,0.029490916037050081,-0.0037483196161003729,0,0.029490916037050081,-0.0037483196161003729,0,0.029023075912590745,-0.0036936878957233867,0,0.00046784012445933744,-5.4631720376986151e-05,0
24,t14_n28_irregular_level4,26,2.9346415104432606,12.72275292089962,0,0.0099413521923257774,-0.098288325696665957,0,0.011122394157180374,-0.10463430117804284,0,0.011122394157180374,-0.10463430117804284,0,0.010599057690132429,-0.10162791706400279,0,0.00052333646704794546,-0.0030063841140400586,0
24,t14_n28_irregular_level4,27,-0.60758329303148373,18.000341624225669,0,-0.0047757477499128049,-0.036734398876567043,0,-0.0048583211385688045,-0.037809523032486005,0,-0.0048583211385688045,-0.037809523032486005,0,-0.0048025227630156724,-0.037422040488152605,0,-5.5798375553132412e-05,-0.0003874825443333975,0
